id,tenant_id,name,domain,industry,company_size,annual_revenue,founded_year,headquarters,description,website,phone,address,city,state,country,postal_code,timezone,is_customer,tags,created_at,created_by
51799094-b05c-4065-8cb7-c74a325090ce,6e2684b5-dd18-4549-8440-7276b577d2b5,Velocity Labs Co,velocitylabsco.com,Consulting,1000+,435204959.81,1987,"Albuquerque, WI",A leading company in the finance sector.,https://velocitylabsco.com,+16899514076,3796 Elm Rd,Albuquerque,MA,CA,61717,UTC,True,[],2026-05-16T16:43:36.926460,1f599b2d-4c19-4c7e-91e2-f8655b60b03d
3000df05-cf42-468a-bbf7-323afb9bc7c9,6e2684b5-dd18-4549-8440-7276b577d2b5,Bronze Gate Partners,bronzegatepartners.com,Automotive,201-500,411217529.75,2003,"San Francisco, TX",A leading company in the marketing sector.,https://bronzegatepartners.com,+14024977737,9298 Pine Rd,San Francisco,NC,CA,93283,US/Pacific,False,"['churned', 'content_downloader']",2025-06-04T08:23:45.926524,8b51f21b-0da9-4139-8f04-0ef4187ce705
1d0f3655-e497-49d1-89f7-b64a85018ff5,6e2684b5-dd18-4549-8440-7276b577d2b5,CloudPeak Analytics Corp,cloudpeakanalyticscorp.com,Education,1-10,117438276.21,2014,"Tucson, TX",A leading company in the hospitality sector.,https://cloudpeakanalyticscorp.com,+13948385094,8950 Elm Rd,Tucson,TX,GB,64379,UTC,False,"['upsell', 'enterprise', 'seasonal']",2026-02-19T11:13:02.926568,58f39eeb-75cb-4ef4-96ba-4a30c22a7a1e
2602d07a-905a-44c6-9967-13357a05e41c,6e2684b5-dd18-4549-8440-7276b577d2b5,SwiftScale LLC,swiftscalellc.com,Education,1000+,183699112.5,2021,"Boston, TX",A leading company in the healthcare sector.,https://swiftscalellc.com,+13709996749,3209 Main Dr,Boston,PA,DE,94109,UTC,True,"['renewal', 'cold_lead']",2025-09-03T05:48:17.926615,eb9f903e-4cd4-462b-9c0c-0720da83cfc0
1785b2a6-f8f1-44bc-a2e0-410d4846811e,6e2684b5-dd18-4549-8440-7276b577d2b5,Silver Stream Group,silverstreamgroup.com,Automotive,11-50,406535837.91,1994,"Columbus, OK",A leading company in the manufacturing sector.,https://silverstreamgroup.com,+19682166412,9864 Main Blvd,Columbus,CA,GB,80807,US/Central,False,[],2025-03-03T08:06:20.926649,8b51f21b-0da9-4139-8f04-0ef4187ce705
50e1f99c-b099-47c4-8af5-6780bbd0174e,6e2684b5-dd18-4549-8440-7276b577d2b5,Apex Health Co,apexhealthco.com,Automotive,51-200,7939752.7,1996,"Indianapolis, TX",A leading company in the manufacturing sector.,https://apexhealthco.com,+15185654811,8719 Main St,Indianapolis,NM,BR,57453,UTC,False,['referral_partner'],2025-03-22T03:17:48.926906,71030eb2-1621-4863-8e2d-b6184abb7f32
9f0fadba-1c00-4c53-95ea-575d853d86fd,6e2684b5-dd18-4549-8440-7276b577d2b5,Vanguard Systems Ltd,vanguardsystemsltd.com,Technology,1-10,499293448.21,2005,"Long Beach, KY",A leading company in the education sector.,https://vanguardsystemsltd.com,+18400655972,7367 Main St,Long Beach,TN,MX,29442,UTC,True,"['webinar_attendee', 'referral_partner']",2026-08-02T14:02:37.926982,58f39eeb-75cb-4ef4-96ba-4a30c22a7a1e
59147001-5885-4696-8b40-6ad538b9654e,6e2684b5-dd18-4549-8440-7276b577d2b5,Coral Health Group,coralhealthgroup.com,Education,1000+,57251315.51,2021,"Louisville, CA",A leading company in the insurance sector.,https://coralhealthgroup.com,+19390951149,3622 Elm Dr,Louisville,NC,IN,54424,US/Pacific,False,[],2025-12-22T18:50:41.927034,6339ef1b-ca56-4fa5-9ddb-36a79ac9d12f
a85375e1-e6d3-4c09-9f60-72605e2f471b,6e2684b5-dd18-4549-8440-7276b577d2b5,Copper Systems Corp,coppersystemscorp.com,Manufacturing,1000+,461496368.62,1984,"Boston, PA",A leading company in the finance sector.,https://coppersystemscorp.com,+12400420225,1682 Pine Ave,Boston,GA,US,86869,US/Central,False,"['demo', 'win_back', 'content_downloader']",2025-03-29T13:46:45.927075,7675c849-0f1f-4fa3-923c-f392ea4a2f35
46b9888f-7f59-4f91-89a2-576ee9d3c2a2,6e2684b5-dd18-4549-8440-7276b577d2b5,Vanguard Systems Corp,vanguardsystemscorp.com,Automotive,500+,106408765.9,2022,"San Antonio, NM",A leading company in the marketing sector.,https://vanguardsystemscorp.com,+15639017775,5836 Cedar Blvd,San Antonio,CA,FR,85248,US/Eastern,False,[],2025-11-05T04:21:39.927113,d53e375b-e751-4c1c-9dd2-2c198336f144
ef32987c-2b70-4c50-ac02-f1af0e14ce56,6e2684b5-dd18-4549-8440-7276b577d2b5,Atlas Computing Partners,atlascomputingpartners.com,Consulting,51-200,175544159.2,1991,"New Orleans, CA",A leading company in the automotive sector.,https://atlascomputingpartners.com,+14823273703,1240 Oak St,New Orleans,PA,JP,38197,US/Pacific,False,"['nurture', 'demo']",2025-12-21T15:07:02.927146,9d990953-1d48-4691-9104-88f3d84dc63c
cfdfb271-373e-48aa-be1d-f0aabe7ab2fb,6e2684b5-dd18-4549-8440-7276b577d2b5,Pearl Analytics Group,pearlanalyticsgroup.com,Healthcare,11-50,78747078.06,2019,"Philadelphia, TX",A leading company in the finance sector.,https://pearlanalyticsgroup.com,+13168672809,7047 Elm Rd,Philadelphia,MD,IN,45804,US/Eastern,False,[],2026-01-24T18:57:34.927176,f26bd177-029d-4863-993c-dfebe5004897
155bec1e-0ca5-454c-b036-56ef7b11ea62,6e2684b5-dd18-4549-8440-7276b577d2b5,Prism Technologies Partners,prismtechnologiespartners.com,Automotive,201-500,263490706.87,1999,"Oakland, IL",A leading company in the marketing sector.,https://prismtechnologiespartners.com,+17992610633,9919 Main St,Oakland,OH,FR,37686,US/Eastern,False,"['trial', 'hot_lead']",2025-02-12T21:24:58.927205,7223e10a-b124-4a7f-a342-f0f59020ba2f
c5327e38-2eff-4745-bcf6-ecad20945f45,6e2684b5-dd18-4549-8440-7276b577d2b5,BrightStar Inc LLC,brightstarincllc.com,Hospitality,500+,351850448.13,2012,"Dallas, GA",A leading company in the transportation sector.,https://brightstarincllc.com,+12309561891,793 Elm St,Dallas,WI,CA,51033,US/Pacific,False,"['cross_sell', 'hot_lead', 'webinar_attendee']",2025-02-26T15:07:53.927252,d53e375b-e751-4c1c-9dd2-2c198336f144
7a935d81-463a-4943-9ad7-3b0b31c8c3a9,6e2684b5-dd18-4549-8440-7276b577d2b5,Crystal Corp Group,crystalcorpgroup.com,Transportation,1-10,218384054.2,1986,"Milwaukee, IN",A leading company in the media sector.,https://crystalcorpgroup.com,+14529182928,8684 Main Dr,Milwaukee,DC,AU,39041,US/Central,False,[],2026-07-13T02:21:43.927287,f26bd177-029d-4863-993c-dfebe5004897
4002f4bf-10ab-4384-ae33-6e350c43547e,6e2684b5-dd18-4549-8440-7276b577d2b5,Ember Labs Group,emberlabsgroup.com,Transportation,51-200,363703183.88,2021,"Fort Worth, CA",A leading company in the marketing sector.,https://emberlabsgroup.com,+12441542090,4293 Oak Ave,Fort Worth,NE,GB,95918,UTC,True,"['pricing_page', 'existing_customer', 'win_back']",2026-01-02T02:08:35.927317,6339ef1b-ca56-4fa5-9ddb-36a79ac9d12f
127448fe-debe-47ea-b75b-ceb487ae2805,6e2684b5-dd18-4549-8440-7276b577d2b5,RedRock Ventures Ltd,redrockventuresltd.com,Agriculture,201-500,315710990.76,1997,"Phoenix, CO",A leading company in the healthcare sector.,https://redrockventuresltd.com,+17806547619,1315 Pine Dr,Phoenix,MD,US,17456,US/Central,False,[],2025-05-09T01:41:55.927345,7675c849-0f1f-4fa3-923c-f392ea4a2f35
978890c1-29da-4d53-b8e1-b3da2c6dd03c,6e2684b5-dd18-4549-8440-7276b577d2b5,Coral Health Ltd,coralhealthltd.com,Automotive,500+,477118026.79,1982,"Milwaukee, MD",A leading company in the automotive sector.,https://coralhealthltd.com,+14799620568,5367 Cedar Dr,Milwaukee,CA,GB,18109,US/Pacific,True,"['seasonal', 'startup']",2026-07-07T02:49:54.927374,d53e375b-e751-4c1c-9dd2-2c198336f144
ce0d981f-b498-4143-a9ce-a2bd998c9f91,6e2684b5-dd18-4549-8440-7276b577d2b5,CloudPeak Analytics LLC,cloudpeakanalyticsllc.com,Telecommunications,201-500,262058073.16,2019,"Tulsa, TX",A leading company in the transportation sector.,https://cloudpeakanalyticsllc.com,+17896354366,4734 Elm Dr,Tulsa,KS,AU,98984,UTC,False,"['startup', 'trial']",2025-05-12T23:37:18.927403,1f599b2d-4c19-4c7e-91e2-f8655b60b03d
56b83acc-13a1-45a4-b942-6a153d7d5cda,6e2684b5-dd18-4549-8440-7276b577d2b5,Fusion Analytics Corp,fusionanalyticscorp.com,Aerospace,11-50,166714349.93,2017,"San Francisco, VA",A leading company in the manufacturing sector.,https://fusionanalyticscorp.com,+15937396035,5182 Elm Ave,San Francisco,NE,CA,50577,US/Pacific,False,"['cold_lead', 'win_back']",2026-07-29T06:42:34.927431,1f599b2d-4c19-4c7e-91e2-f8655b60b03d
5db97467-f830-498d-8186-96ee4716ca76,6e2684b5-dd18-4549-8440-7276b577d2b5,Copper Systems Ltd,coppersystemsltd.com,Transportation,1-10,181330704.61,1991,"Fresno, OH",A leading company in the energy sector.,https://coppersystemsltd.com,+14088517710,3811 Oak Ave,Fresno,AZ,FR,23256,UTC,False,['referral_partner'],2026-02-25T08:55:23.927459,d53e375b-e751-4c1c-9dd2-2c198336f144
1e0bef27-abae-4ac0-b406-9504780a15af,6e2684b5-dd18-4549-8440-7276b577d2b5,Zenith Partners Co,zenithpartnersco.com,Aerospace,11-50,360605439.75,1982,"Minneapolis, TN",A leading company in the transportation sector.,https://zenithpartnersco.com,+19199923909,3991 Elm Rd,Minneapolis,CO,BR,40671,US/Eastern,False,"['at_risk', 'demo', 'win_back']",2026-05-02T20:06:58.927486,9d990953-1d48-4691-9104-88f3d84dc63c
724f6b34-6a69-48c1-b40d-5c7ad4fa9216,6e2684b5-dd18-4549-8440-7276b577d2b5,Prism Technologies Co,prismtechnologiesco.com,Construction,500+,209359480.32,1990,"Portland, TX",A leading company in the aerospace sector.,https://prismtechnologiesco.com,+16889384456,4196 Main Dr,Portland,MA,JP,23446,UTC,True,['upsell'],2026-05-11T21:59:51.927513,d53e375b-e751-4c1c-9dd2-2c198336f144
d3b3cad1-f6b0-4d82-9aed-cf9cb39373cd,6e2684b5-dd18-4549-8440-7276b577d2b5,BrightStar Inc Inc,brightstarincinc.com,Telecommunications,51-200,465239439.97,2006,"Charlotte, TX",A leading company in the hospitality sector.,https://brightstarincinc.com,+14156104136,3962 Elm St,Charlotte,MA,DE,13694,US/Central,False,"['cold_lead', 'enterprise']",2025-11-25T20:30:30.927542,7223e10a-b124-4a7f-a342-f0f59020ba2f
68a44661-af94-4f98-9a01-bc4d887eaec5,6e2684b5-dd18-4549-8440-7276b577d2b5,GreenField Capital Co,greenfieldcapitalco.com,Agriculture,201-500,307693361.17,1985,"Tulsa, CA",A leading company in the legal sector.,https://greenfieldcapitalco.com,+17221197357,2549 Cedar Rd,Tulsa,AZ,IN,24573,US/Central,True,[],2025-03-25T11:59:17.927568,876017f1-7629-48e0-9ce9-20b44276c7d6
72ca8fdb-e86e-42e4-8393-b92185669c77,6e2684b5-dd18-4549-8440-7276b577d2b5,Opal Solutions Co,opalsolutionsco.com,Telecommunications,1-10,55473404.75,2011,"Raleigh, NE",A leading company in the insurance sector.,https://opalsolutionsco.com,+16365556580,8543 Cedar Ave,Raleigh,OK,GB,48177,US/Pacific,True,"['renewal', 'existing_customer']",2026-04-07T10:07:36.927613,1f599b2d-4c19-4c7e-91e2-f8655b60b03d
0e940056-b380-438d-bfd2-fe0ba89ef977,6e2684b5-dd18-4549-8440-7276b577d2b5,Copper Systems Inc,coppersystemsinc.com,Transportation,1-10,476704168.81,2014,"Mesa, CA",A leading company in the construction sector.,https://coppersystemsinc.com,+14380064537,6497 Elm St,Mesa,FL,IN,58929,US/Central,False,"['startup', 'demo']",2025-10-10T03:13:52.927648,1f599b2d-4c19-4c7e-91e2-f8655b60b03d
66d64b82-b1ff-4d56-9b57-757acb74ca05,6e2684b5-dd18-4549-8440-7276b577d2b5,IronClad Security Co,ironcladsecurityco.com,Energy,11-50,22215627.36,2014,"Colorado Springs, OK",A leading company in the retail sector.,https://ironcladsecurityco.com,+19861437936,7712 Elm Ave,Colorado Springs,TX,CA,69988,UTC,True,[],2025-08-28T04:49:57.927676,6339ef1b-ca56-4fa5-9ddb-36a79ac9d12f
d90d67e4-48d6-4f52-ae1b-e6192c6f74cc,6e2684b5-dd18-4549-8440-7276b577d2b5,Vanguard Systems Group,vanguardsystemsgroup.com,Insurance,201-500,126694216.91,2021,"Las Vegas, TX",A leading company in the consulting sector.,https://vanguardsystemsgroup.com,+17828159711,883 Pine Blvd,Las Vegas,CA,AU,67272,US/Pacific,False,"['trial', 'nurture', 'high_priority']",2026-06-29T16:40:53.927705,63c904bb-37e1-42e9-b828-03d273915302
3753c5e4-9ef7-491f-b450-c21ca0735454,6e2684b5-dd18-4549-8440-7276b577d2b5,Crystal Corp Group,crystalcorpgroup.com,Finance,1000+,212278605.68,2007,"Seattle, NE",A leading company in the retail sector.,https://crystalcorpgroup.com,+14342794700,5362 Main St,Seattle,TN,FR,50173,US/Pacific,False,"['nurture', 'seasonal', 'pricing_page']",2026-01-30T19:35:11.927733,8b51f21b-0da9-4139-8f04-0ef4187ce705
3d3d3753-0137-46fe-954f-27cbeba4f16d,6e2684b5-dd18-4549-8440-7276b577d2b5,Iron Mountain Co,ironmountainco.com,Aerospace,201-500,137313952.27,1983,"El Paso, AZ",A leading company in the hospitality sector.,https://ironmountainco.com,+17855376735,2721 Main Ave,El Paso,NE,BR,14561,US/Eastern,True,"['demo', 'webinar_attendee']",2025-03-11T01:20:15.927797,d53e375b-e751-4c1c-9dd2-2c198336f144
79d80a07-d056-4f71-bdf2-f1aacd322184,6e2684b5-dd18-4549-8440-7276b577d2b5,Platinum Partners Ltd,platinumpartnersltd.com,Transportation,201-500,381554081.68,2016,"Boston, TX",A leading company in the construction sector.,https://platinumpartnersltd.com,+13576038028,5250 Pine Ave,Boston,CA,US,34385,US/Pacific,False,[],2025-10-31T12:47:01.927825,7223e10a-b124-4a7f-a342-f0f59020ba2f
5a663f0f-b091-43c7-b631-870432730af0,6e2684b5-dd18-4549-8440-7276b577d2b5,SwiftScale LLC,swiftscalellc.com,Consulting,1000+,458243630.83,2011,"Raleigh, TX",A leading company in the education sector.,https://swiftscalellc.com,+16877916405,1313 Elm Ave,Raleigh,OK,BR,21506,US/Central,False,[],2025-11-29T14:13:40.927851,eb9f903e-4cd4-462b-9c0c-0720da83cfc0
7cdd0858-8a40-4144-a7ff-1cef66d8f36d,6e2684b5-dd18-4549-8440-7276b577d2b5,Apex Innovations Partners,apexinnovationspartners.com,Retail,51-200,254402434.8,1987,"Tulsa, TX",A leading company in the manufacturing sector.,https://apexinnovationspartners.com,+17311741456,8194 Main Blvd,Tulsa,GA,MX,58353,US/Pacific,False,['referral_partner'],2025-05-04T05:42:02.927884,13f891f6-02c5-48a2-bb4f-65f664be06a0
ea0f9ef8-baf3-4e9d-b070-f68292801da0,6e2684b5-dd18-4549-8440-7276b577d2b5,ClearView Corp Partners,clearviewcorppartners.com,Agriculture,500+,205427020.58,2006,"Tampa, KS",A leading company in the finance sector.,https://clearviewcorppartners.com,+16833241714,5294 Main Dr,Tampa,WI,JP,55156,US/Eastern,False,['cold_lead'],2026-04-24T21:36:56.927912,63c904bb-37e1-42e9-b828-03d273915302
f921c896-a095-4b65-a378-809705a23d70,6e2684b5-dd18-4549-8440-7276b577d2b5,NexGen Software Co,nexgensoftwareco.com,Construction,11-50,152097065.18,1990,"San Diego, TN",A leading company in the marketing sector.,https://nexgensoftwareco.com,+17781125105,8601 Pine St,San Diego,CA,DE,93238,US/Central,True,"['referral_partner', 'new_market']",2025-05-11T21:36:18.927939,1f599b2d-4c19-4c7e-91e2-f8655b60b03d
35ee847f-9c60-4ff4-9f34-24394f27738f,6e2684b5-dd18-4549-8440-7276b577d2b5,Apex Innovations Group,apexinnovationsgroup.com,Manufacturing,11-50,329383500.05,2018,"Colorado Springs, OK",A leading company in the automotive sector.,https://apexinnovationsgroup.com,+16471895476,564 Main St,Colorado Springs,CA,MX,44688,US/Eastern,False,"['referral_partner', 'churned', 'vip']",2026-06-30T02:08:28.927971,71030eb2-1621-4863-8e2d-b6184abb7f32
34482421-116b-466c-9b36-d3a69b03d6c7,6e2684b5-dd18-4549-8440-7276b577d2b5,Prism Technologies Partners,prismtechnologiespartners.com,Agriculture,11-50,402353842.7,2023,"Washington DC, NV",A leading company in the consulting sector.,https://prismtechnologiespartners.com,+13947957237,1081 Oak Dr,Washington DC,TN,BR,70875,US/Eastern,False,['trial'],2025-12-28T15:52:53.927998,876017f1-7629-48e0-9ce9-20b44276c7d6
348fb924-00ad-4daa-b665-13e5836e2f29,6e2684b5-dd18-4549-8440-7276b577d2b5,GreenField Capital Co,greenfieldcapitalco.com,Construction,500+,53136657.61,1995,"Boston, WI",A leading company in the education sector.,https://greenfieldcapitalco.com,+13148782098,4161 Oak St,Boston,TX,FR,60351,US/Pacific,True,['trial'],2025-12-22T10:13:06.928024,9d990953-1d48-4691-9104-88f3d84dc63c
9b5f2080-123b-4a4b-b631-73cdfb21e7a0,6e2684b5-dd18-4549-8440-7276b577d2b5,Apex Innovations Ltd,apexinnovationsltd.com,Telecommunications,201-500,439543878.02,2011,"Fresno, CA",A leading company in the finance sector.,https://apexinnovationsltd.com,+16059743975,8381 Elm Ave,Fresno,OH,MX,56254,UTC,True,"['referral_partner', 'churned', 'win_back']",2026-06-01T13:42:38.928052,71030eb2-1621-4863-8e2d-b6184abb7f32
497e49ac-a5cc-4f23-a4d5-2e65403e2f74,6e2684b5-dd18-4549-8440-7276b577d2b5,TechNova Solutions Co,technovasolutionsco.com,Media,11-50,441233742.67,2003,"San Antonio, LA",A leading company in the hospitality sector.,https://technovasolutionsco.com,+13571688961,6663 Main Rd,San Antonio,GA,DE,57516,US/Central,True,"['new_market', 'upsell', 'referral_partner']",2025-06-06T07:59:29.928091,f26bd177-029d-4863-993c-dfebe5004897
9336bb89-e290-4a55-b4f2-5b46d32553c6,6e2684b5-dd18-4549-8440-7276b577d2b5,ClearView Corp Corp,clearviewcorpcorp.com,Insurance,51-200,377494837.89,1992,"Oklahoma City, NE",A leading company in the construction sector.,https://clearviewcorpcorp.com,+18018911690,759 Main St,Oklahoma City,TX,AU,72094,US/Pacific,True,['trial'],2025-12-28T09:13:24.928128,876017f1-7629-48e0-9ce9-20b44276c7d6
d3c55619-3bc3-49f3-9460-10da085f7527,6e2684b5-dd18-4549-8440-7276b577d2b5,Topaz Digital Partners,topazdigitalpartners.com,Automotive,51-200,253682127.35,2012,"Washington DC, CA",A leading company in the agriculture sector.,https://topazdigitalpartners.com,+19338981582,5011 Elm St,Washington DC,MA,AU,98317,UTC,False,"['bulk_order', 'seasonal']",2025-03-05T01:02:23.928155,58f39eeb-75cb-4ef4-96ba-4a30c22a7a1e
bc999246-7fca-4ed5-b9c1-35fba9d72bd9,6e2684b5-dd18-4549-8440-7276b577d2b5,Velocity Labs Partners,velocitylabspartners.com,Automotive,500+,113810235.49,1983,"Wichita, CO",A leading company in the agriculture sector.,https://velocitylabspartners.com,+17027311027,6329 Oak Ave,Wichita,IL,MX,24404,US/Eastern,True,"['content_downloader', 'cold_lead']",2026-04-03T10:43:49.928182,876017f1-7629-48e0-9ce9-20b44276c7d6
6ebce9ee-be64-4374-aab5-3a28d2f5963f,6e2684b5-dd18-4549-8440-7276b577d2b5,Coral Health Co,coralhealthco.com,Agriculture,1000+,363714679.37,2025,"Raleigh, TX",A leading company in the construction sector.,https://coralhealthco.com,+17185493136,5425 Elm Rd,Raleigh,OR,AU,32699,US/Pacific,False,"['new_market', 'demo']",2025-11-03T01:31:08.928212,58f39eeb-75cb-4ef4-96ba-4a30c22a7a1e
a253dd8a-967f-44e8-b564-3bd597d3206d,6e2684b5-dd18-4549-8440-7276b577d2b5,Pulse Digital LLC,pulsedigitalllc.com,Insurance,51-200,112472275.64,1999,"Seattle, KS",A leading company in the consulting sector.,https://pulsedigitalllc.com,+15027526473,8111 Pine Dr,Seattle,TX,JP,45842,US/Central,True,"['webinar_attendee', 'demo', 'cold_lead']",2025-11-29T04:50:18.928241,13f891f6-02c5-48a2-bb4f-65f664be06a0
6bf1f439-07e8-4f86-856f-2d5f0ac28d6c,6e2684b5-dd18-4549-8440-7276b577d2b5,Steel Bridge Inc,steelbridgeinc.com,Telecommunications,1000+,128259165.54,2010,"El Paso, OH",A leading company in the real estate sector.,https://steelbridgeinc.com,+19850992795,4542 Cedar Blvd,El Paso,TX,CA,90698,US/Eastern,True,['churned'],2025-10-01T05:13:05.928267,f26bd177-029d-4863-993c-dfebe5004897
c244bb6a-aae2-4c38-a178-9d130f6b3782,6e2684b5-dd18-4549-8440-7276b577d2b5,EverGreen Solutions Corp,evergreensolutionscorp.com,Agriculture,1-10,340611933.69,1988,"Tulsa, NY",A leading company in the insurance sector.,https://evergreensolutionscorp.com,+12678351760,7893 Elm Ave,Tulsa,LA,FR,52096,US/Central,False,[],2025-09-30T22:47:28.928297,7223e10a-b124-4a7f-a342-f0f59020ba2f
c4462773-4d88-46ab-95d6-5f1ebeecd42c,6e2684b5-dd18-4549-8440-7276b577d2b5,Iron Mountain Co,ironmountainco.com,Retail,201-500,441128374.33,1991,"Chicago, IL",A leading company in the hospitality sector.,https://ironmountainco.com,+15384265148,3152 Pine St,Chicago,NY,FR,84443,UTC,False,"['cross_sell', 'pricing_page']",2026-07-26T21:17:23.928325,63c904bb-37e1-42e9-b828-03d273915302
346ebd52-ba14-4643-b914-bab80cf1e7db,6e2684b5-dd18-4549-8440-7276b577d2b5,GreenField Capital Co,greenfieldcapitalco.com,Telecommunications,51-200,96446058.57,1987,"Fresno, OK",A leading company in the retail sector.,https://greenfieldcapitalco.com,+15140133190,4315 Oak St,Fresno,TX,AU,48669,US/Eastern,True,"['content_downloader', 'low_priority', 'trial']",2025-05-04T17:54:03.928352,1f599b2d-4c19-4c7e-91e2-f8655b60b03d
200825f1-a720-4bcf-9b28-0bb4de144705,6e2684b5-dd18-4549-8440-7276b577d2b5,IronClad Security LLC,ironcladsecurityllc.com,Agriculture,51-200,467915902.23,1980,"Dallas, CA",A leading company in the hospitality sector.,https://ironcladsecurityllc.com,+13011556076,4474 Pine Blvd,Dallas,CO,MX,11498,US/Central,False,['enterprise'],2025-06-06T20:15:05.928380,13f891f6-02c5-48a2-bb4f-65f664be06a0
371fa42b-ac5f-4eb8-9e1b-4494a40404b4,6e2684b5-dd18-4549-8440-7276b577d2b5,Apex Innovations Ltd,apexinnovationsltd.com,Construction,1000+,384932031.68,2024,"Oakland, CA",A leading company in the consulting sector.,https://apexinnovationsltd.com,+17873556326,3718 Oak Ave,Oakland,NM,GB,69634,US/Central,False,"['new_market', 'win_back', 'at_risk']",2025-10-17T00:59:59.928426,eb9f903e-4cd4-462b-9c0c-0720da83cfc0
8d1e1269-00a8-4d36-b1fd-1c1807477f20,6e2684b5-dd18-4549-8440-7276b577d2b5,Diamond Edge Inc,diamondedgeinc.com,Telecommunications,500+,351897874.27,1984,"Mesa, KS",A leading company in the education sector.,https://diamondedgeinc.com,+16560216095,9072 Cedar Ave,Mesa,KS,JP,29641,US/Eastern,False,"['hot_lead', 'win_back', 'at_risk']",2026-06-20T06:37:04.928455,63c904bb-37e1-42e9-b828-03d273915302
a684758b-9d7d-4a70-84ec-0a5207fc1efb,6e2684b5-dd18-4549-8440-7276b577d2b5,Coral Health Ltd,coralhealthltd.com,Telecommunications,11-50,256648259.21,2009,"Houston, KS",A leading company in the healthcare sector.,https://coralhealthltd.com,+14400015680,5149 Main Dr,Houston,CA,US,38560,UTC,True,"['seasonal', 'startup']",2025-04-07T05:49:11.928489,63c904bb-37e1-42e9-b828-03d273915302
e8812156-e1e5-4436-8727-54689cc5e40c,6e2684b5-dd18-4549-8440-7276b577d2b5,Cobalt Systems Inc,cobaltsystemsinc.com,Media,11-50,384497582.69,2021,"Denver, FL",A leading company in the media sector.,https://cobaltsystemsinc.com,+17903264703,6366 Elm Dr,Denver,OR,CA,99486,US/Eastern,False,"['hot_lead', 'nurture']",2026-03-14T22:33:41.928519,d53e375b-e751-4c1c-9dd2-2c198336f144
769f3ed6-7aa6-49de-bae7-de0239921a6a,6e2684b5-dd18-4549-8440-7276b577d2b5,Iron Mountain LLC,ironmountainllc.com,Technology,51-200,231528800.4,2014,"New York, KY",A leading company in the insurance sector.,https://ironmountainllc.com,+17923947323,3862 Oak Dr,New York,TX,GB,46129,US/Eastern,False,[],2025-03-09T18:34:15.928545,7675c849-0f1f-4fa3-923c-f392ea4a2f35
dd016af4-a992-40e0-b161-0b8b75494333,6e2684b5-dd18-4549-8440-7276b577d2b5,Golden Ratio Inc,goldenratioinc.com,Real Estate,1-10,50493311.71,1982,"Indianapolis, MD",A leading company in the aerospace sector.,https://goldenratioinc.com,+19181286839,897 Oak St,Indianapolis,NV,BR,40715,US/Eastern,False,[],2025-06-28T21:39:11.928571,13f891f6-02c5-48a2-bb4f-65f664be06a0
ca0e7933-1638-4f8e-94e0-1f08b7051d22,6e2684b5-dd18-4549-8440-7276b577d2b5,Summit Analytics Co,summitanalyticsco.com,Automotive,51-200,288758533.58,2023,"Tampa, TN",A leading company in the marketing sector.,https://summitanalyticsco.com,+17591035675,2447 Cedar Ave,Tampa,TN,FR,46064,UTC,False,['churned'],2026-04-18T23:32:41.928630,58f39eeb-75cb-4ef4-96ba-4a30c22a7a1e
6f3b0c3b-38b4-4a33-afff-766d95cc215c,6e2684b5-dd18-4549-8440-7276b577d2b5,NexGen Software Corp,nexgensoftwarecorp.com,Hospitality,500+,159401291.94,2006,"Long Beach, TN",A leading company in the manufacturing sector.,https://nexgensoftwarecorp.com,+13288011277,3112 Cedar Dr,Long Beach,IN,DE,49418,US/Eastern,False,[],2026-04-03T18:28:17.928663,71030eb2-1621-4863-8e2d-b6184abb7f32
b05eeee8-a41d-4935-b168-b45a27c3850c,6e2684b5-dd18-4549-8440-7276b577d2b5,Ember Labs LLC,emberlabsllc.com,Marketing,51-200,101708199.69,2021,"Portland, PA",A leading company in the telecommunications sector.,https://emberlabsllc.com,+15638410176,1614 Cedar Ave,Portland,TX,FR,59436,UTC,False,['existing_customer'],2025-09-15T20:45:40.928704,8e8f6232-b5f8-466d-98c1-6a9d8090c3eb
baee4767-f7ce-4ea3-973a-a2f0c0e5f156,6e2684b5-dd18-4549-8440-7276b577d2b5,Sterling Finance Corp,sterlingfinancecorp.com,Real Estate,11-50,481040674.18,1987,"New York, TX",A leading company in the agriculture sector.,https://sterlingfinancecorp.com,+15927495468,3450 Elm Ave,New York,GA,AU,47101,US/Pacific,False,"['cross_sell', 'upsell']",2026-02-08T21:58:40.928732,63c904bb-37e1-42e9-b828-03d273915302
f23b36be-4195-47bf-9834-21cb07ea153a,6e2684b5-dd18-4549-8440-7276b577d2b5,Amber Industries Ltd,amberindustriesltd.com,Agriculture,51-200,457169532.92,2003,"San Antonio, TN",A leading company in the media sector.,https://amberindustriesltd.com,+16491313639,3725 Oak St,San Antonio,CA,JP,86550,US/Pacific,True,['trial'],2025-09-28T17:08:11.928759,7675c849-0f1f-4fa3-923c-f392ea4a2f35
56eee3ab-b49f-481f-83d5-1d3162942933,6e2684b5-dd18-4549-8440-7276b577d2b5,Catalyst Group Ltd,catalystgroupltd.com,Energy,51-200,381692144.8,2011,"Atlanta, FL",A leading company in the agriculture sector.,https://catalystgroupltd.com,+13979245480,5870 Oak Ave,Atlanta,FL,JP,74004,US/Eastern,False,[],2026-07-26T04:32:18.928785,eb9f903e-4cd4-462b-9c0c-0720da83cfc0
5f4e3e20-eddb-4f9f-b39d-2f53e9c7c7a0,6e2684b5-dd18-4549-8440-7276b577d2b5,Quantum Dynamics Co,quantumdynamicsco.com,Healthcare,1-10,206225491.6,2020,"Virginia Beach, NC",A leading company in the finance sector.,https://quantumdynamicsco.com,+15037270171,249 Oak Rd,Virginia Beach,WI,AU,17923,US/Pacific,False,[],2025-02-11T22:41:03.928811,71030eb2-1621-4863-8e2d-b6184abb7f32
d0230f99-f04c-4c83-8467-58c9e73eea08,6e2684b5-dd18-4549-8440-7276b577d2b5,EverGreen Solutions Inc,evergreensolutionsinc.com,Construction,1000+,137406631.56,1998,"Los Angeles, CA",A leading company in the construction sector.,https://evergreensolutionsinc.com,+19787450947,7154 Oak St,Los Angeles,TX,JP,29516,US/Eastern,True,"['demo', 'upsell']",2026-03-18T06:11:02.928842,6339ef1b-ca56-4fa5-9ddb-36a79ac9d12f
9c92fd72-ba5b-4015-910c-0f20f78c0ce1,6e2684b5-dd18-4549-8440-7276b577d2b5,ClearView Corp Ltd,clearviewcorpltd.com,Marketing,1000+,112967333.45,2023,"Kansas City, PA",A leading company in the healthcare sector.,https://clearviewcorpltd.com,+12401581601,6313 Elm Rd,Kansas City,NM,US,93459,UTC,False,[],2026-07-01T19:06:18.928870,1f599b2d-4c19-4c7e-91e2-f8655b60b03d
43d3fff4-d952-4323-a5ae-0014228f24d2,6e2684b5-dd18-4549-8440-7276b577d2b5,Diamond Edge Corp,diamondedgecorp.com,Education,500+,459580150.11,1994,"Kansas City, OH",A leading company in the automotive sector.,https://diamondedgecorp.com,+14042258186,862 Main Blvd,Kansas City,CA,MX,96259,UTC,True,"['vip', 'at_risk']",2025-07-02T17:48:30.928901,63c904bb-37e1-42e9-b828-03d273915302
ca545988-1974-4eb1-98ce-c324f98a0224,6e2684b5-dd18-4549-8440-7276b577d2b5,Quantum Dynamics Corp,quantumdynamicscorp.com,Automotive,11-50,283369625.15,2004,"Austin, CA",A leading company in the insurance sector.,https://quantumdynamicscorp.com,+13424768819,2392 Main Rd,Austin,TX,AU,17038,UTC,False,[],2026-01-20T01:20:25.928928,9d990953-1d48-4691-9104-88f3d84dc63c
01cd5d4c-65ef-4cbf-b25b-84a0c4bd39d2,6e2684b5-dd18-4549-8440-7276b577d2b5,Topaz Digital Group,topazdigitalgroup.com,Energy,1-10,317079767.55,2008,"Las Vegas, AZ",A leading company in the marketing sector.,https://topazdigitalgroup.com,+17823164760,6250 Elm Ave,Las Vegas,CA,MX,96595,US/Pacific,True,"['renewal', 'seasonal']",2025-04-21T06:17:37.928959,13f891f6-02c5-48a2-bb4f-65f664be06a0
2243036d-30f5-4114-afc5-0f338177ea92,6e2684b5-dd18-4549-8440-7276b577d2b5,RedRock Ventures Ltd,redrockventuresltd.com,Manufacturing,1000+,194841506.6,2003,"Tulsa, TX",A leading company in the finance sector.,https://redrockventuresltd.com,+16317280592,5150 Elm Blvd,Tulsa,LA,FR,23399,US/Eastern,True,"['pricing_page', 'new_market', 'low_priority']",2026-03-29T07:04:03.928990,8b51f21b-0da9-4139-8f04-0ef4187ce705
dd119659-17c8-478f-a44b-f7850917ab50,6e2684b5-dd18-4549-8440-7276b577d2b5,BlueShift Labs Corp,blueshiftlabscorp.com,Finance,500+,299041996.71,2000,"Atlanta, OR",A leading company in the technology sector.,https://blueshiftlabscorp.com,+13253474844,6453 Main Rd,Atlanta,IN,MX,78302,US/Eastern,False,['cold_lead'],2025-11-07T14:16:14.929016,13f891f6-02c5-48a2-bb4f-65f664be06a0
6814471c-330d-46a0-998b-47deca59fac7,6e2684b5-dd18-4549-8440-7276b577d2b5,Amber Industries LLC,amberindustriesllc.com,Retail,201-500,138017137.71,1999,"Phoenix, NM",A leading company in the finance sector.,https://amberindustriesllc.com,+13551019709,4140 Elm Rd,Phoenix,NC,DE,70012,UTC,True,[],2026-03-17T15:24:09.929041,eb9f903e-4cd4-462b-9c0c-0720da83cfc0
54e27a40-2f7e-4e86-9dd3-16846665f101,6e2684b5-dd18-4549-8440-7276b577d2b5,Topaz Digital Ltd,topazdigitalltd.com,Telecommunications,51-200,215336579.66,2021,"Oklahoma City, NE",A leading company in the manufacturing sector.,https://topazdigitalltd.com,+13290359719,9983 Oak Dr,Oklahoma City,TN,GB,62198,US/Central,True,"['existing_customer', 'renewal', 'trial']",2026-02-25T13:30:44.929069,eb9f903e-4cd4-462b-9c0c-0720da83cfc0
946866ba-69f9-4f60-8f10-3d15e73e9a77,6e2684b5-dd18-4549-8440-7276b577d2b5,Diamond Edge Ltd,diamondedgeltd.com,Education,500+,99940034.35,2014,"Boston, FL",A leading company in the insurance sector.,https://diamondedgeltd.com,+16410571081,7663 Oak Dr,Boston,CO,CA,63627,US/Pacific,True,"['renewal', 'upsell']",2025-07-12T18:42:45.929105,9d990953-1d48-4691-9104-88f3d84dc63c
1529f048-a09b-4953-8f31-3363ef1d64b0,6e2684b5-dd18-4549-8440-7276b577d2b5,Fusion Analytics Inc,fusionanalyticsinc.com,Aerospace,201-500,291142897.41,2014,"Baltimore, CA",A leading company in the media sector.,https://fusionanalyticsinc.com,+14334938378,5990 Cedar Rd,Baltimore,FL,CA,24335,US/Eastern,False,"['nurture', 'churned']",2025-03-22T23:48:47.929137,1f599b2d-4c19-4c7e-91e2-f8655b60b03d
e0067dbf-639c-4915-9f31-ca031e51f230,6e2684b5-dd18-4549-8440-7276b577d2b5,Platinum Partners Partners,platinumpartnerspartners.com,Energy,201-500,53016978.58,1986,"Las Vegas, CA",A leading company in the marketing sector.,https://platinumpartnerspartners.com,+18488305028,8599 Cedar Rd,Las Vegas,MN,MX,38971,US/Pacific,False,"['win_back', 'existing_customer', 'seasonal']",2026-07-02T08:47:43.929164,6339ef1b-ca56-4fa5-9ddb-36a79ac9d12f
52543ee3-6d90-4a89-9386-2f60319d6b3d,6e2684b5-dd18-4549-8440-7276b577d2b5,DataFlow Systems Ltd,dataflowsystemsltd.com,Consulting,201-500,460277744.96,1985,"San Antonio, CA",A leading company in the manufacturing sector.,https://dataflowsystemsltd.com,+13496060167,5720 Elm Ave,San Antonio,AZ,BR,55652,US/Pacific,True,"['trial', 'startup', 'cross_sell']",2025-03-22T07:29:49.929191,8b51f21b-0da9-4139-8f04-0ef4187ce705
758f5ef9-b984-43da-8002-2029e0316f70,6e2684b5-dd18-4549-8440-7276b577d2b5,Sterling Finance Partners,sterlingfinancepartners.com,Retail,1000+,121994277.63,1991,"San Antonio, GA",A leading company in the retail sector.,https://sterlingfinancepartners.com,+17716557048,7085 Elm Ave,San Antonio,NV,GB,34430,US/Pacific,False,['pricing_page'],2026-04-20T17:27:50.929219,8b51f21b-0da9-4139-8f04-0ef4187ce705
e0b92913-5a14-44a2-9a62-8b07fa229d72,6e2684b5-dd18-4549-8440-7276b577d2b5,Steel Bridge LLC,steelbridgellc.com,Legal,1000+,404374457.83,1984,"Columbus, KS",A leading company in the education sector.,https://steelbridgellc.com,+19728803765,8896 Oak Blvd,Columbus,TN,DE,69972,UTC,True,"['low_priority', 'churned', 'trial']",2026-03-10T01:33:50.929249,876017f1-7629-48e0-9ce9-20b44276c7d6
7cf2bc74-bb0b-407b-bc27-a8d4fc1a9a66,6e2684b5-dd18-4549-8440-7276b577d2b5,Ruby Software Inc,rubysoftwareinc.com,Transportation,201-500,308700471.53,2023,"El Paso, OK",A leading company in the consulting sector.,https://rubysoftwareinc.com,+14534753843,2294 Pine St,El Paso,IN,FR,25328,US/Eastern,False,['low_priority'],2026-03-09T18:32:04.929284,7675c849-0f1f-4fa3-923c-f392ea4a2f35
36cf0ea3-25a4-438d-a1b5-2557396a0d72,6e2684b5-dd18-4549-8440-7276b577d2b5,GreenField Capital Group,greenfieldcapitalgroup.com,Media,11-50,243360774.34,2014,"Portland, MN",A leading company in the retail sector.,https://greenfieldcapitalgroup.com,+14383331379,8122 Pine Ave,Portland,FL,AU,69113,UTC,False,[],2026-06-16T08:16:40.929310,8e8f6232-b5f8-466d-98c1-6a9d8090c3eb
2fe5e7c3-546c-4ffa-89d8-46ed4a55a754,6e2684b5-dd18-4549-8440-7276b577d2b5,Fusion Analytics Group,fusionanalyticsgroup.com,Agriculture,201-500,342364100.45,2006,"Fresno, OK",A leading company in the telecommunications sector.,https://fusionanalyticsgroup.com,+14098948446,1454 Cedar St,Fresno,LA,DE,48284,UTC,True,"['nurture', 'pricing_page']",2026-06-27T23:19:18.929337,71030eb2-1621-4863-8e2d-b6184abb7f32
52f725a3-cefe-4cec-935a-b61b01d08922,6e2684b5-dd18-4549-8440-7276b577d2b5,SilverLine Corp Group,silverlinecorpgroup.com,Legal,500+,411650239.86,2003,"San Diego, CA",A leading company in the healthcare sector.,https://silverlinecorpgroup.com,+19559160171,7331 Cedar Ave,San Diego,KY,CA,95678,US/Eastern,True,[],2026-05-11T12:52:32.929364,6339ef1b-ca56-4fa5-9ddb-36a79ac9d12f
a874c397-8f2b-4d82-b0c3-28dcdbf592fd,6e2684b5-dd18-4549-8440-7276b577d2b5,BlueShift Labs Ltd,blueshiftlabsltd.com,Marketing,11-50,405360823.28,2017,"San Diego, MN",A leading company in the transportation sector.,https://blueshiftlabsltd.com,+19993143295,7115 Oak Rd,San Diego,TX,DE,37124,UTC,False,"['referral_partner', 'new_market']",2025-07-27T15:05:26.929395,7223e10a-b124-4a7f-a342-f0f59020ba2f
2d8d64a3-6c97-4b0d-b85e-8ac092bf57a2,6e2684b5-dd18-4549-8440-7276b577d2b5,Prism Technologies Corp,prismtechnologiescorp.com,Legal,500+,492744876.72,2023,"Kansas City, TX",A leading company in the manufacturing sector.,https://prismtechnologiescorp.com,+15374517348,1071 Pine Ave,Kansas City,MN,GB,42725,US/Eastern,False,['win_back'],2026-03-14T21:07:39.929489,d53e375b-e751-4c1c-9dd2-2c198336f144
778a2a74-3345-4733-802f-915ad23a1352,6e2684b5-dd18-4549-8440-7276b577d2b5,Pearl Analytics Partners,pearlanalyticspartners.com,Media,201-500,226023261.69,2020,"Seattle, KS",A leading company in the finance sector.,https://pearlanalyticspartners.com,+18025198192,4658 Pine Dr,Seattle,AZ,AU,86278,UTC,False,[],2026-05-21T02:25:14.929542,1f599b2d-4c19-4c7e-91e2-f8655b60b03d
10cbe0e5-c28f-4888-8fb5-d20d1b47ca21,6e2684b5-dd18-4549-8440-7276b577d2b5,Titan Industries Corp,titanindustriescorp.com,Insurance,201-500,108954076.01,2007,"Phoenix, OH",A leading company in the agriculture sector.,https://titanindustriescorp.com,+13153356934,4746 Pine Rd,Phoenix,KS,GB,84205,US/Pacific,False,[],2025-03-24T06:55:56.929586,1f599b2d-4c19-4c7e-91e2-f8655b60b03d
07856bf3-8039-469a-adff-08390e0f0875,6e2684b5-dd18-4549-8440-7276b577d2b5,Diamond Edge Co,diamondedgeco.com,Technology,1-10,464719966.03,1990,"Milwaukee, MD",A leading company in the telecommunications sector.,https://diamondedgeco.com,+16297870370,7109 Oak Ave,Milwaukee,CA,FR,30837,US/Central,True,"['upsell', 'startup']",2026-02-21T02:55:59.929640,d53e375b-e751-4c1c-9dd2-2c198336f144
1fdfa7e5-4664-449f-a4e0-e7f42be775dc,6e2684b5-dd18-4549-8440-7276b577d2b5,NexGen Software Ltd,nexgensoftwareltd.com,Consulting,1000+,349735713.69,1994,"Miami, KY",A leading company in the finance sector.,https://nexgensoftwareltd.com,+15022360089,117 Oak Dr,Miami,AZ,GB,87814,US/Eastern,False,"['vip', 'seasonal', 'trial']",2025-06-08T18:40:58.929685,7223e10a-b124-4a7f-a342-f0f59020ba2f
ad2b76ac-b99f-40cf-a31b-a835b13eb618,6e2684b5-dd18-4549-8440-7276b577d2b5,GreenField Capital Ltd,greenfieldcapitalltd.com,Marketing,201-500,44711073.94,1986,"Phoenix, TX",A leading company in the energy sector.,https://greenfieldcapitalltd.com,+17873632707,5002 Oak Dr,Phoenix,KS,GB,94092,US/Eastern,True,[],2025-07-23T19:19:49.929739,6339ef1b-ca56-4fa5-9ddb-36a79ac9d12f
bc1008f4-5529-4232-9ece-3d33047da864,6e2684b5-dd18-4549-8440-7276b577d2b5,Iron Mountain LLC,ironmountainllc.com,Manufacturing,201-500,308057202.5,2008,"Miami, OH",A leading company in the finance sector.,https://ironmountainllc.com,+15850837385,2393 Main Rd,Miami,FL,IN,56076,US/Pacific,False,['renewal'],2025-11-16T02:46:36.929779,f26bd177-029d-4863-993c-dfebe5004897
05f46af1-fa53-4b19-9e05-afb343d4537a,6e2684b5-dd18-4549-8440-7276b577d2b5,Catalyst Group Group,catalystgroupgroup.com,Aerospace,1000+,303816169.8,2024,"Omaha, CA",A leading company in the consulting sector.,https://catalystgroupgroup.com,+17177349941,8448 Oak Dr,Omaha,CO,US,41370,US/Pacific,False,['high_priority'],2025-04-18T22:32:28.929822,63c904bb-37e1-42e9-b828-03d273915302
3f3af6ca-69ae-4018-928a-eaabbbfc9cb8,6e2684b5-dd18-4549-8440-7276b577d2b5,TechNova Solutions Corp,technovasolutionscorp.com,Manufacturing,201-500,430413961.27,2016,"Nashville, TN",A leading company in the transportation sector.,https://technovasolutionscorp.com,+18641549403,2930 Elm St,Nashville,CA,MX,18851,UTC,True,[],2025-04-07T17:47:48.929866,71030eb2-1621-4863-8e2d-b6184abb7f32
bce60fe5-da87-4cf1-acdb-a342b0b27ba7,6e2684b5-dd18-4549-8440-7276b577d2b5,Prism Technologies Partners,prismtechnologiespartners.com,Construction,201-500,211816438.82,2005,"Tulsa, PA",A leading company in the insurance sector.,https://prismtechnologiespartners.com,+18604179473,2601 Pine St,Tulsa,DC,CA,77017,US/Eastern,False,['new_market'],2026-01-05T17:31:58.929915,7675c849-0f1f-4fa3-923c-f392ea4a2f35
b1823e3c-a569-48e9-881f-da6d26132684,6e2684b5-dd18-4549-8440-7276b577d2b5,Opal Solutions Co,opalsolutionsco.com,Finance,51-200,349353007.01,1995,"Long Beach, TX",A leading company in the marketing sector.,https://opalsolutionsco.com,+16665248422,7218 Main Dr,Long Beach,NC,MX,17212,US/Central,False,['hot_lead'],2025-02-17T08:18:09.929955,7223e10a-b124-4a7f-a342-f0f59020ba2f
b41bb409-e1da-4ce2-9f82-d4328210c2fa,6e2684b5-dd18-4549-8440-7276b577d2b5,TechNova Solutions LLC,technovasolutionsllc.com,Transportation,500+,258635560.08,1996,"Tucson, TX",A leading company in the transportation sector.,https://technovasolutionsllc.com,+16840130111,4503 Main St,Tucson,OK,IN,45649,UTC,True,[],2026-06-28T19:52:48.929992,71030eb2-1621-4863-8e2d-b6184abb7f32
5373fb0b-43be-4446-9719-8a7d9ad8b50d,6e2684b5-dd18-4549-8440-7276b577d2b5,NovaTech Solutions Inc,novatechsolutionsinc.com,Automotive,11-50,183875504.54,1996,"Tucson, KS",A leading company in the education sector.,https://novatechsolutionsinc.com,+19190292506,1989 Oak Rd,Tucson,NY,US,11610,US/Eastern,True,"['webinar_attendee', 'cold_lead']",2025-08-07T04:35:40.930033,71030eb2-1621-4863-8e2d-b6184abb7f32
f98d4b47-761c-47b0-b962-fa7f8e102ad0,6e2684b5-dd18-4549-8440-7276b577d2b5,Crystal Corp Partners,crystalcorppartners.com,Media,11-50,160934917.14,2006,"Arlington, FL",A leading company in the energy sector.,https://crystalcorppartners.com,+17460011353,1376 Cedar Blvd,Arlington,CA,JP,98254,UTC,True,[],2026-03-22T05:48:59.930070,63c904bb-37e1-42e9-b828-03d273915302
337909c4-a41f-41e2-8439-8492f3575057,6e2684b5-dd18-4549-8440-7276b577d2b5,Nimbus Networks Co,nimbusnetworksco.com,Consulting,51-200,43238441.94,2009,"Denver, NY",A leading company in the transportation sector.,https://nimbusnetworksco.com,+12861876057,9337 Pine Rd,Denver,IN,BR,58270,US/Pacific,False,['bulk_order'],2025-10-14T08:47:20.930117,8b51f21b-0da9-4139-8f04-0ef4187ce705
f3a76e83-0a6d-49fe-968b-dffeae388cab,6e2684b5-dd18-4549-8440-7276b577d2b5,EverGreen Solutions Inc,evergreensolutionsinc.com,Insurance,51-200,317989122.66,2024,"Charlotte, NY",A leading company in the energy sector.,https://evergreensolutionsinc.com,+16301246694,6264 Pine St,Charlotte,OH,JP,41217,US/Pacific,False,[],2025-06-30T13:29:42.930156,f26bd177-029d-4863-993c-dfebe5004897
be729519-e553-48ad-b650-10a2f88022f3,6e2684b5-dd18-4549-8440-7276b577d2b5,CloudPeak Analytics LLC,cloudpeakanalyticsllc.com,Media,1000+,447794191.17,2009,"Mesa, TX",A leading company in the finance sector.,https://cloudpeakanalyticsllc.com,+14494390866,8380 Oak Dr,Mesa,AZ,MX,84425,UTC,False,['renewal'],2025-11-30T12:48:33.930200,eb9f903e-4cd4-462b-9c0c-0720da83cfc0
dfe00094-a810-463d-b052-5528c1c1f6b3,6e2684b5-dd18-4549-8440-7276b577d2b5,Horizon Media Co,horizonmediaco.com,Energy,51-200,226406288.27,1994,"Las Vegas, AZ",A leading company in the real estate sector.,https://horizonmediaco.com,+16879563219,9679 Main Ave,Las Vegas,TX,GB,68925,US/Pacific,False,[],2026-02-06T10:52:00.930238,58f39eeb-75cb-4ef4-96ba-4a30c22a7a1e
4931bcf4-ccd7-4a71-b677-495f9845efd8,6e2684b5-dd18-4549-8440-7276b577d2b5,Vanguard Systems Ltd,vanguardsystemsltd.com,Education,1-10,78849807.76,2023,"San Francisco, DC",A leading company in the aerospace sector.,https://vanguardsystemsltd.com,+12173215225,5470 Oak St,San Francisco,OK,DE,56627,US/Pacific,False,"['upsell', 'nurture']",2025-03-08T18:01:49.930288,eb9f903e-4cd4-462b-9c0c-0720da83cfc0
912a43f6-c2e9-4813-8478-6326cd752971,6e2684b5-dd18-4549-8440-7276b577d2b5,SwiftScale Group,swiftscalegroup.com,Insurance,11-50,47407902.23,1986,"Arlington, TX",A leading company in the education sector.,https://swiftscalegroup.com,+12051354601,3741 Oak Ave,Arlington,NV,AU,99952,UTC,False,"['startup', 'vip']",2025-04-12T10:30:24.930367,63c904bb-37e1-42e9-b828-03d273915302
71e778bb-2da7-4ae4-8f5e-fca13ddceeab,6e2684b5-dd18-4549-8440-7276b577d2b5,Crystal Clear Ltd,crystalclearltd.com,Finance,51-200,61307703.25,2009,"Dallas, TX",A leading company in the retail sector.,https://crystalclearltd.com,+18155359751,6571 Elm St,Dallas,OR,IN,32650,US/Central,True,['upsell'],2025-11-18T19:32:44.930407,63c904bb-37e1-42e9-b828-03d273915302
30537498-9609-490b-a479-ad586daa77ab,6e2684b5-dd18-4549-8440-7276b577d2b5,RedRock Ventures Inc,redrockventuresinc.com,Aerospace,500+,122930100.38,1998,"Raleigh, AZ",A leading company in the media sector.,https://redrockventuresinc.com,+14057422183,1537 Pine Dr,Raleigh,TX,IN,36143,US/Eastern,False,[],2026-03-03T16:22:54.930445,58f39eeb-75cb-4ef4-96ba-4a30c22a7a1e
d4824f2b-c359-4adc-a0fe-8b25688bf14a,6e2684b5-dd18-4549-8440-7276b577d2b5,Jade Consulting Co,jadeconsultingco.com,Transportation,500+,251221508.11,2004,"Tucson, WA",A leading company in the retail sector.,https://jadeconsultingco.com,+12111939600,9883 Oak St,Tucson,KS,FR,17679,US/Pacific,False,['nurture'],2025-05-18T12:19:52.930484,1f599b2d-4c19-4c7e-91e2-f8655b60b03d
329cab31-162d-4e40-83a9-f861fac28431,6e2684b5-dd18-4549-8440-7276b577d2b5,Catalyst Group Corp,catalystgroupcorp.com,Healthcare,11-50,287867269.7,2004,"Sacramento, TX",A leading company in the retail sector.,https://catalystgroupcorp.com,+12756345332,9807 Pine Blvd,Sacramento,CO,US,56095,US/Eastern,False,['high_priority'],2025-12-18T09:41:55.930535,58f39eeb-75cb-4ef4-96ba-4a30c22a7a1e
e64b2218-d49a-4e05-bda0-cedd6fb4d2fa,6e2684b5-dd18-4549-8440-7276b577d2b5,CloudPeak Analytics Inc,cloudpeakanalyticsinc.com,Marketing,500+,109443530.4,2013,"Houston, NM",A leading company in the technology sector.,https://cloudpeakanalyticsinc.com,+17719753934,3400 Oak Blvd,Houston,OK,GB,52413,UTC,True,['hot_lead'],2026-07-28T16:35:31.930585,f26bd177-029d-4863-993c-dfebe5004897
acb072b8-736c-4479-b469-55ece4bba04e,6e2684b5-dd18-4549-8440-7276b577d2b5,NovaTech Solutions Partners,novatechsolutionspartners.com,Hospitality,500+,50561033.48,1999,"Virginia Beach, TN",A leading company in the manufacturing sector.,https://novatechsolutionspartners.com,+16191289674,7257 Elm Blvd,Virginia Beach,FL,JP,90440,US/Central,True,['webinar_attendee'],2025-12-16T14:01:47.930649,d53e375b-e751-4c1c-9dd2-2c198336f144
505377a0-7f5d-4cad-aa63-cf6dc70ea780,6e2684b5-dd18-4549-8440-7276b577d2b5,Zenith Partners Partners,zenithpartnerspartners.com,Automotive,201-500,425385944.92,2016,"New York, IL",A leading company in the retail sector.,https://zenithpartnerspartners.com,+14587239638,3719 Cedar St,New York,AZ,GB,53406,UTC,True,"['nurture', 'churned']",2025-05-07T02:34:33.930695,7223e10a-b124-4a7f-a342-f0f59020ba2f
65b6a21a-7fa6-44b6-badf-df13c12ad24f,6e2684b5-dd18-4549-8440-7276b577d2b5,Sterling Finance Ltd,sterlingfinanceltd.com,Legal,11-50,124807954.52,1984,"New York, TX",A leading company in the legal sector.,https://sterlingfinanceltd.com,+15380225197,120 Main Dr,New York,MD,IN,31802,US/Pacific,False,"['demo', 'new_market', 'webinar_attendee']",2025-05-19T20:45:52.930746,9d990953-1d48-4691-9104-88f3d84dc63c
f218fcd8-b014-4c25-91f3-e5b590c5bc92,6e2684b5-dd18-4549-8440-7276b577d2b5,Pearl Analytics Partners,pearlanalyticspartners.com,Marketing,11-50,225671145.21,1982,"New Orleans, CO",A leading company in the technology sector.,https://pearlanalyticspartners.com,+13368878709,1815 Main Blvd,New Orleans,TX,IN,31090,UTC,False,[],2026-01-18T00:56:05.930788,7675c849-0f1f-4fa3-923c-f392ea4a2f35
f06d5004-19c8-4e3e-938b-61b4c819f1aa,6e2684b5-dd18-4549-8440-7276b577d2b5,Cobalt Systems Partners,cobaltsystemspartners.com,Media,1000+,82540347.52,2007,"Los Angeles, TX",A leading company in the healthcare sector.,https://cobaltsystemspartners.com,+12434898985,3467 Oak Dr,Los Angeles,MN,JP,80795,US/Central,False,"['renewal', 'hot_lead']",2025-03-27T17:36:43.930835,7675c849-0f1f-4fa3-923c-f392ea4a2f35
ec963396-c369-46f5-a2f3-e5b54425a954,6e2684b5-dd18-4549-8440-7276b577d2b5,Onyx Data Co,onyxdataco.com,Manufacturing,1-10,180446419.17,2007,"Tucson, PA",A leading company in the consulting sector.,https://onyxdataco.com,+19833579288,9933 Elm Ave,Tucson,TX,US,37125,US/Eastern,False,[],2026-06-04T07:30:44.930876,13f891f6-02c5-48a2-bb4f-65f664be06a0
1f4c4a8a-7aa6-4d63-a72e-a8ad16cf83d2,6e2684b5-dd18-4549-8440-7276b577d2b5,Diamond Edge Ltd,diamondedgeltd.com,Agriculture,1000+,132538948.34,2021,"Albuquerque, CA",A leading company in the hospitality sector.,https://diamondedgeltd.com,+12794058803,6349 Pine Ave,Albuquerque,MD,US,44510,US/Pacific,False,['upsell'],2025-04-09T08:48:33.930916,9d990953-1d48-4691-9104-88f3d84dc63c
27cee455-fe2f-4af6-b2d4-cb3e29f5068c,6e2684b5-dd18-4549-8440-7276b577d2b5,Titan Industries Partners,titanindustriespartners.com,Finance,1000+,171928503.7,2014,"San Antonio, TN",A leading company in the automotive sector.,https://titanindustriespartners.com,+17272127152,1099 Elm Rd,San Antonio,TN,JP,72236,US/Eastern,False,[],2026-03-16T04:34:16.930957,71030eb2-1621-4863-8e2d-b6184abb7f32
1e83a4e8-fa7d-43a0-9617-4ee071916fca,6e2684b5-dd18-4549-8440-7276b577d2b5,Pearl Analytics Group,pearlanalyticsgroup.com,Aerospace,11-50,60184923.28,2008,"Kansas City, FL",A leading company in the retail sector.,https://pearlanalyticsgroup.com,+16175416378,3257 Oak St,Kansas City,KY,CA,99538,US/Pacific,True,['referral_partner'],2025-10-27T14:56:55.931000,63c904bb-37e1-42e9-b828-03d273915302
303695e1-f035-4ba7-a54f-19b1541aa73f,6e2684b5-dd18-4549-8440-7276b577d2b5,Iron Mountain Co,ironmountainco.com,Finance,201-500,278204283.77,2015,"Phoenix, TN",A leading company in the legal sector.,https://ironmountainco.com,+14232043732,302 Cedar Rd,Phoenix,AZ,IN,24748,US/Pacific,True,[],2025-05-24T23:47:37.931046,9d990953-1d48-4691-9104-88f3d84dc63c
0bfc8bce-2cd4-4b5e-8ad3-a6136f6d3676,6e2684b5-dd18-4549-8440-7276b577d2b5,IronClad Security Co,ironcladsecurityco.com,Insurance,51-200,438952886.67,1996,"Denver, OR",A leading company in the agriculture sector.,https://ironcladsecurityco.com,+18751788384,7850 Main Ave,Denver,WA,IN,28855,US/Pacific,True,"['seasonal', 'renewal']",2025-03-27T20:36:32.931090,63c904bb-37e1-42e9-b828-03d273915302
b2c639ea-2cb4-4e7b-90b2-123893c6ae19,6e2684b5-dd18-4549-8440-7276b577d2b5,Atlas Computing Corp,atlascomputingcorp.com,Energy,51-200,155509101.46,2011,"Los Angeles, MN",A leading company in the education sector.,https://atlascomputingcorp.com,+12979069637,5023 Elm Blvd,Los Angeles,WA,IN,89295,UTC,True,['content_downloader'],2026-06-16T22:06:43.931134,eb9f903e-4cd4-462b-9c0c-0720da83cfc0
677c8808-0229-4032-92b4-88844cf95436,6e2684b5-dd18-4549-8440-7276b577d2b5,NovaTech Solutions Co,novatechsolutionsco.com,Construction,11-50,32855202.96,2025,"Houston, CA",A leading company in the hospitality sector.,https://novatechsolutionsco.com,+16877578828,8689 Cedar St,Houston,FL,DE,36309,UTC,True,"['enterprise', 'demo', 'seasonal']",2025-08-27T13:16:55.931188,6339ef1b-ca56-4fa5-9ddb-36a79ac9d12f
d7003fe5-c3c1-43c7-8052-37244074228e,6e2684b5-dd18-4549-8440-7276b577d2b5,Nimbus Networks Group,nimbusnetworksgroup.com,Education,1000+,15330068.03,2003,"Las Vegas, AZ",A leading company in the aerospace sector.,https://nimbusnetworksgroup.com,+13915999663,7875 Cedar Rd,Las Vegas,TX,AU,31432,US/Central,False,[],2025-11-23T04:18:22.931231,876017f1-7629-48e0-9ce9-20b44276c7d6
c11229b1-7955-498e-b57c-bde24fa7b8ca,6e2684b5-dd18-4549-8440-7276b577d2b5,NexGen Software LLC,nexgensoftwarellc.com,Real Estate,11-50,323707576.89,2023,"Kansas City, OH",A leading company in the legal sector.,https://nexgensoftwarellc.com,+14798546298,8509 Main St,Kansas City,NM,GB,94852,US/Eastern,False,[],2025-09-22T12:29:46.931272,7675c849-0f1f-4fa3-923c-f392ea4a2f35
e81caa7d-d624-4f61-a640-8ecbd25e6fe0,6e2684b5-dd18-4549-8440-7276b577d2b5,Crystal Corp Corp,crystalcorpcorp.com,Legal,201-500,447746713.39,2002,"Tulsa, WI",A leading company in the legal sector.,https://crystalcorpcorp.com,+12937200760,5050 Cedar Rd,Tulsa,NV,MX,23410,UTC,False,"['new_market', 'churned']",2025-11-21T14:10:26.931319,1f599b2d-4c19-4c7e-91e2-f8655b60b03d
86bdc4ca-1819-4b62-b999-7adfcaba9f4a,6e2684b5-dd18-4549-8440-7276b577d2b5,IronClad Security Ltd,ironcladsecurityltd.com,Energy,51-200,320315343.07,1997,"Phoenix, CA",A leading company in the consulting sector.,https://ironcladsecurityltd.com,+12809000407,8575 Oak St,Phoenix,NE,IN,96577,US/Central,False,[],2026-06-29T14:04:10.931361,13f891f6-02c5-48a2-bb4f-65f664be06a0
41b12654-1264-4986-bd69-82d47e005c81,6e2684b5-dd18-4549-8440-7276b577d2b5,EverGreen Solutions Ltd,evergreensolutionsltd.com,Healthcare,500+,354049076.24,2016,"Portland, TX",A leading company in the energy sector.,https://evergreensolutionsltd.com,+19415475241,3743 Cedar Dr,Portland,VA,AU,76494,US/Central,False,['cross_sell'],2025-05-15T20:26:51.931403,d53e375b-e751-4c1c-9dd2-2c198336f144
b9c93874-2c07-4e86-acaa-8f57a1a5157d,6e2684b5-dd18-4549-8440-7276b577d2b5,Bronze Gate Corp,bronzegatecorp.com,Insurance,11-50,473464343.93,2001,"Tampa, CA",A leading company in the finance sector.,https://bronzegatecorp.com,+12954571559,3759 Pine Dr,Tampa,OK,AU,44152,US/Central,False,[],2026-06-01T05:15:40.931449,eb9f903e-4cd4-462b-9c0c-0720da83cfc0
e28f16f6-7bba-4a59-a1ce-f3935e09ba36,6e2684b5-dd18-4549-8440-7276b577d2b5,Opal Solutions Group,opalsolutionsgroup.com,Aerospace,1-10,236136230.22,1992,"Colorado Springs, CA",A leading company in the education sector.,https://opalsolutionsgroup.com,+17934224109,4988 Elm St,Colorado Springs,CA,GB,36253,US/Central,False,"['cold_lead', 'trial', 'seasonal']",2025-08-08T06:14:57.931491,58f39eeb-75cb-4ef4-96ba-4a30c22a7a1e
a257e698-df61-4100-873b-9e83b19c00e4,6e2684b5-dd18-4549-8440-7276b577d2b5,Sterling Finance Partners,sterlingfinancepartners.com,Energy,1000+,29053893.43,2008,"Jacksonville, WA",A leading company in the real estate sector.,https://sterlingfinancepartners.com,+19564267549,2862 Cedar Ave,Jacksonville,AZ,CA,26961,US/Pacific,False,"['content_downloader', 'high_priority', 'webinar_attendee']",2025-02-09T04:40:49.931539,71030eb2-1621-4863-8e2d-b6184abb7f32
1b8256e0-5c7c-44b6-a86a-2be5dffb32c0,6e2684b5-dd18-4549-8440-7276b577d2b5,Pulse Digital Partners,pulsedigitalpartners.com,Technology,51-200,378436026.6,2013,"Boston, TX",A leading company in the technology sector.,https://pulsedigitalpartners.com,+14906611156,4176 Oak Blvd,Boston,DC,GB,23462,US/Pacific,False,"['nurture', 'startup']",2025-03-23T14:09:50.931581,13f891f6-02c5-48a2-bb4f-65f664be06a0
35b66c5e-d4d4-4048-82ae-5c5f3effbc2d,6e2684b5-dd18-4549-8440-7276b577d2b5,Nimbus Networks Partners,nimbusnetworkspartners.com,Aerospace,500+,168950683.85,2023,"Mesa, TX",A leading company in the energy sector.,https://nimbusnetworkspartners.com,+14105301413,3187 Oak Dr,Mesa,CA,DE,39402,US/Eastern,True,[],2026-07-06T09:27:34.932176,f26bd177-029d-4863-993c-dfebe5004897
a556b077-0c31-44cc-b5af-201781a75f8d,6e2684b5-dd18-4549-8440-7276b577d2b5,NovaTech Solutions Partners,novatechsolutionspartners.com,Healthcare,201-500,438278241.59,1996,"Long Beach, KS",A leading company in the insurance sector.,https://novatechsolutionspartners.com,+14676343517,9830 Main St,Long Beach,CA,US,16322,UTC,False,"['hot_lead', 'new_market', 'upsell']",2026-06-05T08:52:55.932307,8e8f6232-b5f8-466d-98c1-6a9d8090c3eb
32126395-6934-41e8-8e5f-b716aaa83cc1,6e2684b5-dd18-4549-8440-7276b577d2b5,Titan Industries Partners,titanindustriespartners.com,Technology,51-200,210464684.64,1986,"Miami, VA",A leading company in the construction sector.,https://titanindustriespartners.com,+17454510334,2347 Elm St,Miami,CA,MX,25431,US/Central,True,[],2026-06-29T10:32:22.932364,7675c849-0f1f-4fa3-923c-f392ea4a2f35
c885bf03-4053-4b29-a66d-1ea58e84e3cc,6e2684b5-dd18-4549-8440-7276b577d2b5,Pulse Digital Co,pulsedigitalco.com,Construction,11-50,178993022.18,2006,"San Francisco, CO",A leading company in the retail sector.,https://pulsedigitalco.com,+16464213528,8232 Oak Dr,San Francisco,OK,DE,10358,UTC,False,[],2026-06-25T08:44:13.932411,f26bd177-029d-4863-993c-dfebe5004897
6622eed6-6e29-4073-82e8-9860ab63b763,6e2684b5-dd18-4549-8440-7276b577d2b5,Golden Ratio Group,goldenratiogroup.com,Education,51-200,322186178.94,2009,"Phoenix, CO",A leading company in the legal sector.,https://goldenratiogroup.com,+13994056084,1735 Oak St,Phoenix,CO,AU,98705,US/Central,False,[],2025-05-13T04:58:39.932463,8b51f21b-0da9-4139-8f04-0ef4187ce705
b94f9688-e7d0-462f-b6f8-54ff566da376,6e2684b5-dd18-4549-8440-7276b577d2b5,GreenField Capital Partners,greenfieldcapitalpartners.com,Retail,51-200,178795825.75,2008,"Long Beach, NC",A leading company in the legal sector.,https://greenfieldcapitalpartners.com,+12399222877,5715 Oak St,Long Beach,NV,IN,69839,US/Central,False,"['content_downloader', 'churned', 'nurture']",2025-05-31T08:07:53.932512,7223e10a-b124-4a7f-a342-f0f59020ba2f
e747348c-9493-424f-9a24-f30d6d2c0ea2,6e2684b5-dd18-4549-8440-7276b577d2b5,Iron Mountain Inc,ironmountaininc.com,Education,201-500,455617819.3,2010,"Austin, KS",A leading company in the telecommunications sector.,https://ironmountaininc.com,+17073475460,6321 Pine Rd,Austin,CA,GB,73318,US/Pacific,True,"['pricing_page', 'enterprise', 'startup']",2025-10-31T03:09:13.932558,6339ef1b-ca56-4fa5-9ddb-36a79ac9d12f
0e8738be-e744-4412-a9eb-10054ab50887,6e2684b5-dd18-4549-8440-7276b577d2b5,TechNova Solutions Partners,technovasolutionspartners.com,Construction,1000+,288345671.61,2016,"Oakland, NC",A leading company in the energy sector.,https://technovasolutionspartners.com,+18524483444,1660 Elm Ave,Oakland,NM,AU,96993,US/Pacific,True,[],2025-02-17T02:43:56.932608,63c904bb-37e1-42e9-b828-03d273915302
57e081b1-29e0-44d4-aa34-b18b1c8ca753,6e2684b5-dd18-4549-8440-7276b577d2b5,Apex Innovations Group,apexinnovationsgroup.com,Agriculture,11-50,37478877.98,2011,"Albuquerque, TN",A leading company in the marketing sector.,https://apexinnovationsgroup.com,+17716149813,4657 Main Rd,Albuquerque,NC,JP,94320,US/Pacific,False,['startup'],2026-05-21T19:28:45.932691,9d990953-1d48-4691-9104-88f3d84dc63c
25ddab4f-17af-4a60-8271-5e51c32a0af7,6e2684b5-dd18-4549-8440-7276b577d2b5,Pearl Analytics Ltd,pearlanalyticsltd.com,Agriculture,201-500,158064960.63,2011,"Philadelphia, TX",A leading company in the technology sector.,https://pearlanalyticsltd.com,+12440849718,6855 Main Rd,Philadelphia,GA,US,21913,US/Central,False,['churned'],2026-05-18T15:43:01.932734,6339ef1b-ca56-4fa5-9ddb-36a79ac9d12f
a2bfe998-19bc-4700-9edd-dbb9c87f8958,6e2684b5-dd18-4549-8440-7276b577d2b5,NexGen Software Co,nexgensoftwareco.com,Telecommunications,51-200,280097415.01,2019,"Charlotte, NE",A leading company in the agriculture sector.,https://nexgensoftwareco.com,+19372990249,6052 Elm St,Charlotte,TX,DE,10287,US/Central,False,"['new_market', 'low_priority']",2026-02-22T07:10:40.932779,8b51f21b-0da9-4139-8f04-0ef4187ce705
761b19ac-ba7b-4c51-9962-76627ebf2a68,6e2684b5-dd18-4549-8440-7276b577d2b5,Apex Innovations Ltd,apexinnovationsltd.com,Media,1-10,127181941.16,1992,"Dallas, TX",A leading company in the education sector.,https://apexinnovationsltd.com,+13687477596,7588 Oak Blvd,Dallas,TX,IN,16094,UTC,False,"['pricing_page', 'win_back', 'existing_customer']",2026-07-06T08:12:32.932823,58f39eeb-75cb-4ef4-96ba-4a30c22a7a1e
a9397761-7398-4c34-85aa-258fa16cc9db,6e2684b5-dd18-4549-8440-7276b577d2b5,TechNova Solutions Group,technovasolutionsgroup.com,Healthcare,500+,467657375.0,2017,"Arlington, NM",A leading company in the construction sector.,https://technovasolutionsgroup.com,+19649686777,3003 Cedar Ave,Arlington,FL,GB,23573,US/Pacific,False,"['low_priority', 'webinar_attendee']",2026-04-10T01:28:47.932885,63c904bb-37e1-42e9-b828-03d273915302
fc781a68-5a43-466c-a52d-5c85535ea4da,6e2684b5-dd18-4549-8440-7276b577d2b5,Titan Industries Co,titanindustriesco.com,Legal,201-500,481798589.16,1998,"Indianapolis, MD",A leading company in the manufacturing sector.,https://titanindustriesco.com,+12593478613,9971 Cedar Blvd,Indianapolis,MN,JP,51144,US/Eastern,True,"['win_back', 'demo']",2025-06-21T02:58:33.932929,d53e375b-e751-4c1c-9dd2-2c198336f144
bd5d8c26-56fe-4faf-9ef7-bc9b4dbee287,6e2684b5-dd18-4549-8440-7276b577d2b5,Coral Health Group,coralhealthgroup.com,Energy,1000+,57746855.88,2002,"Minneapolis, GA",A leading company in the agriculture sector.,https://coralhealthgroup.com,+18798101178,6939 Cedar Blvd,Minneapolis,KY,US,78515,UTC,True,['enterprise'],2025-04-03T10:35:06.932976,13f891f6-02c5-48a2-bb4f-65f664be06a0
c0a1db83-6646-451a-a279-89f18734bc9c,6e2684b5-dd18-4549-8440-7276b577d2b5,Silver Stream Co,silverstreamco.com,Consulting,1000+,125317975.68,1983,"Austin, MN",A leading company in the consulting sector.,https://silverstreamco.com,+17171144489,8966 Main Blvd,Austin,MD,CA,90754,US/Eastern,False,"['renewal', 'low_priority', 'seasonal']",2025-11-26T05:01:02.933023,63c904bb-37e1-42e9-b828-03d273915302
840a6d20-e4ee-4156-9597-318b2c8eb398,6e2684b5-dd18-4549-8440-7276b577d2b5,Fusion Analytics Ltd,fusionanalyticsltd.com,Energy,500+,26948406.04,1996,"Memphis, TX",A leading company in the aerospace sector.,https://fusionanalyticsltd.com,+19990549300,7359 Oak Blvd,Memphis,LA,MX,81645,US/Eastern,False,['cross_sell'],2026-05-10T09:46:00.933066,1f599b2d-4c19-4c7e-91e2-f8655b60b03d
7a815b3d-be0d-45c1-beae-39b5aed4a872,6e2684b5-dd18-4549-8440-7276b577d2b5,Quantum Dynamics LLC,quantumdynamicsllc.com,Construction,1-10,188630253.61,2007,"Jacksonville, WA",A leading company in the insurance sector.,https://quantumdynamicsllc.com,+13134900434,2736 Cedar Blvd,Jacksonville,NY,AU,71122,US/Eastern,True,"['referral_partner', 'enterprise']",2025-12-10T21:10:02.933124,9d990953-1d48-4691-9104-88f3d84dc63c
b2d0f96b-1c04-4a12-9352-7ddbfc9904e0,6e2684b5-dd18-4549-8440-7276b577d2b5,Pearl Analytics Group,pearlanalyticsgroup.com,Finance,1000+,158963609.74,1994,"El Paso, FL",A leading company in the construction sector.,https://pearlanalyticsgroup.com,+16587782999,8376 Oak Dr,El Paso,CA,JP,62876,UTC,False,['win_back'],2026-01-10T15:21:38.933180,6339ef1b-ca56-4fa5-9ddb-36a79ac9d12f
b893931c-eca7-45f8-b1e4-21b6b380a8f5,6e2684b5-dd18-4549-8440-7276b577d2b5,Prism Technologies LLC,prismtechnologiesllc.com,Aerospace,500+,237454851.51,2015,"New Orleans, LA",A leading company in the technology sector.,https://prismtechnologiesllc.com,+16787694318,5768 Elm Ave,New Orleans,CA,MX,91412,US/Eastern,False,"['webinar_attendee', 'hot_lead']",2026-03-07T12:38:56.933223,71030eb2-1621-4863-8e2d-b6184abb7f32
29307464-9b51-4ff5-90a9-90d66eebc3bf,6e2684b5-dd18-4549-8440-7276b577d2b5,Iron Mountain Corp,ironmountaincorp.com,Construction,51-200,257178815.59,2012,"Los Angeles, MD",A leading company in the agriculture sector.,https://ironmountaincorp.com,+12188341455,3254 Pine Rd,Los Angeles,PA,CA,31940,UTC,False,['win_back'],2025-09-11T18:45:06.933266,eb9f903e-4cd4-462b-9c0c-0720da83cfc0
d78017ac-0dd4-4f65-923f-5f5508b31a07,6e2684b5-dd18-4549-8440-7276b577d2b5,IronClad Security LLC,ironcladsecurityllc.com,Media,1000+,408386336.35,1984,"Sacramento, TX",A leading company in the manufacturing sector.,https://ironcladsecurityllc.com,+12102018113,5534 Main St,Sacramento,AZ,US,33329,US/Central,False,['upsell'],2026-03-29T17:26:05.933308,58f39eeb-75cb-4ef4-96ba-4a30c22a7a1e
d629e687-d5c8-419b-a20b-46b31bf6a45e,6e2684b5-dd18-4549-8440-7276b577d2b5,Opal Solutions Ltd,opalsolutionsltd.com,Energy,1-10,194781458.53,1987,"Louisville, CA",A leading company in the technology sector.,https://opalsolutionsltd.com,+19049857019,1136 Cedar St,Louisville,MN,CA,56884,UTC,True,"['referral_partner', 'startup']",2025-11-20T19:14:32.933356,876017f1-7629-48e0-9ce9-20b44276c7d6
c7bcd921-d295-46ba-abcc-9e23f6834d26,6e2684b5-dd18-4549-8440-7276b577d2b5,ClearView Corp Co,clearviewcorpco.com,Technology,201-500,78203920.9,1994,"Virginia Beach, TX",A leading company in the hospitality sector.,https://clearviewcorpco.com,+19717070261,9041 Pine Ave,Virginia Beach,DC,AU,11461,US/Eastern,True,[],2026-03-15T22:51:50.933402,71030eb2-1621-4863-8e2d-b6184abb7f32
17c2f997-3831-4913-973b-ff6499d40ede,6e2684b5-dd18-4549-8440-7276b577d2b5,BlueShift Labs Corp,blueshiftlabscorp.com,Transportation,11-50,206356615.29,2021,"Columbus, CA",A leading company in the manufacturing sector.,https://blueshiftlabscorp.com,+12691293717,3717 Cedar Blvd,Columbus,TX,CA,33770,UTC,False,"['churned', 'new_market', 'startup']",2025-11-29T05:45:34.933447,13f891f6-02c5-48a2-bb4f-65f664be06a0
fc3dec84-f9c1-4ec3-afd7-af1165b46afe,6e2684b5-dd18-4549-8440-7276b577d2b5,IronClad Security LLC,ironcladsecurityllc.com,Automotive,201-500,475772376.18,2002,"Tampa, TX",A leading company in the marketing sector.,https://ironcladsecurityllc.com,+12429690260,1243 Oak Blvd,Tampa,AZ,BR,53036,US/Central,False,['existing_customer'],2026-02-13T14:49:27.933490,876017f1-7629-48e0-9ce9-20b44276c7d6
f9e06a33-446e-41ba-bd78-98e67e2c9fbe,6e2684b5-dd18-4549-8440-7276b577d2b5,Apex Innovations Inc,apexinnovationsinc.com,Marketing,11-50,356113953.66,2021,"Nashville, KY",A leading company in the legal sector.,https://apexinnovationsinc.com,+15608245220,2300 Pine Dr,Nashville,WI,BR,57020,US/Central,False,[],2025-08-04T02:48:38.933531,7675c849-0f1f-4fa3-923c-f392ea4a2f35
be000205-61a3-4954-a995-27696124ec52,6e2684b5-dd18-4549-8440-7276b577d2b5,BlueShift Labs Co,blueshiftlabsco.com,Manufacturing,500+,98256143.08,2020,"Seattle, AZ",A leading company in the finance sector.,https://blueshiftlabsco.com,+15831562592,8409 Main Rd,Seattle,CO,IN,87337,US/Eastern,False,"['new_market', 'high_priority']",2025-07-07T16:37:33.933580,876017f1-7629-48e0-9ce9-20b44276c7d6
684f48af-e1f1-4e74-860e-56023d095675,6e2684b5-dd18-4549-8440-7276b577d2b5,Summit Analytics Co,summitanalyticsco.com,Consulting,11-50,232377336.03,2012,"Colorado Springs, PA",A leading company in the hospitality sector.,https://summitanalyticsco.com,+17857757979,273 Oak Rd,Colorado Springs,CA,GB,77388,US/Eastern,False,['existing_customer'],2025-07-04T20:54:38.933634,6339ef1b-ca56-4fa5-9ddb-36a79ac9d12f
0cabe014-7693-496f-88b7-a9c351cb352d,6e2684b5-dd18-4549-8440-7276b577d2b5,CloudPeak Analytics LLC,cloudpeakanalyticsllc.com,Agriculture,11-50,31477437.65,2003,"New Orleans, NC",A leading company in the healthcare sector.,https://cloudpeakanalyticsllc.com,+14871553289,8585 Pine Dr,New Orleans,NM,BR,16086,UTC,False,"['hot_lead', 'seasonal']",2026-07-24T02:22:27.933677,eb9f903e-4cd4-462b-9c0c-0720da83cfc0
b20927d7-c6e6-4e68-843c-32f7456ac90d,6e2684b5-dd18-4549-8440-7276b577d2b5,Atlas Computing Co,atlascomputingco.com,Legal,500+,272197813.54,1991,"Arlington, OR",A leading company in the hospitality sector.,https://atlascomputingco.com,+17863904992,1375 Cedar Blvd,Arlington,OR,DE,77681,US/Pacific,False,"['high_priority', 'referral_partner']",2025-02-11T21:34:41.933729,63c904bb-37e1-42e9-b828-03d273915302
39d1684f-acfe-4bb5-bf5c-913d32f44419,6e2684b5-dd18-4549-8440-7276b577d2b5,GreenField Capital Ltd,greenfieldcapitalltd.com,Marketing,1-10,257294909.51,1997,"Austin, OH",A leading company in the manufacturing sector.,https://greenfieldcapitalltd.com,+12802753761,6034 Cedar St,Austin,VA,DE,64344,US/Central,False,"['win_back', 'high_priority', 'at_risk']",2025-07-21T02:52:22.933782,eb9f903e-4cd4-462b-9c0c-0720da83cfc0
354c92ee-b7a7-4582-a9c5-e727027ac048,6e2684b5-dd18-4549-8440-7276b577d2b5,EverGreen Solutions Inc,evergreensolutionsinc.com,Healthcare,11-50,286764581.35,1990,"Indianapolis, TX",A leading company in the construction sector.,https://evergreensolutionsinc.com,+16463290761,9476 Oak St,Indianapolis,TX,FR,33597,US/Pacific,False,[],2025-11-22T06:25:44.933836,8e8f6232-b5f8-466d-98c1-6a9d8090c3eb
bf7872a0-3d26-445b-8eb8-80751ff502ed,6e2684b5-dd18-4549-8440-7276b577d2b5,SwiftScale Group,swiftscalegroup.com,Agriculture,11-50,109720939.22,2006,"Albuquerque, NE",A leading company in the manufacturing sector.,https://swiftscalegroup.com,+19707817314,3079 Cedar Rd,Albuquerque,CA,GB,99861,US/Central,False,[],2025-09-28T17:04:37.933885,876017f1-7629-48e0-9ce9-20b44276c7d6
eb7bfd8d-c392-4b67-86fd-eeb7b9733441,6e2684b5-dd18-4549-8440-7276b577d2b5,GreenField Capital Inc,greenfieldcapitalinc.com,Real Estate,500+,429802866.42,2012,"Los Angeles, CA",A leading company in the media sector.,https://greenfieldcapitalinc.com,+15549851402,1677 Oak Dr,Los Angeles,NC,MX,15116,UTC,True,['referral_partner'],2025-02-07T02:56:41.933942,876017f1-7629-48e0-9ce9-20b44276c7d6
6a505888-9ce9-42a9-86a2-413b37e0de7d,6e2684b5-dd18-4549-8440-7276b577d2b5,Ember Labs Ltd,emberlabsltd.com,Healthcare,1000+,264931768.64,1994,"Boston, NM",A leading company in the hospitality sector.,https://emberlabsltd.com,+17800429824,9539 Main Dr,Boston,TX,FR,72539,US/Eastern,False,[],2025-11-23T01:05:24.933991,63c904bb-37e1-42e9-b828-03d273915302
f622b1bc-12e3-45d2-830a-6236b4572c59,6e2684b5-dd18-4549-8440-7276b577d2b5,Jade Consulting Ltd,jadeconsultingltd.com,Real Estate,1-10,354588961.16,1980,"San Francisco, KS",A leading company in the construction sector.,https://jadeconsultingltd.com,+16801037297,217 Elm Ave,San Francisco,MN,AU,63588,US/Central,True,"['churned', 'existing_customer', 'upsell']",2025-10-30T22:49:33.934035,876017f1-7629-48e0-9ce9-20b44276c7d6
ad9a280d-fbd8-480c-aa40-8b5cb910a46d,6e2684b5-dd18-4549-8440-7276b577d2b5,Pearl Analytics Corp,pearlanalyticscorp.com,Legal,1000+,198757201.39,1993,"Raleigh, TN",A leading company in the insurance sector.,https://pearlanalyticscorp.com,+19661312901,8004 Oak Blvd,Raleigh,GA,JP,73407,US/Central,False,"['seasonal', 'webinar_attendee']",2025-06-26T07:38:33.934088,7223e10a-b124-4a7f-a342-f0f59020ba2f
65dd6d00-baba-4512-b106-9e779ed6e9fc,6e2684b5-dd18-4549-8440-7276b577d2b5,Summit Analytics Ltd,summitanalyticsltd.com,Retail,1-10,107268347.86,2005,"Minneapolis, OK",A leading company in the insurance sector.,https://summitanalyticsltd.com,+18932186158,952 Oak Dr,Minneapolis,FL,US,21939,US/Eastern,False,"['startup', 'upsell', 'renewal']",2026-02-19T06:13:15.934139,7675c849-0f1f-4fa3-923c-f392ea4a2f35
bfd3a28b-28ab-496c-a86c-c6c733c446d6,6e2684b5-dd18-4549-8440-7276b577d2b5,CloudPeak Analytics Partners,cloudpeakanalyticspartners.com,Hospitality,500+,328104806.17,1998,"Portland, OK",A leading company in the aerospace sector.,https://cloudpeakanalyticspartners.com,+16541769127,2971 Elm Dr,Portland,NY,DE,96099,US/Central,True,['referral_partner'],2025-07-28T04:37:11.934188,6339ef1b-ca56-4fa5-9ddb-36a79ac9d12f
1acbdd4c-7cfa-4b39-86ba-62e4b463c188,6e2684b5-dd18-4549-8440-7276b577d2b5,Catalyst Group Partners,catalystgrouppartners.com,Retail,1-10,498408731.06,2005,"New York, TX",A leading company in the hospitality sector.,https://catalystgrouppartners.com,+18036365946,3381 Cedar St,New York,TX,CA,21818,US/Central,False,"['demo', 'upsell']",2025-09-25T01:23:02.934233,8e8f6232-b5f8-466d-98c1-6a9d8090c3eb
9b2b8c0d-6a2e-4ea7-8b07-d16f67790856,6e2684b5-dd18-4549-8440-7276b577d2b5,Nimbus Networks Ltd,nimbusnetworksltd.com,Technology,51-200,87558641.67,2012,"Kansas City, TX",A leading company in the insurance sector.,https://nimbusnetworksltd.com,+16605862675,4921 Pine St,Kansas City,CA,FR,80504,US/Central,False,"['existing_customer', 'high_priority', 'renewal']",2026-01-18T20:00:47.934277,1f599b2d-4c19-4c7e-91e2-f8655b60b03d
79f3cfda-4232-45e3-b207-4cb9edb32587,6e2684b5-dd18-4549-8440-7276b577d2b5,Nimbus Networks Group,nimbusnetworksgroup.com,Agriculture,1-10,128946991.42,2004,"Los Angeles, FL",A leading company in the marketing sector.,https://nimbusnetworksgroup.com,+19202286396,3867 Pine Dr,Los Angeles,TX,JP,80208,UTC,False,"['renewal', 'cross_sell']",2025-05-11T17:49:53.934329,1f599b2d-4c19-4c7e-91e2-f8655b60b03d
d939d182-e848-4287-999c-cf7c2f137044,6e2684b5-dd18-4549-8440-7276b577d2b5,Bronze Gate Co,bronzegateco.com,Finance,500+,465701550.11,2010,"Oklahoma City, TN",A leading company in the transportation sector.,https://bronzegateco.com,+17233701675,9499 Pine Ave,Oklahoma City,TX,DE,75404,US/Eastern,True,['upsell'],2025-09-04T11:39:07.934380,8e8f6232-b5f8-466d-98c1-6a9d8090c3eb
e406f5f5-ab6d-41f0-b7ed-2dba5500dc21,6e2684b5-dd18-4549-8440-7276b577d2b5,Catalyst Group Co,catalystgroupco.com,Transportation,11-50,389480293.33,1987,"Raleigh, PA",A leading company in the agriculture sector.,https://catalystgroupco.com,+14636366799,8971 Main Dr,Raleigh,MA,MX,51342,US/Pacific,False,"['high_priority', 'nurture']",2026-07-13T13:30:40.934423,876017f1-7629-48e0-9ce9-20b44276c7d6
1e59dac1-2342-4a01-9f7d-22d90e539b01,6e2684b5-dd18-4549-8440-7276b577d2b5,Summit Analytics Co,summitanalyticsco.com,Manufacturing,1-10,262891435.14,2007,"Kansas City, NM",A leading company in the insurance sector.,https://summitanalyticsco.com,+16434822788,5789 Elm Ave,Kansas City,WI,CA,77922,US/Pacific,False,[],2025-02-17T10:58:48.934469,876017f1-7629-48e0-9ce9-20b44276c7d6
8eeae569-4ee7-4277-8ea9-cab565c5a0aa,6e2684b5-dd18-4549-8440-7276b577d2b5,Ruby Software Inc,rubysoftwareinc.com,Transportation,500+,430927919.54,1991,"Nashville, GA",A leading company in the legal sector.,https://rubysoftwareinc.com,+13018504919,7822 Cedar Blvd,Nashville,MA,GB,75374,US/Pacific,True,"['demo', 'webinar_attendee']",2025-11-18T19:43:02.934513,d53e375b-e751-4c1c-9dd2-2c198336f144
73b78d6a-bca6-4f76-a056-9eacc4744894,6e2684b5-dd18-4549-8440-7276b577d2b5,Pearl Analytics LLC,pearlanalyticsllc.com,Marketing,1-10,360421688.93,1995,"Kansas City, GA",A leading company in the media sector.,https://pearlanalyticsllc.com,+15677818023,3312 Oak Ave,Kansas City,NM,US,33148,US/Pacific,False,"['high_priority', 'cross_sell']",2025-10-19T23:46:25.934560,eb9f903e-4cd4-462b-9c0c-0720da83cfc0
e941ff61-a488-41cf-8318-4c8c37d49f6b,6e2684b5-dd18-4549-8440-7276b577d2b5,Pearl Analytics Inc,pearlanalyticsinc.com,Education,1000+,81712773.05,1993,"Las Vegas, CA",A leading company in the agriculture sector.,https://pearlanalyticsinc.com,+19898323351,1677 Elm Blvd,Las Vegas,CA,AU,57226,US/Central,False,"['hot_lead', 'demo', 'win_back']",2025-08-28T00:18:34.934603,7675c849-0f1f-4fa3-923c-f392ea4a2f35
c83edafb-e5db-4270-b570-ec0938c7f6fa,6e2684b5-dd18-4549-8440-7276b577d2b5,Crystal Clear Partners,crystalclearpartners.com,Retail,51-200,177586763.74,2023,"Sacramento, CA",A leading company in the agriculture sector.,https://crystalclearpartners.com,+19622469015,7422 Main Dr,Sacramento,NC,FR,70784,US/Eastern,False,"['content_downloader', 'churned']",2026-03-26T05:54:16.934660,f26bd177-029d-4863-993c-dfebe5004897
72e47958-40e5-4702-ad88-2f00742b91d6,6e2684b5-dd18-4549-8440-7276b577d2b5,Apex Innovations Corp,apexinnovationscorp.com,Energy,51-200,326523898.06,2025,"Charlotte, WA",A leading company in the aerospace sector.,https://apexinnovationscorp.com,+14768726167,4544 Elm Blvd,Charlotte,TX,MX,78280,US/Pacific,False,['vip'],2025-06-13T11:50:58.934706,1f599b2d-4c19-4c7e-91e2-f8655b60b03d
59426c92-1418-476a-b553-fe47037776ac,6e2684b5-dd18-4549-8440-7276b577d2b5,Velocity Labs Partners,velocitylabspartners.com,Finance,11-50,83496887.0,1986,"Minneapolis, TX",A leading company in the finance sector.,https://velocitylabspartners.com,+18327284800,981 Main Dr,Minneapolis,AZ,CA,23622,US/Central,False,[],2026-03-11T14:34:14.934750,8e8f6232-b5f8-466d-98c1-6a9d8090c3eb
fae7ec60-78e7-47ae-9003-51b26df6f180,6e2684b5-dd18-4549-8440-7276b577d2b5,Catalyst Group Partners,catalystgrouppartners.com,Telecommunications,1000+,63249533.01,2013,"Denver, TX",A leading company in the technology sector.,https://catalystgrouppartners.com,+16445956784,5946 Pine Dr,Denver,WI,JP,45705,US/Pacific,True,['existing_customer'],2026-05-19T02:16:57.934806,7223e10a-b124-4a7f-a342-f0f59020ba2f
dea72029-1ba1-4b5d-9e6d-592951f4bc65,6e2684b5-dd18-4549-8440-7276b577d2b5,Opal Solutions Group,opalsolutionsgroup.com,Construction,1000+,319782147.94,1999,"Louisville, TX",A leading company in the agriculture sector.,https://opalsolutionsgroup.com,+14317856944,1567 Elm Blvd,Louisville,MA,IN,44053,US/Eastern,False,[],2026-07-25T08:16:10.934854,6339ef1b-ca56-4fa5-9ddb-36a79ac9d12f
848a1845-563a-442e-81af-56cf082e899a,6e2684b5-dd18-4549-8440-7276b577d2b5,Prism Technologies Ltd,prismtechnologiesltd.com,Technology,1000+,461048093.45,2010,"Sacramento, DC",A leading company in the technology sector.,https://prismtechnologiesltd.com,+15289383176,4899 Cedar Ave,Sacramento,NY,JP,58974,US/Eastern,False,"['webinar_attendee', 'renewal', 'nurture']",2026-03-11T17:04:57.934903,8e8f6232-b5f8-466d-98c1-6a9d8090c3eb
69de1c1d-70ea-4d51-a7c9-3295839b6dbf,6e2684b5-dd18-4549-8440-7276b577d2b5,Velocity Labs Inc,velocitylabsinc.com,Marketing,500+,382280920.12,2019,"Louisville, MN",A leading company in the legal sector.,https://velocitylabsinc.com,+17517645058,8815 Pine Dr,Louisville,TX,CA,33908,US/Eastern,True,"['referral_partner', 'pricing_page', 'upsell']",2026-06-23T10:08:38.934960,6339ef1b-ca56-4fa5-9ddb-36a79ac9d12f
2b5a6213-159d-403b-b73c-4fa6a5bb8f69,6e2684b5-dd18-4549-8440-7276b577d2b5,DataFlow Systems LLC,dataflowsystemsllc.com,Insurance,1-10,93009502.19,1986,"Houston, CO",A leading company in the legal sector.,https://dataflowsystemsllc.com,+16832006587,7283 Main Ave,Houston,PA,GB,11930,US/Pacific,True,"['cross_sell', 'high_priority', 'demo']",2026-05-25T04:27:44.935022,6339ef1b-ca56-4fa5-9ddb-36a79ac9d12f
b4fb2118-94f0-4d1f-85d8-ffaa945069dc,6e2684b5-dd18-4549-8440-7276b577d2b5,BlueShift Labs Co,blueshiftlabsco.com,Manufacturing,1-10,133288463.94,2005,"New Orleans, AZ",A leading company in the insurance sector.,https://blueshiftlabsco.com,+14019265031,3248 Pine Dr,New Orleans,NY,CA,42631,US/Pacific,False,"['renewal', 'bulk_order', 'enterprise']",2025-08-27T20:05:07.935061,7223e10a-b124-4a7f-a342-f0f59020ba2f
d70698ca-9664-42f9-80a4-102bf575839f,6e2684b5-dd18-4549-8440-7276b577d2b5,Golden Ratio Inc,goldenratioinc.com,Real Estate,201-500,194592024.14,1999,"Mesa, TN",A leading company in the retail sector.,https://goldenratioinc.com,+18997207175,791 Cedar Rd,Mesa,CA,FR,73075,US/Central,True,[],2025-09-16T07:25:06.935091,8e8f6232-b5f8-466d-98c1-6a9d8090c3eb
6fb72bb6-da33-4927-be47-c2599602d780,6e2684b5-dd18-4549-8440-7276b577d2b5,Opal Solutions Ltd,opalsolutionsltd.com,Technology,11-50,397205479.15,2017,"Nashville, CA",A leading company in the hospitality sector.,https://opalsolutionsltd.com,+15389346722,246 Main Rd,Nashville,MN,BR,88146,US/Eastern,False,[],2025-10-17T09:02:54.935123,58f39eeb-75cb-4ef4-96ba-4a30c22a7a1e
52cd4af7-c92d-4ef0-a356-b6c5e5bbc9b2,6e2684b5-dd18-4549-8440-7276b577d2b5,BlueShift Labs Partners,blueshiftlabspartners.com,Energy,1000+,30073165.24,2002,"Raleigh, CA",A leading company in the manufacturing sector.,https://blueshiftlabspartners.com,+19307148721,1859 Oak Dr,Raleigh,NC,AU,83184,US/Central,False,"['bulk_order', 'at_risk', 'vip']",2026-02-26T16:20:50.935155,7223e10a-b124-4a7f-a342-f0f59020ba2f
3dcfad1d-76f8-4bae-87a2-eb67d31fbdaa,6e2684b5-dd18-4549-8440-7276b577d2b5,GreenField Capital Corp,greenfieldcapitalcorp.com,Agriculture,1000+,218778127.08,1998,"Chicago, CA",A leading company in the agriculture sector.,https://greenfieldcapitalcorp.com,+17110048289,3157 Cedar Blvd,Chicago,TN,BR,46087,US/Eastern,True,['pricing_page'],2025-12-04T12:53:42.935183,71030eb2-1621-4863-8e2d-b6184abb7f32
5e7fb560-56ba-46d6-88f6-8b3886d84448,6e2684b5-dd18-4549-8440-7276b577d2b5,NovaTech Solutions Ltd,novatechsolutionsltd.com,Construction,201-500,366842187.83,1981,"New York, NC",A leading company in the transportation sector.,https://novatechsolutionsltd.com,+19627933080,4012 Pine St,New York,VA,JP,60789,US/Eastern,False,"['new_market', 'cold_lead', 'referral_partner']",2025-11-21T15:03:08.935216,876017f1-7629-48e0-9ce9-20b44276c7d6
178fc3ac-7214-49d0-af05-809848900cdc,6e2684b5-dd18-4549-8440-7276b577d2b5,Crystal Clear Corp,crystalclearcorp.com,Education,500+,329462570.52,1982,"San Diego, TX",A leading company in the retail sector.,https://crystalclearcorp.com,+15751622928,3410 Main Dr,San Diego,TX,CA,14170,US/Pacific,False,"['enterprise', 'demo']",2025-09-20T01:22:08.935244,7223e10a-b124-4a7f-a342-f0f59020ba2f
de4edcae-9b07-49d0-aa0a-2fe6914adee8,6e2684b5-dd18-4549-8440-7276b577d2b5,Quantum Dynamics Inc,quantumdynamicsinc.com,Agriculture,1-10,234056168.76,2020,"Columbus, TX",A leading company in the transportation sector.,https://quantumdynamicsinc.com,+18691644467,6914 Pine St,Columbus,NC,FR,79339,UTC,False,"['startup', 'at_risk']",2026-07-21T06:50:34.935272,f26bd177-029d-4863-993c-dfebe5004897
3620c053-7943-4e32-9e69-c83f90f67ca3,6e2684b5-dd18-4549-8440-7276b577d2b5,Iron Mountain LLC,ironmountainllc.com,Hospitality,11-50,96600067.96,2022,"Sacramento, IN",A leading company in the automotive sector.,https://ironmountainllc.com,+18980717925,3031 Cedar Rd,Sacramento,TN,CA,93705,US/Central,False,"['hot_lead', 'nurture', 'new_market']",2026-03-23T21:40:56.935300,6339ef1b-ca56-4fa5-9ddb-36a79ac9d12f
92c5a9dc-80d5-4bd6-a4ec-834bb24943b9,6e2684b5-dd18-4549-8440-7276b577d2b5,Copper Systems LLC,coppersystemsllc.com,Aerospace,201-500,466763308.76,2000,"Sacramento, GA",A leading company in the energy sector.,https://coppersystemsllc.com,+15628620372,6855 Elm Blvd,Sacramento,NE,DE,83812,US/Eastern,False,"['demo', 'pricing_page']",2026-05-09T17:45:52.935332,8b51f21b-0da9-4139-8f04-0ef4187ce705
62514d73-9fc4-48fd-a4d9-50852cdaf0b0,6e2684b5-dd18-4549-8440-7276b577d2b5,Iron Mountain Inc,ironmountaininc.com,Aerospace,1-10,258828798.95,1999,"Denver, NY",A leading company in the consulting sector.,https://ironmountaininc.com,+16227941857,3619 Pine St,Denver,KS,FR,82569,US/Eastern,True,"['demo', 'cold_lead', 'upsell']",2026-02-16T00:30:09.935361,8e8f6232-b5f8-466d-98c1-6a9d8090c3eb
56b1ecc1-5357-4e8f-b57b-b2ea58c8c675,6e2684b5-dd18-4549-8440-7276b577d2b5,Summit Analytics Corp,summitanalyticscorp.com,Finance,500+,199929134.33,1993,"Washington DC, FL",A leading company in the finance sector.,https://summitanalyticscorp.com,+15107754709,8005 Oak Dr,Washington DC,MN,MX,22499,US/Central,True,"['startup', 'enterprise', 'trial']",2026-01-27T19:07:10.935393,876017f1-7629-48e0-9ce9-20b44276c7d6
3eba8e4f-67bc-484f-b06d-1d2caf261c91,7319bb38-0e1a-42a0-a1a3-c170af371232,SilverLine Corp Co,silverlinecorpco.com,Marketing,1000+,326406952.62,2018,"Wichita, NY",A leading company in the hospitality sector.,https://silverlinecorpco.com,+12232477787,8691 Main Blvd,Wichita,CA,MX,29605,US/Central,False,['cold_lead'],2025-03-28T17:36:40.935457,5b11e466-caa2-4b0d-ad40-becd33c6cbc2
16efcce2-d415-4fa3-b1fd-b2f273dd56f3,7319bb38-0e1a-42a0-a1a3-c170af371232,Silver Stream Group,silverstreamgroup.com,Construction,1-10,111081709.79,1998,"Kansas City, NV",A leading company in the manufacturing sector.,https://silverstreamgroup.com,+12567747634,1452 Elm Rd,Kansas City,TX,US,81847,US/Pacific,True,"['low_priority', 'content_downloader', 'seasonal']",2025-06-18T08:13:02.935496,5b11e466-caa2-4b0d-ad40-becd33c6cbc2
3edadcca-2476-47ad-bff2-971966418e62,7319bb38-0e1a-42a0-a1a3-c170af371232,Onyx Data LLC,onyxdatallc.com,Hospitality,1000+,285686774.92,2015,"Tucson, NC",A leading company in the construction sector.,https://onyxdatallc.com,+13057617830,1273 Pine Dr,Tucson,TN,MX,21743,UTC,False,"['demo', 'at_risk', 'trial']",2026-01-24T00:55:45.935526,af8ae744-eaf6-49a6-9c7f-4f4aa9e503ee
4098032d-7363-422b-bda4-af7de226ddf7,7319bb38-0e1a-42a0-a1a3-c170af371232,DataFlow Systems Co,dataflowsystemsco.com,Retail,51-200,308129686.18,2008,"Washington DC, NC",A leading company in the manufacturing sector.,https://dataflowsystemsco.com,+13891776000,3925 Oak Blvd,Washington DC,CA,CA,24728,UTC,True,['cross_sell'],2025-02-19T15:48:18.935555,638bfc6a-5a8b-4bf8-9f66-0c0d0744f19a
29d44821-7bf8-40a8-b87d-6e0552278397,7319bb38-0e1a-42a0-a1a3-c170af371232,Crystal Corp Inc,crystalcorpinc.com,Telecommunications,201-500,11422920.17,1993,"Washington DC, TX",A leading company in the insurance sector.,https://crystalcorpinc.com,+12909997553,9052 Cedar Blvd,Washington DC,GA,BR,91663,US/Eastern,False,[],2026-02-26T00:32:00.935594,aabd8828-4992-4138-a82c-82d2ace3e408
83119fa2-d428-473c-8f5a-5add53b73dd5,7319bb38-0e1a-42a0-a1a3-c170af371232,Copper Systems Group,coppersystemsgroup.com,Legal,11-50,30102019.29,1992,"Chicago, MN",A leading company in the aerospace sector.,https://coppersystemsgroup.com,+13165144965,7717 Main St,Chicago,OR,FR,96898,US/Central,False,[],2025-12-02T02:57:04.935628,eaf0989b-5b56-4b72-9a32-2711e9c394ff
6159fe3a-ab95-41ce-8cd1-fc6f727d0406,7319bb38-0e1a-42a0-a1a3-c170af371232,Summit Analytics Ltd,summitanalyticsltd.com,Education,51-200,242356842.81,2018,"Fresno, CA",A leading company in the finance sector.,https://summitanalyticsltd.com,+12800656591,8302 Elm Rd,Fresno,OK,US,15210,US/Eastern,False,"['trial', 'high_priority']",2026-03-14T09:01:23.935657,f6c1513d-8b13-441d-98bb-1a986c21400d
84c4c92c-7fcb-4919-ae88-8729facac8ff,7319bb38-0e1a-42a0-a1a3-c170af371232,Apex Health Partners,apexhealthpartners.com,Transportation,1000+,151197989.49,2012,"El Paso, WA",A leading company in the healthcare sector.,https://apexhealthpartners.com,+14687757741,6443 Main Rd,El Paso,WA,DE,29884,US/Central,False,['startup'],2026-03-03T22:15:56.935685,af8ae744-eaf6-49a6-9c7f-4f4aa9e503ee
552b203c-06fd-49ec-ac6a-eeb26b7914dd,7319bb38-0e1a-42a0-a1a3-c170af371232,Topaz Digital Co,topazdigitalco.com,Marketing,201-500,120218386.04,1989,"Miami, KY",A leading company in the consulting sector.,https://topazdigitalco.com,+13414267186,8983 Oak Ave,Miami,CA,GB,86156,US/Eastern,False,"['seasonal', 'low_priority']",2025-06-23T18:57:54.935718,aabd8828-4992-4138-a82c-82d2ace3e408
a8fc4c55-774c-4f65-9289-cacaaa280ba7,7319bb38-0e1a-42a0-a1a3-c170af371232,Golden Ratio LLC,goldenratiollc.com,Automotive,11-50,158782230.61,2015,"Long Beach, CA",A leading company in the education sector.,https://goldenratiollc.com,+12790854733,2484 Main Blvd,Long Beach,TN,IN,49760,US/Pacific,False,"['cold_lead', 'at_risk']",2025-05-25T08:05:46.935818,8ae3dae5-38cd-4160-84ef-5c590af0066c
2a946104-b085-49f1-86db-047456cc4cb0,7319bb38-0e1a-42a0-a1a3-c170af371232,DataFlow Systems Co,dataflowsystemsco.com,Aerospace,51-200,302821975.4,2019,"Raleigh, NC",A leading company in the aerospace sector.,https://dataflowsystemsco.com,+12997216402,527 Pine St,Raleigh,MN,BR,27575,US/Pacific,False,"['nurture', 'webinar_attendee']",2026-06-23T20:33:33.935877,8ae3dae5-38cd-4160-84ef-5c590af0066c
eefe4750-7214-4035-a082-3b5fad2af2b1,7319bb38-0e1a-42a0-a1a3-c170af371232,Apex Innovations LLC,apexinnovationsllc.com,Healthcare,201-500,382281200.12,1980,"Charlotte, WA",A leading company in the media sector.,https://apexinnovationsllc.com,+17250830337,3423 Oak St,Charlotte,FL,BR,90879,US/Pacific,False,"['renewal', 'content_downloader', 'webinar_attendee']",2025-03-20T01:26:27.935908,638bfc6a-5a8b-4bf8-9f66-0c0d0744f19a
ae888bfe-3983-4f69-8c20-3ca78cd2b326,7319bb38-0e1a-42a0-a1a3-c170af371232,Fusion Analytics Partners,fusionanalyticspartners.com,Hospitality,500+,469572609.67,2016,"Nashville, NE",A leading company in the insurance sector.,https://fusionanalyticspartners.com,+18550815246,730 Cedar St,Nashville,MD,BR,15559,US/Eastern,False,"['bulk_order', 'enterprise', 'new_market']",2026-03-08T22:05:54.935937,af8e7df9-9ce7-4499-ab19-610e813af04b
29dbcc5c-f0d1-4f5b-9906-7cd01a1c4689,7319bb38-0e1a-42a0-a1a3-c170af371232,Opal Solutions Inc,opalsolutionsinc.com,Consulting,201-500,199050043.73,1999,"Fort Worth, KS",A leading company in the consulting sector.,https://opalsolutionsinc.com,+13981470996,7021 Pine Rd,Fort Worth,TX,JP,28643,US/Pacific,False,"['startup', 'bulk_order', 'low_priority']",2025-05-31T09:51:07.936096,af8e7df9-9ce7-4499-ab19-610e813af04b
5b84aa07-ed27-489c-b90b-8ef14c23e729,7319bb38-0e1a-42a0-a1a3-c170af371232,Ruby Software Partners,rubysoftwarepartners.com,Manufacturing,201-500,206808974.58,2008,"Sacramento, CA",A leading company in the retail sector.,https://rubysoftwarepartners.com,+18243511210,3408 Elm St,Sacramento,CA,AU,95010,US/Eastern,False,[],2025-05-09T07:27:48.936140,638bfc6a-5a8b-4bf8-9f66-0c0d0744f19a
401e2b01-f425-460d-b7e6-5cf67da9f68e,7319bb38-0e1a-42a0-a1a3-c170af371232,SwiftScale Partners,swiftscalepartners.com,Finance,500+,353654195.43,2012,"Boston, NC",A leading company in the retail sector.,https://swiftscalepartners.com,+17921379624,6335 Main Ave,Boston,OK,MX,96445,US/Eastern,True,['nurture'],2025-03-29T18:35:00.936175,fd2fd60f-404e-41a6-95e7-9a06e7913261
c6bc0a13-c0f0-48ea-879b-adac924a6d2b,7319bb38-0e1a-42a0-a1a3-c170af371232,Vanguard Systems Partners,vanguardsystemspartners.com,Telecommunications,51-200,313245102.19,1987,"Wichita, TX",A leading company in the real estate sector.,https://vanguardsystemspartners.com,+16310140964,4246 Main Dr,Wichita,AZ,BR,81237,UTC,False,"['renewal', 'at_risk', 'existing_customer']",2026-06-07T19:49:37.936208,eaf0989b-5b56-4b72-9a32-2711e9c394ff
e1314932-d291-4995-ad24-d29644d18363,7319bb38-0e1a-42a0-a1a3-c170af371232,SwiftScale Inc,swiftscaleinc.com,Aerospace,1-10,122394350.06,2015,"Omaha, WA",A leading company in the aerospace sector.,https://swiftscaleinc.com,+18994935887,3501 Main Ave,Omaha,CA,US,95626,US/Central,True,[],2025-12-07T15:21:44.936235,aabd8828-4992-4138-a82c-82d2ace3e408
391dab62-9faf-4cbc-acab-51a6ca1bf78d,7319bb38-0e1a-42a0-a1a3-c170af371232,BlueShift Labs Inc,blueshiftlabsinc.com,Media,11-50,80709546.95,1998,"San Antonio, NC",A leading company in the aerospace sector.,https://blueshiftlabsinc.com,+18752902290,9310 Oak Dr,San Antonio,TX,MX,57210,UTC,True,"['trial', 'demo']",2026-02-28T05:46:14.936266,af8e7df9-9ce7-4499-ab19-610e813af04b
442b42d8-5729-423a-9f7d-463086abe4ea,7319bb38-0e1a-42a0-a1a3-c170af371232,BrightStar Inc Co,brightstarincco.com,Finance,51-200,235434881.26,1987,"Atlanta, MN",A leading company in the legal sector.,https://brightstarincco.com,+17708907152,6879 Cedar Ave,Atlanta,MN,DE,90223,UTC,True,[],2026-06-16T01:19:34.936297,aabd8828-4992-4138-a82c-82d2ace3e408
70f85d2c-46cf-4f5a-8d96-81c1d0cd7f57,7319bb38-0e1a-42a0-a1a3-c170af371232,Diamond Edge Partners,diamondedgepartners.com,Media,500+,423906595.03,1996,"Denver, AZ",A leading company in the automotive sector.,https://diamondedgepartners.com,+17814755829,2225 Cedar Rd,Denver,AZ,JP,92818,US/Pacific,False,['referral_partner'],2025-10-01T13:52:59.936326,0d1a00d8-532c-48b5-a0d5-e8f37068b7e8
23f8c3c0-7bdd-4031-b59e-40581dedfa94,7319bb38-0e1a-42a0-a1a3-c170af371232,TechNova Solutions Inc,technovasolutionsinc.com,Telecommunications,1000+,398376439.99,1993,"Los Angeles, NC",A leading company in the media sector.,https://technovasolutionsinc.com,+13778293161,5568 Pine Rd,Los Angeles,FL,DE,11480,US/Eastern,False,"['startup', 'cross_sell']",2025-12-09T21:45:17.936366,a3b11eec-7159-4649-ad03-75eeb3c9b04f
e7daaa43-9399-4bea-91e8-41c2b315f8d7,7319bb38-0e1a-42a0-a1a3-c170af371232,Horizon Media Co,horizonmediaco.com,Education,1000+,166674781.09,2005,"New York, FL",A leading company in the automotive sector.,https://horizonmediaco.com,+18940638558,577 Oak Ave,New York,OK,AU,98142,US/Pacific,False,[],2025-06-24T20:50:15.936394,8ae3dae5-38cd-4160-84ef-5c590af0066c
0577e21e-b688-49f6-915d-eb2e3d43a3f4,7319bb38-0e1a-42a0-a1a3-c170af371232,Opal Solutions Ltd,opalsolutionsltd.com,Energy,201-500,392005317.15,2006,"Sacramento, TX",A leading company in the healthcare sector.,https://opalsolutionsltd.com,+19881719133,5004 Cedar Blvd,Sacramento,GA,JP,12453,US/Eastern,False,"['demo', 'startup']",2025-07-07T13:31:05.936423,ba4c6a8d-6e78-4532-82ad-fccefbf8ab96
7df452e2-7d12-4e44-8984-f072175f2f6c,7319bb38-0e1a-42a0-a1a3-c170af371232,DataFlow Systems Corp,dataflowsystemscorp.com,Insurance,11-50,285512271.5,2004,"Portland, FL",A leading company in the aerospace sector.,https://dataflowsystemscorp.com,+16796811170,5150 Pine St,Portland,WA,IN,21376,US/Pacific,False,"['pricing_page', 'cross_sell']",2025-09-14T22:25:30.936455,fd2fd60f-404e-41a6-95e7-9a06e7913261
0e6ee708-2e1b-4aa3-95bf-c1f65ff178c9,7319bb38-0e1a-42a0-a1a3-c170af371232,Zenith Partners Inc,zenithpartnersinc.com,Healthcare,11-50,456681255.39,2008,"Boston, CA",A leading company in the technology sector.,https://zenithpartnersinc.com,+15431787433,8292 Oak Ave,Boston,OK,BR,78632,US/Central,False,['hot_lead'],2026-07-18T08:08:20.936486,0d1a00d8-532c-48b5-a0d5-e8f37068b7e8
3c0f4ab4-a4da-4b98-85e8-2a4b24099a93,7319bb38-0e1a-42a0-a1a3-c170af371232,Iron Mountain Inc,ironmountaininc.com,Hospitality,1000+,432411860.71,1987,"Milwaukee, NY",A leading company in the consulting sector.,https://ironmountaininc.com,+16004358412,9836 Main Blvd,Milwaukee,WI,US,23513,US/Central,True,"['churned', 'at_risk']",2025-12-30T10:36:32.936514,0d1a00d8-532c-48b5-a0d5-e8f37068b7e8
20a79fcd-4c30-422e-9efd-19bde2d9f8d4,7319bb38-0e1a-42a0-a1a3-c170af371232,Prism Technologies Corp,prismtechnologiescorp.com,Energy,201-500,335578464.78,1997,"Sacramento, CA",A leading company in the retail sector.,https://prismtechnologiescorp.com,+13175261501,349 Cedar Rd,Sacramento,CA,CA,37076,US/Central,False,"['cold_lead', 'seasonal']",2025-11-23T00:12:31.936542,0d1a00d8-532c-48b5-a0d5-e8f37068b7e8
de5a0ef7-5873-4964-9179-be5a04cdd814,7319bb38-0e1a-42a0-a1a3-c170af371232,Apex Innovations Inc,apexinnovationsinc.com,Aerospace,51-200,270311522.16,1983,"Washington DC, TX",A leading company in the technology sector.,https://apexinnovationsinc.com,+18316761188,926 Main Dr,Washington DC,TX,CA,65897,US/Pacific,True,"['referral_partner', 'demo', 'cross_sell']",2026-01-11T10:31:16.936574,638bfc6a-5a8b-4bf8-9f66-0c0d0744f19a
ad79535b-0a7d-4122-99c2-de44164d279b,7319bb38-0e1a-42a0-a1a3-c170af371232,Silver Stream Partners,silverstreampartners.com,Finance,201-500,283916261.66,1985,"Sacramento, MN",A leading company in the telecommunications sector.,https://silverstreampartners.com,+12417741397,5185 Elm Dr,Sacramento,NC,DE,28837,US/Central,False,"['nurture', 'seasonal', 'win_back']",2026-01-09T15:07:52.936608,5b11e466-caa2-4b0d-ad40-becd33c6cbc2
eec87d8d-55da-4f1c-8755-d4fce350f4d1,7319bb38-0e1a-42a0-a1a3-c170af371232,Amber Industries Inc,amberindustriesinc.com,Agriculture,1-10,175752838.3,2009,"Phoenix, TX",A leading company in the consulting sector.,https://amberindustriesinc.com,+15298283688,9515 Oak Rd,Phoenix,TX,IN,24022,US/Central,False,[],2025-12-11T22:42:13.936647,5b11e466-caa2-4b0d-ad40-becd33c6cbc2
fd9c689c-c553-4004-9ba3-c98d88fa1a74,7319bb38-0e1a-42a0-a1a3-c170af371232,ClearView Corp Group,clearviewcorpgroup.com,Marketing,500+,121883345.97,1990,"Memphis, NM",A leading company in the hospitality sector.,https://clearviewcorpgroup.com,+12283725262,3511 Cedar Dr,Memphis,KY,MX,54852,US/Eastern,True,[],2026-06-18T07:28:09.936674,968afaab-9fc3-43d8-aea9-de1b0845fb8c
8040b766-cc52-450c-83c2-a805791e3ade,7319bb38-0e1a-42a0-a1a3-c170af371232,Sapphire Tech Ltd,sapphiretechltd.com,Insurance,1-10,411020425.0,1991,"Nashville, DC",A leading company in the hospitality sector.,https://sapphiretechltd.com,+16593929808,1881 Cedar Dr,Nashville,TN,BR,94540,UTC,True,['existing_customer'],2025-02-05T08:38:56.936702,af8ae744-eaf6-49a6-9c7f-4f4aa9e503ee
e222e117-55d9-437b-94c3-3db41f09400b,7319bb38-0e1a-42a0-a1a3-c170af371232,RedRock Ventures Ltd,redrockventuresltd.com,Consulting,201-500,307805304.53,2008,"Sacramento, TX",A leading company in the real estate sector.,https://redrockventuresltd.com,+19222059593,5287 Pine Rd,Sacramento,CA,FR,66980,US/Central,False,[],2026-07-12T18:01:23.936734,ba4c6a8d-6e78-4532-82ad-fccefbf8ab96
de300efe-6f42-4241-a009-316d00764fed,7319bb38-0e1a-42a0-a1a3-c170af371232,GreenField Capital Co,greenfieldcapitalco.com,Healthcare,51-200,450542793.75,1983,"Denver, NY",A leading company in the insurance sector.,https://greenfieldcapitalco.com,+19820075797,5985 Main Blvd,Denver,CA,DE,66585,US/Pacific,False,"['webinar_attendee', 'content_downloader', 'new_market']",2025-09-09T09:37:14.936763,5b11e466-caa2-4b0d-ad40-becd33c6cbc2
4ad765f0-140f-4d4f-a0da-6102b730c15c,7319bb38-0e1a-42a0-a1a3-c170af371232,GreenField Capital LLC,greenfieldcapitalllc.com,Hospitality,51-200,419989345.23,1989,"Atlanta, CO",A leading company in the manufacturing sector.,https://greenfieldcapitalllc.com,+12576717254,1275 Main Ave,Atlanta,FL,BR,96235,US/Pacific,False,['startup'],2025-06-26T02:41:25.936790,af8e7df9-9ce7-4499-ab19-610e813af04b
e2569362-1dda-467b-8929-f9b185aaf120,7319bb38-0e1a-42a0-a1a3-c170af371232,EverGreen Solutions Co,evergreensolutionsco.com,Aerospace,201-500,311643078.38,2009,"Milwaukee, CA",A leading company in the media sector.,https://evergreensolutionsco.com,+18666004113,7473 Elm Blvd,Milwaukee,NC,GB,65675,UTC,False,['seasonal'],2026-07-03T13:06:36.936818,eaf0989b-5b56-4b72-9a32-2711e9c394ff
84f2a11e-d30c-4d21-910b-d745a02a8f6a,7319bb38-0e1a-42a0-a1a3-c170af371232,Jade Consulting Group,jadeconsultinggroup.com,Healthcare,1-10,284096381.37,2025,"Boston, MA",A leading company in the education sector.,https://jadeconsultinggroup.com,+14492235444,1411 Oak Rd,Boston,LA,FR,70940,UTC,False,[],2025-10-14T20:30:30.936845,af8ae744-eaf6-49a6-9c7f-4f4aa9e503ee
57f12e67-2f19-4a9c-a140-dfc575cfe0f6,7319bb38-0e1a-42a0-a1a3-c170af371232,Bronze Gate Partners,bronzegatepartners.com,Finance,1000+,316862147.67,2017,"Virginia Beach, DC",A leading company in the aerospace sector.,https://bronzegatepartners.com,+16521631058,5728 Cedar St,Virginia Beach,NM,BR,77195,US/Pacific,False,"['content_downloader', 'demo']",2025-12-03T13:50:12.936872,8ae3dae5-38cd-4160-84ef-5c590af0066c
9995af27-9726-4781-8a4c-232f305ad00a,7319bb38-0e1a-42a0-a1a3-c170af371232,CloudPeak Analytics Partners,cloudpeakanalyticspartners.com,Consulting,1000+,392521526.5,1996,"Omaha, TX",A leading company in the agriculture sector.,https://cloudpeakanalyticspartners.com,+14483097086,9485 Main Blvd,Omaha,TX,MX,13578,US/Central,False,['low_priority'],2025-04-24T13:25:23.936904,fd2fd60f-404e-41a6-95e7-9a06e7913261
489d5b9c-66b6-4d83-bf5c-f6f5846c2201,7319bb38-0e1a-42a0-a1a3-c170af371232,GreenField Capital Group,greenfieldcapitalgroup.com,Legal,51-200,7150794.88,1987,"Seattle, NE",A leading company in the retail sector.,https://greenfieldcapitalgroup.com,+15173840107,7417 Pine Ave,Seattle,CA,DE,73559,US/Eastern,False,[],2026-01-22T06:22:47.936938,8ae3dae5-38cd-4160-84ef-5c590af0066c
6231b955-9f3d-48c9-bd86-0ce003d41ca2,7319bb38-0e1a-42a0-a1a3-c170af371232,Sapphire Tech Co,sapphiretechco.com,Agriculture,201-500,385195376.18,1995,"San Jose, VA",A leading company in the telecommunications sector.,https://sapphiretechco.com,+19413109640,2840 Oak Rd,San Jose,FL,AU,17120,US/Central,False,[],2025-03-30T09:24:32.936966,5b11e466-caa2-4b0d-ad40-becd33c6cbc2
dc8a34a1-09a2-4284-a849-d717ae527d75,7319bb38-0e1a-42a0-a1a3-c170af371232,ClearView Corp Ltd,clearviewcorpltd.com,Agriculture,1000+,474128474.69,2014,"Washington DC, NC",A leading company in the hospitality sector.,https://clearviewcorpltd.com,+19230620219,6490 Elm Blvd,Washington DC,CA,JP,66981,UTC,True,"['webinar_attendee', 'win_back', 'trial']",2026-08-01T04:48:01.937000,96bb061b-9355-4d14-bab8-c5b59a63ac2a
e57fa58d-e5d8-4bf0-9dce-3f01affd781f,7319bb38-0e1a-42a0-a1a3-c170af371232,Jade Consulting Partners,jadeconsultingpartners.com,Media,500+,459025106.11,1997,"El Paso, OK",A leading company in the legal sector.,https://jadeconsultingpartners.com,+17442100705,1710 Pine Rd,El Paso,NV,BR,98511,US/Eastern,False,['low_priority'],2026-01-16T09:51:27.937028,38b1938d-3cd4-479f-8f9c-d5fc4c1dd8fd
6e3a0d47-8b18-42b8-bd55-e047f9daf4f4,7319bb38-0e1a-42a0-a1a3-c170af371232,Onyx Data Inc,onyxdatainc.com,Technology,1-10,6030107.44,1986,"Oakland, AZ",A leading company in the education sector.,https://onyxdatainc.com,+14944198153,5859 Oak Blvd,Oakland,CA,DE,14461,UTC,False,[],2025-09-16T01:07:47.937055,af8ae744-eaf6-49a6-9c7f-4f4aa9e503ee
39327c0f-8589-45d2-a2bb-0ff56af2df71,7319bb38-0e1a-42a0-a1a3-c170af371232,SilverLine Corp Partners,silverlinecorppartners.com,Finance,500+,64997131.24,2022,"San Diego, LA",A leading company in the automotive sector.,https://silverlinecorppartners.com,+19744685292,3127 Main Ave,San Diego,CA,FR,71204,UTC,False,"['content_downloader', 'seasonal']",2026-01-02T12:40:34.937088,8ae3dae5-38cd-4160-84ef-5c590af0066c
8e47ca5c-8d7e-44e4-b66c-16d73529d858,7319bb38-0e1a-42a0-a1a3-c170af371232,Golden Ratio Inc,goldenratioinc.com,Healthcare,201-500,194325784.34,1983,"Seattle, CA",A leading company in the legal sector.,https://goldenratioinc.com,+12764201331,1237 Elm Ave,Seattle,NC,IN,33388,US/Pacific,True,"['at_risk', 'referral_partner', 'churned']",2025-05-24T19:23:03.937117,638bfc6a-5a8b-4bf8-9f66-0c0d0744f19a
1201d745-959a-47c7-b74f-090d4ca74308,7319bb38-0e1a-42a0-a1a3-c170af371232,Velocity Labs Inc,velocitylabsinc.com,Finance,1-10,285693712.69,1996,"Chicago, KS",A leading company in the telecommunications sector.,https://velocitylabsinc.com,+16375561448,8254 Oak St,Chicago,IL,IN,44922,US/Eastern,False,"['existing_customer', 'vip', 'low_priority']",2026-06-22T20:42:55.937147,eaf0989b-5b56-4b72-9a32-2711e9c394ff
0dd6bfad-e89d-4eb2-ace6-d04f9d3e8bce,7319bb38-0e1a-42a0-a1a3-c170af371232,ClearView Corp Co,clearviewcorpco.com,Finance,500+,112962128.64,2004,"Tampa, MN",A leading company in the agriculture sector.,https://clearviewcorpco.com,+16815533023,8870 Pine Blvd,Tampa,CA,FR,62509,UTC,False,[],2026-02-14T22:46:19.937174,ba4c6a8d-6e78-4532-82ad-fccefbf8ab96
9eef8b91-8118-442a-b337-722730ce1bc2,7319bb38-0e1a-42a0-a1a3-c170af371232,Sterling Finance Inc,sterlingfinanceinc.com,Consulting,1000+,101600079.66,2015,"Milwaukee, IL",A leading company in the hospitality sector.,https://sterlingfinanceinc.com,+14837831301,4996 Elm St,Milwaukee,FL,AU,73766,UTC,False,"['bulk_order', 'at_risk', 'cold_lead']",2025-03-13T10:20:14.937202,f6c1513d-8b13-441d-98bb-1a986c21400d
e9e4b356-0033-4be0-ab40-c201a4892c51,7319bb38-0e1a-42a0-a1a3-c170af371232,Iron Mountain Group,ironmountaingroup.com,Agriculture,201-500,31543165.79,2014,"Indianapolis, CA",A leading company in the consulting sector.,https://ironmountaingroup.com,+18441094387,7461 Main St,Indianapolis,OK,US,54265,UTC,False,['churned'],2026-07-25T19:59:44.937233,af8ae744-eaf6-49a6-9c7f-4f4aa9e503ee
36f73f44-9498-4d0c-84da-d57b3aeaa848,7319bb38-0e1a-42a0-a1a3-c170af371232,Jade Consulting LLC,jadeconsultingllc.com,Automotive,11-50,462411665.09,1982,"Arlington, TX",A leading company in the manufacturing sector.,https://jadeconsultingllc.com,+18394754081,412 Elm Rd,Arlington,IL,DE,95037,US/Eastern,True,[],2025-12-16T06:50:57.937265,5b11e466-caa2-4b0d-ad40-becd33c6cbc2
e7abf395-2e5b-4ea6-a83c-293d94b1b468,7319bb38-0e1a-42a0-a1a3-c170af371232,Topaz Digital LLC,topazdigitalllc.com,Finance,1-10,57134132.0,2018,"Colorado Springs, NC",A leading company in the marketing sector.,https://topazdigitalllc.com,+16566023159,3420 Elm Blvd,Colorado Springs,TX,IN,52498,UTC,False,['trial'],2025-09-11T04:58:00.937292,968afaab-9fc3-43d8-aea9-de1b0845fb8c
8f0c00a2-632a-43e9-ad90-03612388d065,7319bb38-0e1a-42a0-a1a3-c170af371232,Zenith Partners Corp,zenithpartnerscorp.com,Education,51-200,70661339.47,2006,"Phoenix, TX",A leading company in the transportation sector.,https://zenithpartnerscorp.com,+14376868109,7287 Oak Rd,Phoenix,IL,GB,23102,US/Pacific,False,[],2026-06-18T06:14:45.937319,f6c1513d-8b13-441d-98bb-1a986c21400d
8cda1538-d149-42f0-a420-617458b6eab4,7319bb38-0e1a-42a0-a1a3-c170af371232,TechNova Solutions LLC,technovasolutionsllc.com,Automotive,51-200,208140310.0,2010,"Philadelphia, MN",A leading company in the manufacturing sector.,https://technovasolutionsllc.com,+12885451419,4539 Cedar Dr,Philadelphia,TN,DE,32878,UTC,False,"['referral_partner', 'startup', 'churned']",2025-12-10T15:58:18.937349,eaf0989b-5b56-4b72-9a32-2711e9c394ff
1ff42ec3-f1e9-4ad4-acdc-66e6ec2a2c89,7319bb38-0e1a-42a0-a1a3-c170af371232,TechNova Solutions Group,technovasolutionsgroup.com,Real Estate,1-10,493302432.2,1986,"Indianapolis, NC",A leading company in the transportation sector.,https://technovasolutionsgroup.com,+14179870948,7705 Oak Blvd,Indianapolis,TX,DE,24769,US/Eastern,False,"['high_priority', 'nurture', 'win_back']",2025-03-21T05:16:26.937384,af8ae744-eaf6-49a6-9c7f-4f4aa9e503ee
80813e80-57b0-4711-9003-636884486f45,7319bb38-0e1a-42a0-a1a3-c170af371232,NovaTech Solutions Corp,novatechsolutionscorp.com,Media,51-200,167180599.88,2009,"Columbus, IL",A leading company in the education sector.,https://novatechsolutionscorp.com,+15180066307,8904 Oak Ave,Columbus,CA,BR,77489,UTC,True,['bulk_order'],2026-05-07T00:53:12.937412,968afaab-9fc3-43d8-aea9-de1b0845fb8c
e25fe506-55b4-4710-b506-ab6b51ec95e2,7319bb38-0e1a-42a0-a1a3-c170af371232,Horizon Media Ltd,horizonmedialtd.com,Energy,11-50,389498690.72,2000,"Fort Worth, NC",A leading company in the education sector.,https://horizonmedialtd.com,+17313382906,6859 Oak Dr,Fort Worth,NC,CA,71733,US/Pacific,True,"['cold_lead', 'at_risk', 'referral_partner']",2026-05-16T09:47:23.937440,eaf0989b-5b56-4b72-9a32-2711e9c394ff
a1ce9e3b-c7c0-43c5-9894-e2655e83186e,7319bb38-0e1a-42a0-a1a3-c170af371232,NovaTech Solutions LLC,novatechsolutionsllc.com,Real Estate,1000+,179327163.22,1997,"Milwaukee, TX",A leading company in the energy sector.,https://novatechsolutionsllc.com,+12546370398,9417 Main Blvd,Milwaukee,TX,CA,71018,US/Pacific,False,"['renewal', 'cross_sell']",2025-07-16T02:32:08.937467,968afaab-9fc3-43d8-aea9-de1b0845fb8c
b9ad0ce4-2350-4a2a-a7ce-e3e9280c5c2a,7319bb38-0e1a-42a0-a1a3-c170af371232,Apex Innovations Group,apexinnovationsgroup.com,Marketing,1-10,205877486.38,2013,"Atlanta, AZ",A leading company in the real estate sector.,https://apexinnovationsgroup.com,+14540820491,7681 Pine St,Atlanta,FL,IN,42329,US/Eastern,False,['existing_customer'],2025-07-08T00:11:41.937499,aabd8828-4992-4138-a82c-82d2ace3e408
9cccbe66-7256-4dab-a1e3-cd2fee07cdf9,7319bb38-0e1a-42a0-a1a3-c170af371232,TechNova Solutions Ltd,technovasolutionsltd.com,Healthcare,201-500,366751477.08,2012,"Chicago, IL",A leading company in the media sector.,https://technovasolutionsltd.com,+14281150458,7952 Main Dr,Chicago,AZ,DE,20890,UTC,False,"['at_risk', 'cold_lead', 'demo']",2025-12-04T12:00:39.937530,af8ae744-eaf6-49a6-9c7f-4f4aa9e503ee
2989b84a-bfd5-46cf-bc59-36102cc325e1,7319bb38-0e1a-42a0-a1a3-c170af371232,BlueShift Labs Inc,blueshiftlabsinc.com,Consulting,11-50,351667078.73,2016,"Albuquerque, TX",A leading company in the automotive sector.,https://blueshiftlabsinc.com,+16399822366,7552 Elm Ave,Albuquerque,OK,IN,34241,US/Central,False,[],2025-04-18T17:19:11.937557,aabd8828-4992-4138-a82c-82d2ace3e408
df74b84a-7dee-476f-b308-e9e76fb40d25,7319bb38-0e1a-42a0-a1a3-c170af371232,Titan Industries Corp,titanindustriescorp.com,Healthcare,51-200,212979831.41,1997,"Mesa, MN",A leading company in the aerospace sector.,https://titanindustriescorp.com,+18624708345,3493 Main Rd,Mesa,OK,US,77467,US/Central,False,[],2026-03-04T16:37:03.937588,5b11e466-caa2-4b0d-ad40-becd33c6cbc2
934f84ea-d25d-4b88-bc39-4aac3a089e48,7319bb38-0e1a-42a0-a1a3-c170af371232,Topaz Digital Inc,topazdigitalinc.com,Transportation,11-50,324103920.55,2025,"Boston, AZ",A leading company in the insurance sector.,https://topazdigitalinc.com,+19341547075,3454 Oak Blvd,Boston,IN,JP,24884,US/Pacific,False,['bulk_order'],2025-09-23T14:58:28.937624,38b1938d-3cd4-479f-8f9c-d5fc4c1dd8fd
d84d86f7-40e4-412d-b5ad-e170922198d5,7319bb38-0e1a-42a0-a1a3-c170af371232,Atlas Computing Group,atlascomputinggroup.com,Media,51-200,27277275.5,2003,"Oakland, TX",A leading company in the telecommunications sector.,https://atlascomputinggroup.com,+18383295961,8729 Main Dr,Oakland,OK,JP,98907,US/Central,False,"['win_back', 'seasonal']",2025-04-13T10:09:52.937652,aabd8828-4992-4138-a82c-82d2ace3e408
313ae7d2-c8a1-4dc3-8dbe-7ec938644542,7319bb38-0e1a-42a0-a1a3-c170af371232,Nimbus Networks Inc,nimbusnetworksinc.com,Hospitality,11-50,144221925.21,1984,"Philadelphia, TX",A leading company in the retail sector.,https://nimbusnetworksinc.com,+13185165025,2524 Elm Ave,Philadelphia,OH,JP,92218,UTC,True,['high_priority'],2026-01-26T18:36:12.937683,5b11e466-caa2-4b0d-ad40-becd33c6cbc2
cd680f6f-7943-49e7-9131-272d486cad9e,7319bb38-0e1a-42a0-a1a3-c170af371232,Bronze Gate Partners,bronzegatepartners.com,Consulting,11-50,31521606.82,1994,"Los Angeles, AZ",A leading company in the energy sector.,https://bronzegatepartners.com,+18063169810,5716 Pine Dr,Los Angeles,CO,JP,81888,US/Pacific,False,['cross_sell'],2025-07-30T12:46:24.937710,0d1a00d8-532c-48b5-a0d5-e8f37068b7e8
05d8ba91-2e92-4680-af3a-00376177b593,7319bb38-0e1a-42a0-a1a3-c170af371232,Cobalt Systems Corp,cobaltsystemscorp.com,Healthcare,11-50,176592791.63,2009,"Denver, TX",A leading company in the aerospace sector.,https://cobaltsystemscorp.com,+15969115197,8870 Pine Ave,Denver,FL,GB,31135,US/Eastern,True,"['existing_customer', 'cold_lead']",2026-05-02T12:47:17.937738,38b1938d-3cd4-479f-8f9c-d5fc4c1dd8fd
7ed3b82d-ee88-4caa-89ee-2278bed309aa,7319bb38-0e1a-42a0-a1a3-c170af371232,Zenith Partners LLC,zenithpartnersllc.com,Healthcare,1000+,158506035.07,2002,"Atlanta, CA",A leading company in the transportation sector.,https://zenithpartnersllc.com,+18220955589,2763 Cedar Blvd,Atlanta,CA,US,63026,US/Pacific,False,"['trial', 'cold_lead', 'vip']",2026-07-09T15:22:06.937765,af8ae744-eaf6-49a6-9c7f-4f4aa9e503ee
6d672438-1cac-4d94-983b-009859fab19d,7319bb38-0e1a-42a0-a1a3-c170af371232,Steel Bridge Corp,steelbridgecorp.com,Consulting,500+,333460521.34,2016,"Albuquerque, FL",A leading company in the telecommunications sector.,https://steelbridgecorp.com,+17749605847,1940 Elm St,Albuquerque,TX,JP,25319,US/Central,True,['pricing_page'],2026-02-05T06:40:26.937815,38b1938d-3cd4-479f-8f9c-d5fc4c1dd8fd
a2d5367e-dc5c-43fa-99a7-3b8f40432f07,7319bb38-0e1a-42a0-a1a3-c170af371232,NexGen Software Group,nexgensoftwaregroup.com,Real Estate,500+,263240599.33,1997,"Long Beach, TX",A leading company in the technology sector.,https://nexgensoftwaregroup.com,+16653981675,7398 Main Rd,Long Beach,NV,DE,74286,US/Central,False,[],2026-02-09T17:46:53.937842,8ae3dae5-38cd-4160-84ef-5c590af0066c
e56289f8-b23b-4634-8f13-86902e2c8c7d,7319bb38-0e1a-42a0-a1a3-c170af371232,Steel Bridge Co,steelbridgeco.com,Transportation,201-500,186446933.93,1998,"Louisville, TX",A leading company in the transportation sector.,https://steelbridgeco.com,+17618183775,7400 Cedar St,Louisville,OH,BR,64474,US/Pacific,True,"['bulk_order', 'content_downloader', 'cold_lead']",2025-05-04T08:32:12.937871,0d1a00d8-532c-48b5-a0d5-e8f37068b7e8
627b09a6-16a6-4c2d-936c-a98146c2fb05,7319bb38-0e1a-42a0-a1a3-c170af371232,Vanguard Systems Ltd,vanguardsystemsltd.com,Energy,1-10,466579840.2,2017,"Mesa, LA",A leading company in the hospitality sector.,https://vanguardsystemsltd.com,+12379882490,6808 Pine Dr,Mesa,FL,JP,70570,US/Eastern,True,"['cross_sell', 'new_market', 'high_priority']",2025-03-20T14:18:07.937906,ba4c6a8d-6e78-4532-82ad-fccefbf8ab96
16f82769-3630-460a-884c-f652a09d756d,7319bb38-0e1a-42a0-a1a3-c170af371232,Ruby Software Corp,rubysoftwarecorp.com,Insurance,1000+,231752744.51,1981,"Tucson, NY",A leading company in the manufacturing sector.,https://rubysoftwarecorp.com,+13128189228,7842 Main Blvd,Tucson,TN,GB,74472,US/Eastern,True,"['high_priority', 'startup']",2026-02-11T00:27:46.937934,5b11e466-caa2-4b0d-ad40-becd33c6cbc2
e6460460-c757-4199-868f-60785389d26e,7319bb38-0e1a-42a0-a1a3-c170af371232,Pearl Analytics Ltd,pearlanalyticsltd.com,Agriculture,1000+,409149483.27,2003,"San Francisco, CA",A leading company in the automotive sector.,https://pearlanalyticsltd.com,+16370322819,4352 Oak Rd,San Francisco,TX,GB,51901,US/Pacific,False,['demo'],2025-07-22T05:13:57.937960,fd2fd60f-404e-41a6-95e7-9a06e7913261
9eddd804-6157-42c8-9401-297b25fd4941,7319bb38-0e1a-42a0-a1a3-c170af371232,NovaTech Solutions Ltd,novatechsolutionsltd.com,Transportation,1-10,144963606.0,2013,"Miami, FL",A leading company in the finance sector.,https://novatechsolutionsltd.com,+14207039799,3102 Main Rd,Miami,LA,GB,81265,US/Central,False,"['upsell', 'win_back']",2026-02-11T06:47:46.937991,a3b11eec-7159-4649-ad03-75eeb3c9b04f
83f06350-d1eb-4c7d-9fbe-86368e9f97cf,7319bb38-0e1a-42a0-a1a3-c170af371232,Ruby Software Corp,rubysoftwarecorp.com,Technology,11-50,259109464.6,2003,"San Jose, KS",A leading company in the agriculture sector.,https://rubysoftwarecorp.com,+13769502913,2771 Main Ave,San Jose,CA,JP,38981,US/Eastern,False,[],2026-04-08T20:04:22.938018,aabd8828-4992-4138-a82c-82d2ace3e408
01f4d583-87d5-455a-8340-45a6c95b98c2,7319bb38-0e1a-42a0-a1a3-c170af371232,Quantum Dynamics Inc,quantumdynamicsinc.com,Technology,201-500,174137545.71,2024,"Dallas, MA",A leading company in the manufacturing sector.,https://quantumdynamicsinc.com,+15509154515,9891 Cedar Blvd,Dallas,FL,FR,13769,UTC,True,['seasonal'],2025-09-25T14:30:00.938045,8ae3dae5-38cd-4160-84ef-5c590af0066c
3297cf90-f282-4e3b-92a8-1486947ea316,7319bb38-0e1a-42a0-a1a3-c170af371232,Forge Industries LLC,forgeindustriesllc.com,Media,1000+,381523692.71,1987,"Philadelphia, AZ",A leading company in the technology sector.,https://forgeindustriesllc.com,+15327278141,7165 Main Ave,Philadelphia,TX,US,96479,UTC,False,"['enterprise', 'startup']",2025-12-10T03:40:51.938072,af8e7df9-9ce7-4499-ab19-610e813af04b
929dface-f231-44fe-b190-73ddd4490fb4,7319bb38-0e1a-42a0-a1a3-c170af371232,IronClad Security Co,ironcladsecurityco.com,Aerospace,11-50,293822143.22,1992,"San Diego, FL",A leading company in the transportation sector.,https://ironcladsecurityco.com,+12125666952,2484 Pine Rd,San Diego,TX,AU,31044,US/Eastern,False,[],2025-05-18T00:21:22.938104,af8e7df9-9ce7-4499-ab19-610e813af04b
16d24799-8270-40ca-9d34-9683e072d57a,7319bb38-0e1a-42a0-a1a3-c170af371232,TechNova Solutions Group,technovasolutionsgroup.com,Real Estate,51-200,85928142.7,2014,"Columbus, NY",A leading company in the education sector.,https://technovasolutionsgroup.com,+15969546654,8360 Elm Blvd,Columbus,MN,MX,34264,US/Pacific,False,[],2025-08-09T16:13:32.938137,eaf0989b-5b56-4b72-9a32-2711e9c394ff
52ec6208-4ef4-43f0-9223-6ad9e44812d5,7319bb38-0e1a-42a0-a1a3-c170af371232,BrightStar Inc LLC,brightstarincllc.com,Marketing,201-500,56467097.06,2000,"Fresno, CA",A leading company in the telecommunications sector.,https://brightstarincllc.com,+16768771609,2326 Elm Blvd,Fresno,OK,FR,83024,UTC,True,"['hot_lead', 'webinar_attendee', 'cross_sell']",2026-05-19T01:09:59.938169,638bfc6a-5a8b-4bf8-9f66-0c0d0744f19a
ca011c11-1161-40e5-89b9-fbd5123abdc5,7319bb38-0e1a-42a0-a1a3-c170af371232,Vanguard Systems Partners,vanguardsystemspartners.com,Marketing,500+,203670746.14,2007,"Baltimore, TX",A leading company in the finance sector.,https://vanguardsystemspartners.com,+15446438109,6120 Oak St,Baltimore,CA,BR,98092,UTC,False,[],2025-06-07T08:31:36.938198,eaf0989b-5b56-4b72-9a32-2711e9c394ff
d31866be-63b1-47c1-831d-2970d50a32ce,7319bb38-0e1a-42a0-a1a3-c170af371232,ClearView Corp Partners,clearviewcorppartners.com,Education,1000+,462648893.26,1990,"Colorado Springs, AZ",A leading company in the transportation sector.,https://clearviewcorppartners.com,+16188484316,5648 Oak Rd,Colorado Springs,NV,CA,40522,US/Pacific,False,"['seasonal', 'existing_customer']",2025-11-12T02:44:53.938230,eaf0989b-5b56-4b72-9a32-2711e9c394ff
8863caad-291d-45f7-9b2e-d21c7cb8e958,7319bb38-0e1a-42a0-a1a3-c170af371232,Apex Health Ltd,apexhealthltd.com,Aerospace,201-500,493762224.71,2012,"Virginia Beach, WA",A leading company in the manufacturing sector.,https://apexhealthltd.com,+15298532962,1870 Main Blvd,Virginia Beach,AZ,BR,40254,US/Eastern,True,[],2025-04-15T21:26:36.938256,af8ae744-eaf6-49a6-9c7f-4f4aa9e503ee
88eee938-4285-44b1-8ea6-9ac14e565a8c,7319bb38-0e1a-42a0-a1a3-c170af371232,DataFlow Systems LLC,dataflowsystemsllc.com,Aerospace,1000+,163511595.12,1999,"Portland, NC",A leading company in the aerospace sector.,https://dataflowsystemsllc.com,+16708717072,1353 Cedar Dr,Portland,WI,DE,48477,US/Pacific,False,"['new_market', 'trial']",2025-02-23T04:27:26.938287,eaf0989b-5b56-4b72-9a32-2711e9c394ff
ad6458b8-d4cc-4896-9a61-c230da98e4ff,7319bb38-0e1a-42a0-a1a3-c170af371232,SilverLine Corp Ltd,silverlinecorpltd.com,Energy,201-500,221305945.31,1982,"Baltimore, IL",A leading company in the retail sector.,https://silverlinecorpltd.com,+18685831920,5065 Oak Dr,Baltimore,KY,GB,50954,US/Pacific,False,[],2026-06-22T23:28:10.938315,af8ae744-eaf6-49a6-9c7f-4f4aa9e503ee
11f5a59e-6a51-4e3f-a782-2742b0f07eb7,7319bb38-0e1a-42a0-a1a3-c170af371232,Jade Consulting Group,jadeconsultinggroup.com,Agriculture,500+,427183017.2,2012,"Albuquerque, TX",A leading company in the hospitality sector.,https://jadeconsultinggroup.com,+13131255675,9783 Elm Rd,Albuquerque,CA,AU,47281,US/Central,True,[],2025-06-16T16:38:51.938340,38b1938d-3cd4-479f-8f9c-d5fc4c1dd8fd
5e81fa8f-23e2-4c1b-9179-58bb6bf3d99c,7319bb38-0e1a-42a0-a1a3-c170af371232,Crystal Corp Partners,crystalcorppartners.com,Technology,1000+,170661199.41,1986,"Colorado Springs, KY",A leading company in the transportation sector.,https://crystalcorppartners.com,+16260373584,6849 Pine St,Colorado Springs,VA,DE,42455,US/Eastern,False,[],2025-04-13T14:24:30.938367,96bb061b-9355-4d14-bab8-c5b59a63ac2a
1ca91215-9a4a-49e0-9cd4-bef0da1a3125,7319bb38-0e1a-42a0-a1a3-c170af371232,Sterling Finance LLC,sterlingfinancellc.com,Insurance,51-200,18736941.96,2022,"Los Angeles, KY",A leading company in the automotive sector.,https://sterlingfinancellc.com,+18505843902,7000 Pine St,Los Angeles,MN,BR,87068,UTC,False,"['existing_customer', 'webinar_attendee', 'trial']",2025-05-16T21:05:15.938394,96bb061b-9355-4d14-bab8-c5b59a63ac2a
c8eac6f0-978b-487f-8b64-72f980846f5a,7319bb38-0e1a-42a0-a1a3-c170af371232,Titan Industries Partners,titanindustriespartners.com,Energy,201-500,251409122.87,2022,"Columbus, OK",A leading company in the retail sector.,https://titanindustriespartners.com,+14640665603,6052 Elm Ave,Columbus,AZ,CA,80232,US/Eastern,True,[],2025-12-07T00:11:17.938425,eaf0989b-5b56-4b72-9a32-2711e9c394ff
5cb9a2ec-b302-4967-ab43-a9a08283c1ad,7319bb38-0e1a-42a0-a1a3-c170af371232,Crystal Corp LLC,crystalcorpllc.com,Finance,1000+,422101232.66,1986,"Raleigh, CO",A leading company in the energy sector.,https://crystalcorpllc.com,+13174093450,9380 Cedar Dr,Raleigh,KY,DE,55523,UTC,False,"['low_priority', 'cross_sell']",2026-04-24T22:57:57.938505,38b1938d-3cd4-479f-8f9c-d5fc4c1dd8fd
a14c7385-ce77-4cd8-86f9-61c37dd2bbd8,7319bb38-0e1a-42a0-a1a3-c170af371232,Pulse Digital Ltd,pulsedigitalltd.com,Legal,500+,257708847.74,2022,"Las Vegas, LA",A leading company in the insurance sector.,https://pulsedigitalltd.com,+17070642025,404 Cedar Ave,Las Vegas,KS,BR,37912,US/Pacific,True,"['existing_customer', 'bulk_order', 'churned']",2025-04-07T22:19:19.938563,0d1a00d8-532c-48b5-a0d5-e8f37068b7e8
43cd9a6f-269b-49d8-8fe4-39a8cb741310,7319bb38-0e1a-42a0-a1a3-c170af371232,NovaTech Solutions Ltd,novatechsolutionsltd.com,Marketing,11-50,373229436.57,1999,"San Jose, KY",A leading company in the media sector.,https://novatechsolutionsltd.com,+17663572269,1155 Oak Dr,San Jose,WA,FR,94678,US/Eastern,True,['webinar_attendee'],2025-10-07T07:26:29.938594,8ae3dae5-38cd-4160-84ef-5c590af0066c
40a25c3d-af7b-4ac2-9f01-891568804f74,7319bb38-0e1a-42a0-a1a3-c170af371232,Pulse Digital Inc,pulsedigitalinc.com,Consulting,201-500,242716907.12,2007,"Indianapolis, KY",A leading company in the healthcare sector.,https://pulsedigitalinc.com,+12867542631,4568 Oak St,Indianapolis,CA,FR,96333,US/Eastern,False,[],2026-06-17T04:01:54.938637,f6c1513d-8b13-441d-98bb-1a986c21400d
6a0c063e-84a3-4fbb-8916-2024a5dc1239,7319bb38-0e1a-42a0-a1a3-c170af371232,BlueShift Labs Corp,blueshiftlabscorp.com,Consulting,1-10,450292413.74,2006,"Omaha, MA",A leading company in the finance sector.,https://blueshiftlabscorp.com,+17999618546,2402 Oak St,Omaha,KS,JP,25812,US/Central,False,[],2025-10-07T01:08:44.938671,96bb061b-9355-4d14-bab8-c5b59a63ac2a
5ebb9362-816e-4724-8180-b4ca72716af9,7319bb38-0e1a-42a0-a1a3-c170af371232,Golden Ratio Co,goldenratioco.com,Energy,500+,368631315.02,1995,"Nashville, KY",A leading company in the real estate sector.,https://goldenratioco.com,+12619668903,2969 Oak Blvd,Nashville,MD,IN,43332,UTC,False,"['seasonal', 'hot_lead']",2025-12-26T23:10:36.938704,eaf0989b-5b56-4b72-9a32-2711e9c394ff
9b95c224-5110-47b5-82d3-6d87401e9e61,7319bb38-0e1a-42a0-a1a3-c170af371232,Cobalt Systems Partners,cobaltsystemspartners.com,Legal,11-50,181530856.23,2025,"Indianapolis, MA",A leading company in the consulting sector.,https://cobaltsystemspartners.com,+16385480320,670 Main Ave,Indianapolis,CA,JP,60422,US/Central,False,"['win_back', 'hot_lead']",2026-08-06T11:54:48.938733,ba4c6a8d-6e78-4532-82ad-fccefbf8ab96
8d370a79-497f-4194-a461-de8aea74ee7b,7319bb38-0e1a-42a0-a1a3-c170af371232,SwiftScale Ltd,swiftscaleltd.com,Hospitality,51-200,150479031.39,1995,"New York, DC",A leading company in the real estate sector.,https://swiftscaleltd.com,+19986134057,2725 Elm Blvd,New York,KS,IN,14440,US/Central,False,"['high_priority', 'bulk_order', 'content_downloader']",2026-01-11T18:41:05.938767,aabd8828-4992-4138-a82c-82d2ace3e408
539422fd-996a-4dd9-a35d-3a3baa5ee3e1,7319bb38-0e1a-42a0-a1a3-c170af371232,IronClad Security Co,ironcladsecurityco.com,Legal,500+,33230298.6,2006,"Austin, NE",A leading company in the insurance sector.,https://ironcladsecurityco.com,+15168764674,7526 Main St,Austin,CA,GB,92595,US/Pacific,False,['vip'],2026-03-22T10:35:29.938796,af8ae744-eaf6-49a6-9c7f-4f4aa9e503ee
5b34720d-fb2c-463d-a3eb-211ad51f9b37,7319bb38-0e1a-42a0-a1a3-c170af371232,Vanguard Systems Corp,vanguardsystemscorp.com,Finance,1-10,78953328.6,2013,"Kansas City, OK",A leading company in the manufacturing sector.,https://vanguardsystemscorp.com,+19932634638,6822 Pine Dr,Kansas City,NM,GB,44167,US/Eastern,False,"['cross_sell', 'at_risk']",2025-05-02T18:23:53.938824,38b1938d-3cd4-479f-8f9c-d5fc4c1dd8fd
effac21d-589c-4a03-a56e-f56633f30e48,7319bb38-0e1a-42a0-a1a3-c170af371232,Zenith Partners Ltd,zenithpartnersltd.com,Automotive,11-50,10416282.06,1981,"Portland, GA",A leading company in the aerospace sector.,https://zenithpartnersltd.com,+14691344010,1557 Elm Ave,Portland,CA,GB,16525,US/Pacific,False,"['cold_lead', 'startup']",2026-02-16T09:30:03.938876,968afaab-9fc3-43d8-aea9-de1b0845fb8c
dc857e49-4db2-4daa-8645-82c032525502,7319bb38-0e1a-42a0-a1a3-c170af371232,SilverLine Corp Inc,silverlinecorpinc.com,Construction,201-500,386690992.26,2009,"Tulsa, CA",A leading company in the agriculture sector.,https://silverlinecorpinc.com,+12509006662,3428 Oak Blvd,Tulsa,CO,BR,60079,US/Eastern,False,['referral_partner'],2025-09-13T13:36:34.938906,638bfc6a-5a8b-4bf8-9f66-0c0d0744f19a
e146ebcf-8460-4585-9de5-21d1e4cc2170,7319bb38-0e1a-42a0-a1a3-c170af371232,Platinum Partners LLC,platinumpartnersllc.com,Retail,201-500,396242144.16,1981,"Memphis, CO",A leading company in the legal sector.,https://platinumpartnersllc.com,+17306370358,7488 Oak Blvd,Memphis,CO,BR,21237,UTC,False,"['seasonal', 'webinar_attendee']",2025-09-10T17:16:10.938934,638bfc6a-5a8b-4bf8-9f66-0c0d0744f19a
bdfe74de-067e-480a-971a-6f7f4f75216a,7319bb38-0e1a-42a0-a1a3-c170af371232,BrightStar Inc Partners,brightstarincpartners.com,Legal,1-10,47684947.07,1983,"Omaha, TX",A leading company in the energy sector.,https://brightstarincpartners.com,+15998892039,7815 Pine Rd,Omaha,VA,MX,15965,UTC,True,"['cross_sell', 'webinar_attendee', 'win_back']",2026-02-19T08:07:17.938963,aabd8828-4992-4138-a82c-82d2ace3e408
ed1f631c-03f7-4ac2-91a6-7035cbf93896,7319bb38-0e1a-42a0-a1a3-c170af371232,Onyx Data Inc,onyxdatainc.com,Retail,51-200,84974755.97,2011,"Colorado Springs, OK",A leading company in the telecommunications sector.,https://onyxdatainc.com,+12566590088,5298 Cedar Dr,Colorado Springs,CA,FR,25314,US/Central,True,['high_priority'],2025-11-19T16:26:08.938994,aabd8828-4992-4138-a82c-82d2ace3e408
7d1df4f8-e74b-4ae2-8d03-1aaffd6f092e,7319bb38-0e1a-42a0-a1a3-c170af371232,BrightStar Inc Corp,brightstarinccorp.com,Aerospace,51-200,258510494.22,2007,"San Francisco, TX",A leading company in the energy sector.,https://brightstarinccorp.com,+19459796563,8149 Oak Rd,San Francisco,VA,BR,16975,US/Eastern,True,['nurture'],2025-03-13T20:25:41.939026,fd2fd60f-404e-41a6-95e7-9a06e7913261
49fcbbab-a1e1-4778-9c64-c5216c0821a1,7319bb38-0e1a-42a0-a1a3-c170af371232,Apex Innovations Partners,apexinnovationspartners.com,Media,1-10,497601111.59,2011,"Milwaukee, IL",A leading company in the telecommunications sector.,https://apexinnovationspartners.com,+17826209517,9289 Elm Dr,Milwaukee,AZ,CA,29405,UTC,False,['cross_sell'],2025-08-08T09:26:03.939053,638bfc6a-5a8b-4bf8-9f66-0c0d0744f19a
7cc03d59-c61d-4047-894a-c0e45d07bbef,7319bb38-0e1a-42a0-a1a3-c170af371232,Coral Health Co,coralhealthco.com,Automotive,1000+,292859417.04,2017,"Seattle, NY",A leading company in the construction sector.,https://coralhealthco.com,+19588552786,3058 Elm St,Seattle,IN,BR,98723,UTC,False,[],2025-11-23T07:44:54.939080,eaf0989b-5b56-4b72-9a32-2711e9c394ff
9adb9c34-1a69-423d-952c-b8ce347222fc,7319bb38-0e1a-42a0-a1a3-c170af371232,NovaTech Solutions Group,novatechsolutionsgroup.com,Energy,11-50,14485807.37,2009,"San Antonio, OK",A leading company in the agriculture sector.,https://novatechsolutionsgroup.com,+18245120875,4512 Cedar St,San Antonio,OK,US,96005,US/Pacific,False,['at_risk'],2025-03-27T02:44:28.939117,fd2fd60f-404e-41a6-95e7-9a06e7913261
738db302-03d1-4dee-b0ef-d38ccc14a3d8,7319bb38-0e1a-42a0-a1a3-c170af371232,Horizon Media Co,horizonmediaco.com,Finance,500+,475952499.31,2004,"Houston, PA",A leading company in the hospitality sector.,https://horizonmediaco.com,+13095920639,4033 Elm St,Houston,CA,DE,31356,US/Pacific,False,"['churned', 'cold_lead']",2025-06-08T14:10:36.939147,5b11e466-caa2-4b0d-ad40-becd33c6cbc2
cb554b95-a1a6-4bc8-b3de-39e2770f3d9a,7319bb38-0e1a-42a0-a1a3-c170af371232,Crystal Corp Ltd,crystalcorpltd.com,Consulting,1000+,301776627.76,2002,"Arlington, VA",A leading company in the education sector.,https://crystalcorpltd.com,+15573639898,8499 Oak Dr,Arlington,MD,IN,72447,US/Central,False,"['startup', 'content_downloader', 'demo']",2025-08-14T19:06:44.939174,af8ae744-eaf6-49a6-9c7f-4f4aa9e503ee
fc9fa1bb-6e79-4c50-a2ee-aafd0ed1fa47,7319bb38-0e1a-42a0-a1a3-c170af371232,BrightStar Inc Inc,brightstarincinc.com,Construction,51-200,486637231.72,2023,"Chicago, NC",A leading company in the manufacturing sector.,https://brightstarincinc.com,+15997186975,8738 Cedar St,Chicago,CO,BR,67325,UTC,False,"['cross_sell', 'cold_lead', 'win_back']",2025-12-09T12:21:36.939202,a3b11eec-7159-4649-ad03-75eeb3c9b04f
a3ed7aca-88c7-4c2f-b517-a1185cde6a9f,7319bb38-0e1a-42a0-a1a3-c170af371232,BrightStar Inc Corp,brightstarinccorp.com,Healthcare,500+,38312433.24,1982,"Kansas City, CA",A leading company in the education sector.,https://brightstarinccorp.com,+14193231853,6866 Main Dr,Kansas City,VA,MX,43211,US/Central,True,[],2026-07-05T03:53:57.939228,96bb061b-9355-4d14-bab8-c5b59a63ac2a
4d374c11-25f5-4115-9aec-03c1ef9707da,7319bb38-0e1a-42a0-a1a3-c170af371232,Bronze Gate Partners,bronzegatepartners.com,Retail,11-50,421462766.16,1982,"Milwaukee, PA",A leading company in the media sector.,https://bronzegatepartners.com,+13278386338,9720 Elm Dr,Milwaukee,NC,FR,54739,US/Eastern,True,[],2025-10-28T07:10:41.939255,eaf0989b-5b56-4b72-9a32-2711e9c394ff
44896739-5786-4576-9031-41916a1f7a12,7319bb38-0e1a-42a0-a1a3-c170af371232,Jade Consulting Inc,jadeconsultinginc.com,Hospitality,1-10,6701634.72,2021,"New York, NM",A leading company in the telecommunications sector.,https://jadeconsultinginc.com,+14971285142,9961 Elm Blvd,New York,NC,MX,57281,US/Pacific,False,[],2025-06-13T08:13:34.939289,f6c1513d-8b13-441d-98bb-1a986c21400d
757bcdb9-e474-4015-bf34-9cae8c97974f,7319bb38-0e1a-42a0-a1a3-c170af371232,Pulse Digital Inc,pulsedigitalinc.com,Real Estate,1-10,104654278.69,2021,"Los Angeles, CA",A leading company in the marketing sector.,https://pulsedigitalinc.com,+18166664540,8924 Oak St,Los Angeles,DC,BR,29420,US/Pacific,False,[],2025-07-25T08:51:23.939338,638bfc6a-5a8b-4bf8-9f66-0c0d0744f19a
209a29ab-b0ab-40e6-b951-2cc6ab1e18be,7319bb38-0e1a-42a0-a1a3-c170af371232,Titan Industries Ltd,titanindustriesltd.com,Agriculture,1-10,429905232.9,2017,"Tucson, IN",A leading company in the real estate sector.,https://titanindustriesltd.com,+17561258558,6518 Main Blvd,Tucson,NY,CA,92629,US/Pacific,False,"['bulk_order', 'existing_customer', 'referral_partner']",2025-11-29T04:39:16.939367,5b11e466-caa2-4b0d-ad40-becd33c6cbc2
01f6d8c4-9795-4509-ab1d-acd8cb7bd1ad,7319bb38-0e1a-42a0-a1a3-c170af371232,ClearView Corp Ltd,clearviewcorpltd.com,Automotive,1000+,305767071.83,2023,"Fresno, AZ",A leading company in the marketing sector.,https://clearviewcorpltd.com,+15067853612,8755 Main Dr,Fresno,KS,AU,82516,UTC,True,"['high_priority', 'hot_lead', 'referral_partner']",2026-01-26T19:37:47.939395,638bfc6a-5a8b-4bf8-9f66-0c0d0744f19a
83589f6c-f29a-4d80-a3b7-7523fb0b27d3,7319bb38-0e1a-42a0-a1a3-c170af371232,BrightStar Inc Inc,brightstarincinc.com,Consulting,1000+,96141038.69,2002,"Austin, MD",A leading company in the marketing sector.,https://brightstarincinc.com,+14180279805,9728 Pine Rd,Austin,OK,BR,27191,US/Central,False,"['content_downloader', 'win_back', 'churned']",2026-02-08T20:30:13.939423,af8e7df9-9ce7-4499-ab19-610e813af04b
9f5eaa71-cee0-4500-af4b-66b312c4e823,7319bb38-0e1a-42a0-a1a3-c170af371232,Apex Innovations Group,apexinnovationsgroup.com,Consulting,1000+,374639688.2,2022,"Columbus, NM",A leading company in the manufacturing sector.,https://apexinnovationsgroup.com,+12744279636,2661 Cedar Dr,Columbus,TX,IN,74713,US/Central,True,[],2025-02-23T16:22:11.939453,aabd8828-4992-4138-a82c-82d2ace3e408
24c2385f-c94d-4488-a921-750377fcddb8,7319bb38-0e1a-42a0-a1a3-c170af371232,Velocity Labs Corp,velocitylabscorp.com,Retail,11-50,413982946.77,2012,"Oakland, IL",A leading company in the finance sector.,https://velocitylabscorp.com,+13450559731,1967 Cedar Ave,Oakland,CA,JP,39372,US/Pacific,True,"['demo', 'enterprise']",2025-11-05T08:48:40.939485,ba4c6a8d-6e78-4532-82ad-fccefbf8ab96
d723c193-3955-48f1-b4f3-ec657167e3b2,7319bb38-0e1a-42a0-a1a3-c170af371232,Titan Industries Co,titanindustriesco.com,Aerospace,1000+,52115804.36,1983,"Fresno, MD",A leading company in the telecommunications sector.,https://titanindustriesco.com,+15245983126,1834 Cedar Rd,Fresno,TX,JP,15501,UTC,True,[],2025-09-03T16:28:25.939518,8ae3dae5-38cd-4160-84ef-5c590af0066c
db636165-9a35-4fb9-8561-6ad3e67d3dc8,7319bb38-0e1a-42a0-a1a3-c170af371232,Iron Mountain Corp,ironmountaincorp.com,Telecommunications,500+,249220580.66,1986,"Tulsa, CA",A leading company in the transportation sector.,https://ironmountaincorp.com,+17732095649,2357 Main Ave,Tulsa,MD,IN,10863,US/Eastern,False,"['trial', 'cross_sell', 'low_priority']",2025-07-30T06:24:36.939545,fd2fd60f-404e-41a6-95e7-9a06e7913261
e18b820e-bc60-4741-97ed-0b7de54e514d,7319bb38-0e1a-42a0-a1a3-c170af371232,NovaTech Solutions Partners,novatechsolutionspartners.com,Media,51-200,314738728.97,1995,"New Orleans, CA",A leading company in the construction sector.,https://novatechsolutionspartners.com,+18106250392,3838 Oak Dr,New Orleans,TN,IN,70129,US/Central,False,"['cold_lead', 'vip', 'seasonal']",2026-07-19T05:50:25.939586,96bb061b-9355-4d14-bab8-c5b59a63ac2a
2b5153b1-a7d8-4f20-9033-c1369cd9316c,7319bb38-0e1a-42a0-a1a3-c170af371232,Sterling Finance Corp,sterlingfinancecorp.com,Retail,201-500,30781090.83,1982,"Las Vegas, VA",A leading company in the manufacturing sector.,https://sterlingfinancecorp.com,+16543258613,8616 Pine Dr,Las Vegas,NV,JP,49888,US/Central,False,[],2025-11-18T22:31:23.939619,968afaab-9fc3-43d8-aea9-de1b0845fb8c
1ba80058-cc2f-452a-8408-40091f20a639,7319bb38-0e1a-42a0-a1a3-c170af371232,RedRock Ventures Partners,redrockventurespartners.com,Telecommunications,1000+,102606529.01,2014,"Las Vegas, NC",A leading company in the aerospace sector.,https://redrockventurespartners.com,+14800477954,5756 Elm Ave,Las Vegas,DC,CA,14845,US/Central,False,['low_priority'],2025-11-22T11:05:19.939655,96bb061b-9355-4d14-bab8-c5b59a63ac2a
eaa60bf7-c085-410f-94c7-71dd490bf09e,7319bb38-0e1a-42a0-a1a3-c170af371232,Coral Health Group,coralhealthgroup.com,Construction,51-200,378535309.82,1990,"Washington DC, CA",A leading company in the technology sector.,https://coralhealthgroup.com,+18613960331,4338 Oak Blvd,Washington DC,FL,IN,76227,UTC,False,"['upsell', 'churned']",2026-07-09T16:12:46.939683,96bb061b-9355-4d14-bab8-c5b59a63ac2a
a22926c4-db25-41f9-b441-34d4af69559b,7319bb38-0e1a-42a0-a1a3-c170af371232,NexGen Software Co,nexgensoftwareco.com,Education,201-500,149015658.27,1980,"Long Beach, WI",A leading company in the energy sector.,https://nexgensoftwareco.com,+16221740529,9628 Cedar Rd,Long Beach,NE,DE,55919,US/Central,True,['seasonal'],2026-02-26T22:13:38.939711,638bfc6a-5a8b-4bf8-9f66-0c0d0744f19a
bea70fff-bd16-4e5f-834d-0ee5989d2c32,7319bb38-0e1a-42a0-a1a3-c170af371232,Catalyst Group Inc,catalystgroupinc.com,Construction,500+,96318003.4,2003,"Nashville, WI",A leading company in the education sector.,https://catalystgroupinc.com,+16924408709,7074 Elm St,Nashville,PA,US,65690,US/Eastern,False,"['startup', 'demo', 'win_back']",2026-07-28T17:58:14.939737,968afaab-9fc3-43d8-aea9-de1b0845fb8c
9aef5d20-6b67-4ce9-a345-ef74c886ec01,7319bb38-0e1a-42a0-a1a3-c170af371232,Onyx Data Group,onyxdatagroup.com,Hospitality,51-200,292172673.64,2020,"Wichita, KY",A leading company in the telecommunications sector.,https://onyxdatagroup.com,+19254276458,8120 Elm Ave,Wichita,CA,JP,26662,US/Pacific,False,['seasonal'],2026-07-15T22:34:20.939842,96bb061b-9355-4d14-bab8-c5b59a63ac2a
c7e58de6-2f1b-4c07-9dfd-7c11a0ee06a3,7319bb38-0e1a-42a0-a1a3-c170af371232,Titan Industries LLC,titanindustriesllc.com,Agriculture,1-10,373260828.2,2015,"Milwaukee, MA",A leading company in the education sector.,https://titanindustriesllc.com,+18878820518,6794 Main St,Milwaukee,MA,MX,47957,UTC,False,[],2026-02-20T14:24:32.939876,38b1938d-3cd4-479f-8f9c-d5fc4c1dd8fd
611a73dc-1032-4ee2-a152-09c26768784f,7319bb38-0e1a-42a0-a1a3-c170af371232,Vanguard Systems Corp,vanguardsystemscorp.com,Technology,11-50,71112795.88,2017,"Tucson, TN",A leading company in the healthcare sector.,https://vanguardsystemscorp.com,+17605636542,4744 Oak Ave,Tucson,TX,BR,10273,UTC,False,[],2025-03-22T18:30:37.939909,5b11e466-caa2-4b0d-ad40-becd33c6cbc2
7db59e35-0f85-4a7c-b28a-e41b87b1d8b4,7319bb38-0e1a-42a0-a1a3-c170af371232,Pearl Analytics Corp,pearlanalyticscorp.com,Telecommunications,51-200,390685606.96,2010,"Kansas City, FL",A leading company in the aerospace sector.,https://pearlanalyticscorp.com,+16865380210,2369 Cedar Dr,Kansas City,LA,BR,97453,US/Pacific,True,"['startup', 'referral_partner']",2026-03-31T17:24:20.939937,0d1a00d8-532c-48b5-a0d5-e8f37068b7e8
70a3588b-f0ba-4ba5-9673-037df2cea26a,7319bb38-0e1a-42a0-a1a3-c170af371232,ClearView Corp Corp,clearviewcorpcorp.com,Healthcare,1000+,445027080.4,1997,"Sacramento, CA",A leading company in the finance sector.,https://clearviewcorpcorp.com,+15719242291,506 Cedar Blvd,Sacramento,GA,CA,94399,UTC,True,[],2026-07-24T10:12:09.939965,af8e7df9-9ce7-4499-ab19-610e813af04b
aaab7100-5a73-4ca1-87c2-66ca8e1c5cc7,7319bb38-0e1a-42a0-a1a3-c170af371232,Cobalt Systems Group,cobaltsystemsgroup.com,Education,1000+,468094095.9,1991,"Los Angeles, CA",A leading company in the legal sector.,https://cobaltsystemsgroup.com,+15379095790,4118 Cedar Dr,Los Angeles,PA,JP,89541,US/Central,False,[],2026-06-23T04:09:14.939996,38b1938d-3cd4-479f-8f9c-d5fc4c1dd8fd
a55ee9f3-7eff-4d19-b7b2-2045a0c3626c,7319bb38-0e1a-42a0-a1a3-c170af371232,BrightStar Inc LLC,brightstarincllc.com,Technology,500+,158725348.56,1996,"Memphis, PA",A leading company in the education sector.,https://brightstarincllc.com,+16208149330,8976 Oak Blvd,Memphis,CA,GB,43496,UTC,True,"['win_back', 'nurture', 'enterprise']",2026-01-04T09:54:49.940025,f6c1513d-8b13-441d-98bb-1a986c21400d
283f3d57-af32-485e-af92-6391779ee26f,7319bb38-0e1a-42a0-a1a3-c170af371232,Steel Bridge Inc,steelbridgeinc.com,Hospitality,1-10,160054729.85,2006,"Washington DC, TN",A leading company in the legal sector.,https://steelbridgeinc.com,+17907784027,2081 Main Ave,Washington DC,IN,MX,86812,US/Eastern,False,"['hot_lead', 'upsell', 'enterprise']",2025-12-27T20:13:50.940063,a3b11eec-7159-4649-ad03-75eeb3c9b04f
334c194b-fad8-4cc6-ae89-621c91ee19bc,7319bb38-0e1a-42a0-a1a3-c170af371232,EverGreen Solutions Inc,evergreensolutionsinc.com,Technology,201-500,316788970.53,1981,"Albuquerque, WA",A leading company in the insurance sector.,https://evergreensolutionsinc.com,+14899521378,4135 Cedar Ave,Albuquerque,DC,MX,63313,US/Pacific,True,['cold_lead'],2026-02-22T22:59:01.940091,8ae3dae5-38cd-4160-84ef-5c590af0066c
4c5316ed-8dc1-49ee-add2-cde0c1ff8991,7319bb38-0e1a-42a0-a1a3-c170af371232,Diamond Edge LLC,diamondedgellc.com,Media,500+,225898413.49,1980,"Sacramento, WI",A leading company in the aerospace sector.,https://diamondedgellc.com,+17537284237,2842 Main St,Sacramento,NM,FR,88363,US/Central,False,"['demo', 'churned', 'at_risk']",2026-07-12T13:32:57.940124,f6c1513d-8b13-441d-98bb-1a986c21400d
61fae7b4-a1af-45ad-bdac-fe5195e4631a,7319bb38-0e1a-42a0-a1a3-c170af371232,Apex Innovations Partners,apexinnovationspartners.com,Automotive,1-10,150354142.35,2005,"Sacramento, MN",A leading company in the education sector.,https://apexinnovationspartners.com,+15566962221,9217 Pine Dr,Sacramento,OH,MX,76167,US/Central,False,"['churned', 'upsell']",2026-05-14T13:14:49.940156,0d1a00d8-532c-48b5-a0d5-e8f37068b7e8
ec56b9ec-aa38-4dc6-8f61-45dfea5e8410,7319bb38-0e1a-42a0-a1a3-c170af371232,Copper Systems Corp,coppersystemscorp.com,Real Estate,201-500,479498390.07,2001,"Oklahoma City, CA",A leading company in the manufacturing sector.,https://coppersystemscorp.com,+19071420084,133 Cedar Dr,Oklahoma City,NY,US,98172,US/Eastern,False,"['webinar_attendee', 'new_market', 'startup']",2025-04-25T22:55:06.940184,f6c1513d-8b13-441d-98bb-1a986c21400d
b20c8c7e-31da-44e3-ad01-0fc76eee86d8,7319bb38-0e1a-42a0-a1a3-c170af371232,Copper Systems Ltd,coppersystemsltd.com,Education,51-200,486020911.85,2004,"Oakland, NE",A leading company in the transportation sector.,https://coppersystemsltd.com,+13661083050,238 Main Dr,Oakland,MA,DE,68271,UTC,True,[],2025-11-19T16:20:05.940215,0d1a00d8-532c-48b5-a0d5-e8f37068b7e8
00048d53-0d80-47cf-9052-abfc0e4f53a2,7319bb38-0e1a-42a0-a1a3-c170af371232,BlueShift Labs Co,blueshiftlabsco.com,Consulting,1000+,110612782.88,2011,"Raleigh, MA",A leading company in the healthcare sector.,https://blueshiftlabsco.com,+13205839367,3525 Main Ave,Raleigh,FL,IN,24541,US/Central,False,"['nurture', 'new_market', 'at_risk']",2025-08-03T05:41:11.940244,968afaab-9fc3-43d8-aea9-de1b0845fb8c
8a9f0f64-7b1e-47e3-8f2c-40b6ac2426f5,7319bb38-0e1a-42a0-a1a3-c170af371232,GreenField Capital Partners,greenfieldcapitalpartners.com,Manufacturing,51-200,466785022.12,1994,"Phoenix, AZ",A leading company in the legal sector.,https://greenfieldcapitalpartners.com,+17118963412,478 Cedar Rd,Phoenix,CA,JP,69497,UTC,False,[],2026-01-01T19:03:19.940272,ba4c6a8d-6e78-4532-82ad-fccefbf8ab96
756c1661-3e19-48e0-a925-97cc05d4200f,7319bb38-0e1a-42a0-a1a3-c170af371232,EverGreen Solutions Corp,evergreensolutionscorp.com,Construction,201-500,247812578.99,2013,"San Diego, LA",A leading company in the healthcare sector.,https://evergreensolutionscorp.com,+12964427223,4653 Elm Rd,San Diego,MD,AU,10676,US/Pacific,True,[],2025-03-02T11:31:18.940298,638bfc6a-5a8b-4bf8-9f66-0c0d0744f19a
c945793d-948b-4877-8841-5e90547aaca3,7319bb38-0e1a-42a0-a1a3-c170af371232,BrightStar Inc Inc,brightstarincinc.com,Real Estate,11-50,164645855.52,1984,"Indianapolis, FL",A leading company in the education sector.,https://brightstarincinc.com,+12119712572,7177 Main Rd,Indianapolis,FL,AU,42821,US/Eastern,True,['trial'],2025-04-01T15:27:09.940325,a3b11eec-7159-4649-ad03-75eeb3c9b04f
b68046fe-c84d-45ed-b9a1-36b7cc74d21e,7319bb38-0e1a-42a0-a1a3-c170af371232,Diamond Edge LLC,diamondedgellc.com,Aerospace,500+,219292814.63,1986,"Phoenix, FL",A leading company in the telecommunications sector.,https://diamondedgellc.com,+14486504625,1501 Main St,Phoenix,OR,AU,18523,US/Eastern,True,"['enterprise', 'cross_sell', 'referral_partner']",2026-04-23T05:42:08.940357,96bb061b-9355-4d14-bab8-c5b59a63ac2a
9379c0b2-b2f4-446e-bdcf-fa312506a448,7319bb38-0e1a-42a0-a1a3-c170af371232,Platinum Partners Inc,platinumpartnersinc.com,Healthcare,51-200,424972160.15,2005,"Atlanta, TX",A leading company in the aerospace sector.,https://platinumpartnersinc.com,+15229658020,3919 Cedar Rd,Atlanta,NY,BR,60321,US/Pacific,False,[],2026-01-19T03:00:22.940399,af8ae744-eaf6-49a6-9c7f-4f4aa9e503ee
28615c98-bd70-494f-b3d7-4eea6dee4878,7319bb38-0e1a-42a0-a1a3-c170af371232,Diamond Edge Inc,diamondedgeinc.com,Construction,51-200,293927287.56,1986,"Milwaukee, TX",A leading company in the technology sector.,https://diamondedgeinc.com,+18851224907,1206 Cedar Ave,Milwaukee,KS,GB,93540,US/Central,False,"['bulk_order', 'referral_partner', 'pricing_page']",2025-08-14T12:09:35.940427,8ae3dae5-38cd-4160-84ef-5c590af0066c
b5b7e151-f3cf-4a55-ad85-c67a33232b0b,7319bb38-0e1a-42a0-a1a3-c170af371232,Crystal Corp Inc,crystalcorpinc.com,Manufacturing,51-200,292281921.52,2012,"Houston, CA",A leading company in the transportation sector.,https://crystalcorpinc.com,+17631510609,8966 Oak Ave,Houston,NM,FR,89079,US/Central,True,[],2026-07-21T00:39:30.940454,af8ae744-eaf6-49a6-9c7f-4f4aa9e503ee
b9ee37a5-2b73-4ffd-867c-16b8103630bd,7319bb38-0e1a-42a0-a1a3-c170af371232,Platinum Partners LLC,platinumpartnersllc.com,Marketing,500+,409600934.79,2015,"Houston, TX",A leading company in the media sector.,https://platinumpartnersllc.com,+13476678923,3382 Oak St,Houston,OK,DE,97537,US/Pacific,False,"['referral_partner', 'seasonal', 'trial']",2026-01-15T01:44:18.940482,fd2fd60f-404e-41a6-95e7-9a06e7913261
cbd5bf4f-ae9c-4de4-aa39-c55ab8bacb83,7319bb38-0e1a-42a0-a1a3-c170af371232,EverGreen Solutions Corp,evergreensolutionscorp.com,Education,201-500,438058933.89,1982,"Austin, AZ",A leading company in the marketing sector.,https://evergreensolutionscorp.com,+15951170613,3754 Oak Dr,Austin,NC,DE,41328,US/Pacific,False,"['bulk_order', 'webinar_attendee']",2025-09-03T17:52:54.940510,8ae3dae5-38cd-4160-84ef-5c590af0066c
09e389c9-4a52-4258-9dc9-0b0c8482a243,7319bb38-0e1a-42a0-a1a3-c170af371232,TechNova Solutions Corp,technovasolutionscorp.com,Finance,51-200,15057293.47,1987,"New York, CA",A leading company in the consulting sector.,https://technovasolutionscorp.com,+13891538480,9695 Pine St,New York,CA,DE,35929,US/Central,True,"['bulk_order', 'nurture']",2026-01-18T23:29:45.940543,0d1a00d8-532c-48b5-a0d5-e8f37068b7e8
bfed0e4c-fb4f-4fc9-9cfb-f808e49286bf,7319bb38-0e1a-42a0-a1a3-c170af371232,Zenith Partners LLC,zenithpartnersllc.com,Retail,51-200,455328942.65,1981,"Los Angeles, CA",A leading company in the manufacturing sector.,https://zenithpartnersllc.com,+17922428148,1918 Pine Ave,Los Angeles,DC,BR,41476,US/Central,False,['low_priority'],2026-04-25T05:41:14.940570,96bb061b-9355-4d14-bab8-c5b59a63ac2a
9ac707c7-74b1-4841-8a83-35effa9130b3,7319bb38-0e1a-42a0-a1a3-c170af371232,RedRock Ventures LLC,redrockventuresllc.com,Real Estate,500+,189128854.92,2003,"Fort Worth, TN",A leading company in the aerospace sector.,https://redrockventuresllc.com,+18139828224,4106 Main Rd,Fort Worth,CO,DE,80184,US/Central,False,"['renewal', 'enterprise']",2025-11-18T07:54:40.940598,ba4c6a8d-6e78-4532-82ad-fccefbf8ab96
fc4fe67f-929d-4787-a253-0a29d56928c6,7319bb38-0e1a-42a0-a1a3-c170af371232,Coral Health Group,coralhealthgroup.com,Real Estate,1000+,40749780.54,2010,"Tucson, VA",A leading company in the aerospace sector.,https://coralhealthgroup.com,+12278627610,8433 Elm Rd,Tucson,MA,BR,78012,US/Pacific,True,"['low_priority', 'seasonal']",2026-06-14T21:19:18.940632,5b11e466-caa2-4b0d-ad40-becd33c6cbc2
1a017dff-0a24-4f2a-b0b4-42650a48ad51,7319bb38-0e1a-42a0-a1a3-c170af371232,Atlas Computing Group,atlascomputinggroup.com,Automotive,1000+,18350413.75,1994,"Las Vegas, TX",A leading company in the telecommunications sector.,https://atlascomputinggroup.com,+15707279480,6586 Oak Blvd,Las Vegas,KY,IN,84890,US/Eastern,False,"['upsell', 'new_market']",2025-05-02T08:11:51.940666,af8e7df9-9ce7-4499-ab19-610e813af04b
216d22e8-f791-4f14-9a90-6d6bdfa534f1,7319bb38-0e1a-42a0-a1a3-c170af371232,BlueShift Labs Corp,blueshiftlabscorp.com,Construction,51-200,115127280.23,1982,"Baltimore, WI",A leading company in the construction sector.,https://blueshiftlabscorp.com,+14667715097,7081 Elm Dr,Baltimore,KY,IN,58170,US/Pacific,False,"['vip', 'nurture', 'pricing_page']",2025-10-02T12:58:40.940697,af8ae744-eaf6-49a6-9c7f-4f4aa9e503ee
f90cc863-ed38-4d6f-82f8-a3f91ce89384,7319bb38-0e1a-42a0-a1a3-c170af371232,Quantum Dynamics Corp,quantumdynamicscorp.com,Consulting,500+,256419855.19,2021,"Philadelphia, PA",A leading company in the legal sector.,https://quantumdynamicscorp.com,+15979742135,1712 Main St,Philadelphia,MA,US,81568,US/Eastern,False,"['upsell', 'cross_sell']",2025-11-13T10:14:52.940728,638bfc6a-5a8b-4bf8-9f66-0c0d0744f19a
0cd6c2f3-3a3e-454d-8d65-53e3f23852a6,7319bb38-0e1a-42a0-a1a3-c170af371232,Sapphire Tech LLC,sapphiretechllc.com,Insurance,51-200,4316512.51,1999,"New Orleans, CO",A leading company in the transportation sector.,https://sapphiretechllc.com,+19658477529,6716 Elm Rd,New Orleans,LA,US,71866,US/Eastern,False,['renewal'],2025-09-07T20:34:50.940757,0d1a00d8-532c-48b5-a0d5-e8f37068b7e8
56351de4-2ee1-4bd1-be46-b4b502db900c,7319bb38-0e1a-42a0-a1a3-c170af371232,Ember Labs Group,emberlabsgroup.com,Telecommunications,1000+,407208135.62,2001,"Atlanta, PA",A leading company in the energy sector.,https://emberlabsgroup.com,+15632690501,7125 Elm Ave,Atlanta,MD,BR,83196,UTC,False,['cross_sell'],2025-02-14T21:30:14.940808,af8e7df9-9ce7-4499-ab19-610e813af04b
118fd458-481e-469b-b2ea-bdfe893f5766,7319bb38-0e1a-42a0-a1a3-c170af371232,Copper Systems Co,coppersystemsco.com,Energy,11-50,209602700.54,2023,"El Paso, LA",A leading company in the hospitality sector.,https://coppersystemsco.com,+19571346943,8908 Pine Blvd,El Paso,CO,US,84393,UTC,False,['trial'],2026-03-12T17:11:25.940840,0d1a00d8-532c-48b5-a0d5-e8f37068b7e8
7cab2a2a-56fe-4aca-9dc0-ec5ded3f7749,7319bb38-0e1a-42a0-a1a3-c170af371232,ClearView Corp Inc,clearviewcorpinc.com,Hospitality,11-50,237415088.43,2001,"Sacramento, KS",A leading company in the telecommunications sector.,https://clearviewcorpinc.com,+19039465575,5091 Main Ave,Sacramento,TX,JP,33283,UTC,False,"['vip', 'nurture', 'at_risk']",2025-04-17T17:21:24.940868,fd2fd60f-404e-41a6-95e7-9a06e7913261
2a7a9439-e288-4c5f-9d70-757e2dd3a56d,7319bb38-0e1a-42a0-a1a3-c170af371232,Forge Industries LLC,forgeindustriesllc.com,Construction,1-10,227359110.26,2003,"Denver, AZ",A leading company in the technology sector.,https://forgeindustriesllc.com,+12737985828,6831 Elm Ave,Denver,CA,GB,80313,US/Pacific,False,[],2026-03-10T10:49:28.940894,8ae3dae5-38cd-4160-84ef-5c590af0066c
6dbf0b5a-edc7-46cb-ae58-6315aefec56f,7319bb38-0e1a-42a0-a1a3-c170af371232,Forge Industries Corp,forgeindustriescorp.com,Agriculture,11-50,301874538.87,1999,"Louisville, CO",A leading company in the real estate sector.,https://forgeindustriescorp.com,+18453081059,7619 Pine Ave,Louisville,NY,GB,68422,UTC,False,['low_priority'],2026-01-08T00:01:54.940921,aabd8828-4992-4138-a82c-82d2ace3e408
2aeadc46-d5c9-4625-bd00-df403dc703a7,7319bb38-0e1a-42a0-a1a3-c170af371232,Amber Industries Ltd,amberindustriesltd.com,Automotive,1-10,368658490.91,1998,"Milwaukee, CA",A leading company in the telecommunications sector.,https://amberindustriesltd.com,+17784383942,4973 Elm Rd,Milwaukee,FL,IN,42654,US/Eastern,False,"['pricing_page', 'webinar_attendee', 'win_back']",2025-08-12T00:00:34.940948,96bb061b-9355-4d14-bab8-c5b59a63ac2a
304764c5-2a1e-4d8e-ab16-84fbb68bf2bc,7319bb38-0e1a-42a0-a1a3-c170af371232,ClearView Corp Partners,clearviewcorppartners.com,Marketing,11-50,136924449.7,2020,"Chicago, CA",A leading company in the consulting sector.,https://clearviewcorppartners.com,+19158237055,1193 Oak Dr,Chicago,TN,JP,25889,US/Central,True,[],2026-07-06T15:10:36.940978,eaf0989b-5b56-4b72-9a32-2711e9c394ff
ceb4c214-6b61-47a1-b5c4-369c9a875d15,7319bb38-0e1a-42a0-a1a3-c170af371232,SwiftScale LLC,swiftscalellc.com,Real Estate,500+,22365350.84,1981,"San Francisco, AZ",A leading company in the telecommunications sector.,https://swiftscalellc.com,+13637050695,6642 Oak Dr,San Francisco,IL,US,42847,UTC,False,['trial'],2026-05-26T20:57:23.941005,5b11e466-caa2-4b0d-ad40-becd33c6cbc2
350a3a2a-6329-424d-ac3d-2fd6d02ae68b,7319bb38-0e1a-42a0-a1a3-c170af371232,Quantum Dynamics Inc,quantumdynamicsinc.com,Marketing,1000+,475011711.12,1988,"Atlanta, NM",A leading company in the legal sector.,https://quantumdynamicsinc.com,+15614483566,2894 Main Rd,Atlanta,TX,GB,48554,UTC,False,"['nurture', 'startup', 'win_back']",2025-02-16T13:15:20.941036,8ae3dae5-38cd-4160-84ef-5c590af0066c
a9cd8fcc-42cd-4abf-b5a7-5e35dc979742,7319bb38-0e1a-42a0-a1a3-c170af371232,SwiftScale Corp,swiftscalecorp.com,Real Estate,1000+,17270700.46,2023,"Jacksonville, CA",A leading company in the real estate sector.,https://swiftscalecorp.com,+18193592555,882 Cedar St,Jacksonville,OR,FR,68194,UTC,False,[],2026-02-26T10:39:07.941063,aabd8828-4992-4138-a82c-82d2ace3e408
0ef38ab1-7b31-4f4b-a383-7fca8b7a15d0,7319bb38-0e1a-42a0-a1a3-c170af371232,Catalyst Group Corp,catalystgroupcorp.com,Real Estate,1-10,8068419.73,1981,"Indianapolis, NY",A leading company in the energy sector.,https://catalystgroupcorp.com,+15524134708,1135 Oak St,Indianapolis,VA,GB,31895,UTC,False,[],2026-01-05T15:03:19.941089,a3b11eec-7159-4649-ad03-75eeb3c9b04f
c2460213-ba65-4713-b701-7b3ab3e20f2d,7319bb38-0e1a-42a0-a1a3-c170af371232,Opal Solutions LLC,opalsolutionsllc.com,Real Estate,500+,197562207.48,2007,"Raleigh, CA",A leading company in the marketing sector.,https://opalsolutionsllc.com,+12918178072,5942 Pine Ave,Raleigh,NY,IN,95720,US/Central,True,['pricing_page'],2025-09-18T05:42:37.941122,af8ae744-eaf6-49a6-9c7f-4f4aa9e503ee
716e614a-5934-4d9d-a7f4-767b2e743ecc,7319bb38-0e1a-42a0-a1a3-c170af371232,Atlas Computing Partners,atlascomputingpartners.com,Transportation,1-10,33712267.7,1993,"Raleigh, TN",A leading company in the consulting sector.,https://atlascomputingpartners.com,+19591548536,8285 Main Rd,Raleigh,KS,GB,43022,UTC,False,"['win_back', 'seasonal', 'cold_lead']",2026-01-11T09:41:25.941151,af8ae744-eaf6-49a6-9c7f-4f4aa9e503ee
23b33873-e1b5-4cfc-a259-50431350badc,7319bb38-0e1a-42a0-a1a3-c170af371232,Silver Stream Partners,silverstreampartners.com,Agriculture,1-10,167585853.8,2018,"Nashville, CO",A leading company in the telecommunications sector.,https://silverstreampartners.com,+17937239947,3908 Cedar Rd,Nashville,OK,US,40488,UTC,False,[],2025-12-18T11:54:49.941179,638bfc6a-5a8b-4bf8-9f66-0c0d0744f19a
bd97cf94-81c9-438e-a93a-4b18d1814b29,7319bb38-0e1a-42a0-a1a3-c170af371232,BrightStar Inc Co,brightstarincco.com,Aerospace,1-10,30008512.13,2003,"Indianapolis, AZ",A leading company in the consulting sector.,https://brightstarincco.com,+12867634019,6256 Oak St,Indianapolis,IN,MX,68160,US/Central,True,"['churned', 'enterprise']",2026-07-23T18:24:45.941212,af8ae744-eaf6-49a6-9c7f-4f4aa9e503ee
f34beda3-1512-4200-bc84-cfe5598d2950,7319bb38-0e1a-42a0-a1a3-c170af371232,Prism Technologies Co,prismtechnologiesco.com,Marketing,1000+,165668572.79,1995,"Los Angeles, OH",A leading company in the insurance sector.,https://prismtechnologiesco.com,+16527213250,4168 Oak Rd,Los Angeles,OR,JP,52157,US/Eastern,False,[],2025-04-12T21:12:25.941239,96bb061b-9355-4d14-bab8-c5b59a63ac2a
c990188c-18fc-4b68-8095-d2954596f48c,7319bb38-0e1a-42a0-a1a3-c170af371232,Pulse Digital Inc,pulsedigitalinc.com,Manufacturing,11-50,62824221.75,1991,"Miami, CO",A leading company in the insurance sector.,https://pulsedigitalinc.com,+19865033778,3448 Oak Rd,Miami,PA,IN,71220,US/Central,True,['renewal'],2026-04-15T09:43:50.941266,968afaab-9fc3-43d8-aea9-de1b0845fb8c
74e3cca5-e679-4002-9be1-3a4aefb076b2,7319bb38-0e1a-42a0-a1a3-c170af371232,Catalyst Group Corp,catalystgroupcorp.com,Automotive,201-500,483864519.05,1992,"Denver, WA",A leading company in the agriculture sector.,https://catalystgroupcorp.com,+16638633248,5991 Elm Dr,Denver,TX,BR,67852,US/Pacific,False,"['cold_lead', 'high_priority', 'vip']",2026-03-02T18:52:04.941297,ba4c6a8d-6e78-4532-82ad-fccefbf8ab96
b9ab76b5-9fc6-463c-8a6f-589448ae5992,7319bb38-0e1a-42a0-a1a3-c170af371232,BlueShift Labs Co,blueshiftlabsco.com,Aerospace,500+,76441714.53,1991,"Washington DC, CA",A leading company in the hospitality sector.,https://blueshiftlabsco.com,+13991366906,7531 Pine Dr,Washington DC,GA,MX,73025,UTC,False,"['at_risk', 'cold_lead', 'vip']",2025-02-18T21:32:12.941325,638bfc6a-5a8b-4bf8-9f66-0c0d0744f19a
f5a7b4c4-408d-472a-b723-9bbe25b08337,7319bb38-0e1a-42a0-a1a3-c170af371232,Iron Mountain Corp,ironmountaincorp.com,Hospitality,201-500,470145478.38,2003,"Tucson, OR",A leading company in the agriculture sector.,https://ironmountaincorp.com,+17617004715,9738 Main Dr,Tucson,IL,CA,60439,US/Eastern,True,"['upsell', 'bulk_order', 'demo']",2026-07-11T21:05:49.941357,af8ae744-eaf6-49a6-9c7f-4f4aa9e503ee
a6c5a365-5620-45be-a79f-2acad1cf8ea2,7319bb38-0e1a-42a0-a1a3-c170af371232,Titan Industries Corp,titanindustriescorp.com,Healthcare,1000+,192697312.11,2007,"Minneapolis, TX",A leading company in the marketing sector.,https://titanindustriescorp.com,+13040897645,665 Pine St,Minneapolis,MN,GB,44253,US/Pacific,False,['upsell'],2025-10-17T01:13:49.941389,968afaab-9fc3-43d8-aea9-de1b0845fb8c
0a210764-4dbe-4ec2-8fd8-a4a57489e6d7,7319bb38-0e1a-42a0-a1a3-c170af371232,Copper Systems Co,coppersystemsco.com,Technology,1-10,385497544.15,2021,"Austin, OK",A leading company in the hospitality sector.,https://coppersystemsco.com,+18002933713,9703 Main Rd,Austin,TX,IN,31734,US/Pacific,True,"['low_priority', 'new_market']",2026-03-04T00:38:43.941417,fd2fd60f-404e-41a6-95e7-9a06e7913261
8c0dd002-f93c-4b6b-8fa8-284320101b75,7319bb38-0e1a-42a0-a1a3-c170af371232,Iron Mountain Ltd,ironmountainltd.com,Finance,1-10,318108315.31,2002,"New Orleans, CA",A leading company in the legal sector.,https://ironmountainltd.com,+15215771198,6620 Pine St,New Orleans,TX,BR,10206,UTC,True,"['low_priority', 'content_downloader', 'churned']",2025-11-27T18:59:50.941451,8ae3dae5-38cd-4160-84ef-5c590af0066c
5c4c67cb-328b-48f9-a871-85038dc481f2,7319bb38-0e1a-42a0-a1a3-c170af371232,Zenith Partners Corp,zenithpartnerscorp.com,Manufacturing,11-50,243261306.17,2012,"Jacksonville, CA",A leading company in the telecommunications sector.,https://zenithpartnerscorp.com,+18730609442,3582 Oak Ave,Jacksonville,TX,GB,35150,US/Central,False,"['pricing_page', 'churned', 'referral_partner']",2025-05-28T02:28:43.941478,8ae3dae5-38cd-4160-84ef-5c590af0066c
66dcf695-f71b-4838-88f6-749fb5e501af,7319bb38-0e1a-42a0-a1a3-c170af371232,BlueShift Labs Corp,blueshiftlabscorp.com,Hospitality,1-10,138417263.32,2001,"Philadelphia, CA",A leading company in the automotive sector.,https://blueshiftlabscorp.com,+13008372962,8049 Main St,Philadelphia,TX,FR,10947,UTC,True,[],2026-02-25T01:15:39.941511,a3b11eec-7159-4649-ad03-75eeb3c9b04f
cd1a5593-5eca-467d-be39-1ef39edfcd4e,7319bb38-0e1a-42a0-a1a3-c170af371232,Silver Stream Corp,silverstreamcorp.com,Agriculture,51-200,302205556.87,2001,"Tucson, MA",A leading company in the energy sector.,https://silverstreamcorp.com,+16292584174,4025 Pine Dr,Tucson,OR,MX,17502,US/Central,False,[],2025-02-08T19:56:34.941544,ba4c6a8d-6e78-4532-82ad-fccefbf8ab96
b5f1ee44-ae07-4410-a5ab-062a88607db0,7319bb38-0e1a-42a0-a1a3-c170af371232,Titan Industries Ltd,titanindustriesltd.com,Manufacturing,1-10,300974492.76,2013,"Tampa, WA",A leading company in the marketing sector.,https://titanindustriesltd.com,+13582394360,7885 Cedar Dr,Tampa,VA,DE,10410,US/Central,True,"['enterprise', 'bulk_order']",2026-01-04T19:29:01.941573,0d1a00d8-532c-48b5-a0d5-e8f37068b7e8
a63f2d79-2770-4f1d-b82f-f26d7ae6884f,7319bb38-0e1a-42a0-a1a3-c170af371232,Sapphire Tech Ltd,sapphiretechltd.com,Aerospace,1-10,174199562.3,2010,"Las Vegas, VA",A leading company in the education sector.,https://sapphiretechltd.com,+15153698891,4914 Cedar Ave,Las Vegas,OK,GB,78164,UTC,True,[],2025-12-10T23:17:10.941604,ba4c6a8d-6e78-4532-82ad-fccefbf8ab96
fa9e2caa-b3a9-408f-9168-37e33fe363f7,7319bb38-0e1a-42a0-a1a3-c170af371232,Nimbus Networks LLC,nimbusnetworksllc.com,Education,201-500,331337923.12,1995,"Baltimore, IN",A leading company in the real estate sector.,https://nimbusnetworksllc.com,+17026971512,1565 Main Dr,Baltimore,OK,US,31002,US/Central,False,"['renewal', 'bulk_order']",2025-10-26T20:38:54.941643,aabd8828-4992-4138-a82c-82d2ace3e408
4cdc87e9-983a-4aed-9d88-4cdc173c5292,7319bb38-0e1a-42a0-a1a3-c170af371232,Copper Systems Inc,coppersystemsinc.com,Manufacturing,500+,316792417.91,2011,"Virginia Beach, PA",A leading company in the energy sector.,https://coppersystemsinc.com,+15744956408,9536 Cedar St,Virginia Beach,CA,AU,59415,US/Pacific,False,"['renewal', 'upsell', 'hot_lead']",2025-11-29T06:29:57.941674,96bb061b-9355-4d14-bab8-c5b59a63ac2a
9557e36a-89fd-4eaa-8118-893c1f73e5c3,7319bb38-0e1a-42a0-a1a3-c170af371232,BlueShift Labs Corp,blueshiftlabscorp.com,Automotive,11-50,372321645.26,1987,"Arlington, KS",A leading company in the transportation sector.,https://blueshiftlabscorp.com,+16842221128,5234 Elm Rd,Arlington,TX,US,50737,UTC,False,['webinar_attendee'],2026-04-14T14:56:41.941704,af8e7df9-9ce7-4499-ab19-610e813af04b
88611444-583e-4cf1-8946-6306ba1a4d19,7319bb38-0e1a-42a0-a1a3-c170af371232,NovaTech Solutions Co,novatechsolutionsco.com,Manufacturing,500+,331888201.72,2017,"Oakland, NC",A leading company in the education sector.,https://novatechsolutionsco.com,+13697853760,8919 Elm Blvd,Oakland,CA,FR,38692,US/Pacific,False,['referral_partner'],2025-11-22T08:37:04.941733,638bfc6a-5a8b-4bf8-9f66-0c0d0744f19a
abdaeddd-7a95-4663-b854-869042cb51f0,7319bb38-0e1a-42a0-a1a3-c170af371232,Copper Systems Co,coppersystemsco.com,Healthcare,500+,160103672.16,2012,"Minneapolis, MN",A leading company in the education sector.,https://coppersystemsco.com,+17469437023,9503 Elm Ave,Minneapolis,AZ,FR,59375,UTC,False,"['cold_lead', 'seasonal']",2025-09-08T11:30:05.941765,638bfc6a-5a8b-4bf8-9f66-0c0d0744f19a
de723927-e986-44e8-ab08-8ca02615340d,7319bb38-0e1a-42a0-a1a3-c170af371232,Bronze Gate Inc,bronzegateinc.com,Retail,201-500,363711361.69,1999,"Wichita, VA",A leading company in the retail sector.,https://bronzegateinc.com,+16256584102,9077 Elm Blvd,Wichita,KY,BR,55653,US/Pacific,False,"['cross_sell', 'seasonal']",2025-08-23T23:15:33.941793,eaf0989b-5b56-4b72-9a32-2711e9c394ff
8d0da783-96c4-48be-97a0-519a33ecea23,7319bb38-0e1a-42a0-a1a3-c170af371232,IronClad Security LLC,ironcladsecurityllc.com,Automotive,1-10,424912369.83,2025,"Nashville, DC",A leading company in the telecommunications sector.,https://ironcladsecurityllc.com,+14811631556,9556 Oak Dr,Nashville,MN,BR,48152,US/Eastern,True,['bulk_order'],2025-02-14T16:29:42.941821,638bfc6a-5a8b-4bf8-9f66-0c0d0744f19a
3eae27b4-6f17-4db2-8422-90f31dcf4ed3,7319bb38-0e1a-42a0-a1a3-c170af371232,Pearl Analytics Inc,pearlanalyticsinc.com,Manufacturing,201-500,475201557.31,2007,"Oakland, CA",A leading company in the retail sector.,https://pearlanalyticsinc.com,+15977076759,1673 Pine Dr,Oakland,FL,US,25380,US/Central,False,['churned'],2026-03-25T12:13:37.941849,f6c1513d-8b13-441d-98bb-1a986c21400d
69edc368-e348-4acd-9c94-208bdc331bf6,7319bb38-0e1a-42a0-a1a3-c170af371232,SilverLine Corp LLC,silverlinecorpllc.com,Agriculture,51-200,344007653.75,1991,"Las Vegas, CA",A leading company in the hospitality sector.,https://silverlinecorpllc.com,+19627216841,1568 Elm Dr,Las Vegas,WA,BR,58145,UTC,True,[],2025-06-09T21:07:07.941876,af8ae744-eaf6-49a6-9c7f-4f4aa9e503ee
1ff9bead-4cf5-4861-960d-0aceb8a04fbe,7319bb38-0e1a-42a0-a1a3-c170af371232,Copper Systems Group,coppersystemsgroup.com,Technology,500+,286512305.32,2016,"Charlotte, NM",A leading company in the legal sector.,https://coppersystemsgroup.com,+19274497151,1649 Cedar Ave,Charlotte,OR,BR,94488,US/Pacific,True,['hot_lead'],2026-01-04T05:37:07.941906,638bfc6a-5a8b-4bf8-9f66-0c0d0744f19a
4aa11d34-fe51-4197-a81d-1e8d971e92e9,7319bb38-0e1a-42a0-a1a3-c170af371232,Diamond Edge Group,diamondedgegroup.com,Hospitality,1000+,9922206.9,2015,"Jacksonville, CA",A leading company in the construction sector.,https://diamondedgegroup.com,+14098363243,8601 Cedar Rd,Jacksonville,OK,CA,37192,UTC,True,['vip'],2026-05-08T14:45:00.941938,96bb061b-9355-4d14-bab8-c5b59a63ac2a
80bffb4d-ca19-4182-bcdd-94d9f3556692,2742825a-3e35-4f86-ae5a-aca92762e3ea,CloudPeak Analytics LLC,cloudpeakanalyticsllc.com,Real Estate,1000+,80647070.46,2015,"Kansas City, CA",A leading company in the healthcare sector.,https://cloudpeakanalyticsllc.com,+16658365876,2143 Cedar Blvd,Kansas City,MA,JP,32492,US/Pacific,False,[],2025-10-17T14:15:05.941986,b7d19994-038b-4dbe-8e38-5141d55ae804
43a84636-d7c8-4730-a476-2f6177b125e7,2742825a-3e35-4f86-ae5a-aca92762e3ea,Ember Labs Co,emberlabsco.com,Insurance,201-500,69970530.45,2011,"Denver, MN",A leading company in the energy sector.,https://emberlabsco.com,+18539801791,5869 Cedar Rd,Denver,CA,DE,22977,UTC,True,['cold_lead'],2025-12-08T11:08:33.942019,fc5f1462-0be4-4ddf-81a8-aa82b5148124
4d400740-01cf-4008-982f-72a730dab5be,2742825a-3e35-4f86-ae5a-aca92762e3ea,Sapphire Tech Group,sapphiretechgroup.com,Automotive,51-200,138733989.59,2019,"Columbus, KY",A leading company in the finance sector.,https://sapphiretechgroup.com,+14361581808,4370 Elm Ave,Columbus,NV,BR,20912,US/Central,False,['new_market'],2025-09-01T05:52:33.942051,d7b70429-3c34-4940-81f0-2fd516ab47cb
16873f13-7f54-4e25-aa95-3188fd833bd8,2742825a-3e35-4f86-ae5a-aca92762e3ea,Iron Mountain Corp,ironmountaincorp.com,Real Estate,1000+,186102522.64,2022,"Miami, CA",A leading company in the construction sector.,https://ironmountaincorp.com,+14598217672,6976 Oak Blvd,Miami,KY,IN,13396,US/Eastern,True,[],2026-08-03T07:18:41.942082,d7b70429-3c34-4940-81f0-2fd516ab47cb
72836e31-8b23-4a88-888f-37eca2a00c93,2742825a-3e35-4f86-ae5a-aca92762e3ea,Onyx Data Ltd,onyxdataltd.com,Energy,1000+,44532630.39,2001,"Phoenix, KS",A leading company in the legal sector.,https://onyxdataltd.com,+16923448273,3798 Pine St,Phoenix,TX,IN,39127,US/Pacific,False,[],2025-08-03T22:28:31.942110,a3cb50e2-619e-40b9-82fa-b0ae6c6c06ca
91ddcf16-b64f-44c8-9e61-4e1fca15c9b3,2742825a-3e35-4f86-ae5a-aca92762e3ea,Vanguard Systems Group,vanguardsystemsgroup.com,Education,500+,174482660.79,2016,"Tucson, CO",A leading company in the insurance sector.,https://vanguardsystemsgroup.com,+17459135230,1723 Main Ave,Tucson,TN,IN,33681,US/Central,False,"['high_priority', 'existing_customer', 'cold_lead']",2025-10-28T03:39:09.942143,d7b70429-3c34-4940-81f0-2fd516ab47cb
8656a4d2-4826-493f-9aa2-c53875c68838,2742825a-3e35-4f86-ae5a-aca92762e3ea,Coral Health Partners,coralhealthpartners.com,Manufacturing,11-50,189431392.27,1997,"San Jose, TX",A leading company in the transportation sector.,https://coralhealthpartners.com,+19333667037,4181 Cedar Dr,San Jose,OK,BR,33999,US/Pacific,False,"['low_priority', 'cross_sell', 'upsell']",2026-04-19T22:15:40.942173,a3cb50e2-619e-40b9-82fa-b0ae6c6c06ca
7adacfc7-6977-482d-a387-083525455854,2742825a-3e35-4f86-ae5a-aca92762e3ea,Summit Analytics Corp,summitanalyticscorp.com,Finance,51-200,203287066.5,2000,"Miami, PA",A leading company in the finance sector.,https://summitanalyticscorp.com,+16624362114,4032 Main Ave,Miami,KS,US,21086,US/Central,False,"['vip', 'content_downloader', 'win_back']",2026-07-10T08:16:26.942201,56bbe842-f0da-4e30-a46c-38025bfb382e
ee2a9d1c-23ca-4808-8e74-48d81052a140,2742825a-3e35-4f86-ae5a-aca92762e3ea,Amber Industries Group,amberindustriesgroup.com,Insurance,1000+,62389558.54,1980,"Oakland, NC",A leading company in the real estate sector.,https://amberindustriesgroup.com,+15203690252,7062 Cedar Blvd,Oakland,IN,JP,99663,UTC,False,['win_back'],2026-07-26T11:30:05.942234,fc5f1462-0be4-4ddf-81a8-aa82b5148124
d127ea1b-c501-433b-8fae-04d739a9ef84,2742825a-3e35-4f86-ae5a-aca92762e3ea,Quantum Dynamics Corp,quantumdynamicscorp.com,Construction,51-200,476244176.94,2007,"Dallas, AZ",A leading company in the hospitality sector.,https://quantumdynamicscorp.com,+12732223062,1955 Pine Ave,Dallas,CA,CA,48019,US/Central,False,"['at_risk', 'vip']",2026-03-15T11:13:28.942262,c74050eb-0b79-4cba-8d19-adf0d3e0b9db
6c10f382-4592-40ed-b817-822b6e8d98e4,2742825a-3e35-4f86-ae5a-aca92762e3ea,Vanguard Systems Partners,vanguardsystemspartners.com,Healthcare,201-500,446252329.42,2011,"Fresno, TX",A leading company in the transportation sector.,https://vanguardsystemspartners.com,+16320269389,7642 Pine Blvd,Fresno,TX,CA,10675,US/Central,False,['webinar_attendee'],2026-02-03T03:37:46.942289,1f4e14bd-50ce-450c-ab7d-5e06108ba712
6fa9a160-9bc2-4041-b93e-5c6254995268,2742825a-3e35-4f86-ae5a-aca92762e3ea,BrightStar Inc Ltd,brightstarincltd.com,Finance,500+,257183583.84,1989,"Fort Worth, TN",A leading company in the education sector.,https://brightstarincltd.com,+15921773774,213 Oak Blvd,Fort Worth,NC,BR,61820,US/Central,True,"['nurture', 'new_market', 'upsell']",2025-05-27T19:16:29.942316,d7b70429-3c34-4940-81f0-2fd516ab47cb
e463cc6c-efb6-4f5d-9903-d4c96142db16,2742825a-3e35-4f86-ae5a-aca92762e3ea,SwiftScale LLC,swiftscalellc.com,Transportation,1000+,217008379.34,2002,"Dallas, OK",A leading company in the real estate sector.,https://swiftscalellc.com,+12475305327,4767 Main Ave,Dallas,NV,IN,53412,UTC,True,['high_priority'],2025-11-04T07:37:55.942347,8c0e1935-13b5-4990-a8a3-0be81dad1a78
69b423a6-6216-4d81-a149-b000ba2749a4,2742825a-3e35-4f86-ae5a-aca92762e3ea,Amber Industries Group,amberindustriesgroup.com,Manufacturing,51-200,375557398.72,2005,"Tucson, CA",A leading company in the hospitality sector.,https://amberindustriesgroup.com,+12564434600,1867 Main Ave,Tucson,CA,AU,75536,UTC,False,['enterprise'],2026-01-21T18:57:02.942378,fdbc7119-6732-45ab-9136-cb056076a38a
58a0f5f3-e63d-482b-b288-19d1a711da92,2742825a-3e35-4f86-ae5a-aca92762e3ea,Bronze Gate Inc,bronzegateinc.com,Agriculture,51-200,141147573.74,1985,"Louisville, LA",A leading company in the media sector.,https://bronzegateinc.com,+17359033829,2598 Cedar Ave,Louisville,IN,FR,25075,US/Central,False,['win_back'],2026-04-20T10:31:51.942410,56bbe842-f0da-4e30-a46c-38025bfb382e
6c7637f2-8dc0-48f6-95a3-3735dca5f88a,2742825a-3e35-4f86-ae5a-aca92762e3ea,Steel Bridge Co,steelbridgeco.com,Construction,500+,90635065.34,2017,"San Antonio, FL",A leading company in the manufacturing sector.,https://steelbridgeco.com,+12985197631,2267 Elm St,San Antonio,WA,DE,29163,US/Pacific,True,['startup'],2025-03-29T17:09:18.942437,8c0e1935-13b5-4990-a8a3-0be81dad1a78
06b5268f-998e-4de1-86c8-03e7af938f5a,2742825a-3e35-4f86-ae5a-aca92762e3ea,Ember Labs Corp,emberlabscorp.com,Marketing,11-50,168122116.83,2010,"Minneapolis, TX",A leading company in the construction sector.,https://emberlabscorp.com,+18129231105,946 Pine St,Minneapolis,WA,AU,46773,US/Central,False,['trial'],2025-03-25T09:55:27.942463,b7d19994-038b-4dbe-8e38-5141d55ae804
f737107d-d1f4-4a76-b02a-c22c44552340,2742825a-3e35-4f86-ae5a-aca92762e3ea,TechNova Solutions Inc,technovasolutionsinc.com,Energy,11-50,142694219.15,1997,"Virginia Beach, NE",A leading company in the education sector.,https://technovasolutionsinc.com,+13850733732,4233 Elm Blvd,Virginia Beach,OK,FR,24618,UTC,False,['trial'],2026-02-09T16:27:52.942490,a3cb50e2-619e-40b9-82fa-b0ae6c6c06ca
8743e543-a4a1-4212-8c1c-9219a093ed3e,2742825a-3e35-4f86-ae5a-aca92762e3ea,Golden Ratio Group,goldenratiogroup.com,Aerospace,51-200,119164197.36,1997,"Mesa, OH",A leading company in the automotive sector.,https://goldenratiogroup.com,+13649479425,1842 Oak Rd,Mesa,CA,US,86881,US/Eastern,True,"['hot_lead', 'startup', 'new_market']",2026-01-22T14:17:00.942517,a3cb50e2-619e-40b9-82fa-b0ae6c6c06ca
03ffecd8-bfd0-43a6-b45d-0d72f5211f69,2742825a-3e35-4f86-ae5a-aca92762e3ea,Cobalt Systems Co,cobaltsystemsco.com,Insurance,1000+,76878492.76,1988,"Fort Worth, TX",A leading company in the media sector.,https://cobaltsystemsco.com,+18659328234,4237 Cedar Blvd,Fort Worth,MA,BR,92557,UTC,False,[],2026-06-14T18:33:44.942547,4a7a2306-6666-4f6b-9b4e-18f69f445d60
de81b754-09c2-4772-ac53-aef75aa64585,2742825a-3e35-4f86-ae5a-aca92762e3ea,Coral Health Co,coralhealthco.com,Retail,500+,137110612.95,1988,"Los Angeles, CO",A leading company in the healthcare sector.,https://coralhealthco.com,+16556072917,3216 Elm Dr,Los Angeles,CA,JP,77303,UTC,True,"['new_market', 'webinar_attendee', 'referral_partner']",2025-11-10T10:50:27.942575,fc5f1462-0be4-4ddf-81a8-aa82b5148124
5dc97d95-ca0a-4f10-89dc-142c14f8b8d5,2742825a-3e35-4f86-ae5a-aca92762e3ea,TechNova Solutions LLC,technovasolutionsllc.com,Real Estate,500+,348376037.7,2012,"Kansas City, WI",A leading company in the construction sector.,https://technovasolutionsllc.com,+19334747661,8702 Pine Blvd,Kansas City,NC,FR,45194,UTC,True,[],2026-08-05T11:58:48.942604,a669f01c-9d90-47fe-b1f8-79740e2b0070
3fbbfec7-c3c3-47fa-b998-3bd19d129343,2742825a-3e35-4f86-ae5a-aca92762e3ea,CloudPeak Analytics Partners,cloudpeakanalyticspartners.com,Legal,11-50,135253905.99,1983,"San Jose, CA",A leading company in the marketing sector.,https://cloudpeakanalyticspartners.com,+17196791811,2003 Main Blvd,San Jose,FL,MX,58380,US/Central,True,"['bulk_order', 'cold_lead']",2026-03-31T01:34:13.942644,a669f01c-9d90-47fe-b1f8-79740e2b0070
4c505eeb-5785-40c2-92e1-ff8ccad7d492,2742825a-3e35-4f86-ae5a-aca92762e3ea,Horizon Media Inc,horizonmediainc.com,Technology,51-200,109678832.38,1997,"Miami, FL",A leading company in the legal sector.,https://horizonmediainc.com,+16173010454,8904 Cedar St,Miami,FL,IN,95698,US/Central,False,['pricing_page'],2025-09-18T15:06:46.942673,a669f01c-9d90-47fe-b1f8-79740e2b0070
856fb5a3-2ed9-4051-8ae8-9a5252072b3e,2742825a-3e35-4f86-ae5a-aca92762e3ea,Forge Industries Group,forgeindustriesgroup.com,Hospitality,11-50,223055650.08,2007,"Miami, MA",A leading company in the manufacturing sector.,https://forgeindustriesgroup.com,+15874782671,1635 Elm Ave,Miami,WI,GB,33083,US/Eastern,False,['churned'],2025-11-20T04:04:23.942704,a669f01c-9d90-47fe-b1f8-79740e2b0070
2b61684f-acdb-44bc-a8f1-1e99b050432e,2742825a-3e35-4f86-ae5a-aca92762e3ea,Apex Innovations LLC,apexinnovationsllc.com,Aerospace,11-50,34773587.13,1984,"Las Vegas, KY",A leading company in the marketing sector.,https://apexinnovationsllc.com,+18249281168,6694 Main Rd,Las Vegas,TX,US,89074,UTC,False,[],2025-05-28T03:48:01.942730,ae300c2a-88df-4b79-b08f-dabbd0efed46
010bdf29-783c-4d39-8fd5-d74647635fa0,2742825a-3e35-4f86-ae5a-aca92762e3ea,Crystal Clear Inc,crystalclearinc.com,Marketing,1-10,133864855.36,2020,"Dallas, NE",A leading company in the technology sector.,https://crystalclearinc.com,+19698301218,253 Main Rd,Dallas,TX,AU,21136,US/Eastern,True,"['nurture', 'cross_sell', 'trial']",2026-06-10T08:55:57.942757,64557d9f-67a1-4513-b6da-e641464f66bb
7b099b6f-87ef-46de-936e-2c5b31cc5241,2742825a-3e35-4f86-ae5a-aca92762e3ea,NexGen Software Group,nexgensoftwaregroup.com,Legal,1000+,271829272.24,1981,"Minneapolis, IL",A leading company in the education sector.,https://nexgensoftwaregroup.com,+14339220005,1780 Cedar Dr,Minneapolis,CA,US,39401,UTC,True,"['cold_lead', 'demo', 'churned']",2025-11-25T11:31:52.942785,c74050eb-0b79-4cba-8d19-adf0d3e0b9db
22795c5c-4f46-4450-a266-b8e9f7b236dd,2742825a-3e35-4f86-ae5a-aca92762e3ea,Platinum Partners Ltd,platinumpartnersltd.com,Education,201-500,84821052.78,1987,"Oakland, NC",A leading company in the education sector.,https://platinumpartnersltd.com,+13210383091,1349 Cedar Blvd,Oakland,CA,AU,21115,UTC,False,['content_downloader'],2026-08-02T15:29:53.942817,fdbc7119-6732-45ab-9136-cb056076a38a
2a90f919-ac29-4cce-af9f-a0a121d0d4df,2742825a-3e35-4f86-ae5a-aca92762e3ea,Zenith Partners Partners,zenithpartnerspartners.com,Manufacturing,1000+,343596000.82,2019,"Louisville, CO",A leading company in the transportation sector.,https://zenithpartnerspartners.com,+15759823710,4541 Elm Blvd,Louisville,CA,CA,10285,US/Eastern,False,['trial'],2025-07-06T17:31:41.942850,56bbe842-f0da-4e30-a46c-38025bfb382e
779fc0c4-a7dc-4ef9-adcc-130f687b22a5,2742825a-3e35-4f86-ae5a-aca92762e3ea,Iron Mountain Co,ironmountainco.com,Finance,1-10,288942547.61,1997,"Albuquerque, CA",A leading company in the finance sector.,https://ironmountainco.com,+17682471121,2189 Oak Dr,Albuquerque,TX,AU,74776,US/Pacific,False,"['referral_partner', 'churned', 'trial']",2025-06-27T03:07:00.942877,c74050eb-0b79-4cba-8d19-adf0d3e0b9db
83a4f3ae-6914-419d-8e8d-ed8aa58c54e2,2742825a-3e35-4f86-ae5a-aca92762e3ea,Catalyst Group Ltd,catalystgroupltd.com,Insurance,201-500,269396682.69,2011,"Memphis, CA",A leading company in the insurance sector.,https://catalystgroupltd.com,+15527904178,6401 Main Rd,Memphis,OK,IN,79067,US/Eastern,False,['demo'],2025-02-07T10:42:29.942903,126bc002-0870-4341-a019-6dbae3d39a09
d875bdc7-fba2-48a5-941a-72e90f3a1ccf,2742825a-3e35-4f86-ae5a-aca92762e3ea,DataFlow Systems Corp,dataflowsystemscorp.com,Agriculture,11-50,460456005.18,1983,"Atlanta, TX",A leading company in the transportation sector.,https://dataflowsystemscorp.com,+19940327210,2383 Pine Dr,Atlanta,CA,JP,65191,US/Eastern,True,['enterprise'],2025-06-26T07:34:31.942930,a3cb50e2-619e-40b9-82fa-b0ae6c6c06ca
141b174f-0eb1-4568-a1cf-102e03230a98,2742825a-3e35-4f86-ae5a-aca92762e3ea,Steel Bridge LLC,steelbridgellc.com,Technology,1000+,482458350.63,2003,"Portland, TX",A leading company in the education sector.,https://steelbridgellc.com,+19141445367,1308 Elm Rd,Portland,TX,US,29252,US/Central,True,['startup'],2025-02-18T00:01:48.942960,126bc002-0870-4341-a019-6dbae3d39a09
9c158bfc-35d9-4407-a4b7-72e100ad6409,2742825a-3e35-4f86-ae5a-aca92762e3ea,EverGreen Solutions LLC,evergreensolutionsllc.com,Retail,201-500,371791791.35,2013,"New Orleans, MN",A leading company in the consulting sector.,https://evergreensolutionsllc.com,+14019427054,5626 Elm St,New Orleans,CO,CA,30432,UTC,False,[],2025-08-01T21:37:52.942989,fc5f1462-0be4-4ddf-81a8-aa82b5148124
1b5e7480-4b83-4b74-8b29-9bd36550f34d,2742825a-3e35-4f86-ae5a-aca92762e3ea,TechNova Solutions Ltd,technovasolutionsltd.com,Telecommunications,500+,355717812.71,1996,"Louisville, KS",A leading company in the construction sector.,https://technovasolutionsltd.com,+17609373150,3824 Elm Ave,Louisville,WA,CA,78354,US/Pacific,False,['bulk_order'],2025-09-09T17:53:06.943015,fdbc7119-6732-45ab-9136-cb056076a38a
14650acd-ec57-445e-b1ce-9b8f0081f2fa,2742825a-3e35-4f86-ae5a-aca92762e3ea,NexGen Software LLC,nexgensoftwarellc.com,Retail,1000+,487994897.56,2018,"Las Vegas, AZ",A leading company in the telecommunications sector.,https://nexgensoftwarellc.com,+14050487254,6737 Elm Ave,Las Vegas,TX,AU,94757,US/Pacific,True,[],2025-05-22T06:08:23.943041,20c3bda5-fea6-4ea8-a48c-7cd0305cde2d
96544f3e-eda4-4fa2-95d1-de6e5741e1a0,2742825a-3e35-4f86-ae5a-aca92762e3ea,Sapphire Tech Co,sapphiretechco.com,Technology,11-50,141139355.37,2014,"Oklahoma City, TX",A leading company in the finance sector.,https://sapphiretechco.com,+17205113577,279 Pine Ave,Oklahoma City,GA,DE,93674,UTC,True,[],2025-03-22T23:49:55.943066,ae300c2a-88df-4b79-b08f-dabbd0efed46
859e82cb-f1df-4714-ae30-ac032080df0a,2742825a-3e35-4f86-ae5a-aca92762e3ea,Cobalt Systems Inc,cobaltsystemsinc.com,Energy,1-10,471757395.25,1980,"Houston, TX",A leading company in the consulting sector.,https://cobaltsystemsinc.com,+16117752753,8295 Oak Blvd,Houston,LA,IN,56640,US/Eastern,False,[],2026-01-10T18:08:08.943091,c74050eb-0b79-4cba-8d19-adf0d3e0b9db
cb5ae0e7-e4ea-48db-9538-1e23e964f700,2742825a-3e35-4f86-ae5a-aca92762e3ea,Bronze Gate Group,bronzegategroup.com,Construction,11-50,11891471.08,2004,"San Antonio, NM",A leading company in the automotive sector.,https://bronzegategroup.com,+12160667391,2741 Oak Dr,San Antonio,PA,CA,40352,US/Eastern,False,['seasonal'],2025-07-19T21:34:13.943117,4a7a2306-6666-4f6b-9b4e-18f69f445d60
bd22f26e-8c8f-46b7-84f3-0cecef5f768a,2742825a-3e35-4f86-ae5a-aca92762e3ea,Iron Mountain Group,ironmountaingroup.com,Construction,51-200,223767729.78,1988,"Long Beach, OK",A leading company in the consulting sector.,https://ironmountaingroup.com,+17842514268,7159 Main Dr,Long Beach,IN,DE,90004,UTC,False,"['hot_lead', 'vip', 'cold_lead']",2025-12-18T23:13:39.943167,126bc002-0870-4341-a019-6dbae3d39a09
c70a9114-3d01-4b0c-81c8-3b99ffb2ed03,2742825a-3e35-4f86-ae5a-aca92762e3ea,Crystal Corp Co,crystalcorpco.com,Agriculture,1-10,227431188.37,1990,"Philadelphia, CO",A leading company in the retail sector.,https://crystalcorpco.com,+12292752882,9545 Pine Blvd,Philadelphia,PA,CA,33486,US/Pacific,True,"['upsell', 'pricing_page', 'churned']",2025-06-28T07:49:13.943199,fdbc7119-6732-45ab-9136-cb056076a38a
ac38e2b7-ed1a-48e9-8882-afa79480a541,2742825a-3e35-4f86-ae5a-aca92762e3ea,Amber Industries Inc,amberindustriesinc.com,Consulting,201-500,204546163.52,2019,"Boston, CA",A leading company in the manufacturing sector.,https://amberindustriesinc.com,+13893340456,8496 Cedar Blvd,Boston,MA,CA,99417,US/Pacific,False,"['win_back', 'enterprise']",2025-04-04T12:13:13.943230,a3cb50e2-619e-40b9-82fa-b0ae6c6c06ca
4edb4d32-e8cb-41b0-976f-0fc0b0949142,2742825a-3e35-4f86-ae5a-aca92762e3ea,Onyx Data Inc,onyxdatainc.com,Education,51-200,187942053.15,2016,"San Jose, NV",A leading company in the finance sector.,https://onyxdatainc.com,+12957998014,7673 Main Blvd,San Jose,WI,BR,94211,US/Pacific,True,['bulk_order'],2025-05-26T17:45:33.943261,ae300c2a-88df-4b79-b08f-dabbd0efed46
4a8849f7-531c-4451-b414-d0e15cad4ba4,2742825a-3e35-4f86-ae5a-aca92762e3ea,BrightStar Inc LLC,brightstarincllc.com,Energy,1-10,158676566.89,2018,"Las Vegas, AZ",A leading company in the real estate sector.,https://brightstarincllc.com,+19311283458,7902 Main Blvd,Las Vegas,WI,US,81444,US/Eastern,False,['churned'],2025-09-11T14:57:52.943287,fdbc7119-6732-45ab-9136-cb056076a38a
17261261-97b7-4d4e-bad3-bd9b2aab661c,2742825a-3e35-4f86-ae5a-aca92762e3ea,CloudPeak Analytics Group,cloudpeakanalyticsgroup.com,Hospitality,1-10,468233010.29,2003,"Wichita, KY",A leading company in the agriculture sector.,https://cloudpeakanalyticsgroup.com,+12916635497,3565 Main Dr,Wichita,WA,FR,93320,US/Eastern,True,[],2025-11-12T18:03:18.943317,1f4e14bd-50ce-450c-ab7d-5e06108ba712
71e81f0a-d15a-4150-9776-63581c7a107d,2742825a-3e35-4f86-ae5a-aca92762e3ea,Vanguard Systems Co,vanguardsystemsco.com,Telecommunications,201-500,262412732.6,2022,"Tulsa, CA",A leading company in the retail sector.,https://vanguardsystemsco.com,+15567181201,1614 Elm Blvd,Tulsa,LA,FR,31565,US/Eastern,False,"['high_priority', 'new_market', 'seasonal']",2025-07-19T19:12:35.943344,20c3bda5-fea6-4ea8-a48c-7cd0305cde2d
8626ff47-7148-48ab-a864-20c25929df83,2742825a-3e35-4f86-ae5a-aca92762e3ea,Titan Industries Group,titanindustriesgroup.com,Technology,500+,391547033.37,2018,"Portland, TX",A leading company in the finance sector.,https://titanindustriesgroup.com,+19399041874,9577 Cedar Ave,Portland,TN,AU,11859,US/Eastern,False,['high_priority'],2025-12-26T07:26:35.943371,ae300c2a-88df-4b79-b08f-dabbd0efed46
4f1c3077-99a9-4efc-a864-33c447a1477f,2742825a-3e35-4f86-ae5a-aca92762e3ea,Platinum Partners Ltd,platinumpartnersltd.com,Construction,1000+,1888261.78,2008,"San Francisco, TX",A leading company in the telecommunications sector.,https://platinumpartnersltd.com,+19039092309,9576 Main St,San Francisco,OH,DE,65073,US/Eastern,False,['demo'],2025-09-07T10:16:00.943397,d7b70429-3c34-4940-81f0-2fd516ab47cb
7787c60a-a652-4fde-a2ee-9759b6dcebf0,2742825a-3e35-4f86-ae5a-aca92762e3ea,Pearl Analytics Inc,pearlanalyticsinc.com,Transportation,1-10,151007138.34,1999,"Boston, CA",A leading company in the education sector.,https://pearlanalyticsinc.com,+15003544284,7571 Elm Dr,Boston,TX,AU,81102,US/Pacific,False,"['hot_lead', 'nurture']",2026-05-20T18:54:14.943424,20c3bda5-fea6-4ea8-a48c-7cd0305cde2d
cf49d8d3-1127-409a-a1c3-182eb9770b50,2742825a-3e35-4f86-ae5a-aca92762e3ea,Zenith Partners Group,zenithpartnersgroup.com,Retail,500+,217966288.04,1998,"Omaha, VA",A leading company in the media sector.,https://zenithpartnersgroup.com,+14723469842,1725 Main St,Omaha,PA,US,90774,US/Pacific,True,[],2026-05-05T21:38:01.943456,fdbc7119-6732-45ab-9136-cb056076a38a
1b4b7738-56c7-4c85-b4fa-bd8025b07d5a,2742825a-3e35-4f86-ae5a-aca92762e3ea,Crystal Corp Inc,crystalcorpinc.com,Consulting,201-500,105974969.68,2009,"Virginia Beach, GA",A leading company in the hospitality sector.,https://crystalcorpinc.com,+12491778504,7793 Main Blvd,Virginia Beach,WI,IN,94523,US/Pacific,True,"['renewal', 'low_priority']",2025-11-22T13:03:01.943484,c74050eb-0b79-4cba-8d19-adf0d3e0b9db
0abe9f6b-7a76-495b-8668-7c751107bdb6,2742825a-3e35-4f86-ae5a-aca92762e3ea,Copper Systems Corp,coppersystemscorp.com,Media,1000+,120815141.83,2006,"Washington DC, IL",A leading company in the technology sector.,https://coppersystemscorp.com,+12112729226,6234 Cedar Rd,Washington DC,TN,AU,32336,US/Pacific,True,"['at_risk', 'referral_partner', 'churned']",2026-03-14T05:11:05.943511,ae300c2a-88df-4b79-b08f-dabbd0efed46
1515d6ab-808a-454b-8bad-623b40fcef07,2742825a-3e35-4f86-ae5a-aca92762e3ea,Pearl Analytics Ltd,pearlanalyticsltd.com,Hospitality,1000+,86899949.54,2000,"Dallas, AZ",A leading company in the retail sector.,https://pearlanalyticsltd.com,+13878625527,1731 Oak Rd,Dallas,CA,MX,61381,US/Central,False,['trial'],2025-09-01T06:42:08.943538,1f4e14bd-50ce-450c-ab7d-5e06108ba712
c57df7fc-d8f5-4211-8fad-9c3f6c2a98ae,2742825a-3e35-4f86-ae5a-aca92762e3ea,DataFlow Systems Ltd,dataflowsystemsltd.com,Automotive,11-50,13957776.2,2025,"New York, CA",A leading company in the finance sector.,https://dataflowsystemsltd.com,+14455835831,514 Oak Dr,New York,FL,AU,34452,US/Eastern,False,['cross_sell'],2025-08-22T22:48:03.943572,126bc002-0870-4341-a019-6dbae3d39a09
cacae9c9-f2a5-48c7-b979-9effe26035c6,2742825a-3e35-4f86-ae5a-aca92762e3ea,Catalyst Group Partners,catalystgrouppartners.com,Hospitality,51-200,329645884.85,1997,"Wichita, PA",A leading company in the manufacturing sector.,https://catalystgrouppartners.com,+14694825728,9592 Main St,Wichita,WI,MX,26080,UTC,True,"['nurture', 'startup']",2025-04-25T21:18:06.943603,126bc002-0870-4341-a019-6dbae3d39a09
d8a54923-a0d9-4603-a13d-71822cb67a79,2742825a-3e35-4f86-ae5a-aca92762e3ea,NovaTech Solutions Co,novatechsolutionsco.com,Hospitality,1-10,245543926.89,1981,"Columbus, TN",A leading company in the finance sector.,https://novatechsolutionsco.com,+18384543147,1350 Oak Dr,Columbus,OR,AU,93040,US/Pacific,False,['cross_sell'],2025-02-15T09:48:44.943636,d7b70429-3c34-4940-81f0-2fd516ab47cb
090125d2-9b1b-41d3-95df-e6b8f4b95a2d,2742825a-3e35-4f86-ae5a-aca92762e3ea,Pearl Analytics Partners,pearlanalyticspartners.com,Healthcare,1-10,487959141.26,2002,"Omaha, NM",A leading company in the aerospace sector.,https://pearlanalyticspartners.com,+18871917036,182 Oak Rd,Omaha,TX,FR,25937,US/Eastern,False,[],2026-07-20T21:56:20.943668,ae300c2a-88df-4b79-b08f-dabbd0efed46
8f77d6d0-77df-40f8-9225-a998f5d28d79,2742825a-3e35-4f86-ae5a-aca92762e3ea,RedRock Ventures LLC,redrockventuresllc.com,Education,11-50,14797334.34,1988,"Boston, NC",A leading company in the finance sector.,https://redrockventuresllc.com,+19420603534,2173 Pine Blvd,Boston,NM,DE,22054,US/Central,False,"['pricing_page', 'bulk_order']",2026-06-27T19:11:00.943696,4a7a2306-6666-4f6b-9b4e-18f69f445d60
a9049d9f-7c9c-4c14-9013-7017d5f2010a,2742825a-3e35-4f86-ae5a-aca92762e3ea,ClearView Corp LLC,clearviewcorpllc.com,Retail,11-50,343544375.49,2025,"San Francisco, WA",A leading company in the hospitality sector.,https://clearviewcorpllc.com,+16736896238,9726 Pine Ave,San Francisco,OH,BR,66815,US/Pacific,False,"['trial', 'referral_partner']",2025-05-27T01:25:04.943724,8c0e1935-13b5-4990-a8a3-0be81dad1a78
5d4ee9e0-4967-44f9-a045-b1b4616c0718,2742825a-3e35-4f86-ae5a-aca92762e3ea,BrightStar Inc LLC,brightstarincllc.com,Transportation,51-200,448952444.15,1984,"Kansas City, MD",A leading company in the retail sector.,https://brightstarincllc.com,+15820157317,8478 Pine Rd,Kansas City,TN,FR,89152,US/Central,False,[],2025-08-08T15:03:19.943785,8c0e1935-13b5-4990-a8a3-0be81dad1a78
b54b3b6d-f6fb-4893-8c65-db67316cd5db,2742825a-3e35-4f86-ae5a-aca92762e3ea,Diamond Edge LLC,diamondedgellc.com,Marketing,1-10,107631323.03,2003,"El Paso, MA",A leading company in the manufacturing sector.,https://diamondedgellc.com,+15347989525,2103 Main Blvd,El Paso,MN,US,53105,US/Eastern,False,"['renewal', 'new_market']",2025-04-13T17:20:45.943816,a669f01c-9d90-47fe-b1f8-79740e2b0070
70d8273d-371b-4945-8681-3f55965202af,2742825a-3e35-4f86-ae5a-aca92762e3ea,Sapphire Tech LLC,sapphiretechllc.com,Real Estate,1-10,280501302.3,2025,"Mesa, NE",A leading company in the finance sector.,https://sapphiretechllc.com,+18760056864,7009 Elm Blvd,Mesa,TN,DE,35837,UTC,False,"['enterprise', 'upsell', 'content_downloader']",2025-06-07T07:49:30.943844,56bbe842-f0da-4e30-a46c-38025bfb382e
2b083633-aaaf-488e-bbcb-87b4666406a4,2742825a-3e35-4f86-ae5a-aca92762e3ea,Apex Innovations Group,apexinnovationsgroup.com,Automotive,201-500,118249137.51,1981,"Nashville, CO",A leading company in the technology sector.,https://apexinnovationsgroup.com,+19059494320,9533 Main Dr,Nashville,CO,GB,62797,UTC,False,[],2026-01-17T02:46:57.943870,b7d19994-038b-4dbe-8e38-5141d55ae804
31ea00b9-e353-4821-8299-98bf62213a2d,2742825a-3e35-4f86-ae5a-aca92762e3ea,Quantum Dynamics Ltd,quantumdynamicsltd.com,Media,1000+,150534086.37,2000,"San Antonio, LA",A leading company in the transportation sector.,https://quantumdynamicsltd.com,+13719465864,9216 Pine Dr,San Antonio,NC,US,61554,US/Central,False,"['high_priority', 'churned', 'hot_lead']",2026-02-23T01:48:24.943901,1f4e14bd-50ce-450c-ab7d-5e06108ba712
959bbaf9-eacc-4d5b-9bb1-66d17192ecc2,2742825a-3e35-4f86-ae5a-aca92762e3ea,DataFlow Systems LLC,dataflowsystemsllc.com,Technology,11-50,52612590.26,2000,"Houston, MN",A leading company in the media sector.,https://dataflowsystemsllc.com,+12972128295,1542 Oak Blvd,Houston,CA,US,16880,US/Central,False,[],2025-05-29T05:03:16.943931,a669f01c-9d90-47fe-b1f8-79740e2b0070
cee97144-1eb1-494d-8fdd-90260cf598c2,2742825a-3e35-4f86-ae5a-aca92762e3ea,Quantum Dynamics Corp,quantumdynamicscorp.com,Aerospace,201-500,134992531.59,1990,"Oklahoma City, TX",A leading company in the automotive sector.,https://quantumdynamicscorp.com,+13978664640,2169 Pine Ave,Oklahoma City,LA,MX,64171,US/Pacific,False,['existing_customer'],2026-06-09T21:09:03.943958,a669f01c-9d90-47fe-b1f8-79740e2b0070
249aeaa9-11e7-4a5d-bcfa-f7095831a8d9,2742825a-3e35-4f86-ae5a-aca92762e3ea,Horizon Media Co,horizonmediaco.com,Agriculture,11-50,45945096.49,1998,"Tampa, OK",A leading company in the finance sector.,https://horizonmediaco.com,+17811132395,4071 Oak St,Tampa,AZ,BR,17899,US/Eastern,True,['pricing_page'],2026-03-06T10:08:55.943988,56bbe842-f0da-4e30-a46c-38025bfb382e
f4d71935-5a20-456d-bc87-c1a2b7abd2e7,2742825a-3e35-4f86-ae5a-aca92762e3ea,IronClad Security Corp,ironcladsecuritycorp.com,Automotive,500+,256987962.18,2000,"Columbus, LA",A leading company in the consulting sector.,https://ironcladsecuritycorp.com,+15043037430,2623 Cedar St,Columbus,TX,DE,57663,US/Pacific,False,['webinar_attendee'],2025-08-16T05:48:21.944015,a669f01c-9d90-47fe-b1f8-79740e2b0070
29fcecb5-757b-452f-bc12-83f81c4e8c04,2742825a-3e35-4f86-ae5a-aca92762e3ea,BrightStar Inc LLC,brightstarincllc.com,Consulting,500+,324209062.11,1989,"Oakland, WI",A leading company in the education sector.,https://brightstarincllc.com,+15199862297,4041 Main Dr,Oakland,FL,FR,13746,US/Pacific,False,"['demo', 'upsell', 'hot_lead']",2025-05-02T16:12:40.944042,8c0e1935-13b5-4990-a8a3-0be81dad1a78
72ef423a-e2e4-4f4d-be1d-8c483f4e0a53,2742825a-3e35-4f86-ae5a-aca92762e3ea,Forge Industries LLC,forgeindustriesllc.com,Construction,201-500,253988015.76,1983,"Las Vegas, MD",A leading company in the legal sector.,https://forgeindustriesllc.com,+13588195929,905 Elm Dr,Las Vegas,TX,FR,34831,US/Pacific,True,"['low_priority', 'referral_partner']",2026-06-25T22:11:21.944072,8c0e1935-13b5-4990-a8a3-0be81dad1a78
bafb2fb9-2916-43cc-b5f2-e625aa6f69d3,2742825a-3e35-4f86-ae5a-aca92762e3ea,IronClad Security Partners,ironcladsecuritypartners.com,Marketing,1-10,109828903.3,1983,"Houston, IL",A leading company in the automotive sector.,https://ironcladsecuritypartners.com,+13143226860,1178 Cedar St,Houston,WA,DE,91293,US/Pacific,False,[],2025-09-18T13:04:27.944097,56bbe842-f0da-4e30-a46c-38025bfb382e
e8f33b45-10be-4201-98d5-bcab2ce5971e,2742825a-3e35-4f86-ae5a-aca92762e3ea,Forge Industries LLC,forgeindustriesllc.com,Transportation,1000+,144031875.24,2018,"Columbus, CO",A leading company in the technology sector.,https://forgeindustriesllc.com,+12404768759,8345 Cedar Dr,Columbus,TX,FR,41276,US/Eastern,False,[],2025-07-25T10:07:40.944123,20c3bda5-fea6-4ea8-a48c-7cd0305cde2d
0cddb1d9-2fff-49b9-bdb1-9a882d3d8ba3,2742825a-3e35-4f86-ae5a-aca92762e3ea,Nimbus Networks LLC,nimbusnetworksllc.com,Agriculture,201-500,167060372.21,1991,"New York, CA",A leading company in the finance sector.,https://nimbusnetworksllc.com,+17028226056,259 Cedar Blvd,New York,NM,MX,10131,US/Pacific,False,"['hot_lead', 'enterprise', 'vip']",2025-11-29T11:37:07.944150,4a7a2306-6666-4f6b-9b4e-18f69f445d60
a87ffb43-8f7f-48e2-b359-ead85d2c2d31,2742825a-3e35-4f86-ae5a-aca92762e3ea,Coral Health LLC,coralhealthllc.com,Manufacturing,1-10,50041232.26,2001,"New Orleans, MD",A leading company in the agriculture sector.,https://coralhealthllc.com,+15156006413,9040 Pine Dr,New Orleans,CA,AU,70129,UTC,False,"['seasonal', 'trial']",2026-07-21T00:59:50.944177,56bbe842-f0da-4e30-a46c-38025bfb382e
a6376469-551a-4a9d-81cb-380635ea9154,2742825a-3e35-4f86-ae5a-aca92762e3ea,SilverLine Corp Corp,silverlinecorpcorp.com,Construction,1000+,319918165.13,1989,"Oakland, TN",A leading company in the marketing sector.,https://silverlinecorpcorp.com,+19126926613,2420 Pine Dr,Oakland,CA,DE,85705,US/Pacific,False,[],2025-08-22T17:03:41.944207,d7b70429-3c34-4940-81f0-2fd516ab47cb
ee5b685a-75b4-4a9c-9767-558a3fb0340e,2742825a-3e35-4f86-ae5a-aca92762e3ea,IronClad Security Corp,ironcladsecuritycorp.com,Insurance,201-500,493666466.29,2013,"Miami, FL",A leading company in the legal sector.,https://ironcladsecuritycorp.com,+17793245399,5526 Elm Rd,Miami,TN,FR,50543,US/Eastern,True,"['referral_partner', 'hot_lead']",2026-04-24T19:52:26.944239,fdbc7119-6732-45ab-9136-cb056076a38a
9deeab1a-92e9-48e3-81f7-6150bda5b26a,2742825a-3e35-4f86-ae5a-aca92762e3ea,Diamond Edge Co,diamondedgeco.com,Consulting,1-10,484736471.54,2011,"El Paso, CA",A leading company in the manufacturing sector.,https://diamondedgeco.com,+18297785590,2561 Cedar Blvd,El Paso,NC,JP,97073,US/Eastern,False,"['startup', 'cross_sell']",2025-02-20T19:49:53.944265,b7d19994-038b-4dbe-8e38-5141d55ae804
c533159d-4861-4c33-b952-a79c4fd6ef10,2742825a-3e35-4f86-ae5a-aca92762e3ea,Forge Industries Corp,forgeindustriescorp.com,Education,1-10,244208802.79,1980,"Colorado Springs, KY",A leading company in the transportation sector.,https://forgeindustriescorp.com,+19130733689,110 Main Blvd,Colorado Springs,TX,AU,47128,US/Eastern,False,"['cold_lead', 'bulk_order']",2025-08-25T19:02:14.944291,fdbc7119-6732-45ab-9136-cb056076a38a
f3058a62-dcff-43b5-8d33-c86b9f82ea4d,2742825a-3e35-4f86-ae5a-aca92762e3ea,BlueShift Labs Corp,blueshiftlabscorp.com,Healthcare,201-500,466470735.11,1995,"Charlotte, CA",A leading company in the hospitality sector.,https://blueshiftlabscorp.com,+13814895510,1707 Pine Blvd,Charlotte,NE,FR,32715,US/Pacific,False,"['existing_customer', 'cold_lead']",2025-08-28T12:24:35.944317,fc5f1462-0be4-4ddf-81a8-aa82b5148124
104c7319-e4ac-475c-aae0-cb4171001645,2742825a-3e35-4f86-ae5a-aca92762e3ea,EverGreen Solutions Group,evergreensolutionsgroup.com,Consulting,51-200,42844683.66,2016,"Fort Worth, FL",A leading company in the telecommunications sector.,https://evergreensolutionsgroup.com,+14344324927,6259 Elm St,Fort Worth,TX,JP,67920,US/Central,False,"['pricing_page', 'demo']",2026-04-18T20:17:36.944351,8c0e1935-13b5-4990-a8a3-0be81dad1a78
d29905df-3674-4ebd-98e4-3e36bcf1d5ad,2742825a-3e35-4f86-ae5a-aca92762e3ea,EverGreen Solutions Ltd,evergreensolutionsltd.com,Insurance,1-10,478748002.29,2006,"Los Angeles, PA",A leading company in the manufacturing sector.,https://evergreensolutionsltd.com,+18937267895,5054 Oak Rd,Los Angeles,CA,AU,26682,US/Central,True,"['cold_lead', 'webinar_attendee', 'win_back']",2025-02-11T20:09:26.944378,ae300c2a-88df-4b79-b08f-dabbd0efed46
14119038-c11a-41dc-a9f8-a0e54a9b4080,2742825a-3e35-4f86-ae5a-aca92762e3ea,Silver Stream Co,silverstreamco.com,Telecommunications,1-10,42375313.31,1997,"Mesa, CA",A leading company in the education sector.,https://silverstreamco.com,+17727267828,1695 Pine Rd,Mesa,NM,AU,17977,UTC,False,[],2025-09-02T22:06:12.944410,fc5f1462-0be4-4ddf-81a8-aa82b5148124
7adb1254-a573-4e9b-adb1-92f7a395c2ff,2742825a-3e35-4f86-ae5a-aca92762e3ea,Onyx Data Partners,onyxdatapartners.com,Manufacturing,11-50,447531417.98,2020,"Tucson, CA",A leading company in the consulting sector.,https://onyxdatapartners.com,+14698267940,205 Elm Rd,Tucson,MN,DE,25035,UTC,True,[],2026-07-22T06:50:01.944436,64557d9f-67a1-4513-b6da-e641464f66bb
aaec3262-4226-4b6c-be4a-0d0519cad910,2742825a-3e35-4f86-ae5a-aca92762e3ea,Forge Industries Inc,forgeindustriesinc.com,Technology,500+,221935746.7,1983,"Albuquerque, CA",A leading company in the consulting sector.,https://forgeindustriesinc.com,+13737560541,3115 Oak Rd,Albuquerque,CA,MX,99302,US/Pacific,False,[],2026-04-23T08:37:53.944462,d7b70429-3c34-4940-81f0-2fd516ab47cb
7a0be116-9342-4e26-9ef4-a9dfaae14c00,2742825a-3e35-4f86-ae5a-aca92762e3ea,DataFlow Systems LLC,dataflowsystemsllc.com,Marketing,11-50,255781922.77,2024,"San Jose, CA",A leading company in the real estate sector.,https://dataflowsystemsllc.com,+14045084752,4851 Pine St,San Jose,CO,BR,58147,US/Central,False,[],2026-05-26T18:29:08.944493,126bc002-0870-4341-a019-6dbae3d39a09
1913257a-f289-42fc-9e06-b13d26bfa3e1,2742825a-3e35-4f86-ae5a-aca92762e3ea,BrightStar Inc LLC,brightstarincllc.com,Consulting,201-500,60107242.41,2004,"Los Angeles, NY",A leading company in the automotive sector.,https://brightstarincllc.com,+13300351065,7382 Main Blvd,Los Angeles,TX,BR,70076,US/Central,True,['demo'],2026-07-02T21:37:41.944522,64557d9f-67a1-4513-b6da-e641464f66bb
e516302d-bc5f-49ec-89d7-8ab4f328cce6,2742825a-3e35-4f86-ae5a-aca92762e3ea,Apex Health Partners,apexhealthpartners.com,Hospitality,500+,31429747.19,2021,"Mesa, CA",A leading company in the transportation sector.,https://apexhealthpartners.com,+19112179720,9326 Pine Dr,Mesa,OK,GB,46482,US/Central,False,[],2026-06-15T17:00:56.944548,56bbe842-f0da-4e30-a46c-38025bfb382e
3885d3bb-4ec9-4583-8636-b84bad7cbce8,2742825a-3e35-4f86-ae5a-aca92762e3ea,Sapphire Tech Partners,sapphiretechpartners.com,Automotive,1000+,463709752.13,2022,"Jacksonville, AZ",A leading company in the legal sector.,https://sapphiretechpartners.com,+16850830415,5409 Cedar Rd,Jacksonville,TX,MX,90933,US/Pacific,True,[],2025-07-17T11:44:34.944573,1f4e14bd-50ce-450c-ab7d-5e06108ba712
d70f5ead-2e51-431b-b740-9c87931cc68f,2742825a-3e35-4f86-ae5a-aca92762e3ea,Copper Systems Inc,coppersystemsinc.com,Agriculture,51-200,379966645.22,1995,"Tucson, TX",A leading company in the retail sector.,https://coppersystemsinc.com,+19422404255,6392 Elm St,Tucson,TX,MX,42831,UTC,True,[],2026-05-03T16:56:08.944599,fdbc7119-6732-45ab-9136-cb056076a38a
c889537a-20bc-41e0-8c25-653e6669c93c,2742825a-3e35-4f86-ae5a-aca92762e3ea,Opal Solutions Co,opalsolutionsco.com,Retail,51-200,53875120.24,2008,"Los Angeles, OR",A leading company in the manufacturing sector.,https://opalsolutionsco.com,+18759332160,3372 Oak Blvd,Los Angeles,AZ,BR,98978,US/Central,True,['content_downloader'],2026-07-31T10:18:29.944635,1f4e14bd-50ce-450c-ab7d-5e06108ba712
fafd72b9-1b06-4f4c-98c3-6c6cc65aa0ec,2742825a-3e35-4f86-ae5a-aca92762e3ea,Ruby Software Inc,rubysoftwareinc.com,Education,11-50,16667933.96,1988,"Miami, NY",A leading company in the transportation sector.,https://rubysoftwareinc.com,+15325961151,9410 Cedar St,Miami,OK,GB,99438,US/Pacific,True,['existing_customer'],2026-06-05T21:32:32.944662,20c3bda5-fea6-4ea8-a48c-7cd0305cde2d
f9ed35c4-7dae-40df-8dff-6704d95ab043,2742825a-3e35-4f86-ae5a-aca92762e3ea,Apex Health Group,apexhealthgroup.com,Manufacturing,1-10,219467087.38,2020,"Atlanta, OR",A leading company in the finance sector.,https://apexhealthgroup.com,+14444491041,2183 Cedar Blvd,Atlanta,TX,CA,75367,US/Eastern,True,"['vip', 'renewal']",2025-11-28T12:27:34.944688,8c0e1935-13b5-4990-a8a3-0be81dad1a78
039cb6d3-319a-41d0-bdda-390c1b972f1c,2742825a-3e35-4f86-ae5a-aca92762e3ea,Steel Bridge Corp,steelbridgecorp.com,Retail,51-200,37434822.57,2016,"Phoenix, IN",A leading company in the construction sector.,https://steelbridgecorp.com,+14147685544,6640 Cedar St,Phoenix,CA,CA,86385,US/Pacific,False,"['churned', 'vip']",2025-03-10T15:36:53.944717,8c0e1935-13b5-4990-a8a3-0be81dad1a78
cefe9114-7b41-4d60-9e95-d5bd997e6d34,2742825a-3e35-4f86-ae5a-aca92762e3ea,Velocity Labs LLC,velocitylabsllc.com,Healthcare,11-50,102156442.21,2001,"Oklahoma City, LA",A leading company in the healthcare sector.,https://velocitylabsllc.com,+13011968176,1294 Cedar Rd,Oklahoma City,MN,US,55330,UTC,False,[],2026-06-10T08:01:14.944748,a669f01c-9d90-47fe-b1f8-79740e2b0070
88d5c11d-fa31-429d-891c-fac3725f1364,2742825a-3e35-4f86-ae5a-aca92762e3ea,Iron Mountain Inc,ironmountaininc.com,Healthcare,201-500,253826752.49,2021,"San Antonio, TX",A leading company in the media sector.,https://ironmountaininc.com,+14051244567,3831 Main St,San Antonio,CA,DE,80016,US/Pacific,False,[],2026-06-13T05:12:19.944774,8c0e1935-13b5-4990-a8a3-0be81dad1a78
e7b75ebe-ef1e-493a-a594-f9daf2e0c923,2742825a-3e35-4f86-ae5a-aca92762e3ea,Golden Ratio Ltd,goldenratioltd.com,Manufacturing,201-500,350683826.97,2015,"Minneapolis, TX",A leading company in the education sector.,https://goldenratioltd.com,+13880993200,6124 Pine Ave,Minneapolis,OK,IN,17592,US/Eastern,True,[],2025-09-25T18:20:46.944809,a3cb50e2-619e-40b9-82fa-b0ae6c6c06ca
e6faa69d-73b2-4165-8fdb-89b35e4db5cc,2742825a-3e35-4f86-ae5a-aca92762e3ea,Silver Stream Co,silverstreamco.com,Automotive,1-10,495469821.32,1980,"Sacramento, FL",A leading company in the marketing sector.,https://silverstreamco.com,+15490184455,1355 Main Ave,Sacramento,MD,GB,47040,UTC,False,['cross_sell'],2025-06-18T01:22:30.944839,8c0e1935-13b5-4990-a8a3-0be81dad1a78
0df0cdb0-e763-4d3d-9d4e-bda60f1b4386,2742825a-3e35-4f86-ae5a-aca92762e3ea,Cobalt Systems Partners,cobaltsystemspartners.com,Finance,1-10,125136917.83,2014,"San Diego, OH",A leading company in the agriculture sector.,https://cobaltsystemspartners.com,+19324015244,5948 Oak Dr,San Diego,OK,FR,58094,US/Central,False,['low_priority'],2025-11-05T14:54:58.944866,a3cb50e2-619e-40b9-82fa-b0ae6c6c06ca
38017f21-839e-47e3-bfb4-1b76e20e8f9a,2742825a-3e35-4f86-ae5a-aca92762e3ea,Jade Consulting Group,jadeconsultinggroup.com,Healthcare,51-200,450217667.52,2025,"San Antonio, NC",A leading company in the agriculture sector.,https://jadeconsultinggroup.com,+13201662484,3435 Oak Rd,San Antonio,NC,FR,82478,US/Eastern,True,['enterprise'],2025-10-03T19:20:13.944896,d7b70429-3c34-4940-81f0-2fd516ab47cb
aff7f08c-687b-492c-8621-572a81d8f7d6,2742825a-3e35-4f86-ae5a-aca92762e3ea,Silver Stream Ltd,silverstreamltd.com,Technology,201-500,418170786.8,1997,"San Diego, WA",A leading company in the automotive sector.,https://silverstreamltd.com,+13650026188,1484 Main Blvd,San Diego,NC,IN,74927,UTC,False,"['pricing_page', 'enterprise', 'renewal']",2025-09-03T17:07:04.944923,fc5f1462-0be4-4ddf-81a8-aa82b5148124
4a386710-993c-44bd-9b17-3641a45c3069,2742825a-3e35-4f86-ae5a-aca92762e3ea,Copper Systems Ltd,coppersystemsltd.com,Healthcare,1000+,152608778.98,2014,"Sacramento, LA",A leading company in the transportation sector.,https://coppersystemsltd.com,+16025345979,5608 Pine Rd,Sacramento,OH,US,54688,US/Pacific,False,[],2025-05-27T23:27:06.944957,8c0e1935-13b5-4990-a8a3-0be81dad1a78
e7a893ec-7d12-47a7-859f-6bbdde7a8941,2742825a-3e35-4f86-ae5a-aca92762e3ea,Iron Mountain Partners,ironmountainpartners.com,Insurance,201-500,211946318.78,2016,"Denver, KS",A leading company in the construction sector.,https://ironmountainpartners.com,+13117124041,6347 Elm Ave,Denver,TX,US,46791,US/Central,True,['new_market'],2025-12-04T15:35:46.944984,fdbc7119-6732-45ab-9136-cb056076a38a
2c16d2ac-3eaf-446b-9aac-59d17bfc9f80,2742825a-3e35-4f86-ae5a-aca92762e3ea,ClearView Corp Inc,clearviewcorpinc.com,Legal,51-200,134410237.39,1996,"Raleigh, CA",A leading company in the aerospace sector.,https://clearviewcorpinc.com,+12052996109,5128 Cedar Blvd,Raleigh,CA,GB,68170,US/Pacific,True,[],2026-05-28T04:39:15.945009,20c3bda5-fea6-4ea8-a48c-7cd0305cde2d
4fa1c952-fe94-4795-9b42-8365728eae80,2742825a-3e35-4f86-ae5a-aca92762e3ea,Cobalt Systems Partners,cobaltsystemspartners.com,Real Estate,201-500,29339488.74,1985,"Atlanta, WA",A leading company in the aerospace sector.,https://cobaltsystemspartners.com,+14368450571,1149 Elm Ave,Atlanta,CA,FR,44018,US/Pacific,True,['cold_lead'],2025-03-27T11:46:41.945035,1f4e14bd-50ce-450c-ab7d-5e06108ba712
b2e00c33-e1c6-4864-8aad-5905b55d5a02,2742825a-3e35-4f86-ae5a-aca92762e3ea,Crystal Clear Inc,crystalclearinc.com,Construction,201-500,289966363.19,1982,"Jacksonville, GA",A leading company in the marketing sector.,https://crystalclearinc.com,+16556156567,4344 Pine St,Jacksonville,CA,AU,80836,UTC,False,"['hot_lead', 'startup']",2026-07-09T19:27:56.945062,1f4e14bd-50ce-450c-ab7d-5e06108ba712
e2656ed5-072a-4033-a824-c4ae064e08d0,2742825a-3e35-4f86-ae5a-aca92762e3ea,Coral Health Inc,coralhealthinc.com,Real Estate,51-200,285204428.52,2023,"Indianapolis, TN",A leading company in the finance sector.,https://coralhealthinc.com,+14756883801,4738 Oak St,Indianapolis,TN,MX,57223,US/Central,False,"['high_priority', 'cross_sell']",2025-03-08T09:08:37.945093,20c3bda5-fea6-4ea8-a48c-7cd0305cde2d
638a2764-e40e-4b12-a511-837488fc9a06,2742825a-3e35-4f86-ae5a-aca92762e3ea,CloudPeak Analytics Corp,cloudpeakanalyticscorp.com,Automotive,1-10,53160740.28,1993,"San Jose, TN",A leading company in the construction sector.,https://cloudpeakanalyticscorp.com,+19369167306,8426 Cedar Blvd,San Jose,OH,IN,86373,UTC,False,['webinar_attendee'],2025-04-26T06:07:18.945124,c74050eb-0b79-4cba-8d19-adf0d3e0b9db
debc9027-006b-4e6c-94e3-9e0538cb22ef,2742825a-3e35-4f86-ae5a-aca92762e3ea,Summit Analytics Group,summitanalyticsgroup.com,Automotive,1000+,274139103.47,2006,"Fresno, CA",A leading company in the education sector.,https://summitanalyticsgroup.com,+19935360421,8746 Main Rd,Fresno,NM,JP,78201,US/Pacific,False,['existing_customer'],2025-12-02T12:11:30.945155,20c3bda5-fea6-4ea8-a48c-7cd0305cde2d
d24c4ea9-9591-479d-9c68-3488e47d46d3,2742825a-3e35-4f86-ae5a-aca92762e3ea,Catalyst Group Co,catalystgroupco.com,Transportation,11-50,227937795.82,1987,"Wichita, MN",A leading company in the marketing sector.,https://catalystgroupco.com,+18206259885,6816 Pine St,Wichita,TX,JP,76275,UTC,False,"['referral_partner', 'renewal', 'pricing_page']",2026-04-09T11:40:20.945184,fdbc7119-6732-45ab-9136-cb056076a38a
a6465d21-d3ab-47eb-b42a-a737c82ec63d,2742825a-3e35-4f86-ae5a-aca92762e3ea,GreenField Capital Group,greenfieldcapitalgroup.com,Media,1000+,292398430.35,1988,"Indianapolis, NE",A leading company in the legal sector.,https://greenfieldcapitalgroup.com,+15418175282,5696 Pine St,Indianapolis,PA,IN,65184,US/Eastern,False,['nurture'],2026-05-15T03:52:18.945212,fc5f1462-0be4-4ddf-81a8-aa82b5148124
0260ef90-aaad-4d7f-9854-d900180ce468,2742825a-3e35-4f86-ae5a-aca92762e3ea,SilverLine Corp Ltd,silverlinecorpltd.com,Insurance,1000+,465066076.49,1986,"San Francisco, TX",A leading company in the healthcare sector.,https://silverlinecorpltd.com,+15581395249,492 Oak St,San Francisco,TX,JP,79377,US/Pacific,False,"['cold_lead', 'webinar_attendee']",2025-10-10T13:59:20.945243,1f4e14bd-50ce-450c-ab7d-5e06108ba712
83d7e6dc-0357-4794-971e-8267142f2d15,2742825a-3e35-4f86-ae5a-aca92762e3ea,Sterling Finance Co,sterlingfinanceco.com,Automotive,500+,308333965.46,1982,"Oklahoma City, AZ",A leading company in the transportation sector.,https://sterlingfinanceco.com,+16079871280,6799 Elm Dr,Oklahoma City,CO,BR,27643,US/Eastern,False,[],2025-07-10T03:35:25.945270,fdbc7119-6732-45ab-9136-cb056076a38a
e6bd936d-a3cb-4960-a32a-6f0c33a572c4,2742825a-3e35-4f86-ae5a-aca92762e3ea,Ruby Software Corp,rubysoftwarecorp.com,Telecommunications,201-500,160252416.06,1991,"Oakland, CA",A leading company in the automotive sector.,https://rubysoftwarecorp.com,+17494549856,1687 Oak Blvd,Oakland,AZ,AU,16329,US/Pacific,True,"['trial', 'nurture', 'cold_lead']",2025-03-19T10:58:39.945298,8c0e1935-13b5-4990-a8a3-0be81dad1a78
9bf78abd-2e32-453b-89fc-546dfae3f3ab,2742825a-3e35-4f86-ae5a-aca92762e3ea,Ember Labs Corp,emberlabscorp.com,Aerospace,51-200,49778294.2,1998,"Kansas City, TX",A leading company in the education sector.,https://emberlabscorp.com,+13236276965,8073 Elm Ave,Kansas City,TX,FR,44003,UTC,False,"['cold_lead', 'hot_lead']",2025-09-04T23:24:38.945325,126bc002-0870-4341-a019-6dbae3d39a09
e55903be-833a-49fd-9b08-86fda6b42306,2742825a-3e35-4f86-ae5a-aca92762e3ea,Coral Health Co,coralhealthco.com,Technology,500+,451275524.16,2014,"Austin, CA",A leading company in the real estate sector.,https://coralhealthco.com,+12028626428,522 Pine Ave,Austin,CO,MX,65902,US/Pacific,False,"['cross_sell', 'hot_lead', 'seasonal']",2025-06-07T19:29:14.945352,c74050eb-0b79-4cba-8d19-adf0d3e0b9db
e4dd822e-8ea1-4a92-bc97-f1ccb849eb12,2742825a-3e35-4f86-ae5a-aca92762e3ea,BrightStar Inc Ltd,brightstarincltd.com,Finance,11-50,496538971.34,2022,"San Francisco, CA",A leading company in the transportation sector.,https://brightstarincltd.com,+15451612191,3744 Main Blvd,San Francisco,TX,JP,53953,US/Central,False,[],2025-12-24T04:42:12.945378,8c0e1935-13b5-4990-a8a3-0be81dad1a78
2a0b62dc-8349-4662-86d7-e1f982733470,2742825a-3e35-4f86-ae5a-aca92762e3ea,IronClad Security Partners,ironcladsecuritypartners.com,Energy,11-50,420723448.82,2022,"Mesa, FL",A leading company in the healthcare sector.,https://ironcladsecuritypartners.com,+14694168784,4129 Oak Rd,Mesa,OR,DE,98257,US/Eastern,True,['high_priority'],2025-08-15T21:23:31.945412,a669f01c-9d90-47fe-b1f8-79740e2b0070
eb1c4874-072e-439a-9584-d629a1f5129e,2742825a-3e35-4f86-ae5a-aca92762e3ea,GreenField Capital LLC,greenfieldcapitalllc.com,Finance,500+,428585540.25,1993,"Miami, NY",A leading company in the media sector.,https://greenfieldcapitalllc.com,+12288884955,9237 Cedar Ave,Miami,OK,GB,15087,US/Pacific,False,"['churned', 'existing_customer', 'renewal']",2026-01-28T20:56:14.945439,4a7a2306-6666-4f6b-9b4e-18f69f445d60
1e2fd524-1308-457e-80d0-6a8acfff0834,2742825a-3e35-4f86-ae5a-aca92762e3ea,Copper Systems LLC,coppersystemsllc.com,Marketing,51-200,334004502.14,2011,"Washington DC, FL",A leading company in the hospitality sector.,https://coppersystemsllc.com,+14567712298,9003 Elm Blvd,Washington DC,TX,DE,24728,US/Central,False,"['trial', 'renewal', 'win_back']",2026-04-16T07:31:25.945473,fc5f1462-0be4-4ddf-81a8-aa82b5148124
3be71b50-88c4-4c40-a339-316f3ea379f5,2742825a-3e35-4f86-ae5a-aca92762e3ea,Nimbus Networks Corp,nimbusnetworkscorp.com,Education,51-200,348499441.96,2025,"Virginia Beach, TX",A leading company in the agriculture sector.,https://nimbusnetworkscorp.com,+19903258762,8114 Cedar Dr,Virginia Beach,CA,DE,13796,US/Central,True,['content_downloader'],2025-04-08T23:46:41.945503,ae300c2a-88df-4b79-b08f-dabbd0efed46
9eb98f94-c631-4ae6-8cc9-892fe46e91fa,2742825a-3e35-4f86-ae5a-aca92762e3ea,Horizon Media Corp,horizonmediacorp.com,Energy,201-500,195719628.0,2008,"Oakland, KY",A leading company in the hospitality sector.,https://horizonmediacorp.com,+17414662596,995 Pine Dr,Oakland,FL,DE,54543,UTC,False,"['renewal', 'existing_customer', 'nurture']",2025-09-05T02:04:22.945539,1f4e14bd-50ce-450c-ab7d-5e06108ba712
5da8802d-7cd7-4a7e-83be-7e89c0b43a20,2742825a-3e35-4f86-ae5a-aca92762e3ea,Topaz Digital Group,topazdigitalgroup.com,Manufacturing,500+,269906666.72,1981,"Oklahoma City, OR",A leading company in the finance sector.,https://topazdigitalgroup.com,+19646903772,5560 Pine Rd,Oklahoma City,AZ,US,77980,US/Eastern,False,['nurture'],2026-03-17T11:39:24.945566,a669f01c-9d90-47fe-b1f8-79740e2b0070
9ac528e7-5b64-4371-93bc-38e9599dbdb7,2742825a-3e35-4f86-ae5a-aca92762e3ea,Crystal Corp LLC,crystalcorpllc.com,Energy,201-500,107846768.16,1995,"Boston, NY",A leading company in the healthcare sector.,https://crystalcorpllc.com,+15631317398,8727 Main Rd,Boston,NV,BR,15542,US/Eastern,True,[],2025-09-29T02:18:04.945592,ae300c2a-88df-4b79-b08f-dabbd0efed46
4ffd570f-9d6c-4108-a1e5-b9b2eb0f80e6,2742825a-3e35-4f86-ae5a-aca92762e3ea,Titan Industries LLC,titanindustriesllc.com,Legal,1000+,61865233.18,2004,"Chicago, CA",A leading company in the hospitality sector.,https://titanindustriesllc.com,+16858437747,4523 Main St,Chicago,AZ,JP,64444,UTC,True,['hot_lead'],2026-03-12T10:22:50.945625,126bc002-0870-4341-a019-6dbae3d39a09
500dcaa4-ce3a-431f-ad3b-9a977e6af961,2742825a-3e35-4f86-ae5a-aca92762e3ea,Sapphire Tech Co,sapphiretechco.com,Energy,201-500,256202197.8,1981,"Washington DC, DC",A leading company in the legal sector.,https://sapphiretechco.com,+13970984707,1733 Pine Rd,Washington DC,NM,IN,48173,US/Pacific,True,"['new_market', 'upsell', 'high_priority']",2025-11-23T22:43:13.945652,4a7a2306-6666-4f6b-9b4e-18f69f445d60
3a068873-c645-4bba-a0ab-56498c9866b4,2742825a-3e35-4f86-ae5a-aca92762e3ea,Catalyst Group Ltd,catalystgroupltd.com,Agriculture,1000+,196852908.69,2003,"Los Angeles, LA",A leading company in the insurance sector.,https://catalystgroupltd.com,+15069092303,7509 Oak Rd,Los Angeles,CA,IN,40423,US/Pacific,False,[],2025-12-20T15:24:37.945678,fc5f1462-0be4-4ddf-81a8-aa82b5148124
5ab2579f-b26b-4fa8-8fcf-000cb38ffe2b,2742825a-3e35-4f86-ae5a-aca92762e3ea,Crystal Corp Partners,crystalcorppartners.com,Education,500+,84669393.56,2011,"Philadelphia, CO",A leading company in the marketing sector.,https://crystalcorppartners.com,+12360299556,6705 Cedar Dr,Philadelphia,AZ,MX,40465,UTC,False,"['content_downloader', 'cross_sell']",2026-01-16T08:47:26.945705,b7d19994-038b-4dbe-8e38-5141d55ae804
edcdc2d4-4a47-4b53-8364-9204a894aa6d,2742825a-3e35-4f86-ae5a-aca92762e3ea,Horizon Media Partners,horizonmediapartners.com,Aerospace,201-500,435720386.62,1997,"Kansas City, MN",A leading company in the real estate sector.,https://horizonmediapartners.com,+19537830497,8107 Cedar Dr,Kansas City,TN,DE,52183,US/Pacific,False,[],2025-05-23T18:48:22.945731,a3cb50e2-619e-40b9-82fa-b0ae6c6c06ca
0a236f39-62bc-4c3b-aebd-aed4a323f46f,2742825a-3e35-4f86-ae5a-aca92762e3ea,Quantum Dynamics Ltd,quantumdynamicsltd.com,Technology,11-50,259993512.25,1987,"Dallas, TX",A leading company in the real estate sector.,https://quantumdynamicsltd.com,+18174450374,1962 Main Dr,Dallas,AZ,GB,92072,US/Pacific,True,"['webinar_attendee', 'vip', 'cross_sell']",2025-06-05T19:09:44.945758,a669f01c-9d90-47fe-b1f8-79740e2b0070
70e347cc-c71e-498f-a5c8-4d730d1e1d7f,2742825a-3e35-4f86-ae5a-aca92762e3ea,Iron Mountain Partners,ironmountainpartners.com,Construction,51-200,307569488.6,2003,"Seattle, KS",A leading company in the retail sector.,https://ironmountainpartners.com,+12607813459,8672 Oak Rd,Seattle,OK,AU,78076,US/Central,False,['trial'],2025-06-23T09:17:12.945784,4a7a2306-6666-4f6b-9b4e-18f69f445d60
3fa3baf2-d1ae-4efd-9bdc-4103e3cb8e8f,2742825a-3e35-4f86-ae5a-aca92762e3ea,Steel Bridge Co,steelbridgeco.com,Technology,51-200,208180656.39,1989,"Albuquerque, NM",A leading company in the finance sector.,https://steelbridgeco.com,+12024062257,3174 Oak St,Albuquerque,CA,BR,53389,UTC,True,"['referral_partner', 'nurture', 'startup']",2026-01-30T02:28:31.945819,4a7a2306-6666-4f6b-9b4e-18f69f445d60
8b82ff75-b76c-4bc9-8ca4-1fca69b2057d,2742825a-3e35-4f86-ae5a-aca92762e3ea,Summit Analytics Corp,summitanalyticscorp.com,Technology,11-50,137326578.42,2007,"Miami, CO",A leading company in the consulting sector.,https://summitanalyticscorp.com,+17872400561,6707 Pine Rd,Miami,CA,DE,20154,US/Eastern,True,['upsell'],2025-08-06T12:52:48.945846,fdbc7119-6732-45ab-9136-cb056076a38a
3a7e7360-8590-4964-a83e-2f8d0e7a6920,2742825a-3e35-4f86-ae5a-aca92762e3ea,IronClad Security LLC,ironcladsecurityllc.com,Automotive,1000+,383038868.56,2001,"Mesa, KS",A leading company in the automotive sector.,https://ironcladsecurityllc.com,+14597489738,7856 Oak Ave,Mesa,NY,DE,38369,UTC,False,['cold_lead'],2025-07-23T20:37:05.945877,126bc002-0870-4341-a019-6dbae3d39a09
7bcf77f3-ca63-4c03-bc9c-de9404409478,2742825a-3e35-4f86-ae5a-aca92762e3ea,TechNova Solutions Corp,technovasolutionscorp.com,Healthcare,11-50,255877046.24,2008,"Phoenix, KY",A leading company in the agriculture sector.,https://technovasolutionscorp.com,+13404838112,8298 Main Ave,Phoenix,GA,IN,59454,US/Pacific,False,"['cross_sell', 'low_priority']",2025-12-26T22:37:43.945904,1f4e14bd-50ce-450c-ab7d-5e06108ba712
8241626f-e1be-440f-9113-f166a9b6d027,2742825a-3e35-4f86-ae5a-aca92762e3ea,Sapphire Tech Co,sapphiretechco.com,Retail,1000+,416810786.7,2025,"Columbus, CA",A leading company in the media sector.,https://sapphiretechco.com,+14407268465,8129 Pine St,Columbus,GA,IN,95471,US/Central,True,"['pricing_page', 'win_back']",2026-01-25T18:44:49.945931,64557d9f-67a1-4513-b6da-e641464f66bb
4cbb419a-e96b-4b9e-8bb8-98130e75785f,2742825a-3e35-4f86-ae5a-aca92762e3ea,Topaz Digital Group,topazdigitalgroup.com,Hospitality,51-200,89543849.73,1980,"Fort Worth, TX",A leading company in the telecommunications sector.,https://topazdigitalgroup.com,+17845413449,3293 Main Rd,Fort Worth,DC,AU,22334,US/Central,False,[],2025-11-11T04:31:39.945960,d7b70429-3c34-4940-81f0-2fd516ab47cb
067fd4ef-8bdb-419d-bb82-82821ad2f0b8,2742825a-3e35-4f86-ae5a-aca92762e3ea,Atlas Computing Partners,atlascomputingpartners.com,Hospitality,1-10,497869137.31,2025,"Albuquerque, CA",A leading company in the legal sector.,https://atlascomputingpartners.com,+14685515992,9474 Main Dr,Albuquerque,NE,BR,74264,US/Eastern,False,[],2025-03-16T16:45:40.946034,b7d19994-038b-4dbe-8e38-5141d55ae804
1ba2d23b-6f83-4c0e-8a42-0fce6585cfbf,2742825a-3e35-4f86-ae5a-aca92762e3ea,Topaz Digital Partners,topazdigitalpartners.com,Retail,11-50,41458169.14,1987,"San Jose, TX",A leading company in the telecommunications sector.,https://topazdigitalpartners.com,+19032915120,1121 Pine St,San Jose,CA,FR,35451,UTC,False,"['seasonal', 'nurture']",2026-02-15T22:06:22.946091,b7d19994-038b-4dbe-8e38-5141d55ae804
5f7f655e-cb61-4214-a5d7-9bee52fad69a,2742825a-3e35-4f86-ae5a-aca92762e3ea,Copper Systems Ltd,coppersystemsltd.com,Healthcare,1-10,96510320.91,2012,"Memphis, CA",A leading company in the legal sector.,https://coppersystemsltd.com,+12360642836,7364 Main Blvd,Memphis,NE,DE,76252,US/Pacific,True,[],2025-12-20T13:16:27.946130,4a7a2306-6666-4f6b-9b4e-18f69f445d60
daa43b4d-7f47-4c50-8b40-a4fc1b4cc961,2742825a-3e35-4f86-ae5a-aca92762e3ea,Apex Health Inc,apexhealthinc.com,Telecommunications,500+,418061008.49,1985,"Oklahoma City, KS",A leading company in the telecommunications sector.,https://apexhealthinc.com,+12378652730,1583 Oak St,Oklahoma City,FL,AU,87483,UTC,False,[],2025-09-16T02:32:01.946171,20c3bda5-fea6-4ea8-a48c-7cd0305cde2d
0760f9a8-2384-4c56-b064-f089c057749a,2742825a-3e35-4f86-ae5a-aca92762e3ea,Nimbus Networks Inc,nimbusnetworksinc.com,Marketing,51-200,418662295.83,2021,"Tampa, TX",A leading company in the manufacturing sector.,https://nimbusnetworksinc.com,+13333531793,6314 Pine Ave,Tampa,WA,GB,84060,US/Central,False,['upsell'],2025-08-28T09:45:19.946220,a669f01c-9d90-47fe-b1f8-79740e2b0070
b9172d61-a4c3-4945-bc00-6e7bd0e90b23,2742825a-3e35-4f86-ae5a-aca92762e3ea,Velocity Labs Partners,velocitylabspartners.com,Legal,1-10,244968336.05,2017,"Baltimore, MA",A leading company in the transportation sector.,https://velocitylabspartners.com,+19612273519,8669 Elm Ave,Baltimore,IL,MX,60551,US/Eastern,False,['seasonal'],2026-04-25T15:56:16.946263,d7b70429-3c34-4940-81f0-2fd516ab47cb
cdb6c5e2-7dd7-42f5-a584-fa698356e27f,2742825a-3e35-4f86-ae5a-aca92762e3ea,Crystal Corp Partners,crystalcorppartners.com,Real Estate,51-200,349841930.52,2012,"Denver, GA",A leading company in the legal sector.,https://crystalcorppartners.com,+16684767782,3552 Pine Ave,Denver,WI,FR,14121,UTC,False,['high_priority'],2025-06-28T20:19:07.946301,fdbc7119-6732-45ab-9136-cb056076a38a
7eb60f0c-8def-4a20-aefb-92b423803878,2742825a-3e35-4f86-ae5a-aca92762e3ea,Horizon Media Corp,horizonmediacorp.com,Hospitality,1000+,294215971.33,1982,"Kansas City, TN",A leading company in the education sector.,https://horizonmediacorp.com,+14703562011,229 Oak Dr,Kansas City,NM,AU,54128,UTC,True,"['cross_sell', 'nurture']",2026-05-29T23:12:52.946341,fc5f1462-0be4-4ddf-81a8-aa82b5148124
92d7861a-4efa-4d2c-8548-3e5d744ccc0b,2742825a-3e35-4f86-ae5a-aca92762e3ea,Silver Stream Inc,silverstreaminc.com,Aerospace,201-500,296807697.13,2024,"Baltimore, KY",A leading company in the hospitality sector.,https://silverstreaminc.com,+18328943863,4090 Pine Blvd,Baltimore,NE,AU,73249,US/Pacific,False,['low_priority'],2025-05-26T18:38:04.946380,8c0e1935-13b5-4990-a8a3-0be81dad1a78
c8f9f0b5-7be0-4c76-ad3b-1b7410d61a86,2742825a-3e35-4f86-ae5a-aca92762e3ea,Golden Ratio Corp,goldenratiocorp.com,Hospitality,500+,14326157.7,2012,"Kansas City, TX",A leading company in the consulting sector.,https://goldenratiocorp.com,+17147355709,9405 Oak Ave,Kansas City,VA,AU,17051,UTC,False,['demo'],2026-05-20T17:43:28.946423,fc5f1462-0be4-4ddf-81a8-aa82b5148124
4d86e3ec-eb93-4daa-99b2-4bcd247cca90,2742825a-3e35-4f86-ae5a-aca92762e3ea,Nimbus Networks Inc,nimbusnetworksinc.com,Manufacturing,11-50,441483222.42,1999,"Virginia Beach, DC",A leading company in the finance sector.,https://nimbusnetworksinc.com,+12792823740,3431 Elm St,Virginia Beach,FL,DE,30203,US/Central,True,['demo'],2025-05-18T20:26:53.946466,4a7a2306-6666-4f6b-9b4e-18f69f445d60
f6032bba-963f-44d8-b840-414890204888,2742825a-3e35-4f86-ae5a-aca92762e3ea,Platinum Partners Ltd,platinumpartnersltd.com,Real Estate,201-500,334235003.37,2009,"Minneapolis, OK",A leading company in the marketing sector.,https://platinumpartnersltd.com,+19572268576,1669 Elm Ave,Minneapolis,TN,GB,62413,US/Central,False,"['referral_partner', 'webinar_attendee', 'new_market']",2025-04-19T15:56:09.946505,56bbe842-f0da-4e30-a46c-38025bfb382e
f6caf5ec-f2e6-4379-87be-ce44bb637541,2742825a-3e35-4f86-ae5a-aca92762e3ea,Copper Systems Partners,coppersystemspartners.com,Technology,11-50,442799785.06,1991,"Colorado Springs, KS",A leading company in the marketing sector.,https://coppersystemspartners.com,+13585412313,5668 Cedar St,Colorado Springs,NC,MX,62190,UTC,False,['high_priority'],2025-08-16T04:55:04.946542,64557d9f-67a1-4513-b6da-e641464f66bb
a227bc78-18c0-40d7-b089-f652cee8527f,2742825a-3e35-4f86-ae5a-aca92762e3ea,Vanguard Systems Ltd,vanguardsystemsltd.com,Energy,201-500,327039765.23,2007,"Philadelphia, CA",A leading company in the consulting sector.,https://vanguardsystemsltd.com,+13336130294,7975 Main Blvd,Philadelphia,TN,GB,31435,US/Pacific,False,[],2026-05-27T06:18:56.946580,20c3bda5-fea6-4ea8-a48c-7cd0305cde2d
0a1b7ba3-136e-4fbb-8a4b-391b63c12572,2742825a-3e35-4f86-ae5a-aca92762e3ea,Platinum Partners Partners,platinumpartnerspartners.com,Hospitality,1-10,80483845.42,1988,"San Antonio, KS",A leading company in the construction sector.,https://platinumpartnerspartners.com,+17944193015,7549 Main Dr,San Antonio,CA,IN,65372,UTC,False,"['bulk_order', 'churned']",2025-06-04T01:17:04.946631,ae300c2a-88df-4b79-b08f-dabbd0efed46
22145f98-2ed8-4b9a-bb8b-2dd75e752f58,2742825a-3e35-4f86-ae5a-aca92762e3ea,Crystal Corp Ltd,crystalcorpltd.com,Transportation,201-500,356026137.21,2014,"Fresno, MA",A leading company in the education sector.,https://crystalcorpltd.com,+15373674167,7047 Cedar Dr,Fresno,CA,CA,29711,UTC,False,"['at_risk', 'low_priority']",2026-05-16T19:08:26.946685,b7d19994-038b-4dbe-8e38-5141d55ae804
7c9ce68c-dfaf-43de-8d49-93c32ca76103,2742825a-3e35-4f86-ae5a-aca92762e3ea,Nimbus Networks Corp,nimbusnetworkscorp.com,Education,201-500,230152345.3,1983,"Chicago, NE",A leading company in the transportation sector.,https://nimbusnetworkscorp.com,+13083735388,5628 Pine St,Chicago,CA,FR,33426,US/Central,False,[],2026-05-08T15:07:35.946726,a669f01c-9d90-47fe-b1f8-79740e2b0070
e35395b2-ebd0-4491-bbfa-30b264182e19,2742825a-3e35-4f86-ae5a-aca92762e3ea,Opal Solutions Inc,opalsolutionsinc.com,Education,51-200,365965561.4,2014,"Omaha, TX",A leading company in the hospitality sector.,https://opalsolutionsinc.com,+13067843621,1477 Cedar St,Omaha,TX,GB,92958,US/Pacific,False,"['demo', 'pricing_page']",2025-10-12T22:22:08.946764,fdbc7119-6732-45ab-9136-cb056076a38a
8c1fd0f0-1904-47f0-a8f2-daa47460c82b,2742825a-3e35-4f86-ae5a-aca92762e3ea,Nimbus Networks Inc,nimbusnetworksinc.com,Energy,51-200,19191775.6,2018,"Phoenix, FL",A leading company in the education sector.,https://nimbusnetworksinc.com,+17935271112,1390 Pine Blvd,Phoenix,KY,IN,12933,US/Eastern,False,"['bulk_order', 'churned']",2025-04-27T19:05:16.946803,1f4e14bd-50ce-450c-ab7d-5e06108ba712
22dbfb41-808b-4525-b2f4-f10f2a6a06e1,2742825a-3e35-4f86-ae5a-aca92762e3ea,Diamond Edge LLC,diamondedgellc.com,Legal,51-200,307809956.72,2014,"Kansas City, IN",A leading company in the healthcare sector.,https://diamondedgellc.com,+17902300344,7848 Oak Dr,Kansas City,WA,GB,46287,UTC,False,['win_back'],2025-11-23T13:14:05.946843,b7d19994-038b-4dbe-8e38-5141d55ae804
3a761bd5-e4f9-4414-8cf3-80a871ed6f55,2742825a-3e35-4f86-ae5a-aca92762e3ea,EverGreen Solutions LLC,evergreensolutionsllc.com,Media,1000+,64926983.21,1997,"Los Angeles, WI",A leading company in the aerospace sector.,https://evergreensolutionsllc.com,+19689100485,5312 Main Ave,Los Angeles,NC,US,52547,US/Eastern,True,"['bulk_order', 'seasonal']",2026-05-23T00:42:44.946896,8c0e1935-13b5-4990-a8a3-0be81dad1a78
badd7b7d-5af2-41b8-8fa7-4d51830cf1c3,2742825a-3e35-4f86-ae5a-aca92762e3ea,Opal Solutions Group,opalsolutionsgroup.com,Insurance,201-500,237827663.38,2015,"Oklahoma City, NY",A leading company in the energy sector.,https://opalsolutionsgroup.com,+13462848582,5774 Elm Ave,Oklahoma City,WI,BR,37608,US/Eastern,False,"['webinar_attendee', 'enterprise']",2025-04-27T02:17:41.946934,56bbe842-f0da-4e30-a46c-38025bfb382e
dc3b51d8-5ebc-401d-8d2e-cdaa50c87cd1,2742825a-3e35-4f86-ae5a-aca92762e3ea,Onyx Data Corp,onyxdatacorp.com,Real Estate,1000+,492435059.02,2003,"Philadelphia, DC",A leading company in the consulting sector.,https://onyxdatacorp.com,+15224908496,7497 Elm St,Philadelphia,CA,MX,86668,US/Eastern,False,"['content_downloader', 'vip', 'cross_sell']",2026-06-22T11:51:10.946980,8c0e1935-13b5-4990-a8a3-0be81dad1a78
43522bc4-2625-4a2d-8763-6b0afa716bb2,2742825a-3e35-4f86-ae5a-aca92762e3ea,Jade Consulting LLC,jadeconsultingllc.com,Aerospace,1-10,48535062.1,1993,"Portland, OH",A leading company in the education sector.,https://jadeconsultingllc.com,+14451331189,3026 Oak Dr,Portland,GA,IN,56140,US/Eastern,False,"['trial', 'demo']",2025-05-25T02:21:29.947205,ae300c2a-88df-4b79-b08f-dabbd0efed46
51e9c110-e864-47cf-8eab-feb847f5634d,2742825a-3e35-4f86-ae5a-aca92762e3ea,Opal Solutions Corp,opalsolutionscorp.com,Insurance,500+,196117074.55,2005,"Fresno, AZ",A leading company in the telecommunications sector.,https://opalsolutionscorp.com,+17524545239,7463 Oak Ave,Fresno,NV,FR,10437,US/Central,False,['win_back'],2025-05-16T17:15:51.947273,fdbc7119-6732-45ab-9136-cb056076a38a
eaabf979-e6b4-4c08-81ee-573de6430fa6,2742825a-3e35-4f86-ae5a-aca92762e3ea,Crystal Clear Ltd,crystalclearltd.com,Media,11-50,318226616.68,2019,"Memphis, NC",A leading company in the manufacturing sector.,https://crystalclearltd.com,+18913634910,8347 Main Rd,Memphis,KS,IN,12992,US/Central,False,['existing_customer'],2026-06-03T06:37:08.947317,20c3bda5-fea6-4ea8-a48c-7cd0305cde2d
7067a74c-d7fe-485a-90b0-c5ccaceeff21,2742825a-3e35-4f86-ae5a-aca92762e3ea,DataFlow Systems Partners,dataflowsystemspartners.com,Hospitality,500+,255692160.16,1992,"Omaha, TX",A leading company in the telecommunications sector.,https://dataflowsystemspartners.com,+17880086478,4020 Oak Dr,Omaha,OK,DE,52300,US/Eastern,True,[],2025-09-05T00:20:12.947373,56bbe842-f0da-4e30-a46c-38025bfb382e
55b6deae-6cdf-456f-937a-58ad5b2e12d7,2742825a-3e35-4f86-ae5a-aca92762e3ea,Nimbus Networks LLC,nimbusnetworksllc.com,Aerospace,201-500,494857178.28,1991,"Oakland, WI",A leading company in the construction sector.,https://nimbusnetworksllc.com,+14754702956,9996 Pine Ave,Oakland,IN,BR,19154,UTC,False,"['low_priority', 'high_priority', 'webinar_attendee']",2025-04-18T18:29:33.947417,a669f01c-9d90-47fe-b1f8-79740e2b0070
10e22092-43c1-4df3-a202-655518b7295a,2742825a-3e35-4f86-ae5a-aca92762e3ea,Steel Bridge Group,steelbridgegroup.com,Aerospace,1000+,494604946.56,2025,"San Diego, CA",A leading company in the telecommunications sector.,https://steelbridgegroup.com,+18360020051,1079 Pine Dr,San Diego,FL,US,57628,US/Pacific,False,"['content_downloader', 'hot_lead', 'cold_lead']",2025-11-01T00:25:02.947461,ae300c2a-88df-4b79-b08f-dabbd0efed46
282acf32-55a7-437d-85a9-21a9aea3bf80,2742825a-3e35-4f86-ae5a-aca92762e3ea,Diamond Edge Inc,diamondedgeinc.com,Retail,51-200,206475882.5,2001,"Tampa, CA",A leading company in the marketing sector.,https://diamondedgeinc.com,+15416874531,3542 Pine St,Tampa,OK,CA,70062,US/Pacific,False,"['trial', 'cross_sell']",2026-05-06T15:20:45.947503,ae300c2a-88df-4b79-b08f-dabbd0efed46
e157955e-b17a-456c-997e-43758f65801b,2742825a-3e35-4f86-ae5a-aca92762e3ea,SwiftScale Partners,swiftscalepartners.com,Automotive,51-200,297234343.47,1988,"San Francisco, CA",A leading company in the construction sector.,https://swiftscalepartners.com,+13238799281,3721 Pine Rd,San Francisco,MA,FR,50194,US/Eastern,False,"['high_priority', 'seasonal']",2026-05-01T14:02:35.947544,fc5f1462-0be4-4ddf-81a8-aa82b5148124
95f19134-6f59-4ffb-9b69-53ef4b68e06b,2742825a-3e35-4f86-ae5a-aca92762e3ea,Bronze Gate Co,bronzegateco.com,Manufacturing,11-50,303744338.52,2004,"Minneapolis, CA",A leading company in the marketing sector.,https://bronzegateco.com,+16415246573,3567 Cedar Blvd,Minneapolis,CA,MX,11581,US/Central,False,"['high_priority', 'referral_partner', 'nurture']",2026-01-24T02:44:55.947592,fc5f1462-0be4-4ddf-81a8-aa82b5148124
dd72b6eb-9b6b-471e-b182-313fc96ec775,2742825a-3e35-4f86-ae5a-aca92762e3ea,Ruby Software Co,rubysoftwareco.com,Energy,500+,187212573.52,2011,"Fresno, CA",A leading company in the retail sector.,https://rubysoftwareco.com,+14070399674,8029 Elm St,Fresno,VA,CA,54874,US/Eastern,False,['cold_lead'],2025-11-17T01:28:00.947645,ae300c2a-88df-4b79-b08f-dabbd0efed46
a95a7b5b-cf2d-49c5-a088-807e64a71be5,2742825a-3e35-4f86-ae5a-aca92762e3ea,Iron Mountain Co,ironmountainco.com,Real Estate,51-200,249420183.09,2016,"San Diego, FL",A leading company in the technology sector.,https://ironmountainco.com,+19902641607,8687 Oak Ave,San Diego,MA,US,62231,UTC,False,[],2025-11-09T23:27:05.947685,4a7a2306-6666-4f6b-9b4e-18f69f445d60
4b108beb-80e6-4598-9dcd-cc02dc17e4dc,2742825a-3e35-4f86-ae5a-aca92762e3ea,Bronze Gate Group,bronzegategroup.com,Healthcare,201-500,283372745.47,1995,"Philadelphia, IN",A leading company in the legal sector.,https://bronzegategroup.com,+19719215276,3093 Oak Ave,Philadelphia,MN,BR,33256,UTC,False,"['new_market', 'upsell']",2025-05-09T10:13:30.947726,a3cb50e2-619e-40b9-82fa-b0ae6c6c06ca
2ac5090d-d493-459b-8c9f-61e85d7b8454,2742825a-3e35-4f86-ae5a-aca92762e3ea,Quantum Dynamics LLC,quantumdynamicsllc.com,Consulting,1-10,103905636.33,1995,"Mesa, CO",A leading company in the automotive sector.,https://quantumdynamicsllc.com,+14049911895,1710 Cedar St,Mesa,TN,CA,35745,US/Pacific,True,[],2026-06-07T10:29:38.947808,1f4e14bd-50ce-450c-ab7d-5e06108ba712
af7fd4b1-6a38-49a6-9154-491521fb1cff,2742825a-3e35-4f86-ae5a-aca92762e3ea,Jade Consulting Group,jadeconsultinggroup.com,Aerospace,201-500,150015482.06,1980,"Columbus, CO",A leading company in the media sector.,https://jadeconsultinggroup.com,+19993531580,1927 Elm Ave,Columbus,CO,MX,69802,UTC,True,"['referral_partner', 'upsell', 'high_priority']",2025-08-04T15:16:20.947857,4a7a2306-6666-4f6b-9b4e-18f69f445d60
7b8513bb-8145-408a-b7bd-823947c3d725,2742825a-3e35-4f86-ae5a-aca92762e3ea,Cobalt Systems Group,cobaltsystemsgroup.com,Consulting,51-200,433637120.3,1995,"Denver, OK",A leading company in the legal sector.,https://cobaltsystemsgroup.com,+19206278881,8342 Pine Dr,Denver,CA,GB,73908,UTC,False,"['high_priority', 'nurture', 'startup']",2026-04-23T14:23:54.947902,1f4e14bd-50ce-450c-ab7d-5e06108ba712
53f48204-a5cb-44bb-a6bb-eea9f98c51c2,2742825a-3e35-4f86-ae5a-aca92762e3ea,SwiftScale Corp,swiftscalecorp.com,Insurance,11-50,96838072.53,1986,"Miami, LA",A leading company in the marketing sector.,https://swiftscalecorp.com,+12915757665,8321 Pine Blvd,Miami,KS,JP,71849,UTC,False,['existing_customer'],2025-07-13T15:05:41.947943,fc5f1462-0be4-4ddf-81a8-aa82b5148124
16de145e-51cf-42d7-a00a-6da572ae8774,2742825a-3e35-4f86-ae5a-aca92762e3ea,Pulse Digital Co,pulsedigitalco.com,Retail,11-50,305081108.59,1990,"Las Vegas, TN",A leading company in the construction sector.,https://pulsedigitalco.com,+16214026088,9852 Elm Blvd,Las Vegas,NC,FR,71863,US/Central,False,"['trial', 'bulk_order']",2026-02-02T14:47:18.947983,56bbe842-f0da-4e30-a46c-38025bfb382e
feab00bc-50a4-4406-b3e9-19721ade64cd,2742825a-3e35-4f86-ae5a-aca92762e3ea,Vanguard Systems Ltd,vanguardsystemsltd.com,Hospitality,201-500,2885980.16,2005,"Kansas City, TX",A leading company in the media sector.,https://vanguardsystemsltd.com,+17813719098,2392 Elm Blvd,Kansas City,CA,DE,37342,US/Central,True,"['vip', 'trial']",2026-04-18T17:13:47.948023,20c3bda5-fea6-4ea8-a48c-7cd0305cde2d
c064a9d2-b45b-432d-be7a-edae9ef1bb39,2742825a-3e35-4f86-ae5a-aca92762e3ea,Onyx Data Group,onyxdatagroup.com,Real Estate,11-50,308797041.26,2008,"Arlington, WA",A leading company in the education sector.,https://onyxdatagroup.com,+12319661174,2728 Pine Dr,Arlington,FL,MX,71587,UTC,False,"['seasonal', 'high_priority', 'renewal']",2025-11-19T01:23:47.948073,fdbc7119-6732-45ab-9136-cb056076a38a
25b004aa-eb9b-4f89-8cb1-de7862c9a4d6,2742825a-3e35-4f86-ae5a-aca92762e3ea,Fusion Analytics Inc,fusionanalyticsinc.com,Healthcare,1000+,171378830.51,2014,"San Antonio, MA",A leading company in the telecommunications sector.,https://fusionanalyticsinc.com,+15966857959,1919 Elm Ave,San Antonio,TX,CA,52538,US/Pacific,False,['existing_customer'],2025-12-09T00:12:31.948120,64557d9f-67a1-4513-b6da-e641464f66bb
c8f8514d-fc29-44d5-83c7-891a364158cd,2742825a-3e35-4f86-ae5a-aca92762e3ea,Onyx Data Inc,onyxdatainc.com,Marketing,51-200,286387947.29,2022,"Baltimore, CA",A leading company in the insurance sector.,https://onyxdatainc.com,+18575712949,4874 Main Ave,Baltimore,KS,CA,51151,US/Central,False,"['bulk_order', 'at_risk', 'nurture']",2025-12-30T20:21:29.948165,64557d9f-67a1-4513-b6da-e641464f66bb
ca7e61f1-a88f-42db-bdb9-2a366795a436,2742825a-3e35-4f86-ae5a-aca92762e3ea,Nimbus Networks Corp,nimbusnetworkscorp.com,Real Estate,1000+,485720761.3,1996,"Oklahoma City, CA",A leading company in the aerospace sector.,https://nimbusnetworkscorp.com,+19506100773,479 Oak St,Oklahoma City,CA,IN,66011,US/Pacific,False,[],2026-07-31T05:30:06.948205,c74050eb-0b79-4cba-8d19-adf0d3e0b9db
8476e161-5248-4699-9db5-966bc2e65520,2742825a-3e35-4f86-ae5a-aca92762e3ea,Coral Health Corp,coralhealthcorp.com,Automotive,201-500,497827449.28,2012,"Los Angeles, TN",A leading company in the insurance sector.,https://coralhealthcorp.com,+14113164593,9517 Pine St,Los Angeles,TX,CA,84095,UTC,False,[],2026-08-03T09:04:03.948246,ae300c2a-88df-4b79-b08f-dabbd0efed46
6f028896-f4ff-44a3-83ec-74ecd0ffbd4e,2742825a-3e35-4f86-ae5a-aca92762e3ea,Coral Health Co,coralhealthco.com,Automotive,201-500,305035239.9,1992,"Philadelphia, LA",A leading company in the finance sector.,https://coralhealthco.com,+19589702337,7160 Pine Dr,Philadelphia,MD,GB,95254,US/Central,True,"['pricing_page', 'low_priority']",2026-04-23T04:05:20.948293,8c0e1935-13b5-4990-a8a3-0be81dad1a78
8e84c516-e821-4f22-a859-f8b506b61bcf,2742825a-3e35-4f86-ae5a-aca92762e3ea,Pearl Analytics Corp,pearlanalyticscorp.com,Aerospace,201-500,9484881.5,1994,"New York, TN",A leading company in the media sector.,https://pearlanalyticscorp.com,+12646370758,3751 Cedar Blvd,New York,CA,BR,95670,US/Eastern,False,"['seasonal', 'existing_customer']",2025-07-11T10:10:57.948343,ae300c2a-88df-4b79-b08f-dabbd0efed46
0cd1b506-2974-4aec-ac3f-3a792ab62e4a,2742825a-3e35-4f86-ae5a-aca92762e3ea,RedRock Ventures LLC,redrockventuresllc.com,Retail,1-10,13160934.03,2018,"Washington DC, IL",A leading company in the manufacturing sector.,https://redrockventuresllc.com,+14319609840,1234 Pine Blvd,Washington DC,NC,DE,36437,US/Central,True,"['renewal', 'at_risk']",2026-02-03T04:18:02.948392,fc5f1462-0be4-4ddf-81a8-aa82b5148124
c5d94488-c6f1-4c58-a6bf-056ede00e28e,2742825a-3e35-4f86-ae5a-aca92762e3ea,SwiftScale Inc,swiftscaleinc.com,Technology,201-500,433773017.26,1993,"Portland, OR",A leading company in the healthcare sector.,https://swiftscaleinc.com,+13919044584,6640 Oak Ave,Portland,KS,IN,87360,UTC,True,['low_priority'],2026-07-18T07:44:16.948454,fc5f1462-0be4-4ddf-81a8-aa82b5148124
bf6eae23-d817-4fd5-a72a-54094c87314f,2742825a-3e35-4f86-ae5a-aca92762e3ea,Silver Stream LLC,silverstreamllc.com,Agriculture,1000+,302443962.52,2000,"San Diego, TN",A leading company in the real estate sector.,https://silverstreamllc.com,+17198316849,1587 Cedar Blvd,San Diego,NM,FR,76680,UTC,False,[],2025-02-12T17:08:36.948495,ae300c2a-88df-4b79-b08f-dabbd0efed46
d9427b15-69b9-43fc-8308-badf7f642a75,2742825a-3e35-4f86-ae5a-aca92762e3ea,EverGreen Solutions Ltd,evergreensolutionsltd.com,Transportation,51-200,472868605.28,1984,"San Antonio, KY",A leading company in the consulting sector.,https://evergreensolutionsltd.com,+17280055969,1483 Elm Dr,San Antonio,CA,FR,94850,US/Central,True,['nurture'],2025-02-14T07:57:55.948536,4a7a2306-6666-4f6b-9b4e-18f69f445d60
49cc8990-87b8-4917-b269-9a44ad2bf7ef,2742825a-3e35-4f86-ae5a-aca92762e3ea,RedRock Ventures LLC,redrockventuresllc.com,Agriculture,1-10,30637671.07,1993,"Minneapolis, TX",A leading company in the consulting sector.,https://redrockventuresllc.com,+17891423969,6897 Oak Dr,Minneapolis,FL,GB,77973,US/Eastern,False,['demo'],2025-05-28T09:13:07.948586,b7d19994-038b-4dbe-8e38-5141d55ae804
59c2382c-30a0-4041-8db3-51c71f5754a3,2742825a-3e35-4f86-ae5a-aca92762e3ea,Amber Industries LLC,amberindustriesllc.com,Hospitality,1000+,186623401.53,1996,"Washington DC, NC",A leading company in the energy sector.,https://amberindustriesllc.com,+16417280143,523 Pine St,Washington DC,NM,US,28919,US/Pacific,True,"['referral_partner', 'bulk_order', 'low_priority']",2025-07-28T09:03:56.948636,1f4e14bd-50ce-450c-ab7d-5e06108ba712
d1823d07-942a-49c3-8df9-e4b35c3ad431,2742825a-3e35-4f86-ae5a-aca92762e3ea,TechNova Solutions Corp,technovasolutionscorp.com,Finance,201-500,494096344.55,1987,"Charlotte, NM",A leading company in the telecommunications sector.,https://technovasolutionscorp.com,+16223536797,8893 Elm Ave,Charlotte,NE,US,50819,US/Pacific,False,"['cold_lead', 'trial']",2026-02-15T01:38:52.948679,d7b70429-3c34-4940-81f0-2fd516ab47cb
1ff3ccc1-7443-478b-9487-d708216474e4,2742825a-3e35-4f86-ae5a-aca92762e3ea,Steel Bridge Inc,steelbridgeinc.com,Agriculture,1000+,415553122.51,2016,"Albuquerque, TX",A leading company in the manufacturing sector.,https://steelbridgeinc.com,+17236901419,2226 Oak Ave,Albuquerque,VA,CA,22424,US/Pacific,True,[],2025-10-18T11:32:36.948719,a669f01c-9d90-47fe-b1f8-79740e2b0070
9ab8b24e-3d84-4204-9288-d34ceefe9bc6,2742825a-3e35-4f86-ae5a-aca92762e3ea,Zenith Partners Partners,zenithpartnerspartners.com,Consulting,51-200,355244711.44,2009,"Virginia Beach, VA",A leading company in the automotive sector.,https://zenithpartnerspartners.com,+18527993502,9556 Pine Ave,Virginia Beach,TN,IN,59121,US/Eastern,False,[],2026-03-07T02:18:46.948769,b7d19994-038b-4dbe-8e38-5141d55ae804
ba728f96-b43f-4f50-ae5b-45ffb8057599,2742825a-3e35-4f86-ae5a-aca92762e3ea,Diamond Edge LLC,diamondedgellc.com,Technology,11-50,317333593.74,1995,"Jacksonville, TX",A leading company in the hospitality sector.,https://diamondedgellc.com,+13385266029,9473 Elm Dr,Jacksonville,TX,DE,92406,US/Pacific,False,['pricing_page'],2025-11-01T23:10:54.948809,56bbe842-f0da-4e30-a46c-38025bfb382e
68ed22d9-f43e-4bb9-b61b-05568ed13b31,2742825a-3e35-4f86-ae5a-aca92762e3ea,SilverLine Corp Partners,silverlinecorppartners.com,Construction,51-200,168660432.9,1991,"Seattle, CA",A leading company in the energy sector.,https://silverlinecorppartners.com,+19760956510,8084 Cedar Dr,Seattle,VA,CA,97557,US/Central,False,"['startup', 'demo']",2026-04-18T02:41:31.948857,b7d19994-038b-4dbe-8e38-5141d55ae804
1c9d6e80-af6d-4178-bb42-2fd039ad024a,2742825a-3e35-4f86-ae5a-aca92762e3ea,Jade Consulting LLC,jadeconsultingllc.com,Marketing,201-500,415047473.33,1987,"San Antonio, GA",A leading company in the consulting sector.,https://jadeconsultingllc.com,+16837418438,5795 Pine Dr,San Antonio,KY,JP,20874,US/Eastern,False,['cold_lead'],2025-09-20T03:54:56.948898,64557d9f-67a1-4513-b6da-e641464f66bb
dce7cf5b-14ef-40b0-a462-b6290c538834,2742825a-3e35-4f86-ae5a-aca92762e3ea,Iron Mountain Partners,ironmountainpartners.com,Construction,500+,389979849.67,2016,"El Paso, AZ",A leading company in the construction sector.,https://ironmountainpartners.com,+16496810211,8835 Pine Rd,El Paso,NC,JP,31856,US/Central,True,['churned'],2025-09-24T08:50:34.948936,4a7a2306-6666-4f6b-9b4e-18f69f445d60
72d78bcb-aaaf-42c9-94f3-c47af4f31a08,2742825a-3e35-4f86-ae5a-aca92762e3ea,Topaz Digital Ltd,topazdigitalltd.com,Legal,1-10,479530429.47,2005,"Fort Worth, CO",A leading company in the hospitality sector.,https://topazdigitalltd.com,+16174746279,7907 Elm Blvd,Fort Worth,TX,FR,10046,UTC,True,"['at_risk', 'bulk_order']",2025-04-14T05:27:47.948989,ae300c2a-88df-4b79-b08f-dabbd0efed46
f019f683-86f1-4a76-9c2d-463dcde231b4,2742825a-3e35-4f86-ae5a-aca92762e3ea,EverGreen Solutions LLC,evergreensolutionsllc.com,Agriculture,11-50,382308235.59,1995,"San Jose, NV",A leading company in the retail sector.,https://evergreensolutionsllc.com,+14774912321,6506 Cedar Ave,San Jose,IN,AU,19244,US/Eastern,False,"['cold_lead', 'webinar_attendee']",2025-06-12T00:38:23.949035,d7b70429-3c34-4940-81f0-2fd516ab47cb
1f292ee6-a98d-42f6-a9eb-f4f5fef6a684,fa6b3223-0c9a-40e9-b075-9220ef58763e,RedRock Ventures LLC,redrockventuresllc.com,Manufacturing,1000+,137771376.35,2000,"Baltimore, NY",A leading company in the education sector.,https://redrockventuresllc.com,+14236047073,8689 Main Rd,Baltimore,NM,DE,96562,US/Pacific,True,[],2026-05-16T08:54:07.949103,c5b0aadb-faf1-42c1-9dd1-d8c4c6bf6834
a789a719-d4fa-4981-8a5a-343833b724d6,fa6b3223-0c9a-40e9-b075-9220ef58763e,Silver Stream Partners,silverstreampartners.com,Legal,1-10,190781780.26,1996,"Oklahoma City, CA",A leading company in the telecommunications sector.,https://silverstreampartners.com,+18124239284,2859 Elm Blvd,Oklahoma City,NC,JP,23506,UTC,False,"['renewal', 'win_back']",2026-06-26T19:03:10.949150,3a7a726c-307e-4e71-8d43-f4ec0d020101
9440eb44-e459-4301-a546-876bd512b0f2,fa6b3223-0c9a-40e9-b075-9220ef58763e,NexGen Software Partners,nexgensoftwarepartners.com,Legal,1000+,366234695.05,1996,"San Antonio, FL",A leading company in the construction sector.,https://nexgensoftwarepartners.com,+13412312682,4216 Pine St,San Antonio,NY,CA,73641,US/Eastern,False,['existing_customer'],2026-04-25T12:58:57.949192,c5b0aadb-faf1-42c1-9dd1-d8c4c6bf6834
c7b01c28-ca80-4532-b615-7bb01aecb2a2,fa6b3223-0c9a-40e9-b075-9220ef58763e,Golden Ratio Co,goldenratioco.com,Agriculture,500+,303339978.37,2016,"Tulsa, OR",A leading company in the aerospace sector.,https://goldenratioco.com,+18523912669,6368 Main Rd,Tulsa,TX,MX,94237,UTC,False,[],2025-10-07T16:26:22.949241,70a1a11d-5ed0-4a43-ae45-a3d2f63e8213
56248ca0-fa57-469d-8ece-edfb807a35e4,fa6b3223-0c9a-40e9-b075-9220ef58763e,Platinum Partners Partners,platinumpartnerspartners.com,Media,201-500,359158585.99,1982,"Omaha, TX",A leading company in the telecommunications sector.,https://platinumpartnerspartners.com,+15660313015,9493 Cedar St,Omaha,NV,IN,97696,UTC,True,['vip'],2026-01-07T06:54:15.949285,056273a6-60a0-4f5f-96b3-0a1f9b494aa8
44bde104-dbf4-46f0-a4fe-4154c5a4a872,fa6b3223-0c9a-40e9-b075-9220ef58763e,EverGreen Solutions Co,evergreensolutionsco.com,Telecommunications,51-200,179326536.85,2023,"Los Angeles, TX",A leading company in the transportation sector.,https://evergreensolutionsco.com,+13068163030,7407 Main Blvd,Los Angeles,WI,FR,31049,US/Eastern,False,"['bulk_order', 'webinar_attendee']",2026-01-27T09:34:16.949331,b0e0e9fd-ef8b-47d5-b426-0e52c2535506
a2bc94f6-04e1-4a6d-a6b5-9a8dc948a8a4,fa6b3223-0c9a-40e9-b075-9220ef58763e,Amber Industries Co,amberindustriesco.com,Energy,51-200,308220543.32,1994,"Philadelphia, TN",A leading company in the consulting sector.,https://amberindustriesco.com,+16730039590,1581 Elm Blvd,Philadelphia,NC,BR,93817,US/Eastern,False,['upsell'],2026-06-17T16:04:18.949381,d3f2a2a5-f425-4786-ac66-99c3ddb5fe75
da83e8a9-c491-42c6-aa20-43e625cab466,fa6b3223-0c9a-40e9-b075-9220ef58763e,Crystal Corp Ltd,crystalcorpltd.com,Retail,11-50,161413750.72,1987,"Boston, TX",A leading company in the automotive sector.,https://crystalcorpltd.com,+17628673108,8392 Cedar Blvd,Boston,LA,JP,80550,US/Eastern,False,[],2025-08-27T06:42:22.949423,c5b0aadb-faf1-42c1-9dd1-d8c4c6bf6834
ea5eea54-7b43-4cd2-bf7f-6a7777e53341,fa6b3223-0c9a-40e9-b075-9220ef58763e,Steel Bridge Group,steelbridgegroup.com,Hospitality,51-200,72925433.73,2001,"Virginia Beach, CA",A leading company in the transportation sector.,https://steelbridgegroup.com,+13704057243,6411 Main Blvd,Virginia Beach,NC,MX,20775,US/Central,False,"['enterprise', 'renewal', 'new_market']",2025-07-13T13:16:30.949468,73a569a6-1e94-43c5-ab7e-31c0c0b2a6fb
cb76aba4-6d7c-4293-be54-121a9bd36ec9,fa6b3223-0c9a-40e9-b075-9220ef58763e,Amber Industries LLC,amberindustriesllc.com,Marketing,11-50,437574219.42,2008,"Minneapolis, CA",A leading company in the real estate sector.,https://amberindustriesllc.com,+12624388183,4962 Oak St,Minneapolis,NC,BR,67534,US/Pacific,False,['content_downloader'],2025-08-14T22:11:15.949532,70a1a11d-5ed0-4a43-ae45-a3d2f63e8213
343a42f1-54c4-4c34-b125-3fa57a94ce3f,fa6b3223-0c9a-40e9-b075-9220ef58763e,ClearView Corp Partners,clearviewcorppartners.com,Hospitality,1000+,130783065.37,2003,"Kansas City, CA",A leading company in the media sector.,https://clearviewcorppartners.com,+13590119326,3945 Pine Rd,Kansas City,TX,CA,27628,US/Central,False,['new_market'],2025-06-16T06:49:29.949575,e4a0f782-d61b-4052-849d-5679c682e6e0
ec618da9-bd35-406a-9b0a-9176982625ee,fa6b3223-0c9a-40e9-b075-9220ef58763e,Diamond Edge Group,diamondedgegroup.com,Agriculture,500+,156776716.4,2018,"Tulsa, NC",A leading company in the transportation sector.,https://diamondedgegroup.com,+19376883488,9177 Oak Dr,Tulsa,WA,MX,16973,US/Pacific,False,"['existing_customer', 'content_downloader', 'startup']",2025-07-30T04:06:43.949628,77216429-0c61-4206-8455-fea64c0b6917
592507c2-9a9c-469e-9e49-f5e9d58de4b9,fa6b3223-0c9a-40e9-b075-9220ef58763e,SwiftScale Group,swiftscalegroup.com,Healthcare,51-200,238339392.35,2025,"Long Beach, CA",A leading company in the finance sector.,https://swiftscalegroup.com,+14929197818,1171 Pine Rd,Long Beach,CA,US,88346,US/Pacific,False,['webinar_attendee'],2025-09-13T19:46:04.949678,056273a6-60a0-4f5f-96b3-0a1f9b494aa8
844cfa03-e220-469e-b5f9-5205d98bb1c3,fa6b3223-0c9a-40e9-b075-9220ef58763e,Jade Consulting Partners,jadeconsultingpartners.com,Consulting,51-200,116320546.41,2012,"Oakland, TN",A leading company in the manufacturing sector.,https://jadeconsultingpartners.com,+19586201806,9715 Pine St,Oakland,NC,US,56969,UTC,False,[],2025-04-11T22:35:43.949718,3a7a726c-307e-4e71-8d43-f4ec0d020101
6c53b130-66cc-4566-aec3-668a937592f1,fa6b3223-0c9a-40e9-b075-9220ef58763e,Iron Mountain LLC,ironmountainllc.com,Real Estate,11-50,489891987.16,1991,"Tampa, FL",A leading company in the technology sector.,https://ironmountainllc.com,+19084149173,8209 Main Blvd,Tampa,PA,CA,62894,US/Pacific,False,"['seasonal', 'high_priority', 'cold_lead']",2026-01-22T09:58:09.949767,c5b0aadb-faf1-42c1-9dd1-d8c4c6bf6834
aca3def6-2cbb-4374-b3ba-d01202bf0256,fa6b3223-0c9a-40e9-b075-9220ef58763e,Vanguard Systems Corp,vanguardsystemscorp.com,Media,51-200,249865927.72,1991,"Jacksonville, CA",A leading company in the hospitality sector.,https://vanguardsystemscorp.com,+12861601765,5854 Main Blvd,Jacksonville,MD,CA,78664,US/Central,True,[],2025-04-06T16:53:34.949808,c5b0aadb-faf1-42c1-9dd1-d8c4c6bf6834
9f8acb45-e4c1-467c-9529-6132954fb7a2,fa6b3223-0c9a-40e9-b075-9220ef58763e,Apex Innovations Inc,apexinnovationsinc.com,Technology,1-10,163463488.67,1999,"Mesa, CA",A leading company in the automotive sector.,https://apexinnovationsinc.com,+14419632965,1236 Oak Ave,Mesa,FL,MX,75300,US/Eastern,False,"['hot_lead', 'win_back']",2025-07-14T01:08:31.949855,d3f2a2a5-f425-4786-ac66-99c3ddb5fe75
77aa0ce4-e862-4ea8-8ee4-110a934d3229,fa6b3223-0c9a-40e9-b075-9220ef58763e,Pearl Analytics LLC,pearlanalyticsllc.com,Retail,500+,74467434.58,2008,"Baltimore, CA",A leading company in the aerospace sector.,https://pearlanalyticsllc.com,+16461501564,8907 Main Blvd,Baltimore,CO,CA,55751,US/Eastern,False,['hot_lead'],2026-06-29T10:20:22.949909,70a1a11d-5ed0-4a43-ae45-a3d2f63e8213
6c1b171a-ddcb-4455-b6d4-57c4104a9d3c,fa6b3223-0c9a-40e9-b075-9220ef58763e,RedRock Ventures Group,redrockventuresgroup.com,Telecommunications,1000+,274012817.95,2004,"Oklahoma City, MD",A leading company in the education sector.,https://redrockventuresgroup.com,+19167033732,1172 Pine Ave,Oklahoma City,MA,GB,41385,US/Pacific,True,"['enterprise', 'demo', 'high_priority']",2025-05-17T22:14:01.949980,c5b0aadb-faf1-42c1-9dd1-d8c4c6bf6834
9a08ac26-2311-4a92-a48e-513ba5338179,fa6b3223-0c9a-40e9-b075-9220ef58763e,Copper Systems Partners,coppersystemspartners.com,Construction,500+,287564641.95,2014,"Nashville, AZ",A leading company in the hospitality sector.,https://coppersystemspartners.com,+19545928843,3392 Pine Blvd,Nashville,TX,BR,35957,US/Central,False,"['webinar_attendee', 'content_downloader', 'startup']",2026-06-22T04:10:28.950042,4f5c97d1-2a5a-4459-bb2c-75d59167674a
79d4fadb-412c-4e79-8ac2-580f06ccbfa9,fa6b3223-0c9a-40e9-b075-9220ef58763e,IronClad Security Corp,ironcladsecuritycorp.com,Agriculture,500+,194434887.09,2011,"Atlanta, KS",A leading company in the consulting sector.,https://ironcladsecuritycorp.com,+19605711626,1003 Cedar St,Atlanta,TX,CA,50254,US/Eastern,False,[],2026-08-06T04:19:30.950102,73a569a6-1e94-43c5-ab7e-31c0c0b2a6fb
06ea3e30-1ca7-4ad9-b67b-330716c67e18,fa6b3223-0c9a-40e9-b075-9220ef58763e,Vanguard Systems Ltd,vanguardsystemsltd.com,Transportation,500+,26265005.85,2023,"Fort Worth, KY",A leading company in the construction sector.,https://vanguardsystemsltd.com,+18545463326,3021 Cedar Blvd,Fort Worth,CA,US,38114,UTC,False,['renewal'],2025-12-29T05:57:48.950153,40fd4c0b-aaa5-4aad-9d10-5269ef1b800f
0b9338c4-eec8-44fe-ac7e-095a2bcb182a,fa6b3223-0c9a-40e9-b075-9220ef58763e,Forge Industries Ltd,forgeindustriesltd.com,Automotive,1000+,306527871.69,1982,"Columbus, OR",A leading company in the real estate sector.,https://forgeindustriesltd.com,+16794605227,4858 Main Ave,Columbus,VA,AU,33207,US/Pacific,False,"['webinar_attendee', 'enterprise']",2025-07-14T08:27:53.950216,70a1a11d-5ed0-4a43-ae45-a3d2f63e8213
4dd3de89-bdff-45c8-acb6-b56540da2c92,fa6b3223-0c9a-40e9-b075-9220ef58763e,Catalyst Group Group,catalystgroupgroup.com,Legal,201-500,340213839.81,2025,"Virginia Beach, FL",A leading company in the consulting sector.,https://catalystgroupgroup.com,+17174904222,4566 Elm St,Virginia Beach,TN,IN,59431,US/Central,False,['high_priority'],2025-10-23T01:09:25.950304,73a569a6-1e94-43c5-ab7e-31c0c0b2a6fb
a02b9419-c3c0-4aeb-b340-211a233be1c4,fa6b3223-0c9a-40e9-b075-9220ef58763e,Opal Solutions Partners,opalsolutionspartners.com,Healthcare,1000+,383574947.8,1988,"Las Vegas, VA",A leading company in the marketing sector.,https://opalsolutionspartners.com,+16597867082,1974 Main Ave,Las Vegas,AZ,CA,34033,US/Central,True,"['win_back', 'seasonal']",2026-03-19T13:40:35.950362,77216429-0c61-4206-8455-fea64c0b6917
7599a953-fba9-444a-8e76-447d92f054da,fa6b3223-0c9a-40e9-b075-9220ef58763e,Prism Technologies Corp,prismtechnologiescorp.com,Legal,1-10,380506593.98,2005,"Kansas City, TX",A leading company in the finance sector.,https://prismtechnologiescorp.com,+18677600324,8258 Oak Ave,Kansas City,AZ,US,71467,US/Pacific,True,['enterprise'],2026-03-09T10:01:24.950394,c5b0aadb-faf1-42c1-9dd1-d8c4c6bf6834
b580b9b1-a1a5-4c68-9a55-0dd18432f64d,fa6b3223-0c9a-40e9-b075-9220ef58763e,Silver Stream Partners,silverstreampartners.com,Marketing,201-500,307679647.38,2008,"Phoenix, TX",A leading company in the manufacturing sector.,https://silverstreampartners.com,+18193445142,772 Cedar Ave,Phoenix,KS,DE,51670,UTC,False,['trial'],2025-10-19T09:41:51.950429,d3f2a2a5-f425-4786-ac66-99c3ddb5fe75
4324e683-708a-469d-ac0e-94354a6b08b9,fa6b3223-0c9a-40e9-b075-9220ef58763e,Nimbus Networks LLC,nimbusnetworksllc.com,Healthcare,201-500,190048170.06,1998,"Long Beach, CA",A leading company in the finance sector.,https://nimbusnetworksllc.com,+12967379525,3284 Pine Dr,Long Beach,CA,BR,19094,US/Eastern,False,"['new_market', 'nurture']",2025-07-01T23:13:37.950459,d3f2a2a5-f425-4786-ac66-99c3ddb5fe75
bf8bb187-c00d-43d1-9d38-78f9fb66fa46,fa6b3223-0c9a-40e9-b075-9220ef58763e,NexGen Software Inc,nexgensoftwareinc.com,Finance,201-500,259047754.83,1981,"Oakland, NC",A leading company in the retail sector.,https://nexgensoftwareinc.com,+19404864470,5370 Pine St,Oakland,CA,CA,99694,US/Eastern,True,[],2025-04-05T17:24:58.950491,e6daabab-f289-47f2-91c8-de431d5400de
a20818b9-773b-453b-8aba-fc4d7fc57d83,fa6b3223-0c9a-40e9-b075-9220ef58763e,Pearl Analytics Inc,pearlanalyticsinc.com,Healthcare,500+,272813987.59,1981,"Charlotte, CA",A leading company in the agriculture sector.,https://pearlanalyticsinc.com,+14769352628,4727 Cedar Dr,Charlotte,MD,DE,99506,US/Pacific,False,"['churned', 'pricing_page']",2026-06-10T08:52:57.950522,4f5c97d1-2a5a-4459-bb2c-75d59167674a
f805c77f-6544-429b-913f-232818d70c54,fa6b3223-0c9a-40e9-b075-9220ef58763e,Jade Consulting Corp,jadeconsultingcorp.com,Manufacturing,51-200,318564752.43,1991,"Charlotte, OR",A leading company in the legal sector.,https://jadeconsultingcorp.com,+15787892674,6130 Main Dr,Charlotte,DC,GB,15577,US/Pacific,False,['webinar_attendee'],2025-06-14T02:07:01.950557,d3f2a2a5-f425-4786-ac66-99c3ddb5fe75
b344e98f-71de-4a26-9c4f-93015424ddfd,fa6b3223-0c9a-40e9-b075-9220ef58763e,Forge Industries Ltd,forgeindustriesltd.com,Media,201-500,366737973.08,2008,"Memphis, OR",A leading company in the telecommunications sector.,https://forgeindustriesltd.com,+13561479438,5441 Elm Ave,Memphis,FL,JP,36989,US/Eastern,True,['existing_customer'],2025-08-24T01:50:22.950586,d3f2a2a5-f425-4786-ac66-99c3ddb5fe75
9a9556a7-5ef7-4140-82ad-284744a7d1c2,fa6b3223-0c9a-40e9-b075-9220ef58763e,Nimbus Networks Group,nimbusnetworksgroup.com,Media,51-200,322017824.12,1993,"New Orleans, NV",A leading company in the manufacturing sector.,https://nimbusnetworksgroup.com,+14019633001,8993 Elm Blvd,New Orleans,KS,MX,64017,UTC,True,"['new_market', 'nurture']",2026-03-05T22:08:54.950621,3a7a726c-307e-4e71-8d43-f4ec0d020101
ab35a1e1-765a-4ace-a2aa-c69d961c3cec,fa6b3223-0c9a-40e9-b075-9220ef58763e,Zenith Partners Ltd,zenithpartnersltd.com,Real Estate,201-500,283718083.13,1991,"Los Angeles, WA",A leading company in the automotive sector.,https://zenithpartnersltd.com,+15303860786,6684 Cedar Ave,Los Angeles,CA,IN,51483,US/Pacific,True,['high_priority'],2025-12-26T01:31:45.950650,e4a0f782-d61b-4052-849d-5679c682e6e0
a4b84b0f-36f3-43b0-9cf6-852209983f68,fa6b3223-0c9a-40e9-b075-9220ef58763e,Silver Stream Group,silverstreamgroup.com,Healthcare,1000+,48577453.12,1984,"Mesa, PA",A leading company in the technology sector.,https://silverstreamgroup.com,+16332198985,964 Pine St,Mesa,TN,AU,36608,US/Eastern,False,"['startup', 'demo']",2025-12-26T00:32:58.950679,e4a0f782-d61b-4052-849d-5679c682e6e0
9064f9db-0dd0-4043-ac78-6e9204ceecf3,fa6b3223-0c9a-40e9-b075-9220ef58763e,SwiftScale Ltd,swiftscaleltd.com,Retail,51-200,151655077.37,2015,"Oklahoma City, TX",A leading company in the manufacturing sector.,https://swiftscaleltd.com,+12701182385,2040 Cedar Rd,Oklahoma City,TN,GB,83618,US/Pacific,False,"['seasonal', 'renewal']",2025-06-01T08:38:46.950768,e4a0f782-d61b-4052-849d-5679c682e6e0
0f696ca6-8c75-4757-8689-e92e87faf9df,fa6b3223-0c9a-40e9-b075-9220ef58763e,SwiftScale Inc,swiftscaleinc.com,Healthcare,11-50,440121888.68,2010,"New Orleans, OR",A leading company in the agriculture sector.,https://swiftscaleinc.com,+17027078639,426 Cedar Blvd,New Orleans,MD,MX,84961,US/Eastern,False,[],2026-06-23T23:56:34.950817,d3f2a2a5-f425-4786-ac66-99c3ddb5fe75
5aa0239f-8274-4709-a5d0-aa1936d3fd6e,fa6b3223-0c9a-40e9-b075-9220ef58763e,Sterling Finance Inc,sterlingfinanceinc.com,Finance,11-50,67514953.08,1999,"Boston, CA",A leading company in the hospitality sector.,https://sterlingfinanceinc.com,+15937471439,1918 Oak Blvd,Boston,CO,CA,56492,US/Pacific,True,"['nurture', 'demo', 'upsell']",2025-08-20T22:00:00.950849,056273a6-60a0-4f5f-96b3-0a1f9b494aa8
2207f9fb-49f3-4d74-a276-36a620aa2e0f,fa6b3223-0c9a-40e9-b075-9220ef58763e,Ember Labs Inc,emberlabsinc.com,Energy,11-50,26052934.46,1995,"Tucson, MN",A leading company in the consulting sector.,https://emberlabsinc.com,+13130063397,7193 Pine St,Tucson,WA,BR,96430,UTC,False,[],2025-06-19T02:01:56.950933,73a569a6-1e94-43c5-ab7e-31c0c0b2a6fb
968f62f4-dc54-46eb-ae55-9d9a485c2f2c,fa6b3223-0c9a-40e9-b075-9220ef58763e,Bronze Gate Group,bronzegategroup.com,Consulting,201-500,99861216.26,2010,"Los Angeles, OR",A leading company in the hospitality sector.,https://bronzegategroup.com,+16449513772,4528 Elm Blvd,Los Angeles,MA,JP,65641,US/Pacific,False,['demo'],2025-10-30T23:25:06.951002,c7ad0281-d620-4eef-92e6-7a52117c0a8e
48114d65-949a-4859-8ac3-fcdc43c0ac59,fa6b3223-0c9a-40e9-b075-9220ef58763e,Amber Industries Corp,amberindustriescorp.com,Finance,201-500,459392118.6,1985,"Seattle, VA",A leading company in the energy sector.,https://amberindustriescorp.com,+19994992026,1959 Main Ave,Seattle,LA,CA,41845,UTC,True,[],2025-07-13T00:07:46.951051,e6daabab-f289-47f2-91c8-de431d5400de
b7b7ddc6-b3bb-4783-80be-00209fa8dbb4,fa6b3223-0c9a-40e9-b075-9220ef58763e,Catalyst Group Co,catalystgroupco.com,Finance,1-10,361567401.91,2001,"Philadelphia, NC",A leading company in the finance sector.,https://catalystgroupco.com,+16966029258,7649 Pine St,Philadelphia,NC,CA,17361,US/Eastern,True,[],2025-08-14T06:38:44.951098,40fd4c0b-aaa5-4aad-9d10-5269ef1b800f
a2b63481-6460-43db-b700-3b934f139d02,fa6b3223-0c9a-40e9-b075-9220ef58763e,BlueShift Labs Inc,blueshiftlabsinc.com,Marketing,11-50,25046815.8,1985,"Louisville, OR",A leading company in the energy sector.,https://blueshiftlabsinc.com,+18981262059,3256 Elm Ave,Louisville,OK,BR,89358,US/Eastern,False,[],2026-05-04T10:02:23.951142,77216429-0c61-4206-8455-fea64c0b6917
3a7185fd-0884-45d9-be26-638730eedec4,fa6b3223-0c9a-40e9-b075-9220ef58763e,TechNova Solutions Inc,technovasolutionsinc.com,Real Estate,51-200,71989191.16,2014,"Jacksonville, KS",A leading company in the real estate sector.,https://technovasolutionsinc.com,+15006335477,1341 Oak Ave,Jacksonville,TN,DE,31289,US/Pacific,False,"['referral_partner', 'content_downloader']",2026-07-09T02:37:49.951192,056273a6-60a0-4f5f-96b3-0a1f9b494aa8
8a1b8bab-34d0-4b83-9d10-b7e6a7822f63,fa6b3223-0c9a-40e9-b075-9220ef58763e,Forge Industries Ltd,forgeindustriesltd.com,Transportation,1000+,120423308.51,1980,"San Francisco, CA",A leading company in the legal sector.,https://forgeindustriesltd.com,+17503782131,2742 Main St,San Francisco,AZ,BR,55118,UTC,False,"['startup', 'win_back', 'seasonal']",2026-05-07T03:44:37.951241,40fd4c0b-aaa5-4aad-9d10-5269ef1b800f
83ce337a-c89f-472a-afe8-7a2fb68774c2,fa6b3223-0c9a-40e9-b075-9220ef58763e,Platinum Partners Inc,platinumpartnersinc.com,Automotive,51-200,349053084.99,2018,"Nashville, CA",A leading company in the finance sector.,https://platinumpartnersinc.com,+14444700252,5327 Elm Blvd,Nashville,TX,BR,58554,US/Pacific,False,"['trial', 'new_market', 'bulk_order']",2025-08-18T11:36:44.951295,70a1a11d-5ed0-4a43-ae45-a3d2f63e8213
9b0f6a24-65e8-4e4e-90ca-2d725c30bca5,fa6b3223-0c9a-40e9-b075-9220ef58763e,Apex Innovations Inc,apexinnovationsinc.com,Transportation,201-500,232499160.87,2009,"Minneapolis, TN",A leading company in the hospitality sector.,https://apexinnovationsinc.com,+18286216607,7708 Elm Ave,Minneapolis,CA,IN,64997,UTC,False,"['webinar_attendee', 'churned']",2025-07-07T17:50:57.951344,d3f2a2a5-f425-4786-ac66-99c3ddb5fe75
53f37759-6a59-4ce2-b7df-dbe6836801a1,fa6b3223-0c9a-40e9-b075-9220ef58763e,TechNova Solutions Ltd,technovasolutionsltd.com,Retail,11-50,296488934.95,1991,"Virginia Beach, OH",A leading company in the education sector.,https://technovasolutionsltd.com,+12070391780,7837 Oak Blvd,Virginia Beach,OK,DE,12841,US/Pacific,False,"['new_market', 'upsell']",2025-09-26T10:13:21.951389,4f5c97d1-2a5a-4459-bb2c-75d59167674a
3ddeb9ba-13db-4be0-88a1-ee1da5c2fd47,fa6b3223-0c9a-40e9-b075-9220ef58763e,Sapphire Tech Partners,sapphiretechpartners.com,Media,201-500,473668078.95,1990,"Tucson, AZ",A leading company in the healthcare sector.,https://sapphiretechpartners.com,+17812677316,1836 Main Blvd,Tucson,OK,BR,89667,US/Central,True,"['at_risk', 'content_downloader', 'high_priority']",2025-02-18T14:31:16.951428,793561a3-4c41-4b4b-9ec6-6527903d3e02
3dca97c7-85fd-4988-95fd-03296b3e1a06,fa6b3223-0c9a-40e9-b075-9220ef58763e,Apex Innovations Corp,apexinnovationscorp.com,Consulting,1000+,309259169.18,2019,"Miami, CA",A leading company in the aerospace sector.,https://apexinnovationscorp.com,+16850856671,4718 Pine Blvd,Miami,MN,GB,58439,US/Pacific,True,"['demo', 'content_downloader', 'renewal']",2025-09-07T15:11:00.951479,40fd4c0b-aaa5-4aad-9d10-5269ef1b800f
5372a8ec-7876-45c7-bd0c-a7a45a9920c4,fa6b3223-0c9a-40e9-b075-9220ef58763e,Summit Analytics Co,summitanalyticsco.com,Agriculture,51-200,277520124.19,2016,"Nashville, OK",A leading company in the real estate sector.,https://summitanalyticsco.com,+15873441245,5372 Cedar Ave,Nashville,OK,MX,89873,US/Eastern,False,['high_priority'],2026-06-01T04:00:47.951517,d3f2a2a5-f425-4786-ac66-99c3ddb5fe75
c51518c6-29e7-4019-a2b8-22680aa3d82d,fa6b3223-0c9a-40e9-b075-9220ef58763e,Coral Health Inc,coralhealthinc.com,Manufacturing,500+,160861382.91,2013,"Portland, AZ",A leading company in the telecommunications sector.,https://coralhealthinc.com,+18883113621,4458 Main Dr,Portland,OR,DE,46203,US/Eastern,False,[],2026-06-05T12:17:05.951566,c7ad0281-d620-4eef-92e6-7a52117c0a8e
3508973c-868a-47ec-89c9-a01984ed721d,fa6b3223-0c9a-40e9-b075-9220ef58763e,Opal Solutions Inc,opalsolutionsinc.com,Transportation,500+,241302432.93,1989,"Nashville, WA",A leading company in the energy sector.,https://opalsolutionsinc.com,+18376728098,5247 Cedar Rd,Nashville,TX,DE,88326,UTC,True,[],2025-08-23T22:22:01.951607,e6daabab-f289-47f2-91c8-de431d5400de
20b6b9bb-87a3-49d0-b1fb-b4e953808029,fa6b3223-0c9a-40e9-b075-9220ef58763e,Coral Health Corp,coralhealthcorp.com,Hospitality,201-500,350338014.51,1980,"Indianapolis, DC",A leading company in the legal sector.,https://coralhealthcorp.com,+12877204248,4951 Main St,Indianapolis,CA,IN,20316,US/Central,False,['pricing_page'],2026-03-03T23:31:24.951655,02aa60b8-30fa-45cc-90ce-706799bfffeb
af3bddce-5b95-47f2-8053-154054080e78,fa6b3223-0c9a-40e9-b075-9220ef58763e,Sapphire Tech Ltd,sapphiretechltd.com,Energy,1-10,468454644.63,2009,"New Orleans, WA",A leading company in the real estate sector.,https://sapphiretechltd.com,+19328488663,7527 Pine Ave,New Orleans,CO,GB,52310,UTC,True,"['new_market', 'high_priority']",2026-02-17T08:28:04.951691,d3f2a2a5-f425-4786-ac66-99c3ddb5fe75
b30d085c-df71-4503-a93e-d8833d0bbd03,fa6b3223-0c9a-40e9-b075-9220ef58763e,Iron Mountain Ltd,ironmountainltd.com,Technology,1000+,217158097.35,2000,"Atlanta, NV",A leading company in the retail sector.,https://ironmountainltd.com,+17697748559,665 Pine Blvd,Atlanta,KS,MX,15161,UTC,False,['high_priority'],2025-04-11T05:46:44.951726,02aa60b8-30fa-45cc-90ce-706799bfffeb
895e4586-4c0f-418e-9e76-386ba622f8cf,fa6b3223-0c9a-40e9-b075-9220ef58763e,RedRock Ventures Inc,redrockventuresinc.com,Retail,1000+,117545048.02,2003,"Mesa, TX",A leading company in the energy sector.,https://redrockventuresinc.com,+12348574061,5729 Main Dr,Mesa,NV,JP,18146,US/Pacific,False,"['seasonal', 'cold_lead', 'new_market']",2025-05-07T10:51:10.951805,4f5c97d1-2a5a-4459-bb2c-75d59167674a
5b4f65bb-4782-4315-87bf-a797b30632c4,fa6b3223-0c9a-40e9-b075-9220ef58763e,Apex Innovations Inc,apexinnovationsinc.com,Legal,11-50,119670724.36,2021,"New Orleans, CA",A leading company in the insurance sector.,https://apexinnovationsinc.com,+12104046463,3794 Elm St,New Orleans,IL,DE,40495,US/Eastern,False,['low_priority'],2025-12-29T15:03:54.951850,3a7a726c-307e-4e71-8d43-f4ec0d020101
402c1b9b-1e15-42f2-a86b-5ec55dc2bdcf,fa6b3223-0c9a-40e9-b075-9220ef58763e,Silver Stream Partners,silverstreampartners.com,Hospitality,1-10,255147960.48,1998,"Virginia Beach, AZ",A leading company in the technology sector.,https://silverstreampartners.com,+19171058091,6898 Cedar St,Virginia Beach,IL,DE,87289,UTC,True,"['vip', 'demo', 'seasonal']",2025-04-29T00:28:54.951895,e4a0f782-d61b-4052-849d-5679c682e6e0
be3cb573-d0ae-4579-be35-1d4c0bfbe80c,fa6b3223-0c9a-40e9-b075-9220ef58763e,NovaTech Solutions Group,novatechsolutionsgroup.com,Hospitality,11-50,76170313.23,1980,"Austin, FL",A leading company in the aerospace sector.,https://novatechsolutionsgroup.com,+13208677465,9213 Pine Rd,Austin,OR,GB,36422,US/Central,False,"['upsell', 'webinar_attendee']",2025-06-08T02:59:22.951936,056273a6-60a0-4f5f-96b3-0a1f9b494aa8
72875592-c4f9-4d14-a38a-3d674a7f2f1c,fa6b3223-0c9a-40e9-b075-9220ef58763e,SwiftScale Inc,swiftscaleinc.com,Aerospace,1000+,335939593.3,2005,"Baltimore, OH",A leading company in the retail sector.,https://swiftscaleinc.com,+12484014871,6448 Main Ave,Baltimore,TX,MX,49139,US/Eastern,False,"['demo', 'pricing_page']",2025-04-02T02:53:37.952002,793561a3-4c41-4b4b-9ec6-6527903d3e02
dc06737d-a894-4169-acb2-4be7f20a933d,fa6b3223-0c9a-40e9-b075-9220ef58763e,Summit Analytics Group,summitanalyticsgroup.com,Real Estate,500+,11955073.02,1980,"San Francisco, OH",A leading company in the retail sector.,https://summitanalyticsgroup.com,+15695209531,3480 Elm Dr,San Francisco,FL,AU,70015,US/Pacific,False,['high_priority'],2026-06-11T23:43:34.952040,70a1a11d-5ed0-4a43-ae45-a3d2f63e8213
3e5eb9ac-a606-4472-9b12-c3f35e213e48,fa6b3223-0c9a-40e9-b075-9220ef58763e,Prism Technologies Co,prismtechnologiesco.com,Marketing,1-10,308204338.32,1980,"Virginia Beach, CA",A leading company in the aerospace sector.,https://prismtechnologiesco.com,+16509836069,283 Pine St,Virginia Beach,DC,BR,59993,US/Eastern,True,"['at_risk', 'churned']",2025-08-19T18:42:50.952069,40fd4c0b-aaa5-4aad-9d10-5269ef1b800f
1542b6cc-b924-4a83-bc4a-99c37f57e3af,fa6b3223-0c9a-40e9-b075-9220ef58763e,NovaTech Solutions Inc,novatechsolutionsinc.com,Media,1000+,11246146.62,1982,"Seattle, CA",A leading company in the consulting sector.,https://novatechsolutionsinc.com,+12609189931,7586 Oak St,Seattle,FL,US,72456,US/Eastern,True,[],2025-10-03T19:52:54.952097,b0e0e9fd-ef8b-47d5-b426-0e52c2535506
240b7f59-9e94-4e36-a5eb-ee05ae0c35d1,fa6b3223-0c9a-40e9-b075-9220ef58763e,Ruby Software Partners,rubysoftwarepartners.com,Legal,51-200,11328345.89,2016,"Atlanta, NM",A leading company in the finance sector.,https://rubysoftwarepartners.com,+19436452503,2611 Oak St,Atlanta,NV,IN,13918,UTC,False,"['content_downloader', 'nurture', 'vip']",2025-03-23T03:12:48.952127,c5b0aadb-faf1-42c1-9dd1-d8c4c6bf6834
17c53d4f-ad04-4735-bd62-3b590eb783b3,fa6b3223-0c9a-40e9-b075-9220ef58763e,Golden Ratio Corp,goldenratiocorp.com,Consulting,1000+,239611631.81,1997,"Tulsa, CA",A leading company in the legal sector.,https://goldenratiocorp.com,+12807753719,7439 Main St,Tulsa,KS,IN,83261,US/Pacific,False,[],2025-11-25T16:33:39.952159,c5b0aadb-faf1-42c1-9dd1-d8c4c6bf6834
58951707-4373-4d2c-849e-525900df640a,fa6b3223-0c9a-40e9-b075-9220ef58763e,Sapphire Tech Corp,sapphiretechcorp.com,Agriculture,500+,81989163.12,2022,"Milwaukee, MA",A leading company in the insurance sector.,https://sapphiretechcorp.com,+14322576648,5354 Pine Dr,Milwaukee,FL,MX,62662,US/Central,False,"['cross_sell', 'cold_lead']",2026-06-26T23:03:01.952191,3a7a726c-307e-4e71-8d43-f4ec0d020101
69337f15-a48d-4504-b264-43cf9e0198a6,fa6b3223-0c9a-40e9-b075-9220ef58763e,NovaTech Solutions Ltd,novatechsolutionsltd.com,Aerospace,51-200,442391934.61,2001,"Philadelphia, TX",A leading company in the telecommunications sector.,https://novatechsolutionsltd.com,+18231004315,8934 Oak St,Philadelphia,OK,JP,91928,US/Eastern,False,['existing_customer'],2025-06-27T10:48:01.952220,b0e0e9fd-ef8b-47d5-b426-0e52c2535506
90ff484d-35e5-4e7a-97be-6552c5e90b30,fa6b3223-0c9a-40e9-b075-9220ef58763e,Titan Industries Ltd,titanindustriesltd.com,Media,1-10,495252441.45,2014,"Philadelphia, IL",A leading company in the construction sector.,https://titanindustriesltd.com,+16740850673,166 Pine Rd,Philadelphia,VA,GB,39724,US/Central,False,"['bulk_order', 'demo']",2026-03-16T22:21:11.952248,793561a3-4c41-4b4b-9ec6-6527903d3e02
63cee9f1-4d1a-4957-b6a8-9f501e8549b3,fa6b3223-0c9a-40e9-b075-9220ef58763e,ClearView Corp LLC,clearviewcorpllc.com,Transportation,1000+,204028823.96,1986,"Kansas City, NC",A leading company in the telecommunications sector.,https://clearviewcorpllc.com,+16963698775,3185 Main Rd,Kansas City,TX,BR,28920,UTC,False,"['renewal', 'webinar_attendee']",2025-12-12T10:55:31.952276,77216429-0c61-4206-8455-fea64c0b6917
0ad769d4-d989-4f5c-b948-59b1ec42abb5,fa6b3223-0c9a-40e9-b075-9220ef58763e,Opal Solutions Inc,opalsolutionsinc.com,Technology,1-10,15597167.19,1987,"Fort Worth, OH",A leading company in the retail sector.,https://opalsolutionsinc.com,+19849725315,1268 Main Blvd,Fort Worth,MD,CA,65301,US/Central,False,[],2025-12-09T15:48:04.952304,3a7a726c-307e-4e71-8d43-f4ec0d020101
eb42726a-7872-443e-abec-427dab7b41d9,fa6b3223-0c9a-40e9-b075-9220ef58763e,NovaTech Solutions LLC,novatechsolutionsllc.com,Media,500+,294865913.68,2010,"Washington DC, FL",A leading company in the aerospace sector.,https://novatechsolutionsllc.com,+14548359539,8150 Main Dr,Washington DC,TN,AU,14068,US/Central,False,"['new_market', 'hot_lead', 'content_downloader']",2026-01-30T21:09:30.952336,73a569a6-1e94-43c5-ab7e-31c0c0b2a6fb
0cca6aee-391d-410a-a762-36fffde1c9e8,fa6b3223-0c9a-40e9-b075-9220ef58763e,Fusion Analytics Inc,fusionanalyticsinc.com,Finance,201-500,126115582.63,1985,"Tucson, PA",A leading company in the marketing sector.,https://fusionanalyticsinc.com,+19405720325,1640 Elm Dr,Tucson,TX,AU,41637,US/Pacific,True,"['new_market', 'seasonal']",2026-05-13T11:11:29.952368,70a1a11d-5ed0-4a43-ae45-a3d2f63e8213
1d3a9d9d-fbb3-448a-84b3-2068db07a387,fa6b3223-0c9a-40e9-b075-9220ef58763e,EverGreen Solutions Inc,evergreensolutionsinc.com,Manufacturing,500+,431365207.81,1981,"New York, CA",A leading company in the telecommunications sector.,https://evergreensolutionsinc.com,+16591747855,3069 Elm Blvd,New York,MN,MX,60879,UTC,True,[],2026-07-19T21:11:14.952401,02aa60b8-30fa-45cc-90ce-706799bfffeb
77be1261-650c-4702-beb7-30d5843270fd,fa6b3223-0c9a-40e9-b075-9220ef58763e,SwiftScale Corp,swiftscalecorp.com,Healthcare,51-200,300580117.86,2007,"Austin, CA",A leading company in the manufacturing sector.,https://swiftscalecorp.com,+12329942192,7999 Elm Ave,Austin,NY,IN,95704,US/Eastern,False,[],2025-12-11T09:57:28.952428,c7ad0281-d620-4eef-92e6-7a52117c0a8e
1afc76c8-2e82-48d7-a9f7-265b480a7ac2,fa6b3223-0c9a-40e9-b075-9220ef58763e,Sterling Finance Co,sterlingfinanceco.com,Automotive,201-500,114404825.46,2008,"Oakland, MN",A leading company in the education sector.,https://sterlingfinanceco.com,+12436101202,2380 Oak Rd,Oakland,KS,US,67422,US/Pacific,False,"['vip', 'seasonal', 'low_priority']",2026-02-18T02:25:13.952461,77216429-0c61-4206-8455-fea64c0b6917
3cc1a93a-e937-4adb-bdd4-2840f3728659,fa6b3223-0c9a-40e9-b075-9220ef58763e,IronClad Security Ltd,ironcladsecurityltd.com,Healthcare,51-200,218173747.99,2024,"Albuquerque, KY",A leading company in the finance sector.,https://ironcladsecurityltd.com,+12279925964,4405 Pine Dr,Albuquerque,NV,JP,41880,US/Eastern,True,['startup'],2025-08-15T10:27:42.952494,4f5c97d1-2a5a-4459-bb2c-75d59167674a
93cdde31-5722-44a8-8418-2da506bc021e,fa6b3223-0c9a-40e9-b075-9220ef58763e,Copper Systems Group,coppersystemsgroup.com,Insurance,51-200,238965976.41,2022,"Boston, FL",A leading company in the automotive sector.,https://coppersystemsgroup.com,+13774920001,9269 Main Ave,Boston,TX,GB,49366,US/Eastern,False,"['vip', 'demo', 'enterprise']",2026-07-12T03:44:59.952523,c5b0aadb-faf1-42c1-9dd1-d8c4c6bf6834
3820a91f-b06c-4faa-a629-a0fe5ea76e19,fa6b3223-0c9a-40e9-b075-9220ef58763e,Ember Labs Partners,emberlabspartners.com,Automotive,500+,4478302.57,1988,"Seattle, TN",A leading company in the marketing sector.,https://emberlabspartners.com,+15696187390,3598 Oak Dr,Seattle,NM,BR,38065,UTC,True,[],2025-07-04T07:55:45.952554,b0e0e9fd-ef8b-47d5-b426-0e52c2535506
611218f1-5304-4eb4-8753-c20bfbc64ae2,fa6b3223-0c9a-40e9-b075-9220ef58763e,Coral Health LLC,coralhealthllc.com,Finance,201-500,256716624.76,1984,"New Orleans, KS",A leading company in the retail sector.,https://coralhealthllc.com,+17356115503,6874 Pine Ave,New Orleans,CA,IN,17821,US/Pacific,True,"['webinar_attendee', 'vip']",2025-08-21T16:54:44.952582,3a7a726c-307e-4e71-8d43-f4ec0d020101
7a66d1a9-2eb7-4e75-9433-b2d44cd371aa,fa6b3223-0c9a-40e9-b075-9220ef58763e,SwiftScale Group,swiftscalegroup.com,Manufacturing,201-500,307467142.98,2012,"Charlotte, TN",A leading company in the retail sector.,https://swiftscalegroup.com,+17331517305,8640 Pine Dr,Charlotte,KS,CA,66720,UTC,False,[],2025-07-05T02:39:34.952613,73a569a6-1e94-43c5-ab7e-31c0c0b2a6fb
ea81456c-bd45-4821-b86a-89924ffa7116,fa6b3223-0c9a-40e9-b075-9220ef58763e,NovaTech Solutions Corp,novatechsolutionscorp.com,Legal,201-500,325100921.79,2001,"Las Vegas, DC",A leading company in the insurance sector.,https://novatechsolutionscorp.com,+14599725962,5148 Elm Rd,Las Vegas,AZ,IN,87274,US/Eastern,False,[],2026-06-21T15:46:25.952648,77216429-0c61-4206-8455-fea64c0b6917
07f4e0cd-e8d6-42a7-943b-9a88683795b8,fa6b3223-0c9a-40e9-b075-9220ef58763e,Ember Labs Group,emberlabsgroup.com,Finance,51-200,314579230.24,1997,"Miami, CO",A leading company in the aerospace sector.,https://emberlabsgroup.com,+14205542649,5229 Pine Ave,Miami,KS,DE,55680,US/Central,True,"['low_priority', 'win_back']",2026-04-02T13:26:51.952681,056273a6-60a0-4f5f-96b3-0a1f9b494aa8
c0b26b55-3a20-4d47-a25f-0525502eb1e6,fa6b3223-0c9a-40e9-b075-9220ef58763e,Sapphire Tech Ltd,sapphiretechltd.com,Real Estate,500+,445280670.35,1988,"Virginia Beach, KS",A leading company in the consulting sector.,https://sapphiretechltd.com,+17110865277,6022 Cedar Rd,Virginia Beach,TN,DE,70645,US/Eastern,True,"['churned', 'renewal']",2025-09-04T01:05:03.952709,e6daabab-f289-47f2-91c8-de431d5400de
2861585b-18f7-4c88-8334-ee624c932dcb,fa6b3223-0c9a-40e9-b075-9220ef58763e,Opal Solutions Co,opalsolutionsco.com,Retail,1000+,404798266.68,2003,"Oklahoma City, IN",A leading company in the hospitality sector.,https://opalsolutionsco.com,+18375206004,4535 Cedar Dr,Oklahoma City,CA,AU,29181,US/Central,False,"['hot_lead', 'webinar_attendee']",2026-03-14T03:25:33.952736,c5b0aadb-faf1-42c1-9dd1-d8c4c6bf6834
63d1b6c3-7fb2-42ee-9a36-d74ddd2e3e1b,fa6b3223-0c9a-40e9-b075-9220ef58763e,Pulse Digital Co,pulsedigitalco.com,Agriculture,201-500,467378771.86,2015,"San Francisco, CO",A leading company in the legal sector.,https://pulsedigitalco.com,+18490204149,6989 Oak Blvd,San Francisco,TX,IN,92327,US/Pacific,False,"['content_downloader', 'webinar_attendee', 'trial']",2025-06-07T08:23:39.952767,02aa60b8-30fa-45cc-90ce-706799bfffeb
b4b6134c-c44f-478f-9fcc-b13ac76c8f42,fa6b3223-0c9a-40e9-b075-9220ef58763e,SilverLine Corp Corp,silverlinecorpcorp.com,Healthcare,1-10,423594997.29,1997,"New Orleans, TX",A leading company in the insurance sector.,https://silverlinecorpcorp.com,+14298763735,2187 Main Dr,New Orleans,OH,US,96546,UTC,True,"['referral_partner', 'bulk_order']",2025-11-15T13:39:14.952794,3a7a726c-307e-4e71-8d43-f4ec0d020101
8b752bc9-41fc-4455-b311-5f451891d0d4,fa6b3223-0c9a-40e9-b075-9220ef58763e,Catalyst Group LLC,catalystgroupllc.com,Aerospace,500+,285330019.26,1997,"Charlotte, GA",A leading company in the transportation sector.,https://catalystgroupllc.com,+15611071065,2585 Main Rd,Charlotte,CO,AU,38819,US/Eastern,False,"['at_risk', 'new_market', 'referral_partner']",2025-02-22T09:08:48.952821,c5b0aadb-faf1-42c1-9dd1-d8c4c6bf6834
9585341b-7925-486f-bc71-cd4e6227c107,fa6b3223-0c9a-40e9-b075-9220ef58763e,Pearl Analytics Partners,pearlanalyticspartners.com,Legal,201-500,62325410.58,1995,"Raleigh, TN",A leading company in the marketing sector.,https://pearlanalyticspartners.com,+13039487339,2813 Oak Ave,Raleigh,WA,CA,10415,US/Eastern,False,"['existing_customer', 'referral_partner', 'webinar_attendee']",2026-05-07T11:04:34.952850,c7ad0281-d620-4eef-92e6-7a52117c0a8e
8c181287-e2b6-4da9-acbc-588a960378d2,fa6b3223-0c9a-40e9-b075-9220ef58763e,IronClad Security Co,ironcladsecurityco.com,Media,1000+,222094327.82,1989,"Philadelphia, TX",A leading company in the hospitality sector.,https://ironcladsecurityco.com,+19948207983,6328 Main Rd,Philadelphia,LA,FR,36886,US/Pacific,False,"['trial', 'vip']",2026-07-01T21:47:11.952877,70a1a11d-5ed0-4a43-ae45-a3d2f63e8213
14ef135d-e90d-44a2-9688-9b48712598a5,fa6b3223-0c9a-40e9-b075-9220ef58763e,Fusion Analytics Co,fusionanalyticsco.com,Aerospace,11-50,186511878.37,2025,"Baltimore, AZ",A leading company in the aerospace sector.,https://fusionanalyticsco.com,+19889596131,6287 Oak Dr,Baltimore,OH,DE,51184,US/Central,False,['seasonal'],2025-11-29T11:42:48.952907,3a7a726c-307e-4e71-8d43-f4ec0d020101
6d4962cc-4000-4cce-b613-579430b8aea6,fa6b3223-0c9a-40e9-b075-9220ef58763e,Sapphire Tech Ltd,sapphiretechltd.com,Automotive,11-50,322756353.85,1984,"Los Angeles, MD",A leading company in the technology sector.,https://sapphiretechltd.com,+17965150691,5755 Pine Dr,Los Angeles,CA,BR,67185,US/Pacific,False,[],2026-04-28T12:35:18.952941,d3f2a2a5-f425-4786-ac66-99c3ddb5fe75
f316a829-25f6-47b6-937c-6126ffda7047,fa6b3223-0c9a-40e9-b075-9220ef58763e,Summit Analytics Corp,summitanalyticscorp.com,Legal,201-500,79091194.95,1994,"Boston, CO",A leading company in the construction sector.,https://summitanalyticscorp.com,+18868104637,3306 Main Dr,Boston,MA,US,39960,UTC,False,['startup'],2025-03-28T12:25:24.952968,c5b0aadb-faf1-42c1-9dd1-d8c4c6bf6834
f6658d62-fae6-4a3b-9897-6cd561cb9609,fa6b3223-0c9a-40e9-b075-9220ef58763e,Ember Labs Corp,emberlabscorp.com,Manufacturing,51-200,70859937.56,2007,"Baltimore, WA",A leading company in the retail sector.,https://emberlabscorp.com,+12983928349,5205 Oak Rd,Baltimore,AZ,DE,22094,UTC,False,['cross_sell'],2026-06-01T18:43:03.952999,e4a0f782-d61b-4052-849d-5679c682e6e0
c6b44a2a-52ff-45e2-bf1a-7ab2bf7daee1,fa6b3223-0c9a-40e9-b075-9220ef58763e,Apex Innovations LLC,apexinnovationsllc.com,Real Estate,500+,356278905.45,1984,"Los Angeles, KS",A leading company in the education sector.,https://apexinnovationsllc.com,+17450503025,3028 Cedar St,Los Angeles,KS,BR,82540,US/Central,False,['new_market'],2025-08-15T12:15:02.953027,e6daabab-f289-47f2-91c8-de431d5400de
165505b1-438c-4cb5-8882-93a78709563d,fa6b3223-0c9a-40e9-b075-9220ef58763e,TechNova Solutions Corp,technovasolutionscorp.com,Legal,500+,406662217.48,2012,"Austin, CA",A leading company in the healthcare sector.,https://technovasolutionscorp.com,+13691382520,2836 Main Dr,Austin,CA,GB,41709,US/Central,False,"['pricing_page', 'renewal']",2026-05-16T09:41:01.953057,40fd4c0b-aaa5-4aad-9d10-5269ef1b800f
7d595300-a3a2-4d3d-8c6b-7aeaa85d76b9,fa6b3223-0c9a-40e9-b075-9220ef58763e,SilverLine Corp Partners,silverlinecorppartners.com,Retail,1000+,303025077.24,1982,"Indianapolis, AZ",A leading company in the hospitality sector.,https://silverlinecorppartners.com,+12583704324,4805 Elm Rd,Indianapolis,AZ,IN,82130,US/Pacific,False,"['churned', 'low_priority', 'demo']",2026-03-26T12:27:40.953089,77216429-0c61-4206-8455-fea64c0b6917
79f9b0a5-4319-4c47-9756-e1100a330c70,fa6b3223-0c9a-40e9-b075-9220ef58763e,EverGreen Solutions LLC,evergreensolutionsllc.com,Agriculture,11-50,402429120.42,1993,"Fresno, AZ",A leading company in the aerospace sector.,https://evergreensolutionsllc.com,+16272266644,4989 Main Rd,Fresno,TN,IN,59275,US/Central,False,"['high_priority', 'at_risk']",2025-02-21T11:09:20.953116,3a7a726c-307e-4e71-8d43-f4ec0d020101
daebc005-f174-46aa-8dc4-c595c0e32047,fa6b3223-0c9a-40e9-b075-9220ef58763e,Golden Ratio Partners,goldenratiopartners.com,Manufacturing,201-500,432605329.47,1988,"New Orleans, CA",A leading company in the consulting sector.,https://goldenratiopartners.com,+13702356557,2431 Main Ave,New Orleans,MD,FR,73802,US/Pacific,False,"['demo', 'at_risk', 'pricing_page']",2025-06-18T18:26:44.953144,73a569a6-1e94-43c5-ab7e-31c0c0b2a6fb
ee212b10-67ef-4c7e-bfda-30efb12aa8e2,fa6b3223-0c9a-40e9-b075-9220ef58763e,Catalyst Group LLC,catalystgroupllc.com,Education,51-200,187049119.19,2002,"Miami, WI",A leading company in the hospitality sector.,https://catalystgroupllc.com,+15745696297,1379 Cedar Blvd,Miami,TX,JP,82300,US/Pacific,True,"['startup', 'demo', 'trial']",2025-08-22T14:36:22.953172,e4a0f782-d61b-4052-849d-5679c682e6e0
ebc731e6-3bd1-4099-a902-796566605b2b,fa6b3223-0c9a-40e9-b075-9220ef58763e,Coral Health LLC,coralhealthllc.com,Education,11-50,372181639.64,2015,"New York, WA",A leading company in the healthcare sector.,https://coralhealthllc.com,+16400982167,3683 Cedar Blvd,New York,CA,BR,62876,US/Central,False,"['demo', 'referral_partner', 'trial']",2025-11-23T16:42:15.953199,73a569a6-1e94-43c5-ab7e-31c0c0b2a6fb
40895782-c2f8-42ec-8248-99c97b6422cf,fa6b3223-0c9a-40e9-b075-9220ef58763e,Crystal Corp Group,crystalcorpgroup.com,Education,201-500,379258315.81,2007,"Colorado Springs, LA",A leading company in the construction sector.,https://crystalcorpgroup.com,+16450255807,9078 Cedar Rd,Colorado Springs,AZ,GB,59535,US/Central,False,"['bulk_order', 'churned', 'upsell']",2025-07-02T08:29:04.953230,e6daabab-f289-47f2-91c8-de431d5400de
d0e12c86-23fd-4063-a39d-22d29608a2e8,fa6b3223-0c9a-40e9-b075-9220ef58763e,Pulse Digital Inc,pulsedigitalinc.com,Hospitality,51-200,197229983.11,1982,"Raleigh, IL",A leading company in the consulting sector.,https://pulsedigitalinc.com,+16346999657,2278 Oak Dr,Raleigh,KS,DE,64734,US/Eastern,False,"['at_risk', 'vip']",2025-04-13T09:15:21.953257,b0e0e9fd-ef8b-47d5-b426-0e52c2535506
177d34f3-e076-40ac-a3aa-7ece51e8570d,fa6b3223-0c9a-40e9-b075-9220ef58763e,CloudPeak Analytics Corp,cloudpeakanalyticscorp.com,Agriculture,1-10,109586270.92,1990,"Tampa, CA",A leading company in the agriculture sector.,https://cloudpeakanalyticscorp.com,+12490644268,7630 Pine Rd,Tampa,FL,AU,71463,US/Central,False,"['churned', 'win_back']",2026-01-05T22:29:01.953285,02aa60b8-30fa-45cc-90ce-706799bfffeb
66cca206-2845-47b8-abe7-baac618dcd9f,fa6b3223-0c9a-40e9-b075-9220ef58763e,Copper Systems Partners,coppersystemspartners.com,Automotive,500+,341316585.73,2018,"Tulsa, KS",A leading company in the marketing sector.,https://coppersystemspartners.com,+17266484133,464 Elm Dr,Tulsa,WA,AU,76694,US/Central,False,"['enterprise', 'existing_customer', 'cross_sell']",2025-10-26T07:11:03.953319,b0e0e9fd-ef8b-47d5-b426-0e52c2535506
f9623602-691d-4eee-a971-6c0fc01e4ad2,fa6b3223-0c9a-40e9-b075-9220ef58763e,RedRock Ventures Group,redrockventuresgroup.com,Marketing,11-50,232200571.56,1989,"Charlotte, TX",A leading company in the insurance sector.,https://redrockventuresgroup.com,+14172581952,6860 Elm Dr,Charlotte,KS,AU,49201,UTC,True,"['win_back', 'startup', 'trial']",2025-04-04T19:10:03.953347,3a7a726c-307e-4e71-8d43-f4ec0d020101
79de2361-52fb-4874-8067-549a4fa94e00,fa6b3223-0c9a-40e9-b075-9220ef58763e,BrightStar Inc LLC,brightstarincllc.com,Agriculture,1-10,166926237.61,2003,"Memphis, CA",A leading company in the consulting sector.,https://brightstarincllc.com,+13012247866,8158 Elm Rd,Memphis,OH,IN,66374,US/Eastern,True,['trial'],2025-07-19T01:04:43.953378,d3f2a2a5-f425-4786-ac66-99c3ddb5fe75
9df9e677-7ebb-474a-be38-73f6f6403846,fa6b3223-0c9a-40e9-b075-9220ef58763e,Ruby Software Ltd,rubysoftwareltd.com,Education,1-10,41201013.4,1980,"Philadelphia, CA",A leading company in the insurance sector.,https://rubysoftwareltd.com,+13840576540,1612 Oak St,Philadelphia,NY,BR,33274,UTC,True,"['win_back', 'seasonal']",2026-02-06T00:07:57.953406,c5b0aadb-faf1-42c1-9dd1-d8c4c6bf6834
e347d1ef-30e1-44e5-9ea5-3be6a58a1e3b,fa6b3223-0c9a-40e9-b075-9220ef58763e,CloudPeak Analytics LLC,cloudpeakanalyticsllc.com,Energy,1-10,19519176.69,2017,"Washington DC, PA",A leading company in the healthcare sector.,https://cloudpeakanalyticsllc.com,+14638670490,3249 Oak Dr,Washington DC,AZ,CA,45039,US/Central,False,[],2025-11-23T08:21:13.953433,c5b0aadb-faf1-42c1-9dd1-d8c4c6bf6834
2e824829-c575-4a17-9bbd-baf81b2503dc,fa6b3223-0c9a-40e9-b075-9220ef58763e,Nimbus Networks Group,nimbusnetworksgroup.com,Retail,1000+,388048779.85,2012,"San Francisco, TX",A leading company in the agriculture sector.,https://nimbusnetworksgroup.com,+14604827192,4748 Main Dr,San Francisco,OK,GB,71952,US/Pacific,False,"['cross_sell', 'churned']",2026-03-22T18:31:29.953459,e6daabab-f289-47f2-91c8-de431d5400de
361ae06d-9b77-4488-8b1d-03e4f35441e7,fa6b3223-0c9a-40e9-b075-9220ef58763e,Catalyst Group Co,catalystgroupco.com,Energy,11-50,120378605.52,1989,"Washington DC, OK",A leading company in the manufacturing sector.,https://catalystgroupco.com,+12158044711,1062 Cedar St,Washington DC,CA,CA,68840,US/Eastern,True,[],2025-11-21T15:25:16.953485,40fd4c0b-aaa5-4aad-9d10-5269ef1b800f
7baee168-db99-4c82-9468-2970df04f2b0,fa6b3223-0c9a-40e9-b075-9220ef58763e,Horizon Media Group,horizonmediagroup.com,Agriculture,201-500,204969788.24,2021,"Indianapolis, VA",A leading company in the insurance sector.,https://horizonmediagroup.com,+19427632496,5056 Oak Dr,Indianapolis,CA,US,57737,US/Eastern,False,"['startup', 'enterprise']",2025-03-09T12:29:18.953517,3a7a726c-307e-4e71-8d43-f4ec0d020101
8430fff3-5a91-4bfd-821a-fa8986494b11,fa6b3223-0c9a-40e9-b075-9220ef58763e,Zenith Partners Co,zenithpartnersco.com,Telecommunications,1000+,483277936.73,2025,"Tucson, TN",A leading company in the telecommunications sector.,https://zenithpartnersco.com,+16865782420,5456 Elm Blvd,Tucson,LA,MX,34112,UTC,False,['upsell'],2026-04-06T06:42:03.953544,4f5c97d1-2a5a-4459-bb2c-75d59167674a
7d647037-6336-4f79-b759-b539d5e77bca,fa6b3223-0c9a-40e9-b075-9220ef58763e,Sterling Finance LLC,sterlingfinancellc.com,Manufacturing,11-50,256416566.3,2011,"Chicago, WA",A leading company in the real estate sector.,https://sterlingfinancellc.com,+15095745383,6946 Main St,Chicago,FL,AU,54952,US/Central,False,[],2026-06-14T21:33:02.953571,c7ad0281-d620-4eef-92e6-7a52117c0a8e
5fc5cda2-eb5d-45b5-88f5-e96e6b719ef3,fa6b3223-0c9a-40e9-b075-9220ef58763e,Forge Industries LLC,forgeindustriesllc.com,Construction,51-200,265458006.26,2013,"Oklahoma City, CO",A leading company in the aerospace sector.,https://forgeindustriesllc.com,+12844652615,745 Elm Rd,Oklahoma City,GA,FR,80620,US/Pacific,True,"['vip', 'content_downloader']",2025-04-10T20:35:00.953603,b0e0e9fd-ef8b-47d5-b426-0e52c2535506
57391a98-e3b0-4f2e-b1de-70d8897a901b,fa6b3223-0c9a-40e9-b075-9220ef58763e,EverGreen Solutions Ltd,evergreensolutionsltd.com,Automotive,11-50,461548602.54,2017,"Omaha, NC",A leading company in the telecommunications sector.,https://evergreensolutionsltd.com,+13136880008,734 Oak Rd,Omaha,CA,IN,44782,UTC,False,[],2025-09-20T19:39:49.953638,c7ad0281-d620-4eef-92e6-7a52117c0a8e
42b01df8-09f5-4b8b-8262-b8bfa563924c,fa6b3223-0c9a-40e9-b075-9220ef58763e,ClearView Corp Inc,clearviewcorpinc.com,Healthcare,1-10,401205469.16,1997,"Louisville, CA",A leading company in the insurance sector.,https://clearviewcorpinc.com,+16036912367,367 Cedar Blvd,Louisville,KS,MX,96941,UTC,False,['new_market'],2025-11-26T07:31:32.953673,b0e0e9fd-ef8b-47d5-b426-0e52c2535506
54032aef-ce6c-4d80-a244-eceaa357ffa6,fa6b3223-0c9a-40e9-b075-9220ef58763e,Catalyst Group Ltd,catalystgroupltd.com,Energy,11-50,272554374.16,1992,"Atlanta, NY",A leading company in the media sector.,https://catalystgroupltd.com,+12342209638,4123 Elm St,Atlanta,TX,GB,43841,US/Eastern,False,"['content_downloader', 'nurture']",2026-04-17T10:44:15.953704,40fd4c0b-aaa5-4aad-9d10-5269ef1b800f
e6609668-7067-499d-b320-19a5b585901e,fa6b3223-0c9a-40e9-b075-9220ef58763e,Apex Innovations Corp,apexinnovationscorp.com,Consulting,51-200,498942646.86,2024,"San Antonio, GA",A leading company in the finance sector.,https://apexinnovationscorp.com,+16622354491,2648 Main St,San Antonio,IN,CA,45396,US/Eastern,True,"['trial', 'hot_lead', 'low_priority']",2026-08-06T20:14:52.953732,77216429-0c61-4206-8455-fea64c0b6917
51c1c1ed-5c5e-4008-bd1b-556fa5995484,fa6b3223-0c9a-40e9-b075-9220ef58763e,SilverLine Corp Ltd,silverlinecorpltd.com,Aerospace,51-200,392759226.61,2002,"Virginia Beach, PA",A leading company in the transportation sector.,https://silverlinecorpltd.com,+12757625962,3201 Cedar Blvd,Virginia Beach,FL,US,91309,UTC,False,['cold_lead'],2026-01-21T09:08:41.953759,77216429-0c61-4206-8455-fea64c0b6917
ee29f385-35b1-4807-af5e-09bed7db3d4e,fa6b3223-0c9a-40e9-b075-9220ef58763e,Titan Industries Group,titanindustriesgroup.com,Agriculture,1000+,175723722.67,2001,"Fort Worth, OR",A leading company in the media sector.,https://titanindustriesgroup.com,+16739794425,8495 Elm Ave,Fort Worth,TX,DE,91405,US/Pacific,False,[],2025-09-26T03:13:42.953786,e4a0f782-d61b-4052-849d-5679c682e6e0
c8d2c571-9b42-4aff-8b4a-5e23b4111ecb,fa6b3223-0c9a-40e9-b075-9220ef58763e,Golden Ratio Ltd,goldenratioltd.com,Telecommunications,201-500,161140891.66,2003,"Atlanta, TX",A leading company in the healthcare sector.,https://goldenratioltd.com,+12156248684,3181 Main Rd,Atlanta,TX,US,97107,US/Central,False,"['bulk_order', 'vip', 'trial']",2026-05-25T06:24:35.953814,02aa60b8-30fa-45cc-90ce-706799bfffeb
b11fa551-20d9-44c5-8f7e-0e91bbece291,fa6b3223-0c9a-40e9-b075-9220ef58763e,IronClad Security Group,ironcladsecuritygroup.com,Insurance,1-10,296463107.07,2010,"Mesa, AZ",A leading company in the insurance sector.,https://ironcladsecuritygroup.com,+19412699859,5682 Main Rd,Mesa,IL,AU,42248,US/Central,False,"['cross_sell', 'enterprise', 'hot_lead']",2025-04-02T14:14:13.953846,793561a3-4c41-4b4b-9ec6-6527903d3e02
c748e621-1237-4ec1-82c8-a8e207290591,fa6b3223-0c9a-40e9-b075-9220ef58763e,GreenField Capital Partners,greenfieldcapitalpartners.com,Hospitality,11-50,140370007.79,2006,"San Francisco, AZ",A leading company in the construction sector.,https://greenfieldcapitalpartners.com,+13562445716,8263 Pine Blvd,San Francisco,TN,US,13427,US/Central,False,[],2025-06-25T22:25:11.953873,70a1a11d-5ed0-4a43-ae45-a3d2f63e8213
ea3a3cfd-5c5e-4103-abf0-4ffccbeb6952,fa6b3223-0c9a-40e9-b075-9220ef58763e,Sapphire Tech Co,sapphiretechco.com,Transportation,1-10,47623874.87,1996,"San Antonio, KS",A leading company in the energy sector.,https://sapphiretechco.com,+17662105730,2127 Oak Rd,San Antonio,OH,MX,20333,US/Eastern,True,"['new_market', 'startup']",2025-12-06T23:25:04.953901,793561a3-4c41-4b4b-9ec6-6527903d3e02
f755d989-01c7-486f-bc9f-f0a71ea8f1df,fa6b3223-0c9a-40e9-b075-9220ef58763e,Vanguard Systems Inc,vanguardsystemsinc.com,Healthcare,51-200,459423214.99,2006,"Las Vegas, PA",A leading company in the energy sector.,https://vanguardsystemsinc.com,+17450520455,952 Oak St,Las Vegas,TX,MX,10525,UTC,False,[],2026-05-31T16:27:18.953928,3a7a726c-307e-4e71-8d43-f4ec0d020101
b8788630-57de-48e5-b50c-bdf87714dcc2,fa6b3223-0c9a-40e9-b075-9220ef58763e,Jade Consulting Inc,jadeconsultinginc.com,Retail,500+,469831602.53,1995,"San Francisco, PA",A leading company in the energy sector.,https://jadeconsultinginc.com,+12723185774,9422 Main St,San Francisco,NM,DE,26601,US/Eastern,False,['content_downloader'],2025-02-10T22:20:52.953955,e4a0f782-d61b-4052-849d-5679c682e6e0
7d592dbe-0ce1-4f6e-b941-4435e850c8cc,fa6b3223-0c9a-40e9-b075-9220ef58763e,Atlas Computing Group,atlascomputinggroup.com,Real Estate,201-500,273804507.16,1983,"Tampa, KY",A leading company in the real estate sector.,https://atlascomputinggroup.com,+18928890173,6464 Oak Rd,Tampa,CO,AU,27853,US/Pacific,False,"['existing_customer', 'cross_sell', 'upsell']",2025-10-19T01:44:55.953993,b0e0e9fd-ef8b-47d5-b426-0e52c2535506
cfef8bb0-1fe9-4098-8306-240ab9bb2179,fa6b3223-0c9a-40e9-b075-9220ef58763e,SilverLine Corp Partners,silverlinecorppartners.com,Legal,1000+,302647697.42,1980,"Memphis, CA",A leading company in the hospitality sector.,https://silverlinecorppartners.com,+14537197656,4244 Oak Rd,Memphis,FL,MX,25725,US/Eastern,True,[],2025-09-29T12:24:32.954021,40fd4c0b-aaa5-4aad-9d10-5269ef1b800f
7157e819-8036-4fc3-95c9-37a593b3305a,fa6b3223-0c9a-40e9-b075-9220ef58763e,CloudPeak Analytics Partners,cloudpeakanalyticspartners.com,Hospitality,11-50,482611686.1,1997,"Phoenix, CA",A leading company in the automotive sector.,https://cloudpeakanalyticspartners.com,+16307069071,3543 Main St,Phoenix,TN,CA,54742,US/Eastern,False,['bulk_order'],2025-06-11T16:43:58.954052,d3f2a2a5-f425-4786-ac66-99c3ddb5fe75
5edd9e50-c970-45d7-871e-fd1b54c91ebf,fa6b3223-0c9a-40e9-b075-9220ef58763e,EverGreen Solutions Ltd,evergreensolutionsltd.com,Construction,1000+,137568542.22,2022,"Virginia Beach, TX",A leading company in the manufacturing sector.,https://evergreensolutionsltd.com,+12888119638,5886 Oak Ave,Virginia Beach,AZ,BR,45900,US/Pacific,True,[],2026-04-24T20:11:07.954080,02aa60b8-30fa-45cc-90ce-706799bfffeb
04c1c3a8-8da9-452e-97cc-cb17e6171f5e,fa6b3223-0c9a-40e9-b075-9220ef58763e,NexGen Software Co,nexgensoftwareco.com,Telecommunications,500+,144571997.62,2006,"Houston, CA",A leading company in the consulting sector.,https://nexgensoftwareco.com,+12604292717,4676 Oak Dr,Houston,KS,US,72027,UTC,False,"['cross_sell', 'churned']",2025-09-22T19:40:01.954108,c7ad0281-d620-4eef-92e6-7a52117c0a8e
a73539b5-cd02-40b9-a3e8-da5258602ff0,fa6b3223-0c9a-40e9-b075-9220ef58763e,Titan Industries Co,titanindustriesco.com,Agriculture,201-500,134856264.64,2010,"Seattle, NC",A leading company in the telecommunications sector.,https://titanindustriesco.com,+15886114514,380 Oak Dr,Seattle,OR,DE,82318,US/Eastern,True,"['low_priority', 'upsell']",2025-05-17T13:12:11.954146,b0e0e9fd-ef8b-47d5-b426-0e52c2535506
7529cd5a-6f75-4597-ab4e-88204374ccb3,fa6b3223-0c9a-40e9-b075-9220ef58763e,Copper Systems Group,coppersystemsgroup.com,Hospitality,1-10,31530738.62,1986,"Washington DC, IN",A leading company in the consulting sector.,https://coppersystemsgroup.com,+17377723260,4102 Cedar Rd,Washington DC,KS,JP,33979,US/Pacific,False,[],2025-07-07T04:01:10.954173,d3f2a2a5-f425-4786-ac66-99c3ddb5fe75
56e8e15c-fa26-4586-b947-c4ce1f5e0085,fa6b3223-0c9a-40e9-b075-9220ef58763e,Golden Ratio Partners,goldenratiopartners.com,Insurance,201-500,283997134.13,1980,"Wichita, NM",A leading company in the real estate sector.,https://goldenratiopartners.com,+12804756055,5119 Elm Blvd,Wichita,MN,FR,86833,US/Eastern,False,"['hot_lead', 'webinar_attendee']",2026-06-04T02:02:55.954201,c7ad0281-d620-4eef-92e6-7a52117c0a8e
ff198bcf-051e-4901-9c3b-99220f92cdd7,fa6b3223-0c9a-40e9-b075-9220ef58763e,Catalyst Group Corp,catalystgroupcorp.com,Energy,51-200,235718346.11,1995,"Chicago, CA",A leading company in the energy sector.,https://catalystgroupcorp.com,+14118065477,7158 Cedar St,Chicago,MN,CA,23525,US/Eastern,True,[],2025-09-02T20:18:46.954227,3a7a726c-307e-4e71-8d43-f4ec0d020101
bd04a914-600e-4bd0-b880-b3f72485e2d4,fa6b3223-0c9a-40e9-b075-9220ef58763e,Jade Consulting Partners,jadeconsultingpartners.com,Education,1000+,494887807.29,2015,"Phoenix, MD",A leading company in the manufacturing sector.,https://jadeconsultingpartners.com,+17243004691,3614 Oak Blvd,Phoenix,TX,US,43614,UTC,False,"['hot_lead', 'upsell', 'churned']",2026-05-11T10:55:10.954255,c5b0aadb-faf1-42c1-9dd1-d8c4c6bf6834
df123c53-10b7-4964-84b3-34a5e9b7f3bc,fa6b3223-0c9a-40e9-b075-9220ef58763e,Sterling Finance LLC,sterlingfinancellc.com,Education,1-10,402717630.99,2018,"Raleigh, CA",A leading company in the marketing sector.,https://sterlingfinancellc.com,+12189711086,4639 Cedar Ave,Raleigh,VA,US,74166,US/Eastern,False,"['hot_lead', 'startup']",2026-07-06T00:31:44.954283,c7ad0281-d620-4eef-92e6-7a52117c0a8e
ec3d7d84-078a-46fe-a5da-922028897c10,fa6b3223-0c9a-40e9-b075-9220ef58763e,Pearl Analytics Corp,pearlanalyticscorp.com,Media,1000+,174511958.14,2002,"New York, LA",A leading company in the telecommunications sector.,https://pearlanalyticscorp.com,+18684201153,2791 Main St,New York,FL,MX,12799,US/Central,True,['renewal'],2025-03-23T09:50:18.954317,c7ad0281-d620-4eef-92e6-7a52117c0a8e
9c8e1fd7-3dcc-4601-9843-fa68feccd16f,fa6b3223-0c9a-40e9-b075-9220ef58763e,Forge Industries LLC,forgeindustriesllc.com,Consulting,201-500,30684515.88,2008,"Dallas, NC",A leading company in the aerospace sector.,https://forgeindustriesllc.com,+12577737703,2031 Oak Blvd,Dallas,FL,FR,66599,US/Eastern,False,['high_priority'],2026-02-27T03:35:04.954344,02aa60b8-30fa-45cc-90ce-706799bfffeb
59efe1a4-5e59-4c67-ad20-7de8a0cbfcfa,fa6b3223-0c9a-40e9-b075-9220ef58763e,NovaTech Solutions Inc,novatechsolutionsinc.com,Retail,1000+,421461710.15,2006,"Sacramento, TX",A leading company in the finance sector.,https://novatechsolutionsinc.com,+15283148422,3569 Main Ave,Sacramento,TN,CA,66966,US/Eastern,False,['upsell'],2026-07-22T23:30:49.954371,e4a0f782-d61b-4052-849d-5679c682e6e0
d4427d75-803d-4dff-a7c4-16f17be078f9,fa6b3223-0c9a-40e9-b075-9220ef58763e,Platinum Partners Group,platinumpartnersgroup.com,Automotive,51-200,443199781.05,1990,"Colorado Springs, NE",A leading company in the insurance sector.,https://platinumpartnersgroup.com,+19131864578,3632 Elm Dr,Colorado Springs,FL,MX,68336,US/Central,False,['bulk_order'],2025-02-25T10:27:10.954398,3a7a726c-307e-4e71-8d43-f4ec0d020101
859f6f42-8fbf-4864-904e-88dfa26aecee,fa6b3223-0c9a-40e9-b075-9220ef58763e,Prism Technologies Ltd,prismtechnologiesltd.com,Insurance,201-500,463627422.44,2017,"Wichita, CA",A leading company in the manufacturing sector.,https://prismtechnologiesltd.com,+15869039451,3864 Cedar St,Wichita,GA,BR,61721,US/Eastern,True,['new_market'],2025-09-30T07:54:36.954425,c7ad0281-d620-4eef-92e6-7a52117c0a8e
7b0796a4-5f23-45ae-abea-4387908b6aef,fa6b3223-0c9a-40e9-b075-9220ef58763e,NexGen Software Group,nexgensoftwaregroup.com,Insurance,1-10,120785292.33,2015,"Omaha, PA",A leading company in the energy sector.,https://nexgensoftwaregroup.com,+18550150980,1632 Pine Blvd,Omaha,OK,JP,27849,US/Eastern,True,"['at_risk', 'cold_lead', 'renewal']",2025-05-07T22:09:54.954461,02aa60b8-30fa-45cc-90ce-706799bfffeb
e29c67ca-cb89-47d0-95a5-334e3acd8202,fa6b3223-0c9a-40e9-b075-9220ef58763e,Topaz Digital Ltd,topazdigitalltd.com,Media,1000+,316945544.89,1985,"Phoenix, TX",A leading company in the energy sector.,https://topazdigitalltd.com,+13979547011,4627 Pine St,Phoenix,IL,US,13581,UTC,False,[],2025-05-01T15:02:55.954487,02aa60b8-30fa-45cc-90ce-706799bfffeb
829e852f-7d68-409f-a1d4-6bae77d3bda5,fa6b3223-0c9a-40e9-b075-9220ef58763e,Silver Stream Partners,silverstreampartners.com,Automotive,1-10,41362171.56,1992,"Miami, NM",A leading company in the education sector.,https://silverstreampartners.com,+18180367971,8931 Pine St,Miami,FL,MX,13387,US/Eastern,False,"['webinar_attendee', 'win_back']",2025-06-02T21:39:27.954515,793561a3-4c41-4b4b-9ec6-6527903d3e02
80bb26ae-b0e0-4a72-a800-dd2069e6fce5,fa6b3223-0c9a-40e9-b075-9220ef58763e,Prism Technologies Co,prismtechnologiesco.com,Legal,11-50,42565967.61,1989,"Denver, NE",A leading company in the automotive sector.,https://prismtechnologiesco.com,+14319339701,4805 Elm Rd,Denver,KS,CA,29736,US/Eastern,False,"['low_priority', 'referral_partner']",2025-03-20T14:44:36.954542,3a7a726c-307e-4e71-8d43-f4ec0d020101
0465128e-4f75-454f-b530-819a29a26362,fa6b3223-0c9a-40e9-b075-9220ef58763e,Cobalt Systems Inc,cobaltsystemsinc.com,Media,201-500,13174364.26,2018,"Fresno, TX",A leading company in the technology sector.,https://cobaltsystemsinc.com,+14843427773,4124 Elm Blvd,Fresno,FL,AU,21624,US/Central,False,"['low_priority', 'cold_lead']",2026-03-26T17:03:33.954568,70a1a11d-5ed0-4a43-ae45-a3d2f63e8213
6223c4b8-18db-47ad-9d97-7f9974b14498,fa6b3223-0c9a-40e9-b075-9220ef58763e,SilverLine Corp LLC,silverlinecorpllc.com,Manufacturing,51-200,255865701.71,2000,"Memphis, MA",A leading company in the healthcare sector.,https://silverlinecorpllc.com,+13572862751,2889 Cedar Dr,Memphis,FL,US,82422,UTC,False,[],2026-03-28T10:52:37.954598,c7ad0281-d620-4eef-92e6-7a52117c0a8e
877c817e-7094-4edb-9b68-1f8315bb41d7,fa6b3223-0c9a-40e9-b075-9220ef58763e,EverGreen Solutions Group,evergreensolutionsgroup.com,Insurance,201-500,309064646.25,1981,"Raleigh, KS",A leading company in the aerospace sector.,https://evergreensolutionsgroup.com,+19639088127,8715 Oak Ave,Raleigh,AZ,US,45102,UTC,False,"['upsell', 'low_priority', 'hot_lead']",2026-07-31T03:29:16.954638,056273a6-60a0-4f5f-96b3-0a1f9b494aa8
c3a8a456-283d-46c9-8df8-7d74f2828b2b,fa6b3223-0c9a-40e9-b075-9220ef58763e,Opal Solutions Partners,opalsolutionspartners.com,Retail,500+,474225187.41,2011,"San Francisco, IN",A leading company in the construction sector.,https://opalsolutionspartners.com,+12832606054,3175 Cedar St,San Francisco,NV,FR,41749,US/Eastern,False,['seasonal'],2026-03-22T01:50:48.954669,793561a3-4c41-4b4b-9ec6-6527903d3e02
da2b0657-7d59-423c-aa40-b9bbf3bc3f29,fa6b3223-0c9a-40e9-b075-9220ef58763e,Prism Technologies Partners,prismtechnologiespartners.com,Construction,500+,322610780.23,2022,"Austin, FL",A leading company in the consulting sector.,https://prismtechnologiespartners.com,+13750805692,2698 Main Ave,Austin,TN,GB,58268,US/Pacific,True,"['upsell', 'startup']",2026-05-24T04:47:29.954697,b0e0e9fd-ef8b-47d5-b426-0e52c2535506
3c487ec8-df9e-4341-9186-24a1c132915c,fa6b3223-0c9a-40e9-b075-9220ef58763e,Fusion Analytics Corp,fusionanalyticscorp.com,Hospitality,11-50,177370307.36,2003,"Miami, LA",A leading company in the consulting sector.,https://fusionanalyticscorp.com,+12181759574,6707 Oak Blvd,Miami,OK,JP,99546,US/Eastern,True,[],2025-05-02T20:24:46.954723,3a7a726c-307e-4e71-8d43-f4ec0d020101
ea619bc6-4439-4b78-856d-6d41c6ed021a,fa6b3223-0c9a-40e9-b075-9220ef58763e,Vanguard Systems Ltd,vanguardsystemsltd.com,Consulting,500+,287875919.39,2013,"Seattle, CA",A leading company in the technology sector.,https://vanguardsystemsltd.com,+15315873227,1885 Pine Ave,Seattle,GA,JP,77993,US/Eastern,False,"['trial', 'bulk_order']",2025-06-22T20:15:42.954754,70a1a11d-5ed0-4a43-ae45-a3d2f63e8213
e6d78849-c9cc-4f17-8863-d13b78726911,fa6b3223-0c9a-40e9-b075-9220ef58763e,Titan Industries Inc,titanindustriesinc.com,Energy,1-10,144883611.14,2020,"Oakland, TX",A leading company in the consulting sector.,https://titanindustriesinc.com,+13025711675,3641 Oak Blvd,Oakland,TX,JP,43779,US/Central,False,[],2026-03-16T11:23:07.954780,e6daabab-f289-47f2-91c8-de431d5400de
09cf40c8-4c5b-4672-9708-24c37e742e18,fa6b3223-0c9a-40e9-b075-9220ef58763e,RedRock Ventures Co,redrockventuresco.com,Finance,1-10,355667201.4,2009,"San Antonio, AZ",A leading company in the telecommunications sector.,https://redrockventuresco.com,+19392719866,2127 Cedar St,San Antonio,NE,DE,41600,UTC,False,['high_priority'],2025-09-14T08:12:41.954806,3a7a726c-307e-4e71-8d43-f4ec0d020101
d2e350e1-e730-4484-b0d0-592ad7f97cf1,fa6b3223-0c9a-40e9-b075-9220ef58763e,Crystal Clear Corp,crystalclearcorp.com,Healthcare,201-500,427414024.97,1984,"Charlotte, PA",A leading company in the aerospace sector.,https://crystalclearcorp.com,+19564956047,8237 Pine Dr,Charlotte,TX,BR,75625,US/Pacific,False,[],2025-02-15T10:02:10.954836,c7ad0281-d620-4eef-92e6-7a52117c0a8e
7b5651c1-5b3e-4006-8c82-caa2066d2a7e,fa6b3223-0c9a-40e9-b075-9220ef58763e,DataFlow Systems Co,dataflowsystemsco.com,Automotive,1-10,167327511.24,2006,"Los Angeles, CA",A leading company in the insurance sector.,https://dataflowsystemsco.com,+16844323732,9884 Cedar St,Los Angeles,IN,IN,53758,US/Pacific,False,"['upsell', 'bulk_order', 'cross_sell']",2025-06-07T18:26:06.954863,e4a0f782-d61b-4052-849d-5679c682e6e0
a173f449-372b-40c1-846b-26ad15397f62,fa6b3223-0c9a-40e9-b075-9220ef58763e,TechNova Solutions Group,technovasolutionsgroup.com,Real Estate,201-500,183984027.98,2002,"Oakland, TX",A leading company in the healthcare sector.,https://technovasolutionsgroup.com,+12327499589,9990 Main St,Oakland,AZ,MX,47596,UTC,False,['renewal'],2026-03-18T22:35:58.954895,4f5c97d1-2a5a-4459-bb2c-75d59167674a
47c2664f-bc2f-4823-9a3d-781be17999eb,fa6b3223-0c9a-40e9-b075-9220ef58763e,Sterling Finance Co,sterlingfinanceco.com,Automotive,11-50,378272767.79,2006,"Los Angeles, TX",A leading company in the retail sector.,https://sterlingfinanceco.com,+19795135511,2683 Oak Rd,Los Angeles,NE,JP,29383,UTC,True,"['trial', 'content_downloader']",2025-04-24T06:39:53.954922,056273a6-60a0-4f5f-96b3-0a1f9b494aa8
06f07e05-267d-4abc-a99e-9c876abd4e68,fa6b3223-0c9a-40e9-b075-9220ef58763e,CloudPeak Analytics Partners,cloudpeakanalyticspartners.com,Consulting,11-50,259864137.62,2006,"Arlington, TX",A leading company in the healthcare sector.,https://cloudpeakanalyticspartners.com,+15563032191,448 Pine Ave,Arlington,AZ,IN,66186,US/Pacific,False,[],2026-07-21T06:48:05.954954,c5b0aadb-faf1-42c1-9dd1-d8c4c6bf6834
56780120-31ea-4b71-a1a8-564f00cbcbae,fa6b3223-0c9a-40e9-b075-9220ef58763e,Bronze Gate LLC,bronzegatellc.com,Technology,1-10,471926785.46,1983,"Louisville, AZ",A leading company in the real estate sector.,https://bronzegatellc.com,+13551866607,6618 Cedar St,Louisville,LA,US,60631,US/Eastern,False,[],2025-12-30T11:03:24.954989,c5b0aadb-faf1-42c1-9dd1-d8c4c6bf6834
8dbf28cc-f980-4771-9ac1-14c6db2b4136,fa6b3223-0c9a-40e9-b075-9220ef58763e,Zenith Partners Co,zenithpartnersco.com,Legal,51-200,177929879.8,2007,"Columbus, CA",A leading company in the insurance sector.,https://zenithpartnersco.com,+12787713745,9472 Main Dr,Columbus,FL,BR,65636,US/Eastern,False,"['cross_sell', 'bulk_order']",2025-03-18T07:31:26.955016,c7ad0281-d620-4eef-92e6-7a52117c0a8e
dba737eb-f848-4fa0-abd5-50c4a4c7a949,fa6b3223-0c9a-40e9-b075-9220ef58763e,Vanguard Systems Group,vanguardsystemsgroup.com,Construction,201-500,390132619.88,2001,"New York, DC",A leading company in the marketing sector.,https://vanguardsystemsgroup.com,+18343180846,9115 Cedar Ave,New York,TN,US,37782,US/Eastern,False,[],2025-03-31T07:02:16.955043,793561a3-4c41-4b4b-9ec6-6527903d3e02
1a96df7d-472c-4fdc-8f0b-b8de35533dc3,fa6b3223-0c9a-40e9-b075-9220ef58763e,NovaTech Solutions Ltd,novatechsolutionsltd.com,Technology,500+,411137318.89,2012,"Minneapolis, MA",A leading company in the automotive sector.,https://novatechsolutionsltd.com,+18789671664,1162 Pine Blvd,Minneapolis,KS,GB,12067,US/Pacific,False,['webinar_attendee'],2026-04-12T02:02:37.955070,70a1a11d-5ed0-4a43-ae45-a3d2f63e8213
91901804-5bd2-49e9-9fae-789d37e4f9b5,fa6b3223-0c9a-40e9-b075-9220ef58763e,Crystal Corp Ltd,crystalcorpltd.com,Consulting,500+,320892572.27,2018,"Wichita, TX",A leading company in the telecommunications sector.,https://crystalcorpltd.com,+16680031213,8655 Pine Ave,Wichita,CA,AU,85927,US/Pacific,False,['cold_lead'],2026-01-09T23:53:25.955098,c5b0aadb-faf1-42c1-9dd1-d8c4c6bf6834
ac4875a8-b88f-4353-8b81-edb84ef7374e,fa6b3223-0c9a-40e9-b075-9220ef58763e,Prism Technologies Inc,prismtechnologiesinc.com,Construction,51-200,284762292.88,1992,"Wichita, FL",A leading company in the real estate sector.,https://prismtechnologiesinc.com,+12465380627,3754 Pine Ave,Wichita,KS,IN,62980,UTC,False,[],2026-06-04T08:57:01.955126,3a7a726c-307e-4e71-8d43-f4ec0d020101
f26d04be-0df9-40d4-9acb-c1af27f0b036,fa6b3223-0c9a-40e9-b075-9220ef58763e,Opal Solutions Inc,opalsolutionsinc.com,Media,1-10,320985880.85,1991,"Milwaukee, TX",A leading company in the real estate sector.,https://opalsolutionsinc.com,+17624267222,3837 Cedar Rd,Milwaukee,NC,AU,97837,US/Central,False,['win_back'],2025-02-22T13:40:21.955153,b0e0e9fd-ef8b-47d5-b426-0e52c2535506
37c9e4f2-29fa-43c2-a88b-23325881aa01,fa6b3223-0c9a-40e9-b075-9220ef58763e,TechNova Solutions Corp,technovasolutionscorp.com,Education,11-50,451129141.05,2016,"Memphis, NC",A leading company in the media sector.,https://technovasolutionscorp.com,+13466042991,9098 Oak Dr,Memphis,CO,AU,81368,US/Eastern,False,"['startup', 'new_market']",2026-03-04T00:09:57.955181,3a7a726c-307e-4e71-8d43-f4ec0d020101
382ee394-74bb-433a-be02-76f27e7bb58c,fa6b3223-0c9a-40e9-b075-9220ef58763e,Apex Health Ltd,apexhealthltd.com,Finance,11-50,7515802.63,2010,"Miami, KY",A leading company in the education sector.,https://apexhealthltd.com,+19181235201,2487 Oak Rd,Miami,TN,MX,54151,UTC,True,['upsell'],2026-03-20T23:01:16.955213,02aa60b8-30fa-45cc-90ce-706799bfffeb
b4458716-5460-47c6-b4da-e66fce279632,fa6b3223-0c9a-40e9-b075-9220ef58763e,Catalyst Group Group,catalystgroupgroup.com,Consulting,500+,135987132.79,1982,"Wichita, CA",A leading company in the retail sector.,https://catalystgroupgroup.com,+18349754068,3765 Main St,Wichita,VA,JP,66917,US/Pacific,False,"['startup', 'enterprise', 'hot_lead']",2026-03-08T21:39:12.955246,c7ad0281-d620-4eef-92e6-7a52117c0a8e
c43f7ae0-4316-4a43-a745-63c587817c10,fa6b3223-0c9a-40e9-b075-9220ef58763e,Quantum Dynamics Inc,quantumdynamicsinc.com,Real Estate,500+,167453748.87,1981,"Virginia Beach, TX",A leading company in the finance sector.,https://quantumdynamicsinc.com,+17906402240,1017 Cedar Blvd,Virginia Beach,PA,FR,92557,UTC,False,"['enterprise', 'pricing_page']",2026-03-29T09:45:29.955278,b0e0e9fd-ef8b-47d5-b426-0e52c2535506
5b359027-5d44-4e81-9ff0-648b312e0d50,fa6b3223-0c9a-40e9-b075-9220ef58763e,Opal Solutions Group,opalsolutionsgroup.com,Automotive,201-500,321054504.9,2020,"Fort Worth, CA",A leading company in the healthcare sector.,https://opalsolutionsgroup.com,+15135224693,3712 Pine Blvd,Fort Worth,CA,BR,67756,US/Pacific,False,"['nurture', 'enterprise', 'seasonal']",2026-05-10T08:23:39.955310,40fd4c0b-aaa5-4aad-9d10-5269ef1b800f
3b66631e-d834-46b0-a526-614fdb2fc7da,fa6b3223-0c9a-40e9-b075-9220ef58763e,ClearView Corp Co,clearviewcorpco.com,Manufacturing,500+,68639694.69,1981,"Memphis, GA",A leading company in the finance sector.,https://clearviewcorpco.com,+19498424561,8162 Elm Dr,Memphis,TX,GB,84110,UTC,False,"['vip', 'webinar_attendee']",2026-07-26T22:43:56.955338,056273a6-60a0-4f5f-96b3-0a1f9b494aa8
fdd8d82f-93a6-477a-8d58-59fbcad32d3d,fa6b3223-0c9a-40e9-b075-9220ef58763e,Quantum Dynamics LLC,quantumdynamicsllc.com,Real Estate,201-500,116094944.97,1988,"Fort Worth, TN",A leading company in the transportation sector.,https://quantumdynamicsllc.com,+19365520621,2905 Oak Blvd,Fort Worth,NV,CA,71235,UTC,False,['nurture'],2025-05-20T06:10:06.955366,70a1a11d-5ed0-4a43-ae45-a3d2f63e8213
4ded6a2b-dfdc-4b6d-8227-85ea270fa8f0,fa6b3223-0c9a-40e9-b075-9220ef58763e,Apex Innovations Inc,apexinnovationsinc.com,Education,11-50,375181322.29,1995,"Portland, CA",A leading company in the energy sector.,https://apexinnovationsinc.com,+12568465870,8222 Cedar Rd,Portland,TX,IN,25894,US/Eastern,True,[],2025-12-05T14:29:16.955393,056273a6-60a0-4f5f-96b3-0a1f9b494aa8
378317f4-dbad-4197-b999-c36841b4fac4,fa6b3223-0c9a-40e9-b075-9220ef58763e,Ruby Software Inc,rubysoftwareinc.com,Retail,500+,161545180.84,1989,"Tampa, NV",A leading company in the consulting sector.,https://rubysoftwareinc.com,+14191587049,1648 Elm Blvd,Tampa,CO,US,40999,US/Pacific,True,"['hot_lead', 'webinar_attendee']",2026-06-01T22:45:21.955420,c5b0aadb-faf1-42c1-9dd1-d8c4c6bf6834
c4611142-31ce-4558-9982-bd721f41197f,fa6b3223-0c9a-40e9-b075-9220ef58763e,RedRock Ventures Ltd,redrockventuresltd.com,Agriculture,1000+,256719724.57,1991,"Arlington, AZ",A leading company in the technology sector.,https://redrockventuresltd.com,+15581821730,1611 Elm Rd,Arlington,CA,GB,23413,US/Eastern,True,"['nurture', 'existing_customer', 'new_market']",2026-01-19T21:11:41.955449,e6daabab-f289-47f2-91c8-de431d5400de
103528cd-5b44-422e-8449-24a976b74271,fa6b3223-0c9a-40e9-b075-9220ef58763e,Iron Mountain Partners,ironmountainpartners.com,Telecommunications,11-50,378951333.93,1994,"Omaha, CA",A leading company in the marketing sector.,https://ironmountainpartners.com,+15765153311,8542 Oak Rd,Omaha,CA,AU,63533,UTC,False,"['bulk_order', 'vip', 'high_priority']",2026-04-19T17:58:18.955495,793561a3-4c41-4b4b-9ec6-6527903d3e02
a728316f-7058-4057-9374-00175ed29382,fa6b3223-0c9a-40e9-b075-9220ef58763e,SilverLine Corp Ltd,silverlinecorpltd.com,Healthcare,201-500,430458973.54,2011,"Albuquerque, IN",A leading company in the hospitality sector.,https://silverlinecorpltd.com,+18520951662,2500 Main Blvd,Albuquerque,LA,US,59298,US/Eastern,True,['nurture'],2025-09-23T02:12:52.955523,d3f2a2a5-f425-4786-ac66-99c3ddb5fe75
8f6d2922-f81f-4cf0-b98d-d8c318832c85,fa6b3223-0c9a-40e9-b075-9220ef58763e,Horizon Media Partners,horizonmediapartners.com,Finance,201-500,339389624.66,2022,"Austin, MA",A leading company in the technology sector.,https://horizonmediapartners.com,+15338420419,8932 Elm St,Austin,CA,FR,63075,US/Eastern,False,['startup'],2025-06-27T15:13:36.955550,70a1a11d-5ed0-4a43-ae45-a3d2f63e8213
b42192f1-f095-4280-ac0a-b86e889a892e,fa6b3223-0c9a-40e9-b075-9220ef58763e,ClearView Corp Ltd,clearviewcorpltd.com,Aerospace,1-10,278785330.69,2014,"New Orleans, KS",A leading company in the legal sector.,https://clearviewcorpltd.com,+13010258709,8977 Pine Rd,New Orleans,CA,GB,26629,UTC,False,[],2025-09-28T23:03:03.955580,3a7a726c-307e-4e71-8d43-f4ec0d020101
1e526e54-e356-461f-b62a-09531428ee7f,fa6b3223-0c9a-40e9-b075-9220ef58763e,Iron Mountain Group,ironmountaingroup.com,Legal,500+,484534354.83,2021,"Tulsa, TX",A leading company in the consulting sector.,https://ironmountaingroup.com,+17745467767,8491 Cedar St,Tulsa,CA,CA,47167,US/Central,False,"['enterprise', 'seasonal', 'churned']",2026-05-02T06:38:39.955610,d3f2a2a5-f425-4786-ac66-99c3ddb5fe75
733ac158-1368-4753-b2e0-a5e7877aecfe,fa6b3223-0c9a-40e9-b075-9220ef58763e,Zenith Partners LLC,zenithpartnersllc.com,Hospitality,201-500,195278566.7,1992,"Sacramento, CA",A leading company in the retail sector.,https://zenithpartnersllc.com,+16407572263,7505 Pine Dr,Sacramento,KS,CA,90481,UTC,False,"['high_priority', 'referral_partner', 'new_market']",2026-06-24T17:18:18.955654,77216429-0c61-4206-8455-fea64c0b6917
1b8912fe-fe5e-4494-bcc6-bf57810ed228,fa6b3223-0c9a-40e9-b075-9220ef58763e,RedRock Ventures Co,redrockventuresco.com,Automotive,201-500,252927457.78,2025,"Raleigh, CA",A leading company in the manufacturing sector.,https://redrockventuresco.com,+17669856230,9550 Oak Dr,Raleigh,TX,US,94319,US/Central,False,[],2026-03-21T02:44:16.955692,02aa60b8-30fa-45cc-90ce-706799bfffeb
815acb82-0916-4daf-b197-e3eb93d169c0,fa6b3223-0c9a-40e9-b075-9220ef58763e,Platinum Partners Partners,platinumpartnerspartners.com,Transportation,1-10,347766038.69,1981,"Indianapolis, VA",A leading company in the transportation sector.,https://platinumpartnerspartners.com,+19540103487,6492 Elm Rd,Indianapolis,OK,BR,84605,UTC,True,[],2025-07-26T13:29:12.955720,e4a0f782-d61b-4052-849d-5679c682e6e0
06c0b931-ce57-4f02-bb0f-71c5ccddc618,fa6b3223-0c9a-40e9-b075-9220ef58763e,Jade Consulting LLC,jadeconsultingllc.com,Energy,51-200,134197803.81,1991,"Wichita, AZ",A leading company in the hospitality sector.,https://jadeconsultingllc.com,+18273597801,6556 Oak Ave,Wichita,TX,MX,48556,US/Eastern,False,['win_back'],2026-08-05T00:16:49.955747,b0e0e9fd-ef8b-47d5-b426-0e52c2535506
3231bb93-1343-4e85-9b40-1d95a715aea1,fa6b3223-0c9a-40e9-b075-9220ef58763e,Atlas Computing Co,atlascomputingco.com,Marketing,11-50,273113735.03,2016,"Las Vegas, TX",A leading company in the energy sector.,https://atlascomputingco.com,+13739036806,4371 Main Blvd,Las Vegas,FL,JP,54287,US/Pacific,True,"['webinar_attendee', 'nurture']",2025-07-30T18:00:12.955858,70a1a11d-5ed0-4a43-ae45-a3d2f63e8213
fe6b30b3-997e-47ed-b3ed-32595be675af,fa6b3223-0c9a-40e9-b075-9220ef58763e,Summit Analytics Co,summitanalyticsco.com,Marketing,51-200,264893972.57,2023,"Minneapolis, MA",A leading company in the education sector.,https://summitanalyticsco.com,+17255122943,8365 Main Rd,Minneapolis,OK,IN,58395,US/Central,True,"['low_priority', 'upsell', 'webinar_attendee']",2026-01-03T03:52:33.955896,70a1a11d-5ed0-4a43-ae45-a3d2f63e8213
ed4f43f1-96bd-467f-bb26-defb29d8fd69,fa6b3223-0c9a-40e9-b075-9220ef58763e,Horizon Media Co,horizonmediaco.com,Consulting,51-200,112142143.88,1992,"Tucson, DC",A leading company in the aerospace sector.,https://horizonmediaco.com,+16810267932,8493 Cedar St,Tucson,CA,BR,88512,US/Pacific,True,['low_priority'],2026-01-13T00:29:45.955929,c7ad0281-d620-4eef-92e6-7a52117c0a8e
0ab93222-3be5-4438-a90a-11b1a3b734d4,fa6b3223-0c9a-40e9-b075-9220ef58763e,Atlas Computing Co,atlascomputingco.com,Finance,51-200,105132423.72,1999,"Chicago, PA",A leading company in the energy sector.,https://atlascomputingco.com,+13261217101,1861 Pine Blvd,Chicago,TX,CA,38389,US/Eastern,False,['content_downloader'],2026-06-07T22:24:15.955962,c5b0aadb-faf1-42c1-9dd1-d8c4c6bf6834
8f73215c-ae9e-4570-a229-c2e0790f427b,fa6b3223-0c9a-40e9-b075-9220ef58763e,Catalyst Group Co,catalystgroupco.com,Telecommunications,51-200,22943795.39,2019,"Louisville, WA",A leading company in the manufacturing sector.,https://catalystgroupco.com,+19289100313,1887 Pine St,Louisville,IL,AU,33242,US/Pacific,False,[],2026-07-26T20:31:27.955994,77216429-0c61-4206-8455-fea64c0b6917
e575cb67-02bb-4d63-9016-53344045e829,fa6b3223-0c9a-40e9-b075-9220ef58763e,NexGen Software Group,nexgensoftwaregroup.com,Manufacturing,201-500,3412927.55,2003,"Tampa, TX",A leading company in the marketing sector.,https://nexgensoftwaregroup.com,+19922935556,8730 Cedar Blvd,Tampa,NV,GB,27937,US/Central,False,"['content_downloader', 'enterprise', 'trial']",2026-07-08T18:26:07.956024,e6daabab-f289-47f2-91c8-de431d5400de
d2fae14b-c449-4c8b-9209-d1e88f97c3a9,fa6b3223-0c9a-40e9-b075-9220ef58763e,Silver Stream Ltd,silverstreamltd.com,Telecommunications,51-200,149360154.65,1990,"Sacramento, TX",A leading company in the agriculture sector.,https://silverstreamltd.com,+15032683499,8459 Pine Blvd,Sacramento,CA,AU,87112,US/Pacific,False,"['seasonal', 'referral_partner']",2025-11-26T09:46:46.956059,77216429-0c61-4206-8455-fea64c0b6917
3019062a-abca-4572-a968-854d81b1e990,fa6b3223-0c9a-40e9-b075-9220ef58763e,GreenField Capital Corp,greenfieldcapitalcorp.com,Education,1-10,406218321.54,2007,"Raleigh, OK",A leading company in the technology sector.,https://greenfieldcapitalcorp.com,+16879620888,202 Main St,Raleigh,CA,FR,58824,US/Eastern,False,['startup'],2025-10-05T08:04:52.956086,793561a3-4c41-4b4b-9ec6-6527903d3e02
acc69f14-c450-4942-8757-30e03fd209cd,fa6b3223-0c9a-40e9-b075-9220ef58763e,SilverLine Corp Co,silverlinecorpco.com,Energy,1-10,104211544.37,2000,"Nashville, OK",A leading company in the agriculture sector.,https://silverlinecorpco.com,+16440091236,3443 Elm Rd,Nashville,TX,GB,99390,UTC,True,"['low_priority', 'referral_partner']",2026-03-04T17:21:15.956115,70a1a11d-5ed0-4a43-ae45-a3d2f63e8213
4e826aed-f0a6-4d4a-9eee-41a285d0487a,fa6b3223-0c9a-40e9-b075-9220ef58763e,Topaz Digital Partners,topazdigitalpartners.com,Manufacturing,201-500,481549483.45,2024,"Tucson, NC",A leading company in the media sector.,https://topazdigitalpartners.com,+18223426328,7326 Pine Dr,Tucson,CA,US,27004,US/Central,False,['demo'],2025-11-26T10:55:18.956146,c5b0aadb-faf1-42c1-9dd1-d8c4c6bf6834
f05998f2-c92b-4723-9d7d-0a178cdc09e2,fa6b3223-0c9a-40e9-b075-9220ef58763e,Ember Labs LLC,emberlabsllc.com,Insurance,1-10,368536235.54,1992,"Jacksonville, AZ",A leading company in the manufacturing sector.,https://emberlabsllc.com,+17154738555,2446 Main Blvd,Jacksonville,NC,CA,17731,US/Pacific,False,[],2026-07-22T12:13:04.956177,3a7a726c-307e-4e71-8d43-f4ec0d020101
b458fd7c-944b-438f-ab29-791beb2e0d43,fa6b3223-0c9a-40e9-b075-9220ef58763e,Velocity Labs Ltd,velocitylabsltd.com,Real Estate,1000+,276395359.65,2002,"Austin, CA",A leading company in the insurance sector.,https://velocitylabsltd.com,+17003890910,7827 Elm Rd,Austin,OK,CA,97183,US/Pacific,True,['demo'],2026-06-11T20:12:36.956208,d3f2a2a5-f425-4786-ac66-99c3ddb5fe75
8c049c0f-542f-48a4-a800-c0ad8369fd2f,fa6b3223-0c9a-40e9-b075-9220ef58763e,Velocity Labs Partners,velocitylabspartners.com,Insurance,1000+,132851876.42,1988,"Boston, OR",A leading company in the manufacturing sector.,https://velocitylabspartners.com,+16046450750,5431 Oak Rd,Boston,PA,JP,97789,US/Pacific,False,['bulk_order'],2025-05-20T17:35:50.956236,73a569a6-1e94-43c5-ab7e-31c0c0b2a6fb
3865882c-3eea-42ba-96a0-1804058d8bfa,7179207a-0cc9-48e0-87e1-8cd7d2f9f721,Onyx Data Co,onyxdataco.com,Telecommunications,1-10,322727879.72,1991,"Jacksonville, AZ",A leading company in the telecommunications sector.,https://onyxdataco.com,+14952716334,3349 Elm Ave,Jacksonville,KS,MX,34398,UTC,False,['cold_lead'],2025-09-12T18:18:18.956284,8c00e028-41da-4e2c-91bf-e06c6f74595b
aec7a6d6-edd9-4fe0-abd6-56b9c2f46dc6,7179207a-0cc9-48e0-87e1-8cd7d2f9f721,Apex Innovations Inc,apexinnovationsinc.com,Media,51-200,328640688.98,2017,"Tampa, AZ",A leading company in the consulting sector.,https://apexinnovationsinc.com,+17309748082,9121 Oak Ave,Tampa,TX,AU,95631,US/Central,False,['existing_customer'],2025-09-01T14:57:54.956312,02fc8d0f-48ca-4ab5-95da-9f2f51d44e5b
0ea2a53b-3e74-4561-856a-5a0154a7f682,7179207a-0cc9-48e0-87e1-8cd7d2f9f721,Vanguard Systems Corp,vanguardsystemscorp.com,Education,201-500,362406792.13,2009,"Memphis, TX",A leading company in the agriculture sector.,https://vanguardsystemscorp.com,+12940022414,6540 Pine Ave,Memphis,CA,MX,53597,US/Central,False,"['referral_partner', 'seasonal', 'bulk_order']",2025-06-04T09:52:38.956344,8c00e028-41da-4e2c-91bf-e06c6f74595b
7161b424-97d7-4ac7-8bda-3664ec91a763,7179207a-0cc9-48e0-87e1-8cd7d2f9f721,SwiftScale Group,swiftscalegroup.com,Telecommunications,1-10,93438022.69,1991,"Colorado Springs, MD",A leading company in the finance sector.,https://swiftscalegroup.com,+12696169422,5524 Oak Rd,Colorado Springs,WI,JP,75234,UTC,True,"['cold_lead', 'existing_customer']",2026-07-21T12:09:19.956372,1773f9d2-3516-4ff5-9acc-3b6a7b2ce872
7ded945e-3181-44f4-a622-270df46969a5,7179207a-0cc9-48e0-87e1-8cd7d2f9f721,RedRock Ventures Inc,redrockventuresinc.com,Education,11-50,396627152.47,2005,"Oakland, FL",A leading company in the healthcare sector.,https://redrockventuresinc.com,+14353553945,2938 Main St,Oakland,CA,JP,74087,US/Pacific,False,"['demo', 'win_back', 'at_risk']",2026-02-21T22:01:59.956404,34cd9ae9-7de1-4193-9109-53462c16ece9
401d9f28-ca87-4507-988f-18f6d658babf,7179207a-0cc9-48e0-87e1-8cd7d2f9f721,Zenith Partners LLC,zenithpartnersllc.com,Insurance,201-500,462155074.08,1982,"Miami, TX",A leading company in the technology sector.,https://zenithpartnersllc.com,+17489527334,5049 Oak Dr,Miami,CA,CA,85060,US/Central,True,[],2026-01-26T09:14:30.956431,ded2cebc-b69e-4191-9d44-4929e9d428d1
62bb2210-36ae-4880-8ae9-830fd59f5d7d,7179207a-0cc9-48e0-87e1-8cd7d2f9f721,Iron Mountain Group,ironmountaingroup.com,Technology,11-50,321473689.14,1990,"Philadelphia, KS",A leading company in the automotive sector.,https://ironmountaingroup.com,+15218125703,493 Main Blvd,Philadelphia,TX,BR,46331,US/Eastern,True,['vip'],2026-04-06T20:25:21.956459,7d137f66-8604-40bf-ba81-6af4667de5ac
da228045-c0bd-4599-b5e9-02e99256cf9b,7179207a-0cc9-48e0-87e1-8cd7d2f9f721,Forge Industries Partners,forgeindustriespartners.com,Agriculture,1-10,304368167.91,1987,"Colorado Springs, CA",A leading company in the hospitality sector.,https://forgeindustriespartners.com,+16502914422,2572 Oak St,Colorado Springs,OH,GB,25476,US/Pacific,False,['enterprise'],2025-06-03T01:21:53.956489,b76f0d06-487f-4c14-97a4-859d3404b661
ee8b44da-e14e-4ff5-a9e6-7c13eef301d9,7179207a-0cc9-48e0-87e1-8cd7d2f9f721,Bronze Gate Partners,bronzegatepartners.com,Education,1-10,191321899.17,1986,"Philadelphia, TX",A leading company in the retail sector.,https://bronzegatepartners.com,+12179749205,622 Elm Ave,Philadelphia,FL,AU,96732,US/Pacific,False,['referral_partner'],2025-09-12T04:39:17.956518,46cb662a-e863-4194-99df-ab55ff22701c
e0f788d4-3fed-4fef-bd44-b606123535e9,7179207a-0cc9-48e0-87e1-8cd7d2f9f721,Pearl Analytics LLC,pearlanalyticsllc.com,Hospitality,51-200,104240533.66,1980,"Louisville, VA",A leading company in the retail sector.,https://pearlanalyticsllc.com,+18250651672,5039 Cedar St,Louisville,CA,FR,33086,UTC,True,[],2026-03-17T02:04:30.956552,02fc8d0f-48ca-4ab5-95da-9f2f51d44e5b
e252f0d5-efa2-488a-83ed-23eabfe340f8,7179207a-0cc9-48e0-87e1-8cd7d2f9f721,GreenField Capital Corp,greenfieldcapitalcorp.com,Automotive,1000+,163353304.11,1988,"New York, CA",A leading company in the aerospace sector.,https://greenfieldcapitalcorp.com,+13231422814,2210 Main Rd,New York,TX,AU,55871,US/Pacific,False,[],2025-02-06T11:07:15.956583,de2d46fb-a956-4b96-bc60-115ccf0715a6
b3bcf1e5-aafc-4af0-be6b-c8faa8815587,7179207a-0cc9-48e0-87e1-8cd7d2f9f721,Copper Systems Group,coppersystemsgroup.com,Transportation,11-50,389620486.53,2017,"Omaha, AZ",A leading company in the technology sector.,https://coppersystemsgroup.com,+15334453638,3849 Elm St,Omaha,CA,FR,35002,US/Pacific,False,"['new_market', 'demo']",2026-03-08T14:28:56.956611,b76f0d06-487f-4c14-97a4-859d3404b661
bb26ef7e-70f4-4277-8ce3-0c03fb547ea1,7179207a-0cc9-48e0-87e1-8cd7d2f9f721,GreenField Capital LLC,greenfieldcapitalllc.com,Legal,1-10,444056744.16,1989,"Los Angeles, CA",A leading company in the manufacturing sector.,https://greenfieldcapitalllc.com,+16252447135,981 Elm St,Los Angeles,MA,MX,31227,US/Pacific,True,"['upsell', 'enterprise', 'nurture']",2025-04-08T19:26:24.956645,de2d46fb-a956-4b96-bc60-115ccf0715a6
dbcd7de0-ed40-49ef-b80c-07b4444fd325,7179207a-0cc9-48e0-87e1-8cd7d2f9f721,Iron Mountain Inc,ironmountaininc.com,Media,500+,11239077.15,1994,"Louisville, TX",A leading company in the manufacturing sector.,https://ironmountaininc.com,+15693718695,8800 Main Blvd,Louisville,TN,FR,30787,UTC,True,"['enterprise', 'renewal']",2025-04-06T07:50:48.956678,e52849ba-01bf-4e30-a6ad-e02749ff23a9
fa36fe7c-3eb6-4bc4-bf5a-db4afd39f1c4,7179207a-0cc9-48e0-87e1-8cd7d2f9f721,Topaz Digital Corp,topazdigitalcorp.com,Agriculture,500+,457107567.3,2020,"Las Vegas, MD",A leading company in the transportation sector.,https://topazdigitalcorp.com,+18112550776,5150 Cedar St,Las Vegas,MA,BR,87348,US/Central,False,"['nurture', 'renewal', 'upsell']",2026-06-11T07:10:54.956711,1773f9d2-3516-4ff5-9acc-3b6a7b2ce872
e8fe3b76-7099-4ae1-8e9c-538d3a1a349c,7179207a-0cc9-48e0-87e1-8cd7d2f9f721,Crystal Corp Corp,crystalcorpcorp.com,Media,1-10,55324587.61,2015,"Milwaukee, TX",A leading company in the education sector.,https://crystalcorpcorp.com,+19719168848,8524 Main St,Milwaukee,OH,US,64076,US/Eastern,True,"['upsell', 'startup', 'high_priority']",2025-07-20T18:44:14.956739,02fc8d0f-48ca-4ab5-95da-9f2f51d44e5b
bdcc1d95-e8f9-4bf9-bc7d-baefb6cf5b58,7179207a-0cc9-48e0-87e1-8cd7d2f9f721,CloudPeak Analytics Group,cloudpeakanalyticsgroup.com,Construction,1-10,406177466.77,2022,"New York, MA",A leading company in the telecommunications sector.,https://cloudpeakanalyticsgroup.com,+12461288745,9811 Main St,New York,OK,US,70746,UTC,True,[],2026-03-30T19:47:55.956767,7d137f66-8604-40bf-ba81-6af4667de5ac
8229a37e-b362-4e6e-aa57-1a691897c912,7179207a-0cc9-48e0-87e1-8cd7d2f9f721,Catalyst Group Inc,catalystgroupinc.com,Marketing,51-200,39899803.42,1983,"Milwaukee, CO",A leading company in the transportation sector.,https://catalystgroupinc.com,+16096915697,8161 Pine Ave,Milwaukee,NV,GB,24969,US/Eastern,True,"['nurture', 'demo', 'new_market']",2026-07-30T16:14:39.956795,0002ada9-8f33-49a6-b9b4-7aa4a8a79084
33c0787e-41b6-40ba-9e9e-6ed4da7dd9df,7179207a-0cc9-48e0-87e1-8cd7d2f9f721,BrightStar Inc Partners,brightstarincpartners.com,Aerospace,51-200,248112262.29,1993,"Louisville, CA",A leading company in the insurance sector.,https://brightstarincpartners.com,+12023479223,3359 Oak Rd,Louisville,NV,GB,67603,US/Central,False,"['content_downloader', 'cold_lead', 'startup']",2026-02-02T00:36:41.956822,7d137f66-8604-40bf-ba81-6af4667de5ac
c4d625b7-d417-4a39-870c-ad66cdbf6286,7179207a-0cc9-48e0-87e1-8cd7d2f9f721,Ember Labs LLC,emberlabsllc.com,Agriculture,1-10,16090710.45,1997,"Dallas, NV",A leading company in the media sector.,https://emberlabsllc.com,+13827781528,5188 Pine Rd,Dallas,CA,CA,25267,UTC,False,"['win_back', 'pricing_page', 'hot_lead']",2025-10-21T04:40:00.956854,e52849ba-01bf-4e30-a6ad-e02749ff23a9
31427398-c22c-4a79-b091-da92e8f0e354,7179207a-0cc9-48e0-87e1-8cd7d2f9f721,Bronze Gate Partners,bronzegatepartners.com,Automotive,11-50,271961799.76,2015,"San Francisco, AZ",A leading company in the automotive sector.,https://bronzegatepartners.com,+19547491173,4516 Cedar St,San Francisco,TN,DE,97518,UTC,False,['enterprise'],2025-10-25T01:32:12.956882,ece82b98-28d8-4c7e-94ba-1bb820731ba5
47516a2f-01d3-4eda-8cb3-48c33e1f2116,7179207a-0cc9-48e0-87e1-8cd7d2f9f721,Coral Health Inc,coralhealthinc.com,Consulting,1000+,415073970.49,2011,"Colorado Springs, NV",A leading company in the aerospace sector.,https://coralhealthinc.com,+18567812070,8174 Oak St,Colorado Springs,TX,BR,87374,US/Pacific,False,"['webinar_attendee', 'referral_partner', 'new_market']",2025-12-01T07:01:21.956910,e16f7e8e-9f87-481c-a95f-799224a1dd30
e6cb3154-a14e-4c50-a4de-de1156876ec4,7179207a-0cc9-48e0-87e1-8cd7d2f9f721,Fusion Analytics Inc,fusionanalyticsinc.com,Real Estate,201-500,143363182.64,1983,"San Jose, AZ",A leading company in the agriculture sector.,https://fusionanalyticsinc.com,+14452503228,4167 Oak Ave,San Jose,LA,AU,67264,US/Eastern,True,"['existing_customer', 'hot_lead']",2026-05-07T03:50:26.956938,7d137f66-8604-40bf-ba81-6af4667de5ac
a75ed2aa-6835-4b38-a5bc-e0ccaa927cb6,7179207a-0cc9-48e0-87e1-8cd7d2f9f721,Steel Bridge Co,steelbridgeco.com,Retail,201-500,424068359.53,2022,"San Francisco, TX",A leading company in the technology sector.,https://steelbridgeco.com,+12920592953,935 Cedar Dr,San Francisco,CA,GB,23853,UTC,False,['win_back'],2025-03-06T02:16:28.956969,b76f0d06-487f-4c14-97a4-859d3404b661
88894dde-fe91-4c68-875b-025b7ad59de3,7179207a-0cc9-48e0-87e1-8cd7d2f9f721,Copper Systems Partners,coppersystemspartners.com,Education,500+,471859892.57,1985,"San Francisco, IN",A leading company in the transportation sector.,https://coppersystemspartners.com,+19234211648,9464 Cedar Rd,San Francisco,CA,MX,68796,US/Eastern,False,[],2026-05-06T04:07:22.957001,de2d46fb-a956-4b96-bc60-115ccf0715a6
1602b860-26f8-4611-854f-e8af279a3cc8,7179207a-0cc9-48e0-87e1-8cd7d2f9f721,Jade Consulting Group,jadeconsultinggroup.com,Automotive,51-200,463905295.98,2012,"Miami, CA",A leading company in the finance sector.,https://jadeconsultinggroup.com,+15986054961,4360 Pine Rd,Miami,TX,GB,25760,US/Pacific,False,"['low_priority', 'bulk_order']",2025-10-02T00:05:58.957033,0002ada9-8f33-49a6-b9b4-7aa4a8a79084
4bdd6d9e-de5c-4ff8-acd4-77fabf3d98b5,7179207a-0cc9-48e0-87e1-8cd7d2f9f721,Coral Health Corp,coralhealthcorp.com,Technology,500+,86328888.58,1981,"Baltimore, CA",A leading company in the insurance sector.,https://coralhealthcorp.com,+12201100357,7871 Pine Dr,Baltimore,VA,CA,33570,US/Eastern,False,[],2025-12-09T00:59:42.957060,e16f7e8e-9f87-481c-a95f-799224a1dd30
b7e65f1f-9065-4ca9-be4c-e75afb6f606a,7179207a-0cc9-48e0-87e1-8cd7d2f9f721,BlueShift Labs Co,blueshiftlabsco.com,Finance,11-50,255473596.99,2011,"Long Beach, CA",A leading company in the automotive sector.,https://blueshiftlabsco.com,+17456395650,2809 Cedar Dr,Long Beach,GA,JP,29718,US/Pacific,False,"['existing_customer', 'win_back', 'high_priority']",2025-03-28T13:01:58.957088,e52849ba-01bf-4e30-a6ad-e02749ff23a9
b426edd1-ea9a-4bfa-ab40-fd5f23b23def,7179207a-0cc9-48e0-87e1-8cd7d2f9f721,Ruby Software Corp,rubysoftwarecorp.com,Education,51-200,452365519.84,1985,"Charlotte, CO",A leading company in the media sector.,https://rubysoftwarecorp.com,+12483153758,7098 Main Dr,Charlotte,GA,DE,33203,US/Pacific,True,['trial'],2026-02-26T16:11:50.957119,7d137f66-8604-40bf-ba81-6af4667de5ac
383153b2-c29b-43af-a649-c7c64ba2669d,7179207a-0cc9-48e0-87e1-8cd7d2f9f721,Golden Ratio Ltd,goldenratioltd.com,Hospitality,11-50,146460294.16,1982,"Colorado Springs, NE",A leading company in the media sector.,https://goldenratioltd.com,+19310081716,4737 Cedar Dr,Colorado Springs,OR,JP,42591,US/Central,False,"['vip', 'upsell', 'pricing_page']",2026-07-13T14:40:51.957148,1773f9d2-3516-4ff5-9acc-3b6a7b2ce872
0386d13f-b548-4bec-a77e-da0af8e3edea,7179207a-0cc9-48e0-87e1-8cd7d2f9f721,Quantum Dynamics Ltd,quantumdynamicsltd.com,Manufacturing,500+,169042054.84,2004,"New York, CA",A leading company in the retail sector.,https://quantumdynamicsltd.com,+17822134670,4083 Elm Blvd,New York,CA,JP,26391,UTC,False,['upsell'],2026-08-06T17:52:30.957181,02fc8d0f-48ca-4ab5-95da-9f2f51d44e5b
7783b5f3-2e53-4adf-a826-0a38597b49da,7179207a-0cc9-48e0-87e1-8cd7d2f9f721,Titan Industries Group,titanindustriesgroup.com,Aerospace,1-10,440173121.4,1988,"Charlotte, CA",A leading company in the hospitality sector.,https://titanindustriesgroup.com,+14059538191,8737 Elm Rd,Charlotte,KS,CA,65694,UTC,False,[],2025-05-07T14:13:33.957208,7d137f66-8604-40bf-ba81-6af4667de5ac
a5b05529-8806-4f1f-83b0-288a90ffe834,7179207a-0cc9-48e0-87e1-8cd7d2f9f721,Forge Industries Co,forgeindustriesco.com,Automotive,1000+,124180163.08,2022,"San Diego, LA",A leading company in the aerospace sector.,https://forgeindustriesco.com,+19044162995,2774 Oak Dr,San Diego,TX,DE,37963,US/Pacific,False,[],2026-01-20T10:06:00.957234,ded2cebc-b69e-4191-9d44-4929e9d428d1
adec4498-8d9a-4b90-bb67-581131b4ae51,7179207a-0cc9-48e0-87e1-8cd7d2f9f721,CloudPeak Analytics Corp,cloudpeakanalyticscorp.com,Insurance,500+,47243059.49,2001,"Nashville, KS",A leading company in the technology sector.,https://cloudpeakanalyticscorp.com,+15908462150,6003 Pine Blvd,Nashville,AZ,GB,44364,UTC,False,"['trial', 'churned', 'enterprise']",2025-08-21T13:50:04.957286,46cb662a-e863-4194-99df-ab55ff22701c
77066502-b68f-4b61-9975-d12c2e28ff69,7179207a-0cc9-48e0-87e1-8cd7d2f9f721,DataFlow Systems Co,dataflowsystemsco.com,Media,201-500,422571713.93,2010,"Kansas City, LA",A leading company in the agriculture sector.,https://dataflowsystemsco.com,+16575572889,8550 Oak Blvd,Kansas City,NE,JP,85135,UTC,False,[],2026-03-22T20:07:04.957315,bebdbef1-3be2-4351-a13f-43e46af2a5a2
f34173dc-bb21-4c9b-8b46-1c07867af312,7179207a-0cc9-48e0-87e1-8cd7d2f9f721,Onyx Data LLC,onyxdatallc.com,Legal,1-10,221453339.6,2006,"San Antonio, AZ",A leading company in the education sector.,https://onyxdatallc.com,+15381328392,5448 Cedar Ave,San Antonio,NV,IN,44737,US/Pacific,False,['seasonal'],2026-03-18T01:49:38.957350,02fc8d0f-48ca-4ab5-95da-9f2f51d44e5b
c19effcd-c8dd-4d81-a53b-0d2192be7d6b,7179207a-0cc9-48e0-87e1-8cd7d2f9f721,SwiftScale Corp,swiftscalecorp.com,Hospitality,500+,156209536.52,1985,"Fresno, TN",A leading company in the energy sector.,https://swiftscalecorp.com,+14526953438,5237 Main St,Fresno,CA,MX,27664,US/Eastern,True,"['demo', 'renewal', 'seasonal']",2026-03-02T04:55:36.957378,34cd9ae9-7de1-4193-9109-53462c16ece9
13e89b6a-a51c-4940-afec-9bc1b495cc53,7179207a-0cc9-48e0-87e1-8cd7d2f9f721,SilverLine Corp Inc,silverlinecorpinc.com,Finance,201-500,341398889.46,1983,"Albuquerque, NC",A leading company in the aerospace sector.,https://silverlinecorpinc.com,+18604875723,9197 Elm Ave,Albuquerque,TN,AU,42578,US/Pacific,False,['hot_lead'],2026-07-18T00:23:50.957409,46cb662a-e863-4194-99df-ab55ff22701c
2509ca4d-c2c1-452e-bb07-de956886ebbc,7179207a-0cc9-48e0-87e1-8cd7d2f9f721,Horizon Media Corp,horizonmediacorp.com,Healthcare,201-500,242779789.12,1983,"Omaha, CA",A leading company in the aerospace sector.,https://horizonmediacorp.com,+19112740700,9478 Pine Ave,Omaha,DC,JP,86069,US/Central,True,"['webinar_attendee', 'win_back']",2025-11-12T23:34:39.957437,ece82b98-28d8-4c7e-94ba-1bb820731ba5
c18c3f04-97ba-465f-916e-10051a4c81d9,7179207a-0cc9-48e0-87e1-8cd7d2f9f721,BrightStar Inc Ltd,brightstarincltd.com,Media,1-10,163470899.04,2007,"Tucson, CA",A leading company in the retail sector.,https://brightstarincltd.com,+16356621876,5191 Pine Dr,Tucson,MA,BR,68077,US/Central,False,[],2026-05-12T14:32:23.957464,b76f0d06-487f-4c14-97a4-859d3404b661
811ec65a-a44c-4fc1-9e41-bb70b5494675,7179207a-0cc9-48e0-87e1-8cd7d2f9f721,Horizon Media LLC,horizonmediallc.com,Construction,500+,14494223.24,1988,"Fort Worth, IN",A leading company in the transportation sector.,https://horizonmediallc.com,+17403449151,6726 Elm Ave,Fort Worth,FL,GB,64884,US/Central,False,[],2025-05-27T17:44:33.957495,a120de43-c4d0-46d0-8c1a-3b6044216650
9f63a126-289a-436d-b3c0-21f6c4fc938e,7179207a-0cc9-48e0-87e1-8cd7d2f9f721,Sterling Finance Group,sterlingfinancegroup.com,Transportation,11-50,462679877.72,1980,"Omaha, MN",A leading company in the media sector.,https://sterlingfinancegroup.com,+16983296517,3159 Main Ave,Omaha,CA,FR,33729,US/Pacific,False,"['seasonal', 'win_back', 'high_priority']",2025-12-20T17:54:55.957523,1773f9d2-3516-4ff5-9acc-3b6a7b2ce872
08e2c083-5688-4c8b-9905-c92cb5524187,7179207a-0cc9-48e0-87e1-8cd7d2f9f721,Silver Stream Corp,silverstreamcorp.com,Finance,201-500,13923061.78,1985,"Raleigh, FL",A leading company in the legal sector.,https://silverstreamcorp.com,+19340704545,1737 Main Blvd,Raleigh,CA,FR,79914,US/Pacific,False,[],2025-02-20T07:15:06.957548,0002ada9-8f33-49a6-b9b4-7aa4a8a79084
ff4179b4-9b9d-40e3-9ec3-1e0bea70b2df,7179207a-0cc9-48e0-87e1-8cd7d2f9f721,Ruby Software Group,rubysoftwaregroup.com,Agriculture,1000+,247292381.67,2015,"Las Vegas, TX",A leading company in the real estate sector.,https://rubysoftwaregroup.com,+15756459172,2932 Cedar Rd,Las Vegas,TX,BR,11785,US/Central,False,"['upsell', 'nurture', 'churned']",2026-04-16T06:04:44.957576,1773f9d2-3516-4ff5-9acc-3b6a7b2ce872
b32f6133-57f5-4800-8e9d-11f2647628ef,7179207a-0cc9-48e0-87e1-8cd7d2f9f721,Iron Mountain Inc,ironmountaininc.com,Healthcare,11-50,264404505.87,1994,"Austin, TX",A leading company in the agriculture sector.,https://ironmountaininc.com,+13469524456,7146 Pine Rd,Austin,FL,IN,79768,UTC,False,"['churned', 'nurture']",2026-02-17T12:56:43.957603,02fc8d0f-48ca-4ab5-95da-9f2f51d44e5b
63147dc7-26c7-4f6c-aada-b1469c1b0170,7179207a-0cc9-48e0-87e1-8cd7d2f9f721,Zenith Partners Corp,zenithpartnerscorp.com,Education,1000+,278768166.66,1994,"Dallas, CA",A leading company in the energy sector.,https://zenithpartnerscorp.com,+15773772822,6031 Pine St,Dallas,IL,IN,43353,US/Central,False,"['churned', 'pricing_page']",2026-01-17T08:36:34.957643,bebdbef1-3be2-4351-a13f-43e46af2a5a2
13354f9f-1516-4810-8cbe-076664cce73f,7179207a-0cc9-48e0-87e1-8cd7d2f9f721,Pulse Digital Co,pulsedigitalco.com,Education,11-50,472234944.18,1989,"Phoenix, OK",A leading company in the telecommunications sector.,https://pulsedigitalco.com,+17521034267,8902 Cedar Dr,Phoenix,CA,MX,21123,US/Pacific,False,"['at_risk', 'renewal', 'win_back']",2025-12-03T02:47:34.957676,a120de43-c4d0-46d0-8c1a-3b6044216650
5d8839b0-98a4-4870-895b-916399b6e3d6,7179207a-0cc9-48e0-87e1-8cd7d2f9f721,Platinum Partners Partners,platinumpartnerspartners.com,Agriculture,11-50,15401012.63,2015,"Austin, CA",A leading company in the hospitality sector.,https://platinumpartnerspartners.com,+14942409085,1292 Elm Blvd,Austin,OK,US,95859,UTC,False,[],2026-03-08T12:17:51.957706,bebdbef1-3be2-4351-a13f-43e46af2a5a2
17b6508a-ad14-4de0-b0c0-6ebd9282805d,7179207a-0cc9-48e0-87e1-8cd7d2f9f721,CloudPeak Analytics Corp,cloudpeakanalyticscorp.com,Real Estate,1-10,193337169.85,1994,"Oklahoma City, TN",A leading company in the insurance sector.,https://cloudpeakanalyticscorp.com,+18455513300,2472 Pine Rd,Oklahoma City,NC,AU,40083,US/Central,True,[],2026-07-17T05:49:25.957741,de2d46fb-a956-4b96-bc60-115ccf0715a6
ec7ab146-e354-4aa1-8886-6a55c1083ea5,7179207a-0cc9-48e0-87e1-8cd7d2f9f721,ClearView Corp Ltd,clearviewcorpltd.com,Construction,51-200,257118584.05,1984,"Albuquerque, KY",A leading company in the transportation sector.,https://clearviewcorpltd.com,+16247287055,4668 Pine Blvd,Albuquerque,VA,AU,44295,US/Central,False,['new_market'],2026-02-10T05:42:30.957770,0002ada9-8f33-49a6-b9b4-7aa4a8a79084
9069136b-d357-452a-9e3d-7a8d94cba155,7179207a-0cc9-48e0-87e1-8cd7d2f9f721,Sapphire Tech Group,sapphiretechgroup.com,Telecommunications,1000+,392149895.14,1986,"Columbus, NY",A leading company in the energy sector.,https://sapphiretechgroup.com,+17329726143,9860 Main Ave,Columbus,CA,BR,75842,US/Central,False,"['referral_partner', 'existing_customer', 'content_downloader']",2026-07-30T22:02:20.957806,b76f0d06-487f-4c14-97a4-859d3404b661
ca3dadcf-50ac-4d54-9075-5941dccb1715,7179207a-0cc9-48e0-87e1-8cd7d2f9f721,RedRock Ventures Co,redrockventuresco.com,Aerospace,1-10,153072221.94,2000,"Minneapolis, NM",A leading company in the automotive sector.,https://redrockventuresco.com,+15019695180,7953 Main Blvd,Minneapolis,MD,GB,43265,US/Pacific,True,[],2026-03-02T12:30:18.957839,1773f9d2-3516-4ff5-9acc-3b6a7b2ce872
11b7ef0b-8b18-46bd-a93b-56b1c61fefe7,7179207a-0cc9-48e0-87e1-8cd7d2f9f721,Atlas Computing LLC,atlascomputingllc.com,Insurance,1000+,113230760.72,2008,"Columbus, TX",A leading company in the construction sector.,https://atlascomputingllc.com,+13011318028,9406 Main Ave,Columbus,CA,JP,75531,UTC,False,['existing_customer'],2025-09-08T09:35:02.957869,02fc8d0f-48ca-4ab5-95da-9f2f51d44e5b
83e65d26-3a07-4e79-96b8-0646f171b5d6,7179207a-0cc9-48e0-87e1-8cd7d2f9f721,Coral Health Inc,coralhealthinc.com,Automotive,500+,462065311.58,1990,"Tulsa, CA",A leading company in the education sector.,https://coralhealthinc.com,+16487304951,2016 Main Ave,Tulsa,NC,GB,10276,UTC,True,"['pricing_page', 'content_downloader', 'webinar_attendee']",2025-06-02T04:57:23.957899,8c00e028-41da-4e2c-91bf-e06c6f74595b
dd414cd7-47d1-49bd-ab82-fe287673300d,7179207a-0cc9-48e0-87e1-8cd7d2f9f721,DataFlow Systems Group,dataflowsystemsgroup.com,Aerospace,1000+,433924456.82,2023,"Miami, NM",A leading company in the hospitality sector.,https://dataflowsystemsgroup.com,+12522709173,9074 Main Blvd,Miami,TX,AU,60294,UTC,True,['new_market'],2025-11-28T14:55:59.957927,a120de43-c4d0-46d0-8c1a-3b6044216650
e3061b89-5937-489b-8589-75f82a8ad37d,7179207a-0cc9-48e0-87e1-8cd7d2f9f721,Catalyst Group Partners,catalystgrouppartners.com,Automotive,500+,377570818.4,2010,"Philadelphia, WA",A leading company in the media sector.,https://catalystgrouppartners.com,+19658091493,9116 Oak Ave,Philadelphia,TN,FR,63564,US/Central,False,[],2025-03-12T03:26:23.957954,ded2cebc-b69e-4191-9d44-4929e9d428d1
1ad94cb1-e67a-4737-9313-ad818f3242e6,7179207a-0cc9-48e0-87e1-8cd7d2f9f721,Iron Mountain Co,ironmountainco.com,Telecommunications,201-500,458003847.38,1980,"Los Angeles, MA",A leading company in the legal sector.,https://ironmountainco.com,+16052123017,9739 Elm Dr,Los Angeles,AZ,AU,12561,UTC,False,"['content_downloader', 'upsell', 'startup']",2025-04-21T03:46:54.957990,8c00e028-41da-4e2c-91bf-e06c6f74595b
3cd0126d-d728-4b5d-b90d-216bb015f4cc,7179207a-0cc9-48e0-87e1-8cd7d2f9f721,Crystal Clear Ltd,crystalclearltd.com,Consulting,1-10,354493936.08,2025,"Boston, NC",A leading company in the consulting sector.,https://crystalclearltd.com,+16301777574,7423 Cedar Blvd,Boston,TX,IN,90493,US/Central,False,"['enterprise', 'low_priority', 'referral_partner']",2025-02-20T16:40:45.958018,b76f0d06-487f-4c14-97a4-859d3404b661
008c7be4-4aea-4980-8e16-8cec2993fc2d,7179207a-0cc9-48e0-87e1-8cd7d2f9f721,Onyx Data Co,onyxdataco.com,Media,201-500,274139969.4,1998,"Fort Worth, GA",A leading company in the manufacturing sector.,https://onyxdataco.com,+17918124110,9397 Cedar Rd,Fort Worth,NV,GB,60910,US/Pacific,False,['new_market'],2026-04-24T23:37:27.958046,02fc8d0f-48ca-4ab5-95da-9f2f51d44e5b
617aeb77-7166-4409-bb87-8199a1f04fe8,7179207a-0cc9-48e0-87e1-8cd7d2f9f721,Ember Labs Partners,emberlabspartners.com,Education,201-500,264592855.38,2023,"Kansas City, VA",A leading company in the agriculture sector.,https://emberlabspartners.com,+19651867687,1290 Pine St,Kansas City,MA,MX,66197,US/Eastern,False,[],2026-05-16T17:02:06.958072,e52849ba-01bf-4e30-a6ad-e02749ff23a9
b637f739-f763-41de-8ec4-4a2e1ed4e814,7179207a-0cc9-48e0-87e1-8cd7d2f9f721,Titan Industries Group,titanindustriesgroup.com,Manufacturing,1-10,471636844.91,1988,"Indianapolis, KY",A leading company in the transportation sector.,https://titanindustriesgroup.com,+18247253801,8652 Cedar Rd,Indianapolis,FL,IN,11925,US/Central,False,[],2026-02-17T08:22:30.958099,7d137f66-8604-40bf-ba81-6af4667de5ac
7e70076a-d089-4e0f-97c0-90a675401e5d,7179207a-0cc9-48e0-87e1-8cd7d2f9f721,Diamond Edge Ltd,diamondedgeltd.com,Energy,500+,157211573.98,1987,"Boston, WI",A leading company in the agriculture sector.,https://diamondedgeltd.com,+13962448532,1578 Oak Dr,Boston,CO,IN,88921,US/Eastern,False,[],2025-07-03T13:30:48.958137,7d137f66-8604-40bf-ba81-6af4667de5ac
107a793e-cc89-4a1b-bd77-4d40acdaeb06,7179207a-0cc9-48e0-87e1-8cd7d2f9f721,Sapphire Tech Partners,sapphiretechpartners.com,Hospitality,11-50,217899440.24,1991,"Colorado Springs, TX",A leading company in the manufacturing sector.,https://sapphiretechpartners.com,+18885513486,7923 Pine Rd,Colorado Springs,CO,CA,68887,UTC,False,"['bulk_order', 'demo']",2025-11-04T08:06:32.958166,7d137f66-8604-40bf-ba81-6af4667de5ac
87121801-fb88-4f14-9e84-dc5d50f73d91,7179207a-0cc9-48e0-87e1-8cd7d2f9f721,Onyx Data Corp,onyxdatacorp.com,Consulting,51-200,243078977.59,1982,"Oakland, TN",A leading company in the media sector.,https://onyxdatacorp.com,+19642904130,2171 Main Rd,Oakland,CA,GB,58125,US/Pacific,False,[],2025-03-27T05:36:50.958193,a120de43-c4d0-46d0-8c1a-3b6044216650
35bdbff9-ee7d-44a3-9437-eaea77a12d17,7179207a-0cc9-48e0-87e1-8cd7d2f9f721,ClearView Corp LLC,clearviewcorpllc.com,Energy,201-500,137590737.17,1983,"Tulsa, WI",A leading company in the retail sector.,https://clearviewcorpllc.com,+17202374116,2328 Pine Dr,Tulsa,FL,JP,31358,US/Central,False,"['vip', 'enterprise']",2025-05-07T20:58:57.958227,02fc8d0f-48ca-4ab5-95da-9f2f51d44e5b
db4a033b-5bb9-4eef-8f69-5440055971b9,7179207a-0cc9-48e0-87e1-8cd7d2f9f721,Crystal Clear Co,crystalclearco.com,Retail,11-50,344439210.31,2025,"Mesa, MD",A leading company in the marketing sector.,https://crystalclearco.com,+12386931319,6976 Main Dr,Mesa,CA,AU,10818,US/Pacific,True,"['new_market', 'churned']",2025-04-06T06:38:13.958255,7d137f66-8604-40bf-ba81-6af4667de5ac
a8a7d675-bc82-4f43-b019-0a824fe0986a,7179207a-0cc9-48e0-87e1-8cd7d2f9f721,Pearl Analytics Corp,pearlanalyticscorp.com,Aerospace,11-50,421928060.8,1986,"New York, VA",A leading company in the finance sector.,https://pearlanalyticscorp.com,+13352843281,7102 Main St,New York,TX,AU,39807,US/Pacific,True,['at_risk'],2025-03-21T04:30:07.958291,0002ada9-8f33-49a6-b9b4-7aa4a8a79084
dfd79864-d9dd-4f60-b538-0cd59b3733a9,7179207a-0cc9-48e0-87e1-8cd7d2f9f721,Quantum Dynamics Co,quantumdynamicsco.com,Automotive,51-200,340258689.47,1980,"Louisville, NM",A leading company in the legal sector.,https://quantumdynamicsco.com,+19859691792,1519 Cedar Rd,Louisville,DC,JP,52890,US/Central,True,['existing_customer'],2026-07-24T20:21:29.958323,e16f7e8e-9f87-481c-a95f-799224a1dd30
2ccd76b4-7369-42f5-a85b-702f929e5ce5,7179207a-0cc9-48e0-87e1-8cd7d2f9f721,Ruby Software Group,rubysoftwaregroup.com,Real Estate,201-500,172339657.61,2018,"Kansas City, CA",A leading company in the legal sector.,https://rubysoftwaregroup.com,+16108350479,1993 Elm St,Kansas City,NC,JP,28514,US/Pacific,True,"['new_market', 'startup']",2025-09-11T05:52:54.958351,e52849ba-01bf-4e30-a6ad-e02749ff23a9
e233713f-7bcd-401a-869d-d61cc5106754,7179207a-0cc9-48e0-87e1-8cd7d2f9f721,Velocity Labs Corp,velocitylabscorp.com,Manufacturing,51-200,387352864.12,2022,"Chicago, NC",A leading company in the hospitality sector.,https://velocitylabscorp.com,+17247501016,3101 Main Dr,Chicago,CO,DE,57178,US/Pacific,True,['trial'],2025-07-10T18:37:23.958377,02fc8d0f-48ca-4ab5-95da-9f2f51d44e5b
b384b495-7534-4a5c-bc88-f3db351e6764,7179207a-0cc9-48e0-87e1-8cd7d2f9f721,NexGen Software Ltd,nexgensoftwareltd.com,Insurance,201-500,19506950.57,2007,"Seattle, MD",A leading company in the real estate sector.,https://nexgensoftwareltd.com,+18821636450,3688 Pine Blvd,Seattle,CA,JP,35589,US/Central,False,"['renewal', 'webinar_attendee']",2025-12-07T18:05:06.958408,8c00e028-41da-4e2c-91bf-e06c6f74595b
3018088a-1c7d-4349-8515-8e3647ed5f8e,7179207a-0cc9-48e0-87e1-8cd7d2f9f721,GreenField Capital Group,greenfieldcapitalgroup.com,Energy,51-200,26583831.33,2008,"Houston, WA",A leading company in the healthcare sector.,https://greenfieldcapitalgroup.com,+13689956001,7456 Cedar Blvd,Houston,TX,CA,57739,US/Pacific,True,['bulk_order'],2025-02-15T00:56:10.958435,e52849ba-01bf-4e30-a6ad-e02749ff23a9
edf42169-971e-48f5-a573-44f4df24b6c6,7179207a-0cc9-48e0-87e1-8cd7d2f9f721,Jade Consulting Corp,jadeconsultingcorp.com,Energy,1-10,21300460.29,2020,"Wichita, MN",A leading company in the consulting sector.,https://jadeconsultingcorp.com,+15137988451,9931 Main Ave,Wichita,TX,CA,23122,US/Pacific,False,"['hot_lead', 'referral_partner', 'win_back']",2025-02-24T08:29:19.958463,34cd9ae9-7de1-4193-9109-53462c16ece9
8666a9fb-e8de-4745-b302-f0d66b444631,7179207a-0cc9-48e0-87e1-8cd7d2f9f721,Crystal Corp Corp,crystalcorpcorp.com,Telecommunications,1000+,194563090.37,2023,"Tulsa, MN",A leading company in the retail sector.,https://crystalcorpcorp.com,+17017338236,489 Elm Rd,Tulsa,MA,DE,51304,US/Central,False,[],2025-08-05T03:19:50.958489,8c00e028-41da-4e2c-91bf-e06c6f74595b
3ef1de54-9996-4fb6-8764-1d0bf830dfb6,7179207a-0cc9-48e0-87e1-8cd7d2f9f721,BlueShift Labs Partners,blueshiftlabspartners.com,Retail,201-500,450563402.85,2016,"Dallas, TX",A leading company in the healthcare sector.,https://blueshiftlabspartners.com,+12045422189,6943 Main St,Dallas,TN,CA,54205,US/Eastern,False,['demo'],2025-10-28T19:19:56.958517,a120de43-c4d0-46d0-8c1a-3b6044216650
6fd09a47-2143-4822-b6df-41db7775467e,7179207a-0cc9-48e0-87e1-8cd7d2f9f721,Topaz Digital Corp,topazdigitalcorp.com,Telecommunications,51-200,21960752.11,2011,"Chicago, TX",A leading company in the telecommunications sector.,https://topazdigitalcorp.com,+15024449293,2215 Elm Rd,Chicago,GA,US,56381,US/Central,False,['win_back'],2025-04-13T05:03:35.958548,e52849ba-01bf-4e30-a6ad-e02749ff23a9
18c64105-f097-4bc5-a7dc-f2875cdec4a6,7179207a-0cc9-48e0-87e1-8cd7d2f9f721,ClearView Corp Corp,clearviewcorpcorp.com,Aerospace,11-50,484918870.69,1980,"Oakland, OH",A leading company in the automotive sector.,https://clearviewcorpcorp.com,+12509028741,4645 Pine Ave,Oakland,IL,DE,66152,UTC,False,"['startup', 'new_market']",2025-12-10T02:07:48.958575,ece82b98-28d8-4c7e-94ba-1bb820731ba5
ee30c908-7fe3-4371-bf27-005ee0ac123f,7179207a-0cc9-48e0-87e1-8cd7d2f9f721,IronClad Security LLC,ironcladsecurityllc.com,Energy,500+,308318901.09,1991,"Long Beach, CA",A leading company in the transportation sector.,https://ironcladsecurityllc.com,+17781490589,4091 Pine Rd,Long Beach,OK,GB,15990,US/Central,False,[],2025-04-06T18:08:44.958609,0002ada9-8f33-49a6-b9b4-7aa4a8a79084
f36f4d99-a308-44d9-a31e-9abed5ff1ef0,7179207a-0cc9-48e0-87e1-8cd7d2f9f721,Pearl Analytics Group,pearlanalyticsgroup.com,Technology,201-500,285617920.68,2015,"New York, TX",A leading company in the finance sector.,https://pearlanalyticsgroup.com,+14348210315,7296 Elm Blvd,New York,IL,DE,72781,US/Central,False,['seasonal'],2025-09-16T10:21:52.958645,ece82b98-28d8-4c7e-94ba-1bb820731ba5
fc98371e-20fd-466f-8375-cbda4460de59,7179207a-0cc9-48e0-87e1-8cd7d2f9f721,Prism Technologies Corp,prismtechnologiescorp.com,Transportation,11-50,10304571.98,2005,"Colorado Springs, AZ",A leading company in the telecommunications sector.,https://prismtechnologiescorp.com,+17914070962,2675 Pine Blvd,Colorado Springs,NY,DE,31060,US/Central,False,[],2026-06-25T11:02:39.958673,e16f7e8e-9f87-481c-a95f-799224a1dd30
1bdda867-a371-43c6-8538-afa7d4065bad,7179207a-0cc9-48e0-87e1-8cd7d2f9f721,Horizon Media Corp,horizonmediacorp.com,Hospitality,11-50,142970237.91,2009,"Dallas, CA",A leading company in the legal sector.,https://horizonmediacorp.com,+17084254520,1101 Oak Rd,Dallas,MN,GB,38683,US/Eastern,False,[],2025-04-17T03:51:41.958703,de2d46fb-a956-4b96-bc60-115ccf0715a6
25054445-aded-4aab-8706-fc1ba6186ec7,7179207a-0cc9-48e0-87e1-8cd7d2f9f721,Diamond Edge Inc,diamondedgeinc.com,Healthcare,1000+,447520355.78,2006,"Kansas City, CA",A leading company in the healthcare sector.,https://diamondedgeinc.com,+13529736332,192 Cedar Rd,Kansas City,TN,JP,43197,US/Eastern,True,[],2025-05-06T17:17:20.958730,e16f7e8e-9f87-481c-a95f-799224a1dd30
2113685b-e42c-44c8-8637-8758017c7979,7179207a-0cc9-48e0-87e1-8cd7d2f9f721,SwiftScale LLC,swiftscalellc.com,Aerospace,1-10,140830864.14,2023,"Dallas, OK",A leading company in the telecommunications sector.,https://swiftscalellc.com,+17729842818,9317 Cedar Rd,Dallas,MD,AU,84133,US/Eastern,True,"['cross_sell', 'nurture', 'webinar_attendee']",2025-03-24T11:42:55.958757,bebdbef1-3be2-4351-a13f-43e46af2a5a2
4cd25afa-3d9e-4b13-804e-f6b33b37221f,7179207a-0cc9-48e0-87e1-8cd7d2f9f721,Catalyst Group Ltd,catalystgroupltd.com,Retail,1-10,442377908.64,1989,"Virginia Beach, WI",A leading company in the transportation sector.,https://catalystgroupltd.com,+17814196529,3156 Main Blvd,Virginia Beach,WI,BR,13232,US/Eastern,True,"['hot_lead', 'startup', 'demo']",2025-07-20T11:31:21.958785,de2d46fb-a956-4b96-bc60-115ccf0715a6
affc07d0-d22d-455c-bad5-e8d6407663e7,7179207a-0cc9-48e0-87e1-8cd7d2f9f721,Silver Stream Group,silverstreamgroup.com,Retail,11-50,215752969.17,1990,"New York, TX",A leading company in the aerospace sector.,https://silverstreamgroup.com,+19411211520,2900 Main Blvd,New York,AZ,CA,78452,US/Pacific,False,"['existing_customer', 'hot_lead']",2026-04-25T07:10:53.958812,b76f0d06-487f-4c14-97a4-859d3404b661
ca41c310-978c-4941-a5d2-79d3762df4aa,7179207a-0cc9-48e0-87e1-8cd7d2f9f721,SilverLine Corp Group,silverlinecorpgroup.com,Real Estate,500+,185745618.78,2015,"Louisville, GA",A leading company in the finance sector.,https://silverlinecorpgroup.com,+19431710879,5227 Cedar Dr,Louisville,MN,BR,31951,UTC,False,[],2025-03-28T15:40:26.958842,8c00e028-41da-4e2c-91bf-e06c6f74595b
23b3956f-3152-4598-a0c1-69fe90f1db93,7179207a-0cc9-48e0-87e1-8cd7d2f9f721,Catalyst Group Ltd,catalystgroupltd.com,Aerospace,11-50,33631011.09,2004,"Sacramento, NE",A leading company in the manufacturing sector.,https://catalystgroupltd.com,+18479045416,9633 Elm Ave,Sacramento,CA,FR,53476,US/Central,False,[],2026-07-16T08:20:06.958868,1773f9d2-3516-4ff5-9acc-3b6a7b2ce872
378ea9b4-4b21-4866-b53d-bc8f4ff60881,7179207a-0cc9-48e0-87e1-8cd7d2f9f721,Iron Mountain Co,ironmountainco.com,Retail,1-10,27034470.88,2015,"Albuquerque, OH",A leading company in the aerospace sector.,https://ironmountainco.com,+17560030778,2188 Oak Ave,Albuquerque,VA,GB,17754,US/Central,True,"['high_priority', 'upsell']",2025-09-09T08:06:04.958895,8c00e028-41da-4e2c-91bf-e06c6f74595b
e91b6751-9667-432d-98b7-859e149d72ff,7179207a-0cc9-48e0-87e1-8cd7d2f9f721,Bronze Gate Co,bronzegateco.com,Education,1-10,210759017.63,2003,"Mesa, KS",A leading company in the aerospace sector.,https://bronzegateco.com,+15051746858,267 Oak St,Mesa,TX,US,93105,US/Eastern,False,"['seasonal', 'cold_lead']",2025-09-17T08:05:01.958929,1773f9d2-3516-4ff5-9acc-3b6a7b2ce872
f47e1e1d-0e10-490c-9092-2cb501172d59,7179207a-0cc9-48e0-87e1-8cd7d2f9f721,Steel Bridge Ltd,steelbridgeltd.com,Transportation,11-50,347741527.27,1986,"Tucson, IN",A leading company in the transportation sector.,https://steelbridgeltd.com,+15083152295,778 Oak Rd,Tucson,PA,IN,53970,UTC,False,"['at_risk', 'vip', 'win_back']",2025-04-04T15:50:50.958957,de2d46fb-a956-4b96-bc60-115ccf0715a6
69a347d6-61cc-4280-a42d-a4184d98e2a0,7179207a-0cc9-48e0-87e1-8cd7d2f9f721,Diamond Edge Group,diamondedgegroup.com,Telecommunications,201-500,229826452.2,2005,"Charlotte, CO",A leading company in the education sector.,https://diamondedgegroup.com,+18919644328,3774 Oak St,Charlotte,CA,US,95427,US/Eastern,False,[],2026-04-06T06:00:07.958987,0002ada9-8f33-49a6-b9b4-7aa4a8a79084
01119dec-c620-4bed-b27f-ee40ff29f39d,7179207a-0cc9-48e0-87e1-8cd7d2f9f721,Vanguard Systems Ltd,vanguardsystemsltd.com,Healthcare,11-50,291041048.28,2013,"Omaha, OH",A leading company in the education sector.,https://vanguardsystemsltd.com,+12125291217,4162 Cedar Blvd,Omaha,AZ,MX,60737,US/Pacific,True,[],2025-08-31T07:37:19.959019,e16f7e8e-9f87-481c-a95f-799224a1dd30
a162539a-e6fc-4ca8-ac12-9f5d5743fa18,7179207a-0cc9-48e0-87e1-8cd7d2f9f721,Amber Industries Inc,amberindustriesinc.com,Healthcare,51-200,202961109.32,2003,"Fresno, TN",A leading company in the hospitality sector.,https://amberindustriesinc.com,+18272819363,764 Elm Ave,Fresno,MN,IN,30050,UTC,False,"['demo', 'enterprise', 'cross_sell']",2025-11-25T12:34:53.959048,46cb662a-e863-4194-99df-ab55ff22701c
8bd8c9cb-20fb-4faa-a8a2-bf001c82c688,7179207a-0cc9-48e0-87e1-8cd7d2f9f721,Crystal Clear Inc,crystalclearinc.com,Media,201-500,489849298.09,2023,"Baltimore, DC",A leading company in the aerospace sector.,https://crystalclearinc.com,+15308027795,3781 Cedar Dr,Baltimore,TX,US,49623,US/Pacific,True,['cold_lead'],2025-07-27T17:20:12.959075,1773f9d2-3516-4ff5-9acc-3b6a7b2ce872
2c405a0b-6195-463c-8223-0780ff317fc5,7179207a-0cc9-48e0-87e1-8cd7d2f9f721,BrightStar Inc Co,brightstarincco.com,Finance,51-200,484330303.29,1996,"San Diego, OH",A leading company in the media sector.,https://brightstarincco.com,+14858148691,5728 Cedar Blvd,San Diego,WA,GB,23292,UTC,False,"['referral_partner', 'win_back', 'hot_lead']",2026-03-29T08:40:40.959103,a120de43-c4d0-46d0-8c1a-3b6044216650
01e5021f-340e-4103-8226-c1ffcf1b02e4,7179207a-0cc9-48e0-87e1-8cd7d2f9f721,Catalyst Group Partners,catalystgrouppartners.com,Finance,1000+,300412527.26,2023,"Washington DC, OR",A leading company in the legal sector.,https://catalystgrouppartners.com,+12947483284,9270 Pine Ave,Washington DC,TX,FR,70415,US/Eastern,False,[],2026-02-13T22:39:46.959133,ded2cebc-b69e-4191-9d44-4929e9d428d1
16f68f54-bed3-419f-8525-947feec68121,7179207a-0cc9-48e0-87e1-8cd7d2f9f721,Summit Analytics LLC,summitanalyticsllc.com,Real Estate,1-10,404467960.32,1995,"San Francisco, AZ",A leading company in the finance sector.,https://summitanalyticsllc.com,+19328957241,6093 Cedar Dr,San Francisco,NV,US,59002,US/Central,False,"['bulk_order', 'webinar_attendee', 'seasonal']",2025-11-07T21:29:19.959165,34cd9ae9-7de1-4193-9109-53462c16ece9
71094826-c779-43ac-bc13-123d58b8d407,7179207a-0cc9-48e0-87e1-8cd7d2f9f721,Diamond Edge Ltd,diamondedgeltd.com,Automotive,1000+,447462499.72,1997,"Las Vegas, FL",A leading company in the energy sector.,https://diamondedgeltd.com,+16067288681,6006 Oak Dr,Las Vegas,MA,MX,71890,US/Central,False,"['startup', 'content_downloader', 'at_risk']",2025-11-19T07:54:42.959193,7d137f66-8604-40bf-ba81-6af4667de5ac
adf9dc7a-4bad-43bc-9c10-d1e4d67ff394,7179207a-0cc9-48e0-87e1-8cd7d2f9f721,Zenith Partners Corp,zenithpartnerscorp.com,Transportation,1-10,267766439.52,1980,"Denver, KS",A leading company in the energy sector.,https://zenithpartnerscorp.com,+17610728370,1534 Pine Ave,Denver,LA,IN,88111,US/Eastern,False,"['existing_customer', 'webinar_attendee']",2026-03-18T14:18:20.959221,bebdbef1-3be2-4351-a13f-43e46af2a5a2
216c5cf1-08e2-4e62-aa27-38880a976196,7179207a-0cc9-48e0-87e1-8cd7d2f9f721,SwiftScale LLC,swiftscalellc.com,Marketing,1-10,226627505.91,1997,"San Diego, TX",A leading company in the marketing sector.,https://swiftscalellc.com,+17875269248,9742 Main Blvd,San Diego,FL,IN,26061,US/Central,True,"['churned', 'new_market']",2025-08-24T12:19:46.959254,b76f0d06-487f-4c14-97a4-859d3404b661
57fb56e7-45a9-449f-bbf6-1d4e184fa71f,7179207a-0cc9-48e0-87e1-8cd7d2f9f721,Apex Innovations Ltd,apexinnovationsltd.com,Consulting,51-200,443071140.48,1993,"San Diego, OK",A leading company in the healthcare sector.,https://apexinnovationsltd.com,+18239750734,6860 Oak Dr,San Diego,NC,CA,99216,UTC,True,[],2026-06-27T22:38:01.959300,bebdbef1-3be2-4351-a13f-43e46af2a5a2
5e2e6f57-97fa-453a-9d01-69972d053154,7179207a-0cc9-48e0-87e1-8cd7d2f9f721,Apex Health LLC,apexhealthllc.com,Education,1-10,184211751.27,2015,"San Jose, MD",A leading company in the finance sector.,https://apexhealthllc.com,+14392216858,5315 Oak Ave,San Jose,MA,FR,33097,US/Pacific,False,"['upsell', 'win_back', 'churned']",2026-06-30T05:04:36.959336,7d137f66-8604-40bf-ba81-6af4667de5ac
d4f6677d-4b82-41d3-8f1a-50fc86324b97,7179207a-0cc9-48e0-87e1-8cd7d2f9f721,Amber Industries LLC,amberindustriesllc.com,Retail,1000+,466882727.63,2023,"Long Beach, CA",A leading company in the construction sector.,https://amberindustriesllc.com,+18059864442,5694 Oak Ave,Long Beach,MD,BR,69371,US/Eastern,False,"['win_back', 'trial', 'content_downloader']",2025-08-16T10:24:21.959368,0002ada9-8f33-49a6-b9b4-7aa4a8a79084
6ce47478-8e67-4198-9d15-070eb61dd2c9,7179207a-0cc9-48e0-87e1-8cd7d2f9f721,TechNova Solutions Inc,technovasolutionsinc.com,Healthcare,1000+,413716094.36,2020,"Seattle, MN",A leading company in the transportation sector.,https://technovasolutionsinc.com,+15501648602,7297 Cedar St,Seattle,CA,AU,52661,UTC,True,['high_priority'],2025-08-06T07:58:05.959401,7d137f66-8604-40bf-ba81-6af4667de5ac
6c7644e9-5d53-4028-94cf-ac4e329f3e25,7179207a-0cc9-48e0-87e1-8cd7d2f9f721,Vanguard Systems LLC,vanguardsystemsllc.com,Telecommunications,1000+,423348604.69,1992,"Nashville, CA",A leading company in the media sector.,https://vanguardsystemsllc.com,+16408654018,5033 Oak Rd,Nashville,MN,CA,38523,US/Pacific,False,[],2026-06-26T09:17:43.959429,8c00e028-41da-4e2c-91bf-e06c6f74595b
6d9963ca-c8de-4a80-a0b4-11188fdc9d9f,7179207a-0cc9-48e0-87e1-8cd7d2f9f721,CloudPeak Analytics LLC,cloudpeakanalyticsllc.com,Real Estate,201-500,311236064.68,2002,"San Diego, OK",A leading company in the manufacturing sector.,https://cloudpeakanalyticsllc.com,+18520178989,6502 Oak St,San Diego,NE,GB,85446,US/Pacific,False,"['cold_lead', 'bulk_order']",2026-02-23T01:42:42.959457,34cd9ae9-7de1-4193-9109-53462c16ece9
112262c9-6a4c-4376-9ccd-281c802a826a,7179207a-0cc9-48e0-87e1-8cd7d2f9f721,Copper Systems Partners,coppersystemspartners.com,Marketing,11-50,84529530.13,2020,"Columbus, MN",A leading company in the telecommunications sector.,https://coppersystemspartners.com,+17269235249,3214 Cedar Rd,Columbus,NE,GB,10186,US/Central,False,"['seasonal', 'renewal', 'demo']",2025-09-23T08:00:39.959489,ded2cebc-b69e-4191-9d44-4929e9d428d1
8053dbd2-d8d5-489c-b81f-8b5dcd0b03a8,7179207a-0cc9-48e0-87e1-8cd7d2f9f721,BrightStar Inc Ltd,brightstarincltd.com,Construction,51-200,485997836.81,2010,"Philadelphia, NV",A leading company in the finance sector.,https://brightstarincltd.com,+15897244757,9131 Elm St,Philadelphia,CA,GB,60998,US/Pacific,False,[],2026-07-07T09:04:26.959519,bebdbef1-3be2-4351-a13f-43e46af2a5a2
e4458b85-783c-43a1-aa01-c388cd3e5159,7179207a-0cc9-48e0-87e1-8cd7d2f9f721,Pulse Digital Ltd,pulsedigitalltd.com,Education,1-10,245721528.47,1989,"Chicago, NV",A leading company in the education sector.,https://pulsedigitalltd.com,+17816333885,9170 Oak Rd,Chicago,CA,JP,92853,US/Eastern,False,"['win_back', 'churned', 'content_downloader']",2025-10-31T22:45:14.959657,bebdbef1-3be2-4351-a13f-43e46af2a5a2
42ba9c2e-9baa-44ba-a022-fad80b8fd9c1,7179207a-0cc9-48e0-87e1-8cd7d2f9f721,Velocity Labs Co,velocitylabsco.com,Agriculture,11-50,162189708.56,1996,"Las Vegas, TX",A leading company in the manufacturing sector.,https://velocitylabsco.com,+17196138130,3650 Oak Ave,Las Vegas,TX,JP,12213,UTC,False,"['upsell', 'cold_lead']",2026-01-25T23:42:13.959698,a120de43-c4d0-46d0-8c1a-3b6044216650
3b4822f7-0a3c-4d86-ac8c-66a59a394d32,7179207a-0cc9-48e0-87e1-8cd7d2f9f721,Bronze Gate Group,bronzegategroup.com,Retail,11-50,367139524.82,2002,"San Jose, NV",A leading company in the healthcare sector.,https://bronzegategroup.com,+13619318385,5630 Oak Blvd,San Jose,CA,US,61067,US/Eastern,False,"['renewal', 'startup', 'churned']",2025-06-02T22:39:39.959727,e52849ba-01bf-4e30-a6ad-e02749ff23a9
de2b29b6-971f-47fc-8ce7-cf18f0f5ffb9,7179207a-0cc9-48e0-87e1-8cd7d2f9f721,Atlas Computing Ltd,atlascomputingltd.com,Agriculture,51-200,52315467.86,1995,"Oakland, NY",A leading company in the agriculture sector.,https://atlascomputingltd.com,+14873343363,3853 Cedar Blvd,Oakland,KS,CA,95616,US/Central,True,[],2025-09-18T17:20:15.959824,1773f9d2-3516-4ff5-9acc-3b6a7b2ce872
6367ecdd-648c-4169-b9c4-b0d6e6d1fc92,7179207a-0cc9-48e0-87e1-8cd7d2f9f721,ClearView Corp Partners,clearviewcorppartners.com,Construction,51-200,332001900.36,1994,"Houston, KS",A leading company in the agriculture sector.,https://clearviewcorppartners.com,+14821153460,6426 Main Blvd,Houston,FL,FR,72409,UTC,False,"['existing_customer', 'startup']",2025-08-03T02:06:23.959869,a120de43-c4d0-46d0-8c1a-3b6044216650
fb7419d1-5893-46bf-ae8a-891444659e75,7179207a-0cc9-48e0-87e1-8cd7d2f9f721,Quantum Dynamics Corp,quantumdynamicscorp.com,Media,1000+,133870680.87,1984,"Philadelphia, KS",A leading company in the energy sector.,https://quantumdynamicscorp.com,+13417117233,4550 Main Rd,Philadelphia,VA,CA,85527,US/Pacific,False,['existing_customer'],2025-12-30T19:43:20.959898,02fc8d0f-48ca-4ab5-95da-9f2f51d44e5b
643b4170-29f4-4518-9dfc-cb0fe4d44731,7179207a-0cc9-48e0-87e1-8cd7d2f9f721,Amber Industries Corp,amberindustriescorp.com,Healthcare,201-500,401723889.05,1988,"Jacksonville, CA",A leading company in the legal sector.,https://amberindustriescorp.com,+12724678119,2693 Main St,Jacksonville,NC,BR,22595,US/Eastern,False,[],2025-07-08T14:30:07.959925,7d137f66-8604-40bf-ba81-6af4667de5ac
84615ba7-45d8-414c-b957-eb111f7e06ed,7179207a-0cc9-48e0-87e1-8cd7d2f9f721,Pulse Digital Group,pulsedigitalgroup.com,Media,500+,201796658.7,2014,"Indianapolis, KS",A leading company in the telecommunications sector.,https://pulsedigitalgroup.com,+13743685618,9379 Cedar Dr,Indianapolis,OH,CA,31623,US/Pacific,False,"['renewal', 'startup', 'referral_partner']",2025-08-13T08:06:27.959954,0002ada9-8f33-49a6-b9b4-7aa4a8a79084
54f1d948-935d-4b94-9948-3986c8d75b57,7179207a-0cc9-48e0-87e1-8cd7d2f9f721,Crystal Clear Ltd,crystalclearltd.com,Technology,201-500,479573956.51,2024,"Oakland, KS",A leading company in the construction sector.,https://crystalclearltd.com,+18591766166,7884 Cedar Dr,Oakland,TX,DE,93545,US/Eastern,False,"['at_risk', 'hot_lead']",2025-05-10T02:14:35.959988,b76f0d06-487f-4c14-97a4-859d3404b661
c0f8f3bf-33b1-47a4-a6b9-c64553526bf4,7179207a-0cc9-48e0-87e1-8cd7d2f9f721,Fusion Analytics Corp,fusionanalyticscorp.com,Real Estate,1-10,476908771.04,2023,"Washington DC, FL",A leading company in the automotive sector.,https://fusionanalyticscorp.com,+14735611543,3076 Oak St,Washington DC,CA,US,30780,UTC,False,"['vip', 'demo']",2026-06-17T17:04:28.960020,46cb662a-e863-4194-99df-ab55ff22701c
0df82a12-8318-452b-be01-c4615eece3b2,7179207a-0cc9-48e0-87e1-8cd7d2f9f721,Prism Technologies Group,prismtechnologiesgroup.com,Telecommunications,51-200,239994973.55,2025,"Miami, TX",A leading company in the technology sector.,https://prismtechnologiesgroup.com,+12602499969,9295 Elm Dr,Miami,DC,FR,81402,US/Pacific,False,"['existing_customer', 'pricing_page']",2026-05-11T14:34:33.960048,8c00e028-41da-4e2c-91bf-e06c6f74595b
ab4cd954-0726-4d7a-8ef2-efbb531a1ce2,7179207a-0cc9-48e0-87e1-8cd7d2f9f721,BlueShift Labs Ltd,blueshiftlabsltd.com,Hospitality,51-200,213343874.84,1982,"Fort Worth, CA",A leading company in the energy sector.,https://blueshiftlabsltd.com,+12141846670,6763 Oak Blvd,Fort Worth,TN,DE,71637,US/Eastern,True,"['upsell', 'existing_customer', 'content_downloader']",2025-08-14T20:12:55.960076,0002ada9-8f33-49a6-b9b4-7aa4a8a79084
522beb3a-87bc-4e22-9b81-fd70c9b443af,7179207a-0cc9-48e0-87e1-8cd7d2f9f721,BlueShift Labs Inc,blueshiftlabsinc.com,Automotive,1000+,179078797.48,2016,"Miami, MN",A leading company in the hospitality sector.,https://blueshiftlabsinc.com,+12956661696,3473 Main Blvd,Miami,CO,BR,11042,US/Eastern,False,[],2025-07-20T22:34:04.960107,1773f9d2-3516-4ff5-9acc-3b6a7b2ce872
23314730-7109-4e90-80ee-c667f89b6f66,7179207a-0cc9-48e0-87e1-8cd7d2f9f721,Nimbus Networks Ltd,nimbusnetworksltd.com,Real Estate,201-500,149889846.79,1985,"Oakland, TN",A leading company in the aerospace sector.,https://nimbusnetworksltd.com,+17540425698,8693 Cedar Rd,Oakland,KS,AU,90179,US/Pacific,False,"['content_downloader', 'win_back']",2026-04-26T12:20:12.960135,46cb662a-e863-4194-99df-ab55ff22701c
1a09eac6-5a0c-4256-86ce-682f9d4c61b3,7179207a-0cc9-48e0-87e1-8cd7d2f9f721,Sterling Finance Co,sterlingfinanceco.com,Consulting,1000+,110742253.85,2025,"San Francisco, CA",A leading company in the finance sector.,https://sterlingfinanceco.com,+19695323484,5102 Cedar St,San Francisco,NV,MX,89099,US/Eastern,False,['seasonal'],2025-10-27T13:20:53.960167,ece82b98-28d8-4c7e-94ba-1bb820731ba5
b2a9773a-60e6-49b8-9518-27c8d37d57a1,7179207a-0cc9-48e0-87e1-8cd7d2f9f721,SwiftScale Corp,swiftscalecorp.com,Automotive,51-200,438542858.89,1996,"Charlotte, CA",A leading company in the construction sector.,https://swiftscalecorp.com,+19555150158,9297 Oak Ave,Charlotte,NC,US,87767,US/Central,False,['referral_partner'],2026-06-08T11:15:47.960194,ece82b98-28d8-4c7e-94ba-1bb820731ba5
cc5290ea-6b67-484d-9985-b1d98a5e87a6,7179207a-0cc9-48e0-87e1-8cd7d2f9f721,Copper Systems Co,coppersystemsco.com,Construction,500+,429073888.93,1997,"Sacramento, TX",A leading company in the marketing sector.,https://coppersystemsco.com,+12677287684,230 Cedar Dr,Sacramento,TX,US,32719,UTC,False,[],2026-06-10T15:12:22.960221,46cb662a-e863-4194-99df-ab55ff22701c
65069e59-6114-45d2-9fb2-17f343cf0809,7179207a-0cc9-48e0-87e1-8cd7d2f9f721,Ember Labs Corp,emberlabscorp.com,Consulting,1000+,354892199.42,2006,"Fort Worth, MA",A leading company in the energy sector.,https://emberlabscorp.com,+18324844556,9694 Oak Ave,Fort Worth,IL,DE,11331,UTC,False,"['cross_sell', 'webinar_attendee', 'startup']",2025-07-07T01:33:01.960248,ded2cebc-b69e-4191-9d44-4929e9d428d1
8bc17f17-4004-480a-8de0-9ca1c992619f,7179207a-0cc9-48e0-87e1-8cd7d2f9f721,Pearl Analytics Inc,pearlanalyticsinc.com,Manufacturing,1000+,437327071.61,1986,"Los Angeles, TX",A leading company in the education sector.,https://pearlanalyticsinc.com,+17171313102,7660 Pine Dr,Los Angeles,TX,JP,87975,US/Pacific,True,"['churned', 'win_back']",2026-06-02T03:23:28.960276,02fc8d0f-48ca-4ab5-95da-9f2f51d44e5b
66976ba2-38e9-4a46-aac4-363db0c457d3,7179207a-0cc9-48e0-87e1-8cd7d2f9f721,BrightStar Inc Co,brightstarincco.com,Automotive,500+,109239520.1,1984,"Philadelphia, CA",A leading company in the transportation sector.,https://brightstarincco.com,+14373186214,3199 Pine Blvd,Philadelphia,NV,IN,39004,UTC,True,"['enterprise', 'at_risk']",2025-12-05T09:59:25.960307,ded2cebc-b69e-4191-9d44-4929e9d428d1
98bfa1dd-7abb-4f8e-9a72-5b0aba010bf5,7179207a-0cc9-48e0-87e1-8cd7d2f9f721,EverGreen Solutions LLC,evergreensolutionsllc.com,Manufacturing,1-10,428994731.87,1992,"Virginia Beach, DC",A leading company in the telecommunications sector.,https://evergreensolutionsllc.com,+13257373556,4443 Elm Ave,Virginia Beach,CA,CA,12453,US/Central,True,"['seasonal', 'existing_customer', 'content_downloader']",2026-07-07T03:15:54.960347,e16f7e8e-9f87-481c-a95f-799224a1dd30
24779288-0088-4ba7-802b-a3a66173212a,7179207a-0cc9-48e0-87e1-8cd7d2f9f721,Diamond Edge Co,diamondedgeco.com,Technology,1-10,276106851.1,2021,"Sacramento, TN",A leading company in the manufacturing sector.,https://diamondedgeco.com,+18739150994,4697 Elm Rd,Sacramento,TX,GB,95697,UTC,False,"['pricing_page', 'cross_sell', 'startup']",2026-05-27T12:54:01.960377,ded2cebc-b69e-4191-9d44-4929e9d428d1
0875ab85-1332-4297-83e0-ee9e1d9dc502,7179207a-0cc9-48e0-87e1-8cd7d2f9f721,CloudPeak Analytics Corp,cloudpeakanalyticscorp.com,Energy,1-10,77625119.69,2014,"Columbus, MA",A leading company in the healthcare sector.,https://cloudpeakanalyticscorp.com,+12701666774,9260 Cedar Blvd,Columbus,KY,IN,54346,US/Eastern,False,"['bulk_order', 'nurture']",2025-08-27T10:37:35.960405,1773f9d2-3516-4ff5-9acc-3b6a7b2ce872
e523f3c8-7ca5-4e37-ae23-83d43a0d9c7e,7179207a-0cc9-48e0-87e1-8cd7d2f9f721,Ember Labs LLC,emberlabsllc.com,Marketing,1-10,68189272.68,1988,"Raleigh, OK",A leading company in the hospitality sector.,https://emberlabsllc.com,+18758633137,1866 Oak Ave,Raleigh,NY,DE,12879,US/Eastern,True,"['pricing_page', 'startup', 'bulk_order']",2025-06-10T18:52:54.960439,b76f0d06-487f-4c14-97a4-859d3404b661
24239f29-336a-4570-be2e-af0c3609a718,7179207a-0cc9-48e0-87e1-8cd7d2f9f721,Nimbus Networks Corp,nimbusnetworkscorp.com,Telecommunications,201-500,71040126.43,2010,"New York, NC",A leading company in the aerospace sector.,https://nimbusnetworkscorp.com,+17786924952,5264 Oak St,New York,FL,FR,94116,US/Central,True,[],2025-08-01T11:42:40.960470,de2d46fb-a956-4b96-bc60-115ccf0715a6
0836d41e-4ebb-4288-b6db-47dcf12209aa,7179207a-0cc9-48e0-87e1-8cd7d2f9f721,Ruby Software Group,rubysoftwaregroup.com,Legal,201-500,85355128.67,1981,"Wichita, OH",A leading company in the legal sector.,https://rubysoftwaregroup.com,+19373337282,2259 Main Ave,Wichita,CA,FR,70090,UTC,False,[],2025-05-09T19:50:40.960497,de2d46fb-a956-4b96-bc60-115ccf0715a6
d91b21f2-f91d-4d8d-8fa5-e188730f0390,7179207a-0cc9-48e0-87e1-8cd7d2f9f721,Apex Innovations LLC,apexinnovationsllc.com,Manufacturing,51-200,26106991.33,2003,"Virginia Beach, TX",A leading company in the telecommunications sector.,https://apexinnovationsllc.com,+19792463135,6876 Pine Rd,Virginia Beach,WI,CA,72427,US/Pacific,False,"['content_downloader', 'hot_lead']",2025-08-11T12:54:29.960526,e52849ba-01bf-4e30-a6ad-e02749ff23a9
185b519b-e9e2-4ab0-9bdd-8aa470c79117,7179207a-0cc9-48e0-87e1-8cd7d2f9f721,Fusion Analytics Corp,fusionanalyticscorp.com,Insurance,11-50,268434627.09,2008,"Miami, CA",A leading company in the agriculture sector.,https://fusionanalyticscorp.com,+14701200744,5662 Cedar St,Miami,FL,GB,51504,UTC,False,"['webinar_attendee', 'new_market']",2025-11-20T12:34:51.960554,8c00e028-41da-4e2c-91bf-e06c6f74595b
3e500625-0f87-4de0-88cf-ba4984e6be1f,7179207a-0cc9-48e0-87e1-8cd7d2f9f721,Coral Health Partners,coralhealthpartners.com,Manufacturing,11-50,242759619.59,2020,"Arlington, TX",A leading company in the telecommunications sector.,https://coralhealthpartners.com,+18757716237,1350 Oak St,Arlington,TX,CA,21265,UTC,True,"['low_priority', 'enterprise', 'renewal']",2026-01-25T23:26:01.960581,e16f7e8e-9f87-481c-a95f-799224a1dd30
08840ada-dc5d-4fda-8c80-ed37535503e4,7179207a-0cc9-48e0-87e1-8cd7d2f9f721,Crystal Corp Partners,crystalcorppartners.com,Healthcare,1000+,458169575.33,1984,"Raleigh, WI",A leading company in the healthcare sector.,https://crystalcorppartners.com,+14081904919,690 Oak Rd,Raleigh,CA,AU,23574,US/Central,False,['referral_partner'],2025-12-27T07:17:23.960608,0002ada9-8f33-49a6-b9b4-7aa4a8a79084
89d644a3-e07d-4263-97d3-da1488fe895b,7179207a-0cc9-48e0-87e1-8cd7d2f9f721,IronClad Security LLC,ironcladsecurityllc.com,Manufacturing,201-500,472675956.54,1996,"Jacksonville, IN",A leading company in the marketing sector.,https://ironcladsecurityllc.com,+14394686129,3078 Oak St,Jacksonville,MA,FR,29615,US/Eastern,True,['webinar_attendee'],2025-12-30T12:47:51.960646,ece82b98-28d8-4c7e-94ba-1bb820731ba5
110105f3-0ba3-4842-9334-c27408e95a81,7179207a-0cc9-48e0-87e1-8cd7d2f9f721,Crystal Clear Ltd,crystalclearltd.com,Real Estate,1000+,367983487.05,2024,"Fort Worth, CA",A leading company in the real estate sector.,https://crystalclearltd.com,+17164082566,4849 Pine Blvd,Fort Worth,MD,US,49941,US/Pacific,False,"['vip', 'upsell']",2026-05-26T04:03:52.960673,b76f0d06-487f-4c14-97a4-859d3404b661
20b32e8f-933d-4059-98c2-225125036755,7179207a-0cc9-48e0-87e1-8cd7d2f9f721,Apex Innovations Inc,apexinnovationsinc.com,Aerospace,1000+,188792703.71,2012,"Boston, CA",A leading company in the transportation sector.,https://apexinnovationsinc.com,+16601505286,5231 Oak Dr,Boston,AZ,FR,91777,US/Eastern,False,['nurture'],2025-12-26T18:23:03.960700,ded2cebc-b69e-4191-9d44-4929e9d428d1
23bc7169-1ce6-44ac-a6c2-3d2ece8bb956,7179207a-0cc9-48e0-87e1-8cd7d2f9f721,Atlas Computing LLC,atlascomputingllc.com,Agriculture,201-500,159487445.93,1990,"Baltimore, TX",A leading company in the transportation sector.,https://atlascomputingllc.com,+14436271784,387 Elm St,Baltimore,NV,AU,81137,UTC,True,['vip'],2026-02-18T00:09:30.960729,de2d46fb-a956-4b96-bc60-115ccf0715a6
a16aa5e8-0c44-47aa-8fd9-0d0d8a528585,7179207a-0cc9-48e0-87e1-8cd7d2f9f721,Apex Innovations LLC,apexinnovationsllc.com,Consulting,1-10,35714367.93,2006,"Colorado Springs, OH",A leading company in the healthcare sector.,https://apexinnovationsllc.com,+16946233634,5305 Pine Rd,Colorado Springs,NV,DE,67133,US/Eastern,False,['churned'],2026-03-30T09:34:56.960761,bebdbef1-3be2-4351-a13f-43e46af2a5a2
5ddc9f21-49b9-40a5-b8fc-d740c3030048,7179207a-0cc9-48e0-87e1-8cd7d2f9f721,Topaz Digital Partners,topazdigitalpartners.com,Retail,1-10,215760652.47,1984,"Denver, OK",A leading company in the legal sector.,https://topazdigitalpartners.com,+18972889613,543 Cedar Blvd,Denver,TX,DE,36838,UTC,True,[],2025-03-21T13:13:56.960792,ece82b98-28d8-4c7e-94ba-1bb820731ba5
0e3456e1-3d71-449d-bf2f-e06289a2ea29,7179207a-0cc9-48e0-87e1-8cd7d2f9f721,Jade Consulting Co,jadeconsultingco.com,Retail,1-10,409470077.71,1985,"Charlotte, FL",A leading company in the manufacturing sector.,https://jadeconsultingco.com,+16700245601,2932 Main Blvd,Charlotte,TX,FR,77025,UTC,False,['content_downloader'],2026-04-08T22:48:51.960819,0002ada9-8f33-49a6-b9b4-7aa4a8a79084
05282b63-eada-4b8c-b634-64ef1e7327c6,7179207a-0cc9-48e0-87e1-8cd7d2f9f721,ClearView Corp Corp,clearviewcorpcorp.com,Education,500+,54912151.63,2000,"New York, CA",A leading company in the insurance sector.,https://clearviewcorpcorp.com,+14307401327,6480 Pine Blvd,New York,LA,GB,98305,UTC,True,"['nurture', 'existing_customer', 'low_priority']",2026-06-29T19:24:30.960847,a120de43-c4d0-46d0-8c1a-3b6044216650
303014e4-2176-4aae-80ef-8087a3718e95,7179207a-0cc9-48e0-87e1-8cd7d2f9f721,Ember Labs Ltd,emberlabsltd.com,Energy,500+,163679751.41,2004,"Indianapolis, FL",A leading company in the hospitality sector.,https://emberlabsltd.com,+17505155833,6642 Pine St,Indianapolis,NE,IN,26947,US/Eastern,True,['hot_lead'],2025-06-29T19:11:07.960874,b76f0d06-487f-4c14-97a4-859d3404b661
5b0db07b-4abb-453e-a071-4950dd6cb15d,7179207a-0cc9-48e0-87e1-8cd7d2f9f721,RedRock Ventures LLC,redrockventuresllc.com,Real Estate,11-50,8603019.5,2024,"Phoenix, AZ",A leading company in the healthcare sector.,https://redrockventuresllc.com,+13221154162,4244 Cedar Ave,Phoenix,CA,FR,73648,UTC,True,"['cold_lead', 'content_downloader', 'existing_customer']",2025-11-17T00:15:19.960903,de2d46fb-a956-4b96-bc60-115ccf0715a6
f9517fcb-3300-4b13-a314-95d21d2e9baf,7179207a-0cc9-48e0-87e1-8cd7d2f9f721,Ember Labs Inc,emberlabsinc.com,Retail,500+,349169568.82,1987,"Long Beach, TX",A leading company in the insurance sector.,https://emberlabsinc.com,+12085480156,3693 Elm Dr,Long Beach,TN,US,32032,UTC,True,"['at_risk', 'bulk_order']",2025-07-20T22:56:24.960948,34cd9ae9-7de1-4193-9109-53462c16ece9
58f5dbc9-efac-4eb8-a7a5-29a44e7c718c,7179207a-0cc9-48e0-87e1-8cd7d2f9f721,Pulse Digital Group,pulsedigitalgroup.com,Real Estate,1-10,1974230.39,2020,"Las Vegas, IL",A leading company in the energy sector.,https://pulsedigitalgroup.com,+15477261834,4526 Oak Rd,Las Vegas,IN,JP,10250,US/Central,False,['content_downloader'],2025-07-30T23:51:42.960975,b76f0d06-487f-4c14-97a4-859d3404b661
0c2f4731-4fb4-4a0a-a35e-a02facd7c85c,7179207a-0cc9-48e0-87e1-8cd7d2f9f721,Topaz Digital Inc,topazdigitalinc.com,Telecommunications,201-500,267014237.07,2007,"Houston, TX",A leading company in the telecommunications sector.,https://topazdigitalinc.com,+15248225834,4098 Oak Ave,Houston,GA,DE,75745,US/Pacific,False,['at_risk'],2026-06-15T18:08:38.961008,8c00e028-41da-4e2c-91bf-e06c6f74595b
004dd914-bc36-4f2e-a8d1-a3733d9aebe7,7179207a-0cc9-48e0-87e1-8cd7d2f9f721,Bronze Gate Inc,bronzegateinc.com,Energy,1000+,57066656.55,2020,"Fresno, CA",A leading company in the hospitality sector.,https://bronzegateinc.com,+12760351510,7552 Main Ave,Fresno,KY,JP,49938,UTC,True,[],2025-08-18T08:57:08.961035,a120de43-c4d0-46d0-8c1a-3b6044216650
9ba0b040-52b7-49b9-ba62-48b920c913e9,7179207a-0cc9-48e0-87e1-8cd7d2f9f721,Coral Health Co,coralhealthco.com,Real Estate,11-50,358462282.88,1989,"Austin, TX",A leading company in the insurance sector.,https://coralhealthco.com,+19942033056,3766 Pine Ave,Austin,WI,MX,18296,US/Pacific,False,[],2026-03-27T20:51:58.961066,0002ada9-8f33-49a6-b9b4-7aa4a8a79084
07af1e4d-82be-4397-91b5-bad8b8679780,7179207a-0cc9-48e0-87e1-8cd7d2f9f721,Fusion Analytics Inc,fusionanalyticsinc.com,Healthcare,201-500,377771049.8,2003,"Long Beach, CO",A leading company in the retail sector.,https://fusionanalyticsinc.com,+16321913693,8918 Cedar St,Long Beach,CA,FR,42422,UTC,False,"['referral_partner', 'pricing_page', 'content_downloader']",2025-06-04T20:04:42.961098,8c00e028-41da-4e2c-91bf-e06c6f74595b
b38f66e2-469b-474d-85a8-7a2213d32f99,7179207a-0cc9-48e0-87e1-8cd7d2f9f721,Coral Health Partners,coralhealthpartners.com,Transportation,500+,209528675.82,2014,"San Diego, CA",A leading company in the marketing sector.,https://coralhealthpartners.com,+18618620969,4997 Pine Dr,San Diego,FL,US,29749,US/Pacific,False,"['new_market', 'webinar_attendee', 'nurture']",2026-02-03T00:13:58.961126,bebdbef1-3be2-4351-a13f-43e46af2a5a2
823bfd80-d6e3-4a5f-9240-dfb3f6f9e6fe,7179207a-0cc9-48e0-87e1-8cd7d2f9f721,IronClad Security LLC,ironcladsecurityllc.com,Telecommunications,11-50,154058545.23,2012,"Nashville, CO",A leading company in the automotive sector.,https://ironcladsecurityllc.com,+12697965051,5443 Oak Rd,Nashville,WA,IN,92349,UTC,False,"['cold_lead', 'existing_customer']",2025-02-28T19:30:38.961159,46cb662a-e863-4194-99df-ab55ff22701c
d853af59-1f86-4bff-8964-ddbb66997e05,7179207a-0cc9-48e0-87e1-8cd7d2f9f721,Opal Solutions Ltd,opalsolutionsltd.com,Aerospace,201-500,211554528.27,1999,"San Jose, AZ",A leading company in the telecommunications sector.,https://opalsolutionsltd.com,+18760683562,6593 Elm St,San Jose,GA,US,82515,US/Pacific,False,"['upsell', 'new_market', 'demo']",2025-11-23T18:04:31.961188,46cb662a-e863-4194-99df-ab55ff22701c
dce7834e-01dc-449f-9db6-1392e74c1746,7179207a-0cc9-48e0-87e1-8cd7d2f9f721,Quantum Dynamics Group,quantumdynamicsgroup.com,Aerospace,500+,423497595.28,1987,"Fort Worth, TN",A leading company in the telecommunications sector.,https://quantumdynamicsgroup.com,+13041666447,7609 Cedar Blvd,Fort Worth,OH,IN,86221,UTC,False,"['existing_customer', 'new_market']",2025-03-05T12:57:48.961215,46cb662a-e863-4194-99df-ab55ff22701c
64874d34-07fc-4575-b018-66ff0a73b618,7179207a-0cc9-48e0-87e1-8cd7d2f9f721,Horizon Media Inc,horizonmediainc.com,Retail,1000+,320022866.96,2005,"Omaha, NY",A leading company in the energy sector.,https://horizonmediainc.com,+16144010280,2037 Main Ave,Omaha,NV,GB,70120,UTC,False,"['new_market', 'referral_partner']",2025-04-08T03:57:54.961249,bebdbef1-3be2-4351-a13f-43e46af2a5a2
128ab97e-d866-47b1-bdd5-740699ba5a48,7179207a-0cc9-48e0-87e1-8cd7d2f9f721,Jade Consulting LLC,jadeconsultingllc.com,Insurance,51-200,179316701.96,1986,"Seattle, KS",A leading company in the marketing sector.,https://jadeconsultingllc.com,+16297307045,8941 Cedar Rd,Seattle,TX,US,53238,US/Pacific,False,['referral_partner'],2026-06-05T12:50:34.961277,bebdbef1-3be2-4351-a13f-43e46af2a5a2
f3e4630d-d34f-4cf2-808c-c7dd6df817d7,7179207a-0cc9-48e0-87e1-8cd7d2f9f721,Bronze Gate Inc,bronzegateinc.com,Transportation,201-500,492124785.8,1995,"Atlanta, NY",A leading company in the manufacturing sector.,https://bronzegateinc.com,+18215153480,6171 Main St,Atlanta,NY,DE,16019,US/Central,False,"['hot_lead', 'existing_customer', 'referral_partner']",2026-02-05T02:47:32.961305,ded2cebc-b69e-4191-9d44-4929e9d428d1
fc7212d9-0d9c-4597-91d1-b0cdedc6a344,7179207a-0cc9-48e0-87e1-8cd7d2f9f721,DataFlow Systems Corp,dataflowsystemscorp.com,Consulting,1-10,279001177.27,2016,"Portland, TX",A leading company in the telecommunications sector.,https://dataflowsystemscorp.com,+19150976439,4920 Elm Dr,Portland,KS,US,75883,US/Pacific,False,[],2025-06-06T22:38:00.961332,0002ada9-8f33-49a6-b9b4-7aa4a8a79084
3fca32c5-616f-478a-aea5-0fdfe0d44e50,7179207a-0cc9-48e0-87e1-8cd7d2f9f721,Apex Innovations Ltd,apexinnovationsltd.com,Healthcare,1-10,56543639.91,1993,"Long Beach, KY",A leading company in the transportation sector.,https://apexinnovationsltd.com,+12527745180,3883 Pine Blvd,Long Beach,DC,FR,27239,UTC,False,"['win_back', 'trial']",2026-04-13T23:38:45.961359,8c00e028-41da-4e2c-91bf-e06c6f74595b
9e7c7437-7914-4c88-b32d-726169f830d9,7179207a-0cc9-48e0-87e1-8cd7d2f9f721,ClearView Corp Co,clearviewcorpco.com,Retail,51-200,470002257.69,2004,"Boston, CA",A leading company in the manufacturing sector.,https://clearviewcorpco.com,+12501777391,5739 Cedar Rd,Boston,KY,BR,27947,US/Central,False,['nurture'],2025-08-09T07:51:13.961390,ece82b98-28d8-4c7e-94ba-1bb820731ba5
f136547c-fdac-43bb-98b9-a98b59be8959,7179207a-0cc9-48e0-87e1-8cd7d2f9f721,TechNova Solutions Corp,technovasolutionscorp.com,Real Estate,1000+,323775770.58,1998,"Indianapolis, MD",A leading company in the technology sector.,https://technovasolutionscorp.com,+13110763582,5134 Elm Dr,Indianapolis,DC,JP,47823,US/Central,False,['referral_partner'],2026-04-28T15:11:08.961421,1773f9d2-3516-4ff5-9acc-3b6a7b2ce872
2c304626-aca0-47ad-900d-6a9ddc53befd,7179207a-0cc9-48e0-87e1-8cd7d2f9f721,IronClad Security Co,ironcladsecurityco.com,Insurance,11-50,156304280.98,2011,"Charlotte, PA",A leading company in the manufacturing sector.,https://ironcladsecurityco.com,+13234673635,5796 Oak St,Charlotte,TX,MX,17386,UTC,False,"['cold_lead', 'win_back', 'nurture']",2025-05-09T05:46:56.961449,8c00e028-41da-4e2c-91bf-e06c6f74595b
1ad7e0d8-5b54-4810-9e9f-95c627b9a1ad,7179207a-0cc9-48e0-87e1-8cd7d2f9f721,Steel Bridge Co,steelbridgeco.com,Marketing,1000+,71636034.51,2009,"Albuquerque, AZ",A leading company in the retail sector.,https://steelbridgeco.com,+18122899721,4535 Cedar Rd,Albuquerque,FL,DE,90935,US/Central,False,"['new_market', 'trial']",2025-07-30T09:53:41.961476,ece82b98-28d8-4c7e-94ba-1bb820731ba5
cc24500c-aefb-4f79-95b3-ee69f9682028,7179207a-0cc9-48e0-87e1-8cd7d2f9f721,Copper Systems Corp,coppersystemscorp.com,Transportation,11-50,356415687.34,2000,"Austin, TX",A leading company in the hospitality sector.,https://coppersystemscorp.com,+16791706704,8330 Pine Dr,Austin,MA,MX,21014,US/Pacific,True,"['enterprise', 'low_priority']",2025-03-25T16:31:59.961504,46cb662a-e863-4194-99df-ab55ff22701c
381109ef-3ac8-46ed-a843-a9f229d3ff48,7179207a-0cc9-48e0-87e1-8cd7d2f9f721,Sapphire Tech Inc,sapphiretechinc.com,Telecommunications,201-500,153662793.78,2010,"San Francisco, NC",A leading company in the transportation sector.,https://sapphiretechinc.com,+14742888862,5942 Oak Blvd,San Francisco,MD,JP,48770,UTC,False,"['hot_lead', 'demo', 'existing_customer']",2025-12-10T00:05:57.961537,0002ada9-8f33-49a6-b9b4-7aa4a8a79084
77b1067b-e95d-4a21-be33-52bec97b1c8c,7179207a-0cc9-48e0-87e1-8cd7d2f9f721,Pulse Digital Corp,pulsedigitalcorp.com,Aerospace,11-50,18371679.78,1994,"Denver, AZ",A leading company in the construction sector.,https://pulsedigitalcorp.com,+14294868026,3741 Oak St,Denver,AZ,DE,65218,UTC,False,[],2025-08-29T12:01:55.961568,bebdbef1-3be2-4351-a13f-43e46af2a5a2
271045cd-04c0-41a0-b6b6-924b0a561cb1,7179207a-0cc9-48e0-87e1-8cd7d2f9f721,Crystal Clear Group,crystalcleargroup.com,Retail,201-500,468172727.08,2012,"Omaha, NM",A leading company in the construction sector.,https://crystalcleargroup.com,+18592550998,2968 Cedar St,Omaha,TX,GB,72903,US/Pacific,True,"['new_market', 'content_downloader']",2025-08-12T14:48:39.961595,a120de43-c4d0-46d0-8c1a-3b6044216650
488869ff-fb38-415d-938d-f39d37b046b4,7179207a-0cc9-48e0-87e1-8cd7d2f9f721,Quantum Dynamics Corp,quantumdynamicscorp.com,Education,201-500,345770175.74,2006,"Jacksonville, TN",A leading company in the real estate sector.,https://quantumdynamicscorp.com,+15979640149,3809 Elm Rd,Jacksonville,TX,CA,77093,UTC,False,"['at_risk', 'cross_sell', 'upsell']",2026-03-02T21:23:10.961657,7d137f66-8604-40bf-ba81-6af4667de5ac
e1920283-c54c-48e7-bd27-0bddb21c81f4,7179207a-0cc9-48e0-87e1-8cd7d2f9f721,Bronze Gate Ltd,bronzegateltd.com,Hospitality,11-50,296265309.0,2005,"Baltimore, CO",A leading company in the finance sector.,https://bronzegateltd.com,+16238861844,3777 Oak Dr,Baltimore,TX,MX,89246,US/Central,False,"['upsell', 'trial', 'enterprise']",2025-03-06T04:39:05.961693,7d137f66-8604-40bf-ba81-6af4667de5ac
d036bb77-30fa-4d7d-a3e0-f17f36d4bdd6,7179207a-0cc9-48e0-87e1-8cd7d2f9f721,NexGen Software Group,nexgensoftwaregroup.com,Insurance,51-200,239871295.93,2016,"Omaha, CA",A leading company in the insurance sector.,https://nexgensoftwaregroup.com,+15890900404,5676 Oak St,Omaha,OK,CA,80818,US/Pacific,False,"['cross_sell', 'nurture']",2025-12-03T17:30:05.961736,46cb662a-e863-4194-99df-ab55ff22701c
2a69bf2e-cb69-4852-a636-117ae9e2d413,7179207a-0cc9-48e0-87e1-8cd7d2f9f721,Bronze Gate Group,bronzegategroup.com,Construction,51-200,309645626.87,2022,"Wichita, NC",A leading company in the telecommunications sector.,https://bronzegategroup.com,+14503274132,7276 Oak Rd,Wichita,MA,BR,53069,US/Central,False,['low_priority'],2025-05-30T00:52:23.961764,e52849ba-01bf-4e30-a6ad-e02749ff23a9
4c878815-39d3-4b6b-86a7-b94449914ca9,7179207a-0cc9-48e0-87e1-8cd7d2f9f721,Zenith Partners LLC,zenithpartnersllc.com,Telecommunications,1000+,291924303.44,2014,"Phoenix, NE",A leading company in the finance sector.,https://zenithpartnersllc.com,+15521880435,5002 Cedar Rd,Phoenix,TX,MX,69225,UTC,False,"['existing_customer', 'low_priority']",2025-12-08T12:52:16.961791,8c00e028-41da-4e2c-91bf-e06c6f74595b
39717135-6a34-4d93-9dcc-ce70faac2925,7179207a-0cc9-48e0-87e1-8cd7d2f9f721,Sterling Finance Co,sterlingfinanceco.com,Legal,11-50,212755754.3,1990,"San Antonio, AZ",A leading company in the hospitality sector.,https://sterlingfinanceco.com,+12450160484,3085 Oak St,San Antonio,OH,JP,75900,US/Central,False,[],2025-04-30T00:21:20.961818,ded2cebc-b69e-4191-9d44-4929e9d428d1
b840c061-9d7a-41a3-8bd7-2c10a0e86245,7179207a-0cc9-48e0-87e1-8cd7d2f9f721,Topaz Digital Ltd,topazdigitalltd.com,Finance,51-200,472632738.29,2001,"Sacramento, KS",A leading company in the technology sector.,https://topazdigitalltd.com,+16392308092,9485 Oak St,Sacramento,MD,BR,85640,UTC,False,['new_market'],2026-04-16T18:42:23.961846,ece82b98-28d8-4c7e-94ba-1bb820731ba5
778434b4-eafc-4a7c-aa81-482488038822,7179207a-0cc9-48e0-87e1-8cd7d2f9f721,Forge Industries LLC,forgeindustriesllc.com,Finance,1000+,414538003.46,2000,"Boston, TX",A leading company in the construction sector.,https://forgeindustriesllc.com,+18607639867,438 Elm St,Boston,KS,AU,35579,US/Eastern,False,[],2025-06-09T07:44:37.961872,ece82b98-28d8-4c7e-94ba-1bb820731ba5
9067cb0a-7d4a-491d-8285-d1e3809cfce3,7179207a-0cc9-48e0-87e1-8cd7d2f9f721,Catalyst Group Co,catalystgroupco.com,Finance,1-10,124347462.55,2014,"Colorado Springs, TX",A leading company in the automotive sector.,https://catalystgroupco.com,+16229507165,5136 Oak Blvd,Colorado Springs,TX,CA,41896,US/Pacific,True,[],2026-08-02T15:15:08.961898,bebdbef1-3be2-4351-a13f-43e46af2a5a2
f0f46d7e-af39-4755-93fd-64bf6f934e2f,7179207a-0cc9-48e0-87e1-8cd7d2f9f721,Jade Consulting Co,jadeconsultingco.com,Construction,1000+,61552318.6,1998,"San Antonio, TN",A leading company in the healthcare sector.,https://jadeconsultingco.com,+15776648985,5004 Oak Dr,San Antonio,OH,IN,19132,US/Central,False,"['at_risk', 'webinar_attendee', 'cold_lead']",2026-05-01T06:10:42.961926,ded2cebc-b69e-4191-9d44-4929e9d428d1
4f959820-0145-4dda-8015-cfdbfa99052b,7179207a-0cc9-48e0-87e1-8cd7d2f9f721,Titan Industries Corp,titanindustriescorp.com,Aerospace,201-500,284196550.97,1993,"Fresno, TX",A leading company in the marketing sector.,https://titanindustriescorp.com,+19724409143,1088 Main Blvd,Fresno,CA,AU,66387,UTC,False,"['pricing_page', 'win_back']",2025-10-15T06:26:10.961958,a120de43-c4d0-46d0-8c1a-3b6044216650
f521cf06-9552-4e4d-b03c-e9e501b1ab36,7179207a-0cc9-48e0-87e1-8cd7d2f9f721,Sterling Finance Co,sterlingfinanceco.com,Hospitality,11-50,292412345.98,2016,"Portland, FL",A leading company in the transportation sector.,https://sterlingfinanceco.com,+17784106993,1995 Main Dr,Portland,CO,DE,61496,UTC,False,['high_priority'],2026-06-17T09:55:22.961985,0002ada9-8f33-49a6-b9b4-7aa4a8a79084
9153c23d-adf7-4867-a85e-74436885f58e,7179207a-0cc9-48e0-87e1-8cd7d2f9f721,DataFlow Systems Co,dataflowsystemsco.com,Insurance,500+,210941013.47,2021,"Austin, OR",A leading company in the media sector.,https://dataflowsystemsco.com,+12020126161,4185 Pine Ave,Austin,AZ,CA,59507,US/Central,True,"['startup', 'enterprise', 'hot_lead']",2026-05-23T15:04:44.962012,a120de43-c4d0-46d0-8c1a-3b6044216650
9d6f91f0-7eeb-4a21-a5f2-a33d58de9a1d,7179207a-0cc9-48e0-87e1-8cd7d2f9f721,Forge Industries Corp,forgeindustriescorp.com,Consulting,201-500,414126331.54,1982,"Sacramento, MA",A leading company in the education sector.,https://forgeindustriescorp.com,+12160947098,9278 Cedar St,Sacramento,TX,BR,38048,UTC,True,"['content_downloader', 'at_risk', 'cold_lead']",2026-07-11T07:02:13.962046,46cb662a-e863-4194-99df-ab55ff22701c
5c9b13b2-d5d0-46be-8e8c-19a20e78f7d9,7179207a-0cc9-48e0-87e1-8cd7d2f9f721,Opal Solutions Corp,opalsolutionscorp.com,Legal,201-500,58073817.12,2017,"Oakland, NC",A leading company in the automotive sector.,https://opalsolutionscorp.com,+17656422642,3563 Main Rd,Oakland,TN,MX,15885,US/Pacific,False,"['seasonal', 'win_back']",2025-02-09T00:02:52.962074,1773f9d2-3516-4ff5-9acc-3b6a7b2ce872
d42acc6e-12b7-4e5e-96c1-5f1ac22ce870,7179207a-0cc9-48e0-87e1-8cd7d2f9f721,Zenith Partners Group,zenithpartnersgroup.com,Legal,500+,254598299.28,1997,"Sacramento, TN",A leading company in the transportation sector.,https://zenithpartnersgroup.com,+16775513263,3985 Pine Rd,Sacramento,TX,BR,27797,US/Pacific,True,"['at_risk', 'vip']",2026-04-16T23:26:01.962102,02fc8d0f-48ca-4ab5-95da-9f2f51d44e5b
83d21f50-efc3-42bf-b409-4231dcd05378,7179207a-0cc9-48e0-87e1-8cd7d2f9f721,SilverLine Corp Co,silverlinecorpco.com,Hospitality,51-200,387841048.71,1982,"San Antonio, TX",A leading company in the consulting sector.,https://silverlinecorpco.com,+16067810902,9777 Cedar Rd,San Antonio,AZ,JP,74673,US/Eastern,False,"['churned', 'bulk_order', 'demo']",2026-07-14T11:24:21.962129,de2d46fb-a956-4b96-bc60-115ccf0715a6
81b11d4f-9c38-44f7-9683-ffa6d79128ce,7179207a-0cc9-48e0-87e1-8cd7d2f9f721,Summit Analytics LLC,summitanalyticsllc.com,Consulting,201-500,224781087.06,1996,"Las Vegas, TX",A leading company in the marketing sector.,https://summitanalyticsllc.com,+15081467801,304 Cedar St,Las Vegas,TX,DE,77194,US/Pacific,False,['new_market'],2025-06-15T17:43:16.962160,1773f9d2-3516-4ff5-9acc-3b6a7b2ce872
8567e926-6a58-4388-a3fd-e08767acc311,7179207a-0cc9-48e0-87e1-8cd7d2f9f721,Apex Health Corp,apexhealthcorp.com,Healthcare,51-200,33956647.52,1990,"Austin, NC",A leading company in the finance sector.,https://apexhealthcorp.com,+14625140288,5934 Elm Dr,Austin,TX,US,45196,US/Central,True,[],2026-06-27T00:50:42.962187,bebdbef1-3be2-4351-a13f-43e46af2a5a2
b50e4c2d-c888-42b4-a615-2a3a2ce0631b,7179207a-0cc9-48e0-87e1-8cd7d2f9f721,Steel Bridge Corp,steelbridgecorp.com,Automotive,11-50,79822538.24,2003,"San Antonio, KS",A leading company in the marketing sector.,https://steelbridgecorp.com,+19903550250,1333 Main Rd,San Antonio,NM,MX,50575,UTC,False,['cold_lead'],2025-11-15T23:06:46.962214,0002ada9-8f33-49a6-b9b4-7aa4a8a79084
ab059735-3511-4fe6-a296-edc0c031c477,7179207a-0cc9-48e0-87e1-8cd7d2f9f721,DataFlow Systems Group,dataflowsystemsgroup.com,Insurance,201-500,75554126.93,2004,"Tampa, CA",A leading company in the automotive sector.,https://dataflowsystemsgroup.com,+13747509852,3103 Oak Blvd,Tampa,PA,BR,49131,US/Eastern,True,[],2025-11-04T02:48:56.962240,a120de43-c4d0-46d0-8c1a-3b6044216650
30f7a49e-c851-4904-b109-c2e3c1d85778,7179207a-0cc9-48e0-87e1-8cd7d2f9f721,Forge Industries LLC,forgeindustriesllc.com,Education,1-10,266808022.39,2019,"Memphis, TX",A leading company in the healthcare sector.,https://forgeindustriesllc.com,+12826432897,6368 Cedar Dr,Memphis,TX,IN,38195,UTC,False,['new_market'],2026-03-20T19:38:30.962267,de2d46fb-a956-4b96-bc60-115ccf0715a6
de4e95e2-beb1-4411-9189-1d641556f026,7179207a-0cc9-48e0-87e1-8cd7d2f9f721,Crystal Clear LLC,crystalclearllc.com,Manufacturing,1-10,15947176.47,2001,"Houston, KS",A leading company in the marketing sector.,https://crystalclearllc.com,+17973971914,6884 Oak St,Houston,KS,AU,35767,US/Pacific,False,[],2025-02-15T15:38:53.962300,0002ada9-8f33-49a6-b9b4-7aa4a8a79084
206fc912-d36a-4e9c-9db6-a9ccc220bce5,7179207a-0cc9-48e0-87e1-8cd7d2f9f721,Cobalt Systems Group,cobaltsystemsgroup.com,Technology,1-10,47935056.44,1995,"Nashville, TX",A leading company in the energy sector.,https://cobaltsystemsgroup.com,+18713402392,301 Main Dr,Nashville,OH,MX,70486,UTC,True,[],2026-05-13T09:33:25.962330,1773f9d2-3516-4ff5-9acc-3b6a7b2ce872
77dcbb4d-a4bf-4572-b337-91ed5995d43b,7179207a-0cc9-48e0-87e1-8cd7d2f9f721,BlueShift Labs Inc,blueshiftlabsinc.com,Insurance,201-500,283207495.15,2012,"Columbus, NM",A leading company in the finance sector.,https://blueshiftlabsinc.com,+14813572857,8220 Oak Ave,Columbus,CA,US,43277,US/Central,False,"['bulk_order', 'content_downloader']",2025-05-30T21:21:53.962361,7d137f66-8604-40bf-ba81-6af4667de5ac
2668e9b3-994f-4f88-8336-fc7655e40913,7179207a-0cc9-48e0-87e1-8cd7d2f9f721,Pearl Analytics LLC,pearlanalyticsllc.com,Finance,201-500,417125582.22,2009,"Atlanta, CA",A leading company in the consulting sector.,https://pearlanalyticsllc.com,+13051744748,981 Oak Ave,Atlanta,LA,FR,48421,US/Eastern,True,['startup'],2026-03-18T03:52:03.962388,1773f9d2-3516-4ff5-9acc-3b6a7b2ce872
8ee1ce07-19db-4109-ad18-4054f35c038a,7179207a-0cc9-48e0-87e1-8cd7d2f9f721,Sterling Finance LLC,sterlingfinancellc.com,Automotive,51-200,377676639.72,1989,"Columbus, FL",A leading company in the technology sector.,https://sterlingfinancellc.com,+14505430692,5098 Elm Dr,Columbus,FL,IN,90874,UTC,True,['content_downloader'],2026-02-01T14:48:18.962415,7d137f66-8604-40bf-ba81-6af4667de5ac
d723fc70-2400-45a7-b1d4-2c349a97bc2e,7179207a-0cc9-48e0-87e1-8cd7d2f9f721,Summit Analytics LLC,summitanalyticsllc.com,Media,1-10,325790261.26,2018,"Albuquerque, DC",A leading company in the insurance sector.,https://summitanalyticsllc.com,+16398503664,2294 Pine Blvd,Albuquerque,MN,AU,86591,US/Central,True,[],2025-06-19T07:09:28.962445,7d137f66-8604-40bf-ba81-6af4667de5ac
5fec04c3-9108-4cf4-9f76-2e9d15049e8b,7179207a-0cc9-48e0-87e1-8cd7d2f9f721,Pearl Analytics Partners,pearlanalyticspartners.com,Energy,500+,290742019.97,1985,"San Diego, TX",A leading company in the media sector.,https://pearlanalyticspartners.com,+18616365323,6729 Pine Rd,San Diego,CA,IN,43462,US/Pacific,False,"['cold_lead', 'at_risk', 'pricing_page']",2026-02-28T05:26:50.962473,8c00e028-41da-4e2c-91bf-e06c6f74595b
