id,tenant_id,contact_id,company_id,pipeline_id,stage_id,stage_entered_at,title,amount,close_date,assigned_to,created_at,created_by
7aea6f79-8a55-4687-98c8-cca8787d2dfa,6e2684b5-dd18-4549-8440-7276b577d2b5,,,0a2cb6bb-2d78-4609-9e12-88a3bd1a156d,b4be3c8c-9e4c-4fd9-8ec0-c38105a72eeb,2026-07-11T05:27:57.706233,Enterprise Deal - Platinum Partners,44017.8,2026-05-26T10:58:07.706303,eb9f903e-4cd4-462b-9c0c-0720da83cfc0,2026-07-08T14:19:03.706233,1f599b2d-4c19-4c7e-91e2-f8655b60b03d
ba867c4b-3553-46fb-a59e-5a4035ccddfa,6e2684b5-dd18-4549-8440-7276b577d2b5,d890ab4b-c284-4d6d-9b18-fa75e7f153d6,,0a2cb6bb-2d78-4609-9e12-88a3bd1a156d,de013863-499a-430c-b921-70dec8e7b1df,2026-04-14T03:21:11.706323,Starter Deal - BrightStar Inc,271538.02,2026-08-19T23:54:16.706345,9d990953-1d48-4691-9104-88f3d84dc63c,2026-03-11T17:22:17.706323,7675c849-0f1f-4fa3-923c-f392ea4a2f35
d3d3dd10-93e7-429a-a4bb-e7231651f735,6e2684b5-dd18-4549-8440-7276b577d2b5,,d939d182-e848-4287-999c-cf7c2f137044,0a2cb6bb-2d78-4609-9e12-88a3bd1a156d,de013863-499a-430c-b921-70dec8e7b1df,2026-01-11T06:27:28.706358,Growth Deal - NexGen Software,20615.95,2026-10-24T13:32:33.706375,d53e375b-e751-4c1c-9dd2-2c198336f144,2025-12-15T12:50:34.706358,8b51f21b-0da9-4139-8f04-0ef4187ce705
4ee864d4-7b80-44f9-8ae1-17e234a7864b,6e2684b5-dd18-4549-8440-7276b577d2b5,062fafab-8947-4c84-a4d9-aa745665cf0e,e81caa7d-d624-4f61-a640-8ecbd25e6fe0,0a2cb6bb-2d78-4609-9e12-88a3bd1a156d,fa64e2f3-9838-41be-851f-5088b4e907f3,2026-01-21T06:23:43.706387,Growth Deal - IronClad Security,189306.19,2026-08-02T20:22:12.706404,9d990953-1d48-4691-9104-88f3d84dc63c,2025-12-19T19:26:25.706387,f26bd177-029d-4863-993c-dfebe5004897
f7ea740c-3753-43fa-b173-0836ee07264f,6e2684b5-dd18-4549-8440-7276b577d2b5,,,0a2cb6bb-2d78-4609-9e12-88a3bd1a156d,de013863-499a-430c-b921-70dec8e7b1df,2026-08-01T01:15:35.706415,Growth Deal - GreenField Capital,51311.27,2026-10-22T07:00:44.706432,f26bd177-029d-4863-993c-dfebe5004897,2026-06-30T23:10:33.706415,7675c849-0f1f-4fa3-923c-f392ea4a2f35
c5341324-cdcc-438e-97d8-2a98929edba5,6e2684b5-dd18-4549-8440-7276b577d2b5,,,0a2cb6bb-2d78-4609-9e12-88a3bd1a156d,29da3373-4821-4016-9b03-949711a94d0e,2026-07-13T17:46:40.706443,Premium Deal - Topaz Digital,228285.39,2027-01-02T17:41:27.706472,7675c849-0f1f-4fa3-923c-f392ea4a2f35,2026-04-21T21:41:39.706443,71030eb2-1621-4863-8e2d-b6184abb7f32
9077ee03-096e-4931-add6-0b4113a17cf9,6e2684b5-dd18-4549-8440-7276b577d2b5,,2243036d-30f5-4114-afc5-0f338177ea92,0a2cb6bb-2d78-4609-9e12-88a3bd1a156d,f6af3622-a08b-4544-a16d-18d42ff4a4e1,2025-11-25T11:26:51.706483,Custom Deal - NexGen Software,393326.08,2026-09-24T09:09:25.706499,63c904bb-37e1-42e9-b828-03d273915302,2025-09-12T22:50:03.706483,13f891f6-02c5-48a2-bb4f-65f664be06a0
270521c9-2a76-4de6-b5ad-230e675a8aea,6e2684b5-dd18-4549-8440-7276b577d2b5,d692b1ea-5e9f-4701-a982-e7cad3e7a81d,371fa42b-ac5f-4eb8-9e1b-4494a40404b4,0a2cb6bb-2d78-4609-9e12-88a3bd1a156d,fa64e2f3-9838-41be-851f-5088b4e907f3,2026-06-27T06:53:16.706517,Growth Deal - Golden Ratio,428329.48,2026-05-30T12:53:47.706535,f26bd177-029d-4863-993c-dfebe5004897,2025-09-14T08:42:26.706517,58f39eeb-75cb-4ef4-96ba-4a30c22a7a1e
b9e2ae94-a9cc-4c05-a41a-e487d6b4abdb,6e2684b5-dd18-4549-8440-7276b577d2b5,,b20927d7-c6e6-4e68-843c-32f7456ac90d,0a2cb6bb-2d78-4609-9e12-88a3bd1a156d,b4be3c8c-9e4c-4fd9-8ec0-c38105a72eeb,2026-05-25T02:40:32.706554,Custom Deal - Ember Labs,396858.68,2026-07-20T04:03:32.706578,71030eb2-1621-4863-8e2d-b6184abb7f32,2026-01-12T10:49:54.706554,876017f1-7629-48e0-9ce9-20b44276c7d6
efc02bc0-2179-4c7e-afce-7ba5d038fcc4,6e2684b5-dd18-4549-8440-7276b577d2b5,88f425c5-8264-4055-b226-b587c1603fc7,9336bb89-e290-4a55-b4f2-5b46d32553c6,0a2cb6bb-2d78-4609-9e12-88a3bd1a156d,b4be3c8c-9e4c-4fd9-8ec0-c38105a72eeb,2026-07-16T11:59:39.706592,Premium Deal - Nimbus Networks,207577.94,2026-05-30T06:07:33.706608,876017f1-7629-48e0-9ce9-20b44276c7d6,2026-04-09T08:42:52.706592,13f891f6-02c5-48a2-bb4f-65f664be06a0
a18c77ba-3a3f-4a0b-9c8a-0d5bb2f2259b,6e2684b5-dd18-4549-8440-7276b577d2b5,d31aed22-2c12-4802-880a-1f5fd4c0d64a,,0a2cb6bb-2d78-4609-9e12-88a3bd1a156d,f6af3622-a08b-4544-a16d-18d42ff4a4e1,2026-05-19T06:34:33.706619,Starter Deal - Onyx Data,24123.87,2026-09-27T02:42:51.706635,8e8f6232-b5f8-466d-98c1-6a9d8090c3eb,2026-03-28T03:25:46.706619,7223e10a-b124-4a7f-a342-f0f59020ba2f
e3fe7b7d-763d-4fb6-8dc7-6690ddd7a52b,6e2684b5-dd18-4549-8440-7276b577d2b5,,,0a2cb6bb-2d78-4609-9e12-88a3bd1a156d,b4be3c8c-9e4c-4fd9-8ec0-c38105a72eeb,2026-04-28T11:45:25.706652,Enterprise Deal - Sterling Finance,113987.37,2026-05-16T08:11:29.706668,7223e10a-b124-4a7f-a342-f0f59020ba2f,2026-02-20T12:29:36.706652,8e8f6232-b5f8-466d-98c1-6a9d8090c3eb
f643abd7-4eff-4998-adc0-757c95bbc42f,6e2684b5-dd18-4549-8440-7276b577d2b5,,,0a2cb6bb-2d78-4609-9e12-88a3bd1a156d,fa64e2f3-9838-41be-851f-5088b4e907f3,2026-07-29T14:21:57.706677,Premium Deal - Summit Analytics,121836.03,2026-05-29T02:07:59.706698,8b51f21b-0da9-4139-8f04-0ef4187ce705,2026-01-08T22:49:30.706677,13f891f6-02c5-48a2-bb4f-65f664be06a0
61113200-9450-4f6f-8f23-9c1471d694ad,6e2684b5-dd18-4549-8440-7276b577d2b5,bf8daf3c-0e0d-4f01-bd89-9e73d62374ec,5a663f0f-b091-43c7-b631-870432730af0,0a2cb6bb-2d78-4609-9e12-88a3bd1a156d,3b0450ca-ca27-4031-9d06-d861b7c72f4d,2026-07-25T19:41:03.706713,Starter Deal - Bronze Gate,239801.26,2026-10-03T00:02:33.706729,71030eb2-1621-4863-8e2d-b6184abb7f32,2026-06-07T18:10:55.706713,8e8f6232-b5f8-466d-98c1-6a9d8090c3eb
e15a7cf0-0c4f-4b5e-aa7f-592e16f8d2b4,6e2684b5-dd18-4549-8440-7276b577d2b5,,6f3b0c3b-38b4-4a33-afff-766d95cc215c,0a2cb6bb-2d78-4609-9e12-88a3bd1a156d,29da3373-4821-4016-9b03-949711a94d0e,2026-07-23T15:56:45.706740,Custom Deal - EverGreen Solutions,50654.42,2026-11-18T22:37:01.706755,6339ef1b-ca56-4fa5-9ddb-36a79ac9d12f,2026-07-15T02:34:43.706740,13f891f6-02c5-48a2-bb4f-65f664be06a0
3d923f68-e97d-439f-bf28-bd3ac7878857,6e2684b5-dd18-4549-8440-7276b577d2b5,9a98f1b8-72af-48cb-b516-a3b457478a32,34482421-116b-466c-9b36-d3a69b03d6c7,0a2cb6bb-2d78-4609-9e12-88a3bd1a156d,fa64e2f3-9838-41be-851f-5088b4e907f3,2026-05-19T01:42:38.706766,Starter Deal - Jade Consulting,342977.32,2026-06-02T15:22:53.706782,f26bd177-029d-4863-993c-dfebe5004897,2025-12-22T14:54:55.706766,13f891f6-02c5-48a2-bb4f-65f664be06a0
21f98508-e4f2-461b-b91b-7f58c6531cb0,6e2684b5-dd18-4549-8440-7276b577d2b5,16817e9b-97ec-48f3-bfef-38545cc6acd2,,0a2cb6bb-2d78-4609-9e12-88a3bd1a156d,f6af3622-a08b-4544-a16d-18d42ff4a4e1,2026-08-01T13:12:12.706792,Custom Deal - Zenith Partners,127365.35,2026-11-02T15:30:43.706808,7223e10a-b124-4a7f-a342-f0f59020ba2f,2026-02-20T17:08:08.706792,f26bd177-029d-4863-993c-dfebe5004897
2cc269a9-af35-4411-973a-8d1b193951f3,6e2684b5-dd18-4549-8440-7276b577d2b5,bff94ae4-4756-45dd-b692-3b521e6fd27b,,0a2cb6bb-2d78-4609-9e12-88a3bd1a156d,29da3373-4821-4016-9b03-949711a94d0e,2026-03-14T06:33:15.706819,Enterprise Deal - DataFlow Systems,89770.9,2026-10-15T09:41:07.706836,876017f1-7629-48e0-9ce9-20b44276c7d6,2026-02-17T06:29:42.706819,eb9f903e-4cd4-462b-9c0c-0720da83cfc0
1042ac2e-79e6-4e58-ab10-f89bc1dbca13,6e2684b5-dd18-4549-8440-7276b577d2b5,,,0a2cb6bb-2d78-4609-9e12-88a3bd1a156d,3b0450ca-ca27-4031-9d06-d861b7c72f4d,2026-04-15T20:56:45.706845,Premium Deal - Bronze Gate,319643.12,2026-09-18T19:01:50.706861,876017f1-7629-48e0-9ce9-20b44276c7d6,2025-12-09T16:42:02.706845,f26bd177-029d-4863-993c-dfebe5004897
2646be39-d952-4e6b-94cd-c0dbcd506e17,6e2684b5-dd18-4549-8440-7276b577d2b5,2d0b7ec4-662a-405c-a07d-60362e0b7183,,0a2cb6bb-2d78-4609-9e12-88a3bd1a156d,b4be3c8c-9e4c-4fd9-8ec0-c38105a72eeb,2025-12-29T00:11:06.706880,Custom Deal - Summit Analytics,383194.15,2026-07-06T23:42:41.706897,8e8f6232-b5f8-466d-98c1-6a9d8090c3eb,2025-08-20T02:12:49.706880,eb9f903e-4cd4-462b-9c0c-0720da83cfc0
1a6589b5-6096-4f04-b49a-1f8cd1bf495c,6e2684b5-dd18-4549-8440-7276b577d2b5,038593a2-4979-4af5-ad2c-dd92cec8c11d,,0a2cb6bb-2d78-4609-9e12-88a3bd1a156d,29da3373-4821-4016-9b03-949711a94d0e,2026-04-10T19:00:52.706907,Starter Deal - Diamond Edge,272380.75,2026-10-25T09:00:46.706922,58f39eeb-75cb-4ef4-96ba-4a30c22a7a1e,2026-02-18T22:51:27.706907,71030eb2-1621-4863-8e2d-b6184abb7f32
310951ff-ad57-45ea-a3aa-c29d30c7a070,6e2684b5-dd18-4549-8440-7276b577d2b5,8ea8b7d1-6eeb-4309-95bb-9f2088e57378,,0a2cb6bb-2d78-4609-9e12-88a3bd1a156d,f6af3622-a08b-4544-a16d-18d42ff4a4e1,2025-10-02T09:16:19.706932,Premium Deal - IronClad Security,135138.38,2026-11-08T05:39:09.706948,8e8f6232-b5f8-466d-98c1-6a9d8090c3eb,2025-09-06T05:07:16.706932,13f891f6-02c5-48a2-bb4f-65f664be06a0
6ca0e6f9-5429-4461-95a0-004fd841833d,6e2684b5-dd18-4549-8440-7276b577d2b5,,,0a2cb6bb-2d78-4609-9e12-88a3bd1a156d,3b0450ca-ca27-4031-9d06-d861b7c72f4d,2026-04-16T04:40:46.706957,Starter Deal - SilverLine Corp,81888.19,2026-11-24T03:10:43.706973,876017f1-7629-48e0-9ce9-20b44276c7d6,2026-03-21T22:09:17.706957,63c904bb-37e1-42e9-b828-03d273915302
e9f22948-23aa-4610-980c-acf5e72a102c,6e2684b5-dd18-4549-8440-7276b577d2b5,,b20927d7-c6e6-4e68-843c-32f7456ac90d,0a2cb6bb-2d78-4609-9e12-88a3bd1a156d,de013863-499a-430c-b921-70dec8e7b1df,2026-08-01T04:55:20.706987,Custom Deal - GreenField Capital,258657.64,2026-12-02T04:30:59.707006,63c904bb-37e1-42e9-b828-03d273915302,2026-07-28T03:22:45.706987,9d990953-1d48-4691-9104-88f3d84dc63c
d81f953a-a8ba-48e3-bb19-5f0b40afb809,6e2684b5-dd18-4549-8440-7276b577d2b5,,,0a2cb6bb-2d78-4609-9e12-88a3bd1a156d,b4be3c8c-9e4c-4fd9-8ec0-c38105a72eeb,2026-03-19T08:56:00.707015,Growth Deal - ClearView Corp,51431.23,2026-06-09T06:00:03.707031,7223e10a-b124-4a7f-a342-f0f59020ba2f,2025-11-17T20:11:10.707015,71030eb2-1621-4863-8e2d-b6184abb7f32
e66ad6e8-0aa1-4b28-9737-723600c7e97d,6e2684b5-dd18-4549-8440-7276b577d2b5,26cf0cc9-ffec-458a-bf16-658b16ef2621,,0a2cb6bb-2d78-4609-9e12-88a3bd1a156d,29da3373-4821-4016-9b03-949711a94d0e,2026-07-09T03:37:01.707041,Enterprise Deal - CloudPeak Analytics,252063.52,2026-10-24T12:01:32.707057,71030eb2-1621-4863-8e2d-b6184abb7f32,2026-07-03T02:34:49.707041,8e8f6232-b5f8-466d-98c1-6a9d8090c3eb
78af007a-9e1a-4cdb-9549-5bd7bd58fe4d,6e2684b5-dd18-4549-8440-7276b577d2b5,571f86dd-d11c-4a74-8372-5ee0940dc734,f218fcd8-b014-4c25-91f3-e5b590c5bc92,0a2cb6bb-2d78-4609-9e12-88a3bd1a156d,f6af3622-a08b-4544-a16d-18d42ff4a4e1,2026-01-19T20:56:44.707067,Custom Deal - CloudPeak Analytics,267589.37,2027-01-25T13:57:37.707082,8b51f21b-0da9-4139-8f04-0ef4187ce705,2025-10-16T02:36:47.707067,58f39eeb-75cb-4ef4-96ba-4a30c22a7a1e
99b60946-9069-4c59-88af-b17bd50038c4,6e2684b5-dd18-4549-8440-7276b577d2b5,a49979a8-ade5-4081-8c15-5608d89256a3,155bec1e-0ca5-454c-b036-56ef7b11ea62,0a2cb6bb-2d78-4609-9e12-88a3bd1a156d,de013863-499a-430c-b921-70dec8e7b1df,2026-07-05T11:45:57.707092,Custom Deal - Onyx Data,48526.36,2027-01-06T08:26:15.707108,7675c849-0f1f-4fa3-923c-f392ea4a2f35,2026-02-28T22:47:26.707092,7223e10a-b124-4a7f-a342-f0f59020ba2f
3f26fc5e-03ec-4a77-a288-d3ff963781f4,6e2684b5-dd18-4549-8440-7276b577d2b5,cdb3b73f-4956-47ee-8f9c-7e4cdf9b17a1,59147001-5885-4696-8b40-6ad538b9654e,0a2cb6bb-2d78-4609-9e12-88a3bd1a156d,3b0450ca-ca27-4031-9d06-d861b7c72f4d,2026-07-20T22:56:16.707118,Starter Deal - Pearl Analytics,349618.76,2026-11-12T01:01:12.707134,8e8f6232-b5f8-466d-98c1-6a9d8090c3eb,2025-10-17T03:13:54.707118,f26bd177-029d-4863-993c-dfebe5004897
c612817a-e0ae-4df4-a15c-e74aed12e658,6e2684b5-dd18-4549-8440-7276b577d2b5,f9f18e1f-7c29-40eb-a755-ea0c3d79fe1c,505377a0-7f5d-4cad-aa63-cf6dc70ea780,0a2cb6bb-2d78-4609-9e12-88a3bd1a156d,fa64e2f3-9838-41be-851f-5088b4e907f3,2026-08-04T02:22:24.707146,Premium Deal - Iron Mountain,194066.51,2026-05-24T11:53:51.707162,7223e10a-b124-4a7f-a342-f0f59020ba2f,2026-07-12T22:57:36.707146,7675c849-0f1f-4fa3-923c-f392ea4a2f35
b3ae4a7e-cecf-47e5-b26b-8dfd166cbe9e,6e2684b5-dd18-4549-8440-7276b577d2b5,00da6441-fd7d-46a4-a051-f9840579edb2,,0a2cb6bb-2d78-4609-9e12-88a3bd1a156d,29da3373-4821-4016-9b03-949711a94d0e,2026-06-04T12:01:02.707172,Starter Deal - Iron Mountain,131777.68,2026-08-29T15:27:52.707188,d53e375b-e751-4c1c-9dd2-2c198336f144,2026-03-01T07:30:20.707172,f26bd177-029d-4863-993c-dfebe5004897
a389d8c1-21e2-4f98-83f2-939313688349,6e2684b5-dd18-4549-8440-7276b577d2b5,,c5327e38-2eff-4745-bcf6-ecad20945f45,0a2cb6bb-2d78-4609-9e12-88a3bd1a156d,3b0450ca-ca27-4031-9d06-d861b7c72f4d,2026-07-22T06:24:52.707198,Growth Deal - Fusion Analytics,248266.69,2026-11-29T21:04:08.707212,7223e10a-b124-4a7f-a342-f0f59020ba2f,2026-07-11T08:55:00.707198,8b51f21b-0da9-4139-8f04-0ef4187ce705
76fcb6aa-4206-49b5-9aa4-14f9fc5f4b1b,6e2684b5-dd18-4549-8440-7276b577d2b5,7eb3b3b4-2d5f-4f9e-ac56-ec03dd48da15,68a44661-af94-4f98-9a01-bc4d887eaec5,0a2cb6bb-2d78-4609-9e12-88a3bd1a156d,29da3373-4821-4016-9b03-949711a94d0e,2026-05-14T19:31:37.707223,Growth Deal - Ruby Software,229615.82,2027-02-03T11:56:49.707242,7675c849-0f1f-4fa3-923c-f392ea4a2f35,2025-12-05T01:47:34.707223,d53e375b-e751-4c1c-9dd2-2c198336f144
b1d987c1-66ac-4f52-b9c4-10b745f1f516,6e2684b5-dd18-4549-8440-7276b577d2b5,f502b643-79f7-4a50-a6a2-150f9835d9d3,,0a2cb6bb-2d78-4609-9e12-88a3bd1a156d,29da3373-4821-4016-9b03-949711a94d0e,2026-05-29T00:16:21.707257,Premium Deal - Summit Analytics,212128.01,2026-09-04T10:42:23.707273,876017f1-7629-48e0-9ce9-20b44276c7d6,2025-11-20T09:39:53.707257,6339ef1b-ca56-4fa5-9ddb-36a79ac9d12f
1dfbd17a-5df6-43d3-b8df-608a5e210e26,6e2684b5-dd18-4549-8440-7276b577d2b5,0151376c-0b84-445a-a048-9868736e3b5a,,0a2cb6bb-2d78-4609-9e12-88a3bd1a156d,de013863-499a-430c-b921-70dec8e7b1df,2026-06-30T22:55:58.707283,Enterprise Deal - Onyx Data,428233.9,2026-09-17T23:33:17.707298,876017f1-7629-48e0-9ce9-20b44276c7d6,2026-06-14T02:52:10.707283,8b51f21b-0da9-4139-8f04-0ef4187ce705
801eb957-5e53-4e1f-ab8b-98d42411739e,6e2684b5-dd18-4549-8440-7276b577d2b5,2d15cc22-791e-4502-834d-5dfe4737d570,,0a2cb6bb-2d78-4609-9e12-88a3bd1a156d,f6af3622-a08b-4544-a16d-18d42ff4a4e1,2026-07-08T06:13:58.707308,Enterprise Deal - Bronze Gate,94604.69,2026-09-30T06:45:34.707323,6339ef1b-ca56-4fa5-9ddb-36a79ac9d12f,2026-06-14T11:11:35.707308,f26bd177-029d-4863-993c-dfebe5004897
6ef20b8c-c060-42a3-99ed-071b657c70f0,6e2684b5-dd18-4549-8440-7276b577d2b5,6857deb0-efd6-4047-bc82-1824bb413631,337909c4-a41f-41e2-8439-8492f3575057,0a2cb6bb-2d78-4609-9e12-88a3bd1a156d,fa64e2f3-9838-41be-851f-5088b4e907f3,2026-06-21T11:48:55.707334,Custom Deal - Crystal Corp,451538.04,2026-07-18T13:02:36.707349,58f39eeb-75cb-4ef4-96ba-4a30c22a7a1e,2026-03-01T06:13:29.707334,eb9f903e-4cd4-462b-9c0c-0720da83cfc0
42985b14-8a19-437c-97d1-c491f103d4d4,6e2684b5-dd18-4549-8440-7276b577d2b5,,,0a2cb6bb-2d78-4609-9e12-88a3bd1a156d,fa64e2f3-9838-41be-851f-5088b4e907f3,2026-01-24T05:43:41.707358,Premium Deal - Forge Industries,213759.22,2026-07-10T08:53:42.707373,6339ef1b-ca56-4fa5-9ddb-36a79ac9d12f,2025-08-14T08:18:31.707358,6339ef1b-ca56-4fa5-9ddb-36a79ac9d12f
29124d96-5b2b-43be-999c-4feecc400b86,6e2684b5-dd18-4549-8440-7276b577d2b5,,,0a2cb6bb-2d78-4609-9e12-88a3bd1a156d,b4be3c8c-9e4c-4fd9-8ec0-c38105a72eeb,2026-06-11T21:15:48.707382,Starter Deal - Zenith Partners,255403.91,2026-06-05T23:15:05.707396,9d990953-1d48-4691-9104-88f3d84dc63c,2025-12-13T00:33:38.707382,71030eb2-1621-4863-8e2d-b6184abb7f32
35a801ef-6af2-406c-b879-beb86203ad04,6e2684b5-dd18-4549-8440-7276b577d2b5,3f53358a-f840-4a47-94a9-8da360fd0e41,912a43f6-c2e9-4813-8478-6326cd752971,0a2cb6bb-2d78-4609-9e12-88a3bd1a156d,3b0450ca-ca27-4031-9d06-d861b7c72f4d,2025-12-18T13:56:40.707406,Premium Deal - Ember Labs,255499.69,2026-11-10T20:42:07.707422,d53e375b-e751-4c1c-9dd2-2c198336f144,2025-12-02T13:50:48.707406,6339ef1b-ca56-4fa5-9ddb-36a79ac9d12f
63d6258e-e465-4df8-910a-998fa6519411,6e2684b5-dd18-4549-8440-7276b577d2b5,,,0a2cb6bb-2d78-4609-9e12-88a3bd1a156d,de013863-499a-430c-b921-70dec8e7b1df,2025-09-21T17:57:51.707431,Growth Deal - Jade Consulting,20070.4,2026-08-29T00:45:25.707446,7223e10a-b124-4a7f-a342-f0f59020ba2f,2025-08-10T08:31:07.707431,13f891f6-02c5-48a2-bb4f-65f664be06a0
f80a81c5-d2d9-4b77-9433-2576d2226784,6e2684b5-dd18-4549-8440-7276b577d2b5,78f0e643-25a1-4dc7-829e-330c97127142,a85375e1-e6d3-4c09-9f60-72605e2f471b,0a2cb6bb-2d78-4609-9e12-88a3bd1a156d,b4be3c8c-9e4c-4fd9-8ec0-c38105a72eeb,2026-02-08T04:28:54.707457,Starter Deal - Steel Bridge,152873.83,2026-07-15T05:25:59.707472,58f39eeb-75cb-4ef4-96ba-4a30c22a7a1e,2025-12-13T22:48:53.707457,71030eb2-1621-4863-8e2d-b6184abb7f32
dd9b837f-9087-4a33-9605-a5a32b5f3c89,6e2684b5-dd18-4549-8440-7276b577d2b5,,,0a2cb6bb-2d78-4609-9e12-88a3bd1a156d,de013863-499a-430c-b921-70dec8e7b1df,2026-02-16T19:27:45.707481,Enterprise Deal - Sapphire Tech,110117.41,2026-10-30T21:19:28.707496,8e8f6232-b5f8-466d-98c1-6a9d8090c3eb,2025-08-10T05:58:18.707481,63c904bb-37e1-42e9-b828-03d273915302
40fe87e0-2667-4278-91f6-4f4ce1cba510,6e2684b5-dd18-4549-8440-7276b577d2b5,,761b19ac-ba7b-4c51-9962-76627ebf2a68,0a2cb6bb-2d78-4609-9e12-88a3bd1a156d,b4be3c8c-9e4c-4fd9-8ec0-c38105a72eeb,2026-06-07T05:32:53.707509,Custom Deal - IronClad Security,431533.54,2026-05-05T07:50:34.707525,1f599b2d-4c19-4c7e-91e2-f8655b60b03d,2026-02-23T04:57:08.707509,876017f1-7629-48e0-9ce9-20b44276c7d6
efe2a828-1136-4be7-98e9-a3e8b07cc64b,6e2684b5-dd18-4549-8440-7276b577d2b5,,,0a2cb6bb-2d78-4609-9e12-88a3bd1a156d,29da3373-4821-4016-9b03-949711a94d0e,2025-11-19T06:46:50.707534,Premium Deal - Silver Stream,348562.59,2026-11-28T15:32:01.707548,63c904bb-37e1-42e9-b828-03d273915302,2025-09-17T09:51:55.707534,876017f1-7629-48e0-9ce9-20b44276c7d6
278517dc-3c70-4dff-ae2d-d6a2abf7f947,6e2684b5-dd18-4549-8440-7276b577d2b5,99a64be6-7362-4fcf-86a1-6004cdf8fa20,346ebd52-ba14-4643-b914-bab80cf1e7db,0a2cb6bb-2d78-4609-9e12-88a3bd1a156d,b4be3c8c-9e4c-4fd9-8ec0-c38105a72eeb,2026-07-13T12:03:03.707559,Enterprise Deal - Zenith Partners,350491.52,2026-05-31T09:06:32.707578,d53e375b-e751-4c1c-9dd2-2c198336f144,2026-06-05T12:25:05.707559,9d990953-1d48-4691-9104-88f3d84dc63c
6ed24a7a-f70a-4f08-977d-47ad71b38e80,6e2684b5-dd18-4549-8440-7276b577d2b5,3491920f-42e9-4d40-b1dd-4c1215f961b2,778a2a74-3345-4733-802f-915ad23a1352,0a2cb6bb-2d78-4609-9e12-88a3bd1a156d,3b0450ca-ca27-4031-9d06-d861b7c72f4d,2026-08-03T09:54:15.707589,Premium Deal - Quantum Dynamics,218771.72,2027-01-07T11:35:37.707604,f26bd177-029d-4863-993c-dfebe5004897,2026-01-04T11:32:35.707589,8b51f21b-0da9-4139-8f04-0ef4187ce705
e82895bc-8aa4-459c-9669-9a836614fbf0,6e2684b5-dd18-4549-8440-7276b577d2b5,17b42128-c769-4757-8afb-ff1e17fe7116,69de1c1d-70ea-4d51-a7c9-3295839b6dbf,0a2cb6bb-2d78-4609-9e12-88a3bd1a156d,29da3373-4821-4016-9b03-949711a94d0e,2026-07-30T06:47:40.707615,Enterprise Deal - Sapphire Tech,321278.28,2026-09-14T00:42:51.707630,1f599b2d-4c19-4c7e-91e2-f8655b60b03d,2026-07-28T03:08:09.707615,8e8f6232-b5f8-466d-98c1-6a9d8090c3eb
6087a4e2-a265-47d3-b8ab-0a5bcb75f0b9,6e2684b5-dd18-4549-8440-7276b577d2b5,371114d3-83c6-44ec-814e-0de4c828d65a,,0a2cb6bb-2d78-4609-9e12-88a3bd1a156d,f6af3622-a08b-4544-a16d-18d42ff4a4e1,2026-05-19T02:44:27.707640,Enterprise Deal - Pearl Analytics,263844.89,2026-10-01T11:08:08.707662,eb9f903e-4cd4-462b-9c0c-0720da83cfc0,2025-11-04T20:25:53.707640,63c904bb-37e1-42e9-b828-03d273915302
42ce6e24-6026-4bad-8cba-f59af45ce06f,6e2684b5-dd18-4549-8440-7276b577d2b5,,39d1684f-acfe-4bb5-bf5c-913d32f44419,0a2cb6bb-2d78-4609-9e12-88a3bd1a156d,29da3373-4821-4016-9b03-949711a94d0e,2026-06-28T18:14:37.707672,Enterprise Deal - TechNova Solutions,231275.75,2026-08-22T05:50:40.707687,eb9f903e-4cd4-462b-9c0c-0720da83cfc0,2026-03-03T22:06:51.707672,63c904bb-37e1-42e9-b828-03d273915302
ec38d358-35ea-4ba4-b337-78811fe0d972,6e2684b5-dd18-4549-8440-7276b577d2b5,68a20fdd-2076-4deb-92e6-f3e8e017089a,,0a2cb6bb-2d78-4609-9e12-88a3bd1a156d,de013863-499a-430c-b921-70dec8e7b1df,2026-07-29T23:40:36.707697,Growth Deal - Bronze Gate,103906.11,2026-08-08T11:23:50.707712,7675c849-0f1f-4fa3-923c-f392ea4a2f35,2026-04-14T01:03:18.707697,71030eb2-1621-4863-8e2d-b6184abb7f32
79dc17b9-da5e-426d-ab04-911a5654052b,6e2684b5-dd18-4549-8440-7276b577d2b5,a5a1422d-205a-46f5-8587-9052c8154990,4002f4bf-10ab-4384-ae33-6e350c43547e,0a2cb6bb-2d78-4609-9e12-88a3bd1a156d,f6af3622-a08b-4544-a16d-18d42ff4a4e1,2026-06-08T12:31:14.707723,Growth Deal - Titan Industries,351256.41,2026-10-15T14:55:18.707738,8e8f6232-b5f8-466d-98c1-6a9d8090c3eb,2026-02-24T20:17:46.707723,71030eb2-1621-4863-8e2d-b6184abb7f32
964cf819-5def-469b-948c-e924b95e7774,6e2684b5-dd18-4549-8440-7276b577d2b5,,ce0d981f-b498-4143-a9ce-a2bd998c9f91,0a2cb6bb-2d78-4609-9e12-88a3bd1a156d,de013863-499a-430c-b921-70dec8e7b1df,2026-04-13T05:33:53.707747,Growth Deal - TechNova Solutions,234846.72,2026-08-25T08:56:35.707827,876017f1-7629-48e0-9ce9-20b44276c7d6,2025-12-10T17:35:43.707747,13f891f6-02c5-48a2-bb4f-65f664be06a0
2805bd3a-9d08-4519-b218-0b14d3dce27b,6e2684b5-dd18-4549-8440-7276b577d2b5,744d9e98-07f5-4c73-b7d8-14a89d9b690f,761b19ac-ba7b-4c51-9962-76627ebf2a68,0a2cb6bb-2d78-4609-9e12-88a3bd1a156d,fa64e2f3-9838-41be-851f-5088b4e907f3,2026-01-16T23:54:22.707852,Premium Deal - Sterling Finance,343748.95,2026-06-20T06:58:38.707884,8e8f6232-b5f8-466d-98c1-6a9d8090c3eb,2025-11-24T07:42:24.707852,71030eb2-1621-4863-8e2d-b6184abb7f32
edda926e-ee7d-41dc-8348-86785ef34e00,6e2684b5-dd18-4549-8440-7276b577d2b5,8cf9c701-3f19-4386-97d7-1ee78e186f2a,,0a2cb6bb-2d78-4609-9e12-88a3bd1a156d,f6af3622-a08b-4544-a16d-18d42ff4a4e1,2026-07-16T13:16:13.707895,Growth Deal - Topaz Digital,345002.96,2026-12-19T15:00:10.707912,58f39eeb-75cb-4ef4-96ba-4a30c22a7a1e,2025-12-11T06:43:24.707895,63c904bb-37e1-42e9-b828-03d273915302
fc0d8557-8d87-4745-80a5-3984ea26ad89,6e2684b5-dd18-4549-8440-7276b577d2b5,0ad3c6c6-94f2-443a-8446-f8385961428e,1acbdd4c-7cfa-4b39-86ba-62e4b463c188,0a2cb6bb-2d78-4609-9e12-88a3bd1a156d,3b0450ca-ca27-4031-9d06-d861b7c72f4d,2026-05-30T20:00:00.707922,Growth Deal - Catalyst Group,314166.25,2026-12-06T18:28:43.707938,eb9f903e-4cd4-462b-9c0c-0720da83cfc0,2025-12-05T17:52:42.707922,6339ef1b-ca56-4fa5-9ddb-36a79ac9d12f
ebe0ea23-8953-4be9-a08f-cbb7e4d7349f,6e2684b5-dd18-4549-8440-7276b577d2b5,bd41bb57-aed1-48ae-a711-32dbe42153df,,0a2cb6bb-2d78-4609-9e12-88a3bd1a156d,fa64e2f3-9838-41be-851f-5088b4e907f3,2026-06-30T19:41:41.707948,Starter Deal - Sterling Finance,79833.23,2026-06-23T19:30:50.707963,8e8f6232-b5f8-466d-98c1-6a9d8090c3eb,2026-05-26T17:02:39.707948,7675c849-0f1f-4fa3-923c-f392ea4a2f35
c981c674-9f36-478b-8434-7b1c1e678f6c,6e2684b5-dd18-4549-8440-7276b577d2b5,59ac8e0d-818b-4ec2-b6dd-ff8b4028da87,68a44661-af94-4f98-9a01-bc4d887eaec5,0a2cb6bb-2d78-4609-9e12-88a3bd1a156d,de013863-499a-430c-b921-70dec8e7b1df,2026-05-16T15:11:00.707974,Starter Deal - NexGen Software,299815.84,2026-12-29T20:14:30.707989,7223e10a-b124-4a7f-a342-f0f59020ba2f,2026-01-16T02:01:11.707974,9d990953-1d48-4691-9104-88f3d84dc63c
47a49529-68bc-44a7-8277-13c412ad3c72,6e2684b5-dd18-4549-8440-7276b577d2b5,4fc27873-1d96-4ab5-b39e-c0a2746347d9,ca545988-1974-4eb1-98ce-c324f98a0224,0a2cb6bb-2d78-4609-9e12-88a3bd1a156d,b4be3c8c-9e4c-4fd9-8ec0-c38105a72eeb,2026-07-15T12:20:53.708000,Growth Deal - Catalyst Group,465011.56,2026-06-19T06:05:25.708020,58f39eeb-75cb-4ef4-96ba-4a30c22a7a1e,2026-05-27T12:08:31.708000,f26bd177-029d-4863-993c-dfebe5004897
ad623175-4274-442a-ac5c-f5cdf5d79076,6e2684b5-dd18-4549-8440-7276b577d2b5,da87c04a-c1e5-4adb-a1be-6f91aac7a2e3,c4462773-4d88-46ab-95d6-5f1ebeecd42c,0a2cb6bb-2d78-4609-9e12-88a3bd1a156d,b4be3c8c-9e4c-4fd9-8ec0-c38105a72eeb,2026-08-02T11:05:24.708034,Custom Deal - Cobalt Systems,35318.61,2026-05-29T15:27:33.708051,7675c849-0f1f-4fa3-923c-f392ea4a2f35,2026-05-06T15:54:15.708034,f26bd177-029d-4863-993c-dfebe5004897
c036ee76-95e5-4a77-8253-8cdee0368eb8,6e2684b5-dd18-4549-8440-7276b577d2b5,5647a5ee-09d3-4563-b3fa-6287d04755db,3dcfad1d-76f8-4bae-87a2-eb67d31fbdaa,0a2cb6bb-2d78-4609-9e12-88a3bd1a156d,3b0450ca-ca27-4031-9d06-d861b7c72f4d,2026-02-22T21:42:49.708061,Custom Deal - Pulse Digital,442998.39,2026-12-08T07:50:31.708077,8e8f6232-b5f8-466d-98c1-6a9d8090c3eb,2025-08-10T14:45:52.708061,eb9f903e-4cd4-462b-9c0c-0720da83cfc0
691a1854-4f5d-4891-bf1e-babdb06b8a8b,6e2684b5-dd18-4549-8440-7276b577d2b5,629b0ae0-ed1d-49bb-a519-02ce78ddd1e5,,0a2cb6bb-2d78-4609-9e12-88a3bd1a156d,f6af3622-a08b-4544-a16d-18d42ff4a4e1,2026-06-30T10:59:36.708087,Growth Deal - Crystal Clear,425418.1,2026-08-24T17:19:52.708103,d53e375b-e751-4c1c-9dd2-2c198336f144,2025-12-02T09:11:41.708087,63c904bb-37e1-42e9-b828-03d273915302
d870ca4f-feec-4514-a36c-6e80d7d84cc5,6e2684b5-dd18-4549-8440-7276b577d2b5,f0eb0b94-3ee0-4050-ba06-3ddb5bcf02fc,,0a2cb6bb-2d78-4609-9e12-88a3bd1a156d,3b0450ca-ca27-4031-9d06-d861b7c72f4d,2026-07-14T05:36:40.708113,Premium Deal - Coral Health,311681.26,2026-08-28T23:40:00.708128,d53e375b-e751-4c1c-9dd2-2c198336f144,2026-03-12T13:50:47.708113,71030eb2-1621-4863-8e2d-b6184abb7f32
edad6ba3-0fd3-40b4-b624-ea5f54946e78,6e2684b5-dd18-4549-8440-7276b577d2b5,370c96e0-f901-4ab0-b1e8-146f5102ced6,6f3b0c3b-38b4-4a33-afff-766d95cc215c,0a2cb6bb-2d78-4609-9e12-88a3bd1a156d,de013863-499a-430c-b921-70dec8e7b1df,2026-05-27T20:41:54.708143,Custom Deal - EverGreen Solutions,180478.97,2026-09-17T08:29:31.708160,13f891f6-02c5-48a2-bb4f-65f664be06a0,2026-01-20T10:58:53.708143,876017f1-7629-48e0-9ce9-20b44276c7d6
2b6ec4a4-bd1a-4183-baae-59a0e4e93c54,6e2684b5-dd18-4549-8440-7276b577d2b5,70d81b9d-319e-4a3c-89cc-78a7fea419fd,bd5d8c26-56fe-4faf-9ef7-bc9b4dbee287,0a2cb6bb-2d78-4609-9e12-88a3bd1a156d,fa64e2f3-9838-41be-851f-5088b4e907f3,2026-07-14T12:05:41.708171,Premium Deal - Copper Systems,187779.76,2026-04-21T18:32:34.708187,eb9f903e-4cd4-462b-9c0c-0720da83cfc0,2026-02-28T06:57:48.708171,8e8f6232-b5f8-466d-98c1-6a9d8090c3eb
396b777e-d84f-4130-9dea-b4aec62fbc06,6e2684b5-dd18-4549-8440-7276b577d2b5,,bd5d8c26-56fe-4faf-9ef7-bc9b4dbee287,0a2cb6bb-2d78-4609-9e12-88a3bd1a156d,b4be3c8c-9e4c-4fd9-8ec0-c38105a72eeb,2026-06-10T06:03:57.708198,Custom Deal - Golden Ratio,257924.6,2026-06-10T22:01:25.708213,1f599b2d-4c19-4c7e-91e2-f8655b60b03d,2025-11-13T05:57:04.708198,6339ef1b-ca56-4fa5-9ddb-36a79ac9d12f
7c7ef4bf-fb3c-4249-a7b7-3ad6195a8a93,6e2684b5-dd18-4549-8440-7276b577d2b5,8f04947a-a9f8-45dd-bbab-e3407394bef7,f98d4b47-761c-47b0-b962-fa7f8e102ad0,0a2cb6bb-2d78-4609-9e12-88a3bd1a156d,f6af3622-a08b-4544-a16d-18d42ff4a4e1,2026-07-08T05:13:26.708223,Enterprise Deal - Apex Health,185472.97,2026-12-21T03:34:09.708238,8b51f21b-0da9-4139-8f04-0ef4187ce705,2025-10-30T01:49:25.708223,7223e10a-b124-4a7f-a342-f0f59020ba2f
e1302d37-d929-4362-896a-18e12de1337e,6e2684b5-dd18-4549-8440-7276b577d2b5,c1ffc38d-f84d-4174-b620-aae655c56df2,5f4e3e20-eddb-4f9f-b39d-2f53e9c7c7a0,0a2cb6bb-2d78-4609-9e12-88a3bd1a156d,de013863-499a-430c-b921-70dec8e7b1df,2026-08-06T01:23:42.708249,Growth Deal - Crystal Corp,422402.48,2026-08-10T23:31:43.708264,876017f1-7629-48e0-9ce9-20b44276c7d6,2026-05-31T01:19:24.708249,13f891f6-02c5-48a2-bb4f-65f664be06a0
c018faf0-7856-4252-9931-a020620a44b8,6e2684b5-dd18-4549-8440-7276b577d2b5,8ac037a0-8bdd-49e9-9182-6b99a3552539,3620c053-7943-4e32-9e69-c83f90f67ca3,0a2cb6bb-2d78-4609-9e12-88a3bd1a156d,fa64e2f3-9838-41be-851f-5088b4e907f3,2026-04-17T19:50:54.708275,Custom Deal - Quantum Dynamics,48779.09,2026-05-25T20:42:49.708290,d53e375b-e751-4c1c-9dd2-2c198336f144,2026-01-25T21:49:56.708275,f26bd177-029d-4863-993c-dfebe5004897
830516b2-3ef2-4906-b7f6-2a70bf4f70fc,6e2684b5-dd18-4549-8440-7276b577d2b5,c555293d-241a-4e26-ac58-4055ee248814,,0a2cb6bb-2d78-4609-9e12-88a3bd1a156d,3b0450ca-ca27-4031-9d06-d861b7c72f4d,2026-04-26T21:00:08.708300,Premium Deal - Coral Health,392105.59,2026-12-27T04:44:54.708315,1f599b2d-4c19-4c7e-91e2-f8655b60b03d,2025-11-13T21:33:58.708300,eb9f903e-4cd4-462b-9c0c-0720da83cfc0
0042a850-c2b5-4bfe-966d-0b6abd9aa764,6e2684b5-dd18-4549-8440-7276b577d2b5,1a8b77e1-ed67-421f-99ba-94ae344bccf8,59147001-5885-4696-8b40-6ad538b9654e,0a2cb6bb-2d78-4609-9e12-88a3bd1a156d,3b0450ca-ca27-4031-9d06-d861b7c72f4d,2025-12-13T15:14:14.708325,Growth Deal - ClearView Corp,3348.94,2026-12-08T14:14:21.708342,13f891f6-02c5-48a2-bb4f-65f664be06a0,2025-09-19T16:46:39.708325,8e8f6232-b5f8-466d-98c1-6a9d8090c3eb
154dd65c-2adc-44c2-8e42-f48ca117f9b8,6e2684b5-dd18-4549-8440-7276b577d2b5,,ea0f9ef8-baf3-4e9d-b070-f68292801da0,0a2cb6bb-2d78-4609-9e12-88a3bd1a156d,29da3373-4821-4016-9b03-949711a94d0e,2026-08-02T17:00:15.708352,Custom Deal - Bronze Gate,291181.34,2026-10-19T09:13:54.708367,63c904bb-37e1-42e9-b828-03d273915302,2026-05-31T04:54:50.708352,d53e375b-e751-4c1c-9dd2-2c198336f144
136bb398-66eb-4627-b5a8-ebc4a568f06f,6e2684b5-dd18-4549-8440-7276b577d2b5,83959589-8b74-45e1-9cdb-24e06b6afe31,,0a2cb6bb-2d78-4609-9e12-88a3bd1a156d,f6af3622-a08b-4544-a16d-18d42ff4a4e1,2026-02-27T04:29:38.708377,Enterprise Deal - Forge Industries,383267.53,2026-10-13T04:15:03.708397,8e8f6232-b5f8-466d-98c1-6a9d8090c3eb,2026-02-21T02:12:50.708377,71030eb2-1621-4863-8e2d-b6184abb7f32
d7dcd656-328e-4572-9240-848e894b9ddd,6e2684b5-dd18-4549-8440-7276b577d2b5,b0fc6ebc-bf8b-4a72-8564-a98ee22a32e9,,0a2cb6bb-2d78-4609-9e12-88a3bd1a156d,fa64e2f3-9838-41be-851f-5088b4e907f3,2026-03-09T10:57:42.708425,Premium Deal - NexGen Software,315122.33,2026-06-05T06:02:02.708442,8b51f21b-0da9-4139-8f04-0ef4187ce705,2025-12-28T09:54:10.708425,7223e10a-b124-4a7f-a342-f0f59020ba2f
fadc909d-6eb2-4a1a-a579-fdb333064dfc,6e2684b5-dd18-4549-8440-7276b577d2b5,0ed9b0b5-6df4-46a7-8e0a-12f9fd45e020,,0a2cb6bb-2d78-4609-9e12-88a3bd1a156d,fa64e2f3-9838-41be-851f-5088b4e907f3,2026-03-26T22:09:09.708452,Premium Deal - Pulse Digital,383021.02,2026-05-15T00:11:52.708468,63c904bb-37e1-42e9-b828-03d273915302,2025-11-29T11:42:55.708452,876017f1-7629-48e0-9ce9-20b44276c7d6
5f376963-5124-4a49-bcce-c20ff22ea845,6e2684b5-dd18-4549-8440-7276b577d2b5,6101f825-742c-4d46-b80a-485a526f2b77,71e778bb-2da7-4ae4-8f5e-fca13ddceeab,0a2cb6bb-2d78-4609-9e12-88a3bd1a156d,fa64e2f3-9838-41be-851f-5088b4e907f3,2025-12-30T04:21:29.708478,Growth Deal - Prism Technologies,34240.34,2026-04-27T15:18:45.708501,7675c849-0f1f-4fa3-923c-f392ea4a2f35,2025-10-30T19:02:26.708478,71030eb2-1621-4863-8e2d-b6184abb7f32
22c8932f-fe2a-415b-9c46-cefce0903c8c,6e2684b5-dd18-4549-8440-7276b577d2b5,192d9f84-a3f0-4ce1-8813-cd627341f48f,127448fe-debe-47ea-b75b-ceb487ae2805,0a2cb6bb-2d78-4609-9e12-88a3bd1a156d,3b0450ca-ca27-4031-9d06-d861b7c72f4d,2025-12-21T00:21:30.708511,Enterprise Deal - Zenith Partners,499052.39,2026-11-01T15:55:03.708527,6339ef1b-ca56-4fa5-9ddb-36a79ac9d12f,2025-12-15T19:02:43.708511,13f891f6-02c5-48a2-bb4f-65f664be06a0
b8b93104-7b09-40f2-871e-cc48832433af,6e2684b5-dd18-4549-8440-7276b577d2b5,bbb35261-edc9-41b5-8ed4-bfe5dc66dd6f,fc781a68-5a43-466c-a52d-5c85535ea4da,0a2cb6bb-2d78-4609-9e12-88a3bd1a156d,b4be3c8c-9e4c-4fd9-8ec0-c38105a72eeb,2025-10-10T03:41:30.708538,Custom Deal - Velocity Labs,452504.25,2026-08-02T03:13:21.708554,7223e10a-b124-4a7f-a342-f0f59020ba2f,2025-10-03T14:06:32.708538,13f891f6-02c5-48a2-bb4f-65f664be06a0
30237c82-91e2-4038-8992-675c709134f5,6e2684b5-dd18-4549-8440-7276b577d2b5,65dda76d-1908-4234-a0bf-eca7a1a89a56,3000df05-cf42-468a-bbf7-323afb9bc7c9,0a2cb6bb-2d78-4609-9e12-88a3bd1a156d,b4be3c8c-9e4c-4fd9-8ec0-c38105a72eeb,2026-08-05T04:31:01.708564,Growth Deal - NexGen Software,17833.17,2026-06-15T18:45:56.708579,63c904bb-37e1-42e9-b828-03d273915302,2026-01-31T14:29:09.708564,6339ef1b-ca56-4fa5-9ddb-36a79ac9d12f
9f0d02b2-d23c-4b8d-8f50-aa5df53a4f01,6e2684b5-dd18-4549-8440-7276b577d2b5,,,0a2cb6bb-2d78-4609-9e12-88a3bd1a156d,de013863-499a-430c-b921-70dec8e7b1df,2026-04-24T11:07:38.708588,Enterprise Deal - Onyx Data,397367.37,2026-11-08T15:26:21.708603,7675c849-0f1f-4fa3-923c-f392ea4a2f35,2026-01-24T12:46:48.708588,6339ef1b-ca56-4fa5-9ddb-36a79ac9d12f
ce6392e0-6f87-4ce6-a209-a1b8849dda81,6e2684b5-dd18-4549-8440-7276b577d2b5,d71f0f9c-84e5-49a1-bc11-b20c4755f1cb,,0a2cb6bb-2d78-4609-9e12-88a3bd1a156d,f6af3622-a08b-4544-a16d-18d42ff4a4e1,2026-06-21T14:09:49.708613,Enterprise Deal - Titan Industries,94768.18,2026-09-05T12:36:21.708628,eb9f903e-4cd4-462b-9c0c-0720da83cfc0,2025-11-06T12:30:38.708613,63c904bb-37e1-42e9-b828-03d273915302
1b026f79-e5ce-46ed-9aef-a62310f4a172,6e2684b5-dd18-4549-8440-7276b577d2b5,,840a6d20-e4ee-4156-9597-318b2c8eb398,0a2cb6bb-2d78-4609-9e12-88a3bd1a156d,f6af3622-a08b-4544-a16d-18d42ff4a4e1,2026-02-03T16:15:42.708637,Custom Deal - SwiftScale,36833.49,2026-09-07T18:11:26.708658,7223e10a-b124-4a7f-a342-f0f59020ba2f,2025-08-25T10:34:20.708637,7675c849-0f1f-4fa3-923c-f392ea4a2f35
28ae993d-9e0b-4527-b724-32aa245d0e22,6e2684b5-dd18-4549-8440-7276b577d2b5,cb673706-2940-4e0d-8fea-8068ba15572f,337909c4-a41f-41e2-8439-8492f3575057,0a2cb6bb-2d78-4609-9e12-88a3bd1a156d,29da3373-4821-4016-9b03-949711a94d0e,2026-07-08T14:58:08.708668,Custom Deal - Atlas Computing,307466.05,2026-08-22T14:58:41.708684,8e8f6232-b5f8-466d-98c1-6a9d8090c3eb,2026-06-28T11:08:45.708668,6339ef1b-ca56-4fa5-9ddb-36a79ac9d12f
98c3e829-ba1f-4bba-bdb5-eefe95f9ae8f,6e2684b5-dd18-4549-8440-7276b577d2b5,,127448fe-debe-47ea-b75b-ceb487ae2805,0a2cb6bb-2d78-4609-9e12-88a3bd1a156d,fa64e2f3-9838-41be-851f-5088b4e907f3,2026-07-20T02:55:54.708700,Growth Deal - Jade Consulting,335280.32,2026-07-28T06:00:22.708714,8e8f6232-b5f8-466d-98c1-6a9d8090c3eb,2025-11-25T11:44:15.708700,876017f1-7629-48e0-9ce9-20b44276c7d6
7c8fcd70-4173-4ec3-8fd7-d6892b76f6c5,6e2684b5-dd18-4549-8440-7276b577d2b5,,,0a2cb6bb-2d78-4609-9e12-88a3bd1a156d,3b0450ca-ca27-4031-9d06-d861b7c72f4d,2026-01-07T20:07:51.708724,Growth Deal - BlueShift Labs,499035.2,2027-01-17T15:19:18.708739,9d990953-1d48-4691-9104-88f3d84dc63c,2025-10-22T22:54:28.708724,13f891f6-02c5-48a2-bb4f-65f664be06a0
ce5062cd-861a-4571-8ee3-ab3c3eb3ced0,6e2684b5-dd18-4549-8440-7276b577d2b5,484ecd16-6381-4846-923b-c5476e2085ac,ef32987c-2b70-4c50-ac02-f1af0e14ce56,0a2cb6bb-2d78-4609-9e12-88a3bd1a156d,b4be3c8c-9e4c-4fd9-8ec0-c38105a72eeb,2026-07-13T03:22:36.708749,Growth Deal - Apex Innovations,5646.91,2026-04-28T07:56:32.708764,63c904bb-37e1-42e9-b828-03d273915302,2026-04-23T02:54:07.708749,58f39eeb-75cb-4ef4-96ba-4a30c22a7a1e
32ba084f-e5f2-4f33-bda6-c7fa907933f7,6e2684b5-dd18-4549-8440-7276b577d2b5,00452a03-07e4-4f3e-a6e6-23c26072eaee,,0a2cb6bb-2d78-4609-9e12-88a3bd1a156d,fa64e2f3-9838-41be-851f-5088b4e907f3,2025-11-19T13:08:30.708778,Custom Deal - IronClad Security,48578.13,2026-07-15T11:31:25.708794,58f39eeb-75cb-4ef4-96ba-4a30c22a7a1e,2025-08-12T23:49:26.708778,63c904bb-37e1-42e9-b828-03d273915302
8bbda80d-91f0-45aa-9e59-b9fd6e64c4df,6e2684b5-dd18-4549-8440-7276b577d2b5,6101f825-742c-4d46-b80a-485a526f2b77,,0a2cb6bb-2d78-4609-9e12-88a3bd1a156d,29da3373-4821-4016-9b03-949711a94d0e,2026-06-21T05:36:33.708803,Growth Deal - Zenith Partners,231333.06,2026-10-06T10:01:30.708818,7675c849-0f1f-4fa3-923c-f392ea4a2f35,2026-05-05T16:39:34.708803,6339ef1b-ca56-4fa5-9ddb-36a79ac9d12f
8a1b4597-e6de-4047-9c6c-b9704c43d27c,6e2684b5-dd18-4549-8440-7276b577d2b5,71cb2e91-b419-4d3a-a119-1586d89b8885,,0a2cb6bb-2d78-4609-9e12-88a3bd1a156d,b4be3c8c-9e4c-4fd9-8ec0-c38105a72eeb,2026-06-13T07:32:35.708828,Growth Deal - SwiftScale,138755.16,2026-05-17T02:19:35.708843,71030eb2-1621-4863-8e2d-b6184abb7f32,2025-12-22T12:19:38.708828,9d990953-1d48-4691-9104-88f3d84dc63c
93cbe4e6-5714-412b-9ee9-3f764f931607,6e2684b5-dd18-4549-8440-7276b577d2b5,,,0a2cb6bb-2d78-4609-9e12-88a3bd1a156d,3b0450ca-ca27-4031-9d06-d861b7c72f4d,2026-06-23T04:57:54.708852,Growth Deal - CloudPeak Analytics,91971.34,2026-09-23T15:43:19.708866,7223e10a-b124-4a7f-a342-f0f59020ba2f,2025-11-04T14:15:39.708852,f26bd177-029d-4863-993c-dfebe5004897
93ad970f-371f-433e-acfd-ce35245bcb5a,6e2684b5-dd18-4549-8440-7276b577d2b5,e9adeed1-49c8-4724-8491-ecae484d4cb0,,0a2cb6bb-2d78-4609-9e12-88a3bd1a156d,b4be3c8c-9e4c-4fd9-8ec0-c38105a72eeb,2026-07-29T20:18:05.708876,Starter Deal - ClearView Corp,420922.21,2026-06-29T22:57:20.708891,8b51f21b-0da9-4139-8f04-0ef4187ce705,2026-04-27T04:36:07.708876,58f39eeb-75cb-4ef4-96ba-4a30c22a7a1e
a4614494-0ac8-4e90-b1ef-0d59d9887569,6e2684b5-dd18-4549-8440-7276b577d2b5,5e965f37-7455-4296-90bd-0ad4ca80bc3c,,0a2cb6bb-2d78-4609-9e12-88a3bd1a156d,b4be3c8c-9e4c-4fd9-8ec0-c38105a72eeb,2026-05-12T22:20:03.708901,Starter Deal - Summit Analytics,435251.28,2026-05-29T06:05:07.708916,13f891f6-02c5-48a2-bb4f-65f664be06a0,2025-11-04T14:27:52.708901,9d990953-1d48-4691-9104-88f3d84dc63c
5409b8e7-f1d6-454b-b394-39b02bcd4b60,6e2684b5-dd18-4549-8440-7276b577d2b5,d31aed22-2c12-4802-880a-1f5fd4c0d64a,,0a2cb6bb-2d78-4609-9e12-88a3bd1a156d,de013863-499a-430c-b921-70dec8e7b1df,2026-06-09T09:51:49.708926,Growth Deal - ClearView Corp,240750.62,2026-12-14T11:04:22.708940,6339ef1b-ca56-4fa5-9ddb-36a79ac9d12f,2026-05-27T09:22:28.708926,876017f1-7629-48e0-9ce9-20b44276c7d6
498cb99d-ee85-4913-8074-d786bb5ea56b,6e2684b5-dd18-4549-8440-7276b577d2b5,6f49e543-ea4d-4a80-913a-554a9641731c,e747348c-9493-424f-9a24-f30d6d2c0ea2,0a2cb6bb-2d78-4609-9e12-88a3bd1a156d,3b0450ca-ca27-4031-9d06-d861b7c72f4d,2026-01-24T00:46:23.708956,Enterprise Deal - Crystal Clear,33653.24,2026-10-23T04:51:37.708972,63c904bb-37e1-42e9-b828-03d273915302,2025-10-11T08:46:11.708956,58f39eeb-75cb-4ef4-96ba-4a30c22a7a1e
5bd075f8-90b5-4522-8a3b-c36a70afc88d,6e2684b5-dd18-4549-8440-7276b577d2b5,8645101f-fc65-4152-ba25-60255bbfdc95,56b83acc-13a1-45a4-b942-6a153d7d5cda,0a2cb6bb-2d78-4609-9e12-88a3bd1a156d,3b0450ca-ca27-4031-9d06-d861b7c72f4d,2026-06-03T16:35:49.708982,Premium Deal - Jade Consulting,255123.16,2027-02-01T10:55:48.709002,7223e10a-b124-4a7f-a342-f0f59020ba2f,2026-05-26T20:04:34.708982,8e8f6232-b5f8-466d-98c1-6a9d8090c3eb
7b8c9d52-39c7-44d0-8f29-1beeadd76aec,6e2684b5-dd18-4549-8440-7276b577d2b5,813cdfd4-f7cb-4beb-be8c-42c7fb675ac8,,0a2cb6bb-2d78-4609-9e12-88a3bd1a156d,3b0450ca-ca27-4031-9d06-d861b7c72f4d,2026-06-15T14:02:34.709012,Starter Deal - Crystal Corp,223525.95,2026-10-20T16:56:35.709027,eb9f903e-4cd4-462b-9c0c-0720da83cfc0,2026-01-09T10:41:50.709012,d53e375b-e751-4c1c-9dd2-2c198336f144
5c4c4e82-ebdd-4dc3-993b-32b903fe03bc,6e2684b5-dd18-4549-8440-7276b577d2b5,cd4e1cc5-c485-4d83-a2b9-e8b191e1177c,,0a2cb6bb-2d78-4609-9e12-88a3bd1a156d,29da3373-4821-4016-9b03-949711a94d0e,2026-07-26T12:58:36.709037,Enterprise Deal - Nimbus Networks,166400.04,2027-01-16T13:59:06.709052,6339ef1b-ca56-4fa5-9ddb-36a79ac9d12f,2026-07-22T08:30:20.709037,d53e375b-e751-4c1c-9dd2-2c198336f144
8eb0d05f-1bc7-4822-82c0-06ccaacc6bb3,6e2684b5-dd18-4549-8440-7276b577d2b5,,,0a2cb6bb-2d78-4609-9e12-88a3bd1a156d,b4be3c8c-9e4c-4fd9-8ec0-c38105a72eeb,2025-11-02T18:00:39.709061,Growth Deal - Vanguard Systems,421129.35,2026-05-21T04:46:21.709076,8b51f21b-0da9-4139-8f04-0ef4187ce705,2025-08-14T09:51:13.709061,7675c849-0f1f-4fa3-923c-f392ea4a2f35
d478f6f0-34cd-4b07-b04f-b1fee91e40a6,6e2684b5-dd18-4549-8440-7276b577d2b5,42d9002b-cbb1-4592-9450-71c354a42b23,dd016af4-a992-40e0-b161-0b8b75494333,0a2cb6bb-2d78-4609-9e12-88a3bd1a156d,b4be3c8c-9e4c-4fd9-8ec0-c38105a72eeb,2026-07-24T12:43:32.709087,Enterprise Deal - Silver Stream,107019.17,2026-07-02T03:45:59.709101,eb9f903e-4cd4-462b-9c0c-0720da83cfc0,2026-05-09T06:09:46.709087,7675c849-0f1f-4fa3-923c-f392ea4a2f35
46733b18-e736-4fcd-a9c7-7a3f17b8982e,6e2684b5-dd18-4549-8440-7276b577d2b5,68201c76-f58e-4584-ac26-5e69995c9b66,,0a2cb6bb-2d78-4609-9e12-88a3bd1a156d,de013863-499a-430c-b921-70dec8e7b1df,2026-07-02T04:08:53.709115,Custom Deal - Copper Systems,261004.05,2026-09-20T01:55:55.709130,eb9f903e-4cd4-462b-9c0c-0720da83cfc0,2025-12-02T15:21:53.709115,58f39eeb-75cb-4ef4-96ba-4a30c22a7a1e
99e34132-8ea3-46eb-8828-c9865d9a9166,6e2684b5-dd18-4549-8440-7276b577d2b5,,e747348c-9493-424f-9a24-f30d6d2c0ea2,0a2cb6bb-2d78-4609-9e12-88a3bd1a156d,29da3373-4821-4016-9b03-949711a94d0e,2026-08-07T00:32:24.709141,Enterprise Deal - SilverLine Corp,251053.83,2026-11-20T14:20:23.709160,f26bd177-029d-4863-993c-dfebe5004897,2026-05-31T07:41:15.709141,63c904bb-37e1-42e9-b828-03d273915302
104c051f-e837-489a-adc8-5735fb3f8a36,6e2684b5-dd18-4549-8440-7276b577d2b5,95faded2-34e2-417c-a690-e08889549228,41b12654-1264-4986-bd69-82d47e005c81,0a2cb6bb-2d78-4609-9e12-88a3bd1a156d,3b0450ca-ca27-4031-9d06-d861b7c72f4d,2026-06-02T21:22:07.709171,Custom Deal - SilverLine Corp,394620.61,2026-10-10T18:07:58.709186,58f39eeb-75cb-4ef4-96ba-4a30c22a7a1e,2025-12-12T04:03:53.709171,13f891f6-02c5-48a2-bb4f-65f664be06a0
9eed4ac8-cb4d-4d28-a889-f6d6fd425921,6e2684b5-dd18-4549-8440-7276b577d2b5,,29307464-9b51-4ff5-90a9-90d66eebc3bf,0a2cb6bb-2d78-4609-9e12-88a3bd1a156d,f6af3622-a08b-4544-a16d-18d42ff4a4e1,2026-07-29T08:14:51.709196,Enterprise Deal - Summit Analytics,81286.09,2026-09-08T12:25:05.709211,6339ef1b-ca56-4fa5-9ddb-36a79ac9d12f,2026-07-19T10:31:15.709196,f26bd177-029d-4863-993c-dfebe5004897
1febf73b-24e9-4fce-8940-53726767f9dc,6e2684b5-dd18-4549-8440-7276b577d2b5,f6b8da90-8035-4e2f-8d4b-c1b387f0d478,46b9888f-7f59-4f91-89a2-576ee9d3c2a2,0a2cb6bb-2d78-4609-9e12-88a3bd1a156d,b4be3c8c-9e4c-4fd9-8ec0-c38105a72eeb,2026-02-19T06:39:09.709225,Enterprise Deal - Jade Consulting,472577.15,2026-06-18T06:37:53.709240,8e8f6232-b5f8-466d-98c1-6a9d8090c3eb,2025-12-18T05:38:21.709225,63c904bb-37e1-42e9-b828-03d273915302
55f0f758-1a8f-4004-be84-83d8f0995d40,6e2684b5-dd18-4549-8440-7276b577d2b5,44e17d7c-4e49-4329-a516-dd0af0c833c1,,0a2cb6bb-2d78-4609-9e12-88a3bd1a156d,29da3373-4821-4016-9b03-949711a94d0e,2025-09-23T20:33:47.709250,Custom Deal - Diamond Edge,20856.36,2026-08-24T19:59:39.709265,eb9f903e-4cd4-462b-9c0c-0720da83cfc0,2025-09-10T00:04:15.709250,9d990953-1d48-4691-9104-88f3d84dc63c
f6b42227-84ad-40cb-a401-a285c1cc2eee,6e2684b5-dd18-4549-8440-7276b577d2b5,2abddc3a-27e8-4be8-ac9d-16c0cc9346b9,0e940056-b380-438d-bfd2-fe0ba89ef977,0a2cb6bb-2d78-4609-9e12-88a3bd1a156d,29da3373-4821-4016-9b03-949711a94d0e,2026-03-04T01:20:28.709275,Growth Deal - Steel Bridge,471921.96,2026-08-29T07:38:40.709291,71030eb2-1621-4863-8e2d-b6184abb7f32,2025-08-30T10:40:49.709275,6339ef1b-ca56-4fa5-9ddb-36a79ac9d12f
19831b8d-c0ff-49d9-afec-c4cf3493ecc8,6e2684b5-dd18-4549-8440-7276b577d2b5,e367610b-bbbd-4039-bd08-55ba0f9877d2,758f5ef9-b984-43da-8002-2029e0316f70,0a2cb6bb-2d78-4609-9e12-88a3bd1a156d,29da3373-4821-4016-9b03-949711a94d0e,2026-05-21T09:48:11.709301,Premium Deal - Catalyst Group,414443.58,2026-11-29T02:06:56.709316,f26bd177-029d-4863-993c-dfebe5004897,2025-10-16T02:30:01.709301,7223e10a-b124-4a7f-a342-f0f59020ba2f
dfc46aa1-9dfb-4d0d-af66-efc2c6bfd32a,6e2684b5-dd18-4549-8440-7276b577d2b5,,f622b1bc-12e3-45d2-830a-6236b4572c59,0a2cb6bb-2d78-4609-9e12-88a3bd1a156d,f6af3622-a08b-4544-a16d-18d42ff4a4e1,2026-07-18T07:45:22.709325,Growth Deal - Apex Innovations,261707.32,2026-10-18T02:22:26.709340,eb9f903e-4cd4-462b-9c0c-0720da83cfc0,2026-06-19T05:03:09.709325,8b51f21b-0da9-4139-8f04-0ef4187ce705
91433261-409a-4a38-86a4-57c0b5cc255e,6e2684b5-dd18-4549-8440-7276b577d2b5,ae137412-869c-460b-9bc1-7a84365fd7df,7cdd0858-8a40-4144-a7ff-1cef66d8f36d,0a2cb6bb-2d78-4609-9e12-88a3bd1a156d,fa64e2f3-9838-41be-851f-5088b4e907f3,2025-12-22T11:18:01.709350,Growth Deal - Catalyst Group,65587.84,2026-06-11T03:22:46.709365,eb9f903e-4cd4-462b-9c0c-0720da83cfc0,2025-11-27T23:33:15.709350,8b51f21b-0da9-4139-8f04-0ef4187ce705
754800b2-5b4b-4079-89b4-757003d21470,6e2684b5-dd18-4549-8440-7276b577d2b5,56401474-af4f-4363-b537-a99f5da11e8b,a257e698-df61-4100-873b-9e83b19c00e4,0a2cb6bb-2d78-4609-9e12-88a3bd1a156d,3b0450ca-ca27-4031-9d06-d861b7c72f4d,2026-06-25T23:35:27.709376,Starter Deal - Quantum Dynamics,391769.7,2026-10-31T15:54:53.709391,63c904bb-37e1-42e9-b828-03d273915302,2026-05-09T23:25:58.709376,58f39eeb-75cb-4ef4-96ba-4a30c22a7a1e
4cd28c80-1829-4203-ac0f-11b3ea5deaf0,6e2684b5-dd18-4549-8440-7276b577d2b5,1a01efb8-ae36-4cde-87c3-017ad78a464d,b94f9688-e7d0-462f-b6f8-54ff566da376,0a2cb6bb-2d78-4609-9e12-88a3bd1a156d,de013863-499a-430c-b921-70dec8e7b1df,2026-01-26T00:56:52.709401,Premium Deal - Atlas Computing,51595.05,2027-01-19T06:47:36.709416,8e8f6232-b5f8-466d-98c1-6a9d8090c3eb,2025-10-28T19:31:00.709401,58f39eeb-75cb-4ef4-96ba-4a30c22a7a1e
8701e653-306a-48fa-a244-81dcae163f14,6e2684b5-dd18-4549-8440-7276b577d2b5,bd487880-31b8-49f1-aa3c-3fb188bb9f04,,0a2cb6bb-2d78-4609-9e12-88a3bd1a156d,3b0450ca-ca27-4031-9d06-d861b7c72f4d,2026-02-16T10:53:42.709426,Growth Deal - IronClad Security,392375.3,2027-01-24T17:03:02.709441,f26bd177-029d-4863-993c-dfebe5004897,2026-01-02T09:40:06.709426,8e8f6232-b5f8-466d-98c1-6a9d8090c3eb
b820f3a3-6235-4de1-b223-c5075742d618,6e2684b5-dd18-4549-8440-7276b577d2b5,bcbbe512-3dd5-4654-ab99-5353a2b0fa3e,,0a2cb6bb-2d78-4609-9e12-88a3bd1a156d,f6af3622-a08b-4544-a16d-18d42ff4a4e1,2026-05-07T18:22:56.709451,Growth Deal - ClearView Corp,378928.7,2027-01-06T20:07:36.709469,1f599b2d-4c19-4c7e-91e2-f8655b60b03d,2026-04-17T23:21:42.709451,8e8f6232-b5f8-466d-98c1-6a9d8090c3eb
d2ab004c-f5bb-4698-9f64-f1b27795ba09,6e2684b5-dd18-4549-8440-7276b577d2b5,3cbbd0bf-6223-4cb0-a3d2-49aab3467adb,52543ee3-6d90-4a89-9386-2f60319d6b3d,0a2cb6bb-2d78-4609-9e12-88a3bd1a156d,de013863-499a-430c-b921-70dec8e7b1df,2026-07-21T10:39:32.709483,Enterprise Deal - Fusion Analytics,488853.07,2026-09-01T06:25:36.709498,876017f1-7629-48e0-9ce9-20b44276c7d6,2026-06-25T03:03:33.709483,58f39eeb-75cb-4ef4-96ba-4a30c22a7a1e
db4fc4a6-6beb-45f5-858f-c0f068a776d3,6e2684b5-dd18-4549-8440-7276b577d2b5,fb75712c-e838-4381-a038-b07926ce8105,,0a2cb6bb-2d78-4609-9e12-88a3bd1a156d,f6af3622-a08b-4544-a16d-18d42ff4a4e1,2025-12-21T13:48:22.709508,Custom Deal - Apex Innovations,154884.68,2026-11-06T14:01:32.709523,f26bd177-029d-4863-993c-dfebe5004897,2025-12-01T04:55:49.709508,8b51f21b-0da9-4139-8f04-0ef4187ce705
9b1a259d-84ef-4708-954a-b83b5306bcdb,6e2684b5-dd18-4549-8440-7276b577d2b5,38a97a06-577d-4ef8-81f3-8e90b8c254cd,946866ba-69f9-4f60-8f10-3d15e73e9a77,0a2cb6bb-2d78-4609-9e12-88a3bd1a156d,de013863-499a-430c-b921-70dec8e7b1df,2026-04-30T02:11:34.709533,Custom Deal - Coral Health,441234.77,2026-11-25T19:31:45.709548,7223e10a-b124-4a7f-a342-f0f59020ba2f,2026-03-21T11:32:17.709533,1f599b2d-4c19-4c7e-91e2-f8655b60b03d
6c4722e7-e370-40df-907b-534bfd78981a,6e2684b5-dd18-4549-8440-7276b577d2b5,,,0a2cb6bb-2d78-4609-9e12-88a3bd1a156d,b4be3c8c-9e4c-4fd9-8ec0-c38105a72eeb,2026-04-19T00:38:13.709557,Starter Deal - Onyx Data,199819.15,2026-05-23T14:10:45.709572,eb9f903e-4cd4-462b-9c0c-0720da83cfc0,2025-10-14T16:14:37.709557,71030eb2-1621-4863-8e2d-b6184abb7f32
031a6ef4-da61-4b9f-ba8a-f0dd3016320f,6e2684b5-dd18-4549-8440-7276b577d2b5,,155bec1e-0ca5-454c-b036-56ef7b11ea62,0a2cb6bb-2d78-4609-9e12-88a3bd1a156d,b4be3c8c-9e4c-4fd9-8ec0-c38105a72eeb,2026-06-04T17:56:37.709581,Starter Deal - Forge Industries,38356.57,2026-07-24T08:53:46.709597,6339ef1b-ca56-4fa5-9ddb-36a79ac9d12f,2026-06-02T02:57:03.709581,58f39eeb-75cb-4ef4-96ba-4a30c22a7a1e
76e425d6-175b-4e95-b7dd-7888356d8617,6e2684b5-dd18-4549-8440-7276b577d2b5,202bd062-53d0-4e44-82ca-1e00eed7bcf6,,0a2cb6bb-2d78-4609-9e12-88a3bd1a156d,29da3373-4821-4016-9b03-949711a94d0e,2026-07-11T01:51:22.709607,Enterprise Deal - TechNova Solutions,308135.17,2026-11-04T13:08:36.709622,7675c849-0f1f-4fa3-923c-f392ea4a2f35,2025-12-18T23:41:40.709607,876017f1-7629-48e0-9ce9-20b44276c7d6
7c4df25b-f22c-4d31-bc3b-700d36c84eb7,6e2684b5-dd18-4549-8440-7276b577d2b5,62e0c335-a611-48a3-9612-dd312af7ebd0,,0a2cb6bb-2d78-4609-9e12-88a3bd1a156d,fa64e2f3-9838-41be-851f-5088b4e907f3,2026-06-25T08:48:37.709632,Custom Deal - BlueShift Labs,175481.72,2026-06-05T10:51:39.709653,71030eb2-1621-4863-8e2d-b6184abb7f32,2026-06-05T04:10:17.709632,f26bd177-029d-4863-993c-dfebe5004897
1f18c8a0-7163-4b61-93d3-cb5b4fd77123,6e2684b5-dd18-4549-8440-7276b577d2b5,a7f5c095-1e12-4cf0-b958-8bec13622ae6,e941ff61-a488-41cf-8318-4c8c37d49f6b,0a2cb6bb-2d78-4609-9e12-88a3bd1a156d,de013863-499a-430c-b921-70dec8e7b1df,2026-01-01T08:20:15.709663,Premium Deal - Titan Industries,15976.53,2027-01-17T21:58:12.709678,13f891f6-02c5-48a2-bb4f-65f664be06a0,2025-12-25T05:02:03.709663,1f599b2d-4c19-4c7e-91e2-f8655b60b03d
ed61a452-a17e-4ad5-bea4-599f137b6902,6e2684b5-dd18-4549-8440-7276b577d2b5,13e00a1b-5251-45f8-81ca-4b7734700812,346ebd52-ba14-4643-b914-bab80cf1e7db,0a2cb6bb-2d78-4609-9e12-88a3bd1a156d,29da3373-4821-4016-9b03-949711a94d0e,2026-06-26T20:00:33.709689,Enterprise Deal - Cobalt Systems,409973.65,2026-10-26T11:58:06.709703,876017f1-7629-48e0-9ce9-20b44276c7d6,2026-06-11T05:31:17.709689,876017f1-7629-48e0-9ce9-20b44276c7d6
2d23044b-1c89-4f23-8526-5a87bd4805ee,6e2684b5-dd18-4549-8440-7276b577d2b5,c71df5f6-70de-4372-9bcc-6f013a96f544,,0a2cb6bb-2d78-4609-9e12-88a3bd1a156d,b4be3c8c-9e4c-4fd9-8ec0-c38105a72eeb,2026-06-19T19:18:57.709713,Premium Deal - Apex Health,399687.69,2026-07-01T03:18:56.709729,7675c849-0f1f-4fa3-923c-f392ea4a2f35,2026-05-16T04:40:53.709713,7675c849-0f1f-4fa3-923c-f392ea4a2f35
abbf2220-974d-4aae-92d2-d18a0b7ec423,6e2684b5-dd18-4549-8440-7276b577d2b5,,,0a2cb6bb-2d78-4609-9e12-88a3bd1a156d,3b0450ca-ca27-4031-9d06-d861b7c72f4d,2026-03-28T08:15:31.709742,Enterprise Deal - Pearl Analytics,182142.46,2027-01-30T17:35:03.709756,7675c849-0f1f-4fa3-923c-f392ea4a2f35,2025-12-02T11:13:59.709742,eb9f903e-4cd4-462b-9c0c-0720da83cfc0
0fdf0948-a8d7-402a-b668-cc8bf2535114,6e2684b5-dd18-4549-8440-7276b577d2b5,d6439e9e-4d9d-4e8c-974b-9210a00fd4e0,,0a2cb6bb-2d78-4609-9e12-88a3bd1a156d,f6af3622-a08b-4544-a16d-18d42ff4a4e1,2026-01-10T16:07:16.709766,Custom Deal - Opal Solutions,314423.17,2026-10-07T05:53:16.709781,7223e10a-b124-4a7f-a342-f0f59020ba2f,2025-10-18T13:49:02.709766,9d990953-1d48-4691-9104-88f3d84dc63c
11feba12-ce20-4a10-b340-faaa14f5dba9,6e2684b5-dd18-4549-8440-7276b577d2b5,d775885a-f385-4bb6-a0f7-7325636791ca,,0a2cb6bb-2d78-4609-9e12-88a3bd1a156d,3b0450ca-ca27-4031-9d06-d861b7c72f4d,2026-08-05T10:52:29.709791,Custom Deal - SilverLine Corp,112704.48,2026-10-24T03:58:08.709806,63c904bb-37e1-42e9-b828-03d273915302,2026-07-25T15:48:54.709791,7223e10a-b124-4a7f-a342-f0f59020ba2f
2424a8a4-8ccd-4368-bb43-9de36fb62a48,6e2684b5-dd18-4549-8440-7276b577d2b5,cac81ddf-7f94-4671-bc8b-159c52c24514,72ca8fdb-e86e-42e4-8393-b92185669c77,0a2cb6bb-2d78-4609-9e12-88a3bd1a156d,fa64e2f3-9838-41be-851f-5088b4e907f3,2026-07-22T22:35:27.709816,Premium Deal - Ruby Software,317166.05,2026-05-29T09:55:24.709835,58f39eeb-75cb-4ef4-96ba-4a30c22a7a1e,2026-07-17T19:48:39.709816,13f891f6-02c5-48a2-bb4f-65f664be06a0
20f17537-b788-45b6-b956-2c46fbbd06bc,6e2684b5-dd18-4549-8440-7276b577d2b5,fb75712c-e838-4381-a038-b07926ce8105,7a815b3d-be0d-45c1-beae-39b5aed4a872,0a2cb6bb-2d78-4609-9e12-88a3bd1a156d,de013863-499a-430c-b921-70dec8e7b1df,2026-07-28T11:27:23.709846,Growth Deal - Atlas Computing,182041.05,2026-12-23T14:37:16.709861,7223e10a-b124-4a7f-a342-f0f59020ba2f,2026-02-22T10:27:32.709846,8e8f6232-b5f8-466d-98c1-6a9d8090c3eb
d6b2e96f-96b9-4546-90bd-e5ac2332b879,6e2684b5-dd18-4549-8440-7276b577d2b5,b22001a4-79c1-4152-aefb-612d9950d1f3,,0a2cb6bb-2d78-4609-9e12-88a3bd1a156d,f6af3622-a08b-4544-a16d-18d42ff4a4e1,2026-05-22T18:05:02.709871,Custom Deal - Sterling Finance,241001.79,2026-11-06T04:35:33.709887,58f39eeb-75cb-4ef4-96ba-4a30c22a7a1e,2026-04-29T07:38:05.709871,d53e375b-e751-4c1c-9dd2-2c198336f144
0d86b3ac-e5ff-4ba7-a4c8-336b6e8f285d,6e2684b5-dd18-4549-8440-7276b577d2b5,1d0f7ed0-a587-4008-b600-1b06fa73c1ac,,0a2cb6bb-2d78-4609-9e12-88a3bd1a156d,fa64e2f3-9838-41be-851f-5088b4e907f3,2026-05-27T00:30:06.709897,Growth Deal - Iron Mountain,94299.16,2026-07-25T12:53:02.709917,9d990953-1d48-4691-9104-88f3d84dc63c,2025-11-08T18:18:38.709897,9d990953-1d48-4691-9104-88f3d84dc63c
a0f326df-e76e-484f-ad06-2a2fbccbd857,6e2684b5-dd18-4549-8440-7276b577d2b5,,978890c1-29da-4d53-b8e1-b3da2c6dd03c,0a2cb6bb-2d78-4609-9e12-88a3bd1a156d,de013863-499a-430c-b921-70dec8e7b1df,2026-07-16T18:31:38.709926,Growth Deal - Bronze Gate,484342.08,2026-12-26T02:04:30.709941,63c904bb-37e1-42e9-b828-03d273915302,2026-07-03T05:35:30.709926,13f891f6-02c5-48a2-bb4f-65f664be06a0
68bb7929-0ac8-4677-8a1f-c44f2ca99576,6e2684b5-dd18-4549-8440-7276b577d2b5,fcdb5d00-0946-4b3a-ba35-15d49e0a5d21,,0a2cb6bb-2d78-4609-9e12-88a3bd1a156d,de013863-499a-430c-b921-70dec8e7b1df,2026-02-18T10:52:19.709951,Starter Deal - Diamond Edge,363512.62,2026-09-12T08:50:43.709966,63c904bb-37e1-42e9-b828-03d273915302,2025-12-19T21:09:55.709951,f26bd177-029d-4863-993c-dfebe5004897
51e1bbd4-69db-4eef-afc8-2d70e8f51f74,6e2684b5-dd18-4549-8440-7276b577d2b5,,,0a2cb6bb-2d78-4609-9e12-88a3bd1a156d,f6af3622-a08b-4544-a16d-18d42ff4a4e1,2026-01-26T11:10:23.709975,Growth Deal - Atlas Computing,486851.07,2026-10-31T07:20:42.709990,6339ef1b-ca56-4fa5-9ddb-36a79ac9d12f,2025-10-28T03:49:17.709975,6339ef1b-ca56-4fa5-9ddb-36a79ac9d12f
e0614b0f-43ee-4a53-b906-3f53fd035bc9,6e2684b5-dd18-4549-8440-7276b577d2b5,ad8f7d36-ba14-46ea-a9ca-4b0a4b87418d,,0a2cb6bb-2d78-4609-9e12-88a3bd1a156d,3b0450ca-ca27-4031-9d06-d861b7c72f4d,2026-08-03T09:00:54.710003,Starter Deal - Opal Solutions,292147.85,2026-10-03T13:01:57.710019,9d990953-1d48-4691-9104-88f3d84dc63c,2025-10-03T21:42:12.710003,8b51f21b-0da9-4139-8f04-0ef4187ce705
ead587e2-71c6-4fc4-9a0e-f2d5560512fa,6e2684b5-dd18-4549-8440-7276b577d2b5,8c477ce3-1cd5-4dc6-9d4d-f6dc5b2e543a,,0a2cb6bb-2d78-4609-9e12-88a3bd1a156d,fa64e2f3-9838-41be-851f-5088b4e907f3,2026-06-17T04:44:58.710029,Custom Deal - SilverLine Corp,12548.84,2026-05-08T10:55:49.710044,58f39eeb-75cb-4ef4-96ba-4a30c22a7a1e,2026-02-12T10:27:37.710029,6339ef1b-ca56-4fa5-9ddb-36a79ac9d12f
401fdf62-e357-4f22-8e8c-600550d81b31,6e2684b5-dd18-4549-8440-7276b577d2b5,0d828a42-be66-4843-8557-277ab8041cb8,6622eed6-6e29-4073-82e8-9860ab63b763,0a2cb6bb-2d78-4609-9e12-88a3bd1a156d,de013863-499a-430c-b921-70dec8e7b1df,2026-04-13T08:09:10.710054,Growth Deal - Crystal Corp,21654.68,2026-10-17T00:35:57.710068,d53e375b-e751-4c1c-9dd2-2c198336f144,2025-09-09T18:30:52.710054,f26bd177-029d-4863-993c-dfebe5004897
e6755016-4558-4306-9bd4-9e8943820b6d,6e2684b5-dd18-4549-8440-7276b577d2b5,,9336bb89-e290-4a55-b4f2-5b46d32553c6,0a2cb6bb-2d78-4609-9e12-88a3bd1a156d,3b0450ca-ca27-4031-9d06-d861b7c72f4d,2026-03-02T08:48:46.710078,Growth Deal - Sapphire Tech,119339.04,2026-12-11T19:21:21.710096,9d990953-1d48-4691-9104-88f3d84dc63c,2025-11-03T07:15:08.710078,58f39eeb-75cb-4ef4-96ba-4a30c22a7a1e
6bbdfb63-1b63-400c-9d4f-e4d4aef14168,6e2684b5-dd18-4549-8440-7276b577d2b5,1b7b4c37-c7ef-47ed-a889-29aa32c213bd,,0a2cb6bb-2d78-4609-9e12-88a3bd1a156d,fa64e2f3-9838-41be-851f-5088b4e907f3,2026-06-19T04:41:21.710107,Starter Deal - Quantum Dynamics,282240.86,2026-06-10T21:23:09.710123,6339ef1b-ca56-4fa5-9ddb-36a79ac9d12f,2026-05-05T14:24:52.710107,6339ef1b-ca56-4fa5-9ddb-36a79ac9d12f
d84efa63-c480-400e-a68a-31fa326ade49,6e2684b5-dd18-4549-8440-7276b577d2b5,6b6e159f-ab73-4523-a610-c715340f47c9,,0a2cb6bb-2d78-4609-9e12-88a3bd1a156d,3b0450ca-ca27-4031-9d06-d861b7c72f4d,2026-08-02T14:54:21.710132,Enterprise Deal - TechNova Solutions,384769.1,2026-09-21T05:56:01.710147,8b51f21b-0da9-4139-8f04-0ef4187ce705,2026-07-19T01:22:13.710132,7675c849-0f1f-4fa3-923c-f392ea4a2f35
80ecbde9-61f6-44e8-8a22-733840db8939,6e2684b5-dd18-4549-8440-7276b577d2b5,,,0a2cb6bb-2d78-4609-9e12-88a3bd1a156d,29da3373-4821-4016-9b03-949711a94d0e,2025-10-16T09:02:14.710156,Growth Deal - Sapphire Tech,430815.67,2026-11-09T20:18:41.710178,f26bd177-029d-4863-993c-dfebe5004897,2025-10-14T09:18:45.710156,8e8f6232-b5f8-466d-98c1-6a9d8090c3eb
e80724de-9c0c-4b9e-a813-029815eca386,6e2684b5-dd18-4549-8440-7276b577d2b5,eb88b427-673f-424b-b58e-bd602735ed10,,0a2cb6bb-2d78-4609-9e12-88a3bd1a156d,fa64e2f3-9838-41be-851f-5088b4e907f3,2026-03-20T16:50:10.710188,Enterprise Deal - BrightStar Inc,33191.73,2026-07-18T18:19:33.710203,6339ef1b-ca56-4fa5-9ddb-36a79ac9d12f,2025-10-05T03:05:10.710188,6339ef1b-ca56-4fa5-9ddb-36a79ac9d12f
c3f80037-bba7-437f-bdbc-239504800f0f,6e2684b5-dd18-4549-8440-7276b577d2b5,77c61a14-b71a-4ebb-b04f-6c315343214e,,0a2cb6bb-2d78-4609-9e12-88a3bd1a156d,29da3373-4821-4016-9b03-949711a94d0e,2026-07-22T09:23:20.710213,Growth Deal - Bronze Gate,8422.77,2026-08-31T18:29:20.710227,13f891f6-02c5-48a2-bb4f-65f664be06a0,2026-04-06T04:54:09.710213,8e8f6232-b5f8-466d-98c1-6a9d8090c3eb
ff7ed1f9-d69f-484a-9f62-4b83e1771a5f,6e2684b5-dd18-4549-8440-7276b577d2b5,,4002f4bf-10ab-4384-ae33-6e350c43547e,0a2cb6bb-2d78-4609-9e12-88a3bd1a156d,fa64e2f3-9838-41be-851f-5088b4e907f3,2026-03-29T16:20:02.710237,Starter Deal - Apex Health,151729.84,2026-06-25T22:09:08.710252,6339ef1b-ca56-4fa5-9ddb-36a79ac9d12f,2025-10-06T07:21:35.710237,71030eb2-1621-4863-8e2d-b6184abb7f32
c2965216-b16b-4295-9a2b-a1e78ac85736,6e2684b5-dd18-4549-8440-7276b577d2b5,0c4b8ea2-c148-4b70-a58b-4ce13799efd6,43d3fff4-d952-4323-a5ae-0014228f24d2,0a2cb6bb-2d78-4609-9e12-88a3bd1a156d,fa64e2f3-9838-41be-851f-5088b4e907f3,2026-06-11T07:45:52.710266,Starter Deal - Titan Industries,482642.07,2026-07-13T00:33:18.710281,71030eb2-1621-4863-8e2d-b6184abb7f32,2026-05-22T15:27:19.710266,6339ef1b-ca56-4fa5-9ddb-36a79ac9d12f
e677ad5d-e2d5-42d4-b4ea-7cf0a626d587,6e2684b5-dd18-4549-8440-7276b577d2b5,c4a45fd2-617d-4703-bcce-5daa39a1d778,b893931c-eca7-45f8-b1e4-21b6b380a8f5,0a2cb6bb-2d78-4609-9e12-88a3bd1a156d,29da3373-4821-4016-9b03-949711a94d0e,2026-06-11T16:50:30.710291,Enterprise Deal - Apex Health,376137.05,2026-10-14T03:48:19.710306,9d990953-1d48-4691-9104-88f3d84dc63c,2025-09-09T22:22:54.710291,d53e375b-e751-4c1c-9dd2-2c198336f144
2c5320f6-ddae-459c-9229-6c6477b5cd57,6e2684b5-dd18-4549-8440-7276b577d2b5,,eb7bfd8d-c392-4b67-86fd-eeb7b9733441,0a2cb6bb-2d78-4609-9e12-88a3bd1a156d,29da3373-4821-4016-9b03-949711a94d0e,2026-05-07T18:41:40.710316,Premium Deal - Apex Innovations,248882.14,2027-01-13T13:09:59.710331,7675c849-0f1f-4fa3-923c-f392ea4a2f35,2026-03-17T03:08:49.710316,71030eb2-1621-4863-8e2d-b6184abb7f32
90abe841-209d-4e45-b16b-02a6f0786276,6e2684b5-dd18-4549-8440-7276b577d2b5,,79d80a07-d056-4f71-bdf2-f1aacd322184,0a2cb6bb-2d78-4609-9e12-88a3bd1a156d,b4be3c8c-9e4c-4fd9-8ec0-c38105a72eeb,2026-07-25T12:22:27.710340,Custom Deal - Golden Ratio,91471.82,2026-07-08T09:09:18.710355,13f891f6-02c5-48a2-bb4f-65f664be06a0,2026-05-17T20:15:44.710340,7675c849-0f1f-4fa3-923c-f392ea4a2f35
a6e2264a-c929-445f-a817-907e7ab13ae9,6e2684b5-dd18-4549-8440-7276b577d2b5,146e31e6-cc51-4538-976f-c29ce5f1dc02,,0a2cb6bb-2d78-4609-9e12-88a3bd1a156d,3b0450ca-ca27-4031-9d06-d861b7c72f4d,2026-02-20T02:39:08.710365,Enterprise Deal - NovaTech Solutions,280164.41,2026-11-07T18:30:24.710380,7675c849-0f1f-4fa3-923c-f392ea4a2f35,2025-11-05T05:19:41.710365,eb9f903e-4cd4-462b-9c0c-0720da83cfc0
9de08855-f93d-4888-ae36-15d5b4860de3,6e2684b5-dd18-4549-8440-7276b577d2b5,db84f9d8-ca3f-4068-a91d-9bb2e671d8e1,36cf0ea3-25a4-438d-a1b5-2557396a0d72,0a2cb6bb-2d78-4609-9e12-88a3bd1a156d,3b0450ca-ca27-4031-9d06-d861b7c72f4d,2026-05-28T23:43:57.710390,Starter Deal - Catalyst Group,189737.85,2026-10-27T13:42:02.710405,58f39eeb-75cb-4ef4-96ba-4a30c22a7a1e,2026-05-12T17:53:20.710390,8e8f6232-b5f8-466d-98c1-6a9d8090c3eb
5b8b3e4f-e0d5-4f42-a024-4f696d519453,6e2684b5-dd18-4549-8440-7276b577d2b5,c60d613f-1193-4ef1-b3fc-75c1efb617bb,a85375e1-e6d3-4c09-9f60-72605e2f471b,0a2cb6bb-2d78-4609-9e12-88a3bd1a156d,fa64e2f3-9838-41be-851f-5088b4e907f3,2026-05-19T20:26:12.710415,Growth Deal - SilverLine Corp,478900.77,2026-07-27T13:12:10.710430,7223e10a-b124-4a7f-a342-f0f59020ba2f,2026-03-05T02:01:48.710415,63c904bb-37e1-42e9-b828-03d273915302
53bae4fd-8175-4111-bdbb-61f651989214,6e2684b5-dd18-4549-8440-7276b577d2b5,6e341c6d-4278-433c-8a36-2c0149f49f6c,1785b2a6-f8f1-44bc-a2e0-410d4846811e,0a2cb6bb-2d78-4609-9e12-88a3bd1a156d,3b0450ca-ca27-4031-9d06-d861b7c72f4d,2026-07-07T10:17:34.710440,Premium Deal - Opal Solutions,202155.26,2027-01-29T05:06:12.710456,71030eb2-1621-4863-8e2d-b6184abb7f32,2026-06-24T02:05:24.710440,13f891f6-02c5-48a2-bb4f-65f664be06a0
c94d4a08-8c44-4754-adc5-822dc5f3c197,6e2684b5-dd18-4549-8440-7276b577d2b5,,,0a2cb6bb-2d78-4609-9e12-88a3bd1a156d,f6af3622-a08b-4544-a16d-18d42ff4a4e1,2026-03-15T07:55:30.710465,Premium Deal - RedRock Ventures,321898.83,2026-10-22T13:52:19.710480,9d990953-1d48-4691-9104-88f3d84dc63c,2025-10-27T04:19:28.710465,71030eb2-1621-4863-8e2d-b6184abb7f32
e5825f0e-9ef3-4211-926f-0b205b56f4f6,6e2684b5-dd18-4549-8440-7276b577d2b5,,,0a2cb6bb-2d78-4609-9e12-88a3bd1a156d,29da3373-4821-4016-9b03-949711a94d0e,2026-05-15T06:33:12.710489,Custom Deal - ClearView Corp,42594.31,2026-12-24T23:52:31.710509,71030eb2-1621-4863-8e2d-b6184abb7f32,2026-03-09T18:37:00.710489,9d990953-1d48-4691-9104-88f3d84dc63c
9fef59d9-f4a0-4d18-9a9a-4185c7c58027,6e2684b5-dd18-4549-8440-7276b577d2b5,d2322965-c500-45d1-951e-013ddf397530,f3a76e83-0a6d-49fe-968b-dffeae388cab,0a2cb6bb-2d78-4609-9e12-88a3bd1a156d,de013863-499a-430c-b921-70dec8e7b1df,2026-06-28T01:42:18.710523,Growth Deal - Horizon Media,341546.65,2026-09-22T00:43:21.710539,1f599b2d-4c19-4c7e-91e2-f8655b60b03d,2026-03-31T00:10:45.710523,63c904bb-37e1-42e9-b828-03d273915302
3dc3c9fd-c13a-4b6b-b3bd-9322b436be84,6e2684b5-dd18-4549-8440-7276b577d2b5,5180cda2-f6e8-444b-97c3-a05bbbeb5425,dd016af4-a992-40e0-b161-0b8b75494333,0a2cb6bb-2d78-4609-9e12-88a3bd1a156d,f6af3622-a08b-4544-a16d-18d42ff4a4e1,2026-06-30T21:25:23.710549,Growth Deal - Sapphire Tech,195824.14,2027-01-17T14:24:55.710565,7675c849-0f1f-4fa3-923c-f392ea4a2f35,2026-06-03T19:49:26.710549,8b51f21b-0da9-4139-8f04-0ef4187ce705
f0a29980-558c-470d-817a-fd216f83b17f,6e2684b5-dd18-4549-8440-7276b577d2b5,24588ddf-0e9d-4362-bef6-005aa59ea8fb,,0a2cb6bb-2d78-4609-9e12-88a3bd1a156d,b4be3c8c-9e4c-4fd9-8ec0-c38105a72eeb,2026-06-17T06:04:58.710574,Enterprise Deal - CloudPeak Analytics,488615.56,2026-07-11T12:00:27.710590,6339ef1b-ca56-4fa5-9ddb-36a79ac9d12f,2026-04-09T19:12:34.710574,9d990953-1d48-4691-9104-88f3d84dc63c
bf4f3818-ba63-4304-94e2-19aacd31150e,6e2684b5-dd18-4549-8440-7276b577d2b5,,,0a2cb6bb-2d78-4609-9e12-88a3bd1a156d,29da3373-4821-4016-9b03-949711a94d0e,2026-07-31T07:06:57.710599,Custom Deal - Catalyst Group,158982.85,2026-11-24T23:19:24.710613,7223e10a-b124-4a7f-a342-f0f59020ba2f,2026-07-05T16:25:16.710599,d53e375b-e751-4c1c-9dd2-2c198336f144
807c9973-f2ef-4dfa-bb4e-920858ea046a,6e2684b5-dd18-4549-8440-7276b577d2b5,19c07d6e-64bd-4b61-9c2e-a36a6e1ffa46,c11229b1-7955-498e-b57c-bde24fa7b8ca,0a2cb6bb-2d78-4609-9e12-88a3bd1a156d,29da3373-4821-4016-9b03-949711a94d0e,2026-07-24T09:49:03.710623,Custom Deal - NovaTech Solutions,331281.68,2026-09-16T22:26:28.710638,eb9f903e-4cd4-462b-9c0c-0720da83cfc0,2025-11-21T21:34:49.710623,7675c849-0f1f-4fa3-923c-f392ea4a2f35
11dc3f9e-3639-4ee4-acdf-7ed32cdfe89a,6e2684b5-dd18-4549-8440-7276b577d2b5,91d82b62-0c53-4440-a514-7288b8d4faad,56b1ecc1-5357-4e8f-b57b-b2ea58c8c675,0a2cb6bb-2d78-4609-9e12-88a3bd1a156d,f6af3622-a08b-4544-a16d-18d42ff4a4e1,2026-04-04T20:06:37.710653,Premium Deal - SwiftScale,204886.01,2026-09-06T11:56:31.710669,58f39eeb-75cb-4ef4-96ba-4a30c22a7a1e,2025-12-17T16:54:28.710653,71030eb2-1621-4863-8e2d-b6184abb7f32
4527d267-9590-416f-a30f-273755ad69d0,6e2684b5-dd18-4549-8440-7276b577d2b5,3f01b4af-177b-456f-b85d-4c6c9326b29f,9336bb89-e290-4a55-b4f2-5b46d32553c6,0a2cb6bb-2d78-4609-9e12-88a3bd1a156d,b4be3c8c-9e4c-4fd9-8ec0-c38105a72eeb,2026-05-20T14:20:48.710679,Starter Deal - Topaz Digital,50927.51,2026-04-25T20:14:53.710694,13f891f6-02c5-48a2-bb4f-65f664be06a0,2025-12-24T20:41:44.710679,8e8f6232-b5f8-466d-98c1-6a9d8090c3eb
9ed6af36-7634-4c14-8d37-a90744c470d6,6e2684b5-dd18-4549-8440-7276b577d2b5,,,0a2cb6bb-2d78-4609-9e12-88a3bd1a156d,3b0450ca-ca27-4031-9d06-d861b7c72f4d,2026-07-24T03:19:13.710703,Premium Deal - Apex Health,146021.74,2026-08-28T07:59:25.710717,7223e10a-b124-4a7f-a342-f0f59020ba2f,2026-07-18T09:04:40.710703,f26bd177-029d-4863-993c-dfebe5004897
d0026ee9-b6e9-4c4b-a1cf-e21ea52ae09f,6e2684b5-dd18-4549-8440-7276b577d2b5,b80b5a7e-21d8-4730-a3e7-9292666fd865,,0a2cb6bb-2d78-4609-9e12-88a3bd1a156d,fa64e2f3-9838-41be-851f-5088b4e907f3,2026-06-19T12:21:02.710727,Growth Deal - EverGreen Solutions,23995.96,2026-06-22T15:30:09.710742,9d990953-1d48-4691-9104-88f3d84dc63c,2026-04-28T02:28:23.710727,1f599b2d-4c19-4c7e-91e2-f8655b60b03d
de3b648b-f351-4e05-987f-24fae2125926,6e2684b5-dd18-4549-8440-7276b577d2b5,65dda76d-1908-4234-a0bf-eca7a1a89a56,778a2a74-3345-4733-802f-915ad23a1352,0a2cb6bb-2d78-4609-9e12-88a3bd1a156d,f6af3622-a08b-4544-a16d-18d42ff4a4e1,2026-06-16T14:08:43.710752,Premium Deal - Horizon Media,334372.29,2026-11-02T15:25:50.710766,63c904bb-37e1-42e9-b828-03d273915302,2026-04-22T19:42:28.710752,7223e10a-b124-4a7f-a342-f0f59020ba2f
aacfba30-bdca-49e0-ba40-568f513cdc26,6e2684b5-dd18-4549-8440-7276b577d2b5,,,0a2cb6bb-2d78-4609-9e12-88a3bd1a156d,3b0450ca-ca27-4031-9d06-d861b7c72f4d,2026-04-29T15:33:04.710780,Starter Deal - Vanguard Systems,384404.89,2026-10-11T15:52:38.710795,1f599b2d-4c19-4c7e-91e2-f8655b60b03d,2025-08-18T04:22:32.710780,eb9f903e-4cd4-462b-9c0c-0720da83cfc0
86873b6a-0ba2-4e45-9ee3-6888886fc9d9,6e2684b5-dd18-4549-8440-7276b577d2b5,1af72ef1-e1eb-4f24-a7a4-d83518861ef9,,0a2cb6bb-2d78-4609-9e12-88a3bd1a156d,f6af3622-a08b-4544-a16d-18d42ff4a4e1,2026-08-05T05:01:21.710804,Custom Deal - Apex Health,92783.21,2027-01-25T06:45:46.710819,8b51f21b-0da9-4139-8f04-0ef4187ce705,2026-07-28T13:12:23.710804,eb9f903e-4cd4-462b-9c0c-0720da83cfc0
514e0824-39a5-414d-887b-f96b0bc78af9,6e2684b5-dd18-4549-8440-7276b577d2b5,3d9b28ee-0b64-490f-b514-fc93aeacc2d5,,0a2cb6bb-2d78-4609-9e12-88a3bd1a156d,de013863-499a-430c-b921-70dec8e7b1df,2026-02-27T05:53:54.710829,Starter Deal - BrightStar Inc,352392.31,2026-09-30T01:13:42.710844,9d990953-1d48-4691-9104-88f3d84dc63c,2025-11-21T03:16:27.710829,eb9f903e-4cd4-462b-9c0c-0720da83cfc0
0312c3b8-7d8c-4faa-bf8a-3a1a8dd4a15a,6e2684b5-dd18-4549-8440-7276b577d2b5,d36c01f2-41e5-43e4-abd1-c0ad86b9fbd6,1d0f3655-e497-49d1-89f7-b64a85018ff5,0a2cb6bb-2d78-4609-9e12-88a3bd1a156d,29da3373-4821-4016-9b03-949711a94d0e,2026-05-20T05:19:51.710858,Enterprise Deal - Ruby Software,499333.21,2026-12-02T18:04:27.710878,63c904bb-37e1-42e9-b828-03d273915302,2025-11-03T14:41:56.710858,8e8f6232-b5f8-466d-98c1-6a9d8090c3eb
6de2d350-87c5-468e-b2ac-3162c4aeb926,6e2684b5-dd18-4549-8440-7276b577d2b5,20a17a38-fa36-4b06-9114-0a019b9d2a32,,0a2cb6bb-2d78-4609-9e12-88a3bd1a156d,29da3373-4821-4016-9b03-949711a94d0e,2026-06-29T13:36:03.710887,Premium Deal - Iron Mountain,484491.98,2026-12-03T12:44:50.710902,eb9f903e-4cd4-462b-9c0c-0720da83cfc0,2026-02-11T19:22:22.710887,8b51f21b-0da9-4139-8f04-0ef4187ce705
6e7e02c8-bb6e-4f2b-a08c-c0120566e61b,6e2684b5-dd18-4549-8440-7276b577d2b5,2778fe45-f468-472d-a24e-cdae1cef414f,5f4e3e20-eddb-4f9f-b39d-2f53e9c7c7a0,0a2cb6bb-2d78-4609-9e12-88a3bd1a156d,f6af3622-a08b-4544-a16d-18d42ff4a4e1,2026-05-04T23:59:54.710912,Custom Deal - Catalyst Group,196567.18,2026-09-01T08:55:42.710927,6339ef1b-ca56-4fa5-9ddb-36a79ac9d12f,2025-10-22T21:33:02.710912,13f891f6-02c5-48a2-bb4f-65f664be06a0
7f0e9c0c-5744-4398-b829-db78540575f4,6e2684b5-dd18-4549-8440-7276b577d2b5,49811634-1bdf-4265-ba9c-2362d6836830,178fc3ac-7214-49d0-af05-809848900cdc,0a2cb6bb-2d78-4609-9e12-88a3bd1a156d,29da3373-4821-4016-9b03-949711a94d0e,2026-06-20T06:21:07.710937,Enterprise Deal - Atlas Computing,169382.65,2027-01-09T07:28:19.710951,876017f1-7629-48e0-9ce9-20b44276c7d6,2026-04-22T07:01:56.710937,7223e10a-b124-4a7f-a342-f0f59020ba2f
c3527636-6aae-44f6-992c-690c191bb597,6e2684b5-dd18-4549-8440-7276b577d2b5,,8eeae569-4ee7-4277-8ea9-cab565c5a0aa,0a2cb6bb-2d78-4609-9e12-88a3bd1a156d,b4be3c8c-9e4c-4fd9-8ec0-c38105a72eeb,2025-12-29T17:58:30.710961,Growth Deal - BrightStar Inc,397620.37,2026-07-29T18:57:54.710976,6339ef1b-ca56-4fa5-9ddb-36a79ac9d12f,2025-09-05T15:42:12.710961,8b51f21b-0da9-4139-8f04-0ef4187ce705
270bf1c6-170e-4503-befb-449e19117e63,6e2684b5-dd18-4549-8440-7276b577d2b5,7b3bd2f0-c5bf-4b13-8ef8-4b71f788dd7b,,0a2cb6bb-2d78-4609-9e12-88a3bd1a156d,fa64e2f3-9838-41be-851f-5088b4e907f3,2026-08-03T01:07:33.710986,Custom Deal - Silver Stream,319149.81,2026-06-20T00:34:35.711001,876017f1-7629-48e0-9ce9-20b44276c7d6,2026-03-09T03:40:34.710986,9d990953-1d48-4691-9104-88f3d84dc63c
aaf47521-bfcc-4ab8-9922-0510739c5e9c,6e2684b5-dd18-4549-8440-7276b577d2b5,d11dfc34-d0ba-4284-9400-9766a5279fc0,,0a2cb6bb-2d78-4609-9e12-88a3bd1a156d,fa64e2f3-9838-41be-851f-5088b4e907f3,2026-04-25T07:31:03.711011,Growth Deal - Sapphire Tech,103323.77,2026-06-13T13:50:40.711026,876017f1-7629-48e0-9ce9-20b44276c7d6,2025-12-25T18:22:14.711011,9d990953-1d48-4691-9104-88f3d84dc63c
9f5cad5c-09ef-4b2f-b21a-eb7da9c92777,6e2684b5-dd18-4549-8440-7276b577d2b5,515c3630-974f-4d4e-9631-1279bac2222f,,0a2cb6bb-2d78-4609-9e12-88a3bd1a156d,fa64e2f3-9838-41be-851f-5088b4e907f3,2026-06-18T20:14:44.711039,Starter Deal - Platinum Partners,176314.82,2026-08-01T17:16:09.711054,8b51f21b-0da9-4139-8f04-0ef4187ce705,2026-06-06T08:18:02.711039,13f891f6-02c5-48a2-bb4f-65f664be06a0
1dd5d64c-3825-4441-a941-26e23281bd48,6e2684b5-dd18-4549-8440-7276b577d2b5,,,0a2cb6bb-2d78-4609-9e12-88a3bd1a156d,29da3373-4821-4016-9b03-949711a94d0e,2026-06-08T17:57:16.711063,Growth Deal - Steel Bridge,353887.99,2027-01-04T21:54:02.711077,f26bd177-029d-4863-993c-dfebe5004897,2026-03-10T14:27:29.711063,8e8f6232-b5f8-466d-98c1-6a9d8090c3eb
9baeefef-01a9-4e9a-b8e6-26b828ba75c6,6e2684b5-dd18-4549-8440-7276b577d2b5,,,0a2cb6bb-2d78-4609-9e12-88a3bd1a156d,fa64e2f3-9838-41be-851f-5088b4e907f3,2026-06-27T16:03:29.711086,Starter Deal - Quantum Dynamics,175024.51,2026-04-30T06:46:40.711101,7223e10a-b124-4a7f-a342-f0f59020ba2f,2025-12-22T12:41:07.711086,63c904bb-37e1-42e9-b828-03d273915302
0028bd21-a4bc-4a04-8a90-9079cc1a8a9e,6e2684b5-dd18-4549-8440-7276b577d2b5,8f0bc368-3aa5-44e5-86c5-405c0e55efa1,,0a2cb6bb-2d78-4609-9e12-88a3bd1a156d,29da3373-4821-4016-9b03-949711a94d0e,2026-04-19T11:25:36.711110,Starter Deal - Steel Bridge,355378.18,2026-12-21T06:23:18.711126,58f39eeb-75cb-4ef4-96ba-4a30c22a7a1e,2025-11-25T12:59:18.711110,71030eb2-1621-4863-8e2d-b6184abb7f32
76e6029d-4124-4827-82bd-ee0ddc233a0d,6e2684b5-dd18-4549-8440-7276b577d2b5,b0cc7caa-a901-42ef-8cd0-4ece6516f280,,0a2cb6bb-2d78-4609-9e12-88a3bd1a156d,b4be3c8c-9e4c-4fd9-8ec0-c38105a72eeb,2026-08-04T11:48:30.711136,Growth Deal - Ember Labs,475669.36,2026-05-14T12:52:22.711151,d53e375b-e751-4c1c-9dd2-2c198336f144,2026-05-12T07:15:42.711136,58f39eeb-75cb-4ef4-96ba-4a30c22a7a1e
72ded059-3120-4063-b373-ed0d8fbaefb3,6e2684b5-dd18-4549-8440-7276b577d2b5,,ea0f9ef8-baf3-4e9d-b070-f68292801da0,0a2cb6bb-2d78-4609-9e12-88a3bd1a156d,3b0450ca-ca27-4031-9d06-d861b7c72f4d,2025-10-27T10:34:44.711161,Enterprise Deal - NovaTech Solutions,108373.4,2027-01-04T06:48:38.711175,13f891f6-02c5-48a2-bb4f-65f664be06a0,2025-08-31T18:40:38.711161,71030eb2-1621-4863-8e2d-b6184abb7f32
6a490a73-654e-40c1-bfc1-9e9d6be8bae8,6e2684b5-dd18-4549-8440-7276b577d2b5,1abea3c7-f9bd-4ef9-aa34-b0ad86c6e48a,,0a2cb6bb-2d78-4609-9e12-88a3bd1a156d,b4be3c8c-9e4c-4fd9-8ec0-c38105a72eeb,2025-11-15T01:28:06.711185,Starter Deal - BrightStar Inc,204575.42,2026-05-15T05:16:36.711201,876017f1-7629-48e0-9ce9-20b44276c7d6,2025-11-06T08:58:49.711185,71030eb2-1621-4863-8e2d-b6184abb7f32
28df67d3-bccb-42fd-9dbe-3deb4c5ce885,6e2684b5-dd18-4549-8440-7276b577d2b5,,a874c397-8f2b-4d82-b0c3-28dcdbf592fd,0a2cb6bb-2d78-4609-9e12-88a3bd1a156d,de013863-499a-430c-b921-70dec8e7b1df,2026-05-19T19:00:34.711215,Premium Deal - Pearl Analytics,242782.31,2026-10-31T06:37:06.711230,7223e10a-b124-4a7f-a342-f0f59020ba2f,2026-04-02T22:55:14.711215,d53e375b-e751-4c1c-9dd2-2c198336f144
ca68b9f5-a646-4cdb-b369-f60401327f0e,6e2684b5-dd18-4549-8440-7276b577d2b5,,,0a2cb6bb-2d78-4609-9e12-88a3bd1a156d,29da3373-4821-4016-9b03-949711a94d0e,2026-04-13T10:56:42.711239,Premium Deal - NexGen Software,289247.58,2026-11-16T06:20:33.711254,7675c849-0f1f-4fa3-923c-f392ea4a2f35,2026-01-15T12:59:09.711239,1f599b2d-4c19-4c7e-91e2-f8655b60b03d
30d6da4a-1ef4-4de6-b584-530b9a8133ba,6e2684b5-dd18-4549-8440-7276b577d2b5,7672a2c2-606a-45f2-b5a7-4b94d5288ca2,c5327e38-2eff-4745-bcf6-ecad20945f45,0a2cb6bb-2d78-4609-9e12-88a3bd1a156d,29da3373-4821-4016-9b03-949711a94d0e,2026-03-28T08:33:23.711264,Custom Deal - Catalyst Group,232606.14,2027-01-14T21:47:32.711279,eb9f903e-4cd4-462b-9c0c-0720da83cfc0,2025-09-03T01:38:33.711264,d53e375b-e751-4c1c-9dd2-2c198336f144
430f5c9b-bfe2-4863-a712-ec5c17c9815a,6e2684b5-dd18-4549-8440-7276b577d2b5,ff9aa37f-5b46-40d7-8043-ba2c9d6969c8,,0a2cb6bb-2d78-4609-9e12-88a3bd1a156d,b4be3c8c-9e4c-4fd9-8ec0-c38105a72eeb,2026-02-16T05:51:28.711292,Premium Deal - Fusion Analytics,397825.15,2026-08-05T19:14:37.711307,1f599b2d-4c19-4c7e-91e2-f8655b60b03d,2025-10-16T17:58:49.711292,9d990953-1d48-4691-9104-88f3d84dc63c
9cb446d7-0034-4d95-a12f-61e61a38d7a7,6e2684b5-dd18-4549-8440-7276b577d2b5,7ce7eac0-2350-4292-83d4-3918be9f75b2,65b6a21a-7fa6-44b6-badf-df13c12ad24f,0a2cb6bb-2d78-4609-9e12-88a3bd1a156d,fa64e2f3-9838-41be-851f-5088b4e907f3,2026-03-13T08:49:04.711317,Premium Deal - Steel Bridge,371517.85,2026-07-27T11:11:24.711333,7223e10a-b124-4a7f-a342-f0f59020ba2f,2026-02-19T02:59:01.711317,7675c849-0f1f-4fa3-923c-f392ea4a2f35
093c9e92-1a92-4302-8b5c-cf7c3436a6cb,6e2684b5-dd18-4549-8440-7276b577d2b5,3659e319-380f-4d58-a827-08ee90922272,,0a2cb6bb-2d78-4609-9e12-88a3bd1a156d,3b0450ca-ca27-4031-9d06-d861b7c72f4d,2026-02-15T11:04:02.711342,Enterprise Deal - SilverLine Corp,167239.54,2026-09-23T13:55:16.711357,13f891f6-02c5-48a2-bb4f-65f664be06a0,2025-12-14T04:11:23.711342,71030eb2-1621-4863-8e2d-b6184abb7f32
478270b2-34b0-44d0-af42-e2a381f67cbe,6e2684b5-dd18-4549-8440-7276b577d2b5,66a6b3f6-545b-47c9-ac2e-f0ce5f04cf20,d0230f99-f04c-4c83-8467-58c9e73eea08,0a2cb6bb-2d78-4609-9e12-88a3bd1a156d,de013863-499a-430c-b921-70dec8e7b1df,2026-08-05T05:12:31.711375,Premium Deal - Opal Solutions,77526.53,2026-12-10T06:58:42.711390,6339ef1b-ca56-4fa5-9ddb-36a79ac9d12f,2026-08-03T12:01:30.711375,876017f1-7629-48e0-9ce9-20b44276c7d6
250a3a68-63a9-4806-a3c3-eb2cd3eba47e,6e2684b5-dd18-4549-8440-7276b577d2b5,3cbbd0bf-6223-4cb0-a3d2-49aab3467adb,,0a2cb6bb-2d78-4609-9e12-88a3bd1a156d,b4be3c8c-9e4c-4fd9-8ec0-c38105a72eeb,2026-06-16T18:32:10.711400,Starter Deal - Pearl Analytics,268606.17,2026-04-22T14:19:58.711414,63c904bb-37e1-42e9-b828-03d273915302,2026-04-06T11:26:44.711400,71030eb2-1621-4863-8e2d-b6184abb7f32
a20dd50a-2ece-4e75-bdcc-85c89d25c405,6e2684b5-dd18-4549-8440-7276b577d2b5,,dea72029-1ba1-4b5d-9e6d-592951f4bc65,0a2cb6bb-2d78-4609-9e12-88a3bd1a156d,de013863-499a-430c-b921-70dec8e7b1df,2026-06-19T21:11:30.711424,Starter Deal - RedRock Ventures,41353.93,2026-12-05T18:44:55.711438,d53e375b-e751-4c1c-9dd2-2c198336f144,2026-04-29T09:25:59.711424,7223e10a-b124-4a7f-a342-f0f59020ba2f
da35f0a0-7132-4238-8b86-7cce479381cb,6e2684b5-dd18-4549-8440-7276b577d2b5,,3dcfad1d-76f8-4bae-87a2-eb67d31fbdaa,0a2cb6bb-2d78-4609-9e12-88a3bd1a156d,fa64e2f3-9838-41be-851f-5088b4e907f3,2026-07-11T17:14:21.711448,Starter Deal - Amber Industries,391753.2,2026-06-29T11:20:09.711463,eb9f903e-4cd4-462b-9c0c-0720da83cfc0,2026-04-14T09:16:33.711448,f26bd177-029d-4863-993c-dfebe5004897
dad483e7-9d46-4750-9a53-7a2c0ecb995f,6e2684b5-dd18-4549-8440-7276b577d2b5,924a8db3-834e-4e6d-a2d8-b07440fddd19,b9c93874-2c07-4e86-acaa-8f57a1a5157d,0a2cb6bb-2d78-4609-9e12-88a3bd1a156d,fa64e2f3-9838-41be-851f-5088b4e907f3,2026-06-12T23:02:58.711473,Starter Deal - NexGen Software,368157.62,2026-07-17T19:02:03.711488,63c904bb-37e1-42e9-b828-03d273915302,2025-09-17T02:12:33.711473,eb9f903e-4cd4-462b-9c0c-0720da83cfc0
d32e699e-0fb1-4d20-9ab5-d86431f65046,6e2684b5-dd18-4549-8440-7276b577d2b5,,,0a2cb6bb-2d78-4609-9e12-88a3bd1a156d,b4be3c8c-9e4c-4fd9-8ec0-c38105a72eeb,2026-03-18T14:14:44.711498,Starter Deal - Sterling Finance,51842.99,2026-04-20T13:54:01.711512,71030eb2-1621-4863-8e2d-b6184abb7f32,2026-01-04T01:15:47.711498,63c904bb-37e1-42e9-b828-03d273915302
a9e909bf-45de-483a-91ff-3ee134c37801,6e2684b5-dd18-4549-8440-7276b577d2b5,26157333-3475-4d53-89a8-cfa44ec44940,,0a2cb6bb-2d78-4609-9e12-88a3bd1a156d,3b0450ca-ca27-4031-9d06-d861b7c72f4d,2025-08-22T20:02:51.711521,Starter Deal - Iron Mountain,304362.99,2026-09-13T19:21:22.711540,1f599b2d-4c19-4c7e-91e2-f8655b60b03d,2025-08-09T08:26:30.711521,876017f1-7629-48e0-9ce9-20b44276c7d6
cd9f69a5-0ccd-4d1b-9052-b1770d745a6b,6e2684b5-dd18-4549-8440-7276b577d2b5,a85faaaa-0cc0-4ed5-943d-78b814d6459c,,0a2cb6bb-2d78-4609-9e12-88a3bd1a156d,f6af3622-a08b-4544-a16d-18d42ff4a4e1,2026-04-04T02:11:09.711553,Starter Deal - Opal Solutions,331695.68,2026-11-18T05:56:16.711568,d53e375b-e751-4c1c-9dd2-2c198336f144,2026-01-30T13:44:51.711553,9d990953-1d48-4691-9104-88f3d84dc63c
fdeb599b-766d-4b54-b1f0-4706efdf4103,6e2684b5-dd18-4549-8440-7276b577d2b5,5dc6a74d-9988-4e02-9d8e-105e70a0a912,f06d5004-19c8-4e3e-938b-61b4c819f1aa,0a2cb6bb-2d78-4609-9e12-88a3bd1a156d,b4be3c8c-9e4c-4fd9-8ec0-c38105a72eeb,2026-03-08T18:07:06.711578,Premium Deal - Onyx Data,119932.34,2026-06-29T23:21:10.711593,6339ef1b-ca56-4fa5-9ddb-36a79ac9d12f,2026-02-20T08:37:34.711578,7223e10a-b124-4a7f-a342-f0f59020ba2f
7e4bb60c-7250-464e-b525-7730aabc720c,6e2684b5-dd18-4549-8440-7276b577d2b5,,a556b077-0c31-44cc-b5af-201781a75f8d,0a2cb6bb-2d78-4609-9e12-88a3bd1a156d,f6af3622-a08b-4544-a16d-18d42ff4a4e1,2026-07-08T16:36:34.711603,Growth Deal - Crystal Clear,416558.18,2027-01-17T09:12:37.711617,eb9f903e-4cd4-462b-9c0c-0720da83cfc0,2025-12-31T01:27:41.711603,6339ef1b-ca56-4fa5-9ddb-36a79ac9d12f
f6863922-bad4-42f8-8b9b-c4c42f669477,6e2684b5-dd18-4549-8440-7276b577d2b5,4e1eac84-9899-45ce-81cb-0c58e6835257,baee4767-f7ce-4ea3-973a-a2f0c0e5f156,0a2cb6bb-2d78-4609-9e12-88a3bd1a156d,3b0450ca-ca27-4031-9d06-d861b7c72f4d,2025-11-23T23:12:05.711627,Custom Deal - Topaz Digital,475504.95,2026-09-15T04:36:42.711647,7675c849-0f1f-4fa3-923c-f392ea4a2f35,2025-10-27T17:54:53.711627,63c904bb-37e1-42e9-b828-03d273915302
e8b8a819-3f2e-44df-a12f-3651b0758414,6e2684b5-dd18-4549-8440-7276b577d2b5,be6dfad3-7386-4a98-821e-a2f1f439afb0,,0a2cb6bb-2d78-4609-9e12-88a3bd1a156d,fa64e2f3-9838-41be-851f-5088b4e907f3,2026-03-19T00:20:11.711657,Premium Deal - Prism Technologies,206291.6,2026-06-13T01:37:40.711672,13f891f6-02c5-48a2-bb4f-65f664be06a0,2026-01-08T06:45:51.711657,13f891f6-02c5-48a2-bb4f-65f664be06a0
41d70d79-6247-448c-b63a-01f83caa4f21,6e2684b5-dd18-4549-8440-7276b577d2b5,5bcc98e8-2eb1-4ed6-b04d-b19b4706a0f1,,0a2cb6bb-2d78-4609-9e12-88a3bd1a156d,b4be3c8c-9e4c-4fd9-8ec0-c38105a72eeb,2026-08-05T11:26:05.711681,Enterprise Deal - Copper Systems,372330.57,2026-05-14T21:10:45.711697,876017f1-7629-48e0-9ce9-20b44276c7d6,2026-05-01T08:31:45.711681,63c904bb-37e1-42e9-b828-03d273915302
4112fde3-fcf1-48ed-b117-e6ab7b75cc32,6e2684b5-dd18-4549-8440-7276b577d2b5,,,0a2cb6bb-2d78-4609-9e12-88a3bd1a156d,29da3373-4821-4016-9b03-949711a94d0e,2026-04-23T19:54:30.711706,Starter Deal - Apex Health,222949.92,2026-12-30T09:12:12.711720,58f39eeb-75cb-4ef4-96ba-4a30c22a7a1e,2025-12-24T13:40:09.711706,6339ef1b-ca56-4fa5-9ddb-36a79ac9d12f
80a0eb71-558a-44f6-b887-ef8eee542005,6e2684b5-dd18-4549-8440-7276b577d2b5,36127649-7e6d-4c98-b9c1-9044c801d991,,0a2cb6bb-2d78-4609-9e12-88a3bd1a156d,f6af3622-a08b-4544-a16d-18d42ff4a4e1,2026-07-26T06:05:40.711730,Growth Deal - Pearl Analytics,51816.01,2026-10-09T14:12:19.711745,6339ef1b-ca56-4fa5-9ddb-36a79ac9d12f,2026-03-03T06:44:40.711730,9d990953-1d48-4691-9104-88f3d84dc63c
34178a3a-2bc5-4cd3-a083-42ef0f2fd7f7,6e2684b5-dd18-4549-8440-7276b577d2b5,f774fe99-123a-4e01-91ca-90b62b55fb26,,0a2cb6bb-2d78-4609-9e12-88a3bd1a156d,f6af3622-a08b-4544-a16d-18d42ff4a4e1,2026-05-18T20:11:07.711821,Enterprise Deal - Diamond Edge,200815.62,2026-10-09T15:47:17.711850,7223e10a-b124-4a7f-a342-f0f59020ba2f,2026-05-12T06:40:19.711821,58f39eeb-75cb-4ef4-96ba-4a30c22a7a1e
e43dcbb6-0d57-45e3-9710-ebdb2256bba1,6e2684b5-dd18-4549-8440-7276b577d2b5,429c17c0-1098-43d9-a9d7-e046ad7ee526,,0a2cb6bb-2d78-4609-9e12-88a3bd1a156d,f6af3622-a08b-4544-a16d-18d42ff4a4e1,2026-08-05T17:30:11.711872,Enterprise Deal - Atlas Computing,467449.29,2026-09-05T11:44:23.711908,7223e10a-b124-4a7f-a342-f0f59020ba2f,2026-08-03T07:31:48.711872,7675c849-0f1f-4fa3-923c-f392ea4a2f35
f3f0709c-4bd8-465e-a0a1-a0372bf2e35b,6e2684b5-dd18-4549-8440-7276b577d2b5,d304f982-7841-47e1-8490-f52708a24db9,b1823e3c-a569-48e9-881f-da6d26132684,0a2cb6bb-2d78-4609-9e12-88a3bd1a156d,fa64e2f3-9838-41be-851f-5088b4e907f3,2026-06-12T15:14:00.711923,Enterprise Deal - Amber Industries,51614.45,2026-05-23T12:49:47.711943,13f891f6-02c5-48a2-bb4f-65f664be06a0,2026-05-08T07:15:20.711923,d53e375b-e751-4c1c-9dd2-2c198336f144
093c5507-990a-4dbb-96d0-5763f6c555a1,6e2684b5-dd18-4549-8440-7276b577d2b5,f28743f1-8b20-4b06-ab4b-ad075120f617,2243036d-30f5-4114-afc5-0f338177ea92,0a2cb6bb-2d78-4609-9e12-88a3bd1a156d,3b0450ca-ca27-4031-9d06-d861b7c72f4d,2026-05-09T11:06:46.711954,Growth Deal - CloudPeak Analytics,186374.97,2026-08-25T04:36:46.711974,7675c849-0f1f-4fa3-923c-f392ea4a2f35,2025-12-13T19:36:43.711954,71030eb2-1621-4863-8e2d-b6184abb7f32
2edf53b7-fd18-4e68-b184-5f5774480dc7,6e2684b5-dd18-4549-8440-7276b577d2b5,,,0a2cb6bb-2d78-4609-9e12-88a3bd1a156d,de013863-499a-430c-b921-70dec8e7b1df,2026-07-15T23:56:44.711985,Growth Deal - Pearl Analytics,72015.46,2026-11-02T12:53:02.712006,d53e375b-e751-4c1c-9dd2-2c198336f144,2026-07-09T11:42:34.711985,7223e10a-b124-4a7f-a342-f0f59020ba2f
808e13eb-beb3-475e-95f9-202f5a82b206,6e2684b5-dd18-4549-8440-7276b577d2b5,,,0a2cb6bb-2d78-4609-9e12-88a3bd1a156d,fa64e2f3-9838-41be-851f-5088b4e907f3,2026-06-29T00:29:12.712036,Growth Deal - NovaTech Solutions,434062.18,2026-08-06T15:12:04.712053,71030eb2-1621-4863-8e2d-b6184abb7f32,2026-05-13T16:06:42.712036,13f891f6-02c5-48a2-bb4f-65f664be06a0
68963d08-e34f-4caf-897e-2e32a11cdbf5,6e2684b5-dd18-4549-8440-7276b577d2b5,,,0a2cb6bb-2d78-4609-9e12-88a3bd1a156d,f6af3622-a08b-4544-a16d-18d42ff4a4e1,2026-07-14T07:56:36.712067,Enterprise Deal - Sapphire Tech,306753.22,2026-09-16T08:26:35.712083,7223e10a-b124-4a7f-a342-f0f59020ba2f,2025-09-01T04:25:43.712067,7223e10a-b124-4a7f-a342-f0f59020ba2f
5667749d-bfbd-40e8-81b4-62d9dfd248c7,6e2684b5-dd18-4549-8440-7276b577d2b5,6101f825-742c-4d46-b80a-485a526f2b77,,0a2cb6bb-2d78-4609-9e12-88a3bd1a156d,de013863-499a-430c-b921-70dec8e7b1df,2025-11-16T08:27:46.712093,Growth Deal - Nimbus Networks,439391.84,2026-11-03T18:35:03.712108,9d990953-1d48-4691-9104-88f3d84dc63c,2025-10-04T00:01:23.712093,6339ef1b-ca56-4fa5-9ddb-36a79ac9d12f
6eb86724-1592-4962-a24c-8426fba773eb,6e2684b5-dd18-4549-8440-7276b577d2b5,5e1a4be1-7497-4c4e-9597-c520d6afe4c8,a684758b-9d7d-4a70-84ec-0a5207fc1efb,0a2cb6bb-2d78-4609-9e12-88a3bd1a156d,f6af3622-a08b-4544-a16d-18d42ff4a4e1,2026-07-30T07:17:15.712120,Starter Deal - Crystal Corp,106603.59,2026-12-24T16:17:10.712136,876017f1-7629-48e0-9ce9-20b44276c7d6,2026-04-09T15:28:51.712120,8b51f21b-0da9-4139-8f04-0ef4187ce705
f5cae76e-f254-4c26-ab23-376486b801b0,6e2684b5-dd18-4549-8440-7276b577d2b5,a41ee142-7779-478e-add3-5939324c290c,127448fe-debe-47ea-b75b-ceb487ae2805,0a2cb6bb-2d78-4609-9e12-88a3bd1a156d,de013863-499a-430c-b921-70dec8e7b1df,2026-07-05T19:09:58.712150,Custom Deal - Onyx Data,447412.64,2027-01-19T11:06:02.712166,71030eb2-1621-4863-8e2d-b6184abb7f32,2025-09-05T20:53:15.712150,8b51f21b-0da9-4139-8f04-0ef4187ce705
38b86541-d2b7-42c7-9170-5f7559196cd6,6e2684b5-dd18-4549-8440-7276b577d2b5,614c5888-d0d3-4dc3-9a20-67d12fbd9315,b94f9688-e7d0-462f-b6f8-54ff566da376,0a2cb6bb-2d78-4609-9e12-88a3bd1a156d,29da3373-4821-4016-9b03-949711a94d0e,2026-07-26T10:23:35.712177,Enterprise Deal - Amber Industries,246307.8,2026-09-05T02:30:20.712195,876017f1-7629-48e0-9ce9-20b44276c7d6,2025-10-19T10:50:38.712177,f26bd177-029d-4863-993c-dfebe5004897
90b2a694-9f22-4847-b089-0ec19c62e325,6e2684b5-dd18-4549-8440-7276b577d2b5,efdec613-118f-4b8c-8308-452e61ab6027,,0a2cb6bb-2d78-4609-9e12-88a3bd1a156d,29da3373-4821-4016-9b03-949711a94d0e,2026-06-24T17:44:46.712207,Enterprise Deal - Ember Labs,307445.93,2026-09-25T05:15:00.712223,71030eb2-1621-4863-8e2d-b6184abb7f32,2025-09-01T18:14:29.712207,d53e375b-e751-4c1c-9dd2-2c198336f144
c21bc74b-107c-457b-9bc2-508358b89240,6e2684b5-dd18-4549-8440-7276b577d2b5,a1cd2279-0587-43df-a5fe-1b103c7e3e45,,0a2cb6bb-2d78-4609-9e12-88a3bd1a156d,b4be3c8c-9e4c-4fd9-8ec0-c38105a72eeb,2026-03-30T18:53:23.712239,Custom Deal - NexGen Software,51958.46,2026-06-30T03:17:37.712255,d53e375b-e751-4c1c-9dd2-2c198336f144,2026-02-23T04:32:30.712239,8b51f21b-0da9-4139-8f04-0ef4187ce705
c0bf2e29-e77b-4938-93c9-c0a0d1dd6e56,6e2684b5-dd18-4549-8440-7276b577d2b5,630a2ebe-57d6-4462-bb9f-0f0e0ca27e2e,,0a2cb6bb-2d78-4609-9e12-88a3bd1a156d,f6af3622-a08b-4544-a16d-18d42ff4a4e1,2026-06-26T18:59:46.712265,Enterprise Deal - Horizon Media,94030.03,2026-09-08T15:40:58.712280,8e8f6232-b5f8-466d-98c1-6a9d8090c3eb,2026-05-12T00:21:16.712265,8e8f6232-b5f8-466d-98c1-6a9d8090c3eb
e7e87832-12d8-48bc-b226-85c37d069009,6e2684b5-dd18-4549-8440-7276b577d2b5,aa21c19e-e276-4afa-b1e8-99c2b9e7333f,155bec1e-0ca5-454c-b036-56ef7b11ea62,0a2cb6bb-2d78-4609-9e12-88a3bd1a156d,fa64e2f3-9838-41be-851f-5088b4e907f3,2026-06-17T10:36:34.712291,Growth Deal - Onyx Data,325041.42,2026-04-19T04:12:06.712306,8e8f6232-b5f8-466d-98c1-6a9d8090c3eb,2026-04-02T09:49:01.712291,f26bd177-029d-4863-993c-dfebe5004897
2500f4e5-5a4c-4cc4-8343-8558b2456ec0,6e2684b5-dd18-4549-8440-7276b577d2b5,,,0a2cb6bb-2d78-4609-9e12-88a3bd1a156d,fa64e2f3-9838-41be-851f-5088b4e907f3,2026-03-17T13:40:43.712316,Enterprise Deal - Zenith Partners,465103.98,2026-05-31T21:48:18.712330,8b51f21b-0da9-4139-8f04-0ef4187ce705,2026-02-02T03:50:53.712316,876017f1-7629-48e0-9ce9-20b44276c7d6
6f025c8f-bbf4-4ad9-b8a8-cf2d9fa8a15b,6e2684b5-dd18-4549-8440-7276b577d2b5,,34482421-116b-466c-9b36-d3a69b03d6c7,0a2cb6bb-2d78-4609-9e12-88a3bd1a156d,fa64e2f3-9838-41be-851f-5088b4e907f3,2026-03-09T03:32:53.712340,Starter Deal - BlueShift Labs,471416.25,2026-06-13T13:35:41.712355,8b51f21b-0da9-4139-8f04-0ef4187ce705,2025-11-19T22:50:54.712340,eb9f903e-4cd4-462b-9c0c-0720da83cfc0
49c739f6-6fdb-469e-ab3a-13f9a6014117,6e2684b5-dd18-4549-8440-7276b577d2b5,90d58e0e-37e2-490a-95d1-32d04de722ee,d3b3cad1-f6b0-4d82-9aed-cf9cb39373cd,0a2cb6bb-2d78-4609-9e12-88a3bd1a156d,b4be3c8c-9e4c-4fd9-8ec0-c38105a72eeb,2026-07-24T03:38:29.712365,Premium Deal - DataFlow Systems,258117.47,2026-08-04T19:27:23.712380,63c904bb-37e1-42e9-b828-03d273915302,2026-07-18T14:21:24.712365,d53e375b-e751-4c1c-9dd2-2c198336f144
f4a6151b-fe73-4a6b-8cc3-a4ffa1821854,6e2684b5-dd18-4549-8440-7276b577d2b5,1bcae0d3-964f-4d5f-8fa8-f7068fc47f5d,303695e1-f035-4ba7-a54f-19b1541aa73f,0a2cb6bb-2d78-4609-9e12-88a3bd1a156d,b4be3c8c-9e4c-4fd9-8ec0-c38105a72eeb,2026-02-17T05:49:23.712391,Enterprise Deal - Nimbus Networks,105323.92,2026-06-18T02:16:57.712406,f26bd177-029d-4863-993c-dfebe5004897,2025-09-30T19:49:38.712391,f26bd177-029d-4863-993c-dfebe5004897
2f95e6a2-1b30-42f9-aa00-05780929ddb7,6e2684b5-dd18-4549-8440-7276b577d2b5,515c3630-974f-4d4e-9631-1279bac2222f,b4fb2118-94f0-4d1f-85d8-ffaa945069dc,0a2cb6bb-2d78-4609-9e12-88a3bd1a156d,fa64e2f3-9838-41be-851f-5088b4e907f3,2026-03-21T23:24:15.712416,Starter Deal - GreenField Capital,388133.32,2026-05-22T13:54:19.712435,58f39eeb-75cb-4ef4-96ba-4a30c22a7a1e,2025-08-16T10:56:08.712416,7223e10a-b124-4a7f-a342-f0f59020ba2f
edd12ac7-eac5-4fa1-8e51-4d55c4f0cb20,6e2684b5-dd18-4549-8440-7276b577d2b5,7c0983b6-74de-43c7-bd97-63e687c57b98,1529f048-a09b-4953-8f31-3363ef1d64b0,0a2cb6bb-2d78-4609-9e12-88a3bd1a156d,3b0450ca-ca27-4031-9d06-d861b7c72f4d,2026-08-06T17:10:33.712446,Growth Deal - SwiftScale,471946.52,2027-01-29T18:09:23.712460,8e8f6232-b5f8-466d-98c1-6a9d8090c3eb,2026-08-06T17:10:33.712446,f26bd177-029d-4863-993c-dfebe5004897
3fd5ace9-144d-4fd2-9b5f-fec53ff12e34,6e2684b5-dd18-4549-8440-7276b577d2b5,a8148848-bd27-43ee-8bc6-03bd1d95d613,,0a2cb6bb-2d78-4609-9e12-88a3bd1a156d,3b0450ca-ca27-4031-9d06-d861b7c72f4d,2026-07-30T08:22:38.712470,Enterprise Deal - Zenith Partners,170409.22,2026-11-30T01:42:24.712494,f26bd177-029d-4863-993c-dfebe5004897,2026-07-16T02:41:35.712470,8e8f6232-b5f8-466d-98c1-6a9d8090c3eb
9107a49a-0cee-4ac0-8e7c-a8b41d9f1d0b,6e2684b5-dd18-4549-8440-7276b577d2b5,918fae07-ee2e-48e0-94e8-dd9661290d11,,0a2cb6bb-2d78-4609-9e12-88a3bd1a156d,de013863-499a-430c-b921-70dec8e7b1df,2026-07-24T00:02:49.712508,Enterprise Deal - Atlas Computing,463749.47,2026-12-10T05:28:12.712523,63c904bb-37e1-42e9-b828-03d273915302,2026-07-07T10:42:15.712508,9d990953-1d48-4691-9104-88f3d84dc63c
795d8325-4222-490f-a4cf-6f127d7892ad,6e2684b5-dd18-4549-8440-7276b577d2b5,,,0a2cb6bb-2d78-4609-9e12-88a3bd1a156d,3b0450ca-ca27-4031-9d06-d861b7c72f4d,2026-07-04T03:58:18.712533,Growth Deal - Cobalt Systems,466204.86,2026-11-10T18:59:50.712548,7223e10a-b124-4a7f-a342-f0f59020ba2f,2026-03-21T01:39:07.712533,876017f1-7629-48e0-9ce9-20b44276c7d6
6f24861a-5f46-439d-ae93-f2a9fa54a9be,6e2684b5-dd18-4549-8440-7276b577d2b5,ddb3d19b-dbc3-445f-9396-1b3d20aa481d,,0a2cb6bb-2d78-4609-9e12-88a3bd1a156d,fa64e2f3-9838-41be-851f-5088b4e907f3,2026-05-23T11:36:43.712558,Starter Deal - BrightStar Inc,229004.82,2026-07-25T19:18:09.712573,876017f1-7629-48e0-9ce9-20b44276c7d6,2025-08-08T15:56:27.712558,f26bd177-029d-4863-993c-dfebe5004897
955f6955-b0ec-4ed5-9d45-5476085f816c,6e2684b5-dd18-4549-8440-7276b577d2b5,,59426c92-1418-476a-b553-fe47037776ac,0a2cb6bb-2d78-4609-9e12-88a3bd1a156d,de013863-499a-430c-b921-70dec8e7b1df,2026-06-24T08:17:17.712583,Growth Deal - Steel Bridge,173814.17,2026-08-06T16:18:41.712598,9d990953-1d48-4691-9104-88f3d84dc63c,2025-11-29T06:48:46.712583,8e8f6232-b5f8-466d-98c1-6a9d8090c3eb
e7dc263a-2119-4c7d-bb5f-02dcd404176a,6e2684b5-dd18-4549-8440-7276b577d2b5,,,0a2cb6bb-2d78-4609-9e12-88a3bd1a156d,fa64e2f3-9838-41be-851f-5088b4e907f3,2026-07-11T01:25:06.712607,Enterprise Deal - Golden Ratio,279111.04,2026-06-09T00:15:34.712622,7675c849-0f1f-4fa3-923c-f392ea4a2f35,2025-09-12T07:37:49.712607,58f39eeb-75cb-4ef4-96ba-4a30c22a7a1e
84eb380f-7df3-4d14-83c2-91514b7be142,6e2684b5-dd18-4549-8440-7276b577d2b5,18e9c775-9720-4b3d-8932-4be71a4e86b3,,0a2cb6bb-2d78-4609-9e12-88a3bd1a156d,fa64e2f3-9838-41be-851f-5088b4e907f3,2026-07-20T03:58:11.712632,Custom Deal - Onyx Data,409989.73,2026-07-08T22:15:36.712653,1f599b2d-4c19-4c7e-91e2-f8655b60b03d,2026-05-08T22:34:41.712632,9d990953-1d48-4691-9104-88f3d84dc63c
14058ff5-0284-4105-b646-88698ae4a71a,6e2684b5-dd18-4549-8440-7276b577d2b5,,127448fe-debe-47ea-b75b-ceb487ae2805,0a2cb6bb-2d78-4609-9e12-88a3bd1a156d,29da3373-4821-4016-9b03-949711a94d0e,2026-07-23T16:43:26.712663,Growth Deal - CloudPeak Analytics,33810.56,2026-12-29T12:34:03.712678,7223e10a-b124-4a7f-a342-f0f59020ba2f,2026-03-14T13:49:36.712663,1f599b2d-4c19-4c7e-91e2-f8655b60b03d
8477f768-f06d-451d-874e-c73bab195681,6e2684b5-dd18-4549-8440-7276b577d2b5,3edc02da-d805-4ab0-a93a-05f2f45e92e1,,0a2cb6bb-2d78-4609-9e12-88a3bd1a156d,fa64e2f3-9838-41be-851f-5088b4e907f3,2026-08-05T18:08:57.712688,Enterprise Deal - Opal Solutions,409732.9,2026-06-16T05:42:28.712704,71030eb2-1621-4863-8e2d-b6184abb7f32,2026-08-03T07:32:09.712688,63c904bb-37e1-42e9-b828-03d273915302
458d1c17-8678-4a02-bb06-1408fb625500,6e2684b5-dd18-4549-8440-7276b577d2b5,,346ebd52-ba14-4643-b914-bab80cf1e7db,0a2cb6bb-2d78-4609-9e12-88a3bd1a156d,fa64e2f3-9838-41be-851f-5088b4e907f3,2026-05-31T13:55:16.712713,Premium Deal - Crystal Corp,450943.83,2026-06-30T21:06:26.712728,7675c849-0f1f-4fa3-923c-f392ea4a2f35,2025-12-08T06:44:29.712713,8b51f21b-0da9-4139-8f04-0ef4187ce705
8485e91c-863b-478c-ac69-0347e42321c1,6e2684b5-dd18-4549-8440-7276b577d2b5,,ca545988-1974-4eb1-98ce-c324f98a0224,0a2cb6bb-2d78-4609-9e12-88a3bd1a156d,de013863-499a-430c-b921-70dec8e7b1df,2026-02-02T21:58:10.712738,Starter Deal - Copper Systems,103145.86,2026-08-21T08:57:49.712757,8e8f6232-b5f8-466d-98c1-6a9d8090c3eb,2025-10-16T20:03:30.712738,58f39eeb-75cb-4ef4-96ba-4a30c22a7a1e
bcde7d69-7a54-4848-9a09-aea30ee93b99,6e2684b5-dd18-4549-8440-7276b577d2b5,ad8f7d36-ba14-46ea-a9ca-4b0a4b87418d,6ebce9ee-be64-4374-aab5-3a28d2f5963f,0a2cb6bb-2d78-4609-9e12-88a3bd1a156d,de013863-499a-430c-b921-70dec8e7b1df,2026-03-12T06:30:16.712772,Premium Deal - Sapphire Tech,168138.18,2026-12-16T17:43:02.712788,876017f1-7629-48e0-9ce9-20b44276c7d6,2026-02-27T18:30:31.712772,8e8f6232-b5f8-466d-98c1-6a9d8090c3eb
ef28e599-2885-4b95-85c6-b0225437dd8a,6e2684b5-dd18-4549-8440-7276b577d2b5,b4026bf5-fbc9-4f3c-9a64-f8ed13283ac2,,0a2cb6bb-2d78-4609-9e12-88a3bd1a156d,f6af3622-a08b-4544-a16d-18d42ff4a4e1,2026-03-19T03:41:17.712797,Starter Deal - Ruby Software,74477.33,2026-12-11T11:59:40.712816,6339ef1b-ca56-4fa5-9ddb-36a79ac9d12f,2026-03-05T21:24:33.712797,f26bd177-029d-4863-993c-dfebe5004897
f0fb7369-b97e-4f36-98f7-0bbd7d5a3696,6e2684b5-dd18-4549-8440-7276b577d2b5,255ab0d5-5c0b-4645-8ff7-27e879f7a354,,0a2cb6bb-2d78-4609-9e12-88a3bd1a156d,de013863-499a-430c-b921-70dec8e7b1df,2026-06-20T23:50:46.712827,Premium Deal - Vanguard Systems,488292.95,2027-02-04T11:28:30.712842,8e8f6232-b5f8-466d-98c1-6a9d8090c3eb,2025-10-09T00:14:21.712827,8b51f21b-0da9-4139-8f04-0ef4187ce705
68bab04a-0a89-4d6b-a54f-857abd0c4a88,6e2684b5-dd18-4549-8440-7276b577d2b5,,371fa42b-ac5f-4eb8-9e1b-4494a40404b4,0a2cb6bb-2d78-4609-9e12-88a3bd1a156d,3b0450ca-ca27-4031-9d06-d861b7c72f4d,2025-11-11T00:27:21.712852,Growth Deal - SilverLine Corp,230209.29,2026-08-10T14:59:36.712867,d53e375b-e751-4c1c-9dd2-2c198336f144,2025-10-19T12:41:51.712852,8b51f21b-0da9-4139-8f04-0ef4187ce705
ab99a42d-112d-4c47-a646-7386f296299c,6e2684b5-dd18-4549-8440-7276b577d2b5,,1e59dac1-2342-4a01-9f7d-22d90e539b01,0a2cb6bb-2d78-4609-9e12-88a3bd1a156d,de013863-499a-430c-b921-70dec8e7b1df,2026-05-03T13:33:09.712876,Custom Deal - Onyx Data,183916.45,2026-10-09T22:30:49.712891,1f599b2d-4c19-4c7e-91e2-f8655b60b03d,2026-04-29T11:57:32.712876,d53e375b-e751-4c1c-9dd2-2c198336f144
690dbd1d-b24e-423d-a4c5-c8c8a129a86d,6e2684b5-dd18-4549-8440-7276b577d2b5,43be1bb6-66aa-4cb7-94a6-6eca42bfa59e,2602d07a-905a-44c6-9967-13357a05e41c,0a2cb6bb-2d78-4609-9e12-88a3bd1a156d,3b0450ca-ca27-4031-9d06-d861b7c72f4d,2026-07-01T21:17:18.712901,Custom Deal - Bronze Gate,166149.99,2026-08-21T13:42:18.712917,7675c849-0f1f-4fa3-923c-f392ea4a2f35,2026-05-15T02:03:42.712901,876017f1-7629-48e0-9ce9-20b44276c7d6
72874041-dca4-4500-90d8-fbee82e43f4f,6e2684b5-dd18-4549-8440-7276b577d2b5,202bd062-53d0-4e44-82ca-1e00eed7bcf6,36cf0ea3-25a4-438d-a1b5-2557396a0d72,0a2cb6bb-2d78-4609-9e12-88a3bd1a156d,de013863-499a-430c-b921-70dec8e7b1df,2026-06-08T10:38:42.712927,Starter Deal - BrightStar Inc,124028.14,2026-11-13T07:58:44.712942,71030eb2-1621-4863-8e2d-b6184abb7f32,2025-11-08T22:54:42.712927,8b51f21b-0da9-4139-8f04-0ef4187ce705
4305327c-7249-40e0-93fd-6693b4b37d77,6e2684b5-dd18-4549-8440-7276b577d2b5,911dd0f2-23a8-4c24-ba4a-917a9a192897,c885bf03-4053-4b29-a66d-1ea58e84e3cc,0a2cb6bb-2d78-4609-9e12-88a3bd1a156d,3b0450ca-ca27-4031-9d06-d861b7c72f4d,2026-03-31T15:37:47.712952,Starter Deal - Zenith Partners,336222.54,2026-12-09T13:55:23.712967,eb9f903e-4cd4-462b-9c0c-0720da83cfc0,2025-11-14T21:32:46.712952,1f599b2d-4c19-4c7e-91e2-f8655b60b03d
52814d21-3b31-4699-93ff-c65087fe33c9,6e2684b5-dd18-4549-8440-7276b577d2b5,b6b1030e-862d-4df9-9243-a350931ef418,,0a2cb6bb-2d78-4609-9e12-88a3bd1a156d,f6af3622-a08b-4544-a16d-18d42ff4a4e1,2026-07-23T03:12:23.712977,Growth Deal - Atlas Computing,17371.61,2027-01-11T02:36:10.712996,f26bd177-029d-4863-993c-dfebe5004897,2026-03-31T05:48:16.712977,6339ef1b-ca56-4fa5-9ddb-36a79ac9d12f
08583efa-96e7-4df4-bf43-b3edcf208435,6e2684b5-dd18-4549-8440-7276b577d2b5,99097324-aff9-451a-a9dd-eeb9636a3ff8,,0a2cb6bb-2d78-4609-9e12-88a3bd1a156d,f6af3622-a08b-4544-a16d-18d42ff4a4e1,2025-11-27T05:12:17.713006,Custom Deal - Velocity Labs,260939.74,2026-12-08T06:11:30.713022,f26bd177-029d-4863-993c-dfebe5004897,2025-09-26T09:26:52.713006,7223e10a-b124-4a7f-a342-f0f59020ba2f
75992de1-95cc-49a6-93a2-833548e77a32,6e2684b5-dd18-4549-8440-7276b577d2b5,ce27dab6-b897-427a-b9e8-88690d7e351d,b41bb409-e1da-4ce2-9f82-d4328210c2fa,0a2cb6bb-2d78-4609-9e12-88a3bd1a156d,3b0450ca-ca27-4031-9d06-d861b7c72f4d,2026-05-12T01:39:04.713037,Custom Deal - Steel Bridge,420456.72,2026-10-02T01:00:59.713052,8e8f6232-b5f8-466d-98c1-6a9d8090c3eb,2025-08-20T13:29:17.713037,876017f1-7629-48e0-9ce9-20b44276c7d6
d4e79d9b-e38e-41fb-87a9-352581ff397c,6e2684b5-dd18-4549-8440-7276b577d2b5,e9e6c294-ec86-4e51-8517-9bfa85fe1ce4,b41bb409-e1da-4ce2-9f82-d4328210c2fa,0a2cb6bb-2d78-4609-9e12-88a3bd1a156d,fa64e2f3-9838-41be-851f-5088b4e907f3,2026-07-21T07:50:02.713063,Premium Deal - Platinum Partners,45043.24,2026-05-11T10:08:13.713078,63c904bb-37e1-42e9-b828-03d273915302,2026-07-20T17:36:15.713063,63c904bb-37e1-42e9-b828-03d273915302
99a2e63f-a5db-4a98-962d-2849028f4045,6e2684b5-dd18-4549-8440-7276b577d2b5,,,0a2cb6bb-2d78-4609-9e12-88a3bd1a156d,fa64e2f3-9838-41be-851f-5088b4e907f3,2025-08-26T06:24:24.713088,Enterprise Deal - Catalyst Group,342713.95,2026-07-24T03:43:24.713102,eb9f903e-4cd4-462b-9c0c-0720da83cfc0,2025-08-09T20:22:42.713088,876017f1-7629-48e0-9ce9-20b44276c7d6
74c1c7c5-3a05-4322-be7b-7ed666197215,6e2684b5-dd18-4549-8440-7276b577d2b5,,946866ba-69f9-4f60-8f10-3d15e73e9a77,0a2cb6bb-2d78-4609-9e12-88a3bd1a156d,de013863-499a-430c-b921-70dec8e7b1df,2026-08-07T03:50:49.713111,Enterprise Deal - Titan Industries,415970.3,2026-11-16T00:09:29.713125,1f599b2d-4c19-4c7e-91e2-f8655b60b03d,2026-08-07T03:50:49.713111,eb9f903e-4cd4-462b-9c0c-0720da83cfc0
c90714d9-f018-4fe8-b2e1-037e9c584204,6e2684b5-dd18-4549-8440-7276b577d2b5,1b03dd8d-d722-4251-acb2-68c78e1d06b8,1e59dac1-2342-4a01-9f7d-22d90e539b01,0a2cb6bb-2d78-4609-9e12-88a3bd1a156d,b4be3c8c-9e4c-4fd9-8ec0-c38105a72eeb,2026-07-28T09:25:41.713135,Growth Deal - Ruby Software,343221.58,2026-04-20T17:53:44.713151,13f891f6-02c5-48a2-bb4f-65f664be06a0,2025-09-20T09:36:23.713135,71030eb2-1621-4863-8e2d-b6184abb7f32
39b1d929-5523-4574-b91e-01a63fe5af16,6e2684b5-dd18-4549-8440-7276b577d2b5,82873db4-a296-4cb9-a9d3-0a6dccbde461,01cd5d4c-65ef-4cbf-b25b-84a0c4bd39d2,0a2cb6bb-2d78-4609-9e12-88a3bd1a156d,de013863-499a-430c-b921-70dec8e7b1df,2026-08-06T04:55:10.713164,Enterprise Deal - Crystal Clear,433419.46,2026-12-28T17:22:20.713180,6339ef1b-ca56-4fa5-9ddb-36a79ac9d12f,2026-08-05T17:56:57.713164,1f599b2d-4c19-4c7e-91e2-f8655b60b03d
a0e7d8f6-e7db-4189-a553-b115c4dcb025,6e2684b5-dd18-4549-8440-7276b577d2b5,9ccf473d-2fbe-45b1-aa84-e9931a6bbe1e,,0a2cb6bb-2d78-4609-9e12-88a3bd1a156d,de013863-499a-430c-b921-70dec8e7b1df,2026-03-15T14:25:58.713190,Enterprise Deal - Bronze Gate,285891.04,2026-10-31T02:02:21.713205,7675c849-0f1f-4fa3-923c-f392ea4a2f35,2026-01-21T22:03:45.713190,9d990953-1d48-4691-9104-88f3d84dc63c
8b7bec98-f295-4d93-89fe-019439aa3e04,6e2684b5-dd18-4549-8440-7276b577d2b5,98fdff8a-0e8e-41fd-8198-82421cb64611,,0a2cb6bb-2d78-4609-9e12-88a3bd1a156d,fa64e2f3-9838-41be-851f-5088b4e907f3,2026-04-06T00:33:48.713215,Growth Deal - Sapphire Tech,35689.0,2026-05-25T04:00:03.713230,58f39eeb-75cb-4ef4-96ba-4a30c22a7a1e,2025-12-08T05:40:31.713215,6339ef1b-ca56-4fa5-9ddb-36a79ac9d12f
3ea44ab2-5590-452e-9cfd-ea4b386815ae,6e2684b5-dd18-4549-8440-7276b577d2b5,,2fe5e7c3-546c-4ffa-89d8-46ed4a55a754,0a2cb6bb-2d78-4609-9e12-88a3bd1a156d,29da3373-4821-4016-9b03-949711a94d0e,2026-01-22T09:37:42.713240,Starter Deal - Zenith Partners,479018.21,2027-01-12T00:45:59.713255,8e8f6232-b5f8-466d-98c1-6a9d8090c3eb,2025-11-01T22:21:32.713240,7223e10a-b124-4a7f-a342-f0f59020ba2f
f11df604-5513-489d-92ec-c699e194b4d0,6e2684b5-dd18-4549-8440-7276b577d2b5,,2fe5e7c3-546c-4ffa-89d8-46ed4a55a754,0a2cb6bb-2d78-4609-9e12-88a3bd1a156d,fa64e2f3-9838-41be-851f-5088b4e907f3,2026-08-06T14:12:28.713264,Growth Deal - CloudPeak Analytics,162746.38,2026-06-14T22:39:39.713279,58f39eeb-75cb-4ef4-96ba-4a30c22a7a1e,2026-04-14T07:39:40.713264,63c904bb-37e1-42e9-b828-03d273915302
da4538fb-ebdf-4bde-aa06-d2146b10f785,6e2684b5-dd18-4549-8440-7276b577d2b5,,,0a2cb6bb-2d78-4609-9e12-88a3bd1a156d,29da3373-4821-4016-9b03-949711a94d0e,2026-07-02T15:18:20.713291,Starter Deal - Ember Labs,410790.46,2026-12-12T15:03:00.713306,71030eb2-1621-4863-8e2d-b6184abb7f32,2026-05-13T14:55:27.713291,71030eb2-1621-4863-8e2d-b6184abb7f32
28603f47-e2bd-4149-a100-37a73b8a733a,6e2684b5-dd18-4549-8440-7276b577d2b5,77c61a14-b71a-4ebb-b04f-6c315343214e,c5327e38-2eff-4745-bcf6-ecad20945f45,0a2cb6bb-2d78-4609-9e12-88a3bd1a156d,fa64e2f3-9838-41be-851f-5088b4e907f3,2026-05-31T09:10:51.713317,Starter Deal - Crystal Corp,474180.98,2026-05-23T08:52:58.713333,7223e10a-b124-4a7f-a342-f0f59020ba2f,2026-01-12T22:31:49.713317,71030eb2-1621-4863-8e2d-b6184abb7f32
e29be172-493e-44b5-861e-3095325b703d,6e2684b5-dd18-4549-8440-7276b577d2b5,0434add1-11ae-4add-a7d7-1a89fa5dbaec,36cf0ea3-25a4-438d-a1b5-2557396a0d72,0a2cb6bb-2d78-4609-9e12-88a3bd1a156d,f6af3622-a08b-4544-a16d-18d42ff4a4e1,2026-08-05T18:35:34.713343,Starter Deal - Topaz Digital,393611.92,2027-01-11T18:32:20.713358,f26bd177-029d-4863-993c-dfebe5004897,2025-12-01T05:58:08.713343,71030eb2-1621-4863-8e2d-b6184abb7f32
fe54fbb3-8928-47f4-9614-561f26c8e288,6e2684b5-dd18-4549-8440-7276b577d2b5,7741d872-3ab1-47f3-964e-72ee64e5df21,,0a2cb6bb-2d78-4609-9e12-88a3bd1a156d,29da3373-4821-4016-9b03-949711a94d0e,2026-02-20T10:13:40.713368,Enterprise Deal - NexGen Software,36865.51,2027-02-02T16:30:39.713383,7675c849-0f1f-4fa3-923c-f392ea4a2f35,2025-08-08T10:47:04.713368,58f39eeb-75cb-4ef4-96ba-4a30c22a7a1e
4b6d7100-04ad-4cc1-9b56-d4d59df31d41,6e2684b5-dd18-4549-8440-7276b577d2b5,64491030-68f3-46da-9bbd-66c8db830ce8,,0a2cb6bb-2d78-4609-9e12-88a3bd1a156d,de013863-499a-430c-b921-70dec8e7b1df,2026-08-01T07:03:23.713394,Growth Deal - Golden Ratio,323089.43,2027-01-06T18:39:24.713410,d53e375b-e751-4c1c-9dd2-2c198336f144,2026-05-21T17:46:36.713394,876017f1-7629-48e0-9ce9-20b44276c7d6
8f0637b4-25ba-4775-a2bd-566b671840c3,6e2684b5-dd18-4549-8440-7276b577d2b5,,2b5a6213-159d-403b-b73c-4fa6a5bb8f69,0a2cb6bb-2d78-4609-9e12-88a3bd1a156d,f6af3622-a08b-4544-a16d-18d42ff4a4e1,2026-07-06T04:32:03.713420,Custom Deal - Opal Solutions,278923.68,2026-11-02T16:44:00.713434,8e8f6232-b5f8-466d-98c1-6a9d8090c3eb,2026-05-09T18:47:39.713420,13f891f6-02c5-48a2-bb4f-65f664be06a0
432d2b2f-84e8-499d-b982-6da580f35e9a,6e2684b5-dd18-4549-8440-7276b577d2b5,849db878-884e-4e84-ba18-6988ec151daf,,0a2cb6bb-2d78-4609-9e12-88a3bd1a156d,b4be3c8c-9e4c-4fd9-8ec0-c38105a72eeb,2026-02-04T01:24:46.713444,Custom Deal - Ember Labs,351882.7,2026-05-02T20:00:10.713639,9d990953-1d48-4691-9104-88f3d84dc63c,2025-09-16T00:35:47.713444,f26bd177-029d-4863-993c-dfebe5004897
49465659-6469-4253-a48f-549a191f9635,6e2684b5-dd18-4549-8440-7276b577d2b5,,348fb924-00ad-4daa-b665-13e5836e2f29,0a2cb6bb-2d78-4609-9e12-88a3bd1a156d,f6af3622-a08b-4544-a16d-18d42ff4a4e1,2026-01-17T12:35:16.713661,Premium Deal - Opal Solutions,195378.35,2026-09-05T06:59:47.713680,71030eb2-1621-4863-8e2d-b6184abb7f32,2026-01-08T21:00:10.713661,13f891f6-02c5-48a2-bb4f-65f664be06a0
2687412e-4440-4035-9ebd-90c5cdd098ac,6e2684b5-dd18-4549-8440-7276b577d2b5,d692b1ea-5e9f-4701-a982-e7cad3e7a81d,,0a2cb6bb-2d78-4609-9e12-88a3bd1a156d,de013863-499a-430c-b921-70dec8e7b1df,2026-07-01T14:42:06.713696,Starter Deal - Summit Analytics,335937.65,2026-12-10T01:21:38.713712,8e8f6232-b5f8-466d-98c1-6a9d8090c3eb,2025-09-03T03:19:44.713696,9d990953-1d48-4691-9104-88f3d84dc63c
0ecfd2d5-0e08-45d1-a7da-fd8f5201bc77,6e2684b5-dd18-4549-8440-7276b577d2b5,3659e319-380f-4d58-a827-08ee90922272,e0b92913-5a14-44a2-9a62-8b07fa229d72,0a2cb6bb-2d78-4609-9e12-88a3bd1a156d,b4be3c8c-9e4c-4fd9-8ec0-c38105a72eeb,2026-03-16T13:33:47.713723,Growth Deal - Vanguard Systems,75182.38,2026-06-26T02:00:56.713739,d53e375b-e751-4c1c-9dd2-2c198336f144,2025-11-10T05:33:31.713723,eb9f903e-4cd4-462b-9c0c-0720da83cfc0
1e29944f-1e4f-451a-a32f-2f8e44839ba4,6e2684b5-dd18-4549-8440-7276b577d2b5,21251dcd-c1b9-4c46-9be3-a0faa729e303,,0a2cb6bb-2d78-4609-9e12-88a3bd1a156d,3b0450ca-ca27-4031-9d06-d861b7c72f4d,2026-07-25T10:16:26.713753,Starter Deal - RedRock Ventures,465000.16,2026-11-13T02:56:09.713769,63c904bb-37e1-42e9-b828-03d273915302,2025-10-25T10:58:40.713753,63c904bb-37e1-42e9-b828-03d273915302
53eab094-b284-45ad-b00f-b0e16a4f061f,6e2684b5-dd18-4549-8440-7276b577d2b5,,c885bf03-4053-4b29-a66d-1ea58e84e3cc,0a2cb6bb-2d78-4609-9e12-88a3bd1a156d,29da3373-4821-4016-9b03-949711a94d0e,2026-06-22T02:53:28.713778,Enterprise Deal - Iron Mountain,253195.43,2027-01-15T06:23:00.713793,f26bd177-029d-4863-993c-dfebe5004897,2026-05-08T06:10:23.713778,f26bd177-029d-4863-993c-dfebe5004897
52830570-f4e6-4313-bc0f-ae485bf3d311,6e2684b5-dd18-4549-8440-7276b577d2b5,75ebce2c-c0af-4d0a-b11b-35ea880cf7da,,0a2cb6bb-2d78-4609-9e12-88a3bd1a156d,29da3373-4821-4016-9b03-949711a94d0e,2026-08-03T04:38:04.713803,Premium Deal - ClearView Corp,87695.46,2026-10-21T15:59:11.713819,58f39eeb-75cb-4ef4-96ba-4a30c22a7a1e,2026-07-15T11:55:25.713803,876017f1-7629-48e0-9ce9-20b44276c7d6
6b0fdb97-6c88-42ff-b1bf-6545d5fb8e8e,6e2684b5-dd18-4549-8440-7276b577d2b5,,,0a2cb6bb-2d78-4609-9e12-88a3bd1a156d,3b0450ca-ca27-4031-9d06-d861b7c72f4d,2026-05-10T10:20:04.713828,Enterprise Deal - GreenField Capital,113419.07,2026-08-07T11:26:06.713843,8e8f6232-b5f8-466d-98c1-6a9d8090c3eb,2026-03-27T15:55:27.713828,d53e375b-e751-4c1c-9dd2-2c198336f144
9a667ce0-81ff-47da-855c-d345f497f3da,6e2684b5-dd18-4549-8440-7276b577d2b5,,e747348c-9493-424f-9a24-f30d6d2c0ea2,0a2cb6bb-2d78-4609-9e12-88a3bd1a156d,3b0450ca-ca27-4031-9d06-d861b7c72f4d,2026-08-02T05:44:29.713852,Premium Deal - Apex Health,449388.62,2027-01-16T19:25:36.713871,13f891f6-02c5-48a2-bb4f-65f664be06a0,2026-08-02T01:21:39.713852,9d990953-1d48-4691-9104-88f3d84dc63c
0073875d-0f28-4f4b-9203-c76a8fa305e6,6e2684b5-dd18-4549-8440-7276b577d2b5,e942ed11-5b66-41be-8a8c-ee7e7acf9feb,371fa42b-ac5f-4eb8-9e1b-4494a40404b4,0a2cb6bb-2d78-4609-9e12-88a3bd1a156d,fa64e2f3-9838-41be-851f-5088b4e907f3,2026-07-30T13:47:16.713881,Starter Deal - SilverLine Corp,166012.48,2026-08-03T18:24:49.713898,d53e375b-e751-4c1c-9dd2-2c198336f144,2026-06-11T20:15:58.713881,63c904bb-37e1-42e9-b828-03d273915302
4c4f22a9-2791-439d-9cdd-48facc6c92be,6e2684b5-dd18-4549-8440-7276b577d2b5,bf42c5b7-1901-4609-8396-544f74c81eb9,a85375e1-e6d3-4c09-9f60-72605e2f471b,0a2cb6bb-2d78-4609-9e12-88a3bd1a156d,29da3373-4821-4016-9b03-949711a94d0e,2026-03-20T15:16:16.713909,Growth Deal - EverGreen Solutions,160673.5,2026-10-29T09:26:20.713928,9d990953-1d48-4691-9104-88f3d84dc63c,2026-03-09T23:17:49.713909,7675c849-0f1f-4fa3-923c-f392ea4a2f35
70142e7f-7411-4c5e-a05c-f106484f0c64,6e2684b5-dd18-4549-8440-7276b577d2b5,,d4824f2b-c359-4adc-a0fe-8b25688bf14a,0a2cb6bb-2d78-4609-9e12-88a3bd1a156d,f6af3622-a08b-4544-a16d-18d42ff4a4e1,2026-01-22T06:43:29.713938,Starter Deal - Sapphire Tech,130440.37,2026-11-20T23:43:18.713954,63c904bb-37e1-42e9-b828-03d273915302,2025-10-27T19:52:12.713938,8b51f21b-0da9-4139-8f04-0ef4187ce705
2ab19b11-a072-4689-9f38-da9d486239e6,6e2684b5-dd18-4549-8440-7276b577d2b5,f6fdbc5b-ee1d-4084-a139-94c9ddfac6aa,,0a2cb6bb-2d78-4609-9e12-88a3bd1a156d,3b0450ca-ca27-4031-9d06-d861b7c72f4d,2026-05-30T07:38:19.713963,Custom Deal - Atlas Computing,393953.61,2026-09-12T10:22:30.713980,6339ef1b-ca56-4fa5-9ddb-36a79ac9d12f,2025-10-24T11:34:35.713963,8e8f6232-b5f8-466d-98c1-6a9d8090c3eb
dafd87f7-5953-41d2-a27d-5aa666570699,6e2684b5-dd18-4549-8440-7276b577d2b5,94b5c6de-6ffc-40d9-b1b9-acddcd4e71dd,e941ff61-a488-41cf-8318-4c8c37d49f6b,0a2cb6bb-2d78-4609-9e12-88a3bd1a156d,3b0450ca-ca27-4031-9d06-d861b7c72f4d,2026-04-22T00:47:32.713990,Growth Deal - Pearl Analytics,468346.28,2027-01-24T04:05:14.714006,63c904bb-37e1-42e9-b828-03d273915302,2026-01-14T19:45:29.713990,876017f1-7629-48e0-9ce9-20b44276c7d6
d9b7731f-f463-428c-bcea-1cf929f2ae03,6e2684b5-dd18-4549-8440-7276b577d2b5,,,0a2cb6bb-2d78-4609-9e12-88a3bd1a156d,b4be3c8c-9e4c-4fd9-8ec0-c38105a72eeb,2026-07-09T20:13:22.714016,Growth Deal - TechNova Solutions,188839.78,2026-06-12T13:21:32.714035,1f599b2d-4c19-4c7e-91e2-f8655b60b03d,2025-11-27T09:48:00.714016,7675c849-0f1f-4fa3-923c-f392ea4a2f35
fa57f739-4e31-4fa2-85c8-6a8637b4a896,6e2684b5-dd18-4549-8440-7276b577d2b5,,6814471c-330d-46a0-998b-47deca59fac7,0a2cb6bb-2d78-4609-9e12-88a3bd1a156d,3b0450ca-ca27-4031-9d06-d861b7c72f4d,2026-04-29T18:28:27.714045,Custom Deal - Pearl Analytics,229852.05,2026-10-06T05:49:05.714063,71030eb2-1621-4863-8e2d-b6184abb7f32,2025-11-06T21:44:11.714045,6339ef1b-ca56-4fa5-9ddb-36a79ac9d12f
c2e048be-1f6a-4aa5-b68d-ca35f16ef113,6e2684b5-dd18-4549-8440-7276b577d2b5,f6fdbc5b-ee1d-4084-a139-94c9ddfac6aa,354c92ee-b7a7-4582-a9c5-e727027ac048,0a2cb6bb-2d78-4609-9e12-88a3bd1a156d,de013863-499a-430c-b921-70dec8e7b1df,2026-07-22T05:31:41.714074,Premium Deal - Zenith Partners,223683.25,2026-12-29T11:59:32.714089,eb9f903e-4cd4-462b-9c0c-0720da83cfc0,2026-04-26T11:22:00.714074,f26bd177-029d-4863-993c-dfebe5004897
ce945e74-8186-4a66-a329-7d82c511c2e8,6e2684b5-dd18-4549-8440-7276b577d2b5,0143fb9e-caad-4df2-96a4-f01da34c2b92,,0a2cb6bb-2d78-4609-9e12-88a3bd1a156d,f6af3622-a08b-4544-a16d-18d42ff4a4e1,2026-06-19T17:16:02.714099,Premium Deal - Prism Technologies,381446.73,2026-09-11T17:34:49.714114,8e8f6232-b5f8-466d-98c1-6a9d8090c3eb,2025-09-21T14:26:51.714099,7675c849-0f1f-4fa3-923c-f392ea4a2f35
3608f98b-faff-4c27-84cb-20a6f6f84759,6e2684b5-dd18-4549-8440-7276b577d2b5,,,0a2cb6bb-2d78-4609-9e12-88a3bd1a156d,de013863-499a-430c-b921-70dec8e7b1df,2026-01-13T20:02:20.714123,Enterprise Deal - EverGreen Solutions,33423.29,2026-10-25T00:42:49.714137,58f39eeb-75cb-4ef4-96ba-4a30c22a7a1e,2025-10-25T21:16:27.714123,7223e10a-b124-4a7f-a342-f0f59020ba2f
024ceaaa-f328-432d-8aad-e008d2796131,6e2684b5-dd18-4549-8440-7276b577d2b5,,,0a2cb6bb-2d78-4609-9e12-88a3bd1a156d,29da3373-4821-4016-9b03-949711a94d0e,2026-01-09T03:11:53.714146,Enterprise Deal - Titan Industries,150834.99,2026-10-13T23:01:44.714161,9d990953-1d48-4691-9104-88f3d84dc63c,2025-11-20T11:53:17.714146,8e8f6232-b5f8-466d-98c1-6a9d8090c3eb
b1840cc5-4cb1-4e31-b715-1f44d3375443,6e2684b5-dd18-4549-8440-7276b577d2b5,85edb55c-fb53-400b-8411-7969254ed96a,b9c93874-2c07-4e86-acaa-8f57a1a5157d,0a2cb6bb-2d78-4609-9e12-88a3bd1a156d,f6af3622-a08b-4544-a16d-18d42ff4a4e1,2026-04-24T01:09:23.714171,Enterprise Deal - Crystal Clear,222372.6,2026-11-21T16:17:51.714186,876017f1-7629-48e0-9ce9-20b44276c7d6,2025-10-30T21:28:26.714171,876017f1-7629-48e0-9ce9-20b44276c7d6
e9e022f8-8b82-43c1-9eb0-17fcc12bfa6c,6e2684b5-dd18-4549-8440-7276b577d2b5,064af557-be64-4678-b991-17529573d4aa,,0a2cb6bb-2d78-4609-9e12-88a3bd1a156d,b4be3c8c-9e4c-4fd9-8ec0-c38105a72eeb,2026-01-28T16:55:32.714196,Custom Deal - Vanguard Systems,131927.11,2026-08-02T02:29:48.714212,58f39eeb-75cb-4ef4-96ba-4a30c22a7a1e,2025-12-14T08:00:11.714196,13f891f6-02c5-48a2-bb4f-65f664be06a0
2132a96b-db24-434f-a406-1a7592fa4346,6e2684b5-dd18-4549-8440-7276b577d2b5,0da94e26-3410-425c-877d-287452466bbc,,0a2cb6bb-2d78-4609-9e12-88a3bd1a156d,de013863-499a-430c-b921-70dec8e7b1df,2026-07-07T07:00:20.714222,Growth Deal - Zenith Partners,144489.97,2027-01-11T04:34:59.714237,63c904bb-37e1-42e9-b828-03d273915302,2026-03-28T20:14:52.714222,f26bd177-029d-4863-993c-dfebe5004897
f89963f5-9cf7-454b-bb62-8dae8d477f62,6e2684b5-dd18-4549-8440-7276b577d2b5,,f23b36be-4195-47bf-9834-21cb07ea153a,0a2cb6bb-2d78-4609-9e12-88a3bd1a156d,f6af3622-a08b-4544-a16d-18d42ff4a4e1,2025-12-06T20:15:34.714246,Enterprise Deal - Jade Consulting,283912.93,2026-11-23T18:29:44.714261,f26bd177-029d-4863-993c-dfebe5004897,2025-12-05T09:06:14.714246,f26bd177-029d-4863-993c-dfebe5004897
4c1a89fe-ef09-48f8-80a1-f6072634640f,6e2684b5-dd18-4549-8440-7276b577d2b5,,,0a2cb6bb-2d78-4609-9e12-88a3bd1a156d,f6af3622-a08b-4544-a16d-18d42ff4a4e1,2025-12-23T22:23:29.714278,Enterprise Deal - Opal Solutions,42589.86,2027-01-20T04:02:30.714293,7675c849-0f1f-4fa3-923c-f392ea4a2f35,2025-10-03T16:25:54.714278,d53e375b-e751-4c1c-9dd2-2c198336f144
751b6d14-ae89-487d-b117-2e026135847d,6e2684b5-dd18-4549-8440-7276b577d2b5,,,0a2cb6bb-2d78-4609-9e12-88a3bd1a156d,29da3373-4821-4016-9b03-949711a94d0e,2026-06-10T06:30:41.714303,Starter Deal - Topaz Digital,455451.44,2026-11-29T20:05:47.714317,9d990953-1d48-4691-9104-88f3d84dc63c,2026-03-04T19:51:03.714303,f26bd177-029d-4863-993c-dfebe5004897
3dae5dab-43d7-409b-ad88-4df09984769c,6e2684b5-dd18-4549-8440-7276b577d2b5,45fdf500-79b7-48b8-90dc-05286e56a3a1,b9c93874-2c07-4e86-acaa-8f57a1a5157d,0a2cb6bb-2d78-4609-9e12-88a3bd1a156d,3b0450ca-ca27-4031-9d06-d861b7c72f4d,2025-12-05T15:12:11.714327,Starter Deal - Ruby Software,123394.29,2026-12-23T02:18:39.714342,63c904bb-37e1-42e9-b828-03d273915302,2025-09-13T04:19:36.714327,f26bd177-029d-4863-993c-dfebe5004897
6dc2df27-d7dc-4b31-bbcb-29535aa621b7,6e2684b5-dd18-4549-8440-7276b577d2b5,,,0a2cb6bb-2d78-4609-9e12-88a3bd1a156d,29da3373-4821-4016-9b03-949711a94d0e,2026-05-03T16:32:19.714351,Starter Deal - Platinum Partners,134270.83,2026-10-13T00:31:26.714366,eb9f903e-4cd4-462b-9c0c-0720da83cfc0,2026-01-20T13:19:59.714351,876017f1-7629-48e0-9ce9-20b44276c7d6
54094614-b6cc-4678-93d8-493ab875a3f3,6e2684b5-dd18-4549-8440-7276b577d2b5,8fe62681-fd9c-4659-889e-aa2ce4d5953c,,0a2cb6bb-2d78-4609-9e12-88a3bd1a156d,fa64e2f3-9838-41be-851f-5088b4e907f3,2026-07-31T18:51:47.714375,Premium Deal - Onyx Data,385728.44,2026-05-01T19:39:19.714391,58f39eeb-75cb-4ef4-96ba-4a30c22a7a1e,2026-07-19T07:19:10.714375,58f39eeb-75cb-4ef4-96ba-4a30c22a7a1e
6dd97da6-2006-47b5-bdc2-386f5d7e7f5d,6e2684b5-dd18-4549-8440-7276b577d2b5,b70f6372-dab6-412b-b0d1-a55b0452e3a9,3000df05-cf42-468a-bbf7-323afb9bc7c9,0a2cb6bb-2d78-4609-9e12-88a3bd1a156d,3b0450ca-ca27-4031-9d06-d861b7c72f4d,2026-05-31T09:24:47.714401,Custom Deal - Sterling Finance,398566.73,2026-11-15T17:56:13.714416,13f891f6-02c5-48a2-bb4f-65f664be06a0,2026-02-13T17:21:19.714401,eb9f903e-4cd4-462b-9c0c-0720da83cfc0
3825319d-ba1a-4190-b395-12d59dc88482,6e2684b5-dd18-4549-8440-7276b577d2b5,,303695e1-f035-4ba7-a54f-19b1541aa73f,0a2cb6bb-2d78-4609-9e12-88a3bd1a156d,29da3373-4821-4016-9b03-949711a94d0e,2026-07-25T22:57:46.714430,Custom Deal - Onyx Data,343748.43,2026-10-17T03:53:40.714446,71030eb2-1621-4863-8e2d-b6184abb7f32,2026-07-25T11:33:08.714430,f26bd177-029d-4863-993c-dfebe5004897
fd414ba6-7beb-494c-a0c1-7455b6d5cc6f,6e2684b5-dd18-4549-8440-7276b577d2b5,818531e1-37e7-4b7b-89ae-a66007f027f4,,0a2cb6bb-2d78-4609-9e12-88a3bd1a156d,b4be3c8c-9e4c-4fd9-8ec0-c38105a72eeb,2026-03-07T13:23:47.714456,Premium Deal - Pearl Analytics,32604.51,2026-06-07T13:37:40.714471,876017f1-7629-48e0-9ce9-20b44276c7d6,2026-01-20T11:03:22.714456,71030eb2-1621-4863-8e2d-b6184abb7f32
b019075e-2da6-4968-8af1-5fb74ea20a4a,6e2684b5-dd18-4549-8440-7276b577d2b5,94c4b8f5-1d12-41ce-a4cc-069ee45da884,,0a2cb6bb-2d78-4609-9e12-88a3bd1a156d,b4be3c8c-9e4c-4fd9-8ec0-c38105a72eeb,2026-07-30T19:39:17.714481,Enterprise Deal - GreenField Capital,95801.67,2026-05-16T23:08:50.714496,7223e10a-b124-4a7f-a342-f0f59020ba2f,2026-04-05T01:33:37.714481,d53e375b-e751-4c1c-9dd2-2c198336f144
7c62e8da-71e4-4ec4-bcb9-9ce2b8b45d31,6e2684b5-dd18-4549-8440-7276b577d2b5,,a85375e1-e6d3-4c09-9f60-72605e2f471b,0a2cb6bb-2d78-4609-9e12-88a3bd1a156d,fa64e2f3-9838-41be-851f-5088b4e907f3,2026-06-30T23:31:23.714505,Starter Deal - Apex Health,143332.27,2026-07-28T00:59:16.714520,7223e10a-b124-4a7f-a342-f0f59020ba2f,2026-06-06T02:19:45.714505,d53e375b-e751-4c1c-9dd2-2c198336f144
a04f27ce-9817-466a-826c-0ef9d90cfa52,6e2684b5-dd18-4549-8440-7276b577d2b5,,73b78d6a-bca6-4f76-a056-9eacc4744894,0a2cb6bb-2d78-4609-9e12-88a3bd1a156d,fa64e2f3-9838-41be-851f-5088b4e907f3,2025-12-19T10:19:40.714533,Starter Deal - Steel Bridge,408213.19,2026-05-17T10:51:29.714548,876017f1-7629-48e0-9ce9-20b44276c7d6,2025-10-12T09:09:01.714533,7675c849-0f1f-4fa3-923c-f392ea4a2f35
55e58f59-b96e-4345-8af9-36c383901e65,6e2684b5-dd18-4549-8440-7276b577d2b5,77c61a14-b71a-4ebb-b04f-6c315343214e,,0a2cb6bb-2d78-4609-9e12-88a3bd1a156d,b4be3c8c-9e4c-4fd9-8ec0-c38105a72eeb,2026-05-29T04:33:59.714557,Custom Deal - Sapphire Tech,92000.33,2026-08-04T00:44:50.714572,58f39eeb-75cb-4ef4-96ba-4a30c22a7a1e,2025-10-09T10:07:27.714557,13f891f6-02c5-48a2-bb4f-65f664be06a0
1f93466a-0b32-4eb5-8fc1-1fb45871102d,6e2684b5-dd18-4549-8440-7276b577d2b5,0625fa93-6217-4260-84f7-e8467345d42d,35ee847f-9c60-4ff4-9f34-24394f27738f,0a2cb6bb-2d78-4609-9e12-88a3bd1a156d,f6af3622-a08b-4544-a16d-18d42ff4a4e1,2026-03-11T22:13:32.714582,Growth Deal - NexGen Software,204095.32,2027-01-07T23:55:26.714598,8b51f21b-0da9-4139-8f04-0ef4187ce705,2025-12-13T07:44:51.714582,6339ef1b-ca56-4fa5-9ddb-36a79ac9d12f
428fa01e-0c56-4bfd-92e7-4631d9a35d73,6e2684b5-dd18-4549-8440-7276b577d2b5,,f3a76e83-0a6d-49fe-968b-dffeae388cab,0a2cb6bb-2d78-4609-9e12-88a3bd1a156d,de013863-499a-430c-b921-70dec8e7b1df,2026-06-04T00:14:57.714608,Enterprise Deal - Pearl Analytics,434322.34,2026-09-16T16:52:40.714623,8b51f21b-0da9-4139-8f04-0ef4187ce705,2026-03-11T16:18:47.714608,876017f1-7629-48e0-9ce9-20b44276c7d6
949cd0de-dd0c-466f-ba79-44994caf8672,6e2684b5-dd18-4549-8440-7276b577d2b5,0625fa93-6217-4260-84f7-e8467345d42d,bc999246-7fca-4ed5-b9c1-35fba9d72bd9,0a2cb6bb-2d78-4609-9e12-88a3bd1a156d,f6af3622-a08b-4544-a16d-18d42ff4a4e1,2025-11-27T03:48:14.714633,Custom Deal - IronClad Security,241006.21,2026-08-16T16:23:16.714654,8e8f6232-b5f8-466d-98c1-6a9d8090c3eb,2025-08-26T08:01:53.714633,f26bd177-029d-4863-993c-dfebe5004897
0ba0942b-5072-43ed-943a-b7b1c188e8cd,6e2684b5-dd18-4549-8440-7276b577d2b5,,,0a2cb6bb-2d78-4609-9e12-88a3bd1a156d,b4be3c8c-9e4c-4fd9-8ec0-c38105a72eeb,2026-07-01T03:22:22.714664,Enterprise Deal - NexGen Software,138795.04,2026-05-01T23:55:12.714679,7223e10a-b124-4a7f-a342-f0f59020ba2f,2026-04-08T13:36:07.714664,eb9f903e-4cd4-462b-9c0c-0720da83cfc0
917ded0a-1dbe-4743-a0d6-3e445f13a5f0,6e2684b5-dd18-4549-8440-7276b577d2b5,,b20927d7-c6e6-4e68-843c-32f7456ac90d,0a2cb6bb-2d78-4609-9e12-88a3bd1a156d,b4be3c8c-9e4c-4fd9-8ec0-c38105a72eeb,2026-05-14T12:48:17.714689,Custom Deal - Diamond Edge,26663.58,2026-06-19T05:28:53.714703,58f39eeb-75cb-4ef4-96ba-4a30c22a7a1e,2025-08-17T17:21:02.714689,8b51f21b-0da9-4139-8f04-0ef4187ce705
8e726b7c-1217-4959-a96f-202d50e36e75,6e2684b5-dd18-4549-8440-7276b577d2b5,ba684ac3-a234-4cc0-8568-94b21dbf1920,,0a2cb6bb-2d78-4609-9e12-88a3bd1a156d,f6af3622-a08b-4544-a16d-18d42ff4a4e1,2026-08-02T04:07:35.714713,Enterprise Deal - Silver Stream,286895.95,2027-01-11T19:30:37.714728,f26bd177-029d-4863-993c-dfebe5004897,2026-04-11T21:14:56.714713,1f599b2d-4c19-4c7e-91e2-f8655b60b03d
ffb44454-6c56-4580-9a6a-aebce6216a18,6e2684b5-dd18-4549-8440-7276b577d2b5,c22afb86-fd2b-4eef-a784-fb35640209b6,c83edafb-e5db-4270-b570-ec0938c7f6fa,0a2cb6bb-2d78-4609-9e12-88a3bd1a156d,3b0450ca-ca27-4031-9d06-d861b7c72f4d,2026-07-24T07:37:57.714738,Enterprise Deal - Apex Health,85118.38,2027-01-30T20:45:27.714758,71030eb2-1621-4863-8e2d-b6184abb7f32,2026-04-18T10:33:26.714738,f26bd177-029d-4863-993c-dfebe5004897
fa3fb96e-5a90-4e3a-95d6-7d6bd95be1a6,6e2684b5-dd18-4549-8440-7276b577d2b5,3f01b4af-177b-456f-b85d-4c6c9326b29f,,0a2cb6bb-2d78-4609-9e12-88a3bd1a156d,de013863-499a-430c-b921-70dec8e7b1df,2026-03-13T21:25:46.714768,Enterprise Deal - IronClad Security,376651.47,2026-10-30T06:57:20.714787,f26bd177-029d-4863-993c-dfebe5004897,2026-01-19T08:01:29.714768,8e8f6232-b5f8-466d-98c1-6a9d8090c3eb
dd30b18c-a3f7-404a-91e5-5599a81cf08e,6e2684b5-dd18-4549-8440-7276b577d2b5,,92c5a9dc-80d5-4bd6-a4ec-834bb24943b9,0a2cb6bb-2d78-4609-9e12-88a3bd1a156d,fa64e2f3-9838-41be-851f-5088b4e907f3,2026-03-27T05:09:08.714800,Enterprise Deal - Forge Industries,369977.69,2026-05-05T09:01:46.714816,7675c849-0f1f-4fa3-923c-f392ea4a2f35,2026-02-24T07:07:04.714800,8e8f6232-b5f8-466d-98c1-6a9d8090c3eb
b90fbd04-cd1b-4ba6-a0d7-e347673a931f,6e2684b5-dd18-4549-8440-7276b577d2b5,,ad9a280d-fbd8-480c-aa40-8b5cb910a46d,0a2cb6bb-2d78-4609-9e12-88a3bd1a156d,3b0450ca-ca27-4031-9d06-d861b7c72f4d,2026-07-12T17:31:15.714826,Premium Deal - Pulse Digital,272910.57,2026-08-18T03:59:09.714841,63c904bb-37e1-42e9-b828-03d273915302,2026-06-27T20:59:03.714826,876017f1-7629-48e0-9ce9-20b44276c7d6
e6ce2913-88ce-438c-a626-ff423237bd43,6e2684b5-dd18-4549-8440-7276b577d2b5,0d828a42-be66-4843-8557-277ab8041cb8,ad9a280d-fbd8-480c-aa40-8b5cb910a46d,0a2cb6bb-2d78-4609-9e12-88a3bd1a156d,b4be3c8c-9e4c-4fd9-8ec0-c38105a72eeb,2026-08-03T17:59:54.714851,Premium Deal - Amber Industries,415371.58,2026-05-10T14:42:24.714867,f26bd177-029d-4863-993c-dfebe5004897,2026-06-27T03:28:04.714851,63c904bb-37e1-42e9-b828-03d273915302
2e556756-7139-48bf-80ef-8b7dbdb05d24,6e2684b5-dd18-4549-8440-7276b577d2b5,,1d0f3655-e497-49d1-89f7-b64a85018ff5,0a2cb6bb-2d78-4609-9e12-88a3bd1a156d,de013863-499a-430c-b921-70dec8e7b1df,2026-01-13T22:14:14.714876,Growth Deal - Platinum Partners,27098.97,2026-11-09T02:58:11.714891,63c904bb-37e1-42e9-b828-03d273915302,2025-09-30T19:22:54.714876,9d990953-1d48-4691-9104-88f3d84dc63c
b76a8ce0-ad6d-4ac3-9b38-dee59710bb22,6e2684b5-dd18-4549-8440-7276b577d2b5,,ad2b76ac-b99f-40cf-a31b-a835b13eb618,0a2cb6bb-2d78-4609-9e12-88a3bd1a156d,29da3373-4821-4016-9b03-949711a94d0e,2026-07-15T17:34:02.714900,Growth Deal - Sapphire Tech,45245.88,2026-08-19T11:17:33.714916,6339ef1b-ca56-4fa5-9ddb-36a79ac9d12f,2026-02-16T05:01:57.714900,1f599b2d-4c19-4c7e-91e2-f8655b60b03d
a2ea2bfe-f1c1-4405-96eb-ca69807ac92f,6e2684b5-dd18-4549-8440-7276b577d2b5,,8eeae569-4ee7-4277-8ea9-cab565c5a0aa,0a2cb6bb-2d78-4609-9e12-88a3bd1a156d,f6af3622-a08b-4544-a16d-18d42ff4a4e1,2026-07-06T00:03:01.714925,Enterprise Deal - Pearl Analytics,30271.91,2026-08-07T20:56:26.714940,f26bd177-029d-4863-993c-dfebe5004897,2026-04-22T02:06:10.714925,876017f1-7629-48e0-9ce9-20b44276c7d6
8370cf83-27ec-478b-8202-03c8490cfe7c,6e2684b5-dd18-4549-8440-7276b577d2b5,,,0a2cb6bb-2d78-4609-9e12-88a3bd1a156d,29da3373-4821-4016-9b03-949711a94d0e,2026-05-27T16:28:43.714949,Starter Deal - Topaz Digital,392472.8,2026-08-29T13:05:07.714964,7223e10a-b124-4a7f-a342-f0f59020ba2f,2025-09-17T15:37:45.714949,f26bd177-029d-4863-993c-dfebe5004897
b8af7484-b54c-4aee-992d-95b74f00127a,6e2684b5-dd18-4549-8440-7276b577d2b5,,,0a2cb6bb-2d78-4609-9e12-88a3bd1a156d,3b0450ca-ca27-4031-9d06-d861b7c72f4d,2026-06-19T01:48:37.714973,Enterprise Deal - TechNova Solutions,354674.85,2026-12-01T09:17:27.714988,8e8f6232-b5f8-466d-98c1-6a9d8090c3eb,2026-06-14T22:46:05.714973,d53e375b-e751-4c1c-9dd2-2c198336f144
294f2cd7-7c78-43da-bb94-6492a6c755d9,6e2684b5-dd18-4549-8440-7276b577d2b5,019208a4-3edf-4af3-bd1d-6f6b8a7ce15d,,0a2cb6bb-2d78-4609-9e12-88a3bd1a156d,de013863-499a-430c-b921-70dec8e7b1df,2026-06-06T22:20:40.714998,Premium Deal - Iron Mountain,221505.91,2026-11-22T12:01:30.715013,876017f1-7629-48e0-9ce9-20b44276c7d6,2026-02-14T12:59:23.714998,7675c849-0f1f-4fa3-923c-f392ea4a2f35
2e5a15a0-7786-45ff-963f-c644be97998d,6e2684b5-dd18-4549-8440-7276b577d2b5,,a874c397-8f2b-4d82-b0c3-28dcdbf592fd,0a2cb6bb-2d78-4609-9e12-88a3bd1a156d,b4be3c8c-9e4c-4fd9-8ec0-c38105a72eeb,2026-05-28T01:49:36.715022,Growth Deal - Topaz Digital,257222.22,2026-06-15T06:54:58.715038,876017f1-7629-48e0-9ce9-20b44276c7d6,2026-03-24T08:27:35.715022,8b51f21b-0da9-4139-8f04-0ef4187ce705
c69a7314-3bc7-4df7-b15f-28991c104f4f,6e2684b5-dd18-4549-8440-7276b577d2b5,f38d0d05-9866-45c1-ba98-1ca772248092,,0a2cb6bb-2d78-4609-9e12-88a3bd1a156d,fa64e2f3-9838-41be-851f-5088b4e907f3,2026-02-26T11:06:45.715051,Enterprise Deal - Steel Bridge,8744.9,2026-05-18T07:32:14.715067,eb9f903e-4cd4-462b-9c0c-0720da83cfc0,2025-09-23T21:32:19.715051,58f39eeb-75cb-4ef4-96ba-4a30c22a7a1e
f06ef7e5-cd29-437d-b1d8-7213eaea1661,6e2684b5-dd18-4549-8440-7276b577d2b5,,25ddab4f-17af-4a60-8271-5e51c32a0af7,0a2cb6bb-2d78-4609-9e12-88a3bd1a156d,b4be3c8c-9e4c-4fd9-8ec0-c38105a72eeb,2026-08-05T06:45:32.715077,Premium Deal - Prism Technologies,125729.9,2026-07-21T00:25:18.715092,13f891f6-02c5-48a2-bb4f-65f664be06a0,2026-07-18T23:16:42.715077,876017f1-7629-48e0-9ce9-20b44276c7d6
de3954cc-0d56-4827-a337-382a0a5d2199,6e2684b5-dd18-4549-8440-7276b577d2b5,32aa6c54-2ccb-4977-8313-08d78102b9ea,,0a2cb6bb-2d78-4609-9e12-88a3bd1a156d,de013863-499a-430c-b921-70dec8e7b1df,2026-08-06T19:22:27.715101,Starter Deal - Fusion Analytics,261071.79,2027-01-02T22:36:20.715116,6339ef1b-ca56-4fa5-9ddb-36a79ac9d12f,2026-07-29T07:09:53.715101,58f39eeb-75cb-4ef4-96ba-4a30c22a7a1e
d8003801-a480-49b3-9a78-d06fa90150b0,6e2684b5-dd18-4549-8440-7276b577d2b5,ae7890af-041a-46ef-b51d-5fec55b5e0ff,35ee847f-9c60-4ff4-9f34-24394f27738f,0a2cb6bb-2d78-4609-9e12-88a3bd1a156d,f6af3622-a08b-4544-a16d-18d42ff4a4e1,2026-07-04T00:54:05.715127,Premium Deal - Pearl Analytics,217539.64,2026-12-28T14:35:06.715146,876017f1-7629-48e0-9ce9-20b44276c7d6,2026-04-03T03:32:12.715127,f26bd177-029d-4863-993c-dfebe5004897
5d8d8c93-6988-4e7c-b670-64124fbc87df,6e2684b5-dd18-4549-8440-7276b577d2b5,c5194109-d59f-4507-9688-484088e92125,329cab31-162d-4e40-83a9-f861fac28431,0a2cb6bb-2d78-4609-9e12-88a3bd1a156d,fa64e2f3-9838-41be-851f-5088b4e907f3,2026-06-11T19:17:52.715157,Growth Deal - Pulse Digital,422787.37,2026-07-03T04:15:05.715172,13f891f6-02c5-48a2-bb4f-65f664be06a0,2026-04-15T08:00:07.715157,7675c849-0f1f-4fa3-923c-f392ea4a2f35
00ad61d2-1fff-44de-bdea-768dc36a9f92,6e2684b5-dd18-4549-8440-7276b577d2b5,44730ee4-df96-4ed7-bd92-181a2523345b,,0a2cb6bb-2d78-4609-9e12-88a3bd1a156d,3b0450ca-ca27-4031-9d06-d861b7c72f4d,2026-04-07T16:59:33.715181,Custom Deal - Zenith Partners,386762.38,2026-11-03T21:26:52.715197,1f599b2d-4c19-4c7e-91e2-f8655b60b03d,2025-10-27T14:54:18.715181,876017f1-7629-48e0-9ce9-20b44276c7d6
824d9d0b-561b-44a4-a79a-2d10e78f49f8,6e2684b5-dd18-4549-8440-7276b577d2b5,49d8af3d-09b5-4113-969f-aeb90ae688c5,2fe5e7c3-546c-4ffa-89d8-46ed4a55a754,0a2cb6bb-2d78-4609-9e12-88a3bd1a156d,3b0450ca-ca27-4031-9d06-d861b7c72f4d,2026-07-15T18:47:08.715207,Starter Deal - Onyx Data,71147.43,2026-11-10T20:05:18.715222,f26bd177-029d-4863-993c-dfebe5004897,2026-05-16T18:01:31.715207,63c904bb-37e1-42e9-b828-03d273915302
962e4fd1-70b3-4748-807f-e0bc7ddad3f5,6e2684b5-dd18-4549-8440-7276b577d2b5,9ed3fa82-8b86-48e4-8ca3-e4c6cb661b64,fc3dec84-f9c1-4ec3-afd7-af1165b46afe,0a2cb6bb-2d78-4609-9e12-88a3bd1a156d,b4be3c8c-9e4c-4fd9-8ec0-c38105a72eeb,2026-07-19T14:29:21.715233,Enterprise Deal - Apex Health,121373.71,2026-07-07T14:46:25.715248,7675c849-0f1f-4fa3-923c-f392ea4a2f35,2026-02-04T21:22:05.715233,d53e375b-e751-4c1c-9dd2-2c198336f144
25bd1bdd-00a8-47d5-acdb-44b07748cd86,6e2684b5-dd18-4549-8440-7276b577d2b5,,,0a2cb6bb-2d78-4609-9e12-88a3bd1a156d,b4be3c8c-9e4c-4fd9-8ec0-c38105a72eeb,2026-07-24T19:40:25.715257,Enterprise Deal - Golden Ratio,119313.97,2026-07-06T18:42:41.715271,6339ef1b-ca56-4fa5-9ddb-36a79ac9d12f,2026-07-19T21:35:16.715257,eb9f903e-4cd4-462b-9c0c-0720da83cfc0
032b14be-596d-42fb-8d27-92d715da544b,6e2684b5-dd18-4549-8440-7276b577d2b5,,,0a2cb6bb-2d78-4609-9e12-88a3bd1a156d,3b0450ca-ca27-4031-9d06-d861b7c72f4d,2025-10-24T21:27:42.715280,Premium Deal - TechNova Solutions,315668.5,2026-08-23T21:50:02.715295,8e8f6232-b5f8-466d-98c1-6a9d8090c3eb,2025-09-23T04:02:38.715280,6339ef1b-ca56-4fa5-9ddb-36a79ac9d12f
677947da-8864-4fca-a236-e466581f1d7a,6e2684b5-dd18-4549-8440-7276b577d2b5,66a7eaf5-ac4b-4a6a-9522-b4d0c4347d5a,a253dd8a-967f-44e8-b564-3bd597d3206d,0a2cb6bb-2d78-4609-9e12-88a3bd1a156d,f6af3622-a08b-4544-a16d-18d42ff4a4e1,2026-06-24T05:54:42.715310,Enterprise Deal - Topaz Digital,155367.31,2027-01-09T11:16:47.715325,d53e375b-e751-4c1c-9dd2-2c198336f144,2026-02-22T06:03:13.715310,d53e375b-e751-4c1c-9dd2-2c198336f144
4d23e4ef-ff22-4843-ba04-77ba8d148996,6e2684b5-dd18-4549-8440-7276b577d2b5,fe9246fc-b2a1-4ad1-9c3c-b32012a3259d,848a1845-563a-442e-81af-56cf082e899a,0a2cb6bb-2d78-4609-9e12-88a3bd1a156d,de013863-499a-430c-b921-70dec8e7b1df,2026-08-06T06:04:55.715335,Enterprise Deal - SilverLine Corp,437706.54,2026-12-29T14:34:47.715350,876017f1-7629-48e0-9ce9-20b44276c7d6,2026-03-10T20:09:59.715335,1f599b2d-4c19-4c7e-91e2-f8655b60b03d
1a92fa7d-948a-4c5b-870f-705147d4d457,6e2684b5-dd18-4549-8440-7276b577d2b5,33b6d19f-6f5f-49ea-a8a1-8b0196b87bfc,,0a2cb6bb-2d78-4609-9e12-88a3bd1a156d,fa64e2f3-9838-41be-851f-5088b4e907f3,2026-01-04T19:04:01.715360,Premium Deal - Pearl Analytics,266926.56,2026-07-18T12:46:05.715375,d53e375b-e751-4c1c-9dd2-2c198336f144,2025-11-25T22:48:49.715360,d53e375b-e751-4c1c-9dd2-2c198336f144
3bee26ea-6cc7-40fc-8720-e9525ea5a5e2,6e2684b5-dd18-4549-8440-7276b577d2b5,26cffe00-0933-4865-9060-0413d90c10e4,54e27a40-2f7e-4e86-9dd3-16846665f101,0a2cb6bb-2d78-4609-9e12-88a3bd1a156d,3b0450ca-ca27-4031-9d06-d861b7c72f4d,2026-05-13T04:54:16.715385,Enterprise Deal - Pulse Digital,443418.47,2026-12-14T07:33:26.715400,7223e10a-b124-4a7f-a342-f0f59020ba2f,2025-12-16T08:48:21.715385,876017f1-7629-48e0-9ce9-20b44276c7d6
a8a53a70-228a-4428-abe5-4d7b9ed18f9d,6e2684b5-dd18-4549-8440-7276b577d2b5,,,0a2cb6bb-2d78-4609-9e12-88a3bd1a156d,f6af3622-a08b-4544-a16d-18d42ff4a4e1,2025-11-28T11:25:14.715409,Enterprise Deal - Fusion Analytics,228998.52,2026-09-03T12:09:39.715428,876017f1-7629-48e0-9ce9-20b44276c7d6,2025-09-15T21:53:20.715409,63c904bb-37e1-42e9-b828-03d273915302
2963bcbe-bb3a-4a44-838b-f226090e6084,6e2684b5-dd18-4549-8440-7276b577d2b5,e3989ca8-0638-4617-812c-d91438b3986d,,0a2cb6bb-2d78-4609-9e12-88a3bd1a156d,3b0450ca-ca27-4031-9d06-d861b7c72f4d,2026-07-03T17:08:55.715438,Custom Deal - BrightStar Inc,161375.0,2027-01-22T06:28:25.715490,8b51f21b-0da9-4139-8f04-0ef4187ce705,2026-02-15T04:42:10.715438,876017f1-7629-48e0-9ce9-20b44276c7d6
5371d2e5-31e8-454d-8115-e99afc6ca966,6e2684b5-dd18-4549-8440-7276b577d2b5,5a71ae74-46d8-4345-b2b5-c5015ff8257a,,0a2cb6bb-2d78-4609-9e12-88a3bd1a156d,29da3373-4821-4016-9b03-949711a94d0e,2026-01-11T21:55:01.715514,Growth Deal - Forge Industries,298765.07,2027-01-10T22:18:18.715546,7675c849-0f1f-4fa3-923c-f392ea4a2f35,2025-11-11T06:21:39.715514,7223e10a-b124-4a7f-a342-f0f59020ba2f
077bc758-df70-4f9e-bc08-31ab2c2ba389,6e2684b5-dd18-4549-8440-7276b577d2b5,6101f825-742c-4d46-b80a-485a526f2b77,,0a2cb6bb-2d78-4609-9e12-88a3bd1a156d,b4be3c8c-9e4c-4fd9-8ec0-c38105a72eeb,2026-07-04T10:06:25.715573,Starter Deal - CloudPeak Analytics,33007.37,2026-05-30T22:23:03.715595,1f599b2d-4c19-4c7e-91e2-f8655b60b03d,2025-11-19T03:28:54.715573,7223e10a-b124-4a7f-a342-f0f59020ba2f
16ac6da6-955c-4598-bb7f-223c1ade3ab3,6e2684b5-dd18-4549-8440-7276b577d2b5,,,0a2cb6bb-2d78-4609-9e12-88a3bd1a156d,f6af3622-a08b-4544-a16d-18d42ff4a4e1,2026-04-25T06:58:16.715605,Custom Deal - RedRock Ventures,62940.7,2027-01-06T22:19:58.715621,7223e10a-b124-4a7f-a342-f0f59020ba2f,2026-04-20T22:02:52.715605,8e8f6232-b5f8-466d-98c1-6a9d8090c3eb
28c66521-ddb5-4c67-98a8-f185b6a69cd4,6e2684b5-dd18-4549-8440-7276b577d2b5,8a3c9285-a759-431c-b0ba-39ec5b449033,f98d4b47-761c-47b0-b962-fa7f8e102ad0,0a2cb6bb-2d78-4609-9e12-88a3bd1a156d,29da3373-4821-4016-9b03-949711a94d0e,2026-07-27T06:28:15.715632,Growth Deal - DataFlow Systems,159778.3,2026-12-12T14:35:59.715654,eb9f903e-4cd4-462b-9c0c-0720da83cfc0,2026-07-01T00:45:01.715632,71030eb2-1621-4863-8e2d-b6184abb7f32
bb38fb31-677e-414f-8296-8b7b455c27f9,6e2684b5-dd18-4549-8440-7276b577d2b5,b5ecbcc6-cbc7-4287-bf77-1b264d3a2425,54e27a40-2f7e-4e86-9dd3-16846665f101,0a2cb6bb-2d78-4609-9e12-88a3bd1a156d,fa64e2f3-9838-41be-851f-5088b4e907f3,2026-08-01T15:15:13.715669,Growth Deal - Sapphire Tech,183107.56,2026-06-29T16:31:52.715686,876017f1-7629-48e0-9ce9-20b44276c7d6,2026-04-27T10:46:29.715669,1f599b2d-4c19-4c7e-91e2-f8655b60b03d
aaf04c48-2bd4-48f3-aa20-8a76eeefbc7e,6e2684b5-dd18-4549-8440-7276b577d2b5,ddbeface-b7bb-464d-a99c-cc8f0e137d29,3000df05-cf42-468a-bbf7-323afb9bc7c9,0a2cb6bb-2d78-4609-9e12-88a3bd1a156d,b4be3c8c-9e4c-4fd9-8ec0-c38105a72eeb,2026-04-01T16:52:24.715696,Starter Deal - TechNova Solutions,451861.81,2026-05-25T01:36:53.715716,f26bd177-029d-4863-993c-dfebe5004897,2026-03-21T07:32:51.715696,63c904bb-37e1-42e9-b828-03d273915302
926aeaff-0b4d-454d-8d7c-e125a15e4e80,6e2684b5-dd18-4549-8440-7276b577d2b5,d8157ee8-64f7-403a-9525-94ce0ee1d986,be729519-e553-48ad-b650-10a2f88022f3,0a2cb6bb-2d78-4609-9e12-88a3bd1a156d,b4be3c8c-9e4c-4fd9-8ec0-c38105a72eeb,2026-06-30T19:10:57.715727,Growth Deal - Sapphire Tech,441820.06,2026-06-05T09:44:02.715743,d53e375b-e751-4c1c-9dd2-2c198336f144,2025-12-14T16:52:04.715727,71030eb2-1621-4863-8e2d-b6184abb7f32
1a7c1cfe-a209-427b-be8c-b5656784c60f,6e2684b5-dd18-4549-8440-7276b577d2b5,,ca545988-1974-4eb1-98ce-c324f98a0224,0a2cb6bb-2d78-4609-9e12-88a3bd1a156d,29da3373-4821-4016-9b03-949711a94d0e,2025-12-01T20:07:13.715799,Enterprise Deal - ClearView Corp,278156.03,2026-10-13T23:27:02.715835,6339ef1b-ca56-4fa5-9ddb-36a79ac9d12f,2025-11-02T16:27:15.715799,58f39eeb-75cb-4ef4-96ba-4a30c22a7a1e
4964cffd-2605-492c-abea-c7b95c6e5213,6e2684b5-dd18-4549-8440-7276b577d2b5,2aa66afd-35e8-4cb1-8725-e29c7a8855eb,,0a2cb6bb-2d78-4609-9e12-88a3bd1a156d,29da3373-4821-4016-9b03-949711a94d0e,2026-06-11T22:56:06.715847,Enterprise Deal - Prism Technologies,236775.05,2026-11-20T09:53:22.715865,8e8f6232-b5f8-466d-98c1-6a9d8090c3eb,2025-12-14T16:49:17.715847,8e8f6232-b5f8-466d-98c1-6a9d8090c3eb
c5fa0670-b4db-4047-a8e4-7641e4fb0dca,6e2684b5-dd18-4549-8440-7276b577d2b5,,acb072b8-736c-4479-b469-55ece4bba04e,0a2cb6bb-2d78-4609-9e12-88a3bd1a156d,f6af3622-a08b-4544-a16d-18d42ff4a4e1,2026-07-26T15:50:08.715875,Premium Deal - Topaz Digital,245965.9,2026-12-08T20:11:18.715891,13f891f6-02c5-48a2-bb4f-65f664be06a0,2025-09-24T11:09:51.715875,f26bd177-029d-4863-993c-dfebe5004897
e03be648-2923-40e3-82d5-57291ff89fe1,6e2684b5-dd18-4549-8440-7276b577d2b5,,a257e698-df61-4100-873b-9e83b19c00e4,0a2cb6bb-2d78-4609-9e12-88a3bd1a156d,b4be3c8c-9e4c-4fd9-8ec0-c38105a72eeb,2026-07-08T00:37:55.715901,Custom Deal - Iron Mountain,255714.71,2026-05-30T00:17:35.715916,7223e10a-b124-4a7f-a342-f0f59020ba2f,2025-08-11T23:05:27.715901,8b51f21b-0da9-4139-8f04-0ef4187ce705
bfd2b4e3-eee5-4c92-a619-36311bdb34db,6e2684b5-dd18-4549-8440-7276b577d2b5,c699719b-01b2-4688-b0c5-1529e2c29c9d,dfe00094-a810-463d-b052-5528c1c1f6b3,0a2cb6bb-2d78-4609-9e12-88a3bd1a156d,3b0450ca-ca27-4031-9d06-d861b7c72f4d,2026-06-03T05:29:44.715927,Starter Deal - BlueShift Labs,20247.66,2026-09-27T02:45:37.715942,f26bd177-029d-4863-993c-dfebe5004897,2026-05-23T15:07:19.715927,9d990953-1d48-4691-9104-88f3d84dc63c
505fdcba-81c9-46c3-9a36-7c5874f65b8a,6e2684b5-dd18-4549-8440-7276b577d2b5,484ecd16-6381-4846-923b-c5476e2085ac,35ee847f-9c60-4ff4-9f34-24394f27738f,0a2cb6bb-2d78-4609-9e12-88a3bd1a156d,de013863-499a-430c-b921-70dec8e7b1df,2025-11-01T00:20:37.715953,Starter Deal - Horizon Media,156094.04,2027-01-24T17:02:28.715969,7675c849-0f1f-4fa3-923c-f392ea4a2f35,2025-09-14T16:11:23.715953,63c904bb-37e1-42e9-b828-03d273915302
f4f7455f-2165-4f67-b5c6-81ef1433de75,6e2684b5-dd18-4549-8440-7276b577d2b5,cf46c5ca-3e5e-4188-b06c-19b5d979a157,,0a2cb6bb-2d78-4609-9e12-88a3bd1a156d,b4be3c8c-9e4c-4fd9-8ec0-c38105a72eeb,2026-07-31T20:53:50.715979,Starter Deal - Summit Analytics,473824.39,2026-07-21T23:53:18.715994,1f599b2d-4c19-4c7e-91e2-f8655b60b03d,2026-06-11T00:53:42.715979,8e8f6232-b5f8-466d-98c1-6a9d8090c3eb
2618e1f8-2b8b-4657-ae59-9a5120959b1a,6e2684b5-dd18-4549-8440-7276b577d2b5,d1f5acb8-32b5-49d2-ba9e-96919f8ad744,684f48af-e1f1-4e74-860e-56023d095675,0a2cb6bb-2d78-4609-9e12-88a3bd1a156d,3b0450ca-ca27-4031-9d06-d861b7c72f4d,2026-05-15T10:23:11.716030,Enterprise Deal - DataFlow Systems,180528.65,2026-10-23T20:05:36.716067,6339ef1b-ca56-4fa5-9ddb-36a79ac9d12f,2025-08-27T01:11:21.716030,63c904bb-37e1-42e9-b828-03d273915302
a76bbbc7-a9ce-43d2-911d-e917420b861b,6e2684b5-dd18-4549-8440-7276b577d2b5,7672a2c2-606a-45f2-b5a7-4b94d5288ca2,1e59dac1-2342-4a01-9f7d-22d90e539b01,0a2cb6bb-2d78-4609-9e12-88a3bd1a156d,fa64e2f3-9838-41be-851f-5088b4e907f3,2026-04-24T11:50:39.716102,Premium Deal - Platinum Partners,358133.78,2026-07-21T14:08:01.716129,58f39eeb-75cb-4ef4-96ba-4a30c22a7a1e,2025-10-18T03:06:17.716102,1f599b2d-4c19-4c7e-91e2-f8655b60b03d
7b379f70-937b-4c47-900d-cd8bfc7ad750,6e2684b5-dd18-4549-8440-7276b577d2b5,78e121b5-2542-4160-a84a-010afd0a36ab,,0a2cb6bb-2d78-4609-9e12-88a3bd1a156d,de013863-499a-430c-b921-70dec8e7b1df,2026-07-25T13:16:19.716145,Premium Deal - Bronze Gate,165968.55,2026-10-21T20:40:04.716169,8e8f6232-b5f8-466d-98c1-6a9d8090c3eb,2026-04-29T02:29:02.716145,1f599b2d-4c19-4c7e-91e2-f8655b60b03d
a680fa62-bd23-4a99-b66c-fe9f02b7b7d4,6e2684b5-dd18-4549-8440-7276b577d2b5,d35d183f-071c-4de9-a61c-e0bcf892e5de,b9c93874-2c07-4e86-acaa-8f57a1a5157d,0a2cb6bb-2d78-4609-9e12-88a3bd1a156d,b4be3c8c-9e4c-4fd9-8ec0-c38105a72eeb,2026-05-20T03:04:59.716184,Premium Deal - Prism Technologies,342417.75,2026-05-13T19:31:03.716212,13f891f6-02c5-48a2-bb4f-65f664be06a0,2025-11-23T02:52:40.716184,d53e375b-e751-4c1c-9dd2-2c198336f144
c1631e48-13ee-4df9-8bb0-6b0737d29d77,6e2684b5-dd18-4549-8440-7276b577d2b5,97357b92-bf0f-4d2a-80e0-cf5480ade071,be729519-e553-48ad-b650-10a2f88022f3,0a2cb6bb-2d78-4609-9e12-88a3bd1a156d,de013863-499a-430c-b921-70dec8e7b1df,2026-02-16T02:33:56.716228,Premium Deal - Summit Analytics,198892.02,2026-09-13T00:39:34.716251,13f891f6-02c5-48a2-bb4f-65f664be06a0,2026-01-03T06:35:09.716228,f26bd177-029d-4863-993c-dfebe5004897
10a01534-c532-4513-a29b-3c405635d21c,6e2684b5-dd18-4549-8440-7276b577d2b5,,,0a2cb6bb-2d78-4609-9e12-88a3bd1a156d,b4be3c8c-9e4c-4fd9-8ec0-c38105a72eeb,2026-06-20T20:45:11.716265,Enterprise Deal - Velocity Labs,192472.78,2026-05-29T19:01:05.716286,d53e375b-e751-4c1c-9dd2-2c198336f144,2026-02-08T22:38:48.716265,eb9f903e-4cd4-462b-9c0c-0720da83cfc0
a4bf5acd-b5e4-4ad6-8e43-49b2ffb71961,6e2684b5-dd18-4549-8440-7276b577d2b5,7c0983b6-74de-43c7-bd97-63e687c57b98,,0a2cb6bb-2d78-4609-9e12-88a3bd1a156d,de013863-499a-430c-b921-70dec8e7b1df,2026-03-17T19:48:49.716301,Premium Deal - Apex Innovations,67279.28,2027-02-02T23:56:30.716330,71030eb2-1621-4863-8e2d-b6184abb7f32,2025-09-18T16:19:37.716301,f26bd177-029d-4863-993c-dfebe5004897
ffd4f1a5-0819-4c57-99c7-de5bb5985b7c,6e2684b5-dd18-4549-8440-7276b577d2b5,01604d90-7883-4bca-874e-56b0ebe801ba,71e778bb-2da7-4ae4-8f5e-fca13ddceeab,0a2cb6bb-2d78-4609-9e12-88a3bd1a156d,29da3373-4821-4016-9b03-949711a94d0e,2026-08-05T12:08:22.716346,Custom Deal - GreenField Capital,363633.56,2026-11-29T22:20:14.716369,9d990953-1d48-4691-9104-88f3d84dc63c,2026-07-13T18:51:35.716346,13f891f6-02c5-48a2-bb4f-65f664be06a0
6efd7158-8dbe-40af-8ace-7c069e0de935,6e2684b5-dd18-4549-8440-7276b577d2b5,c6a01788-b893-4c27-98ee-a42f91fe1685,e0b92913-5a14-44a2-9a62-8b07fa229d72,0a2cb6bb-2d78-4609-9e12-88a3bd1a156d,f6af3622-a08b-4544-a16d-18d42ff4a4e1,2026-03-03T10:11:36.716384,Premium Deal - Horizon Media,238063.46,2026-12-03T16:29:19.716406,9d990953-1d48-4691-9104-88f3d84dc63c,2026-02-01T04:12:27.716384,1f599b2d-4c19-4c7e-91e2-f8655b60b03d
b28bfd7a-31df-4c91-8346-9642541d0459,6e2684b5-dd18-4549-8440-7276b577d2b5,6339f8d6-e5bf-49fa-b07b-cf99f4cffcef,,0a2cb6bb-2d78-4609-9e12-88a3bd1a156d,3b0450ca-ca27-4031-9d06-d861b7c72f4d,2026-04-18T00:39:02.716421,Growth Deal - Vanguard Systems,249970.03,2026-11-20T19:05:24.716442,13f891f6-02c5-48a2-bb4f-65f664be06a0,2025-09-15T07:04:15.716421,9d990953-1d48-4691-9104-88f3d84dc63c
1543b87f-2188-4a5b-b20a-13fb6d0f6244,6e2684b5-dd18-4549-8440-7276b577d2b5,981099c2-a586-4e45-a241-ed28dddace0c,c4462773-4d88-46ab-95d6-5f1ebeecd42c,0a2cb6bb-2d78-4609-9e12-88a3bd1a156d,de013863-499a-430c-b921-70dec8e7b1df,2025-12-14T04:06:39.716466,Enterprise Deal - SwiftScale,157475.26,2027-01-24T17:02:05.716488,7675c849-0f1f-4fa3-923c-f392ea4a2f35,2025-10-14T03:35:22.716466,d53e375b-e751-4c1c-9dd2-2c198336f144
0ff46726-4c12-41bf-a8e3-a2b06307d5b2,6e2684b5-dd18-4549-8440-7276b577d2b5,c0ac1814-749d-4383-a8f3-b39743d0b895,,0a2cb6bb-2d78-4609-9e12-88a3bd1a156d,b4be3c8c-9e4c-4fd9-8ec0-c38105a72eeb,2026-07-21T18:34:37.716502,Enterprise Deal - Cobalt Systems,281934.53,2026-06-12T05:56:51.716524,13f891f6-02c5-48a2-bb4f-65f664be06a0,2026-06-04T08:31:29.716502,8b51f21b-0da9-4139-8f04-0ef4187ce705
fd9794c2-84f2-470d-8b33-1a08c1322994,6e2684b5-dd18-4549-8440-7276b577d2b5,75e1a081-4889-4b37-9236-9312e6b6286c,0cabe014-7693-496f-88b7-a9c351cb352d,0a2cb6bb-2d78-4609-9e12-88a3bd1a156d,f6af3622-a08b-4544-a16d-18d42ff4a4e1,2026-04-03T02:54:24.716539,Premium Deal - Diamond Edge,474188.2,2026-09-28T15:41:21.716567,13f891f6-02c5-48a2-bb4f-65f664be06a0,2026-01-23T14:52:05.716539,8e8f6232-b5f8-466d-98c1-6a9d8090c3eb
fa396393-b6a8-45be-9e84-c0e24f62ae14,6e2684b5-dd18-4549-8440-7276b577d2b5,ff54475d-d901-4241-b84f-c8b8be9d83f5,c83edafb-e5db-4270-b570-ec0938c7f6fa,0a2cb6bb-2d78-4609-9e12-88a3bd1a156d,de013863-499a-430c-b921-70dec8e7b1df,2026-04-14T10:13:49.716582,Enterprise Deal - Titan Industries,37198.68,2026-09-09T07:48:06.716605,f26bd177-029d-4863-993c-dfebe5004897,2026-02-05T06:49:04.716582,58f39eeb-75cb-4ef4-96ba-4a30c22a7a1e
fd91ca40-5530-4a9a-9a6f-43eb6e42c371,6e2684b5-dd18-4549-8440-7276b577d2b5,,ad2b76ac-b99f-40cf-a31b-a835b13eb618,0a2cb6bb-2d78-4609-9e12-88a3bd1a156d,de013863-499a-430c-b921-70dec8e7b1df,2026-07-31T08:39:53.716620,Starter Deal - CloudPeak Analytics,67223.05,2027-01-08T21:48:05.716650,63c904bb-37e1-42e9-b828-03d273915302,2026-07-15T04:28:18.716620,f26bd177-029d-4863-993c-dfebe5004897
cd2b5382-119d-49dc-8846-4ed517dd825c,6e2684b5-dd18-4549-8440-7276b577d2b5,f00e0f62-859d-4511-b6c0-d84aa412aa00,6fb72bb6-da33-4927-be47-c2599602d780,0a2cb6bb-2d78-4609-9e12-88a3bd1a156d,de013863-499a-430c-b921-70dec8e7b1df,2026-02-12T18:27:22.716676,Starter Deal - Crystal Clear,380955.73,2026-12-10T17:18:19.716702,876017f1-7629-48e0-9ce9-20b44276c7d6,2026-01-05T04:59:00.716676,f26bd177-029d-4863-993c-dfebe5004897
5a7dc290-49c5-4a23-a354-b0b33ab4d5cc,6e2684b5-dd18-4549-8440-7276b577d2b5,50c0de55-2d51-495e-931f-a0ad2f27e849,57e081b1-29e0-44d4-aa34-b18b1c8ca753,0a2cb6bb-2d78-4609-9e12-88a3bd1a156d,b4be3c8c-9e4c-4fd9-8ec0-c38105a72eeb,2026-07-14T00:55:15.716723,Custom Deal - Pearl Analytics,186602.89,2026-05-18T15:45:09.716753,6339ef1b-ca56-4fa5-9ddb-36a79ac9d12f,2026-04-25T16:33:58.716723,6339ef1b-ca56-4fa5-9ddb-36a79ac9d12f
ba005acf-db13-4503-884b-0c05ab1ad616,6e2684b5-dd18-4549-8440-7276b577d2b5,64871839-624e-43f6-b360-1a4f4786be8f,,0a2cb6bb-2d78-4609-9e12-88a3bd1a156d,de013863-499a-430c-b921-70dec8e7b1df,2026-08-01T04:14:41.716774,Growth Deal - RedRock Ventures,473852.54,2026-09-07T10:22:29.716810,63c904bb-37e1-42e9-b828-03d273915302,2026-07-29T05:59:00.716774,1f599b2d-4c19-4c7e-91e2-f8655b60b03d
e20ef05a-5344-4f45-bbf6-7b6567dc93da,6e2684b5-dd18-4549-8440-7276b577d2b5,e3c480bc-2b75-48ac-8f6d-b5b32f798162,,0a2cb6bb-2d78-4609-9e12-88a3bd1a156d,fa64e2f3-9838-41be-851f-5088b4e907f3,2026-07-31T20:48:41.716835,Enterprise Deal - Crystal Clear,92448.49,2026-07-15T22:14:26.716875,13f891f6-02c5-48a2-bb4f-65f664be06a0,2026-07-04T18:18:04.716835,63c904bb-37e1-42e9-b828-03d273915302
78c6fc00-03bd-4319-8659-b62a28d4e874,6e2684b5-dd18-4549-8440-7276b577d2b5,,f3a76e83-0a6d-49fe-968b-dffeae388cab,0a2cb6bb-2d78-4609-9e12-88a3bd1a156d,b4be3c8c-9e4c-4fd9-8ec0-c38105a72eeb,2026-07-10T13:45:36.716897,Growth Deal - TechNova Solutions,152933.09,2026-05-06T05:43:11.716926,71030eb2-1621-4863-8e2d-b6184abb7f32,2026-06-06T14:23:10.716897,d53e375b-e751-4c1c-9dd2-2c198336f144
74549336-ae71-455e-9419-96455bdacd51,6e2684b5-dd18-4549-8440-7276b577d2b5,504c6da1-af3e-4950-a09e-a57073b42b83,,0a2cb6bb-2d78-4609-9e12-88a3bd1a156d,29da3373-4821-4016-9b03-949711a94d0e,2026-01-24T16:41:28.716953,Starter Deal - Pulse Digital,293785.23,2026-12-10T19:03:22.716981,1f599b2d-4c19-4c7e-91e2-f8655b60b03d,2026-01-10T12:20:29.716953,9d990953-1d48-4691-9104-88f3d84dc63c
0a7b351e-ed29-4755-9539-86686e206b53,6e2684b5-dd18-4549-8440-7276b577d2b5,9a9d93c0-c3f6-4091-a3a3-93c1e4ce4868,,0a2cb6bb-2d78-4609-9e12-88a3bd1a156d,fa64e2f3-9838-41be-851f-5088b4e907f3,2025-12-04T01:07:52.717000,Premium Deal - Cobalt Systems,147349.43,2026-04-22T07:38:09.717040,58f39eeb-75cb-4ef4-96ba-4a30c22a7a1e,2025-10-25T04:56:45.717000,8e8f6232-b5f8-466d-98c1-6a9d8090c3eb
608ed113-921e-41a1-99e6-b8753bac64a6,6e2684b5-dd18-4549-8440-7276b577d2b5,2edd2b5c-e906-41d1-b6dc-f4d91441fe0c,,0a2cb6bb-2d78-4609-9e12-88a3bd1a156d,f6af3622-a08b-4544-a16d-18d42ff4a4e1,2026-04-13T15:22:54.717058,Premium Deal - Amber Industries,342111.76,2026-12-08T20:46:22.717092,7675c849-0f1f-4fa3-923c-f392ea4a2f35,2026-03-04T00:57:54.717058,13f891f6-02c5-48a2-bb4f-65f664be06a0
b3ca317c-0e78-4891-a0b7-39b08d2e852e,6e2684b5-dd18-4549-8440-7276b577d2b5,591db831-5e0d-4361-aba8-0c5aaebe0c13,72ca8fdb-e86e-42e4-8393-b92185669c77,0a2cb6bb-2d78-4609-9e12-88a3bd1a156d,f6af3622-a08b-4544-a16d-18d42ff4a4e1,2026-08-04T05:59:24.717104,Growth Deal - Summit Analytics,365794.51,2026-10-25T17:20:09.717120,d53e375b-e751-4c1c-9dd2-2c198336f144,2026-08-02T08:38:12.717104,71030eb2-1621-4863-8e2d-b6184abb7f32
30146416-ee10-44c9-8d39-de12c3c86219,6e2684b5-dd18-4549-8440-7276b577d2b5,,,0a2cb6bb-2d78-4609-9e12-88a3bd1a156d,f6af3622-a08b-4544-a16d-18d42ff4a4e1,2026-08-02T07:18:50.717130,Starter Deal - Ruby Software,50610.12,2026-12-13T11:09:53.717150,9d990953-1d48-4691-9104-88f3d84dc63c,2026-05-04T00:37:08.717130,7223e10a-b124-4a7f-a342-f0f59020ba2f
63f00509-4672-46eb-9b90-89af8753cb3a,6e2684b5-dd18-4549-8440-7276b577d2b5,fbf8028e-bfa6-4056-a5dd-13a4b51893a9,,0a2cb6bb-2d78-4609-9e12-88a3bd1a156d,3b0450ca-ca27-4031-9d06-d861b7c72f4d,2026-01-28T02:40:55.717161,Growth Deal - Apex Innovations,179193.95,2027-01-08T17:44:56.717177,7223e10a-b124-4a7f-a342-f0f59020ba2f,2025-09-29T19:00:28.717161,7675c849-0f1f-4fa3-923c-f392ea4a2f35
e7a8aec0-4b99-4561-88d6-6e346c2be509,6e2684b5-dd18-4549-8440-7276b577d2b5,,,0a2cb6bb-2d78-4609-9e12-88a3bd1a156d,b4be3c8c-9e4c-4fd9-8ec0-c38105a72eeb,2026-05-04T16:13:52.717187,Starter Deal - Fusion Analytics,188856.69,2026-07-29T08:49:44.717203,8b51f21b-0da9-4139-8f04-0ef4187ce705,2025-11-15T13:55:20.717187,9d990953-1d48-4691-9104-88f3d84dc63c
bbf275a7-9910-4b9c-8633-bd1239bfb068,6e2684b5-dd18-4549-8440-7276b577d2b5,,,0a2cb6bb-2d78-4609-9e12-88a3bd1a156d,f6af3622-a08b-4544-a16d-18d42ff4a4e1,2026-01-05T07:14:55.717213,Enterprise Deal - DataFlow Systems,106067.03,2027-01-17T22:55:53.717229,eb9f903e-4cd4-462b-9c0c-0720da83cfc0,2025-12-09T16:19:04.717213,58f39eeb-75cb-4ef4-96ba-4a30c22a7a1e
22334bd3-0cf6-4594-bc9e-d8277a83c072,6e2684b5-dd18-4549-8440-7276b577d2b5,,,0a2cb6bb-2d78-4609-9e12-88a3bd1a156d,b4be3c8c-9e4c-4fd9-8ec0-c38105a72eeb,2026-03-20T18:17:33.717239,Growth Deal - Ember Labs,425611.03,2026-07-19T14:08:09.717258,9d990953-1d48-4691-9104-88f3d84dc63c,2026-01-13T03:43:05.717239,d53e375b-e751-4c1c-9dd2-2c198336f144
6dc22764-97e3-469f-b5cb-72f4a10fda90,6e2684b5-dd18-4549-8440-7276b577d2b5,9cfa4716-877f-4592-80c4-4d99201fa510,,0a2cb6bb-2d78-4609-9e12-88a3bd1a156d,29da3373-4821-4016-9b03-949711a94d0e,2026-07-29T02:08:32.717269,Premium Deal - Catalyst Group,105025.96,2026-11-05T13:01:26.717285,f26bd177-029d-4863-993c-dfebe5004897,2026-07-28T21:27:25.717269,876017f1-7629-48e0-9ce9-20b44276c7d6
6f0f0872-9861-49f5-a433-0c5e7d642ff4,6e2684b5-dd18-4549-8440-7276b577d2b5,2e340d4c-5bfe-405d-ad77-a2f9a53a30b0,848a1845-563a-442e-81af-56cf082e899a,0a2cb6bb-2d78-4609-9e12-88a3bd1a156d,3b0450ca-ca27-4031-9d06-d861b7c72f4d,2026-08-03T14:37:14.717299,Premium Deal - Platinum Partners,215563.22,2027-01-14T02:05:42.717316,876017f1-7629-48e0-9ce9-20b44276c7d6,2026-05-13T15:46:57.717299,eb9f903e-4cd4-462b-9c0c-0720da83cfc0
d6592f82-0886-469a-acc4-717c982d0d56,6e2684b5-dd18-4549-8440-7276b577d2b5,,505377a0-7f5d-4cad-aa63-cf6dc70ea780,0a2cb6bb-2d78-4609-9e12-88a3bd1a156d,f6af3622-a08b-4544-a16d-18d42ff4a4e1,2026-06-02T04:07:30.717326,Starter Deal - Topaz Digital,20155.69,2026-09-23T09:42:22.717342,8e8f6232-b5f8-466d-98c1-6a9d8090c3eb,2026-02-28T20:53:33.717326,876017f1-7629-48e0-9ce9-20b44276c7d6
45f89163-8ff8-4b71-ac7d-6219e1e478bd,6e2684b5-dd18-4549-8440-7276b577d2b5,f134984d-511f-427d-ab2a-dcf0c1a03d7e,ce0d981f-b498-4143-a9ce-a2bd998c9f91,0a2cb6bb-2d78-4609-9e12-88a3bd1a156d,fa64e2f3-9838-41be-851f-5088b4e907f3,2026-07-21T02:05:23.717353,Premium Deal - EverGreen Solutions,163852.71,2026-05-04T03:14:16.717369,7675c849-0f1f-4fa3-923c-f392ea4a2f35,2026-05-06T12:45:16.717353,7223e10a-b124-4a7f-a342-f0f59020ba2f
ff127f63-094a-4ce2-a163-decaba396a7c,6e2684b5-dd18-4549-8440-7276b577d2b5,,,0a2cb6bb-2d78-4609-9e12-88a3bd1a156d,b4be3c8c-9e4c-4fd9-8ec0-c38105a72eeb,2026-03-05T21:57:56.717378,Enterprise Deal - Onyx Data,105642.83,2026-05-05T10:26:27.717394,f26bd177-029d-4863-993c-dfebe5004897,2026-01-20T15:33:46.717378,1f599b2d-4c19-4c7e-91e2-f8655b60b03d
c17f666f-45cc-4ca9-ab83-80f66fad4fed,6e2684b5-dd18-4549-8440-7276b577d2b5,80556794-b6fc-4346-acb3-c334777c0401,,0a2cb6bb-2d78-4609-9e12-88a3bd1a156d,f6af3622-a08b-4544-a16d-18d42ff4a4e1,2026-04-27T23:19:41.717404,Premium Deal - Prism Technologies,173142.17,2027-01-27T22:38:13.717419,13f891f6-02c5-48a2-bb4f-65f664be06a0,2026-04-11T07:31:22.717404,f26bd177-029d-4863-993c-dfebe5004897
e2a2c509-4bff-4e1d-9e3b-a9bc12ce65b4,6e2684b5-dd18-4549-8440-7276b577d2b5,7641e4ab-8fbe-429f-84ce-7b93be56639a,a9397761-7398-4c34-85aa-258fa16cc9db,0a2cb6bb-2d78-4609-9e12-88a3bd1a156d,de013863-499a-430c-b921-70dec8e7b1df,2026-05-22T05:01:02.717429,Custom Deal - SilverLine Corp,291539.21,2026-10-17T07:23:25.717445,13f891f6-02c5-48a2-bb4f-65f664be06a0,2026-03-22T23:58:11.717429,f26bd177-029d-4863-993c-dfebe5004897
ba3fdcc1-37e3-458c-bb69-04d941e02dab,6e2684b5-dd18-4549-8440-7276b577d2b5,,1785b2a6-f8f1-44bc-a2e0-410d4846811e,0a2cb6bb-2d78-4609-9e12-88a3bd1a156d,de013863-499a-430c-b921-70dec8e7b1df,2026-04-30T04:23:31.717455,Growth Deal - Topaz Digital,4755.32,2026-11-19T21:11:16.717471,63c904bb-37e1-42e9-b828-03d273915302,2025-09-18T19:43:50.717455,7675c849-0f1f-4fa3-923c-f392ea4a2f35
b1972594-97fb-4e28-9193-a8f8dc8eabd2,6e2684b5-dd18-4549-8440-7276b577d2b5,2fef3738-e8d3-4be7-bc08-87528b89b9cd,,0a2cb6bb-2d78-4609-9e12-88a3bd1a156d,f6af3622-a08b-4544-a16d-18d42ff4a4e1,2026-07-24T23:20:31.717481,Growth Deal - Silver Stream,343112.18,2026-11-07T20:59:58.717497,7223e10a-b124-4a7f-a342-f0f59020ba2f,2026-03-20T21:24:19.717481,6339ef1b-ca56-4fa5-9ddb-36a79ac9d12f
8040acc5-9297-4da5-9e4b-3d4b832f8684,6e2684b5-dd18-4549-8440-7276b577d2b5,,,0a2cb6bb-2d78-4609-9e12-88a3bd1a156d,fa64e2f3-9838-41be-851f-5088b4e907f3,2026-02-17T13:58:40.717507,Enterprise Deal - Steel Bridge,378668.74,2026-08-01T15:17:11.717522,7223e10a-b124-4a7f-a342-f0f59020ba2f,2025-09-11T02:51:42.717507,8e8f6232-b5f8-466d-98c1-6a9d8090c3eb
9990ae83-5521-4da1-8dde-786dda3d8e48,6e2684b5-dd18-4549-8440-7276b577d2b5,,9b2b8c0d-6a2e-4ea7-8b07-d16f67790856,0a2cb6bb-2d78-4609-9e12-88a3bd1a156d,29da3373-4821-4016-9b03-949711a94d0e,2026-05-17T19:42:38.717532,Starter Deal - Apex Innovations,314984.2,2027-01-14T03:11:51.717548,9d990953-1d48-4691-9104-88f3d84dc63c,2025-11-04T04:43:58.717532,8b51f21b-0da9-4139-8f04-0ef4187ce705
b8c5ac77-91eb-421f-bbf4-c4ccd60bfad0,6e2684b5-dd18-4549-8440-7276b577d2b5,,,0a2cb6bb-2d78-4609-9e12-88a3bd1a156d,b4be3c8c-9e4c-4fd9-8ec0-c38105a72eeb,2026-07-10T07:25:05.717562,Premium Deal - Summit Analytics,411589.29,2026-07-17T23:18:26.717577,f26bd177-029d-4863-993c-dfebe5004897,2026-04-21T00:02:48.717562,1f599b2d-4c19-4c7e-91e2-f8655b60b03d
125c289a-51a3-4c15-a6d7-c7ae0840e964,6e2684b5-dd18-4549-8440-7276b577d2b5,7c88a0fc-6941-4554-a077-f5bdcd9ca418,,0a2cb6bb-2d78-4609-9e12-88a3bd1a156d,fa64e2f3-9838-41be-851f-5088b4e907f3,2026-07-27T18:25:05.717587,Enterprise Deal - SilverLine Corp,168188.68,2026-05-23T22:00:53.717602,6339ef1b-ca56-4fa5-9ddb-36a79ac9d12f,2026-04-19T06:22:19.717587,6339ef1b-ca56-4fa5-9ddb-36a79ac9d12f
34e2e1f4-8ca7-4b82-9150-3976fe62d9e1,6e2684b5-dd18-4549-8440-7276b577d2b5,44b37f92-a833-4249-b46d-3024f67f09ab,dea72029-1ba1-4b5d-9e6d-592951f4bc65,0a2cb6bb-2d78-4609-9e12-88a3bd1a156d,f6af3622-a08b-4544-a16d-18d42ff4a4e1,2026-01-06T10:34:53.717617,Enterprise Deal - Steel Bridge,309532.77,2026-09-29T15:41:36.717633,6339ef1b-ca56-4fa5-9ddb-36a79ac9d12f,2025-08-11T06:53:37.717617,876017f1-7629-48e0-9ce9-20b44276c7d6
48206c60-dbff-4b20-8348-f0fcb3615675,6e2684b5-dd18-4549-8440-7276b577d2b5,019e67a2-c2f5-4d2f-ba7d-ecfa6c122a9e,2fe5e7c3-546c-4ffa-89d8-46ed4a55a754,0a2cb6bb-2d78-4609-9e12-88a3bd1a156d,de013863-499a-430c-b921-70dec8e7b1df,2026-07-31T05:38:33.717650,Custom Deal - BlueShift Labs,384414.71,2026-10-29T20:15:47.717667,d53e375b-e751-4c1c-9dd2-2c198336f144,2026-06-09T22:56:38.717650,d53e375b-e751-4c1c-9dd2-2c198336f144
29de27ec-7fa9-4807-a495-5e7a233906be,6e2684b5-dd18-4549-8440-7276b577d2b5,,,0a2cb6bb-2d78-4609-9e12-88a3bd1a156d,f6af3622-a08b-4544-a16d-18d42ff4a4e1,2026-07-24T11:08:51.717676,Custom Deal - CloudPeak Analytics,205617.36,2026-12-06T16:00:50.717691,71030eb2-1621-4863-8e2d-b6184abb7f32,2025-11-19T20:10:25.717676,f26bd177-029d-4863-993c-dfebe5004897
2c4f3338-22a7-468a-8f24-48599d0416de,6e2684b5-dd18-4549-8440-7276b577d2b5,a44c1693-363f-4c5f-84ab-d43b2358f7fb,,0a2cb6bb-2d78-4609-9e12-88a3bd1a156d,f6af3622-a08b-4544-a16d-18d42ff4a4e1,2026-01-25T22:04:16.717701,Premium Deal - Sterling Finance,315989.53,2026-11-06T13:47:41.717718,9d990953-1d48-4691-9104-88f3d84dc63c,2025-10-06T10:36:10.717701,876017f1-7629-48e0-9ce9-20b44276c7d6
a051239a-368a-4a60-9d98-7e921f4dd3bf,6e2684b5-dd18-4549-8440-7276b577d2b5,c3f717d2-14b5-41c9-a73e-3f9c64da1351,,0a2cb6bb-2d78-4609-9e12-88a3bd1a156d,3b0450ca-ca27-4031-9d06-d861b7c72f4d,2026-06-07T20:36:13.717728,Starter Deal - Zenith Partners,444016.75,2026-12-10T10:09:31.717744,7223e10a-b124-4a7f-a342-f0f59020ba2f,2026-02-02T12:28:42.717728,58f39eeb-75cb-4ef4-96ba-4a30c22a7a1e
221683cf-345a-497d-9fe6-8e58b4158bbe,6e2684b5-dd18-4549-8440-7276b577d2b5,795f72db-4269-471e-8b33-95c2cec3e8e4,54e27a40-2f7e-4e86-9dd3-16846665f101,0a2cb6bb-2d78-4609-9e12-88a3bd1a156d,fa64e2f3-9838-41be-851f-5088b4e907f3,2026-08-02T02:23:09.717755,Enterprise Deal - Golden Ratio,412576.57,2026-08-04T06:29:29.717771,9d990953-1d48-4691-9104-88f3d84dc63c,2026-05-17T04:10:24.717755,71030eb2-1621-4863-8e2d-b6184abb7f32
c206ea89-fe97-49fd-9d4a-fb95330a7f1b,6e2684b5-dd18-4549-8440-7276b577d2b5,bc9c86fd-5590-424c-81ad-22848812484e,5f4e3e20-eddb-4f9f-b39d-2f53e9c7c7a0,0a2cb6bb-2d78-4609-9e12-88a3bd1a156d,3b0450ca-ca27-4031-9d06-d861b7c72f4d,2026-08-04T19:32:28.717782,Enterprise Deal - Atlas Computing,108983.36,2026-11-06T09:16:46.717798,71030eb2-1621-4863-8e2d-b6184abb7f32,2026-08-01T14:49:23.717782,876017f1-7629-48e0-9ce9-20b44276c7d6
00ab3a71-da9e-4b2d-a60c-b26b38f33b2b,6e2684b5-dd18-4549-8440-7276b577d2b5,,c5327e38-2eff-4745-bcf6-ecad20945f45,0a2cb6bb-2d78-4609-9e12-88a3bd1a156d,b4be3c8c-9e4c-4fd9-8ec0-c38105a72eeb,2026-07-28T23:36:20.717808,Enterprise Deal - NovaTech Solutions,232956.98,2026-06-05T05:49:20.717824,71030eb2-1621-4863-8e2d-b6184abb7f32,2026-07-14T11:55:42.717808,d53e375b-e751-4c1c-9dd2-2c198336f144
fb36beaa-dcb3-440a-acbe-a0936321f78f,6e2684b5-dd18-4549-8440-7276b577d2b5,f3f76376-b0fe-4008-ae82-93d0648345fa,761b19ac-ba7b-4c51-9962-76627ebf2a68,0a2cb6bb-2d78-4609-9e12-88a3bd1a156d,de013863-499a-430c-b921-70dec8e7b1df,2026-01-26T21:05:54.717839,Premium Deal - Steel Bridge,264943.53,2026-09-23T03:43:59.717855,58f39eeb-75cb-4ef4-96ba-4a30c22a7a1e,2025-12-09T15:33:19.717839,63c904bb-37e1-42e9-b828-03d273915302
599fbd33-46b1-4406-9ff3-6d133cedf5b3,6e2684b5-dd18-4549-8440-7276b577d2b5,,,0a2cb6bb-2d78-4609-9e12-88a3bd1a156d,de013863-499a-430c-b921-70dec8e7b1df,2026-07-10T05:57:05.717864,Premium Deal - Quantum Dynamics,117881.79,2026-12-24T09:24:29.717884,7223e10a-b124-4a7f-a342-f0f59020ba2f,2026-06-19T11:07:47.717864,6339ef1b-ca56-4fa5-9ddb-36a79ac9d12f
e20f220a-a774-4b86-bcae-d6710273efc2,6e2684b5-dd18-4549-8440-7276b577d2b5,ad8f7d36-ba14-46ea-a9ca-4b0a4b87418d,,0a2cb6bb-2d78-4609-9e12-88a3bd1a156d,f6af3622-a08b-4544-a16d-18d42ff4a4e1,2026-01-09T00:41:03.717894,Starter Deal - Iron Mountain,420859.47,2026-09-11T07:04:56.717910,8b51f21b-0da9-4139-8f04-0ef4187ce705,2025-10-19T23:05:02.717894,63c904bb-37e1-42e9-b828-03d273915302
8212e5ce-84c9-48a1-9e66-c41dbb3dee9d,6e2684b5-dd18-4549-8440-7276b577d2b5,,1e0bef27-abae-4ac0-b406-9504780a15af,0a2cb6bb-2d78-4609-9e12-88a3bd1a156d,f6af3622-a08b-4544-a16d-18d42ff4a4e1,2026-04-08T12:52:45.717920,Premium Deal - Ember Labs,142142.2,2026-11-13T16:09:17.717935,13f891f6-02c5-48a2-bb4f-65f664be06a0,2026-03-31T19:06:37.717920,eb9f903e-4cd4-462b-9c0c-0720da83cfc0
050bb4d2-f026-4d16-ba04-3aaeb1097e9a,6e2684b5-dd18-4549-8440-7276b577d2b5,01efdb68-29bd-4124-88bf-5904d64cddf4,,0a2cb6bb-2d78-4609-9e12-88a3bd1a156d,29da3373-4821-4016-9b03-949711a94d0e,2026-07-23T05:19:15.717946,Premium Deal - NexGen Software,329616.29,2026-09-26T10:26:55.717962,876017f1-7629-48e0-9ce9-20b44276c7d6,2026-06-07T13:58:34.717946,d53e375b-e751-4c1c-9dd2-2c198336f144
f42cdbd8-f24b-43e2-8ef1-b48b3f4b697b,6e2684b5-dd18-4549-8440-7276b577d2b5,,b20927d7-c6e6-4e68-843c-32f7456ac90d,0a2cb6bb-2d78-4609-9e12-88a3bd1a156d,f6af3622-a08b-4544-a16d-18d42ff4a4e1,2026-07-13T06:46:24.717972,Enterprise Deal - Onyx Data,441123.06,2026-11-12T19:05:58.717987,63c904bb-37e1-42e9-b828-03d273915302,2026-06-14T06:37:05.717972,7223e10a-b124-4a7f-a342-f0f59020ba2f
7e7630a4-138b-4ad3-8434-0777bd20a7f8,6e2684b5-dd18-4549-8440-7276b577d2b5,a2c90f29-85ab-4cff-8d6d-6570dfa205c0,,0a2cb6bb-2d78-4609-9e12-88a3bd1a156d,29da3373-4821-4016-9b03-949711a94d0e,2026-06-10T14:48:06.718002,Growth Deal - Pearl Analytics,430623.81,2026-08-13T17:40:49.718017,6339ef1b-ca56-4fa5-9ddb-36a79ac9d12f,2026-05-22T17:03:10.718002,71030eb2-1621-4863-8e2d-b6184abb7f32
992b7068-0c4a-41b8-b6ce-3d21f86306bd,6e2684b5-dd18-4549-8440-7276b577d2b5,3e561875-1dec-4d69-af6e-f0a361421d5c,,0a2cb6bb-2d78-4609-9e12-88a3bd1a156d,de013863-499a-430c-b921-70dec8e7b1df,2026-03-17T08:00:33.718027,Growth Deal - Sterling Finance,155114.67,2027-02-04T10:55:24.718047,13f891f6-02c5-48a2-bb4f-65f664be06a0,2026-03-03T08:37:09.718027,13f891f6-02c5-48a2-bb4f-65f664be06a0
bf4e565a-0496-4d5c-ab75-75212c5463d4,6e2684b5-dd18-4549-8440-7276b577d2b5,0d04f339-b244-4336-b60f-b00831d6f557,b4fb2118-94f0-4d1f-85d8-ffaa945069dc,0a2cb6bb-2d78-4609-9e12-88a3bd1a156d,29da3373-4821-4016-9b03-949711a94d0e,2026-07-28T08:15:44.718059,Custom Deal - Prism Technologies,379011.13,2026-12-19T17:54:53.718075,7675c849-0f1f-4fa3-923c-f392ea4a2f35,2026-07-06T16:57:08.718059,58f39eeb-75cb-4ef4-96ba-4a30c22a7a1e
4e5718ec-f312-4c46-8b2c-2d099dd03aac,6e2684b5-dd18-4549-8440-7276b577d2b5,,a9397761-7398-4c34-85aa-258fa16cc9db,0a2cb6bb-2d78-4609-9e12-88a3bd1a156d,29da3373-4821-4016-9b03-949711a94d0e,2026-07-31T19:14:20.718085,Enterprise Deal - Ember Labs,203220.26,2026-10-03T15:19:04.718100,8b51f21b-0da9-4139-8f04-0ef4187ce705,2026-03-10T12:29:47.718085,1f599b2d-4c19-4c7e-91e2-f8655b60b03d
4f59aad7-a9c2-498f-bd1f-08391e57e36b,6e2684b5-dd18-4549-8440-7276b577d2b5,,6bf1f439-07e8-4f86-856f-2d5f0ac28d6c,0a2cb6bb-2d78-4609-9e12-88a3bd1a156d,3b0450ca-ca27-4031-9d06-d861b7c72f4d,2026-06-01T11:29:16.718113,Growth Deal - Golden Ratio,322392.78,2027-02-03T05:15:54.718129,13f891f6-02c5-48a2-bb4f-65f664be06a0,2026-04-27T20:44:01.718113,eb9f903e-4cd4-462b-9c0c-0720da83cfc0
e0e3f05a-c81e-4504-89d0-e4523b93b55d,6e2684b5-dd18-4549-8440-7276b577d2b5,,79d80a07-d056-4f71-bdf2-f1aacd322184,0a2cb6bb-2d78-4609-9e12-88a3bd1a156d,de013863-499a-430c-b921-70dec8e7b1df,2026-06-17T13:12:15.718140,Premium Deal - Velocity Labs,287634.02,2026-09-12T22:54:29.718155,13f891f6-02c5-48a2-bb4f-65f664be06a0,2026-01-21T11:22:22.718140,71030eb2-1621-4863-8e2d-b6184abb7f32
4c3b4562-78b3-4966-9098-3329f8ab8ab5,6e2684b5-dd18-4549-8440-7276b577d2b5,,348fb924-00ad-4daa-b665-13e5836e2f29,0a2cb6bb-2d78-4609-9e12-88a3bd1a156d,de013863-499a-430c-b921-70dec8e7b1df,2026-06-11T23:02:40.718165,Enterprise Deal - Silver Stream,266367.95,2026-09-17T23:54:01.718180,1f599b2d-4c19-4c7e-91e2-f8655b60b03d,2026-04-22T08:29:05.718165,eb9f903e-4cd4-462b-9c0c-0720da83cfc0
6511219b-ef42-40f4-9592-855bfb39922b,6e2684b5-dd18-4549-8440-7276b577d2b5,d6c8e8ca-0c5c-4fd7-a073-5edb8d56117c,497e49ac-a5cc-4f23-a4d5-2e65403e2f74,0a2cb6bb-2d78-4609-9e12-88a3bd1a156d,fa64e2f3-9838-41be-851f-5088b4e907f3,2026-04-15T20:52:02.718190,Custom Deal - Topaz Digital,466611.49,2026-06-05T04:49:19.718237,f26bd177-029d-4863-993c-dfebe5004897,2026-01-20T02:31:34.718190,d53e375b-e751-4c1c-9dd2-2c198336f144
3dc486c5-0d2f-4e8e-843f-f562781ee7af,6e2684b5-dd18-4549-8440-7276b577d2b5,1e651b31-ade5-4303-a7f7-182dc551b352,de4edcae-9b07-49d0-aa0a-2fe6914adee8,0a2cb6bb-2d78-4609-9e12-88a3bd1a156d,f6af3622-a08b-4544-a16d-18d42ff4a4e1,2026-06-24T17:18:55.718264,Enterprise Deal - DataFlow Systems,282137.16,2026-10-20T12:06:38.718309,63c904bb-37e1-42e9-b828-03d273915302,2026-06-03T03:03:43.718264,9d990953-1d48-4691-9104-88f3d84dc63c
ef0c3e86-f358-4253-b26f-bfd6818cc9d9,6e2684b5-dd18-4549-8440-7276b577d2b5,8cf9c701-3f19-4386-97d7-1ee78e186f2a,,0a2cb6bb-2d78-4609-9e12-88a3bd1a156d,3b0450ca-ca27-4031-9d06-d861b7c72f4d,2025-10-11T14:01:58.718341,Custom Deal - NovaTech Solutions,433649.42,2026-11-22T17:32:01.718373,eb9f903e-4cd4-462b-9c0c-0720da83cfc0,2025-08-17T05:33:17.718341,58f39eeb-75cb-4ef4-96ba-4a30c22a7a1e
c3f7adf7-cb9e-4a2f-aa88-3be9983fc6f0,6e2684b5-dd18-4549-8440-7276b577d2b5,ec4a3112-c13c-4896-bc85-4cc77430128f,ce0d981f-b498-4143-a9ce-a2bd998c9f91,0a2cb6bb-2d78-4609-9e12-88a3bd1a156d,f6af3622-a08b-4544-a16d-18d42ff4a4e1,2026-08-07T06:34:29.718385,Premium Deal - Crystal Clear,86468.32,2026-08-19T13:29:57.718402,8e8f6232-b5f8-466d-98c1-6a9d8090c3eb,2026-08-07T06:34:29.718385,eb9f903e-4cd4-462b-9c0c-0720da83cfc0
7e0614a9-a0d9-45e4-afcc-af81ff66d39c,6e2684b5-dd18-4549-8440-7276b577d2b5,8a3c9285-a759-431c-b0ba-39ec5b449033,,0a2cb6bb-2d78-4609-9e12-88a3bd1a156d,de013863-499a-430c-b921-70dec8e7b1df,2026-04-29T04:02:47.718413,Enterprise Deal - Jade Consulting,342591.96,2026-11-13T11:16:17.718454,eb9f903e-4cd4-462b-9c0c-0720da83cfc0,2026-04-24T14:33:34.718413,58f39eeb-75cb-4ef4-96ba-4a30c22a7a1e
9956b4ad-db8f-4144-92bf-a6791d1885c9,6e2684b5-dd18-4549-8440-7276b577d2b5,8a2eb9be-ad40-4d69-9768-1651a94861a9,f218fcd8-b014-4c25-91f3-e5b590c5bc92,0a2cb6bb-2d78-4609-9e12-88a3bd1a156d,fa64e2f3-9838-41be-851f-5088b4e907f3,2026-07-25T04:01:16.718472,Growth Deal - Coral Health,220419.44,2026-07-20T13:02:46.718500,1f599b2d-4c19-4c7e-91e2-f8655b60b03d,2025-12-06T06:25:06.718472,eb9f903e-4cd4-462b-9c0c-0720da83cfc0
4ff4d407-f3b3-407e-a2e2-f2a8bd998ecd,6e2684b5-dd18-4549-8440-7276b577d2b5,,6a505888-9ce9-42a9-86a2-413b37e0de7d,0a2cb6bb-2d78-4609-9e12-88a3bd1a156d,fa64e2f3-9838-41be-851f-5088b4e907f3,2026-05-14T15:56:48.718514,Growth Deal - Apex Innovations,231682.01,2026-05-07T12:02:37.718545,63c904bb-37e1-42e9-b828-03d273915302,2026-03-02T15:45:07.718514,7675c849-0f1f-4fa3-923c-f392ea4a2f35
0773d206-9fe0-4c2e-bda4-1567a466bcee,6e2684b5-dd18-4549-8440-7276b577d2b5,8c13d3fd-498e-4e8b-8d14-69fc2c0b7c4f,e0067dbf-639c-4915-9f31-ca031e51f230,0a2cb6bb-2d78-4609-9e12-88a3bd1a156d,f6af3622-a08b-4544-a16d-18d42ff4a4e1,2026-02-25T00:10:38.718571,Starter Deal - Onyx Data,231942.1,2026-12-15T19:21:56.718599,1f599b2d-4c19-4c7e-91e2-f8655b60b03d,2025-09-06T19:44:32.718571,63c904bb-37e1-42e9-b828-03d273915302
516570e9-b136-46fb-b7da-0e9acade6594,6e2684b5-dd18-4549-8440-7276b577d2b5,52a0fc89-c990-4488-869a-0857e1fca99e,,0a2cb6bb-2d78-4609-9e12-88a3bd1a156d,b4be3c8c-9e4c-4fd9-8ec0-c38105a72eeb,2026-08-02T04:37:27.718616,Starter Deal - Apex Innovations,304982.37,2026-06-28T04:38:15.718675,58f39eeb-75cb-4ef4-96ba-4a30c22a7a1e,2026-07-18T17:57:56.718616,13f891f6-02c5-48a2-bb4f-65f664be06a0
09249d2c-abe2-4497-bb5e-30ce9b75060e,6e2684b5-dd18-4549-8440-7276b577d2b5,2ea3e0ac-873e-4c9e-9335-127d58f82cfc,a253dd8a-967f-44e8-b564-3bd597d3206d,0a2cb6bb-2d78-4609-9e12-88a3bd1a156d,b4be3c8c-9e4c-4fd9-8ec0-c38105a72eeb,2026-02-16T09:45:04.718697,Starter Deal - Sapphire Tech,321578.92,2026-05-05T17:41:44.718728,58f39eeb-75cb-4ef4-96ba-4a30c22a7a1e,2025-10-21T18:44:47.718697,8e8f6232-b5f8-466d-98c1-6a9d8090c3eb
8e912570-0639-427b-b3c0-90bdc0378f38,6e2684b5-dd18-4549-8440-7276b577d2b5,,,0a2cb6bb-2d78-4609-9e12-88a3bd1a156d,b4be3c8c-9e4c-4fd9-8ec0-c38105a72eeb,2026-05-08T18:28:22.718745,Growth Deal - Iron Mountain,429443.45,2026-07-02T05:38:45.718770,eb9f903e-4cd4-462b-9c0c-0720da83cfc0,2025-12-05T15:37:08.718745,6339ef1b-ca56-4fa5-9ddb-36a79ac9d12f
61274843-ebe8-413e-bcc9-1e2b237d4ac1,6e2684b5-dd18-4549-8440-7276b577d2b5,1f7d0e53-6d7d-4473-9026-12bbcfd50e7b,,0a2cb6bb-2d78-4609-9e12-88a3bd1a156d,3b0450ca-ca27-4031-9d06-d861b7c72f4d,2026-05-15T22:27:03.718788,Premium Deal - Crystal Corp,66522.01,2026-11-17T18:23:13.718815,876017f1-7629-48e0-9ce9-20b44276c7d6,2025-08-12T15:46:45.718788,6339ef1b-ca56-4fa5-9ddb-36a79ac9d12f
221ebda3-94f8-4fbd-b819-612683eeeb8c,6e2684b5-dd18-4549-8440-7276b577d2b5,85edb55c-fb53-400b-8411-7969254ed96a,,0a2cb6bb-2d78-4609-9e12-88a3bd1a156d,de013863-499a-430c-b921-70dec8e7b1df,2026-06-16T02:36:06.718832,Premium Deal - Sterling Finance,301882.46,2026-10-17T17:33:08.718859,876017f1-7629-48e0-9ce9-20b44276c7d6,2026-01-17T10:10:23.718832,71030eb2-1621-4863-8e2d-b6184abb7f32
7f1a9165-edfe-4514-8344-e1965fe40077,6e2684b5-dd18-4549-8440-7276b577d2b5,8007de5a-c9dd-4ada-95ee-628c558c2ecd,,0a2cb6bb-2d78-4609-9e12-88a3bd1a156d,b4be3c8c-9e4c-4fd9-8ec0-c38105a72eeb,2026-07-14T06:18:35.718877,Growth Deal - NexGen Software,489284.35,2026-05-20T08:28:32.718903,6339ef1b-ca56-4fa5-9ddb-36a79ac9d12f,2026-05-10T01:11:41.718877,f26bd177-029d-4863-993c-dfebe5004897
f40626d4-b6fa-4dac-b1aa-12902404fa05,6e2684b5-dd18-4549-8440-7276b577d2b5,ca0fca1e-933d-4d84-9459-d0a3a84e8ecf,e0067dbf-639c-4915-9f31-ca031e51f230,0a2cb6bb-2d78-4609-9e12-88a3bd1a156d,f6af3622-a08b-4544-a16d-18d42ff4a4e1,2025-12-20T07:43:30.718921,Growth Deal - Catalyst Group,342224.18,2026-10-05T10:27:53.718947,13f891f6-02c5-48a2-bb4f-65f664be06a0,2025-12-12T12:51:55.718921,9d990953-1d48-4691-9104-88f3d84dc63c
29c70690-e1c3-4538-a77b-110e225132a2,6e2684b5-dd18-4549-8440-7276b577d2b5,a41ee142-7779-478e-add3-5939324c290c,,0a2cb6bb-2d78-4609-9e12-88a3bd1a156d,f6af3622-a08b-4544-a16d-18d42ff4a4e1,2026-02-08T05:46:24.718965,Enterprise Deal - Cobalt Systems,221086.67,2027-02-04T21:48:39.718992,876017f1-7629-48e0-9ce9-20b44276c7d6,2025-10-31T10:00:26.718965,8b51f21b-0da9-4139-8f04-0ef4187ce705
8e3c7bac-bb8e-40d6-b5ca-2ae1901e20f8,6e2684b5-dd18-4549-8440-7276b577d2b5,987498d4-d97b-44af-89e6-a99f5ccbb818,,0a2cb6bb-2d78-4609-9e12-88a3bd1a156d,3b0450ca-ca27-4031-9d06-d861b7c72f4d,2026-01-12T23:15:14.719010,Starter Deal - Catalyst Group,338921.42,2026-09-28T01:35:38.719036,1f599b2d-4c19-4c7e-91e2-f8655b60b03d,2025-12-09T16:43:00.719010,6339ef1b-ca56-4fa5-9ddb-36a79ac9d12f
de5da637-db53-4b14-9b45-f094d412e9f1,6e2684b5-dd18-4549-8440-7276b577d2b5,51e1e4da-15c0-4cb2-be56-de9ee9ff99fd,,0a2cb6bb-2d78-4609-9e12-88a3bd1a156d,fa64e2f3-9838-41be-851f-5088b4e907f3,2026-05-06T03:59:35.719061,Premium Deal - Amber Industries,417709.64,2026-05-23T14:13:55.719088,8e8f6232-b5f8-466d-98c1-6a9d8090c3eb,2026-02-16T08:47:20.719061,9d990953-1d48-4691-9104-88f3d84dc63c
aa520831-834c-4922-9e1b-ab3a256ee8c4,6e2684b5-dd18-4549-8440-7276b577d2b5,,,0a2cb6bb-2d78-4609-9e12-88a3bd1a156d,29da3373-4821-4016-9b03-949711a94d0e,2026-03-02T17:16:34.719104,Custom Deal - Fusion Analytics,16978.7,2026-08-23T06:47:56.719129,f26bd177-029d-4863-993c-dfebe5004897,2026-01-14T01:21:06.719104,6339ef1b-ca56-4fa5-9ddb-36a79ac9d12f
b6968e57-2741-42af-a2db-7eaa5fce771d,6e2684b5-dd18-4549-8440-7276b577d2b5,85d752db-a83b-41ab-a0f0-b2b693c6dbd3,e81caa7d-d624-4f61-a640-8ecbd25e6fe0,0a2cb6bb-2d78-4609-9e12-88a3bd1a156d,b4be3c8c-9e4c-4fd9-8ec0-c38105a72eeb,2026-04-21T12:00:06.719147,Enterprise Deal - Golden Ratio,153222.34,2026-05-11T01:27:34.719179,7675c849-0f1f-4fa3-923c-f392ea4a2f35,2026-02-08T16:55:31.719147,9d990953-1d48-4691-9104-88f3d84dc63c
8a0c618a-038f-46bd-9014-8dfcec664ff0,6e2684b5-dd18-4549-8440-7276b577d2b5,73a5ca22-6abc-47aa-9bf0-b59d9a1ab35e,1d0f3655-e497-49d1-89f7-b64a85018ff5,0a2cb6bb-2d78-4609-9e12-88a3bd1a156d,3b0450ca-ca27-4031-9d06-d861b7c72f4d,2026-03-01T23:51:36.719198,Custom Deal - Opal Solutions,104902.33,2026-09-30T18:03:37.719224,58f39eeb-75cb-4ef4-96ba-4a30c22a7a1e,2026-02-24T13:06:27.719198,9d990953-1d48-4691-9104-88f3d84dc63c
119df65a-0399-4547-a793-f655a50a8188,6e2684b5-dd18-4549-8440-7276b577d2b5,019e67a2-c2f5-4d2f-ba7d-ecfa6c122a9e,,0a2cb6bb-2d78-4609-9e12-88a3bd1a156d,3b0450ca-ca27-4031-9d06-d861b7c72f4d,2026-04-11T06:47:11.719242,Starter Deal - Diamond Edge,141657.83,2026-09-01T16:35:21.719268,63c904bb-37e1-42e9-b828-03d273915302,2026-03-03T21:55:34.719242,71030eb2-1621-4863-8e2d-b6184abb7f32
0b98cb62-bd74-4850-8f8b-c0e6962417e9,6e2684b5-dd18-4549-8440-7276b577d2b5,,a85375e1-e6d3-4c09-9f60-72605e2f471b,0a2cb6bb-2d78-4609-9e12-88a3bd1a156d,f6af3622-a08b-4544-a16d-18d42ff4a4e1,2025-12-18T15:02:37.719286,Custom Deal - Sapphire Tech,123006.28,2026-10-09T22:08:37.719313,876017f1-7629-48e0-9ce9-20b44276c7d6,2025-10-15T22:06:06.719286,6339ef1b-ca56-4fa5-9ddb-36a79ac9d12f
d086b9c6-6743-47fe-bad3-1464e579fc2d,6e2684b5-dd18-4549-8440-7276b577d2b5,,bc1008f4-5529-4232-9ece-3d33047da864,0a2cb6bb-2d78-4609-9e12-88a3bd1a156d,3b0450ca-ca27-4031-9d06-d861b7c72f4d,2026-02-04T09:48:22.719330,Enterprise Deal - TechNova Solutions,199631.33,2027-01-07T16:36:59.719355,7675c849-0f1f-4fa3-923c-f392ea4a2f35,2025-09-17T00:38:20.719330,f26bd177-029d-4863-993c-dfebe5004897
faa77012-a2a2-4adf-82e8-4a990d0b633a,6e2684b5-dd18-4549-8440-7276b577d2b5,ddcfaed7-b079-42fc-8ced-08e71a2b2393,684f48af-e1f1-4e74-860e-56023d095675,0a2cb6bb-2d78-4609-9e12-88a3bd1a156d,de013863-499a-430c-b921-70dec8e7b1df,2026-04-28T04:20:57.719374,Custom Deal - Ember Labs,376073.78,2026-08-07T07:44:16.719400,71030eb2-1621-4863-8e2d-b6184abb7f32,2025-12-02T21:59:24.719374,1f599b2d-4c19-4c7e-91e2-f8655b60b03d
9947dcb5-c685-4684-986b-bb71811df046,6e2684b5-dd18-4549-8440-7276b577d2b5,,c11229b1-7955-498e-b57c-bde24fa7b8ca,0a2cb6bb-2d78-4609-9e12-88a3bd1a156d,3b0450ca-ca27-4031-9d06-d861b7c72f4d,2026-06-07T04:50:00.719418,Premium Deal - Iron Mountain,107883.02,2027-01-19T14:45:56.719444,8e8f6232-b5f8-466d-98c1-6a9d8090c3eb,2026-04-11T18:10:14.719418,7675c849-0f1f-4fa3-923c-f392ea4a2f35
3809f720-544d-4649-85d7-92c9ead1afd0,6e2684b5-dd18-4549-8440-7276b577d2b5,4b251d05-b089-4664-9223-c4faae668054,,0a2cb6bb-2d78-4609-9e12-88a3bd1a156d,de013863-499a-430c-b921-70dec8e7b1df,2026-07-26T12:07:55.719459,Starter Deal - BrightStar Inc,218711.57,2027-01-16T02:35:02.719482,71030eb2-1621-4863-8e2d-b6184abb7f32,2025-10-18T23:27:07.719459,58f39eeb-75cb-4ef4-96ba-4a30c22a7a1e
55279fa2-4f34-4c6a-a8ba-1eca0b2efce8,6e2684b5-dd18-4549-8440-7276b577d2b5,22b01e66-5944-470f-b4c9-3a31776042b6,,0a2cb6bb-2d78-4609-9e12-88a3bd1a156d,3b0450ca-ca27-4031-9d06-d861b7c72f4d,2025-10-14T09:48:14.719504,Growth Deal - Apex Health,359164.74,2026-12-08T03:30:13.719530,1f599b2d-4c19-4c7e-91e2-f8655b60b03d,2025-09-23T04:30:06.719504,7223e10a-b124-4a7f-a342-f0f59020ba2f
0594db2a-531d-493d-bde4-1d87c8ad22d6,6e2684b5-dd18-4549-8440-7276b577d2b5,c71df5f6-70de-4372-9bcc-6f013a96f544,,0a2cb6bb-2d78-4609-9e12-88a3bd1a156d,f6af3622-a08b-4544-a16d-18d42ff4a4e1,2026-05-09T22:38:44.719547,Enterprise Deal - Bronze Gate,277520.19,2026-11-04T11:30:29.719575,eb9f903e-4cd4-462b-9c0c-0720da83cfc0,2026-03-19T21:50:46.719547,63c904bb-37e1-42e9-b828-03d273915302
f162b9c0-e465-4a64-a815-8f702c502fd7,6e2684b5-dd18-4549-8440-7276b577d2b5,,,0a2cb6bb-2d78-4609-9e12-88a3bd1a156d,f6af3622-a08b-4544-a16d-18d42ff4a4e1,2026-04-12T20:44:48.719591,Custom Deal - Fusion Analytics,201718.64,2027-01-27T11:42:24.719616,7223e10a-b124-4a7f-a342-f0f59020ba2f,2025-11-24T12:06:20.719591,eb9f903e-4cd4-462b-9c0c-0720da83cfc0
70d6c4b8-6c78-4531-adf2-41cb09d0e6ef,6e2684b5-dd18-4549-8440-7276b577d2b5,,1529f048-a09b-4953-8f31-3363ef1d64b0,0a2cb6bb-2d78-4609-9e12-88a3bd1a156d,3b0450ca-ca27-4031-9d06-d861b7c72f4d,2026-01-26T08:33:42.719633,Premium Deal - Vanguard Systems,469134.2,2027-01-26T10:07:09.719673,d53e375b-e751-4c1c-9dd2-2c198336f144,2025-10-13T08:30:33.719633,58f39eeb-75cb-4ef4-96ba-4a30c22a7a1e
c5ee10f6-33e8-42ed-8715-e7c3b1aa24c1,6e2684b5-dd18-4549-8440-7276b577d2b5,8281445e-50c7-448d-832d-63ddb0135455,,0a2cb6bb-2d78-4609-9e12-88a3bd1a156d,3b0450ca-ca27-4031-9d06-d861b7c72f4d,2026-05-09T00:14:09.719691,Growth Deal - Steel Bridge,372697.4,2026-08-16T07:52:11.719725,876017f1-7629-48e0-9ce9-20b44276c7d6,2026-05-02T07:33:18.719691,63c904bb-37e1-42e9-b828-03d273915302
36dbdfce-9e96-48b7-b810-e4d884b35f19,6e2684b5-dd18-4549-8440-7276b577d2b5,0f21e05b-4fee-4fc5-960e-f36e753d72f2,,0a2cb6bb-2d78-4609-9e12-88a3bd1a156d,b4be3c8c-9e4c-4fd9-8ec0-c38105a72eeb,2026-05-21T04:09:07.719742,Growth Deal - Platinum Partners,169098.16,2026-07-08T20:01:41.719801,1f599b2d-4c19-4c7e-91e2-f8655b60b03d,2025-12-21T22:41:57.719742,8b51f21b-0da9-4139-8f04-0ef4187ce705
b5aee7a3-5eae-4fb6-a5dc-9251b9ddb5ce,6e2684b5-dd18-4549-8440-7276b577d2b5,10a8b301-75c5-42d9-8ef9-ee9dbf315e6e,,0a2cb6bb-2d78-4609-9e12-88a3bd1a156d,b4be3c8c-9e4c-4fd9-8ec0-c38105a72eeb,2026-02-14T09:49:06.719820,Growth Deal - EverGreen Solutions,455717.58,2026-05-19T19:35:45.719848,8b51f21b-0da9-4139-8f04-0ef4187ce705,2025-10-06T14:18:22.719820,7675c849-0f1f-4fa3-923c-f392ea4a2f35
153129ed-e7e0-4201-ad41-5a03d56d2fce,6e2684b5-dd18-4549-8440-7276b577d2b5,,b4fb2118-94f0-4d1f-85d8-ffaa945069dc,0a2cb6bb-2d78-4609-9e12-88a3bd1a156d,f6af3622-a08b-4544-a16d-18d42ff4a4e1,2026-07-25T12:11:04.719866,Enterprise Deal - Ember Labs,362072.62,2026-11-14T03:17:29.719892,d53e375b-e751-4c1c-9dd2-2c198336f144,2026-07-15T03:12:20.719866,7675c849-0f1f-4fa3-923c-f392ea4a2f35
d845310d-3431-4a7c-8a5c-639e476c6fb5,6e2684b5-dd18-4549-8440-7276b577d2b5,2c74eb31-c107-4c91-be5e-c33256b2e864,39d1684f-acfe-4bb5-bf5c-913d32f44419,0a2cb6bb-2d78-4609-9e12-88a3bd1a156d,b4be3c8c-9e4c-4fd9-8ec0-c38105a72eeb,2026-07-30T15:41:21.719910,Growth Deal - Cobalt Systems,274932.83,2026-05-06T05:02:31.719936,7223e10a-b124-4a7f-a342-f0f59020ba2f,2026-07-16T06:23:54.719910,6339ef1b-ca56-4fa5-9ddb-36a79ac9d12f
9470afe1-d9e3-4eb3-8f08-6c4e02b97e7b,6e2684b5-dd18-4549-8440-7276b577d2b5,6ef34e4e-4aa8-44b9-958c-a2a64618f298,b893931c-eca7-45f8-b1e4-21b6b380a8f5,0a2cb6bb-2d78-4609-9e12-88a3bd1a156d,3b0450ca-ca27-4031-9d06-d861b7c72f4d,2026-05-05T00:04:10.719955,Growth Deal - Pearl Analytics,46776.51,2026-08-25T07:35:40.719981,71030eb2-1621-4863-8e2d-b6184abb7f32,2026-05-04T05:01:47.719955,13f891f6-02c5-48a2-bb4f-65f664be06a0
635bce9e-3988-4e15-ae76-8d43ab61da99,6e2684b5-dd18-4549-8440-7276b577d2b5,f97c1df3-81a1-4ca3-84e2-73286b967ee6,ef32987c-2b70-4c50-ac02-f1af0e14ce56,0a2cb6bb-2d78-4609-9e12-88a3bd1a156d,de013863-499a-430c-b921-70dec8e7b1df,2026-02-26T19:57:37.720003,Enterprise Deal - Coral Health,45687.27,2026-12-12T17:19:33.720026,1f599b2d-4c19-4c7e-91e2-f8655b60b03d,2025-11-06T09:50:34.720003,6339ef1b-ca56-4fa5-9ddb-36a79ac9d12f
db852e4c-191d-411f-aa54-c168ab064a27,6e2684b5-dd18-4549-8440-7276b577d2b5,,d78017ac-0dd4-4f65-923f-5f5508b31a07,0a2cb6bb-2d78-4609-9e12-88a3bd1a156d,f6af3622-a08b-4544-a16d-18d42ff4a4e1,2026-07-27T05:54:19.720041,Custom Deal - Velocity Labs,293801.55,2026-12-01T00:04:20.720070,8e8f6232-b5f8-466d-98c1-6a9d8090c3eb,2025-12-17T03:55:14.720041,eb9f903e-4cd4-462b-9c0c-0720da83cfc0
de4875c6-590c-424b-b167-5b85d8780dd8,6e2684b5-dd18-4549-8440-7276b577d2b5,408b1853-15b5-49b3-a98d-c829fb3211b2,,0a2cb6bb-2d78-4609-9e12-88a3bd1a156d,3b0450ca-ca27-4031-9d06-d861b7c72f4d,2026-05-25T06:04:59.720091,Premium Deal - Sapphire Tech,417625.16,2026-10-23T03:20:24.720148,1f599b2d-4c19-4c7e-91e2-f8655b60b03d,2025-12-16T10:37:52.720091,1f599b2d-4c19-4c7e-91e2-f8655b60b03d
c3159764-3420-4181-be56-3b51121dfd51,6e2684b5-dd18-4549-8440-7276b577d2b5,019e67a2-c2f5-4d2f-ba7d-ecfa6c122a9e,36cf0ea3-25a4-438d-a1b5-2557396a0d72,0a2cb6bb-2d78-4609-9e12-88a3bd1a156d,3b0450ca-ca27-4031-9d06-d861b7c72f4d,2026-06-22T18:57:04.720174,Growth Deal - Silver Stream,241326.76,2026-10-06T02:16:58.720206,13f891f6-02c5-48a2-bb4f-65f664be06a0,2026-05-17T11:19:37.720174,9d990953-1d48-4691-9104-88f3d84dc63c
7c573a71-92c2-4dd6-9d10-9872963c73cd,6e2684b5-dd18-4549-8440-7276b577d2b5,,d629e687-d5c8-419b-a20b-46b31bf6a45e,0a2cb6bb-2d78-4609-9e12-88a3bd1a156d,de013863-499a-430c-b921-70dec8e7b1df,2026-06-15T09:06:46.720224,Enterprise Deal - Atlas Computing,332474.48,2026-12-29T16:40:44.720250,1f599b2d-4c19-4c7e-91e2-f8655b60b03d,2026-01-23T03:48:27.720224,d53e375b-e751-4c1c-9dd2-2c198336f144
477ce31c-a7c6-4599-b7cc-228cd5f3f376,6e2684b5-dd18-4549-8440-7276b577d2b5,787a273c-07af-44ba-803d-ef563b822850,a85375e1-e6d3-4c09-9f60-72605e2f471b,0a2cb6bb-2d78-4609-9e12-88a3bd1a156d,f6af3622-a08b-4544-a16d-18d42ff4a4e1,2026-06-19T05:12:38.720262,Growth Deal - Prism Technologies,457222.12,2026-11-28T17:51:56.720279,eb9f903e-4cd4-462b-9c0c-0720da83cfc0,2026-04-20T02:24:40.720262,8b51f21b-0da9-4139-8f04-0ef4187ce705
0fe40a13-6fa3-4f65-8fb7-f6bb41f80757,6e2684b5-dd18-4549-8440-7276b577d2b5,fd304846-8aa9-4624-a981-21e43dc4632b,ec963396-c369-46f5-a2f3-e5b54425a954,0a2cb6bb-2d78-4609-9e12-88a3bd1a156d,3b0450ca-ca27-4031-9d06-d861b7c72f4d,2026-04-12T08:58:52.720289,Premium Deal - Golden Ratio,137434.92,2026-10-05T09:26:37.720306,13f891f6-02c5-48a2-bb4f-65f664be06a0,2026-03-21T04:42:30.720289,1f599b2d-4c19-4c7e-91e2-f8655b60b03d
d330fd3c-4f4d-4ca2-85e6-393cdbbe09a9,6e2684b5-dd18-4549-8440-7276b577d2b5,,,0a2cb6bb-2d78-4609-9e12-88a3bd1a156d,f6af3622-a08b-4544-a16d-18d42ff4a4e1,2026-03-21T07:52:26.720315,Starter Deal - Catalyst Group,143231.96,2026-10-06T22:42:11.720331,8e8f6232-b5f8-466d-98c1-6a9d8090c3eb,2026-03-21T06:01:18.720315,7675c849-0f1f-4fa3-923c-f392ea4a2f35
4454f828-8984-4d36-94f2-56e7ea4d950c,6e2684b5-dd18-4549-8440-7276b577d2b5,17e82c08-0253-4a3d-b748-23b84164c7a6,d70698ca-9664-42f9-80a4-102bf575839f,0a2cb6bb-2d78-4609-9e12-88a3bd1a156d,f6af3622-a08b-4544-a16d-18d42ff4a4e1,2026-07-30T14:25:58.720341,Custom Deal - GreenField Capital,340510.81,2026-11-04T11:27:35.720358,7223e10a-b124-4a7f-a342-f0f59020ba2f,2026-06-27T12:18:47.720341,63c904bb-37e1-42e9-b828-03d273915302
0b935285-8544-45e1-a4c2-1f0573234709,6e2684b5-dd18-4549-8440-7276b577d2b5,521629f1-4885-4bf7-b8cd-5fa4925cb575,,0a2cb6bb-2d78-4609-9e12-88a3bd1a156d,b4be3c8c-9e4c-4fd9-8ec0-c38105a72eeb,2026-07-27T20:16:43.720369,Premium Deal - Vanguard Systems,354141.77,2026-06-01T07:27:01.720392,eb9f903e-4cd4-462b-9c0c-0720da83cfc0,2026-02-27T23:48:20.720369,63c904bb-37e1-42e9-b828-03d273915302
8b9daa5a-a9aa-459f-998d-fa6e966a5c0e,6e2684b5-dd18-4549-8440-7276b577d2b5,,,0a2cb6bb-2d78-4609-9e12-88a3bd1a156d,fa64e2f3-9838-41be-851f-5088b4e907f3,2026-07-08T02:37:38.720406,Premium Deal - Pearl Analytics,443262.58,2026-04-28T19:14:47.720422,6339ef1b-ca56-4fa5-9ddb-36a79ac9d12f,2025-10-01T10:11:40.720406,f26bd177-029d-4863-993c-dfebe5004897
df61caf4-8bc5-4314-af9c-e794b4733abb,6e2684b5-dd18-4549-8440-7276b577d2b5,167de7bf-0bad-498f-8e0f-29f385ba4b4e,65dd6d00-baba-4512-b106-9e779ed6e9fc,0a2cb6bb-2d78-4609-9e12-88a3bd1a156d,3b0450ca-ca27-4031-9d06-d861b7c72f4d,2026-03-16T11:29:48.720433,Custom Deal - Copper Systems,148954.02,2026-11-27T21:06:25.720449,6339ef1b-ca56-4fa5-9ddb-36a79ac9d12f,2026-03-12T06:14:22.720433,9d990953-1d48-4691-9104-88f3d84dc63c
f2a5cf14-acc8-4679-9b93-d65d3060f265,6e2684b5-dd18-4549-8440-7276b577d2b5,9db647e2-9edd-48ae-8e38-9fcb13e02c7c,,0a2cb6bb-2d78-4609-9e12-88a3bd1a156d,3b0450ca-ca27-4031-9d06-d861b7c72f4d,2026-04-29T23:42:15.720460,Starter Deal - Apex Health,429831.56,2026-10-19T18:45:54.720479,7675c849-0f1f-4fa3-923c-f392ea4a2f35,2026-04-23T17:16:53.720460,eb9f903e-4cd4-462b-9c0c-0720da83cfc0
4cb1cc9a-a76a-47d6-974c-17d7de62902a,6e2684b5-dd18-4549-8440-7276b577d2b5,0816a287-f016-4011-a95d-e36b848c2ee3,,0a2cb6bb-2d78-4609-9e12-88a3bd1a156d,f6af3622-a08b-4544-a16d-18d42ff4a4e1,2026-01-21T14:58:49.720489,Starter Deal - Prism Technologies,160571.23,2026-11-09T08:32:21.720504,7675c849-0f1f-4fa3-923c-f392ea4a2f35,2025-12-28T13:33:31.720489,8b51f21b-0da9-4139-8f04-0ef4187ce705
6c8f9816-4f33-4baa-88c0-a7bb23e3a286,6e2684b5-dd18-4549-8440-7276b577d2b5,ba9f4012-e40f-4041-a687-73eab4fae153,57e081b1-29e0-44d4-aa34-b18b1c8ca753,0a2cb6bb-2d78-4609-9e12-88a3bd1a156d,de013863-499a-430c-b921-70dec8e7b1df,2026-05-04T03:58:06.720516,Custom Deal - Apex Health,320688.52,2026-08-13T11:15:55.720532,8e8f6232-b5f8-466d-98c1-6a9d8090c3eb,2025-09-30T00:47:26.720516,1f599b2d-4c19-4c7e-91e2-f8655b60b03d
609f6b71-7feb-4a9b-945c-8fd3f67488e1,6e2684b5-dd18-4549-8440-7276b577d2b5,7ee842c5-a528-42c1-82f9-0b49c4db4df3,,0a2cb6bb-2d78-4609-9e12-88a3bd1a156d,29da3373-4821-4016-9b03-949711a94d0e,2026-03-26T23:59:36.720542,Enterprise Deal - IronClad Security,213913.28,2026-10-09T23:10:08.720561,8e8f6232-b5f8-466d-98c1-6a9d8090c3eb,2026-03-02T01:42:39.720542,7675c849-0f1f-4fa3-923c-f392ea4a2f35
4e16d65c-abb6-4a39-abc0-569c968b74fa,6e2684b5-dd18-4549-8440-7276b577d2b5,,,0a2cb6bb-2d78-4609-9e12-88a3bd1a156d,de013863-499a-430c-b921-70dec8e7b1df,2026-07-21T04:13:51.720571,Custom Deal - Apex Health,481935.58,2026-10-16T00:31:43.720586,58f39eeb-75cb-4ef4-96ba-4a30c22a7a1e,2026-07-10T12:16:35.720571,7675c849-0f1f-4fa3-923c-f392ea4a2f35
e79c6d2f-9615-4041-9bfd-1a60fb29d9f6,6e2684b5-dd18-4549-8440-7276b577d2b5,ad9a44e8-3e44-4fd4-ba64-60bed0413ef6,,0a2cb6bb-2d78-4609-9e12-88a3bd1a156d,de013863-499a-430c-b921-70dec8e7b1df,2026-08-04T05:38:48.720596,Enterprise Deal - Catalyst Group,397225.45,2026-12-25T11:41:14.720613,7675c849-0f1f-4fa3-923c-f392ea4a2f35,2026-02-18T11:41:12.720596,7675c849-0f1f-4fa3-923c-f392ea4a2f35
64f19854-a49d-4b60-a10f-effd175e19a6,6e2684b5-dd18-4549-8440-7276b577d2b5,b8f6d5d3-38a6-4793-ba69-32f69a6d450d,e941ff61-a488-41cf-8318-4c8c37d49f6b,0a2cb6bb-2d78-4609-9e12-88a3bd1a156d,de013863-499a-430c-b921-70dec8e7b1df,2026-05-07T14:27:29.720623,Starter Deal - IronClad Security,106113.18,2026-09-06T13:13:49.720638,8b51f21b-0da9-4139-8f04-0ef4187ce705,2026-03-23T04:22:13.720623,13f891f6-02c5-48a2-bb4f-65f664be06a0
70415a6e-1844-42e6-85e3-64c7bae94d3f,6e2684b5-dd18-4549-8440-7276b577d2b5,822b3e25-053b-463d-b093-7cc16bf6243f,39d1684f-acfe-4bb5-bf5c-913d32f44419,0a2cb6bb-2d78-4609-9e12-88a3bd1a156d,b4be3c8c-9e4c-4fd9-8ec0-c38105a72eeb,2026-02-11T22:48:27.720655,Growth Deal - Diamond Edge,262750.19,2026-07-26T16:21:42.720671,63c904bb-37e1-42e9-b828-03d273915302,2025-12-08T11:58:05.720655,d53e375b-e751-4c1c-9dd2-2c198336f144
9bd4f202-47c3-4578-8964-6ebc286b8299,6e2684b5-dd18-4549-8440-7276b577d2b5,70d81b9d-319e-4a3c-89cc-78a7fea419fd,,0a2cb6bb-2d78-4609-9e12-88a3bd1a156d,3b0450ca-ca27-4031-9d06-d861b7c72f4d,2026-05-16T04:10:04.720684,Premium Deal - Titan Industries,374149.82,2027-01-27T08:13:53.720701,9d990953-1d48-4691-9104-88f3d84dc63c,2025-09-16T15:08:48.720684,7223e10a-b124-4a7f-a342-f0f59020ba2f
9fac1ccc-1369-4e99-9db2-640553fad073,6e2684b5-dd18-4549-8440-7276b577d2b5,516caf70-fb6c-437a-90d6-786d5c428568,,0a2cb6bb-2d78-4609-9e12-88a3bd1a156d,3b0450ca-ca27-4031-9d06-d861b7c72f4d,2026-07-02T06:44:32.720711,Enterprise Deal - Ruby Software,235545.74,2026-09-16T03:52:34.720726,1f599b2d-4c19-4c7e-91e2-f8655b60b03d,2026-01-21T22:53:49.720711,63c904bb-37e1-42e9-b828-03d273915302
79ce6b0a-6ac7-46f4-9876-6dc83a55b413,6e2684b5-dd18-4549-8440-7276b577d2b5,dea9b974-f1b1-4222-acc2-98af14e11815,,0a2cb6bb-2d78-4609-9e12-88a3bd1a156d,f6af3622-a08b-4544-a16d-18d42ff4a4e1,2026-05-05T11:16:51.720736,Custom Deal - Forge Industries,2549.55,2027-01-30T15:20:25.720752,7223e10a-b124-4a7f-a342-f0f59020ba2f,2026-04-23T22:27:11.720736,f26bd177-029d-4863-993c-dfebe5004897
fe4cb8c4-4b74-4582-bd27-225f2cb1b950,6e2684b5-dd18-4549-8440-7276b577d2b5,,,0a2cb6bb-2d78-4609-9e12-88a3bd1a156d,3b0450ca-ca27-4031-9d06-d861b7c72f4d,2025-12-28T13:43:51.720765,Premium Deal - Zenith Partners,271275.05,2026-09-17T06:33:35.720780,8b51f21b-0da9-4139-8f04-0ef4187ce705,2025-09-12T06:01:31.720765,f26bd177-029d-4863-993c-dfebe5004897
69383b63-d854-49df-ad6a-c68fa2de1daa,6e2684b5-dd18-4549-8440-7276b577d2b5,,e64b2218-d49a-4e05-bda0-cedd6fb4d2fa,0a2cb6bb-2d78-4609-9e12-88a3bd1a156d,de013863-499a-430c-b921-70dec8e7b1df,2026-04-23T09:18:32.720790,Starter Deal - Nimbus Networks,22387.45,2026-10-26T22:24:04.720805,d53e375b-e751-4c1c-9dd2-2c198336f144,2026-04-16T21:14:56.720790,d53e375b-e751-4c1c-9dd2-2c198336f144
5c6e1319-8d30-4d7b-9c34-42514f4b97f2,6e2684b5-dd18-4549-8440-7276b577d2b5,115331cf-6eb5-455e-a8e5-ce985c19304f,e0067dbf-639c-4915-9f31-ca031e51f230,0a2cb6bb-2d78-4609-9e12-88a3bd1a156d,b4be3c8c-9e4c-4fd9-8ec0-c38105a72eeb,2026-08-01T07:08:19.720816,Starter Deal - Diamond Edge,459175.0,2026-05-30T20:42:49.720831,9d990953-1d48-4691-9104-88f3d84dc63c,2026-04-18T04:10:15.720816,8e8f6232-b5f8-466d-98c1-6a9d8090c3eb
6012ee14-3475-415e-a086-e1d0f0e38536,6e2684b5-dd18-4549-8440-7276b577d2b5,,ca545988-1974-4eb1-98ce-c324f98a0224,0a2cb6bb-2d78-4609-9e12-88a3bd1a156d,29da3373-4821-4016-9b03-949711a94d0e,2026-03-29T07:54:15.720841,Custom Deal - Cobalt Systems,118990.84,2026-09-04T15:36:59.720857,58f39eeb-75cb-4ef4-96ba-4a30c22a7a1e,2026-01-18T10:07:56.720841,9d990953-1d48-4691-9104-88f3d84dc63c
5b6daa5d-d6c9-41c3-8abb-bd97209e363d,6e2684b5-dd18-4549-8440-7276b577d2b5,,,0a2cb6bb-2d78-4609-9e12-88a3bd1a156d,fa64e2f3-9838-41be-851f-5088b4e907f3,2026-03-28T03:54:10.720866,Starter Deal - Topaz Digital,406375.29,2026-06-08T06:54:35.720881,8b51f21b-0da9-4139-8f04-0ef4187ce705,2026-02-18T00:54:16.720866,1f599b2d-4c19-4c7e-91e2-f8655b60b03d
fc270151-c2a8-4bc3-b6d6-083d00147c93,6e2684b5-dd18-4549-8440-7276b577d2b5,e266b584-4ceb-47b9-be4e-29d8f5a6f0fd,30537498-9609-490b-a479-ad586daa77ab,0a2cb6bb-2d78-4609-9e12-88a3bd1a156d,3b0450ca-ca27-4031-9d06-d861b7c72f4d,2026-04-07T07:39:50.720892,Starter Deal - Amber Industries,80696.15,2026-08-27T00:58:06.720919,8e8f6232-b5f8-466d-98c1-6a9d8090c3eb,2025-10-15T23:50:31.720892,7223e10a-b124-4a7f-a342-f0f59020ba2f
c04676b8-32ee-4f64-a13b-0045e9e0ae16,6e2684b5-dd18-4549-8440-7276b577d2b5,fcd0cfde-913a-4f2f-bf0e-25d525f49c69,,0a2cb6bb-2d78-4609-9e12-88a3bd1a156d,fa64e2f3-9838-41be-851f-5088b4e907f3,2025-12-31T02:08:52.720929,Growth Deal - NexGen Software,354624.44,2026-06-27T16:13:29.720945,6339ef1b-ca56-4fa5-9ddb-36a79ac9d12f,2025-10-30T00:35:25.720929,71030eb2-1621-4863-8e2d-b6184abb7f32
15b85fbd-81df-451b-9e87-f45a30e5921e,6e2684b5-dd18-4549-8440-7276b577d2b5,b5c3f815-49f6-4c05-bc94-6ca4e3fd24f6,92c5a9dc-80d5-4bd6-a4ec-834bb24943b9,0a2cb6bb-2d78-4609-9e12-88a3bd1a156d,de013863-499a-430c-b921-70dec8e7b1df,2026-06-24T14:51:15.720959,Growth Deal - Crystal Corp,207429.71,2026-11-18T06:42:34.720974,d53e375b-e751-4c1c-9dd2-2c198336f144,2026-06-04T07:07:33.720959,13f891f6-02c5-48a2-bb4f-65f664be06a0
2f2d1100-2258-4615-bd70-239bc586fb9b,6e2684b5-dd18-4549-8440-7276b577d2b5,8ea8b7d1-6eeb-4309-95bb-9f2088e57378,,0a2cb6bb-2d78-4609-9e12-88a3bd1a156d,29da3373-4821-4016-9b03-949711a94d0e,2026-06-04T19:33:16.720984,Starter Deal - EverGreen Solutions,83788.07,2027-01-25T13:52:41.721000,8e8f6232-b5f8-466d-98c1-6a9d8090c3eb,2025-10-07T10:34:28.720984,58f39eeb-75cb-4ef4-96ba-4a30c22a7a1e
24f28013-c3b0-4d2c-ae64-ffedcc404e7a,6e2684b5-dd18-4549-8440-7276b577d2b5,431cabf3-efe7-44df-b49e-7e683f12edb8,,0a2cb6bb-2d78-4609-9e12-88a3bd1a156d,3b0450ca-ca27-4031-9d06-d861b7c72f4d,2026-07-19T06:06:58.721010,Growth Deal - Diamond Edge,460828.03,2026-12-02T03:16:44.721026,f26bd177-029d-4863-993c-dfebe5004897,2026-03-04T11:17:08.721010,6339ef1b-ca56-4fa5-9ddb-36a79ac9d12f
abe72e52-2c9b-4606-82ba-c91f2c51ae1d,6e2684b5-dd18-4549-8440-7276b577d2b5,f7ffdc43-af5f-4c24-9621-d3744fdf6e02,,0a2cb6bb-2d78-4609-9e12-88a3bd1a156d,f6af3622-a08b-4544-a16d-18d42ff4a4e1,2026-05-26T20:12:10.721036,Custom Deal - Apex Innovations,467341.72,2026-10-20T07:40:23.721051,9d990953-1d48-4691-9104-88f3d84dc63c,2025-12-25T11:37:32.721036,8b51f21b-0da9-4139-8f04-0ef4187ce705
ddee28d8-41d1-4740-947d-947e1a0629ad,6e2684b5-dd18-4549-8440-7276b577d2b5,35204d82-7a30-4f98-a2c7-fbf298065eb4,92c5a9dc-80d5-4bd6-a4ec-834bb24943b9,0a2cb6bb-2d78-4609-9e12-88a3bd1a156d,f6af3622-a08b-4544-a16d-18d42ff4a4e1,2026-02-21T12:46:24.721061,Starter Deal - CloudPeak Analytics,167329.22,2026-09-05T12:29:37.721076,6339ef1b-ca56-4fa5-9ddb-36a79ac9d12f,2025-08-08T22:32:15.721061,7223e10a-b124-4a7f-a342-f0f59020ba2f
4aee1835-aba3-4a87-a5de-6728178f1b2d,6e2684b5-dd18-4549-8440-7276b577d2b5,,,0a2cb6bb-2d78-4609-9e12-88a3bd1a156d,29da3373-4821-4016-9b03-949711a94d0e,2026-07-21T22:41:28.721085,Starter Deal - Bronze Gate,71322.8,2026-10-09T03:49:46.721100,9d990953-1d48-4691-9104-88f3d84dc63c,2026-04-11T07:37:01.721085,876017f1-7629-48e0-9ce9-20b44276c7d6
dbc4950f-6fa0-4443-8772-be729f205a5b,6e2684b5-dd18-4549-8440-7276b577d2b5,,baee4767-f7ce-4ea3-973a-a2f0c0e5f156,0a2cb6bb-2d78-4609-9e12-88a3bd1a156d,f6af3622-a08b-4544-a16d-18d42ff4a4e1,2025-11-21T03:24:15.721116,Custom Deal - Nimbus Networks,356072.23,2026-09-28T18:22:36.721132,9d990953-1d48-4691-9104-88f3d84dc63c,2025-09-14T08:37:02.721116,1f599b2d-4c19-4c7e-91e2-f8655b60b03d
1e8b6ba1-9240-4fd5-94cc-7bafd866b526,6e2684b5-dd18-4549-8440-7276b577d2b5,,d70698ca-9664-42f9-80a4-102bf575839f,0a2cb6bb-2d78-4609-9e12-88a3bd1a156d,fa64e2f3-9838-41be-851f-5088b4e907f3,2026-04-27T04:09:08.721142,Premium Deal - EverGreen Solutions,361114.39,2026-07-03T05:21:58.721159,63c904bb-37e1-42e9-b828-03d273915302,2026-04-23T01:59:50.721142,7223e10a-b124-4a7f-a342-f0f59020ba2f
ef44fef1-0183-465d-a58e-cd40f4c2bf3b,6e2684b5-dd18-4549-8440-7276b577d2b5,23ee9c75-d4bd-4a3e-9883-a4fb285de48f,,0a2cb6bb-2d78-4609-9e12-88a3bd1a156d,b4be3c8c-9e4c-4fd9-8ec0-c38105a72eeb,2026-07-20T00:26:05.721170,Growth Deal - SwiftScale,124294.51,2026-07-11T22:10:04.721186,8b51f21b-0da9-4139-8f04-0ef4187ce705,2025-10-01T23:26:28.721170,71030eb2-1621-4863-8e2d-b6184abb7f32
c783d61d-3f22-44d5-996d-4adec3ad1f30,6e2684b5-dd18-4549-8440-7276b577d2b5,,,0a2cb6bb-2d78-4609-9e12-88a3bd1a156d,de013863-499a-430c-b921-70dec8e7b1df,2026-07-31T23:37:03.721195,Starter Deal - Cobalt Systems,480368.05,2027-01-02T04:19:39.721210,eb9f903e-4cd4-462b-9c0c-0720da83cfc0,2026-06-12T20:47:04.721195,d53e375b-e751-4c1c-9dd2-2c198336f144
6fe1bf69-0b4c-4842-8ae3-8dfdfc2e80a1,6e2684b5-dd18-4549-8440-7276b577d2b5,28195a0c-f073-41cf-b16c-8337eb729f71,,0a2cb6bb-2d78-4609-9e12-88a3bd1a156d,f6af3622-a08b-4544-a16d-18d42ff4a4e1,2025-12-23T16:04:00.721224,Custom Deal - Onyx Data,487798.39,2026-11-28T19:32:32.721239,7675c849-0f1f-4fa3-923c-f392ea4a2f35,2025-09-04T19:10:52.721224,eb9f903e-4cd4-462b-9c0c-0720da83cfc0
78f44c06-0022-4133-b133-d1a9b4e0060c,6e2684b5-dd18-4549-8440-7276b577d2b5,fec6b12a-f20f-47f7-8745-d3ff08bb3337,,0a2cb6bb-2d78-4609-9e12-88a3bd1a156d,b4be3c8c-9e4c-4fd9-8ec0-c38105a72eeb,2026-04-26T11:54:12.721249,Growth Deal - Titan Industries,365208.9,2026-04-24T23:33:24.721265,f26bd177-029d-4863-993c-dfebe5004897,2026-04-23T22:08:49.721249,1f599b2d-4c19-4c7e-91e2-f8655b60b03d
5942ac3e-c9e6-4f96-a1cb-b1a8185ba7af,6e2684b5-dd18-4549-8440-7276b577d2b5,b3748b05-2ded-4b5c-a0ad-24930a98075f,,0a2cb6bb-2d78-4609-9e12-88a3bd1a156d,b4be3c8c-9e4c-4fd9-8ec0-c38105a72eeb,2026-05-12T09:29:27.721275,Premium Deal - Velocity Labs,498216.61,2026-05-31T21:37:33.721290,876017f1-7629-48e0-9ce9-20b44276c7d6,2026-04-04T04:20:37.721275,9d990953-1d48-4691-9104-88f3d84dc63c
08b5322b-584f-4206-82ea-db0021622c12,6e2684b5-dd18-4549-8440-7276b577d2b5,23637340-47f4-47a4-88cc-0a49d8f9f3a9,,0a2cb6bb-2d78-4609-9e12-88a3bd1a156d,de013863-499a-430c-b921-70dec8e7b1df,2026-06-16T09:16:38.721300,Starter Deal - Diamond Edge,149349.52,2026-12-26T12:32:07.721316,1f599b2d-4c19-4c7e-91e2-f8655b60b03d,2025-08-20T12:58:26.721300,1f599b2d-4c19-4c7e-91e2-f8655b60b03d
03b623be-163d-4e9a-96cb-e64f63dd7239,6e2684b5-dd18-4549-8440-7276b577d2b5,b9bd0ce9-49df-43a4-a85f-185556cc8c6f,,0a2cb6bb-2d78-4609-9e12-88a3bd1a156d,f6af3622-a08b-4544-a16d-18d42ff4a4e1,2026-07-05T05:38:43.721325,Custom Deal - Apex Innovations,123289.75,2027-02-05T00:42:52.721341,d53e375b-e751-4c1c-9dd2-2c198336f144,2026-05-09T05:23:27.721325,7223e10a-b124-4a7f-a342-f0f59020ba2f
44fd9dd4-66cc-4f75-9278-e3feb164e083,6e2684b5-dd18-4549-8440-7276b577d2b5,82a0a374-1368-40ca-8a64-e8d284f4065d,,0a2cb6bb-2d78-4609-9e12-88a3bd1a156d,f6af3622-a08b-4544-a16d-18d42ff4a4e1,2026-06-28T23:20:40.721351,Custom Deal - Bronze Gate,177926.81,2027-01-16T08:08:03.721367,13f891f6-02c5-48a2-bb4f-65f664be06a0,2026-06-27T06:06:25.721351,8b51f21b-0da9-4139-8f04-0ef4187ce705
79e9cda6-3e24-4654-9de2-9d05cde31d2e,6e2684b5-dd18-4549-8440-7276b577d2b5,78f5ed80-8869-480e-bc2f-eb88859e91d2,52543ee3-6d90-4a89-9386-2f60319d6b3d,0a2cb6bb-2d78-4609-9e12-88a3bd1a156d,f6af3622-a08b-4544-a16d-18d42ff4a4e1,2026-05-27T19:03:45.721377,Custom Deal - SilverLine Corp,222419.89,2026-11-25T06:34:45.721392,7675c849-0f1f-4fa3-923c-f392ea4a2f35,2026-03-27T18:02:29.721377,8e8f6232-b5f8-466d-98c1-6a9d8090c3eb
17a3837e-2cf7-4e76-81a5-5e5426d77705,6e2684b5-dd18-4549-8440-7276b577d2b5,20e7282e-61ca-4bb7-b098-8e6b34f23e07,fc3dec84-f9c1-4ec3-afd7-af1165b46afe,0a2cb6bb-2d78-4609-9e12-88a3bd1a156d,de013863-499a-430c-b921-70dec8e7b1df,2026-02-11T01:50:14.721402,Growth Deal - NexGen Software,12510.44,2026-10-28T20:50:37.721418,71030eb2-1621-4863-8e2d-b6184abb7f32,2025-09-19T17:24:20.721402,9d990953-1d48-4691-9104-88f3d84dc63c
5e56507b-8b31-4129-a604-bc5b16e6aeba,6e2684b5-dd18-4549-8440-7276b577d2b5,287d5426-3672-4d4a-9bd8-33c3c5684dda,758f5ef9-b984-43da-8002-2029e0316f70,0a2cb6bb-2d78-4609-9e12-88a3bd1a156d,b4be3c8c-9e4c-4fd9-8ec0-c38105a72eeb,2026-06-26T11:47:27.721428,Enterprise Deal - ClearView Corp,126524.86,2026-06-13T12:22:35.721444,8b51f21b-0da9-4139-8f04-0ef4187ce705,2026-06-22T06:09:50.721428,13f891f6-02c5-48a2-bb4f-65f664be06a0
95ec267f-7174-4e0d-9fea-cd3ee343197f,6e2684b5-dd18-4549-8440-7276b577d2b5,e77e3c7a-2a29-46aa-a5fd-6467219a1195,c885bf03-4053-4b29-a66d-1ea58e84e3cc,0a2cb6bb-2d78-4609-9e12-88a3bd1a156d,f6af3622-a08b-4544-a16d-18d42ff4a4e1,2026-04-16T08:43:49.721454,Starter Deal - Nimbus Networks,379322.04,2027-01-04T02:23:26.721473,13f891f6-02c5-48a2-bb4f-65f664be06a0,2026-04-04T22:16:45.721454,7675c849-0f1f-4fa3-923c-f392ea4a2f35
0607b88b-79ac-47ba-8bdc-daea8f492826,6e2684b5-dd18-4549-8440-7276b577d2b5,d1c3d85d-af0d-4d57-8519-d5457b15e55a,3d3d3753-0137-46fe-954f-27cbeba4f16d,0a2cb6bb-2d78-4609-9e12-88a3bd1a156d,de013863-499a-430c-b921-70dec8e7b1df,2026-05-17T19:24:08.721487,Custom Deal - DataFlow Systems,155771.04,2026-12-26T21:39:11.721503,9d990953-1d48-4691-9104-88f3d84dc63c,2026-01-23T16:19:04.721487,6339ef1b-ca56-4fa5-9ddb-36a79ac9d12f
56fdbd95-02dc-45da-91a8-7d404e5994a9,6e2684b5-dd18-4549-8440-7276b577d2b5,e9024fef-9f83-4129-844d-028b9d5fc479,,0a2cb6bb-2d78-4609-9e12-88a3bd1a156d,b4be3c8c-9e4c-4fd9-8ec0-c38105a72eeb,2026-06-07T08:43:11.721514,Starter Deal - Nimbus Networks,242706.85,2026-05-01T21:44:34.721529,63c904bb-37e1-42e9-b828-03d273915302,2025-08-09T16:57:42.721514,6339ef1b-ca56-4fa5-9ddb-36a79ac9d12f
98b76188-5bdc-4245-bbad-74efb77108fc,6e2684b5-dd18-4549-8440-7276b577d2b5,3111018c-6178-47b1-bd12-61b028a33b6b,,0a2cb6bb-2d78-4609-9e12-88a3bd1a156d,de013863-499a-430c-b921-70dec8e7b1df,2026-04-17T00:10:28.721539,Custom Deal - Sapphire Tech,65827.54,2027-01-23T00:06:24.721554,d53e375b-e751-4c1c-9dd2-2c198336f144,2025-08-20T08:37:54.721539,8b51f21b-0da9-4139-8f04-0ef4187ce705
0250bbd3-1c35-4745-bbd1-2ffa59d5d37a,6e2684b5-dd18-4549-8440-7276b577d2b5,,,0a2cb6bb-2d78-4609-9e12-88a3bd1a156d,de013863-499a-430c-b921-70dec8e7b1df,2026-05-11T02:42:23.721564,Enterprise Deal - Pearl Analytics,407625.82,2026-11-02T08:23:08.721579,63c904bb-37e1-42e9-b828-03d273915302,2026-01-21T15:36:01.721564,eb9f903e-4cd4-462b-9c0c-0720da83cfc0
d09f3551-cc96-4955-b75f-992e61b13dd9,6e2684b5-dd18-4549-8440-7276b577d2b5,f636c124-c915-4f7a-95e3-478595b232ab,,0a2cb6bb-2d78-4609-9e12-88a3bd1a156d,3b0450ca-ca27-4031-9d06-d861b7c72f4d,2025-11-18T11:01:40.721589,Enterprise Deal - Jade Consulting,201793.74,2026-12-17T16:20:54.721604,7675c849-0f1f-4fa3-923c-f392ea4a2f35,2025-11-16T01:29:04.721589,8e8f6232-b5f8-466d-98c1-6a9d8090c3eb
ec75a6f0-f8ab-4a79-b336-d972ac9288b7,6e2684b5-dd18-4549-8440-7276b577d2b5,b95aa42e-45bd-48d2-9d96-581fe9f1581c,,0a2cb6bb-2d78-4609-9e12-88a3bd1a156d,f6af3622-a08b-4544-a16d-18d42ff4a4e1,2026-04-23T02:21:52.721614,Custom Deal - Ruby Software,59091.48,2026-12-09T20:43:46.721629,eb9f903e-4cd4-462b-9c0c-0720da83cfc0,2026-02-12T14:37:55.721614,8e8f6232-b5f8-466d-98c1-6a9d8090c3eb
deb7aa73-a3df-4e52-9dbb-09c97d2d9fa6,6e2684b5-dd18-4549-8440-7276b577d2b5,,bc1008f4-5529-4232-9ece-3d33047da864,0a2cb6bb-2d78-4609-9e12-88a3bd1a156d,fa64e2f3-9838-41be-851f-5088b4e907f3,2026-06-21T05:43:57.721639,Growth Deal - BrightStar Inc,284550.86,2026-05-11T05:38:25.721660,63c904bb-37e1-42e9-b828-03d273915302,2025-10-15T02:27:38.721639,58f39eeb-75cb-4ef4-96ba-4a30c22a7a1e
531fc505-87e7-45f3-bc8b-7808d64fa242,7319bb38-0e1a-42a0-a1a3-c170af371232,e6716549-fd17-42ca-9de0-61dda379415b,627b09a6-16a6-4c2d-936c-a98146c2fb05,04b79c8e-ee4c-4473-b915-16983dec8056,1bd1b098-4e87-4258-8b67-54c76c74599a,2026-03-22T13:32:12.725104,Premium Deal - Cobalt Systems,277909.94,2026-11-01T19:25:40.725163,38b1938d-3cd4-479f-8f9c-d5fc4c1dd8fd,2025-12-14T21:00:38.725104,aabd8828-4992-4138-a82c-82d2ace3e408
0e90fc84-e32c-4d94-b99b-ad0aab33e630,7319bb38-0e1a-42a0-a1a3-c170af371232,b77d02ea-1c3b-4176-849b-d35e3b4b42f1,,04b79c8e-ee4c-4473-b915-16983dec8056,6521490a-9cae-428c-8686-0438bf8aeb68,2026-02-08T05:16:39.725178,Starter Deal - BlueShift Labs,418648.1,2026-12-30T05:31:13.725197,ba4c6a8d-6e78-4532-82ad-fccefbf8ab96,2025-09-21T22:23:02.725178,aabd8828-4992-4138-a82c-82d2ace3e408
b9871507-b13c-426a-bc4c-4162c4e2ef22,7319bb38-0e1a-42a0-a1a3-c170af371232,,a14c7385-ce77-4cd8-86f9-61c37dd2bbd8,04b79c8e-ee4c-4473-b915-16983dec8056,1bd1b098-4e87-4258-8b67-54c76c74599a,2026-06-30T13:16:49.725209,Premium Deal - Jade Consulting,123307.07,2026-11-17T21:13:25.725225,eaf0989b-5b56-4b72-9a32-2711e9c394ff,2025-11-06T09:32:53.725209,f6c1513d-8b13-441d-98bb-1a986c21400d
ec6bd4a9-3ad0-4287-8af6-32f1c9d6621c,7319bb38-0e1a-42a0-a1a3-c170af371232,81cff79f-6926-47d2-9129-e0a46b4d5278,,04b79c8e-ee4c-4473-b915-16983dec8056,1bd1b098-4e87-4258-8b67-54c76c74599a,2026-07-12T06:32:48.725246,Custom Deal - Apex Health,468547.71,2026-09-25T16:54:10.725263,5b11e466-caa2-4b0d-ad40-becd33c6cbc2,2026-06-12T21:33:26.725246,a3b11eec-7159-4649-ad03-75eeb3c9b04f
f2c535a0-2dfb-46e9-a5c6-3f503f7875e0,7319bb38-0e1a-42a0-a1a3-c170af371232,7183a37e-97d7-4ec4-ab8f-13d36c071d06,ed1f631c-03f7-4ac2-91a6-7035cbf93896,04b79c8e-ee4c-4473-b915-16983dec8056,6521490a-9cae-428c-8686-0438bf8aeb68,2026-06-28T03:19:03.725274,Enterprise Deal - Crystal Corp,409070.04,2027-01-04T13:38:35.725290,fd2fd60f-404e-41a6-95e7-9a06e7913261,2026-03-18T10:11:26.725274,96bb061b-9355-4d14-bab8-c5b59a63ac2a
5f2da91e-4cbb-41e8-ae7d-a5fe681e16b4,7319bb38-0e1a-42a0-a1a3-c170af371232,78048743-02b9-4295-9bb4-d571d245e74b,,04b79c8e-ee4c-4473-b915-16983dec8056,c7ffe30e-ebfe-4810-83f4-206c3287d9de,2026-08-03T16:41:22.725301,Growth Deal - Pulse Digital,35287.34,2026-06-11T16:39:20.725318,96bb061b-9355-4d14-bab8-c5b59a63ac2a,2026-04-15T16:37:34.725301,968afaab-9fc3-43d8-aea9-de1b0845fb8c
9486a311-a914-4b74-8d22-88e9e53673f3,7319bb38-0e1a-42a0-a1a3-c170af371232,7f6a5ee9-38f8-426d-ad51-36a0ed6bef87,69edc368-e348-4acd-9c94-208bdc331bf6,04b79c8e-ee4c-4473-b915-16983dec8056,6521490a-9cae-428c-8686-0438bf8aeb68,2026-05-15T00:54:48.725334,Premium Deal - Nimbus Networks,80872.5,2026-08-15T09:03:31.725350,638bfc6a-5a8b-4bf8-9f66-0c0d0744f19a,2026-03-28T00:31:20.725334,af8e7df9-9ce7-4499-ab19-610e813af04b
9a4cdcd9-92a0-4443-8fbb-b8545dd8f26e,7319bb38-0e1a-42a0-a1a3-c170af371232,4350a513-71d9-4a73-a52e-2b509adf534a,,04b79c8e-ee4c-4473-b915-16983dec8056,c7ffe30e-ebfe-4810-83f4-206c3287d9de,2026-08-03T17:23:54.725361,Premium Deal - Crystal Corp,298666.49,2026-06-18T07:45:08.725380,eaf0989b-5b56-4b72-9a32-2711e9c394ff,2026-07-24T07:23:51.725361,f6c1513d-8b13-441d-98bb-1a986c21400d
8e9eac93-0b29-4884-bdf5-fd114614ce9b,7319bb38-0e1a-42a0-a1a3-c170af371232,0985550e-bc4a-43c5-8a92-238032da6237,57f12e67-2f19-4a9c-a140-dfc575cfe0f6,04b79c8e-ee4c-4473-b915-16983dec8056,897f5d2f-3160-42b5-aec4-63761a6aee1a,2026-04-28T04:01:19.725391,Starter Deal - Ruby Software,391098.54,2027-01-18T02:28:49.725407,638bfc6a-5a8b-4bf8-9f66-0c0d0744f19a,2025-11-07T18:51:51.725391,96bb061b-9355-4d14-bab8-c5b59a63ac2a
0c68c807-45b3-4276-8c9a-213a264e33e6,7319bb38-0e1a-42a0-a1a3-c170af371232,,,04b79c8e-ee4c-4473-b915-16983dec8056,1bd1b098-4e87-4258-8b67-54c76c74599a,2026-07-11T12:14:44.725417,Starter Deal - TechNova Solutions,42434.5,2026-08-29T06:29:53.725432,ba4c6a8d-6e78-4532-82ad-fccefbf8ab96,2026-01-05T11:14:07.725417,aabd8828-4992-4138-a82c-82d2ace3e408
08863d6d-e03c-47e5-a3db-3ef832788e13,7319bb38-0e1a-42a0-a1a3-c170af371232,d674cf00-f2e4-4fa3-897c-f837978d9ad7,7ed3b82d-ee88-4caa-89ee-2278bed309aa,04b79c8e-ee4c-4473-b915-16983dec8056,c7ffe30e-ebfe-4810-83f4-206c3287d9de,2026-06-28T16:19:26.725443,Premium Deal - Titan Industries,239504.96,2026-06-05T18:07:16.725459,638bfc6a-5a8b-4bf8-9f66-0c0d0744f19a,2025-12-19T10:30:03.725443,af8e7df9-9ce7-4499-ab19-610e813af04b
427533cf-6180-4f49-be92-82a96790610d,7319bb38-0e1a-42a0-a1a3-c170af371232,f0ffd248-5804-4f2f-bd02-85e04be91fd9,,04b79c8e-ee4c-4473-b915-16983dec8056,897f5d2f-3160-42b5-aec4-63761a6aee1a,2026-02-09T22:55:35.725469,Starter Deal - Jade Consulting,242369.39,2026-09-12T16:19:46.725485,96bb061b-9355-4d14-bab8-c5b59a63ac2a,2026-01-18T04:36:11.725469,f6c1513d-8b13-441d-98bb-1a986c21400d
981ea349-fe31-4fba-b96b-016a75f9cb2f,7319bb38-0e1a-42a0-a1a3-c170af371232,e00d8949-e4a5-4f9d-9d14-3df07bca732f,,04b79c8e-ee4c-4473-b915-16983dec8056,a823f083-5d28-41df-879e-bb9f9fb39864,2026-07-16T04:12:59.725496,Custom Deal - BlueShift Labs,316291.87,2026-11-14T22:26:31.725511,968afaab-9fc3-43d8-aea9-de1b0845fb8c,2026-06-23T15:36:40.725496,eaf0989b-5b56-4b72-9a32-2711e9c394ff
4a700889-195a-4e64-a1b8-b19c7da5d482,7319bb38-0e1a-42a0-a1a3-c170af371232,,9379c0b2-b2f4-446e-bdcf-fa312506a448,04b79c8e-ee4c-4473-b915-16983dec8056,a823f083-5d28-41df-879e-bb9f9fb39864,2026-06-23T23:27:46.725525,Enterprise Deal - Coral Health,35777.38,2026-10-08T17:42:08.725540,0d1a00d8-532c-48b5-a0d5-e8f37068b7e8,2026-01-20T09:16:15.725525,f6c1513d-8b13-441d-98bb-1a986c21400d
926f1f36-01bc-40e3-bba8-432fd22f7f97,7319bb38-0e1a-42a0-a1a3-c170af371232,,49fcbbab-a1e1-4778-9c64-c5216c0821a1,04b79c8e-ee4c-4473-b915-16983dec8056,a823f083-5d28-41df-879e-bb9f9fb39864,2026-06-16T18:45:18.725550,Enterprise Deal - Bronze Gate,460097.92,2026-09-09T07:48:46.725565,af8e7df9-9ce7-4499-ab19-610e813af04b,2025-09-15T00:02:51.725550,5b11e466-caa2-4b0d-ad40-becd33c6cbc2
bfc6f1ff-d247-4f55-b8f1-45675cdda752,7319bb38-0e1a-42a0-a1a3-c170af371232,,16f82769-3630-460a-884c-f652a09d756d,04b79c8e-ee4c-4473-b915-16983dec8056,c7ffe30e-ebfe-4810-83f4-206c3287d9de,2026-06-27T03:03:23.725575,Starter Deal - Golden Ratio,259827.83,2026-05-02T23:48:20.725590,fd2fd60f-404e-41a6-95e7-9a06e7913261,2026-06-01T10:38:07.725575,0d1a00d8-532c-48b5-a0d5-e8f37068b7e8
7fd26f0e-deea-4f86-b405-1f6d8262f8e6,7319bb38-0e1a-42a0-a1a3-c170af371232,701535ca-a725-402a-85c7-c3090c812093,552b203c-06fd-49ec-ac6a-eeb26b7914dd,04b79c8e-ee4c-4473-b915-16983dec8056,924d181f-d0a7-4fc0-b892-6232ebea55e8,2026-08-01T07:56:12.725601,Enterprise Deal - Forge Industries,226674.66,2026-05-09T23:07:06.725617,38b1938d-3cd4-479f-8f9c-d5fc4c1dd8fd,2026-06-30T04:27:17.725601,5b11e466-caa2-4b0d-ad40-becd33c6cbc2
2bd66c5c-46dc-4d92-a712-73f6ff1af36f,7319bb38-0e1a-42a0-a1a3-c170af371232,f09dbd36-3e90-4d73-a9a9-8cd1cc219793,bd97cf94-81c9-438e-a93a-4b18d1814b29,04b79c8e-ee4c-4473-b915-16983dec8056,6521490a-9cae-428c-8686-0438bf8aeb68,2026-04-16T00:52:34.725627,Enterprise Deal - Coral Health,385998.59,2027-01-05T22:46:59.725651,96bb061b-9355-4d14-bab8-c5b59a63ac2a,2026-03-20T01:42:47.725627,38b1938d-3cd4-479f-8f9c-d5fc4c1dd8fd
36fc8af6-6e84-45a9-923b-50958d798cdd,7319bb38-0e1a-42a0-a1a3-c170af371232,88e08883-1623-4a94-b19e-7a6a0f3eb3f2,e25fe506-55b4-4710-b506-ab6b51ec95e2,04b79c8e-ee4c-4473-b915-16983dec8056,a823f083-5d28-41df-879e-bb9f9fb39864,2026-04-15T18:01:03.725662,Custom Deal - Steel Bridge,56847.56,2026-12-01T09:58:46.725678,eaf0989b-5b56-4b72-9a32-2711e9c394ff,2026-01-02T14:48:59.725662,f6c1513d-8b13-441d-98bb-1a986c21400d
6cfc21ba-8150-4d97-9806-75c1ae274652,7319bb38-0e1a-42a0-a1a3-c170af371232,,,04b79c8e-ee4c-4473-b915-16983dec8056,c7ffe30e-ebfe-4810-83f4-206c3287d9de,2026-06-20T18:52:12.725691,Custom Deal - Zenith Partners,119761.79,2026-06-10T06:15:16.725706,0d1a00d8-532c-48b5-a0d5-e8f37068b7e8,2026-05-04T20:30:10.725691,eaf0989b-5b56-4b72-9a32-2711e9c394ff
219a591c-de16-4af9-89bf-5a18b1bb1ba0,7319bb38-0e1a-42a0-a1a3-c170af371232,05c1a0a3-3185-4e7e-a8cc-88cbd1d90191,20a79fcd-4c30-422e-9efd-19bde2d9f8d4,04b79c8e-ee4c-4473-b915-16983dec8056,c7ffe30e-ebfe-4810-83f4-206c3287d9de,2026-07-15T09:26:34.725747,Premium Deal - Quantum Dynamics,267739.19,2026-07-09T18:20:48.725778,fd2fd60f-404e-41a6-95e7-9a06e7913261,2025-12-10T13:39:41.725747,f6c1513d-8b13-441d-98bb-1a986c21400d
03ca408d-2036-4159-9305-166379ad1c2a,7319bb38-0e1a-42a0-a1a3-c170af371232,8bc761e4-3be0-44f8-b3c8-8bb581231369,,04b79c8e-ee4c-4473-b915-16983dec8056,c7ffe30e-ebfe-4810-83f4-206c3287d9de,2025-12-18T08:49:17.725802,Enterprise Deal - Atlas Computing,358486.33,2026-07-27T09:42:46.725833,5b11e466-caa2-4b0d-ad40-becd33c6cbc2,2025-12-16T18:47:16.725802,fd2fd60f-404e-41a6-95e7-9a06e7913261
bc61ca6c-618c-4b45-b95c-718cf8140358,7319bb38-0e1a-42a0-a1a3-c170af371232,a28e8910-8b06-4257-b520-a6a99b6ebd9f,bdfe74de-067e-480a-971a-6f7f4f75216a,04b79c8e-ee4c-4473-b915-16983dec8056,924d181f-d0a7-4fc0-b892-6232ebea55e8,2026-06-21T23:32:19.725844,Premium Deal - Silver Stream,177519.75,2026-07-26T17:10:11.725866,af8e7df9-9ce7-4499-ab19-610e813af04b,2025-10-17T05:28:21.725844,ba4c6a8d-6e78-4532-82ad-fccefbf8ab96
fb848df3-3ffe-4057-9bb0-caaa00dcf6f8,7319bb38-0e1a-42a0-a1a3-c170af371232,,0577e21e-b688-49f6-915d-eb2e3d43a3f4,04b79c8e-ee4c-4473-b915-16983dec8056,6521490a-9cae-428c-8686-0438bf8aeb68,2026-06-19T05:09:23.725880,Growth Deal - Prism Technologies,327548.42,2026-12-08T10:32:27.725896,aabd8828-4992-4138-a82c-82d2ace3e408,2026-04-22T01:36:33.725880,638bfc6a-5a8b-4bf8-9f66-0c0d0744f19a
7eb97626-27b6-41c5-a62e-54d9843985ef,7319bb38-0e1a-42a0-a1a3-c170af371232,8f165e44-6e05-4c33-88db-cd8e180013f8,6231b955-9f3d-48c9-bd86-0ce003d41ca2,04b79c8e-ee4c-4473-b915-16983dec8056,924d181f-d0a7-4fc0-b892-6232ebea55e8,2026-07-06T04:44:01.725907,Enterprise Deal - Crystal Clear,376003.46,2026-07-25T04:23:11.725924,8ae3dae5-38cd-4160-84ef-5c590af0066c,2025-08-10T15:52:00.725907,fd2fd60f-404e-41a6-95e7-9a06e7913261
70b48c83-47d2-48f8-9314-7c0ece6799f7,7319bb38-0e1a-42a0-a1a3-c170af371232,,,04b79c8e-ee4c-4473-b915-16983dec8056,897f5d2f-3160-42b5-aec4-63761a6aee1a,2026-03-06T09:01:44.725934,Starter Deal - Pearl Analytics,228927.1,2027-01-21T22:40:09.725950,38b1938d-3cd4-479f-8f9c-d5fc4c1dd8fd,2026-02-06T16:56:18.725934,638bfc6a-5a8b-4bf8-9f66-0c0d0744f19a
306eb1d7-2d74-4e9d-aae9-73c077bf467a,7319bb38-0e1a-42a0-a1a3-c170af371232,,,04b79c8e-ee4c-4473-b915-16983dec8056,6521490a-9cae-428c-8686-0438bf8aeb68,2026-07-26T13:44:09.725959,Custom Deal - Apex Innovations,457937.03,2026-12-18T06:41:08.725976,5b11e466-caa2-4b0d-ad40-becd33c6cbc2,2026-05-17T04:55:56.725959,aabd8828-4992-4138-a82c-82d2ace3e408
340a706b-f59e-4dab-9e7c-1be95bfca865,7319bb38-0e1a-42a0-a1a3-c170af371232,,e1314932-d291-4995-ad24-d29644d18363,04b79c8e-ee4c-4473-b915-16983dec8056,897f5d2f-3160-42b5-aec4-63761a6aee1a,2026-07-25T09:19:13.725986,Growth Deal - Pulse Digital,499709.56,2026-12-19T16:54:36.726001,96bb061b-9355-4d14-bab8-c5b59a63ac2a,2026-03-07T09:00:29.725986,eaf0989b-5b56-4b72-9a32-2711e9c394ff
780bb85e-4175-4565-9014-d04d8720d6e7,7319bb38-0e1a-42a0-a1a3-c170af371232,,,04b79c8e-ee4c-4473-b915-16983dec8056,6521490a-9cae-428c-8686-0438bf8aeb68,2026-07-30T14:59:18.726011,Starter Deal - DataFlow Systems,195286.8,2027-01-12T19:30:56.726027,ba4c6a8d-6e78-4532-82ad-fccefbf8ab96,2026-01-17T11:44:39.726011,fd2fd60f-404e-41a6-95e7-9a06e7913261
10810836-3122-4e77-9a04-b9b71957c55d,7319bb38-0e1a-42a0-a1a3-c170af371232,45b3d838-0ae3-4cb0-8cc9-8b39068ab894,,04b79c8e-ee4c-4473-b915-16983dec8056,c7ffe30e-ebfe-4810-83f4-206c3287d9de,2026-04-07T23:35:14.726037,Premium Deal - TechNova Solutions,464644.81,2026-04-30T07:54:20.726052,38b1938d-3cd4-479f-8f9c-d5fc4c1dd8fd,2025-08-25T15:56:28.726037,5b11e466-caa2-4b0d-ad40-becd33c6cbc2
dff02b20-a4b6-4986-9bb5-668d9e6296f2,7319bb38-0e1a-42a0-a1a3-c170af371232,45f4fe6b-f29c-4175-a3eb-88bc60f234e1,,04b79c8e-ee4c-4473-b915-16983dec8056,a823f083-5d28-41df-879e-bb9f9fb39864,2026-07-24T06:45:37.726062,Premium Deal - Copper Systems,66105.55,2026-10-03T12:44:58.726078,5b11e466-caa2-4b0d-ad40-becd33c6cbc2,2026-06-12T19:57:11.726062,38b1938d-3cd4-479f-8f9c-d5fc4c1dd8fd
af64e45e-2cce-4baf-81ae-d410e5dc19bd,7319bb38-0e1a-42a0-a1a3-c170af371232,e1c645bb-fdb5-46a9-8b51-b7b1a6db06fd,,04b79c8e-ee4c-4473-b915-16983dec8056,6521490a-9cae-428c-8686-0438bf8aeb68,2026-07-17T08:48:24.726088,Starter Deal - Apex Health,227469.1,2027-01-17T10:48:25.726104,aabd8828-4992-4138-a82c-82d2ace3e408,2026-01-11T15:53:06.726088,f6c1513d-8b13-441d-98bb-1a986c21400d
15d69697-1186-4eef-aaff-246b5f99c7e5,7319bb38-0e1a-42a0-a1a3-c170af371232,,,04b79c8e-ee4c-4473-b915-16983dec8056,6521490a-9cae-428c-8686-0438bf8aeb68,2026-07-11T10:14:20.726113,Premium Deal - Nimbus Networks,187578.47,2026-09-14T07:09:47.726132,aabd8828-4992-4138-a82c-82d2ace3e408,2025-10-23T05:27:37.726113,af8e7df9-9ce7-4499-ab19-610e813af04b
51134ce1-bd6d-4d66-91bd-31a0dcefa741,7319bb38-0e1a-42a0-a1a3-c170af371232,95ba64d3-3af2-419e-813d-e0f55aa1311a,,04b79c8e-ee4c-4473-b915-16983dec8056,897f5d2f-3160-42b5-aec4-63761a6aee1a,2026-04-14T21:23:36.726148,Custom Deal - Jade Consulting,161943.0,2026-08-27T21:31:24.726164,38b1938d-3cd4-479f-8f9c-d5fc4c1dd8fd,2025-10-17T18:46:54.726148,af8ae744-eaf6-49a6-9c7f-4f4aa9e503ee
6b15428e-d84b-46ad-b56f-b8c10ec3b25a,7319bb38-0e1a-42a0-a1a3-c170af371232,064de170-086d-4c2e-9757-c0b17ac0533e,,04b79c8e-ee4c-4473-b915-16983dec8056,1bd1b098-4e87-4258-8b67-54c76c74599a,2026-05-27T00:41:01.726174,Premium Deal - BrightStar Inc,82646.97,2026-10-04T07:22:18.726190,638bfc6a-5a8b-4bf8-9f66-0c0d0744f19a,2025-10-09T04:14:29.726174,aabd8828-4992-4138-a82c-82d2ace3e408
7ce2b96f-098a-47d3-9ce4-a75be74fb43e,7319bb38-0e1a-42a0-a1a3-c170af371232,bd73b387-2f8e-4d95-89d3-3fad488521f4,abdaeddd-7a95-4663-b854-869042cb51f0,04b79c8e-ee4c-4473-b915-16983dec8056,924d181f-d0a7-4fc0-b892-6232ebea55e8,2026-08-02T07:29:30.726201,Growth Deal - TechNova Solutions,470194.36,2026-05-09T02:48:45.726216,f6c1513d-8b13-441d-98bb-1a986c21400d,2026-07-22T00:42:26.726201,96bb061b-9355-4d14-bab8-c5b59a63ac2a
6c569963-3708-410d-bb5f-7551f20937f3,7319bb38-0e1a-42a0-a1a3-c170af371232,,,04b79c8e-ee4c-4473-b915-16983dec8056,897f5d2f-3160-42b5-aec4-63761a6aee1a,2026-05-16T01:23:16.726226,Starter Deal - Titan Industries,490916.43,2026-11-05T12:02:34.726240,a3b11eec-7159-4649-ad03-75eeb3c9b04f,2025-12-01T23:28:46.726226,38b1938d-3cd4-479f-8f9c-d5fc4c1dd8fd
9bb71620-ed1d-41f1-b7ef-c336678fa4ef,7319bb38-0e1a-42a0-a1a3-c170af371232,207db7ea-4023-4a80-9d81-feaea8de2b7b,,04b79c8e-ee4c-4473-b915-16983dec8056,1bd1b098-4e87-4258-8b67-54c76c74599a,2026-04-03T05:54:56.726250,Growth Deal - Opal Solutions,280550.82,2026-08-15T02:40:46.726268,5b11e466-caa2-4b0d-ad40-becd33c6cbc2,2026-03-20T12:08:54.726250,0d1a00d8-532c-48b5-a0d5-e8f37068b7e8
ad59e694-be0c-480d-a797-248a43a16a61,7319bb38-0e1a-42a0-a1a3-c170af371232,9fe309b4-e69b-45e1-8d03-c9e8f4a4b913,8a9f0f64-7b1e-47e3-8f2c-40b6ac2426f5,04b79c8e-ee4c-4473-b915-16983dec8056,897f5d2f-3160-42b5-aec4-63761a6aee1a,2026-07-27T02:28:19.726280,Custom Deal - BlueShift Labs,445563.47,2026-10-30T07:58:25.726296,af8e7df9-9ce7-4499-ab19-610e813af04b,2026-05-25T08:57:50.726280,96bb061b-9355-4d14-bab8-c5b59a63ac2a
344b0ff6-6041-4c79-b677-e1da6a21e4df,7319bb38-0e1a-42a0-a1a3-c170af371232,ec5ad282-cc7b-438f-a1a5-3c5a2bacd703,70a3588b-f0ba-4ba5-9673-037df2cea26a,04b79c8e-ee4c-4473-b915-16983dec8056,a823f083-5d28-41df-879e-bb9f9fb39864,2026-07-22T15:24:49.726307,Custom Deal - TechNova Solutions,153727.28,2026-08-28T12:12:50.726322,5b11e466-caa2-4b0d-ad40-becd33c6cbc2,2026-01-15T04:36:24.726307,5b11e466-caa2-4b0d-ad40-becd33c6cbc2
e7287fae-a404-4fbd-9047-60ab69f96360,7319bb38-0e1a-42a0-a1a3-c170af371232,5ac03a8f-9aac-4f52-94b6-95d0d288dc07,8d0da783-96c4-48be-97a0-519a33ecea23,04b79c8e-ee4c-4473-b915-16983dec8056,897f5d2f-3160-42b5-aec4-63761a6aee1a,2026-06-04T00:10:17.726333,Enterprise Deal - Ember Labs,113602.81,2026-10-28T21:42:18.726348,af8ae744-eaf6-49a6-9c7f-4f4aa9e503ee,2025-12-17T03:50:49.726333,aabd8828-4992-4138-a82c-82d2ace3e408
0e0e4198-d92c-45fc-a9b6-c115421cb511,7319bb38-0e1a-42a0-a1a3-c170af371232,ea843947-c99b-49dd-a726-168111857cce,83119fa2-d428-473c-8f5a-5add53b73dd5,04b79c8e-ee4c-4473-b915-16983dec8056,6521490a-9cae-428c-8686-0438bf8aeb68,2026-04-13T17:32:54.726359,Enterprise Deal - Summit Analytics,117669.66,2026-08-23T04:03:55.726375,a3b11eec-7159-4649-ad03-75eeb3c9b04f,2025-11-08T06:47:01.726359,af8e7df9-9ce7-4499-ab19-610e813af04b
53c33291-9aa3-4094-a346-078bdd5ccebf,7319bb38-0e1a-42a0-a1a3-c170af371232,4d431bab-93ba-4d7a-ab97-ac01ae7e070c,,04b79c8e-ee4c-4473-b915-16983dec8056,924d181f-d0a7-4fc0-b892-6232ebea55e8,2026-07-03T06:56:48.726385,Premium Deal - Cobalt Systems,162315.03,2026-04-30T11:09:12.726405,af8ae744-eaf6-49a6-9c7f-4f4aa9e503ee,2026-01-20T15:40:56.726385,aabd8828-4992-4138-a82c-82d2ace3e408
eb3d2235-7d01-411e-b686-357ef70332b8,7319bb38-0e1a-42a0-a1a3-c170af371232,5009ac7d-aaab-4ac9-a4fd-b30499117008,,04b79c8e-ee4c-4473-b915-16983dec8056,897f5d2f-3160-42b5-aec4-63761a6aee1a,2026-06-25T05:00:57.726418,Starter Deal - SilverLine Corp,155042.23,2027-02-05T04:29:04.726434,aabd8828-4992-4138-a82c-82d2ace3e408,2026-06-09T02:58:43.726418,fd2fd60f-404e-41a6-95e7-9a06e7913261
66ffdf8f-e79e-44fa-bd6b-aa22658e751f,7319bb38-0e1a-42a0-a1a3-c170af371232,0da1b3a1-512f-4a3b-a7bd-5522c3e9075c,ceb4c214-6b61-47a1-b5c4-369c9a875d15,04b79c8e-ee4c-4473-b915-16983dec8056,897f5d2f-3160-42b5-aec4-63761a6aee1a,2026-07-21T00:03:55.726445,Custom Deal - NovaTech Solutions,361873.47,2026-10-10T20:57:07.726460,fd2fd60f-404e-41a6-95e7-9a06e7913261,2025-09-07T12:59:12.726445,5b11e466-caa2-4b0d-ad40-becd33c6cbc2
9b092111-781f-46c4-a8ea-40b0a78d9c2d,7319bb38-0e1a-42a0-a1a3-c170af371232,afa8b96b-47d3-4520-919f-432e4f842cfc,c7e58de6-2f1b-4c07-9dfd-7c11a0ee06a3,04b79c8e-ee4c-4473-b915-16983dec8056,1bd1b098-4e87-4258-8b67-54c76c74599a,2026-06-29T01:00:39.726471,Premium Deal - Vanguard Systems,443623.96,2026-09-13T22:33:25.726487,fd2fd60f-404e-41a6-95e7-9a06e7913261,2026-05-30T14:09:54.726471,0d1a00d8-532c-48b5-a0d5-e8f37068b7e8
36c1383b-1f9b-4dea-8940-2efb886219cc,7319bb38-0e1a-42a0-a1a3-c170af371232,0bc45e71-476f-4f87-a5ea-4a842e64e9fa,,04b79c8e-ee4c-4473-b915-16983dec8056,1bd1b098-4e87-4258-8b67-54c76c74599a,2026-06-13T14:48:13.726502,Premium Deal - Sterling Finance,35598.01,2026-09-02T10:00:48.726518,fd2fd60f-404e-41a6-95e7-9a06e7913261,2026-06-11T05:50:31.726502,38b1938d-3cd4-479f-8f9c-d5fc4c1dd8fd
08028b51-e607-413d-be11-21209f988f68,7319bb38-0e1a-42a0-a1a3-c170af371232,,,04b79c8e-ee4c-4473-b915-16983dec8056,924d181f-d0a7-4fc0-b892-6232ebea55e8,2026-03-06T16:38:07.726527,Custom Deal - Apex Innovations,384155.37,2026-05-07T10:43:04.726547,a3b11eec-7159-4649-ad03-75eeb3c9b04f,2026-01-12T15:25:55.726527,af8ae744-eaf6-49a6-9c7f-4f4aa9e503ee
000d501f-b4c4-4502-b226-d255d581bf11,7319bb38-0e1a-42a0-a1a3-c170af371232,34c380b7-2b0f-465d-a1ac-d0a4dd7335d1,,04b79c8e-ee4c-4473-b915-16983dec8056,6521490a-9cae-428c-8686-0438bf8aeb68,2026-07-30T12:18:35.726557,Enterprise Deal - RedRock Ventures,192343.76,2026-10-18T15:48:12.726573,96bb061b-9355-4d14-bab8-c5b59a63ac2a,2026-07-29T19:58:27.726557,5b11e466-caa2-4b0d-ad40-becd33c6cbc2
07d91d3b-5908-444b-8742-a386fb30c3eb,7319bb38-0e1a-42a0-a1a3-c170af371232,92bdfb4c-1fe5-4919-84aa-562f98c3cde5,,04b79c8e-ee4c-4473-b915-16983dec8056,924d181f-d0a7-4fc0-b892-6232ebea55e8,2026-07-21T19:53:31.726583,Premium Deal - Bronze Gate,72614.33,2026-05-08T10:27:13.726599,5b11e466-caa2-4b0d-ad40-becd33c6cbc2,2026-04-30T17:19:58.726583,0d1a00d8-532c-48b5-a0d5-e8f37068b7e8
5a9921de-604d-4345-a053-0e27f4c190c1,7319bb38-0e1a-42a0-a1a3-c170af371232,8a69815a-aaea-4cf6-902b-f2872c58827b,ca011c11-1161-40e5-89b9-fbd5123abdc5,04b79c8e-ee4c-4473-b915-16983dec8056,924d181f-d0a7-4fc0-b892-6232ebea55e8,2026-05-05T17:49:57.726610,Premium Deal - Summit Analytics,35430.86,2026-06-21T20:19:19.726672,a3b11eec-7159-4649-ad03-75eeb3c9b04f,2026-03-19T06:20:06.726610,af8e7df9-9ce7-4499-ab19-610e813af04b
71cdc77b-1920-4f54-a156-094eb3fe3710,7319bb38-0e1a-42a0-a1a3-c170af371232,df6424fe-e7a7-4a06-b015-f8d41dc0955e,20a79fcd-4c30-422e-9efd-19bde2d9f8d4,04b79c8e-ee4c-4473-b915-16983dec8056,c7ffe30e-ebfe-4810-83f4-206c3287d9de,2026-02-11T17:46:57.726702,Custom Deal - Platinum Partners,104662.66,2026-05-20T13:54:35.726723,fd2fd60f-404e-41a6-95e7-9a06e7913261,2026-01-12T01:43:13.726702,eaf0989b-5b56-4b72-9a32-2711e9c394ff
be8525fe-7e05-4b2b-99d8-8a0d4ba440ff,7319bb38-0e1a-42a0-a1a3-c170af371232,181c8964-cb72-4c94-abf6-b8269ea5e00c,,04b79c8e-ee4c-4473-b915-16983dec8056,c7ffe30e-ebfe-4810-83f4-206c3287d9de,2026-01-15T15:26:51.726734,Growth Deal - Amber Industries,136443.11,2026-05-16T00:17:36.726750,96bb061b-9355-4d14-bab8-c5b59a63ac2a,2025-12-16T15:58:01.726734,8ae3dae5-38cd-4160-84ef-5c590af0066c
453d5760-18ec-4aff-9748-e1235af185d6,7319bb38-0e1a-42a0-a1a3-c170af371232,,,04b79c8e-ee4c-4473-b915-16983dec8056,1bd1b098-4e87-4258-8b67-54c76c74599a,2026-07-16T17:22:32.726765,Custom Deal - Ember Labs,370492.29,2026-10-06T05:31:59.726781,968afaab-9fc3-43d8-aea9-de1b0845fb8c,2026-06-05T19:30:44.726765,5b11e466-caa2-4b0d-ad40-becd33c6cbc2
76e4a20b-b7dd-407c-b7df-b9be4e6473cc,7319bb38-0e1a-42a0-a1a3-c170af371232,5ff5aea7-bcab-49b4-88b5-55e9c5483867,,04b79c8e-ee4c-4473-b915-16983dec8056,a823f083-5d28-41df-879e-bb9f9fb39864,2026-05-26T04:38:45.726792,Starter Deal - Diamond Edge,65261.63,2026-11-30T03:42:37.726807,638bfc6a-5a8b-4bf8-9f66-0c0d0744f19a,2026-02-15T02:22:24.726792,968afaab-9fc3-43d8-aea9-de1b0845fb8c
448f9931-1d69-4b62-9258-d207bcdb51ce,7319bb38-0e1a-42a0-a1a3-c170af371232,bd022558-c7a2-4035-b0eb-a6e757f5eb90,1a017dff-0a24-4f2a-b0b4-42650a48ad51,04b79c8e-ee4c-4473-b915-16983dec8056,c7ffe30e-ebfe-4810-83f4-206c3287d9de,2026-07-23T02:41:54.726818,Enterprise Deal - Velocity Labs,388097.04,2026-05-29T19:18:33.726834,f6c1513d-8b13-441d-98bb-1a986c21400d,2026-07-04T12:45:37.726818,a3b11eec-7159-4649-ad03-75eeb3c9b04f
472b78cb-314f-4460-844e-e6e7fcfdb92c,7319bb38-0e1a-42a0-a1a3-c170af371232,f3e2560b-eea2-4aa5-bcb1-9ca6597fb9ca,627b09a6-16a6-4c2d-936c-a98146c2fb05,04b79c8e-ee4c-4473-b915-16983dec8056,c7ffe30e-ebfe-4810-83f4-206c3287d9de,2026-07-28T21:58:27.726867,Starter Deal - Apex Health,413832.0,2026-04-21T09:28:32.726899,fd2fd60f-404e-41a6-95e7-9a06e7913261,2025-09-17T11:45:01.726867,af8e7df9-9ce7-4499-ab19-610e813af04b
ad2c4c4d-1c72-40ff-8fe4-3d20a6a78751,7319bb38-0e1a-42a0-a1a3-c170af371232,eebecea7-7c2c-4434-9ef9-89c3b24ff2f8,a22926c4-db25-41f9-b441-34d4af69559b,04b79c8e-ee4c-4473-b915-16983dec8056,a823f083-5d28-41df-879e-bb9f9fb39864,2026-07-19T01:49:34.726915,Custom Deal - NovaTech Solutions,294251.68,2026-12-11T06:28:18.726952,0d1a00d8-532c-48b5-a0d5-e8f37068b7e8,2025-11-08T21:50:10.726915,af8e7df9-9ce7-4499-ab19-610e813af04b
e4a752dc-ea85-4bd7-aa11-61752aa794e7,7319bb38-0e1a-42a0-a1a3-c170af371232,5ff5aea7-bcab-49b4-88b5-55e9c5483867,ed1f631c-03f7-4ac2-91a6-7035cbf93896,04b79c8e-ee4c-4473-b915-16983dec8056,924d181f-d0a7-4fc0-b892-6232ebea55e8,2026-05-27T15:58:11.726974,Growth Deal - Ember Labs,324742.25,2026-04-22T16:50:09.727001,38b1938d-3cd4-479f-8f9c-d5fc4c1dd8fd,2026-01-02T19:03:56.726974,f6c1513d-8b13-441d-98bb-1a986c21400d
afa59ff4-ab93-496b-ad34-d8efa203e10b,7319bb38-0e1a-42a0-a1a3-c170af371232,,80813e80-57b0-4711-9003-636884486f45,04b79c8e-ee4c-4473-b915-16983dec8056,897f5d2f-3160-42b5-aec4-63761a6aee1a,2026-07-16T00:30:06.727012,Premium Deal - NexGen Software,9063.51,2026-08-30T10:59:11.727037,96bb061b-9355-4d14-bab8-c5b59a63ac2a,2026-07-13T15:15:35.727012,a3b11eec-7159-4649-ad03-75eeb3c9b04f
fe4bae1d-d31d-4850-ae0c-4e7e332432e5,7319bb38-0e1a-42a0-a1a3-c170af371232,,d84d86f7-40e4-412d-b5ad-e170922198d5,04b79c8e-ee4c-4473-b915-16983dec8056,6521490a-9cae-428c-8686-0438bf8aeb68,2026-02-17T21:22:13.727049,Enterprise Deal - Catalyst Group,63591.19,2026-08-13T00:46:50.727065,0d1a00d8-532c-48b5-a0d5-e8f37068b7e8,2026-01-19T04:07:56.727049,fd2fd60f-404e-41a6-95e7-9a06e7913261
e2ec7fdd-8864-4311-896b-2fe83e3b3b4b,7319bb38-0e1a-42a0-a1a3-c170af371232,,1ff9bead-4cf5-4861-960d-0aceb8a04fbe,04b79c8e-ee4c-4473-b915-16983dec8056,1bd1b098-4e87-4258-8b67-54c76c74599a,2026-05-11T05:32:42.727075,Custom Deal - Ruby Software,292279.29,2027-01-18T16:14:35.727091,38b1938d-3cd4-479f-8f9c-d5fc4c1dd8fd,2025-09-15T12:11:23.727075,ba4c6a8d-6e78-4532-82ad-fccefbf8ab96
80973c2b-9101-43d8-a094-6e4d0dc7b976,7319bb38-0e1a-42a0-a1a3-c170af371232,5c72dc1e-135c-4297-83af-8e4a27315c0a,,04b79c8e-ee4c-4473-b915-16983dec8056,924d181f-d0a7-4fc0-b892-6232ebea55e8,2026-06-09T14:21:00.727102,Enterprise Deal - Silver Stream,155097.81,2026-04-21T16:22:33.727117,af8ae744-eaf6-49a6-9c7f-4f4aa9e503ee,2026-04-15T11:15:31.727102,fd2fd60f-404e-41a6-95e7-9a06e7913261
d388df63-d85d-49e8-a124-0ee5e8034e54,7319bb38-0e1a-42a0-a1a3-c170af371232,1b542ffc-b741-4cee-946a-29f4bf580bdd,627b09a6-16a6-4c2d-936c-a98146c2fb05,04b79c8e-ee4c-4473-b915-16983dec8056,c7ffe30e-ebfe-4810-83f4-206c3287d9de,2026-03-10T10:46:24.727132,Premium Deal - Iron Mountain,423023.54,2026-05-06T18:18:22.727150,aabd8828-4992-4138-a82c-82d2ace3e408,2026-02-01T07:48:13.727132,f6c1513d-8b13-441d-98bb-1a986c21400d
ae68aecc-c615-4afa-96cf-135559486345,7319bb38-0e1a-42a0-a1a3-c170af371232,,,04b79c8e-ee4c-4473-b915-16983dec8056,1bd1b098-4e87-4258-8b67-54c76c74599a,2026-08-02T13:41:18.727160,Growth Deal - Crystal Clear,418458.01,2027-01-03T08:34:13.727175,638bfc6a-5a8b-4bf8-9f66-0c0d0744f19a,2026-07-29T20:00:12.727160,eaf0989b-5b56-4b72-9a32-2711e9c394ff
03e6d861-dec6-414e-b99c-4acb41933c53,7319bb38-0e1a-42a0-a1a3-c170af371232,62c7a641-1a99-41f8-8128-94d3bc4ccbcc,,04b79c8e-ee4c-4473-b915-16983dec8056,6521490a-9cae-428c-8686-0438bf8aeb68,2026-07-24T05:23:48.727186,Growth Deal - Horizon Media,277895.91,2026-11-02T14:45:28.727203,38b1938d-3cd4-479f-8f9c-d5fc4c1dd8fd,2025-10-05T16:59:32.727186,fd2fd60f-404e-41a6-95e7-9a06e7913261
ea151313-9329-40ea-981f-77096f482a53,7319bb38-0e1a-42a0-a1a3-c170af371232,dc858442-97b8-4cc3-9fe0-456b27eeddd7,,04b79c8e-ee4c-4473-b915-16983dec8056,6521490a-9cae-428c-8686-0438bf8aeb68,2026-06-28T07:56:11.727213,Premium Deal - NexGen Software,418645.61,2026-09-11T04:15:53.727228,a3b11eec-7159-4649-ad03-75eeb3c9b04f,2026-06-14T19:58:27.727213,af8e7df9-9ce7-4499-ab19-610e813af04b
34880757-f92f-4d11-911f-53ee81fd9d18,7319bb38-0e1a-42a0-a1a3-c170af371232,,2b5153b1-a7d8-4f20-9033-c1369cd9316c,04b79c8e-ee4c-4473-b915-16983dec8056,c7ffe30e-ebfe-4810-83f4-206c3287d9de,2026-03-29T23:42:40.727239,Custom Deal - Prism Technologies,249533.59,2026-06-02T04:05:04.727254,eaf0989b-5b56-4b72-9a32-2711e9c394ff,2026-03-28T06:00:09.727239,ba4c6a8d-6e78-4532-82ad-fccefbf8ab96
fb7e2f7a-588a-43b2-92c3-4644f5fee5e7,7319bb38-0e1a-42a0-a1a3-c170af371232,d8751806-5474-437e-b218-cc5960300ad1,,04b79c8e-ee4c-4473-b915-16983dec8056,897f5d2f-3160-42b5-aec4-63761a6aee1a,2026-08-05T03:09:20.727265,Premium Deal - Apex Health,100360.25,2027-01-08T19:37:11.727279,eaf0989b-5b56-4b72-9a32-2711e9c394ff,2026-07-11T12:02:05.727265,af8ae744-eaf6-49a6-9c7f-4f4aa9e503ee
16299bd8-ed92-4a56-8170-6e2c31da1779,7319bb38-0e1a-42a0-a1a3-c170af371232,,209a29ab-b0ab-40e6-b951-2cc6ab1e18be,04b79c8e-ee4c-4473-b915-16983dec8056,1bd1b098-4e87-4258-8b67-54c76c74599a,2026-05-10T18:42:43.727290,Growth Deal - Crystal Clear,333062.48,2027-02-03T22:13:27.727305,af8ae744-eaf6-49a6-9c7f-4f4aa9e503ee,2026-01-03T03:46:14.727290,af8ae744-eaf6-49a6-9c7f-4f4aa9e503ee
fc6567e3-8f6b-4822-97ba-c5c07d55ca6d,7319bb38-0e1a-42a0-a1a3-c170af371232,83d354c2-aaf3-4eb7-b098-d1a311a61af3,cb554b95-a1a6-4bc8-b3de-39e2770f3d9a,04b79c8e-ee4c-4473-b915-16983dec8056,c7ffe30e-ebfe-4810-83f4-206c3287d9de,2026-03-20T20:30:58.727316,Custom Deal - Pearl Analytics,384627.03,2026-04-20T00:37:40.727332,a3b11eec-7159-4649-ad03-75eeb3c9b04f,2025-11-11T16:38:52.727316,5b11e466-caa2-4b0d-ad40-becd33c6cbc2
abaed28c-c9eb-4e6c-a7ef-8d5c9e19115c,7319bb38-0e1a-42a0-a1a3-c170af371232,,74e3cca5-e679-4002-9be1-3a4aefb076b2,04b79c8e-ee4c-4473-b915-16983dec8056,a823f083-5d28-41df-879e-bb9f9fb39864,2026-07-19T01:58:47.727342,Growth Deal - SwiftScale,149860.48,2026-12-01T08:16:34.727358,fd2fd60f-404e-41a6-95e7-9a06e7913261,2026-06-09T12:14:51.727342,0d1a00d8-532c-48b5-a0d5-e8f37068b7e8
dcff5eae-fb1d-4ef7-85f8-b8055f3d5a38,7319bb38-0e1a-42a0-a1a3-c170af371232,073f809f-020e-46f7-8dff-569bc11a8600,2a7a9439-e288-4c5f-9d70-757e2dd3a56d,04b79c8e-ee4c-4473-b915-16983dec8056,6521490a-9cae-428c-8686-0438bf8aeb68,2025-10-15T01:31:12.727369,Custom Deal - Summit Analytics,437616.59,2026-12-06T17:55:03.727389,638bfc6a-5a8b-4bf8-9f66-0c0d0744f19a,2025-10-10T05:49:12.727369,af8e7df9-9ce7-4499-ab19-610e813af04b
b0dd1c8c-75af-424e-b40e-c5578a2d9a37,7319bb38-0e1a-42a0-a1a3-c170af371232,,29d44821-7bf8-40a8-b87d-6e0552278397,04b79c8e-ee4c-4473-b915-16983dec8056,6521490a-9cae-428c-8686-0438bf8aeb68,2026-06-11T14:56:25.727402,Enterprise Deal - Diamond Edge,166306.92,2026-10-18T09:52:04.727418,a3b11eec-7159-4649-ad03-75eeb3c9b04f,2026-02-26T16:39:57.727402,5b11e466-caa2-4b0d-ad40-becd33c6cbc2
56085940-837e-4dd0-bb84-015ffe55c357,7319bb38-0e1a-42a0-a1a3-c170af371232,72103494-c102-4941-b4c4-e1c0cffebce6,aaab7100-5a73-4ca1-87c2-66ca8e1c5cc7,04b79c8e-ee4c-4473-b915-16983dec8056,1bd1b098-4e87-4258-8b67-54c76c74599a,2026-04-02T23:06:38.727429,Growth Deal - Onyx Data,190131.61,2027-01-13T06:50:44.727445,38b1938d-3cd4-479f-8f9c-d5fc4c1dd8fd,2026-02-19T09:48:29.727429,af8e7df9-9ce7-4499-ab19-610e813af04b
c0e42d42-93bc-4a82-9c07-33df2c4b7530,7319bb38-0e1a-42a0-a1a3-c170af371232,e7eb3bd0-c3ed-4c3d-afc5-fbef4d5766a0,01f4d583-87d5-455a-8340-45a6c95b98c2,04b79c8e-ee4c-4473-b915-16983dec8056,897f5d2f-3160-42b5-aec4-63761a6aee1a,2026-07-11T10:13:35.727456,Starter Deal - SilverLine Corp,106107.63,2026-12-10T15:26:44.727472,5b11e466-caa2-4b0d-ad40-becd33c6cbc2,2026-06-06T08:36:17.727456,fd2fd60f-404e-41a6-95e7-9a06e7913261
d36821df-d9ea-4981-b588-d3959e886836,7319bb38-0e1a-42a0-a1a3-c170af371232,,a8fc4c55-774c-4f65-9289-cacaaa280ba7,04b79c8e-ee4c-4473-b915-16983dec8056,a823f083-5d28-41df-879e-bb9f9fb39864,2026-05-01T15:25:29.727481,Premium Deal - RedRock Ventures,49861.66,2026-10-31T13:43:39.727496,38b1938d-3cd4-479f-8f9c-d5fc4c1dd8fd,2026-04-12T01:07:05.727481,96bb061b-9355-4d14-bab8-c5b59a63ac2a
80f18fb3-94c5-4a3b-a6bd-86ed365ce32d,7319bb38-0e1a-42a0-a1a3-c170af371232,32a9f3bd-5d6a-4a25-83a1-63d335c30364,,04b79c8e-ee4c-4473-b915-16983dec8056,1bd1b098-4e87-4258-8b67-54c76c74599a,2026-06-16T15:26:38.727506,Growth Deal - Opal Solutions,410280.38,2026-11-02T12:42:55.727522,af8e7df9-9ce7-4499-ab19-610e813af04b,2026-05-18T14:09:43.727506,eaf0989b-5b56-4b72-9a32-2711e9c394ff
4119f3e9-35f0-4991-8db6-25e1fa12eeb2,7319bb38-0e1a-42a0-a1a3-c170af371232,3a46c62a-51e5-4aa7-95c0-76e2c8046dd3,e1314932-d291-4995-ad24-d29644d18363,04b79c8e-ee4c-4473-b915-16983dec8056,924d181f-d0a7-4fc0-b892-6232ebea55e8,2026-07-17T12:23:58.727532,Premium Deal - Cobalt Systems,325411.23,2026-08-01T05:16:16.727548,af8ae744-eaf6-49a6-9c7f-4f4aa9e503ee,2025-11-20T11:42:00.727532,968afaab-9fc3-43d8-aea9-de1b0845fb8c
9af842cf-b3c6-448b-b610-4b4ef892d389,7319bb38-0e1a-42a0-a1a3-c170af371232,cedd4bbe-822b-4da6-b665-ce54d85e8481,,04b79c8e-ee4c-4473-b915-16983dec8056,897f5d2f-3160-42b5-aec4-63761a6aee1a,2026-04-08T07:31:25.727558,Starter Deal - Pulse Digital,164050.64,2027-01-04T05:14:11.727574,af8e7df9-9ce7-4499-ab19-610e813af04b,2026-01-08T22:07:18.727558,af8e7df9-9ce7-4499-ab19-610e813af04b
8272661e-85f2-4a2a-a2d5-a1b5b97b69eb,7319bb38-0e1a-42a0-a1a3-c170af371232,ea39e917-b460-482d-9129-822b0ebfc932,,04b79c8e-ee4c-4473-b915-16983dec8056,c7ffe30e-ebfe-4810-83f4-206c3287d9de,2026-01-03T04:22:22.727585,Premium Deal - Golden Ratio,8800.73,2026-06-24T23:28:37.727604,96bb061b-9355-4d14-bab8-c5b59a63ac2a,2025-12-14T08:31:01.727585,ba4c6a8d-6e78-4532-82ad-fccefbf8ab96
e8b40e71-4338-4e9e-ae68-12c00e5dd3d2,7319bb38-0e1a-42a0-a1a3-c170af371232,,611a73dc-1032-4ee2-a152-09c26768784f,04b79c8e-ee4c-4473-b915-16983dec8056,1bd1b098-4e87-4258-8b67-54c76c74599a,2026-03-16T12:38:53.727614,Custom Deal - Crystal Corp,98262.62,2026-12-15T20:58:09.727629,af8ae744-eaf6-49a6-9c7f-4f4aa9e503ee,2026-01-12T05:23:00.727614,eaf0989b-5b56-4b72-9a32-2711e9c394ff
569f9322-fd81-434e-9772-e3d7fc96233a,7319bb38-0e1a-42a0-a1a3-c170af371232,,20a79fcd-4c30-422e-9efd-19bde2d9f8d4,04b79c8e-ee4c-4473-b915-16983dec8056,a823f083-5d28-41df-879e-bb9f9fb39864,2026-06-22T17:32:02.727639,Premium Deal - Sapphire Tech,360540.07,2026-09-16T15:57:15.727686,5b11e466-caa2-4b0d-ad40-becd33c6cbc2,2026-02-22T10:05:49.727639,aabd8828-4992-4138-a82c-82d2ace3e408
4468b1e8-ff48-48fd-befb-51e48eb93001,7319bb38-0e1a-42a0-a1a3-c170af371232,46691f26-956d-4d8c-b2fa-31980b6e2139,,04b79c8e-ee4c-4473-b915-16983dec8056,a823f083-5d28-41df-879e-bb9f9fb39864,2026-01-09T16:41:09.727702,Custom Deal - BlueShift Labs,186843.05,2026-10-05T05:38:37.727722,af8e7df9-9ce7-4499-ab19-610e813af04b,2025-12-28T20:22:51.727702,0d1a00d8-532c-48b5-a0d5-e8f37068b7e8
ad98a50c-36d1-4c23-bae1-10c3992ab86c,7319bb38-0e1a-42a0-a1a3-c170af371232,bdcffada-e6d1-436c-a04a-62b191bcd9cb,f34beda3-1512-4200-bc84-cfe5598d2950,04b79c8e-ee4c-4473-b915-16983dec8056,6521490a-9cae-428c-8686-0438bf8aeb68,2026-04-16T17:57:14.727732,Growth Deal - GreenField Capital,234062.81,2026-11-09T00:05:09.727752,96bb061b-9355-4d14-bab8-c5b59a63ac2a,2026-02-12T10:42:56.727732,ba4c6a8d-6e78-4532-82ad-fccefbf8ab96
44f3b066-7c0d-4b78-82df-cb88afca68db,7319bb38-0e1a-42a0-a1a3-c170af371232,,1201d745-959a-47c7-b74f-090d4ca74308,04b79c8e-ee4c-4473-b915-16983dec8056,924d181f-d0a7-4fc0-b892-6232ebea55e8,2026-02-17T22:23:15.727823,Growth Deal - Golden Ratio,228329.59,2026-07-26T14:03:58.727852,38b1938d-3cd4-479f-8f9c-d5fc4c1dd8fd,2025-10-09T17:42:28.727823,eaf0989b-5b56-4b72-9a32-2711e9c394ff
b6ca1dcb-5fea-4f86-956a-b3f7af239747,7319bb38-0e1a-42a0-a1a3-c170af371232,,,04b79c8e-ee4c-4473-b915-16983dec8056,c7ffe30e-ebfe-4810-83f4-206c3287d9de,2026-05-19T01:00:58.727863,Premium Deal - Velocity Labs,33319.48,2026-07-16T10:25:36.727878,8ae3dae5-38cd-4160-84ef-5c590af0066c,2025-12-28T02:06:53.727863,eaf0989b-5b56-4b72-9a32-2711e9c394ff
b56aacb1-8a61-413a-8ac4-19281dde39cd,7319bb38-0e1a-42a0-a1a3-c170af371232,,9995af27-9726-4781-8a4c-232f305ad00a,04b79c8e-ee4c-4473-b915-16983dec8056,1bd1b098-4e87-4258-8b67-54c76c74599a,2026-02-17T01:32:38.727889,Premium Deal - Platinum Partners,53111.52,2026-12-31T01:09:19.727905,968afaab-9fc3-43d8-aea9-de1b0845fb8c,2025-12-04T03:07:19.727889,af8ae744-eaf6-49a6-9c7f-4f4aa9e503ee
5a421008-6274-4540-b0a8-6f2b07361c39,7319bb38-0e1a-42a0-a1a3-c170af371232,,aaab7100-5a73-4ca1-87c2-66ca8e1c5cc7,04b79c8e-ee4c-4473-b915-16983dec8056,c7ffe30e-ebfe-4810-83f4-206c3287d9de,2026-07-14T08:22:25.727915,Starter Deal - Crystal Clear,406264.41,2026-06-14T11:17:14.727931,5b11e466-caa2-4b0d-ad40-becd33c6cbc2,2026-07-10T21:34:13.727915,0d1a00d8-532c-48b5-a0d5-e8f37068b7e8
3121a88f-7fc5-4ffd-a681-b5a1be79385f,7319bb38-0e1a-42a0-a1a3-c170af371232,ac6c7fd9-a4fc-4b4c-b8c6-8049ebf7e9b0,,04b79c8e-ee4c-4473-b915-16983dec8056,c7ffe30e-ebfe-4810-83f4-206c3287d9de,2026-03-08T16:36:29.727942,Growth Deal - Summit Analytics,312204.59,2026-05-20T19:56:53.727957,fd2fd60f-404e-41a6-95e7-9a06e7913261,2025-09-12T05:50:10.727942,eaf0989b-5b56-4b72-9a32-2711e9c394ff
a0ebf92e-d006-41bc-aaa5-43f6b6f33953,7319bb38-0e1a-42a0-a1a3-c170af371232,5b2e2a88-f85b-43e4-bf2c-db8cb577981b,e222e117-55d9-437b-94c3-3db41f09400b,04b79c8e-ee4c-4473-b915-16983dec8056,6521490a-9cae-428c-8686-0438bf8aeb68,2026-02-24T00:29:01.727968,Enterprise Deal - Ember Labs,34334.59,2027-01-13T10:32:54.727984,638bfc6a-5a8b-4bf8-9f66-0c0d0744f19a,2026-02-11T11:26:49.727968,968afaab-9fc3-43d8-aea9-de1b0845fb8c
60df0fae-aef0-4ea5-94cb-edca05f82224,7319bb38-0e1a-42a0-a1a3-c170af371232,,,04b79c8e-ee4c-4473-b915-16983dec8056,897f5d2f-3160-42b5-aec4-63761a6aee1a,2026-08-06T21:28:22.727994,Enterprise Deal - Horizon Media,76366.91,2026-09-19T05:48:06.728009,5b11e466-caa2-4b0d-ad40-becd33c6cbc2,2026-08-06T03:18:28.727994,eaf0989b-5b56-4b72-9a32-2711e9c394ff
8df90522-5c50-4e00-af3b-7ae95fc809ea,7319bb38-0e1a-42a0-a1a3-c170af371232,358fdda8-31ac-4710-804b-cbc3c1bae960,9f5eaa71-cee0-4500-af4b-66b312c4e823,04b79c8e-ee4c-4473-b915-16983dec8056,6521490a-9cae-428c-8686-0438bf8aeb68,2026-08-03T08:39:18.728020,Premium Deal - Catalyst Group,312442.8,2026-11-16T19:03:39.728036,96bb061b-9355-4d14-bab8-c5b59a63ac2a,2026-06-01T05:31:22.728020,fd2fd60f-404e-41a6-95e7-9a06e7913261
7d2a40ee-f12d-4bd7-bd31-b210d632805b,7319bb38-0e1a-42a0-a1a3-c170af371232,7469c9b4-5de5-4a44-961f-064e010e1420,6159fe3a-ab95-41ce-8cd1-fc6f727d0406,04b79c8e-ee4c-4473-b915-16983dec8056,924d181f-d0a7-4fc0-b892-6232ebea55e8,2026-08-05T00:02:17.728053,Premium Deal - Cobalt Systems,205352.15,2026-07-22T03:13:15.728070,ba4c6a8d-6e78-4532-82ad-fccefbf8ab96,2026-02-12T01:27:40.728053,af8e7df9-9ce7-4499-ab19-610e813af04b
de917a83-87db-4654-bd48-6db036f9b7c4,7319bb38-0e1a-42a0-a1a3-c170af371232,,,04b79c8e-ee4c-4473-b915-16983dec8056,6521490a-9cae-428c-8686-0438bf8aeb68,2026-04-08T01:15:15.728079,Custom Deal - Opal Solutions,443402.77,2027-02-03T18:53:57.728094,ba4c6a8d-6e78-4532-82ad-fccefbf8ab96,2025-11-06T12:20:09.728079,aabd8828-4992-4138-a82c-82d2ace3e408
3a9e7324-a343-4de6-961e-268a99af2dac,7319bb38-0e1a-42a0-a1a3-c170af371232,,,04b79c8e-ee4c-4473-b915-16983dec8056,897f5d2f-3160-42b5-aec4-63761a6aee1a,2026-03-29T17:17:41.728104,Custom Deal - Crystal Corp,373464.15,2026-09-05T23:53:06.728119,aabd8828-4992-4138-a82c-82d2ace3e408,2026-03-02T21:44:03.728104,ba4c6a8d-6e78-4532-82ad-fccefbf8ab96
82cec52d-06f3-48d1-93b8-83b9e5e97177,7319bb38-0e1a-42a0-a1a3-c170af371232,f14ea1f4-affb-409c-8a1b-61b0fa2dc717,e1314932-d291-4995-ad24-d29644d18363,04b79c8e-ee4c-4473-b915-16983dec8056,1bd1b098-4e87-4258-8b67-54c76c74599a,2026-07-22T05:04:54.728129,Enterprise Deal - GreenField Capital,268668.78,2026-10-13T01:48:21.728147,638bfc6a-5a8b-4bf8-9f66-0c0d0744f19a,2026-02-07T23:58:11.728129,fd2fd60f-404e-41a6-95e7-9a06e7913261
252da881-b0fd-44bb-8d3e-e8ad2c283b4d,7319bb38-0e1a-42a0-a1a3-c170af371232,,,04b79c8e-ee4c-4473-b915-16983dec8056,a823f083-5d28-41df-879e-bb9f9fb39864,2026-05-21T22:01:36.728157,Custom Deal - Platinum Partners,129172.54,2026-12-04T10:30:07.728172,a3b11eec-7159-4649-ad03-75eeb3c9b04f,2026-05-01T05:32:39.728157,ba4c6a8d-6e78-4532-82ad-fccefbf8ab96
5cfb921c-faca-4649-827e-1527d2e59e7f,7319bb38-0e1a-42a0-a1a3-c170af371232,3f03dcd1-34e5-4500-89c7-e0774f877f75,,04b79c8e-ee4c-4473-b915-16983dec8056,1bd1b098-4e87-4258-8b67-54c76c74599a,2026-03-12T10:12:12.728182,Custom Deal - DataFlow Systems,56232.11,2027-01-08T07:51:34.728197,8ae3dae5-38cd-4160-84ef-5c590af0066c,2026-01-01T23:24:26.728182,638bfc6a-5a8b-4bf8-9f66-0c0d0744f19a
8783a3bf-3c77-497c-a95f-cbfed3bf3d06,7319bb38-0e1a-42a0-a1a3-c170af371232,0c308ac9-1a11-4937-adbd-b07cb9283738,,04b79c8e-ee4c-4473-b915-16983dec8056,6521490a-9cae-428c-8686-0438bf8aeb68,2026-06-11T04:45:19.728211,Starter Deal - Cobalt Systems,381762.23,2026-12-27T08:03:49.728227,af8ae744-eaf6-49a6-9c7f-4f4aa9e503ee,2026-04-23T08:02:00.728211,638bfc6a-5a8b-4bf8-9f66-0c0d0744f19a
237000ae-47b5-4590-95e7-b856918d00e6,7319bb38-0e1a-42a0-a1a3-c170af371232,a5d0dcad-98f0-4e69-a38c-c25442bb2f5f,a6c5a365-5620-45be-a79f-2acad1cf8ea2,04b79c8e-ee4c-4473-b915-16983dec8056,897f5d2f-3160-42b5-aec4-63761a6aee1a,2026-04-29T22:24:38.728238,Starter Deal - Quantum Dynamics,299342.31,2026-10-03T08:56:15.728253,5b11e466-caa2-4b0d-ad40-becd33c6cbc2,2025-11-05T06:07:05.728238,a3b11eec-7159-4649-ad03-75eeb3c9b04f
49092d4d-eed9-4a17-bfad-a9fe060c4e83,7319bb38-0e1a-42a0-a1a3-c170af371232,f9eedf19-0b53-48ba-b4d8-4f188219bc47,7d1df4f8-e74b-4ae2-8d03-1aaffd6f092e,04b79c8e-ee4c-4473-b915-16983dec8056,1bd1b098-4e87-4258-8b67-54c76c74599a,2026-08-03T14:09:56.728264,Growth Deal - Coral Health,249441.3,2026-12-31T12:10:36.728279,aabd8828-4992-4138-a82c-82d2ace3e408,2026-05-06T07:29:32.728264,968afaab-9fc3-43d8-aea9-de1b0845fb8c
b0bfe290-31fa-4739-a456-f936907de1fa,7319bb38-0e1a-42a0-a1a3-c170af371232,b722aa48-4bc8-47c9-8b1f-49b3ff525b2d,,04b79c8e-ee4c-4473-b915-16983dec8056,897f5d2f-3160-42b5-aec4-63761a6aee1a,2026-06-01T13:22:48.728289,Starter Deal - SwiftScale,66988.5,2026-10-10T19:39:07.728305,af8e7df9-9ce7-4499-ab19-610e813af04b,2026-04-30T22:20:13.728289,eaf0989b-5b56-4b72-9a32-2711e9c394ff
ee26d419-0649-4799-b83e-f94c7b6b34c1,7319bb38-0e1a-42a0-a1a3-c170af371232,f05f3d8e-5926-4bf2-a83a-28dd49af1dbc,6a0c063e-84a3-4fbb-8916-2024a5dc1239,04b79c8e-ee4c-4473-b915-16983dec8056,6521490a-9cae-428c-8686-0438bf8aeb68,2026-01-05T01:04:00.728319,Custom Deal - Golden Ratio,456182.02,2027-01-20T22:38:52.728335,638bfc6a-5a8b-4bf8-9f66-0c0d0744f19a,2025-10-08T23:28:05.728319,aabd8828-4992-4138-a82c-82d2ace3e408
42595a40-28dd-4e1f-91cd-c853da5826cc,7319bb38-0e1a-42a0-a1a3-c170af371232,d0841bbc-89e8-4fd7-af01-dbe917f95390,,04b79c8e-ee4c-4473-b915-16983dec8056,897f5d2f-3160-42b5-aec4-63761a6aee1a,2026-04-07T15:03:03.728345,Starter Deal - ClearView Corp,90812.78,2027-01-31T13:20:41.728360,af8ae744-eaf6-49a6-9c7f-4f4aa9e503ee,2026-01-07T01:01:42.728345,aabd8828-4992-4138-a82c-82d2ace3e408
99aa048b-0111-41fc-acd5-3e8bb624c3e3,7319bb38-0e1a-42a0-a1a3-c170af371232,,ad6458b8-d4cc-4896-9a61-c230da98e4ff,04b79c8e-ee4c-4473-b915-16983dec8056,1bd1b098-4e87-4258-8b67-54c76c74599a,2026-07-03T18:14:19.728371,Enterprise Deal - Crystal Clear,231448.39,2027-01-21T22:11:12.728386,5b11e466-caa2-4b0d-ad40-becd33c6cbc2,2026-03-24T05:01:11.728371,0d1a00d8-532c-48b5-a0d5-e8f37068b7e8
ca83b2a3-d675-41bb-b933-53e190cb72ea,7319bb38-0e1a-42a0-a1a3-c170af371232,76e868bc-684a-4bd6-af9f-67323a35f191,,04b79c8e-ee4c-4473-b915-16983dec8056,6521490a-9cae-428c-8686-0438bf8aeb68,2026-07-09T09:15:32.728397,Starter Deal - Atlas Computing,212204.78,2026-09-18T06:42:07.728426,96bb061b-9355-4d14-bab8-c5b59a63ac2a,2026-06-29T01:17:22.728397,638bfc6a-5a8b-4bf8-9f66-0c0d0744f19a
ac54c3d3-c8d6-4084-b242-f90d498c88e9,7319bb38-0e1a-42a0-a1a3-c170af371232,,29d44821-7bf8-40a8-b87d-6e0552278397,04b79c8e-ee4c-4473-b915-16983dec8056,a823f083-5d28-41df-879e-bb9f9fb39864,2025-12-15T21:59:22.728436,Growth Deal - SwiftScale,297470.35,2026-11-25T20:23:42.728451,af8ae744-eaf6-49a6-9c7f-4f4aa9e503ee,2025-10-12T18:37:20.728436,96bb061b-9355-4d14-bab8-c5b59a63ac2a
38fea08d-5365-4ab4-b399-564cd658b10a,7319bb38-0e1a-42a0-a1a3-c170af371232,,5e81fa8f-23e2-4c1b-9179-58bb6bf3d99c,04b79c8e-ee4c-4473-b915-16983dec8056,c7ffe30e-ebfe-4810-83f4-206c3287d9de,2025-09-19T00:40:57.728461,Premium Deal - Cobalt Systems,275302.36,2026-07-03T09:57:58.728476,38b1938d-3cd4-479f-8f9c-d5fc4c1dd8fd,2025-08-15T06:00:21.728461,968afaab-9fc3-43d8-aea9-de1b0845fb8c
dee5c399-2cce-41ee-b174-0ac2abcbde20,7319bb38-0e1a-42a0-a1a3-c170af371232,4a3d56e0-d3ae-4dda-afde-b10b8fb4fd4c,de723927-e986-44e8-ab08-8ca02615340d,04b79c8e-ee4c-4473-b915-16983dec8056,897f5d2f-3160-42b5-aec4-63761a6aee1a,2026-08-06T02:35:30.728486,Premium Deal - Onyx Data,411618.11,2026-12-05T12:48:26.728502,638bfc6a-5a8b-4bf8-9f66-0c0d0744f19a,2026-07-30T23:08:27.728486,0d1a00d8-532c-48b5-a0d5-e8f37068b7e8
e5553bd3-fc6c-4a20-80fa-d3960260b88e,7319bb38-0e1a-42a0-a1a3-c170af371232,c4521e49-405c-4e3d-b345-e66064445b6d,,04b79c8e-ee4c-4473-b915-16983dec8056,a823f083-5d28-41df-879e-bb9f9fb39864,2026-02-17T21:16:39.728512,Premium Deal - Apex Innovations,40498.09,2027-02-03T01:37:33.728527,96bb061b-9355-4d14-bab8-c5b59a63ac2a,2025-08-10T12:24:38.728512,8ae3dae5-38cd-4160-84ef-5c590af0066c
f15825f7-7723-43f1-a544-d5ec82aeb543,7319bb38-0e1a-42a0-a1a3-c170af371232,dba947f1-0fe4-4d2e-a085-022e210d17fd,,04b79c8e-ee4c-4473-b915-16983dec8056,6521490a-9cae-428c-8686-0438bf8aeb68,2026-07-13T05:59:33.728537,Enterprise Deal - Pearl Analytics,341804.69,2026-10-25T02:22:16.728553,eaf0989b-5b56-4b72-9a32-2711e9c394ff,2026-05-19T17:36:00.728537,af8ae744-eaf6-49a6-9c7f-4f4aa9e503ee
a7e778ed-1bda-4cca-a32a-d5771ceee866,7319bb38-0e1a-42a0-a1a3-c170af371232,,0dd6bfad-e89d-4eb2-ace6-d04f9d3e8bce,04b79c8e-ee4c-4473-b915-16983dec8056,c7ffe30e-ebfe-4810-83f4-206c3287d9de,2026-08-07T14:22:46.728568,Custom Deal - Cobalt Systems,246577.97,2026-05-07T00:21:34.728584,f6c1513d-8b13-441d-98bb-1a986c21400d,2026-08-06T15:11:54.728568,5b11e466-caa2-4b0d-ad40-becd33c6cbc2
b44f98c5-8be7-4478-ac67-8d892583ed61,7319bb38-0e1a-42a0-a1a3-c170af371232,1ba6d79c-0c10-4fe1-8830-1cc970501f4f,,04b79c8e-ee4c-4473-b915-16983dec8056,1bd1b098-4e87-4258-8b67-54c76c74599a,2025-11-23T08:13:04.728599,Custom Deal - Prism Technologies,180688.11,2027-01-31T14:56:03.728615,fd2fd60f-404e-41a6-95e7-9a06e7913261,2025-10-20T10:01:19.728599,fd2fd60f-404e-41a6-95e7-9a06e7913261
1de92428-d268-40a1-bf4d-6318834b5d44,7319bb38-0e1a-42a0-a1a3-c170af371232,f5d3fe5f-66ea-4300-b1a1-d083d47b788a,,04b79c8e-ee4c-4473-b915-16983dec8056,924d181f-d0a7-4fc0-b892-6232ebea55e8,2026-06-28T10:02:37.728625,Enterprise Deal - NovaTech Solutions,29261.4,2026-05-08T05:15:02.728645,96bb061b-9355-4d14-bab8-c5b59a63ac2a,2025-12-07T23:16:07.728625,0d1a00d8-532c-48b5-a0d5-e8f37068b7e8
5a28b73f-b3de-49ba-aa5f-979aa1cccfd2,7319bb38-0e1a-42a0-a1a3-c170af371232,f0ffd248-5804-4f2f-bd02-85e04be91fd9,01f6d8c4-9795-4509-ab1d-acd8cb7bd1ad,04b79c8e-ee4c-4473-b915-16983dec8056,897f5d2f-3160-42b5-aec4-63761a6aee1a,2026-03-28T15:03:22.728656,Starter Deal - Amber Industries,312453.89,2026-11-24T10:05:24.728672,fd2fd60f-404e-41a6-95e7-9a06e7913261,2025-10-06T07:17:01.728656,38b1938d-3cd4-479f-8f9c-d5fc4c1dd8fd
48b48108-9b60-4e6e-ad0b-485967114b8c,7319bb38-0e1a-42a0-a1a3-c170af371232,,,04b79c8e-ee4c-4473-b915-16983dec8056,1bd1b098-4e87-4258-8b67-54c76c74599a,2026-07-28T23:25:21.728682,Premium Deal - Pulse Digital,342393.96,2026-11-02T05:16:27.728700,638bfc6a-5a8b-4bf8-9f66-0c0d0744f19a,2025-12-03T12:28:28.728682,a3b11eec-7159-4649-ad03-75eeb3c9b04f
b7f6db6c-4d43-4211-8a71-6e841b7a4ccc,7319bb38-0e1a-42a0-a1a3-c170af371232,a4edb4d9-d9c9-439a-95f4-43eecbed0d62,16f82769-3630-460a-884c-f652a09d756d,04b79c8e-ee4c-4473-b915-16983dec8056,897f5d2f-3160-42b5-aec4-63761a6aee1a,2026-07-09T02:08:12.728710,Growth Deal - Crystal Corp,339005.98,2026-10-16T13:36:03.728726,af8e7df9-9ce7-4499-ab19-610e813af04b,2026-02-18T11:04:41.728710,f6c1513d-8b13-441d-98bb-1a986c21400d
68b15a67-18d2-4974-9b78-79f67edf46b6,7319bb38-0e1a-42a0-a1a3-c170af371232,facbc803-1346-42a2-867c-3633de4c10c9,6a0c063e-84a3-4fbb-8916-2024a5dc1239,04b79c8e-ee4c-4473-b915-16983dec8056,1bd1b098-4e87-4258-8b67-54c76c74599a,2026-02-02T02:42:55.728736,Enterprise Deal - Crystal Corp,374517.2,2026-11-03T11:43:04.728752,8ae3dae5-38cd-4160-84ef-5c590af0066c,2025-10-09T13:01:02.728736,af8ae744-eaf6-49a6-9c7f-4f4aa9e503ee
7bdd8d33-0fba-441f-8ee0-bef8664bd8b3,7319bb38-0e1a-42a0-a1a3-c170af371232,3adb3cf2-b9e1-4ae6-a831-a4c9578c904c,2b5153b1-a7d8-4f20-9033-c1369cd9316c,04b79c8e-ee4c-4473-b915-16983dec8056,a823f083-5d28-41df-879e-bb9f9fb39864,2026-05-24T20:28:34.728762,Enterprise Deal - DataFlow Systems,184889.11,2026-08-26T02:23:20.728778,fd2fd60f-404e-41a6-95e7-9a06e7913261,2026-04-28T21:29:07.728762,a3b11eec-7159-4649-ad03-75eeb3c9b04f
bd23d0a4-9056-4f8d-821f-d42431b36a6a,7319bb38-0e1a-42a0-a1a3-c170af371232,,8c0dd002-f93c-4b6b-8fa8-284320101b75,04b79c8e-ee4c-4473-b915-16983dec8056,897f5d2f-3160-42b5-aec4-63761a6aee1a,2026-06-04T09:54:44.728788,Starter Deal - Ruby Software,92628.4,2026-08-15T01:37:42.728803,eaf0989b-5b56-4b72-9a32-2711e9c394ff,2026-06-01T13:34:19.728788,638bfc6a-5a8b-4bf8-9f66-0c0d0744f19a
48001ad6-623c-4451-88ad-4880d1070461,7319bb38-0e1a-42a0-a1a3-c170af371232,15a3468f-d4b0-40b7-b2ea-6774e44f0ec8,283f3d57-af32-485e-af92-6391779ee26f,04b79c8e-ee4c-4473-b915-16983dec8056,1bd1b098-4e87-4258-8b67-54c76c74599a,2026-07-18T16:13:48.728813,Starter Deal - Ruby Software,156774.34,2027-02-03T13:53:40.728829,ba4c6a8d-6e78-4532-82ad-fccefbf8ab96,2026-05-30T08:00:42.728813,a3b11eec-7159-4649-ad03-75eeb3c9b04f
30c7f1a4-dc57-4d92-93ba-d2d984092d08,7319bb38-0e1a-42a0-a1a3-c170af371232,60a3db90-ac04-40e0-bf37-434b127d0575,,04b79c8e-ee4c-4473-b915-16983dec8056,897f5d2f-3160-42b5-aec4-63761a6aee1a,2026-03-08T22:22:04.728839,Enterprise Deal - Pearl Analytics,141960.46,2026-09-21T03:17:38.728854,a3b11eec-7159-4649-ad03-75eeb3c9b04f,2026-03-05T12:10:39.728839,a3b11eec-7159-4649-ad03-75eeb3c9b04f
d19da727-3658-4798-9cc5-81a74e378a1b,7319bb38-0e1a-42a0-a1a3-c170af371232,983b28b5-0c4a-436d-bcf4-909d7611b688,cbd5bf4f-ae9c-4de4-aa39-c55ab8bacb83,04b79c8e-ee4c-4473-b915-16983dec8056,a823f083-5d28-41df-879e-bb9f9fb39864,2026-08-07T01:38:56.728872,Premium Deal - BrightStar Inc,363889.12,2026-12-03T11:39:44.728888,968afaab-9fc3-43d8-aea9-de1b0845fb8c,2026-01-02T08:52:05.728872,fd2fd60f-404e-41a6-95e7-9a06e7913261
81078b83-7eef-43bb-8fba-aeff6761c486,7319bb38-0e1a-42a0-a1a3-c170af371232,b84282fe-6d28-4b68-b4b2-78b5bd936ad3,,04b79c8e-ee4c-4473-b915-16983dec8056,6521490a-9cae-428c-8686-0438bf8aeb68,2026-02-18T21:50:36.728898,Starter Deal - Atlas Computing,182532.83,2026-11-12T09:52:54.728914,8ae3dae5-38cd-4160-84ef-5c590af0066c,2025-11-25T11:00:08.728898,a3b11eec-7159-4649-ad03-75eeb3c9b04f
a98a2d93-7b9b-4e42-b12e-8552c749caeb,7319bb38-0e1a-42a0-a1a3-c170af371232,,,04b79c8e-ee4c-4473-b915-16983dec8056,897f5d2f-3160-42b5-aec4-63761a6aee1a,2026-04-10T21:28:54.728923,Starter Deal - Zenith Partners,50895.54,2026-12-27T12:49:10.728941,968afaab-9fc3-43d8-aea9-de1b0845fb8c,2025-10-27T14:06:03.728923,96bb061b-9355-4d14-bab8-c5b59a63ac2a
730e2645-05d2-42da-aa84-d1aaab8d8eae,7319bb38-0e1a-42a0-a1a3-c170af371232,298be7c2-e00d-4605-b38a-88954a7fd13a,09e389c9-4a52-4258-9dc9-0b0c8482a243,04b79c8e-ee4c-4473-b915-16983dec8056,c7ffe30e-ebfe-4810-83f4-206c3287d9de,2026-02-25T08:51:59.728951,Premium Deal - Steel Bridge,115327.07,2026-07-05T19:15:49.728967,38b1938d-3cd4-479f-8f9c-d5fc4c1dd8fd,2025-11-05T06:54:46.728951,ba4c6a8d-6e78-4532-82ad-fccefbf8ab96
8058bfeb-c450-4fa2-b222-10bea37387c4,7319bb38-0e1a-42a0-a1a3-c170af371232,f6c3e45a-3261-42ca-9d33-8b3efec16137,16f82769-3630-460a-884c-f652a09d756d,04b79c8e-ee4c-4473-b915-16983dec8056,c7ffe30e-ebfe-4810-83f4-206c3287d9de,2026-01-23T00:42:48.728977,Custom Deal - Quantum Dynamics,216724.1,2026-06-14T05:50:35.728993,0d1a00d8-532c-48b5-a0d5-e8f37068b7e8,2025-12-06T16:44:28.728977,ba4c6a8d-6e78-4532-82ad-fccefbf8ab96
a98c2bca-4c03-425b-9fb9-e5432b652bb8,7319bb38-0e1a-42a0-a1a3-c170af371232,5c72dc1e-135c-4297-83af-8e4a27315c0a,,04b79c8e-ee4c-4473-b915-16983dec8056,924d181f-d0a7-4fc0-b892-6232ebea55e8,2026-01-31T13:09:16.729003,Enterprise Deal - Silver Stream,321889.36,2026-06-17T05:20:29.729018,af8ae744-eaf6-49a6-9c7f-4f4aa9e503ee,2025-12-31T05:22:21.729003,a3b11eec-7159-4649-ad03-75eeb3c9b04f
8f44f21b-a820-4ff3-9128-5cb0d17ed38e,7319bb38-0e1a-42a0-a1a3-c170af371232,,a22926c4-db25-41f9-b441-34d4af69559b,04b79c8e-ee4c-4473-b915-16983dec8056,6521490a-9cae-428c-8686-0438bf8aeb68,2026-05-01T22:29:57.729028,Custom Deal - BlueShift Labs,13535.58,2026-11-30T23:34:48.729042,968afaab-9fc3-43d8-aea9-de1b0845fb8c,2026-03-26T06:12:53.729028,aabd8828-4992-4138-a82c-82d2ace3e408
742a5f15-023b-4513-9cf7-30dee11ff42f,7319bb38-0e1a-42a0-a1a3-c170af371232,dbc238bd-18f7-46f4-8a8d-ca2904fba655,627b09a6-16a6-4c2d-936c-a98146c2fb05,04b79c8e-ee4c-4473-b915-16983dec8056,1bd1b098-4e87-4258-8b67-54c76c74599a,2026-07-09T15:21:39.729053,Growth Deal - Catalyst Group,481443.71,2026-08-10T14:45:36.729068,aabd8828-4992-4138-a82c-82d2ace3e408,2026-06-24T15:15:23.729053,38b1938d-3cd4-479f-8f9c-d5fc4c1dd8fd
4d30688e-cab6-4511-bee5-5f449d884130,7319bb38-0e1a-42a0-a1a3-c170af371232,b3ac5f0e-8ad4-4ca5-9e0c-373bec70ca67,16f82769-3630-460a-884c-f652a09d756d,04b79c8e-ee4c-4473-b915-16983dec8056,897f5d2f-3160-42b5-aec4-63761a6aee1a,2026-04-21T18:32:30.729079,Premium Deal - Prism Technologies,176189.19,2026-10-19T21:52:21.729094,638bfc6a-5a8b-4bf8-9f66-0c0d0744f19a,2026-03-21T11:09:58.729079,8ae3dae5-38cd-4160-84ef-5c590af0066c
0c77e2bd-d702-4f81-a3b4-e5154383a2cd,7319bb38-0e1a-42a0-a1a3-c170af371232,,,04b79c8e-ee4c-4473-b915-16983dec8056,6521490a-9cae-428c-8686-0438bf8aeb68,2026-04-02T20:45:58.729104,Growth Deal - Forge Industries,454824.35,2026-11-14T04:17:12.729119,5b11e466-caa2-4b0d-ad40-becd33c6cbc2,2026-01-15T21:02:34.729104,5b11e466-caa2-4b0d-ad40-becd33c6cbc2
97582a3a-f4e6-4752-8522-8fe2a82a722d,7319bb38-0e1a-42a0-a1a3-c170af371232,4f4d59a0-71e9-492f-9d47-9473eb26486e,16efcce2-d415-4fa3-b1fd-b2f273dd56f3,04b79c8e-ee4c-4473-b915-16983dec8056,a823f083-5d28-41df-879e-bb9f9fb39864,2026-07-22T20:15:30.729133,Growth Deal - NexGen Software,311354.68,2026-11-05T10:51:21.729151,ba4c6a8d-6e78-4532-82ad-fccefbf8ab96,2026-07-01T18:14:17.729133,af8ae744-eaf6-49a6-9c7f-4f4aa9e503ee
40e7eccb-46de-47b6-befe-81335047b8b7,7319bb38-0e1a-42a0-a1a3-c170af371232,,4ad765f0-140f-4d4f-a0da-6102b730c15c,04b79c8e-ee4c-4473-b915-16983dec8056,897f5d2f-3160-42b5-aec4-63761a6aee1a,2026-04-24T16:48:33.729161,Starter Deal - Quantum Dynamics,267737.45,2027-01-01T05:37:19.729176,5b11e466-caa2-4b0d-ad40-becd33c6cbc2,2026-01-06T16:16:32.729161,af8e7df9-9ce7-4499-ab19-610e813af04b
ed56e9d7-8007-43d4-a1b4-367fdd53c5dd,7319bb38-0e1a-42a0-a1a3-c170af371232,,,04b79c8e-ee4c-4473-b915-16983dec8056,c7ffe30e-ebfe-4810-83f4-206c3287d9de,2026-03-23T10:01:14.729186,Starter Deal - Crystal Corp,147813.93,2026-07-24T13:00:57.729201,ba4c6a8d-6e78-4532-82ad-fccefbf8ab96,2026-01-28T12:32:13.729186,f6c1513d-8b13-441d-98bb-1a986c21400d
13838eff-6e7c-4f1a-9921-98d4a5ded25c,7319bb38-0e1a-42a0-a1a3-c170af371232,3d44348f-82f9-4947-a82b-b88985411935,304764c5-2a1e-4d8e-ab16-84fbb68bf2bc,04b79c8e-ee4c-4473-b915-16983dec8056,6521490a-9cae-428c-8686-0438bf8aeb68,2026-05-03T19:47:36.729211,Enterprise Deal - NexGen Software,333208.8,2026-12-06T11:39:51.729226,38b1938d-3cd4-479f-8f9c-d5fc4c1dd8fd,2026-04-03T05:07:32.729211,968afaab-9fc3-43d8-aea9-de1b0845fb8c
2e04b022-6d00-4adb-a519-ef6105d8b341,7319bb38-0e1a-42a0-a1a3-c170af371232,,84f2a11e-d30c-4d21-910b-d745a02a8f6a,04b79c8e-ee4c-4473-b915-16983dec8056,c7ffe30e-ebfe-4810-83f4-206c3287d9de,2026-06-03T03:07:08.729236,Custom Deal - Catalyst Group,208997.02,2026-06-12T04:29:13.729251,af8e7df9-9ce7-4499-ab19-610e813af04b,2025-12-06T02:36:48.729236,af8ae744-eaf6-49a6-9c7f-4f4aa9e503ee
6791a74a-e854-4bf3-9acc-261bf7e0c0f4,7319bb38-0e1a-42a0-a1a3-c170af371232,95d05fe7-6560-4591-903b-257475b5c377,9eddd804-6157-42c8-9401-297b25fd4941,04b79c8e-ee4c-4473-b915-16983dec8056,a823f083-5d28-41df-879e-bb9f9fb39864,2025-09-29T15:33:49.729262,Premium Deal - Platinum Partners,7655.1,2026-10-11T17:10:58.729277,5b11e466-caa2-4b0d-ad40-becd33c6cbc2,2025-09-26T00:28:56.729262,638bfc6a-5a8b-4bf8-9f66-0c0d0744f19a
f7a6f814-0c9f-4741-82a3-7674c88911fa,7319bb38-0e1a-42a0-a1a3-c170af371232,484a5634-140d-4c0b-a566-0c79e2ff3c4d,,04b79c8e-ee4c-4473-b915-16983dec8056,897f5d2f-3160-42b5-aec4-63761a6aee1a,2026-08-03T07:33:30.729291,Custom Deal - Onyx Data,246495.94,2026-12-01T10:59:59.729306,af8ae744-eaf6-49a6-9c7f-4f4aa9e503ee,2026-07-24T18:57:22.729291,fd2fd60f-404e-41a6-95e7-9a06e7913261
21d75b9a-3ed1-496a-b1b1-a0357ff349d1,7319bb38-0e1a-42a0-a1a3-c170af371232,4c550bef-ec1b-494c-87ed-78432bfb65c1,,04b79c8e-ee4c-4473-b915-16983dec8056,924d181f-d0a7-4fc0-b892-6232ebea55e8,2026-06-23T01:00:40.729316,Starter Deal - ClearView Corp,467483.53,2026-07-07T05:58:07.729331,eaf0989b-5b56-4b72-9a32-2711e9c394ff,2025-11-19T23:33:04.729316,0d1a00d8-532c-48b5-a0d5-e8f37068b7e8
228792cc-19bd-418a-b1b9-62fa1d952a1f,7319bb38-0e1a-42a0-a1a3-c170af371232,,442b42d8-5729-423a-9f7d-463086abe4ea,04b79c8e-ee4c-4473-b915-16983dec8056,a823f083-5d28-41df-879e-bb9f9fb39864,2026-07-31T13:31:03.729341,Premium Deal - Apex Innovations,53629.45,2026-10-25T09:52:00.729356,a3b11eec-7159-4649-ad03-75eeb3c9b04f,2025-11-17T10:37:55.729341,f6c1513d-8b13-441d-98bb-1a986c21400d
bee9eae3-f488-43fb-8f39-9ae945e193de,7319bb38-0e1a-42a0-a1a3-c170af371232,8bc761e4-3be0-44f8-b3c8-8bb581231369,09e389c9-4a52-4258-9dc9-0b0c8482a243,04b79c8e-ee4c-4473-b915-16983dec8056,1bd1b098-4e87-4258-8b67-54c76c74599a,2026-02-07T13:50:42.729366,Enterprise Deal - Pulse Digital,401791.87,2026-08-16T03:58:27.729381,eaf0989b-5b56-4b72-9a32-2711e9c394ff,2025-10-24T15:26:43.729366,0d1a00d8-532c-48b5-a0d5-e8f37068b7e8
9a71b4f3-6d6a-4a49-964a-477ef289538f,7319bb38-0e1a-42a0-a1a3-c170af371232,,,04b79c8e-ee4c-4473-b915-16983dec8056,1bd1b098-4e87-4258-8b67-54c76c74599a,2026-07-10T12:34:38.729394,Starter Deal - Titan Industries,256756.07,2026-10-26T12:34:53.729409,968afaab-9fc3-43d8-aea9-de1b0845fb8c,2026-04-02T13:36:53.729394,8ae3dae5-38cd-4160-84ef-5c590af0066c
36d391b6-7fc2-407d-b97d-5a0b93b5e0be,7319bb38-0e1a-42a0-a1a3-c170af371232,1e43a253-54ca-4c96-828e-6d58b0dbbb2c,16f82769-3630-460a-884c-f652a09d756d,04b79c8e-ee4c-4473-b915-16983dec8056,a823f083-5d28-41df-879e-bb9f9fb39864,2025-09-13T13:21:13.729419,Custom Deal - Ruby Software,21513.41,2026-10-07T21:45:59.729434,eaf0989b-5b56-4b72-9a32-2711e9c394ff,2025-08-08T05:44:36.729419,96bb061b-9355-4d14-bab8-c5b59a63ac2a
2d294ca3-efe7-40f9-854f-09323d56647d,7319bb38-0e1a-42a0-a1a3-c170af371232,80275239-9f95-4848-ae2e-ed5b931615a7,de723927-e986-44e8-ab08-8ca02615340d,04b79c8e-ee4c-4473-b915-16983dec8056,897f5d2f-3160-42b5-aec4-63761a6aee1a,2026-07-04T02:04:21.729445,Premium Deal - ClearView Corp,401596.29,2026-09-17T17:57:58.729459,af8ae744-eaf6-49a6-9c7f-4f4aa9e503ee,2026-06-23T03:06:11.729445,968afaab-9fc3-43d8-aea9-de1b0845fb8c
c0c86ae6-7147-41aa-b485-f0ec5e36c122,7319bb38-0e1a-42a0-a1a3-c170af371232,c90e5b8d-bfde-401d-91f5-51da25149fb7,1ff42ec3-f1e9-4ad4-acdc-66e6ec2a2c89,04b79c8e-ee4c-4473-b915-16983dec8056,924d181f-d0a7-4fc0-b892-6232ebea55e8,2026-06-23T19:22:30.729470,Custom Deal - Steel Bridge,186456.33,2026-05-23T16:05:36.729485,eaf0989b-5b56-4b72-9a32-2711e9c394ff,2026-03-06T07:25:49.729470,96bb061b-9355-4d14-bab8-c5b59a63ac2a
b1d7bc79-7d50-4626-ab15-657072affd96,7319bb38-0e1a-42a0-a1a3-c170af371232,376ea4d1-c90c-49e6-9e1d-2178aa05c2c3,,04b79c8e-ee4c-4473-b915-16983dec8056,a823f083-5d28-41df-879e-bb9f9fb39864,2026-05-01T02:06:39.729495,Premium Deal - Coral Health,96778.85,2026-12-05T05:05:49.729511,eaf0989b-5b56-4b72-9a32-2711e9c394ff,2025-08-29T18:21:01.729495,8ae3dae5-38cd-4160-84ef-5c590af0066c
e6f39957-eea4-4891-8621-71daee9a3237,7319bb38-0e1a-42a0-a1a3-c170af371232,6482cae6-2024-4abd-8fba-90a2344c5c79,80813e80-57b0-4711-9003-636884486f45,04b79c8e-ee4c-4473-b915-16983dec8056,1bd1b098-4e87-4258-8b67-54c76c74599a,2026-08-01T21:59:28.729521,Premium Deal - Ember Labs,223910.46,2026-11-09T04:24:04.729537,638bfc6a-5a8b-4bf8-9f66-0c0d0744f19a,2026-07-24T20:40:50.729521,38b1938d-3cd4-479f-8f9c-d5fc4c1dd8fd
8cd2ccbc-c04f-4951-ae0a-abfdbea41129,7319bb38-0e1a-42a0-a1a3-c170af371232,,8040b766-cc52-450c-83c2-a805791e3ade,04b79c8e-ee4c-4473-b915-16983dec8056,6521490a-9cae-428c-8686-0438bf8aeb68,2026-04-21T22:52:49.729546,Custom Deal - NovaTech Solutions,253484.78,2026-12-08T22:50:41.729565,5b11e466-caa2-4b0d-ad40-becd33c6cbc2,2026-04-01T12:49:47.729546,38b1938d-3cd4-479f-8f9c-d5fc4c1dd8fd
e2d3ba0f-a2ba-4307-b0d1-4b6cd365eab9,7319bb38-0e1a-42a0-a1a3-c170af371232,78ee23b8-d24a-458a-8519-d075cc3753d3,4cdc87e9-983a-4aed-9d88-4cdc173c5292,04b79c8e-ee4c-4473-b915-16983dec8056,6521490a-9cae-428c-8686-0438bf8aeb68,2026-07-31T21:50:22.729575,Enterprise Deal - BlueShift Labs,89561.63,2026-11-07T02:57:14.729591,f6c1513d-8b13-441d-98bb-1a986c21400d,2025-11-16T20:29:56.729575,ba4c6a8d-6e78-4532-82ad-fccefbf8ab96
4173a469-336d-4819-83a2-315f79120472,7319bb38-0e1a-42a0-a1a3-c170af371232,e861954d-577e-42c2-afe5-654f75097dda,,04b79c8e-ee4c-4473-b915-16983dec8056,897f5d2f-3160-42b5-aec4-63761a6aee1a,2025-12-21T19:29:05.729602,Premium Deal - Atlas Computing,417943.39,2027-01-24T02:07:49.729621,ba4c6a8d-6e78-4532-82ad-fccefbf8ab96,2025-11-25T17:10:03.729602,638bfc6a-5a8b-4bf8-9f66-0c0d0744f19a
7feddacb-6dc0-4642-beef-439ccff6d242,7319bb38-0e1a-42a0-a1a3-c170af371232,8a38d4a0-4ab8-4035-bace-f454d9f4d7c9,16efcce2-d415-4fa3-b1fd-b2f273dd56f3,04b79c8e-ee4c-4473-b915-16983dec8056,c7ffe30e-ebfe-4810-83f4-206c3287d9de,2026-06-13T06:21:37.729631,Enterprise Deal - Horizon Media,400147.98,2026-06-06T03:32:52.729655,968afaab-9fc3-43d8-aea9-de1b0845fb8c,2026-05-12T21:52:32.729631,38b1938d-3cd4-479f-8f9c-d5fc4c1dd8fd
99c05eb3-d4ac-4dbb-bc59-9372c67582fb,7319bb38-0e1a-42a0-a1a3-c170af371232,,,04b79c8e-ee4c-4473-b915-16983dec8056,924d181f-d0a7-4fc0-b892-6232ebea55e8,2025-12-29T03:38:37.729669,Growth Deal - Silver Stream,86776.56,2026-06-06T09:06:47.729685,96bb061b-9355-4d14-bab8-c5b59a63ac2a,2025-10-13T14:58:32.729669,a3b11eec-7159-4649-ad03-75eeb3c9b04f
ec41fbfd-40b3-49ad-b207-a60ebc17070d,7319bb38-0e1a-42a0-a1a3-c170af371232,,5b84aa07-ed27-489c-b90b-8ef14c23e729,04b79c8e-ee4c-4473-b915-16983dec8056,6521490a-9cae-428c-8686-0438bf8aeb68,2026-07-17T03:46:26.729695,Growth Deal - Copper Systems,388280.38,2026-12-14T12:32:32.729710,fd2fd60f-404e-41a6-95e7-9a06e7913261,2026-04-02T05:33:51.729695,aabd8828-4992-4138-a82c-82d2ace3e408
e90690d6-8f46-4c60-a1e5-68247b604497,7319bb38-0e1a-42a0-a1a3-c170af371232,e40214ca-4950-4642-9b0c-cb263a284cb5,,04b79c8e-ee4c-4473-b915-16983dec8056,a823f083-5d28-41df-879e-bb9f9fb39864,2026-06-24T12:35:46.729720,Custom Deal - BrightStar Inc,350881.88,2026-11-28T04:05:47.729735,aabd8828-4992-4138-a82c-82d2ace3e408,2026-06-15T12:16:49.729720,f6c1513d-8b13-441d-98bb-1a986c21400d
b6d8ff4d-1fa2-4ed4-8391-ea830aed78ae,7319bb38-0e1a-42a0-a1a3-c170af371232,3d44348f-82f9-4947-a82b-b88985411935,70f85d2c-46cf-4f5a-8d96-81c1d0cd7f57,04b79c8e-ee4c-4473-b915-16983dec8056,897f5d2f-3160-42b5-aec4-63761a6aee1a,2026-07-11T15:50:40.729745,Custom Deal - Jade Consulting,372575.11,2026-12-21T12:32:57.729761,38b1938d-3cd4-479f-8f9c-d5fc4c1dd8fd,2026-06-23T22:27:37.729745,eaf0989b-5b56-4b72-9a32-2711e9c394ff
d1bd7388-6fed-49c5-99a7-569872203fb3,7319bb38-0e1a-42a0-a1a3-c170af371232,,83589f6c-f29a-4d80-a3b7-7523fb0b27d3,04b79c8e-ee4c-4473-b915-16983dec8056,897f5d2f-3160-42b5-aec4-63761a6aee1a,2026-06-06T07:55:12.729770,Enterprise Deal - Ruby Software,139975.81,2027-01-31T20:41:07.729785,fd2fd60f-404e-41a6-95e7-9a06e7913261,2025-12-28T10:27:04.729770,f6c1513d-8b13-441d-98bb-1a986c21400d
680bf6ca-35ae-4fda-9c66-d9ad4284c6b9,7319bb38-0e1a-42a0-a1a3-c170af371232,,,04b79c8e-ee4c-4473-b915-16983dec8056,897f5d2f-3160-42b5-aec4-63761a6aee1a,2026-03-10T07:37:44.729795,Enterprise Deal - Pearl Analytics,169458.85,2026-09-30T16:18:10.729810,fd2fd60f-404e-41a6-95e7-9a06e7913261,2025-08-10T15:39:32.729795,96bb061b-9355-4d14-bab8-c5b59a63ac2a
934fa91c-f88f-462f-b60d-2318e430af37,7319bb38-0e1a-42a0-a1a3-c170af371232,4406508d-e268-4633-afbb-b1fe1f51ad1d,ca011c11-1161-40e5-89b9-fbd5123abdc5,04b79c8e-ee4c-4473-b915-16983dec8056,897f5d2f-3160-42b5-aec4-63761a6aee1a,2026-07-12T00:46:50.729820,Enterprise Deal - Apex Innovations,368674.46,2026-11-19T20:54:38.729836,af8e7df9-9ce7-4499-ab19-610e813af04b,2026-06-17T05:21:00.729820,38b1938d-3cd4-479f-8f9c-d5fc4c1dd8fd
a02e51f3-668d-43d8-a603-b373fa3fbfd7,7319bb38-0e1a-42a0-a1a3-c170af371232,ee896ea8-dbcc-4f64-b4df-84b2cb2ec9bd,4aa11d34-fe51-4197-a81d-1e8d971e92e9,04b79c8e-ee4c-4473-b915-16983dec8056,6521490a-9cae-428c-8686-0438bf8aeb68,2026-03-28T07:39:57.729846,Premium Deal - Velocity Labs,76995.76,2026-08-15T15:19:57.729862,fd2fd60f-404e-41a6-95e7-9a06e7913261,2025-11-01T18:42:54.729846,af8e7df9-9ce7-4499-ab19-610e813af04b
70d67e25-5694-49e6-a688-c5e096ae7d52,7319bb38-0e1a-42a0-a1a3-c170af371232,b8e90aa3-e9dc-4978-b09e-44fb78522fc6,5b84aa07-ed27-489c-b90b-8ef14c23e729,04b79c8e-ee4c-4473-b915-16983dec8056,c7ffe30e-ebfe-4810-83f4-206c3287d9de,2026-07-25T07:17:36.729873,Growth Deal - TechNova Solutions,24593.11,2026-05-07T20:40:49.729888,ba4c6a8d-6e78-4532-82ad-fccefbf8ab96,2026-07-10T07:41:02.729873,5b11e466-caa2-4b0d-ad40-becd33c6cbc2
99b6bb65-5429-458e-9d09-6d536c120b96,7319bb38-0e1a-42a0-a1a3-c170af371232,fb20c04f-d1c9-4d7f-b672-a7e3b1bcbe88,,04b79c8e-ee4c-4473-b915-16983dec8056,924d181f-d0a7-4fc0-b892-6232ebea55e8,2026-06-18T06:57:53.729898,Custom Deal - Diamond Edge,171160.48,2026-07-14T22:04:46.729913,638bfc6a-5a8b-4bf8-9f66-0c0d0744f19a,2026-03-08T18:51:18.729898,5b11e466-caa2-4b0d-ad40-becd33c6cbc2
4e5536ec-d91e-4d09-ba33-197698d2b0f3,7319bb38-0e1a-42a0-a1a3-c170af371232,a869ee4d-d344-46d3-b7a5-2f3b6d370a85,57f12e67-2f19-4a9c-a140-dfc575cfe0f6,04b79c8e-ee4c-4473-b915-16983dec8056,a823f083-5d28-41df-879e-bb9f9fb39864,2026-07-17T17:05:27.729927,Growth Deal - Apex Health,381538.65,2027-01-01T18:48:08.729942,af8e7df9-9ce7-4499-ab19-610e813af04b,2026-06-17T07:05:22.729927,5b11e466-caa2-4b0d-ad40-becd33c6cbc2
bc086371-5f6a-4ad8-8727-f803809adffa,7319bb38-0e1a-42a0-a1a3-c170af371232,bfc58a28-2afd-46cd-9bb3-7017c8e266cf,,04b79c8e-ee4c-4473-b915-16983dec8056,924d181f-d0a7-4fc0-b892-6232ebea55e8,2026-08-02T15:04:04.729953,Enterprise Deal - Silver Stream,150549.69,2026-05-16T08:01:39.729968,ba4c6a8d-6e78-4532-82ad-fccefbf8ab96,2026-04-07T21:37:39.729953,f6c1513d-8b13-441d-98bb-1a986c21400d
67285252-7d42-48d8-9561-11806ca2e454,7319bb38-0e1a-42a0-a1a3-c170af371232,b995c2c5-415b-44c6-b4c3-086460f9945a,,04b79c8e-ee4c-4473-b915-16983dec8056,a823f083-5d28-41df-879e-bb9f9fb39864,2026-06-25T02:37:13.729978,Enterprise Deal - SwiftScale,415517.65,2026-09-26T19:21:49.729993,0d1a00d8-532c-48b5-a0d5-e8f37068b7e8,2026-05-03T16:00:17.729978,aabd8828-4992-4138-a82c-82d2ace3e408
2654a2da-ef97-4255-aac4-7336ad76c863,7319bb38-0e1a-42a0-a1a3-c170af371232,a45ad921-aa51-46a7-83d9-e5a71380166c,56351de4-2ee1-4bd1-be46-b4b502db900c,04b79c8e-ee4c-4473-b915-16983dec8056,924d181f-d0a7-4fc0-b892-6232ebea55e8,2026-04-18T10:35:34.730008,Custom Deal - Zenith Partners,86010.03,2026-07-21T17:35:56.730024,fd2fd60f-404e-41a6-95e7-9a06e7913261,2026-03-22T09:41:55.730008,eaf0989b-5b56-4b72-9a32-2711e9c394ff
0edc28d4-4b23-4bfd-876f-fd25cb12220e,7319bb38-0e1a-42a0-a1a3-c170af371232,da998665-8866-4a9e-a9a2-658bbc6478f4,,04b79c8e-ee4c-4473-b915-16983dec8056,924d181f-d0a7-4fc0-b892-6232ebea55e8,2026-03-27T09:07:58.730034,Custom Deal - Onyx Data,187038.04,2026-05-31T11:27:14.730050,ba4c6a8d-6e78-4532-82ad-fccefbf8ab96,2025-10-19T03:31:31.730034,af8e7df9-9ce7-4499-ab19-610e813af04b
0779978b-20fd-49bc-9a43-ace4182ef8f6,7319bb38-0e1a-42a0-a1a3-c170af371232,eec71082-e103-4c85-af82-8ce2c5e3ce2f,,04b79c8e-ee4c-4473-b915-16983dec8056,c7ffe30e-ebfe-4810-83f4-206c3287d9de,2026-04-14T22:52:35.730060,Enterprise Deal - Amber Industries,8213.84,2026-07-31T17:14:39.730075,38b1938d-3cd4-479f-8f9c-d5fc4c1dd8fd,2026-02-16T09:27:11.730060,aabd8828-4992-4138-a82c-82d2ace3e408
b6923d64-c678-44b9-a457-a48af933ea1c,7319bb38-0e1a-42a0-a1a3-c170af371232,,eaa60bf7-c085-410f-94c7-71dd490bf09e,04b79c8e-ee4c-4473-b915-16983dec8056,924d181f-d0a7-4fc0-b892-6232ebea55e8,2026-07-19T17:24:42.730085,Growth Deal - Copper Systems,368831.13,2026-07-01T01:39:01.730100,fd2fd60f-404e-41a6-95e7-9a06e7913261,2026-03-21T22:33:33.730085,eaf0989b-5b56-4b72-9a32-2711e9c394ff
d8347f55-5e3f-4b8a-9017-613a9d5e3ff7,7319bb38-0e1a-42a0-a1a3-c170af371232,77ae1516-93e8-4fbf-bbc2-c3ed864f96c0,,04b79c8e-ee4c-4473-b915-16983dec8056,6521490a-9cae-428c-8686-0438bf8aeb68,2026-02-28T17:36:12.730110,Enterprise Deal - Quantum Dynamics,53656.48,2026-12-27T03:55:10.730125,38b1938d-3cd4-479f-8f9c-d5fc4c1dd8fd,2025-12-15T00:52:41.730110,fd2fd60f-404e-41a6-95e7-9a06e7913261
f6fdd16e-935c-48ce-a42d-8a08d1017fe5,7319bb38-0e1a-42a0-a1a3-c170af371232,,e7daaa43-9399-4bea-91e8-41c2b315f8d7,04b79c8e-ee4c-4473-b915-16983dec8056,1bd1b098-4e87-4258-8b67-54c76c74599a,2026-08-04T05:55:47.730135,Custom Deal - Titan Industries,34311.73,2027-01-08T00:26:31.730153,8ae3dae5-38cd-4160-84ef-5c590af0066c,2026-05-14T22:52:17.730135,8ae3dae5-38cd-4160-84ef-5c590af0066c
e6798f24-c440-45a0-9ebd-2043ca23659f,7319bb38-0e1a-42a0-a1a3-c170af371232,,,04b79c8e-ee4c-4473-b915-16983dec8056,6521490a-9cae-428c-8686-0438bf8aeb68,2026-05-24T16:00:22.730163,Premium Deal - Apex Innovations,378527.14,2026-12-24T08:52:57.730177,638bfc6a-5a8b-4bf8-9f66-0c0d0744f19a,2026-05-16T21:35:37.730163,96bb061b-9355-4d14-bab8-c5b59a63ac2a
1c8a2910-efc3-47b0-8c61-a0dc49ccd70f,7319bb38-0e1a-42a0-a1a3-c170af371232,,66dcf695-f71b-4838-88f6-749fb5e501af,04b79c8e-ee4c-4473-b915-16983dec8056,897f5d2f-3160-42b5-aec4-63761a6aee1a,2026-07-28T10:50:31.730192,Starter Deal - Iron Mountain,138762.75,2026-08-26T13:41:17.730207,af8ae744-eaf6-49a6-9c7f-4f4aa9e503ee,2026-01-15T12:46:43.730192,f6c1513d-8b13-441d-98bb-1a986c21400d
cce74178-0a18-4a83-9073-a062de821539,7319bb38-0e1a-42a0-a1a3-c170af371232,,,04b79c8e-ee4c-4473-b915-16983dec8056,a823f083-5d28-41df-879e-bb9f9fb39864,2026-03-06T05:53:16.730217,Premium Deal - Opal Solutions,156660.87,2027-01-22T03:11:40.730232,968afaab-9fc3-43d8-aea9-de1b0845fb8c,2026-01-31T01:37:14.730217,af8e7df9-9ce7-4499-ab19-610e813af04b
4274a6a6-2332-42df-a9d0-ffe75991ab56,7319bb38-0e1a-42a0-a1a3-c170af371232,b872a354-8f65-4aa7-896b-e89ee57ba99f,,04b79c8e-ee4c-4473-b915-16983dec8056,c7ffe30e-ebfe-4810-83f4-206c3287d9de,2026-04-17T22:12:09.730242,Growth Deal - SwiftScale,324580.44,2026-06-20T20:13:42.730257,af8e7df9-9ce7-4499-ab19-610e813af04b,2025-10-17T07:08:18.730242,638bfc6a-5a8b-4bf8-9f66-0c0d0744f19a
1dd6baaf-19d5-4456-bca5-7382ae479d5c,7319bb38-0e1a-42a0-a1a3-c170af371232,,9eef8b91-8118-442a-b337-722730ce1bc2,04b79c8e-ee4c-4473-b915-16983dec8056,1bd1b098-4e87-4258-8b67-54c76c74599a,2026-03-22T15:13:40.730267,Growth Deal - Ruby Software,388501.94,2026-12-01T15:11:43.730282,38b1938d-3cd4-479f-8f9c-d5fc4c1dd8fd,2025-08-25T21:40:19.730267,fd2fd60f-404e-41a6-95e7-9a06e7913261
040e47e0-fc8a-4d93-b2ed-12f79beced60,7319bb38-0e1a-42a0-a1a3-c170af371232,40e150c3-f2e0-42db-8bad-7e3a3fc023ae,a63f2d79-2770-4f1d-b82f-f26d7ae6884f,04b79c8e-ee4c-4473-b915-16983dec8056,924d181f-d0a7-4fc0-b892-6232ebea55e8,2026-07-04T18:27:31.730292,Custom Deal - Pearl Analytics,21179.98,2026-08-05T16:39:42.730308,af8e7df9-9ce7-4499-ab19-610e813af04b,2026-02-12T21:14:30.730292,f6c1513d-8b13-441d-98bb-1a986c21400d
affb8550-da69-4fc4-bec9-eb9aae29264d,7319bb38-0e1a-42a0-a1a3-c170af371232,5baf520b-6293-43f0-9398-ee29efcaec79,6dbf0b5a-edc7-46cb-ae58-6315aefec56f,04b79c8e-ee4c-4473-b915-16983dec8056,1bd1b098-4e87-4258-8b67-54c76c74599a,2026-05-07T21:59:34.730318,Enterprise Deal - Jade Consulting,497266.3,2026-08-09T10:18:58.730334,8ae3dae5-38cd-4160-84ef-5c590af0066c,2026-03-26T18:55:14.730318,af8e7df9-9ce7-4499-ab19-610e813af04b
6e7987f0-5634-45e4-99c9-5d7236768864,7319bb38-0e1a-42a0-a1a3-c170af371232,,a14c7385-ce77-4cd8-86f9-61c37dd2bbd8,04b79c8e-ee4c-4473-b915-16983dec8056,924d181f-d0a7-4fc0-b892-6232ebea55e8,2025-12-06T21:05:09.730344,Enterprise Deal - NovaTech Solutions,435862.66,2026-06-28T12:13:43.730362,96bb061b-9355-4d14-bab8-c5b59a63ac2a,2025-09-05T02:02:32.730344,af8ae744-eaf6-49a6-9c7f-4f4aa9e503ee
dddaacfb-0d00-40ba-ae51-1749bd2f8b06,7319bb38-0e1a-42a0-a1a3-c170af371232,,,04b79c8e-ee4c-4473-b915-16983dec8056,a823f083-5d28-41df-879e-bb9f9fb39864,2026-06-21T07:27:07.730372,Starter Deal - EverGreen Solutions,402010.1,2026-12-19T14:20:13.730387,aabd8828-4992-4138-a82c-82d2ace3e408,2026-05-26T02:35:04.730372,f6c1513d-8b13-441d-98bb-1a986c21400d
47b86892-8a3a-4783-93d3-33b2a202e7f6,7319bb38-0e1a-42a0-a1a3-c170af371232,0f1e14ec-ef28-4b69-9148-e35e859c1b0c,,04b79c8e-ee4c-4473-b915-16983dec8056,6521490a-9cae-428c-8686-0438bf8aeb68,2026-05-01T10:35:33.730397,Growth Deal - SwiftScale,199173.22,2026-09-09T15:31:44.730412,fd2fd60f-404e-41a6-95e7-9a06e7913261,2025-09-08T15:33:33.730397,af8e7df9-9ce7-4499-ab19-610e813af04b
4590d472-182f-485b-a357-6617055da87c,7319bb38-0e1a-42a0-a1a3-c170af371232,b3ac5f0e-8ad4-4ca5-9e0c-373bec70ca67,bdfe74de-067e-480a-971a-6f7f4f75216a,04b79c8e-ee4c-4473-b915-16983dec8056,924d181f-d0a7-4fc0-b892-6232ebea55e8,2026-01-07T20:23:56.730422,Starter Deal - Iron Mountain,32147.97,2026-07-12T02:27:52.730437,38b1938d-3cd4-479f-8f9c-d5fc4c1dd8fd,2025-12-12T21:51:40.730422,968afaab-9fc3-43d8-aea9-de1b0845fb8c
7b053573-2c79-4f6d-9027-36d2a47f5169,7319bb38-0e1a-42a0-a1a3-c170af371232,,,04b79c8e-ee4c-4473-b915-16983dec8056,924d181f-d0a7-4fc0-b892-6232ebea55e8,2026-01-17T04:33:19.730450,Premium Deal - DataFlow Systems,462045.84,2026-05-21T11:09:14.730465,96bb061b-9355-4d14-bab8-c5b59a63ac2a,2025-08-08T20:51:53.730450,aabd8828-4992-4138-a82c-82d2ace3e408
f62c3bed-01a7-443a-bdda-fa260072e76f,7319bb38-0e1a-42a0-a1a3-c170af371232,b5eae6ed-b4e8-4970-990c-61bcdf8f473c,,04b79c8e-ee4c-4473-b915-16983dec8056,a823f083-5d28-41df-879e-bb9f9fb39864,2026-04-25T07:57:38.730475,Premium Deal - Nimbus Networks,324736.11,2026-10-12T09:21:35.730490,af8ae744-eaf6-49a6-9c7f-4f4aa9e503ee,2026-04-03T08:48:01.730475,38b1938d-3cd4-479f-8f9c-d5fc4c1dd8fd
c1d04062-6c14-4123-b1ec-48f378eadaf5,7319bb38-0e1a-42a0-a1a3-c170af371232,641e83ac-528c-4169-88e5-c2da51457ac2,,04b79c8e-ee4c-4473-b915-16983dec8056,924d181f-d0a7-4fc0-b892-6232ebea55e8,2026-06-18T12:53:01.730500,Growth Deal - Opal Solutions,137985.53,2026-04-22T16:15:53.730515,f6c1513d-8b13-441d-98bb-1a986c21400d,2025-10-07T12:14:50.730500,968afaab-9fc3-43d8-aea9-de1b0845fb8c
168d13df-f006-4c25-be26-85e49184a6e5,7319bb38-0e1a-42a0-a1a3-c170af371232,,,04b79c8e-ee4c-4473-b915-16983dec8056,c7ffe30e-ebfe-4810-83f4-206c3287d9de,2026-07-29T09:34:24.730525,Premium Deal - CloudPeak Analytics,396867.34,2026-05-12T11:03:19.730544,ba4c6a8d-6e78-4532-82ad-fccefbf8ab96,2026-06-02T09:32:36.730525,38b1938d-3cd4-479f-8f9c-d5fc4c1dd8fd
cb356528-80e1-4a28-b9b9-677c193afb98,7319bb38-0e1a-42a0-a1a3-c170af371232,18f8e1f2-e2af-4dd2-aa54-5a0c7a25f588,,04b79c8e-ee4c-4473-b915-16983dec8056,c7ffe30e-ebfe-4810-83f4-206c3287d9de,2026-06-06T15:19:47.730554,Starter Deal - Golden Ratio,211145.54,2026-05-26T03:15:33.730569,a3b11eec-7159-4649-ad03-75eeb3c9b04f,2026-01-19T02:47:38.730554,ba4c6a8d-6e78-4532-82ad-fccefbf8ab96
1e870680-8dd1-4871-9f24-776394923b01,7319bb38-0e1a-42a0-a1a3-c170af371232,,69edc368-e348-4acd-9c94-208bdc331bf6,04b79c8e-ee4c-4473-b915-16983dec8056,6521490a-9cae-428c-8686-0438bf8aeb68,2026-07-25T19:44:00.730579,Starter Deal - Pearl Analytics,371964.74,2026-08-20T00:24:50.730593,5b11e466-caa2-4b0d-ad40-becd33c6cbc2,2026-06-30T01:24:49.730579,eaf0989b-5b56-4b72-9a32-2711e9c394ff
615b9e3c-d27e-4aae-97c6-e30e23df6e88,7319bb38-0e1a-42a0-a1a3-c170af371232,d7667051-f27c-4935-8a87-bbb283f2b554,,04b79c8e-ee4c-4473-b915-16983dec8056,6521490a-9cae-428c-8686-0438bf8aeb68,2026-06-20T02:28:42.730603,Custom Deal - NovaTech Solutions,425453.93,2026-10-19T11:38:50.730620,aabd8828-4992-4138-a82c-82d2ace3e408,2026-01-13T19:43:36.730603,eaf0989b-5b56-4b72-9a32-2711e9c394ff
b0a43766-58be-4fe6-b777-934b4156b516,7319bb38-0e1a-42a0-a1a3-c170af371232,eec71082-e103-4c85-af82-8ce2c5e3ce2f,,04b79c8e-ee4c-4473-b915-16983dec8056,897f5d2f-3160-42b5-aec4-63761a6aee1a,2026-06-23T12:44:46.730630,Enterprise Deal - Pulse Digital,461739.75,2026-10-17T11:10:25.730650,8ae3dae5-38cd-4160-84ef-5c590af0066c,2025-10-14T07:52:50.730630,5b11e466-caa2-4b0d-ad40-becd33c6cbc2
50d831bd-dc3b-4050-b584-dc883254d1d4,7319bb38-0e1a-42a0-a1a3-c170af371232,,b68046fe-c84d-45ed-b9a1-36b7cc74d21e,04b79c8e-ee4c-4473-b915-16983dec8056,a823f083-5d28-41df-879e-bb9f9fb39864,2025-12-26T18:49:50.730660,Starter Deal - Jade Consulting,282260.87,2026-11-17T14:26:08.730675,38b1938d-3cd4-479f-8f9c-d5fc4c1dd8fd,2025-11-06T23:20:15.730660,aabd8828-4992-4138-a82c-82d2ace3e408
34574d50-6a4a-4745-bea5-bed38486feac,7319bb38-0e1a-42a0-a1a3-c170af371232,15d7e30d-afdd-482a-8bbd-ef4efe23628e,9557e36a-89fd-4eaa-8118-893c1f73e5c3,04b79c8e-ee4c-4473-b915-16983dec8056,1bd1b098-4e87-4258-8b67-54c76c74599a,2026-04-03T09:57:14.730686,Premium Deal - RedRock Ventures,72924.41,2026-10-23T02:37:46.730701,968afaab-9fc3-43d8-aea9-de1b0845fb8c,2026-02-03T09:30:11.730686,968afaab-9fc3-43d8-aea9-de1b0845fb8c
57d7fff8-820e-4ba6-9250-6ab009ab6dd9,7319bb38-0e1a-42a0-a1a3-c170af371232,,80813e80-57b0-4711-9003-636884486f45,04b79c8e-ee4c-4473-b915-16983dec8056,6521490a-9cae-428c-8686-0438bf8aeb68,2026-07-27T16:14:09.730720,Starter Deal - Catalyst Group,366115.97,2027-01-26T03:25:04.730735,96bb061b-9355-4d14-bab8-c5b59a63ac2a,2026-01-27T01:38:58.730720,96bb061b-9355-4d14-bab8-c5b59a63ac2a
d9a8362c-db1d-448b-9d5e-fb05abe0b1f9,7319bb38-0e1a-42a0-a1a3-c170af371232,cedd4bbe-822b-4da6-b665-ce54d85e8481,8c0dd002-f93c-4b6b-8fa8-284320101b75,04b79c8e-ee4c-4473-b915-16983dec8056,924d181f-d0a7-4fc0-b892-6232ebea55e8,2026-07-25T02:24:17.730745,Enterprise Deal - Apex Health,7768.11,2026-08-04T01:24:56.730760,f6c1513d-8b13-441d-98bb-1a986c21400d,2026-01-27T16:08:49.730745,a3b11eec-7159-4649-ad03-75eeb3c9b04f
2ae23479-8c9a-4b50-b47f-62d08239c3a3,7319bb38-0e1a-42a0-a1a3-c170af371232,cbbde041-d040-4b46-975c-2826838a0af7,,04b79c8e-ee4c-4473-b915-16983dec8056,6521490a-9cae-428c-8686-0438bf8aeb68,2025-10-02T23:36:54.730771,Premium Deal - Steel Bridge,1732.38,2026-08-18T00:09:20.730786,f6c1513d-8b13-441d-98bb-1a986c21400d,2025-09-22T17:28:17.730771,f6c1513d-8b13-441d-98bb-1a986c21400d
75a52744-7adf-4ac7-a3f8-c1e32b68078e,7319bb38-0e1a-42a0-a1a3-c170af371232,fcac05cb-436e-46c0-8980-27fb0bdc1b81,eec87d8d-55da-4f1c-8755-d4fce350f4d1,04b79c8e-ee4c-4473-b915-16983dec8056,897f5d2f-3160-42b5-aec4-63761a6aee1a,2025-12-26T14:09:18.730796,Premium Deal - NovaTech Solutions,483855.72,2027-01-15T02:52:40.730811,38b1938d-3cd4-479f-8f9c-d5fc4c1dd8fd,2025-11-14T15:56:58.730796,aabd8828-4992-4138-a82c-82d2ace3e408
52c1c4c8-ae10-4feb-ba03-a23940ecdd6a,7319bb38-0e1a-42a0-a1a3-c170af371232,328657de-04e1-465a-830f-36c8bea48153,,04b79c8e-ee4c-4473-b915-16983dec8056,a823f083-5d28-41df-879e-bb9f9fb39864,2025-09-05T14:10:53.730821,Custom Deal - Onyx Data,261840.88,2026-11-06T11:16:15.730836,38b1938d-3cd4-479f-8f9c-d5fc4c1dd8fd,2025-08-25T22:24:16.730821,f6c1513d-8b13-441d-98bb-1a986c21400d
cb273110-4d2c-4c5c-a372-130b73c49950,7319bb38-0e1a-42a0-a1a3-c170af371232,ad049cd0-c1ef-450a-a836-49e1f5887775,,04b79c8e-ee4c-4473-b915-16983dec8056,897f5d2f-3160-42b5-aec4-63761a6aee1a,2026-07-04T17:17:13.730846,Enterprise Deal - Jade Consulting,173370.77,2027-01-21T01:51:55.730861,0d1a00d8-532c-48b5-a0d5-e8f37068b7e8,2026-06-10T22:31:48.730846,ba4c6a8d-6e78-4532-82ad-fccefbf8ab96
560c17d5-84ae-4e32-a6b6-1d6204cca08f,7319bb38-0e1a-42a0-a1a3-c170af371232,dbdf2412-6eb6-4c02-8d44-23dc6e076a2d,,04b79c8e-ee4c-4473-b915-16983dec8056,897f5d2f-3160-42b5-aec4-63761a6aee1a,2026-03-21T15:38:03.730871,Growth Deal - Nimbus Networks,382155.58,2027-01-31T16:47:08.730885,ba4c6a8d-6e78-4532-82ad-fccefbf8ab96,2026-03-21T03:50:24.730871,968afaab-9fc3-43d8-aea9-de1b0845fb8c
e15dc33e-0703-47c4-99ff-6169015abf03,7319bb38-0e1a-42a0-a1a3-c170af371232,28a322b1-8e20-442b-b592-d52fe4039f9d,eefe4750-7214-4035-a082-3b5fad2af2b1,04b79c8e-ee4c-4473-b915-16983dec8056,1bd1b098-4e87-4258-8b67-54c76c74599a,2026-08-03T22:14:54.730896,Enterprise Deal - Catalyst Group,8838.61,2026-10-18T07:15:03.730911,af8e7df9-9ce7-4499-ab19-610e813af04b,2026-07-27T09:13:39.730896,fd2fd60f-404e-41a6-95e7-9a06e7913261
03d94533-f15b-4006-890f-e62e4cc725ca,7319bb38-0e1a-42a0-a1a3-c170af371232,ffece954-959a-42fb-bdc9-f84d420244fc,,04b79c8e-ee4c-4473-b915-16983dec8056,924d181f-d0a7-4fc0-b892-6232ebea55e8,2026-04-18T12:56:05.730921,Custom Deal - Coral Health,400751.8,2026-07-26T11:30:21.730936,96bb061b-9355-4d14-bab8-c5b59a63ac2a,2026-03-13T15:13:55.730921,eaf0989b-5b56-4b72-9a32-2711e9c394ff
89dcd9b4-078f-44a7-9012-49edc197cf86,7319bb38-0e1a-42a0-a1a3-c170af371232,348d8c7c-6033-4de2-8f81-16692af9313e,e7daaa43-9399-4bea-91e8-41c2b315f8d7,04b79c8e-ee4c-4473-b915-16983dec8056,6521490a-9cae-428c-8686-0438bf8aeb68,2026-06-22T09:05:26.730947,Starter Deal - Sterling Finance,400727.05,2027-01-21T02:31:05.730962,fd2fd60f-404e-41a6-95e7-9a06e7913261,2026-06-18T03:52:40.730947,0d1a00d8-532c-48b5-a0d5-e8f37068b7e8
6a600ba5-de3e-4d72-8b5c-fe4741749f5b,7319bb38-0e1a-42a0-a1a3-c170af371232,c2e1b5da-a71b-48d2-937b-61a8048317b1,dc857e49-4db2-4daa-8645-82c032525502,04b79c8e-ee4c-4473-b915-16983dec8056,6521490a-9cae-428c-8686-0438bf8aeb68,2026-07-03T23:14:56.730976,Custom Deal - Diamond Edge,496895.66,2026-08-09T08:54:01.730992,8ae3dae5-38cd-4160-84ef-5c590af0066c,2026-06-17T13:50:25.730976,8ae3dae5-38cd-4160-84ef-5c590af0066c
a54b1559-9ce5-4ee7-817b-6f5486b5d6de,7319bb38-0e1a-42a0-a1a3-c170af371232,b07795dc-711f-42e5-9717-8a0ee5baac2e,7db59e35-0f85-4a7c-b28a-e41b87b1d8b4,04b79c8e-ee4c-4473-b915-16983dec8056,924d181f-d0a7-4fc0-b892-6232ebea55e8,2026-05-22T10:35:22.731002,Starter Deal - RedRock Ventures,278635.68,2026-06-26T19:37:46.731018,5b11e466-caa2-4b0d-ad40-becd33c6cbc2,2026-02-20T05:49:32.731002,0d1a00d8-532c-48b5-a0d5-e8f37068b7e8
4163723c-4f0b-4303-a884-b85a4d1ee0c0,7319bb38-0e1a-42a0-a1a3-c170af371232,bef16a3d-d72b-4e78-81c6-3e93a14c780e,01f4d583-87d5-455a-8340-45a6c95b98c2,04b79c8e-ee4c-4473-b915-16983dec8056,a823f083-5d28-41df-879e-bb9f9fb39864,2026-04-10T13:38:19.731028,Premium Deal - BlueShift Labs,85418.4,2026-09-18T03:44:45.731043,638bfc6a-5a8b-4bf8-9f66-0c0d0744f19a,2025-12-15T19:26:45.731028,8ae3dae5-38cd-4160-84ef-5c590af0066c
bfbaa865-326a-4ff8-98f6-fd61471dcf06,7319bb38-0e1a-42a0-a1a3-c170af371232,aa19768b-cc20-48e3-bf49-e6d26edd92a3,6e3a0d47-8b18-42b8-bd55-e047f9daf4f4,04b79c8e-ee4c-4473-b915-16983dec8056,c7ffe30e-ebfe-4810-83f4-206c3287d9de,2026-08-03T08:28:45.731054,Starter Deal - Atlas Computing,49545.26,2026-07-14T12:17:15.731072,af8e7df9-9ce7-4499-ab19-610e813af04b,2026-03-07T03:37:51.731054,ba4c6a8d-6e78-4532-82ad-fccefbf8ab96
9652a5b0-65d3-4529-a8fc-43e1b888150c,7319bb38-0e1a-42a0-a1a3-c170af371232,,9aef5d20-6b67-4ce9-a345-ef74c886ec01,04b79c8e-ee4c-4473-b915-16983dec8056,897f5d2f-3160-42b5-aec4-63761a6aee1a,2026-06-08T05:36:48.731082,Premium Deal - Nimbus Networks,316259.82,2026-10-16T20:29:14.731097,5b11e466-caa2-4b0d-ad40-becd33c6cbc2,2026-02-16T21:30:37.731082,968afaab-9fc3-43d8-aea9-de1b0845fb8c
111c58fb-2661-44ec-aa57-0b75b9d5785a,7319bb38-0e1a-42a0-a1a3-c170af371232,3ce522f2-b2ee-4eea-bd8d-b3eee85a799b,29d44821-7bf8-40a8-b87d-6e0552278397,04b79c8e-ee4c-4473-b915-16983dec8056,1bd1b098-4e87-4258-8b67-54c76c74599a,2026-05-04T04:22:03.731107,Premium Deal - Diamond Edge,456099.87,2026-12-25T00:22:44.731122,af8e7df9-9ce7-4499-ab19-610e813af04b,2025-12-20T04:56:39.731107,ba4c6a8d-6e78-4532-82ad-fccefbf8ab96
0a799555-279b-4536-8ef3-7922b1030e8f,7319bb38-0e1a-42a0-a1a3-c170af371232,3ad08cb9-93de-4279-b757-dcef2c014170,ad6458b8-d4cc-4896-9a61-c230da98e4ff,04b79c8e-ee4c-4473-b915-16983dec8056,6521490a-9cae-428c-8686-0438bf8aeb68,2026-02-08T21:29:44.731133,Custom Deal - Ruby Software,23859.1,2026-10-14T11:01:14.731153,af8e7df9-9ce7-4499-ab19-610e813af04b,2025-10-12T15:12:38.731133,eaf0989b-5b56-4b72-9a32-2711e9c394ff
d1d3e532-65db-4dd7-bdac-93a3b7db8bdf,7319bb38-0e1a-42a0-a1a3-c170af371232,4d7168ef-4f57-4298-87c6-d8e0133b0467,,04b79c8e-ee4c-4473-b915-16983dec8056,a823f083-5d28-41df-879e-bb9f9fb39864,2026-06-25T20:27:53.731165,Starter Deal - Iron Mountain,135626.26,2027-01-05T01:23:23.731181,38b1938d-3cd4-479f-8f9c-d5fc4c1dd8fd,2026-01-01T18:36:00.731165,5b11e466-caa2-4b0d-ad40-becd33c6cbc2
9c5256ec-7908-4011-977c-f1cdcfb6fad0,7319bb38-0e1a-42a0-a1a3-c170af371232,e3fa35c0-d49e-406a-b6f2-737c01335376,44896739-5786-4576-9031-41916a1f7a12,04b79c8e-ee4c-4473-b915-16983dec8056,1bd1b098-4e87-4258-8b67-54c76c74599a,2026-08-02T21:06:10.731191,Growth Deal - Pearl Analytics,337626.47,2027-01-26T06:31:00.731207,aabd8828-4992-4138-a82c-82d2ace3e408,2025-12-22T14:32:39.731191,ba4c6a8d-6e78-4532-82ad-fccefbf8ab96
6c9b2fce-7bee-47ae-996b-0acc9d02a2e8,7319bb38-0e1a-42a0-a1a3-c170af371232,a6af0148-2f5e-4938-a03c-fb7d3a74d2ec,,04b79c8e-ee4c-4473-b915-16983dec8056,897f5d2f-3160-42b5-aec4-63761a6aee1a,2026-04-29T09:56:10.731217,Enterprise Deal - Topaz Digital,422351.58,2026-12-11T04:36:17.731238,5b11e466-caa2-4b0d-ad40-becd33c6cbc2,2026-03-06T04:28:07.731217,aabd8828-4992-4138-a82c-82d2ace3e408
73b182dd-b039-4014-945b-6bf3987e1ead,7319bb38-0e1a-42a0-a1a3-c170af371232,,,04b79c8e-ee4c-4473-b915-16983dec8056,924d181f-d0a7-4fc0-b892-6232ebea55e8,2026-08-05T10:52:29.731248,Enterprise Deal - Pulse Digital,122646.82,2026-05-19T20:59:00.731272,96bb061b-9355-4d14-bab8-c5b59a63ac2a,2026-03-30T12:47:54.731248,968afaab-9fc3-43d8-aea9-de1b0845fb8c
c2da6f94-c969-4bbf-a181-e1d15e9c2d9a,7319bb38-0e1a-42a0-a1a3-c170af371232,e89aa0f3-d05f-4c0e-9afa-8e136158145a,88eee938-4285-44b1-8ea6-9ac14e565a8c,04b79c8e-ee4c-4473-b915-16983dec8056,897f5d2f-3160-42b5-aec4-63761a6aee1a,2026-07-22T07:31:53.731282,Premium Deal - Zenith Partners,414844.77,2026-10-26T07:12:47.731299,aabd8828-4992-4138-a82c-82d2ace3e408,2026-04-13T00:44:10.731282,a3b11eec-7159-4649-ad03-75eeb3c9b04f
e13fd994-03f1-4925-bbb0-d43a25dca7c4,7319bb38-0e1a-42a0-a1a3-c170af371232,,80813e80-57b0-4711-9003-636884486f45,04b79c8e-ee4c-4473-b915-16983dec8056,924d181f-d0a7-4fc0-b892-6232ebea55e8,2026-07-29T04:07:49.731309,Enterprise Deal - Catalyst Group,195484.73,2026-05-26T02:51:15.731325,f6c1513d-8b13-441d-98bb-1a986c21400d,2026-04-12T07:42:02.731309,38b1938d-3cd4-479f-8f9c-d5fc4c1dd8fd
44b74ba3-cbd4-49f0-9082-f4fa823e5117,7319bb38-0e1a-42a0-a1a3-c170af371232,,,04b79c8e-ee4c-4473-b915-16983dec8056,c7ffe30e-ebfe-4810-83f4-206c3287d9de,2026-06-05T19:16:26.731334,Premium Deal - Sterling Finance,331915.9,2026-06-03T06:52:58.731350,0d1a00d8-532c-48b5-a0d5-e8f37068b7e8,2025-09-03T21:38:09.731334,ba4c6a8d-6e78-4532-82ad-fccefbf8ab96
c25db543-de13-427b-af94-666dc9573fda,7319bb38-0e1a-42a0-a1a3-c170af371232,5341d1a5-d23e-4a5b-89cf-238e4d60deaf,,04b79c8e-ee4c-4473-b915-16983dec8056,6521490a-9cae-428c-8686-0438bf8aeb68,2026-06-14T15:02:35.731360,Starter Deal - Summit Analytics,361424.65,2027-01-01T05:47:41.731375,0d1a00d8-532c-48b5-a0d5-e8f37068b7e8,2026-04-27T14:48:53.731360,0d1a00d8-532c-48b5-a0d5-e8f37068b7e8
13bffdfe-b1d9-4d3e-b9ba-158468c3384e,7319bb38-0e1a-42a0-a1a3-c170af371232,60de69b0-e36a-4870-8055-3c7e23e949db,bdfe74de-067e-480a-971a-6f7f4f75216a,04b79c8e-ee4c-4473-b915-16983dec8056,c7ffe30e-ebfe-4810-83f4-206c3287d9de,2026-06-20T07:09:00.731386,Custom Deal - Jade Consulting,404213.61,2026-05-20T07:28:10.731403,eaf0989b-5b56-4b72-9a32-2711e9c394ff,2026-02-05T12:43:09.731386,638bfc6a-5a8b-4bf8-9f66-0c0d0744f19a
eb050259-4cd8-4fd7-868c-9c61caa05f35,7319bb38-0e1a-42a0-a1a3-c170af371232,,,04b79c8e-ee4c-4473-b915-16983dec8056,6521490a-9cae-428c-8686-0438bf8aeb68,2025-11-05T16:25:41.731414,Growth Deal - Sapphire Tech,59604.03,2027-01-27T18:59:24.731429,aabd8828-4992-4138-a82c-82d2ace3e408,2025-10-15T03:20:25.731414,eaf0989b-5b56-4b72-9a32-2711e9c394ff
2cf4dbf2-84bb-4da0-affb-af61c1c7d15e,7319bb38-0e1a-42a0-a1a3-c170af371232,d31c9c82-059e-4d2f-a122-16be8e642765,,04b79c8e-ee4c-4473-b915-16983dec8056,c7ffe30e-ebfe-4810-83f4-206c3287d9de,2026-03-26T13:29:52.731444,Premium Deal - Catalyst Group,284407.66,2026-04-22T02:48:49.731460,8ae3dae5-38cd-4160-84ef-5c590af0066c,2025-11-07T03:21:31.731444,af8e7df9-9ce7-4499-ab19-610e813af04b
d48c03ca-3dbd-415a-ac0b-02345e7afa94,7319bb38-0e1a-42a0-a1a3-c170af371232,bbb51380-4394-4fae-b3b1-e8b1deb37c81,7cc03d59-c61d-4047-894a-c0e45d07bbef,04b79c8e-ee4c-4473-b915-16983dec8056,6521490a-9cae-428c-8686-0438bf8aeb68,2026-01-15T16:53:47.731470,Starter Deal - Platinum Partners,343542.26,2026-12-09T02:48:23.731486,f6c1513d-8b13-441d-98bb-1a986c21400d,2025-11-23T23:58:53.731470,968afaab-9fc3-43d8-aea9-de1b0845fb8c
db4a76d9-2242-44c2-8a62-843631ebed32,7319bb38-0e1a-42a0-a1a3-c170af371232,ac6c7fd9-a4fc-4b4c-b8c6-8049ebf7e9b0,16efcce2-d415-4fa3-b1fd-b2f273dd56f3,04b79c8e-ee4c-4473-b915-16983dec8056,6521490a-9cae-428c-8686-0438bf8aeb68,2026-07-11T16:13:29.731496,Starter Deal - Sapphire Tech,450810.98,2026-11-08T19:20:41.731515,aabd8828-4992-4138-a82c-82d2ace3e408,2025-12-27T09:29:30.731496,af8ae744-eaf6-49a6-9c7f-4f4aa9e503ee
08831b95-0761-4104-8f1b-54b9e0207e75,7319bb38-0e1a-42a0-a1a3-c170af371232,2c11dc85-9128-4b42-9625-273c0076695f,2aeadc46-d5c9-4625-bd00-df403dc703a7,04b79c8e-ee4c-4473-b915-16983dec8056,c7ffe30e-ebfe-4810-83f4-206c3287d9de,2026-06-19T21:08:50.731530,Enterprise Deal - Nimbus Networks,270187.54,2026-05-28T03:20:25.731546,638bfc6a-5a8b-4bf8-9f66-0c0d0744f19a,2026-05-21T02:07:47.731530,aabd8828-4992-4138-a82c-82d2ace3e408
269a2645-efa4-4dcd-ad81-a96eafaf2240,7319bb38-0e1a-42a0-a1a3-c170af371232,38b40137-7da4-49dc-95d1-1a0688f4fb3b,3edadcca-2476-47ad-bff2-971966418e62,04b79c8e-ee4c-4473-b915-16983dec8056,a823f083-5d28-41df-879e-bb9f9fb39864,2026-05-20T15:58:32.731557,Starter Deal - Bronze Gate,65013.24,2026-08-20T09:02:22.731572,af8ae744-eaf6-49a6-9c7f-4f4aa9e503ee,2026-01-26T14:01:38.731557,38b1938d-3cd4-479f-8f9c-d5fc4c1dd8fd
5ecece66-3214-43f5-a8f7-3437b10114c8,7319bb38-0e1a-42a0-a1a3-c170af371232,,3297cf90-f282-4e3b-92a8-1486947ea316,04b79c8e-ee4c-4473-b915-16983dec8056,c7ffe30e-ebfe-4810-83f4-206c3287d9de,2026-05-07T21:04:14.731582,Starter Deal - Vanguard Systems,358968.77,2026-06-11T01:29:18.731597,638bfc6a-5a8b-4bf8-9f66-0c0d0744f19a,2026-02-20T21:50:51.731582,ba4c6a8d-6e78-4532-82ad-fccefbf8ab96
9827b150-499c-4aa4-b451-79a3285abedf,7319bb38-0e1a-42a0-a1a3-c170af371232,b6b19b70-ac74-4a4d-b9a8-34b118466b71,de723927-e986-44e8-ab08-8ca02615340d,04b79c8e-ee4c-4473-b915-16983dec8056,1bd1b098-4e87-4258-8b67-54c76c74599a,2026-01-29T03:12:08.731608,Premium Deal - NexGen Software,476787.7,2026-09-08T18:22:17.731623,38b1938d-3cd4-479f-8f9c-d5fc4c1dd8fd,2025-10-21T14:18:16.731608,968afaab-9fc3-43d8-aea9-de1b0845fb8c
90e4d60e-047b-4ce0-91b0-3a3ddf174f78,7319bb38-0e1a-42a0-a1a3-c170af371232,aea80284-d2ba-4ee7-976f-9153e97f0bf8,,04b79c8e-ee4c-4473-b915-16983dec8056,a823f083-5d28-41df-879e-bb9f9fb39864,2026-07-07T05:40:22.731633,Premium Deal - SwiftScale,245545.37,2026-11-05T00:04:52.731656,96bb061b-9355-4d14-bab8-c5b59a63ac2a,2025-10-22T03:09:44.731633,a3b11eec-7159-4649-ad03-75eeb3c9b04f
b878981c-c891-46cb-bb65-d9c7cec75cc5,7319bb38-0e1a-42a0-a1a3-c170af371232,,2a7a9439-e288-4c5f-9d70-757e2dd3a56d,04b79c8e-ee4c-4473-b915-16983dec8056,c7ffe30e-ebfe-4810-83f4-206c3287d9de,2026-03-07T18:09:42.731666,Premium Deal - Topaz Digital,379808.17,2026-08-03T22:53:36.731681,f6c1513d-8b13-441d-98bb-1a986c21400d,2025-09-09T13:38:37.731666,8ae3dae5-38cd-4160-84ef-5c590af0066c
ddd1ad20-8d4e-4b16-ad1a-beb15d142c5a,7319bb38-0e1a-42a0-a1a3-c170af371232,4820c141-f896-4029-b887-e182b011e585,1a017dff-0a24-4f2a-b0b4-42650a48ad51,04b79c8e-ee4c-4473-b915-16983dec8056,1bd1b098-4e87-4258-8b67-54c76c74599a,2026-07-16T21:29:33.731691,Enterprise Deal - SilverLine Corp,183969.18,2026-12-01T03:04:00.731706,0d1a00d8-532c-48b5-a0d5-e8f37068b7e8,2026-06-09T02:16:41.731691,0d1a00d8-532c-48b5-a0d5-e8f37068b7e8
00b70e07-0edc-4252-8974-bc99a3b1101c,7319bb38-0e1a-42a0-a1a3-c170af371232,,,04b79c8e-ee4c-4473-b915-16983dec8056,924d181f-d0a7-4fc0-b892-6232ebea55e8,2026-07-31T13:33:13.731715,Starter Deal - Coral Health,380406.59,2026-07-07T03:31:00.731731,aabd8828-4992-4138-a82c-82d2ace3e408,2026-07-22T02:04:34.731715,638bfc6a-5a8b-4bf8-9f66-0c0d0744f19a
3e38f48d-5acf-4c4e-b413-7c73bc90c609,7319bb38-0e1a-42a0-a1a3-c170af371232,c419aad7-e781-425a-ba00-286c70cd1362,23b33873-e1b5-4cfc-a259-50431350badc,04b79c8e-ee4c-4473-b915-16983dec8056,924d181f-d0a7-4fc0-b892-6232ebea55e8,2026-06-18T12:37:33.731741,Enterprise Deal - EverGreen Solutions,224702.45,2026-08-02T21:56:32.731833,a3b11eec-7159-4649-ad03-75eeb3c9b04f,2025-11-23T12:39:59.731741,ba4c6a8d-6e78-4532-82ad-fccefbf8ab96
02feb182-fc02-4e9a-ad92-6fa1f49fe57c,7319bb38-0e1a-42a0-a1a3-c170af371232,9f2050c5-4376-4ad0-bf6b-1c22021d599c,e7abf395-2e5b-4ea6-a83c-293d94b1b468,04b79c8e-ee4c-4473-b915-16983dec8056,897f5d2f-3160-42b5-aec4-63761a6aee1a,2026-04-21T13:20:26.731854,Custom Deal - NexGen Software,164929.97,2026-10-18T09:51:58.731889,aabd8828-4992-4138-a82c-82d2ace3e408,2026-02-02T00:23:48.731854,8ae3dae5-38cd-4160-84ef-5c590af0066c
743dfed1-54d2-47e5-b221-e9e8934a86aa,7319bb38-0e1a-42a0-a1a3-c170af371232,,,04b79c8e-ee4c-4473-b915-16983dec8056,1bd1b098-4e87-4258-8b67-54c76c74599a,2026-07-05T10:35:16.731935,Growth Deal - Pearl Analytics,59983.4,2026-09-24T04:38:23.731958,38b1938d-3cd4-479f-8f9c-d5fc4c1dd8fd,2025-08-10T03:57:49.731935,96bb061b-9355-4d14-bab8-c5b59a63ac2a
1b9d9573-7cc5-4f9c-90f4-0f5f52db95bb,7319bb38-0e1a-42a0-a1a3-c170af371232,d73ca6c5-b400-4134-9e8c-e50d7c0510fb,9b95c224-5110-47b5-82d3-6d87401e9e61,04b79c8e-ee4c-4473-b915-16983dec8056,897f5d2f-3160-42b5-aec4-63761a6aee1a,2026-07-30T13:40:31.731971,Enterprise Deal - Velocity Labs,197380.55,2027-01-11T15:33:57.731987,af8e7df9-9ce7-4499-ab19-610e813af04b,2026-07-25T06:50:26.731971,aabd8828-4992-4138-a82c-82d2ace3e408
0c55c2e9-d5fc-4d5d-a9c8-b2b3b91c599e,7319bb38-0e1a-42a0-a1a3-c170af371232,,,04b79c8e-ee4c-4473-b915-16983dec8056,924d181f-d0a7-4fc0-b892-6232ebea55e8,2026-02-12T16:36:41.732017,Growth Deal - EverGreen Solutions,442928.91,2026-07-16T16:42:05.732048,f6c1513d-8b13-441d-98bb-1a986c21400d,2025-11-22T20:48:09.732017,a3b11eec-7159-4649-ad03-75eeb3c9b04f
379013ae-1620-4af0-96b9-8357ed6d0e67,7319bb38-0e1a-42a0-a1a3-c170af371232,07c0582e-53b4-40cb-b6a1-f88f3f18b65b,28615c98-bd70-494f-b3d7-4eea6dee4878,04b79c8e-ee4c-4473-b915-16983dec8056,6521490a-9cae-428c-8686-0438bf8aeb68,2026-07-08T16:01:19.732065,Premium Deal - Coral Health,72130.01,2026-11-25T13:21:36.732095,8ae3dae5-38cd-4160-84ef-5c590af0066c,2026-06-10T19:55:40.732065,0d1a00d8-532c-48b5-a0d5-e8f37068b7e8
7115829c-7435-4297-b606-6a0e30c21780,7319bb38-0e1a-42a0-a1a3-c170af371232,,f90cc863-ed38-4d6f-82f8-a3f91ce89384,04b79c8e-ee4c-4473-b915-16983dec8056,924d181f-d0a7-4fc0-b892-6232ebea55e8,2025-12-24T04:01:53.732115,Premium Deal - Titan Industries,65583.58,2026-08-03T14:33:35.732160,968afaab-9fc3-43d8-aea9-de1b0845fb8c,2025-08-25T17:56:38.732115,aabd8828-4992-4138-a82c-82d2ace3e408
404a12da-8581-4233-a91e-8a0e493d4531,7319bb38-0e1a-42a0-a1a3-c170af371232,bcdc0de4-c070-4d56-a903-9a375a718e2f,,04b79c8e-ee4c-4473-b915-16983dec8056,a823f083-5d28-41df-879e-bb9f9fb39864,2026-07-17T09:05:52.732184,Enterprise Deal - SilverLine Corp,341249.7,2026-10-23T16:50:46.732215,5b11e466-caa2-4b0d-ad40-becd33c6cbc2,2026-07-14T20:12:04.732184,af8ae744-eaf6-49a6-9c7f-4f4aa9e503ee
83274ab0-a7b1-4c0c-bc66-ee31b0297108,7319bb38-0e1a-42a0-a1a3-c170af371232,97e5a0cf-98ef-4cea-8c2d-1f933ee7a13f,,04b79c8e-ee4c-4473-b915-16983dec8056,924d181f-d0a7-4fc0-b892-6232ebea55e8,2026-07-25T06:06:15.732251,Starter Deal - Sapphire Tech,447521.68,2026-07-10T03:57:55.732285,af8e7df9-9ce7-4499-ab19-610e813af04b,2025-09-02T01:55:02.732251,a3b11eec-7159-4649-ad03-75eeb3c9b04f
b66427cc-6ea7-44eb-9e06-04cd4f050999,7319bb38-0e1a-42a0-a1a3-c170af371232,e5041146-1d49-44f0-a4af-0f896ec00fa9,df74b84a-7dee-476f-b308-e9e76fb40d25,04b79c8e-ee4c-4473-b915-16983dec8056,1bd1b098-4e87-4258-8b67-54c76c74599a,2026-08-01T09:24:35.732305,Enterprise Deal - Zenith Partners,7534.54,2026-08-10T10:05:58.732342,f6c1513d-8b13-441d-98bb-1a986c21400d,2025-10-19T06:55:51.732305,0d1a00d8-532c-48b5-a0d5-e8f37068b7e8
ec3f5626-8891-46e4-bc1a-306d48da9bdc,7319bb38-0e1a-42a0-a1a3-c170af371232,3463340a-eed2-4b19-85ed-42e3ff8371d4,bfed0e4c-fb4f-4fc9-9cfb-f808e49286bf,04b79c8e-ee4c-4473-b915-16983dec8056,924d181f-d0a7-4fc0-b892-6232ebea55e8,2026-06-19T02:11:39.732362,Custom Deal - Summit Analytics,44297.08,2026-07-13T23:05:57.732391,638bfc6a-5a8b-4bf8-9f66-0c0d0744f19a,2025-10-22T13:03:06.732362,8ae3dae5-38cd-4160-84ef-5c590af0066c
6f8cd2c4-d7d7-43b6-bdef-a8aeb6175db4,7319bb38-0e1a-42a0-a1a3-c170af371232,1d1c0bdd-4c54-4ecc-9cd5-3445f72186f7,,04b79c8e-ee4c-4473-b915-16983dec8056,6521490a-9cae-428c-8686-0438bf8aeb68,2025-12-14T23:02:59.732406,Growth Deal - Iron Mountain,266974.58,2026-11-12T10:21:07.732428,af8ae744-eaf6-49a6-9c7f-4f4aa9e503ee,2025-10-17T03:08:10.732406,f6c1513d-8b13-441d-98bb-1a986c21400d
2b7b2a3f-3fda-467c-a2a6-2846b639d6ed,7319bb38-0e1a-42a0-a1a3-c170af371232,,80813e80-57b0-4711-9003-636884486f45,04b79c8e-ee4c-4473-b915-16983dec8056,897f5d2f-3160-42b5-aec4-63761a6aee1a,2025-10-29T23:28:42.732453,Enterprise Deal - Topaz Digital,403916.23,2026-12-07T19:04:33.732475,a3b11eec-7159-4649-ad03-75eeb3c9b04f,2025-08-14T13:28:06.732453,eaf0989b-5b56-4b72-9a32-2711e9c394ff
5daead0b-45bd-44ff-aa13-779857e56217,7319bb38-0e1a-42a0-a1a3-c170af371232,f47d75ae-5e6e-44d7-ad5b-e07a41946f7d,,04b79c8e-ee4c-4473-b915-16983dec8056,897f5d2f-3160-42b5-aec4-63761a6aee1a,2026-07-29T09:25:16.732490,Premium Deal - Forge Industries,66502.3,2027-02-05T05:49:59.732511,638bfc6a-5a8b-4bf8-9f66-0c0d0744f19a,2025-12-13T04:14:22.732490,eaf0989b-5b56-4b72-9a32-2711e9c394ff
9daef4b7-3fa5-4db2-a89c-a8c5ac79f8f9,7319bb38-0e1a-42a0-a1a3-c170af371232,8164e375-3866-4a49-b1f4-122fefd2bd40,16d24799-8270-40ca-9d34-9683e072d57a,04b79c8e-ee4c-4473-b915-16983dec8056,6521490a-9cae-428c-8686-0438bf8aeb68,2026-08-01T21:20:34.732527,Premium Deal - RedRock Ventures,376441.63,2026-12-14T15:24:50.732551,ba4c6a8d-6e78-4532-82ad-fccefbf8ab96,2026-01-02T22:32:36.732527,96bb061b-9355-4d14-bab8-c5b59a63ac2a
66c65137-73b5-4e14-b8cf-ec44135a3870,7319bb38-0e1a-42a0-a1a3-c170af371232,,,04b79c8e-ee4c-4473-b915-16983dec8056,924d181f-d0a7-4fc0-b892-6232ebea55e8,2026-06-09T03:56:19.732565,Starter Deal - SilverLine Corp,328852.38,2026-07-23T00:16:38.732587,fd2fd60f-404e-41a6-95e7-9a06e7913261,2026-02-21T18:38:26.732565,968afaab-9fc3-43d8-aea9-de1b0845fb8c
ad7faf18-c843-4840-be21-1f1c45d985ed,7319bb38-0e1a-42a0-a1a3-c170af371232,,0ef38ab1-7b31-4f4b-a383-7fca8b7a15d0,04b79c8e-ee4c-4473-b915-16983dec8056,1bd1b098-4e87-4258-8b67-54c76c74599a,2025-10-06T08:25:27.732608,Custom Deal - Pearl Analytics,210243.22,2026-08-20T09:54:45.732630,f6c1513d-8b13-441d-98bb-1a986c21400d,2025-09-12T16:35:21.732608,ba4c6a8d-6e78-4532-82ad-fccefbf8ab96
f7587d0a-02dd-48b1-a8e2-04515b156239,7319bb38-0e1a-42a0-a1a3-c170af371232,d796beba-07eb-4eb1-bf27-182fb67e8b98,,04b79c8e-ee4c-4473-b915-16983dec8056,6521490a-9cae-428c-8686-0438bf8aeb68,2026-07-27T17:48:21.732655,Growth Deal - SilverLine Corp,365681.85,2026-09-18T23:28:34.732680,638bfc6a-5a8b-4bf8-9f66-0c0d0744f19a,2025-08-21T06:42:02.732655,38b1938d-3cd4-479f-8f9c-d5fc4c1dd8fd
0109dbd7-1aab-4c84-adf9-23dbcd32b930,7319bb38-0e1a-42a0-a1a3-c170af371232,641ebf10-be0a-48fd-8a5c-e658c80befe3,,04b79c8e-ee4c-4473-b915-16983dec8056,a823f083-5d28-41df-879e-bb9f9fb39864,2026-06-29T14:53:23.732697,Premium Deal - SwiftScale,242419.37,2026-12-27T11:30:38.732722,ba4c6a8d-6e78-4532-82ad-fccefbf8ab96,2026-02-28T18:33:31.732697,5b11e466-caa2-4b0d-ad40-becd33c6cbc2
08ee75a8-2731-4e08-8b51-1a89c6da4fa8,7319bb38-0e1a-42a0-a1a3-c170af371232,,,04b79c8e-ee4c-4473-b915-16983dec8056,924d181f-d0a7-4fc0-b892-6232ebea55e8,2025-11-05T06:36:47.732738,Custom Deal - Vanguard Systems,190421.56,2026-06-17T22:53:35.732763,38b1938d-3cd4-479f-8f9c-d5fc4c1dd8fd,2025-08-28T17:24:27.732738,96bb061b-9355-4d14-bab8-c5b59a63ac2a
9897f7b1-4d9d-4755-849a-c2867bb86dc2,7319bb38-0e1a-42a0-a1a3-c170af371232,627119b3-e6b8-4ee5-8b1f-06d43ea3abe4,,04b79c8e-ee4c-4473-b915-16983dec8056,a823f083-5d28-41df-879e-bb9f9fb39864,2026-03-03T08:54:01.732781,Growth Deal - Titan Industries,263710.08,2026-08-18T21:38:15.732806,af8e7df9-9ce7-4499-ab19-610e813af04b,2025-12-08T15:22:22.732781,96bb061b-9355-4d14-bab8-c5b59a63ac2a
75a6674e-b53d-41ec-ad8d-d816f9845053,7319bb38-0e1a-42a0-a1a3-c170af371232,,bfed0e4c-fb4f-4fc9-9cfb-f808e49286bf,04b79c8e-ee4c-4473-b915-16983dec8056,c7ffe30e-ebfe-4810-83f4-206c3287d9de,2026-06-25T17:12:56.732822,Enterprise Deal - Vanguard Systems,237874.78,2026-05-27T05:43:12.732847,ba4c6a8d-6e78-4532-82ad-fccefbf8ab96,2025-11-28T02:33:02.732822,0d1a00d8-532c-48b5-a0d5-e8f37068b7e8
91cd413c-bfbc-429e-9ce9-d2b2061bed35,7319bb38-0e1a-42a0-a1a3-c170af371232,,0a210764-4dbe-4ec2-8fd8-a4a57489e6d7,04b79c8e-ee4c-4473-b915-16983dec8056,a823f083-5d28-41df-879e-bb9f9fb39864,2026-03-14T17:57:39.732871,Custom Deal - Copper Systems,50710.51,2026-10-08T10:46:58.732896,38b1938d-3cd4-479f-8f9c-d5fc4c1dd8fd,2026-02-14T00:36:59.732871,96bb061b-9355-4d14-bab8-c5b59a63ac2a
147abeb9-1c20-4af8-9c10-a2e4149d0062,7319bb38-0e1a-42a0-a1a3-c170af371232,,,04b79c8e-ee4c-4473-b915-16983dec8056,897f5d2f-3160-42b5-aec4-63761a6aee1a,2026-01-03T19:25:13.732913,Growth Deal - Steel Bridge,446206.33,2026-12-22T08:14:52.732938,aabd8828-4992-4138-a82c-82d2ace3e408,2025-12-05T02:42:30.732913,0d1a00d8-532c-48b5-a0d5-e8f37068b7e8
6a7b222f-9540-4dcc-850e-f75a22a27bbb,7319bb38-0e1a-42a0-a1a3-c170af371232,,,04b79c8e-ee4c-4473-b915-16983dec8056,c7ffe30e-ebfe-4810-83f4-206c3287d9de,2026-01-12T13:39:10.732954,Premium Deal - Fusion Analytics,22062.16,2026-06-11T22:49:42.732979,968afaab-9fc3-43d8-aea9-de1b0845fb8c,2025-12-09T13:26:52.732954,968afaab-9fc3-43d8-aea9-de1b0845fb8c
95eb2f40-0947-44c9-85aa-a3cd503a4e9e,7319bb38-0e1a-42a0-a1a3-c170af371232,a07e5631-ebee-4b25-b98b-2581f7920557,16efcce2-d415-4fa3-b1fd-b2f273dd56f3,04b79c8e-ee4c-4473-b915-16983dec8056,897f5d2f-3160-42b5-aec4-63761a6aee1a,2026-01-05T17:02:20.732997,Custom Deal - BrightStar Inc,246455.87,2026-11-22T12:50:52.733023,ba4c6a8d-6e78-4532-82ad-fccefbf8ab96,2025-11-17T18:57:48.732997,a3b11eec-7159-4649-ad03-75eeb3c9b04f
c0e05af1-d997-447a-a453-a06f2a1d9e56,7319bb38-0e1a-42a0-a1a3-c170af371232,,1ff9bead-4cf5-4861-960d-0aceb8a04fbe,04b79c8e-ee4c-4473-b915-16983dec8056,c7ffe30e-ebfe-4810-83f4-206c3287d9de,2026-03-01T08:01:32.733041,Starter Deal - Catalyst Group,281394.71,2026-07-19T13:00:41.733078,5b11e466-caa2-4b0d-ad40-becd33c6cbc2,2026-02-16T01:12:28.733041,af8ae744-eaf6-49a6-9c7f-4f4aa9e503ee
7ef1c60d-1760-46f4-b1e0-74687dbbd801,7319bb38-0e1a-42a0-a1a3-c170af371232,fa85f8e1-7a98-4464-a2cb-9e8e7cbd6b81,1a017dff-0a24-4f2a-b0b4-42650a48ad51,04b79c8e-ee4c-4473-b915-16983dec8056,1bd1b098-4e87-4258-8b67-54c76c74599a,2026-07-08T06:07:58.733097,Growth Deal - Atlas Computing,464231.38,2026-12-11T08:08:52.733122,aabd8828-4992-4138-a82c-82d2ace3e408,2026-03-07T00:32:26.733097,ba4c6a8d-6e78-4532-82ad-fccefbf8ab96
38d8ccc4-40cf-4f29-9261-389b28d59298,7319bb38-0e1a-42a0-a1a3-c170af371232,,7d1df4f8-e74b-4ae2-8d03-1aaffd6f092e,04b79c8e-ee4c-4473-b915-16983dec8056,924d181f-d0a7-4fc0-b892-6232ebea55e8,2026-06-13T23:20:39.733140,Starter Deal - Sterling Finance,317726.06,2026-04-25T02:50:11.733166,8ae3dae5-38cd-4160-84ef-5c590af0066c,2025-11-21T10:47:13.733140,8ae3dae5-38cd-4160-84ef-5c590af0066c
9a6b6271-b450-4c3c-b61e-6f8a7e5b0d77,7319bb38-0e1a-42a0-a1a3-c170af371232,,,04b79c8e-ee4c-4473-b915-16983dec8056,897f5d2f-3160-42b5-aec4-63761a6aee1a,2026-04-04T07:43:29.733188,Growth Deal - Crystal Corp,396718.06,2026-10-31T22:39:05.733214,fd2fd60f-404e-41a6-95e7-9a06e7913261,2026-04-02T16:46:04.733188,af8e7df9-9ce7-4499-ab19-610e813af04b
1b7a5c18-2a03-4117-86e3-2d50556faff0,7319bb38-0e1a-42a0-a1a3-c170af371232,6de1c61c-ffad-4e8f-a016-5677b761435e,,04b79c8e-ee4c-4473-b915-16983dec8056,c7ffe30e-ebfe-4810-83f4-206c3287d9de,2026-07-08T05:13:48.733233,Starter Deal - Catalyst Group,73711.04,2026-06-25T16:27:49.733259,fd2fd60f-404e-41a6-95e7-9a06e7913261,2026-02-01T23:24:58.733233,0d1a00d8-532c-48b5-a0d5-e8f37068b7e8
688306d7-df82-4bfa-bd94-3d8fb86b6dd5,7319bb38-0e1a-42a0-a1a3-c170af371232,065f0e09-259c-4da5-82dd-f4716ba6d544,,04b79c8e-ee4c-4473-b915-16983dec8056,924d181f-d0a7-4fc0-b892-6232ebea55e8,2026-05-16T11:47:41.733277,Enterprise Deal - Jade Consulting,484885.42,2026-04-26T22:37:25.733302,96bb061b-9355-4d14-bab8-c5b59a63ac2a,2025-12-14T23:56:24.733277,ba4c6a8d-6e78-4532-82ad-fccefbf8ab96
aa3ac0ea-be52-4548-8808-aa94fe375754,7319bb38-0e1a-42a0-a1a3-c170af371232,,,04b79c8e-ee4c-4473-b915-16983dec8056,1bd1b098-4e87-4258-8b67-54c76c74599a,2026-01-25T06:30:00.733325,Custom Deal - Sterling Finance,256573.54,2026-09-08T15:40:45.733351,f6c1513d-8b13-441d-98bb-1a986c21400d,2026-01-08T13:53:00.733325,f6c1513d-8b13-441d-98bb-1a986c21400d
09e20c61-e248-4b8b-8d6c-d58a3b114861,7319bb38-0e1a-42a0-a1a3-c170af371232,ee85f567-0d22-44ef-8926-6a2e7578805a,,04b79c8e-ee4c-4473-b915-16983dec8056,c7ffe30e-ebfe-4810-83f4-206c3287d9de,2026-05-14T08:31:02.733369,Growth Deal - Summit Analytics,158971.14,2026-06-24T09:41:02.733396,96bb061b-9355-4d14-bab8-c5b59a63ac2a,2025-10-13T16:28:32.733369,8ae3dae5-38cd-4160-84ef-5c590af0066c
e529d572-f604-47ed-a110-16416c0a9fbe,7319bb38-0e1a-42a0-a1a3-c170af371232,,8e47ca5c-8d7e-44e4-b66c-16d73529d858,04b79c8e-ee4c-4473-b915-16983dec8056,924d181f-d0a7-4fc0-b892-6232ebea55e8,2026-05-10T02:56:23.733415,Growth Deal - Summit Analytics,58374.94,2026-05-01T11:54:48.733440,a3b11eec-7159-4649-ad03-75eeb3c9b04f,2025-10-14T05:56:41.733415,96bb061b-9355-4d14-bab8-c5b59a63ac2a
5f558afe-802b-403b-bf2c-18b5f73ba775,7319bb38-0e1a-42a0-a1a3-c170af371232,9fe309b4-e69b-45e1-8d03-c9e8f4a4b913,f5a7b4c4-408d-472a-b723-9bbe25b08337,04b79c8e-ee4c-4473-b915-16983dec8056,a823f083-5d28-41df-879e-bb9f9fb39864,2026-07-16T17:41:59.733458,Starter Deal - Sapphire Tech,185967.9,2026-09-21T13:30:12.733485,38b1938d-3cd4-479f-8f9c-d5fc4c1dd8fd,2026-06-09T11:24:17.733458,af8e7df9-9ce7-4499-ab19-610e813af04b
b9a81227-2211-4831-b17d-1ff9949a7761,7319bb38-0e1a-42a0-a1a3-c170af371232,54d66c8e-0bed-4eb0-aaaf-36ddbb832a94,627b09a6-16a6-4c2d-936c-a98146c2fb05,04b79c8e-ee4c-4473-b915-16983dec8056,1bd1b098-4e87-4258-8b67-54c76c74599a,2026-07-17T18:31:49.733504,Growth Deal - Iron Mountain,3932.72,2026-11-08T10:59:11.733530,8ae3dae5-38cd-4160-84ef-5c590af0066c,2026-06-17T06:20:11.733504,eaf0989b-5b56-4b72-9a32-2711e9c394ff
88a8086f-eda6-4194-98a2-6db2e7ef9a0d,7319bb38-0e1a-42a0-a1a3-c170af371232,,,04b79c8e-ee4c-4473-b915-16983dec8056,6521490a-9cae-428c-8686-0438bf8aeb68,2026-02-24T15:43:17.733547,Growth Deal - Velocity Labs,239737.62,2026-09-02T22:16:26.733569,638bfc6a-5a8b-4bf8-9f66-0c0d0744f19a,2025-12-19T06:44:04.733547,0d1a00d8-532c-48b5-a0d5-e8f37068b7e8
3e56f13d-942b-4fed-9322-b78a449d3a44,7319bb38-0e1a-42a0-a1a3-c170af371232,f723de59-bde4-413b-b5af-208ce6e48db0,4098032d-7363-422b-bda4-af7de226ddf7,04b79c8e-ee4c-4473-b915-16983dec8056,a823f083-5d28-41df-879e-bb9f9fb39864,2026-05-21T17:05:46.733584,Premium Deal - Silver Stream,315522.9,2026-11-02T07:09:54.733606,eaf0989b-5b56-4b72-9a32-2711e9c394ff,2026-03-02T03:46:40.733584,0d1a00d8-532c-48b5-a0d5-e8f37068b7e8
37af18b6-9ed1-4219-8604-19b9cafc81ab,7319bb38-0e1a-42a0-a1a3-c170af371232,f63d1f32-bce5-431f-835c-398236177e48,e25fe506-55b4-4710-b506-ab6b51ec95e2,04b79c8e-ee4c-4473-b915-16983dec8056,924d181f-d0a7-4fc0-b892-6232ebea55e8,2026-02-27T04:32:55.733621,Enterprise Deal - Bronze Gate,411872.56,2026-05-27T12:48:57.733655,8ae3dae5-38cd-4160-84ef-5c590af0066c,2025-11-30T20:15:21.733621,96bb061b-9355-4d14-bab8-c5b59a63ac2a
400103f1-8822-4150-82dc-6c538a302335,7319bb38-0e1a-42a0-a1a3-c170af371232,cfee7944-158c-4efc-8eef-ffc07653470a,1ff42ec3-f1e9-4ad4-acdc-66e6ec2a2c89,04b79c8e-ee4c-4473-b915-16983dec8056,6521490a-9cae-428c-8686-0438bf8aeb68,2026-01-28T11:19:16.733672,Premium Deal - Sterling Finance,331262.9,2027-01-18T04:01:01.733697,0d1a00d8-532c-48b5-a0d5-e8f37068b7e8,2026-01-02T04:48:42.733672,fd2fd60f-404e-41a6-95e7-9a06e7913261
94a1777a-3787-4d1e-9409-5403e5db8423,7319bb38-0e1a-42a0-a1a3-c170af371232,24a8660d-072f-468e-937d-3e25f95358e8,,04b79c8e-ee4c-4473-b915-16983dec8056,924d181f-d0a7-4fc0-b892-6232ebea55e8,2026-05-31T15:24:51.733713,Custom Deal - SilverLine Corp,249703.33,2026-07-20T12:49:13.733740,eaf0989b-5b56-4b72-9a32-2711e9c394ff,2026-02-18T09:39:13.733713,5b11e466-caa2-4b0d-ad40-becd33c6cbc2
4360c281-baa7-4a16-bd85-5cbadbe8c5ff,7319bb38-0e1a-42a0-a1a3-c170af371232,e5b9423d-65e7-4a14-88d6-dfdee0173361,44896739-5786-4576-9031-41916a1f7a12,04b79c8e-ee4c-4473-b915-16983dec8056,c7ffe30e-ebfe-4810-83f4-206c3287d9de,2026-07-09T11:13:35.733769,Growth Deal - Onyx Data,214449.26,2026-07-24T02:52:33.733797,638bfc6a-5a8b-4bf8-9f66-0c0d0744f19a,2026-07-03T10:34:20.733769,aabd8828-4992-4138-a82c-82d2ace3e408
f83ff0b1-5b99-4fe2-8f11-42b8007cf697,7319bb38-0e1a-42a0-a1a3-c170af371232,7469c9b4-5de5-4a44-961f-064e010e1420,,04b79c8e-ee4c-4473-b915-16983dec8056,924d181f-d0a7-4fc0-b892-6232ebea55e8,2026-07-24T23:12:58.733815,Enterprise Deal - Prism Technologies,213674.35,2026-06-14T06:02:04.733841,96bb061b-9355-4d14-bab8-c5b59a63ac2a,2026-02-21T10:32:48.733815,8ae3dae5-38cd-4160-84ef-5c590af0066c
45a40b81-ca2a-458d-8f5a-7ab39ecb6023,7319bb38-0e1a-42a0-a1a3-c170af371232,,,04b79c8e-ee4c-4473-b915-16983dec8056,a823f083-5d28-41df-879e-bb9f9fb39864,2026-07-30T09:09:03.733858,Starter Deal - EverGreen Solutions,160472.54,2027-01-03T11:26:12.733885,8ae3dae5-38cd-4160-84ef-5c590af0066c,2026-05-03T03:18:45.733858,8ae3dae5-38cd-4160-84ef-5c590af0066c
fce61265-98ed-48fb-a452-d9da5ab0f680,7319bb38-0e1a-42a0-a1a3-c170af371232,5d1c426d-bb4c-43e6-838a-a68fcd765407,,04b79c8e-ee4c-4473-b915-16983dec8056,c7ffe30e-ebfe-4810-83f4-206c3287d9de,2026-02-23T00:13:26.733902,Starter Deal - Topaz Digital,74850.23,2026-05-14T19:49:24.733929,5b11e466-caa2-4b0d-ad40-becd33c6cbc2,2025-11-11T16:52:48.733902,968afaab-9fc3-43d8-aea9-de1b0845fb8c
aa6b882e-64f0-43d3-babe-12275b20cbfc,7319bb38-0e1a-42a0-a1a3-c170af371232,,9b95c224-5110-47b5-82d3-6d87401e9e61,04b79c8e-ee4c-4473-b915-16983dec8056,897f5d2f-3160-42b5-aec4-63761a6aee1a,2026-02-18T19:44:58.733946,Premium Deal - Quantum Dynamics,100679.94,2026-09-05T06:52:57.733980,0d1a00d8-532c-48b5-a0d5-e8f37068b7e8,2025-12-25T21:41:10.733946,0d1a00d8-532c-48b5-a0d5-e8f37068b7e8
4dded085-02d4-42fc-97f5-789dbcfaf6a4,7319bb38-0e1a-42a0-a1a3-c170af371232,6b5c872a-03a1-4566-b821-fc33da229786,23b33873-e1b5-4cfc-a259-50431350badc,04b79c8e-ee4c-4473-b915-16983dec8056,924d181f-d0a7-4fc0-b892-6232ebea55e8,2026-03-30T16:11:13.733998,Enterprise Deal - Cobalt Systems,126005.22,2026-04-29T01:39:07.734026,38b1938d-3cd4-479f-8f9c-d5fc4c1dd8fd,2025-10-27T15:27:34.733998,0d1a00d8-532c-48b5-a0d5-e8f37068b7e8
8b21de31-9154-4a97-ad39-41a5d9cb38b5,7319bb38-0e1a-42a0-a1a3-c170af371232,aac32e69-cdbc-4451-bc42-94aceeb9bfaa,b9ad0ce4-2350-4a2a-a7ce-e3e9280c5c2a,04b79c8e-ee4c-4473-b915-16983dec8056,924d181f-d0a7-4fc0-b892-6232ebea55e8,2026-08-06T21:44:49.734044,Growth Deal - Forge Industries,365000.79,2026-08-06T04:07:53.734071,5b11e466-caa2-4b0d-ad40-becd33c6cbc2,2026-02-11T13:43:59.734044,638bfc6a-5a8b-4bf8-9f66-0c0d0744f19a
691baac4-f97f-4391-803b-5c9f10284384,7319bb38-0e1a-42a0-a1a3-c170af371232,35827960-e413-4bb2-8ee3-0a76e1199ea9,9eef8b91-8118-442a-b337-722730ce1bc2,04b79c8e-ee4c-4473-b915-16983dec8056,1bd1b098-4e87-4258-8b67-54c76c74599a,2026-02-09T12:34:02.734089,Growth Deal - Nimbus Networks,442970.6,2027-01-14T03:09:49.734116,a3b11eec-7159-4649-ad03-75eeb3c9b04f,2025-12-13T10:16:50.734089,eaf0989b-5b56-4b72-9a32-2711e9c394ff
60ff5fea-cdd1-477f-8801-15bae35d3e81,7319bb38-0e1a-42a0-a1a3-c170af371232,62a3e8a8-15a4-4fd7-8bef-8e069b054fac,,04b79c8e-ee4c-4473-b915-16983dec8056,897f5d2f-3160-42b5-aec4-63761a6aee1a,2026-04-04T07:52:20.734132,Starter Deal - Opal Solutions,259759.57,2026-08-07T11:13:07.734158,af8ae744-eaf6-49a6-9c7f-4f4aa9e503ee,2025-11-04T23:34:02.734132,8ae3dae5-38cd-4160-84ef-5c590af0066c
60c2ece4-63a7-4707-a6c6-c1826e4152cf,7319bb38-0e1a-42a0-a1a3-c170af371232,,88eee938-4285-44b1-8ea6-9ac14e565a8c,04b79c8e-ee4c-4473-b915-16983dec8056,6521490a-9cae-428c-8686-0438bf8aeb68,2026-01-14T10:52:12.734173,Starter Deal - Amber Industries,477255.73,2026-12-26T07:01:49.734195,af8ae744-eaf6-49a6-9c7f-4f4aa9e503ee,2025-11-09T20:21:04.734173,aabd8828-4992-4138-a82c-82d2ace3e408
0ea23489-3893-441a-b3fd-a5f2015256a5,7319bb38-0e1a-42a0-a1a3-c170af371232,b22ffbfc-357f-4b19-81a7-9465d9736f5f,,04b79c8e-ee4c-4473-b915-16983dec8056,1bd1b098-4e87-4258-8b67-54c76c74599a,2025-11-22T18:14:41.734217,Premium Deal - Horizon Media,335402.62,2026-10-09T22:24:23.734246,f6c1513d-8b13-441d-98bb-1a986c21400d,2025-08-16T21:07:29.734217,638bfc6a-5a8b-4bf8-9f66-0c0d0744f19a
0c4c2ad3-a988-4b38-88db-50e2597d168f,7319bb38-0e1a-42a0-a1a3-c170af371232,b06c5326-ed13-4fcc-9770-aafb60dfc6ea,,04b79c8e-ee4c-4473-b915-16983dec8056,c7ffe30e-ebfe-4810-83f4-206c3287d9de,2026-03-29T07:48:19.734272,Enterprise Deal - NexGen Software,80672.6,2026-05-18T16:35:40.734306,af8e7df9-9ce7-4499-ab19-610e813af04b,2026-02-15T19:06:47.734272,5b11e466-caa2-4b0d-ad40-becd33c6cbc2
c051f7f9-dd06-4010-b85b-d710464faa11,7319bb38-0e1a-42a0-a1a3-c170af371232,4796bc88-05c9-4897-8e64-a7bc120ef8c0,16efcce2-d415-4fa3-b1fd-b2f273dd56f3,04b79c8e-ee4c-4473-b915-16983dec8056,c7ffe30e-ebfe-4810-83f4-206c3287d9de,2025-09-28T17:16:36.734326,Starter Deal - Quantum Dynamics,319473.9,2026-05-12T02:33:47.734363,96bb061b-9355-4d14-bab8-c5b59a63ac2a,2025-09-06T09:10:51.734326,ba4c6a8d-6e78-4532-82ad-fccefbf8ab96
1d6dbe1d-b6bc-41ae-ac45-41ec0f2f4ad3,7319bb38-0e1a-42a0-a1a3-c170af371232,,216d22e8-f791-4f14-9a90-6d6bdfa534f1,04b79c8e-ee4c-4473-b915-16983dec8056,c7ffe30e-ebfe-4810-83f4-206c3287d9de,2026-08-01T19:19:57.734380,Enterprise Deal - Cobalt Systems,423326.2,2026-07-21T23:31:20.734404,f6c1513d-8b13-441d-98bb-1a986c21400d,2026-07-24T02:50:06.734380,af8ae744-eaf6-49a6-9c7f-4f4aa9e503ee
471751f8-e6a5-44e7-98c9-72e32196a088,7319bb38-0e1a-42a0-a1a3-c170af371232,ce0a4900-9e7b-4a7f-9ed6-6ff7839b2ff5,,04b79c8e-ee4c-4473-b915-16983dec8056,924d181f-d0a7-4fc0-b892-6232ebea55e8,2026-08-01T15:43:27.734429,Starter Deal - Pearl Analytics,217183.99,2026-04-30T03:06:25.734459,5b11e466-caa2-4b0d-ad40-becd33c6cbc2,2026-03-08T23:10:03.734429,aabd8828-4992-4138-a82c-82d2ace3e408
28436ab2-695d-4ed4-a512-007f5a2874e9,7319bb38-0e1a-42a0-a1a3-c170af371232,74ac245e-c63f-4404-9a29-5976e13878be,9b95c224-5110-47b5-82d3-6d87401e9e61,04b79c8e-ee4c-4473-b915-16983dec8056,1bd1b098-4e87-4258-8b67-54c76c74599a,2025-12-27T10:34:51.734480,Premium Deal - Jade Consulting,91930.69,2027-01-02T06:24:20.734508,a3b11eec-7159-4649-ad03-75eeb3c9b04f,2025-12-20T18:18:59.734480,af8e7df9-9ce7-4499-ab19-610e813af04b
f5792f20-22c2-4e0a-9c40-f706c88230e8,7319bb38-0e1a-42a0-a1a3-c170af371232,,ceb4c214-6b61-47a1-b5c4-369c9a875d15,04b79c8e-ee4c-4473-b915-16983dec8056,c7ffe30e-ebfe-4810-83f4-206c3287d9de,2026-01-03T08:14:59.734528,Growth Deal - Bronze Gate,22761.66,2026-07-15T01:29:15.734561,5b11e466-caa2-4b0d-ad40-becd33c6cbc2,2025-12-19T10:07:27.734528,af8e7df9-9ce7-4499-ab19-610e813af04b
4082b02c-2f8e-439c-a0ba-c80598711b9f,7319bb38-0e1a-42a0-a1a3-c170af371232,,,04b79c8e-ee4c-4473-b915-16983dec8056,897f5d2f-3160-42b5-aec4-63761a6aee1a,2026-08-06T07:39:46.734585,Enterprise Deal - Amber Industries,261312.13,2026-08-26T01:02:53.734612,8ae3dae5-38cd-4160-84ef-5c590af0066c,2026-06-29T23:12:11.734585,fd2fd60f-404e-41a6-95e7-9a06e7913261
9d9e96c0-7753-455a-a51c-56ac042b800a,7319bb38-0e1a-42a0-a1a3-c170af371232,6a1a88b9-9a02-4488-a847-880292d8e5f8,,04b79c8e-ee4c-4473-b915-16983dec8056,1bd1b098-4e87-4258-8b67-54c76c74599a,2026-04-05T08:31:14.734636,Custom Deal - RedRock Ventures,269564.37,2026-09-15T16:56:47.734659,eaf0989b-5b56-4b72-9a32-2711e9c394ff,2025-12-13T21:19:23.734636,fd2fd60f-404e-41a6-95e7-9a06e7913261
919501ec-9356-48f4-8318-cd1db299aedd,7319bb38-0e1a-42a0-a1a3-c170af371232,45f4fe6b-f29c-4175-a3eb-88bc60f234e1,,04b79c8e-ee4c-4473-b915-16983dec8056,924d181f-d0a7-4fc0-b892-6232ebea55e8,2026-07-25T06:14:51.734670,Custom Deal - Bronze Gate,256033.11,2026-07-03T23:07:36.734692,f6c1513d-8b13-441d-98bb-1a986c21400d,2026-04-09T05:15:48.734670,eaf0989b-5b56-4b72-9a32-2711e9c394ff
3be0c1a1-a81e-41eb-a840-46f930e07f77,7319bb38-0e1a-42a0-a1a3-c170af371232,3126ecdd-438e-46ff-b3d6-8130e191e224,,04b79c8e-ee4c-4473-b915-16983dec8056,6521490a-9cae-428c-8686-0438bf8aeb68,2026-06-14T04:29:50.734706,Enterprise Deal - ClearView Corp,164258.47,2026-10-26T17:18:51.734723,af8e7df9-9ce7-4499-ab19-610e813af04b,2026-02-15T23:41:00.734706,fd2fd60f-404e-41a6-95e7-9a06e7913261
1ece06c2-2e2e-480b-b73c-d2602a5957e7,7319bb38-0e1a-42a0-a1a3-c170af371232,7e0ca8b0-025e-45b9-a2cc-85574431b7a9,,04b79c8e-ee4c-4473-b915-16983dec8056,a823f083-5d28-41df-879e-bb9f9fb39864,2026-08-02T18:29:52.734734,Growth Deal - Prism Technologies,18974.94,2026-12-27T00:48:17.734750,96bb061b-9355-4d14-bab8-c5b59a63ac2a,2026-07-03T03:53:34.734734,8ae3dae5-38cd-4160-84ef-5c590af0066c
9d230ec5-8a67-4fa4-a66c-c3de7195c0bd,7319bb38-0e1a-42a0-a1a3-c170af371232,5ae905c3-8eba-48e1-b0c2-e32fe3047fcb,e222e117-55d9-437b-94c3-3db41f09400b,04b79c8e-ee4c-4473-b915-16983dec8056,897f5d2f-3160-42b5-aec4-63761a6aee1a,2025-10-06T02:32:06.734761,Premium Deal - Diamond Edge,471546.53,2027-01-30T13:27:34.734810,5b11e466-caa2-4b0d-ad40-becd33c6cbc2,2025-08-17T05:47:03.734761,fd2fd60f-404e-41a6-95e7-9a06e7913261
21bba17e-f787-4d44-8b95-002077796ba7,7319bb38-0e1a-42a0-a1a3-c170af371232,,,04b79c8e-ee4c-4473-b915-16983dec8056,897f5d2f-3160-42b5-aec4-63761a6aee1a,2026-04-23T01:52:16.734831,Premium Deal - BlueShift Labs,331920.81,2026-10-04T13:21:18.734863,968afaab-9fc3-43d8-aea9-de1b0845fb8c,2026-04-21T21:33:30.734831,8ae3dae5-38cd-4160-84ef-5c590af0066c
2150ed56-0082-4771-83b8-3ddcff1967d4,7319bb38-0e1a-42a0-a1a3-c170af371232,,e222e117-55d9-437b-94c3-3db41f09400b,04b79c8e-ee4c-4473-b915-16983dec8056,1bd1b098-4e87-4258-8b67-54c76c74599a,2026-04-14T08:17:25.734884,Premium Deal - Copper Systems,104735.94,2026-12-05T18:51:52.734901,f6c1513d-8b13-441d-98bb-1a986c21400d,2026-02-07T16:22:25.734884,96bb061b-9355-4d14-bab8-c5b59a63ac2a
a132ac15-5b7c-4be7-b072-6bd6a83f7984,7319bb38-0e1a-42a0-a1a3-c170af371232,c82fd5dc-46ac-41d5-a1e0-c9abab0ea2e9,216d22e8-f791-4f14-9a90-6d6bdfa534f1,04b79c8e-ee4c-4473-b915-16983dec8056,6521490a-9cae-428c-8686-0438bf8aeb68,2026-08-04T05:47:12.734912,Premium Deal - Horizon Media,270460.57,2027-01-21T06:48:25.734930,f6c1513d-8b13-441d-98bb-1a986c21400d,2026-05-12T05:38:42.734912,eaf0989b-5b56-4b72-9a32-2711e9c394ff
ad817176-2ea8-4932-bba9-ea077622a2b5,7319bb38-0e1a-42a0-a1a3-c170af371232,,,04b79c8e-ee4c-4473-b915-16983dec8056,c7ffe30e-ebfe-4810-83f4-206c3287d9de,2026-06-04T18:43:01.734940,Enterprise Deal - Titan Industries,269463.92,2026-06-07T21:15:03.734956,638bfc6a-5a8b-4bf8-9f66-0c0d0744f19a,2025-12-09T16:00:29.734940,aabd8828-4992-4138-a82c-82d2ace3e408
d9e4b989-e8b8-48e7-876d-78318aef73d1,7319bb38-0e1a-42a0-a1a3-c170af371232,,c6bc0a13-c0f0-48ea-879b-adac924a6d2b,04b79c8e-ee4c-4473-b915-16983dec8056,897f5d2f-3160-42b5-aec4-63761a6aee1a,2026-06-04T04:49:23.734966,Starter Deal - Onyx Data,115245.04,2026-09-13T00:48:07.734986,fd2fd60f-404e-41a6-95e7-9a06e7913261,2026-03-11T22:45:53.734966,eaf0989b-5b56-4b72-9a32-2711e9c394ff
1023a0c6-954f-4808-8e2a-53250a17144a,7319bb38-0e1a-42a0-a1a3-c170af371232,d1c98dc3-1c3d-4944-951a-513ffa6f696d,abdaeddd-7a95-4663-b854-869042cb51f0,04b79c8e-ee4c-4473-b915-16983dec8056,a823f083-5d28-41df-879e-bb9f9fb39864,2026-04-02T07:15:28.734997,Starter Deal - Pearl Analytics,355143.11,2026-10-26T12:09:42.735014,0d1a00d8-532c-48b5-a0d5-e8f37068b7e8,2026-02-11T22:26:46.734997,5b11e466-caa2-4b0d-ad40-becd33c6cbc2
62f248af-446a-4acb-be3e-e510b97e0c27,7319bb38-0e1a-42a0-a1a3-c170af371232,464cfcd3-383c-4a0e-8926-e74911dd984a,,04b79c8e-ee4c-4473-b915-16983dec8056,897f5d2f-3160-42b5-aec4-63761a6aee1a,2025-12-26T10:39:42.735024,Growth Deal - NexGen Software,93071.62,2026-09-02T00:50:29.735040,fd2fd60f-404e-41a6-95e7-9a06e7913261,2025-10-19T10:14:45.735024,5b11e466-caa2-4b0d-ad40-becd33c6cbc2
25e8ce76-ba1b-43e7-93ad-3e3d417162d6,7319bb38-0e1a-42a0-a1a3-c170af371232,afa8b96b-47d3-4520-919f-432e4f842cfc,,04b79c8e-ee4c-4473-b915-16983dec8056,924d181f-d0a7-4fc0-b892-6232ebea55e8,2026-06-27T00:24:37.735055,Custom Deal - Sapphire Tech,165400.76,2026-07-21T02:59:37.735071,f6c1513d-8b13-441d-98bb-1a986c21400d,2026-06-13T04:04:38.735055,5b11e466-caa2-4b0d-ad40-becd33c6cbc2
8db4f1ea-8dcc-42e4-82e6-238659032a58,7319bb38-0e1a-42a0-a1a3-c170af371232,95bb067d-8c9b-4146-bcad-e765ac4fcac3,,04b79c8e-ee4c-4473-b915-16983dec8056,c7ffe30e-ebfe-4810-83f4-206c3287d9de,2026-01-18T07:31:03.735081,Growth Deal - Zenith Partners,254989.96,2026-06-30T19:14:47.735097,96bb061b-9355-4d14-bab8-c5b59a63ac2a,2025-12-29T13:06:46.735081,8ae3dae5-38cd-4160-84ef-5c590af0066c
ebd64158-5c41-4838-9a35-8acfb0f6e246,7319bb38-0e1a-42a0-a1a3-c170af371232,b9a7b4f7-7ba9-4fb9-bc82-9b9eaf916d3f,5e81fa8f-23e2-4c1b-9179-58bb6bf3d99c,04b79c8e-ee4c-4473-b915-16983dec8056,1bd1b098-4e87-4258-8b67-54c76c74599a,2026-07-26T14:06:40.735108,Enterprise Deal - Sterling Finance,248671.02,2026-12-02T02:55:51.735124,f6c1513d-8b13-441d-98bb-1a986c21400d,2026-06-09T20:21:52.735108,0d1a00d8-532c-48b5-a0d5-e8f37068b7e8
cfbf9661-9469-46e8-88a1-de3fb7bdfff2,7319bb38-0e1a-42a0-a1a3-c170af371232,,,04b79c8e-ee4c-4473-b915-16983dec8056,6521490a-9cae-428c-8686-0438bf8aeb68,2026-05-01T16:29:35.735134,Starter Deal - EverGreen Solutions,440802.07,2027-01-19T10:26:25.735152,af8e7df9-9ce7-4499-ab19-610e813af04b,2025-12-16T08:35:11.735134,fd2fd60f-404e-41a6-95e7-9a06e7913261
946ad1fd-b4c3-434b-8c90-92a0362712fe,7319bb38-0e1a-42a0-a1a3-c170af371232,2d89cc26-106c-4654-a3b5-a4c02b186c3f,4cdc87e9-983a-4aed-9d88-4cdc173c5292,04b79c8e-ee4c-4473-b915-16983dec8056,1bd1b098-4e87-4258-8b67-54c76c74599a,2026-07-27T06:30:59.735163,Premium Deal - BrightStar Inc,267426.2,2026-11-16T05:46:09.735179,5b11e466-caa2-4b0d-ad40-becd33c6cbc2,2026-07-20T20:17:36.735163,38b1938d-3cd4-479f-8f9c-d5fc4c1dd8fd
4f15eb47-5dc3-43cc-b49f-11ad72d25dfe,7319bb38-0e1a-42a0-a1a3-c170af371232,,9ac707c7-74b1-4841-8a83-35effa9130b3,04b79c8e-ee4c-4473-b915-16983dec8056,a823f083-5d28-41df-879e-bb9f9fb39864,2026-07-28T12:30:19.735189,Enterprise Deal - Amber Industries,90442.96,2026-09-20T17:26:17.735205,38b1938d-3cd4-479f-8f9c-d5fc4c1dd8fd,2025-09-05T09:16:30.735189,8ae3dae5-38cd-4160-84ef-5c590af0066c
a74b8225-366f-4e92-ab7b-8aa56393bc68,7319bb38-0e1a-42a0-a1a3-c170af371232,1d703481-6db4-4c38-a166-82b34b7a363a,bdfe74de-067e-480a-971a-6f7f4f75216a,04b79c8e-ee4c-4473-b915-16983dec8056,c7ffe30e-ebfe-4810-83f4-206c3287d9de,2026-06-11T09:06:19.735216,Starter Deal - Crystal Corp,430962.48,2026-06-14T13:25:21.735232,ba4c6a8d-6e78-4532-82ad-fccefbf8ab96,2026-05-26T08:33:50.735216,0d1a00d8-532c-48b5-a0d5-e8f37068b7e8
f6d0a431-dda3-4b1f-9621-9f59e3dfbc58,7319bb38-0e1a-42a0-a1a3-c170af371232,800691ac-ead1-4bd5-8ee3-cc79d8927579,f34beda3-1512-4200-bc84-cfe5598d2950,04b79c8e-ee4c-4473-b915-16983dec8056,6521490a-9cae-428c-8686-0438bf8aeb68,2026-08-06T11:44:18.735243,Growth Deal - SwiftScale,96858.5,2026-11-05T18:41:00.735260,ba4c6a8d-6e78-4532-82ad-fccefbf8ab96,2026-07-23T17:41:24.735243,8ae3dae5-38cd-4160-84ef-5c590af0066c
39791f61-7273-47bc-a0bb-96a28c5ce2b7,7319bb38-0e1a-42a0-a1a3-c170af371232,5ae6a7f6-fd5d-484b-9b95-ce1161bab3e4,bfed0e4c-fb4f-4fc9-9cfb-f808e49286bf,04b79c8e-ee4c-4473-b915-16983dec8056,924d181f-d0a7-4fc0-b892-6232ebea55e8,2025-11-26T17:48:44.735271,Starter Deal - Vanguard Systems,372306.69,2026-06-04T17:13:09.735287,5b11e466-caa2-4b0d-ad40-becd33c6cbc2,2025-10-26T17:49:41.735271,aabd8828-4992-4138-a82c-82d2ace3e408
1f9d3230-90c6-4348-b651-c72ea8ab7b73,7319bb38-0e1a-42a0-a1a3-c170af371232,e8b40f56-112b-4830-a0db-c244addff608,,04b79c8e-ee4c-4473-b915-16983dec8056,897f5d2f-3160-42b5-aec4-63761a6aee1a,2025-11-27T11:06:03.735298,Growth Deal - Crystal Corp,454721.14,2026-10-04T22:11:20.735314,38b1938d-3cd4-479f-8f9c-d5fc4c1dd8fd,2025-09-04T14:22:48.735298,38b1938d-3cd4-479f-8f9c-d5fc4c1dd8fd
22c86b50-0983-4a6e-8ed5-df4206f48a06,7319bb38-0e1a-42a0-a1a3-c170af371232,cdae4e3c-48b0-4ddf-a821-1ffebf7837c0,,04b79c8e-ee4c-4473-b915-16983dec8056,6521490a-9cae-428c-8686-0438bf8aeb68,2026-07-10T03:46:20.735327,Starter Deal - Apex Innovations,64333.14,2027-01-06T08:51:09.735344,8ae3dae5-38cd-4160-84ef-5c590af0066c,2025-10-28T15:56:38.735327,f6c1513d-8b13-441d-98bb-1a986c21400d
006b80bd-7f71-4459-a00a-31d7cf7c30cc,7319bb38-0e1a-42a0-a1a3-c170af371232,c061e658-242b-4134-a83d-a8701d71e4ad,,04b79c8e-ee4c-4473-b915-16983dec8056,6521490a-9cae-428c-8686-0438bf8aeb68,2026-04-07T00:12:35.735359,Growth Deal - SilverLine Corp,445393.93,2026-11-27T19:57:03.735376,af8e7df9-9ce7-4499-ab19-610e813af04b,2026-02-14T16:34:16.735359,968afaab-9fc3-43d8-aea9-de1b0845fb8c
2292a6fb-3366-41a7-81e3-3e8c355e0526,7319bb38-0e1a-42a0-a1a3-c170af371232,f46fdc94-6cfb-435d-8886-9cc5efd24d1d,39327c0f-8589-45d2-a2bb-0ff56af2df71,04b79c8e-ee4c-4473-b915-16983dec8056,924d181f-d0a7-4fc0-b892-6232ebea55e8,2026-07-20T00:56:14.735387,Growth Deal - Iron Mountain,369444.62,2026-04-24T10:56:03.735403,38b1938d-3cd4-479f-8f9c-d5fc4c1dd8fd,2026-07-14T05:31:59.735387,0d1a00d8-532c-48b5-a0d5-e8f37068b7e8
ea7b0a33-4ad1-4554-8b6f-fba84421c22f,7319bb38-0e1a-42a0-a1a3-c170af371232,,1ba80058-cc2f-452a-8408-40091f20a639,04b79c8e-ee4c-4473-b915-16983dec8056,924d181f-d0a7-4fc0-b892-6232ebea55e8,2026-05-09T22:06:47.735414,Premium Deal - TechNova Solutions,167744.5,2026-06-24T11:59:47.735430,fd2fd60f-404e-41a6-95e7-9a06e7913261,2025-09-04T15:39:24.735414,fd2fd60f-404e-41a6-95e7-9a06e7913261
7d6027c6-bcc8-4be4-ac13-44dbbf166a1b,7319bb38-0e1a-42a0-a1a3-c170af371232,,,04b79c8e-ee4c-4473-b915-16983dec8056,a823f083-5d28-41df-879e-bb9f9fb39864,2026-05-20T20:16:33.735440,Starter Deal - Velocity Labs,209613.87,2027-01-09T01:19:46.735455,0d1a00d8-532c-48b5-a0d5-e8f37068b7e8,2025-11-16T20:43:50.735440,38b1938d-3cd4-479f-8f9c-d5fc4c1dd8fd
d050e4a2-2513-4c0f-92f0-e96a7452c447,7319bb38-0e1a-42a0-a1a3-c170af371232,eac80dd2-4ddb-4ad5-99ad-db3d8c41d37b,,04b79c8e-ee4c-4473-b915-16983dec8056,1bd1b098-4e87-4258-8b67-54c76c74599a,2026-01-14T01:04:59.735466,Growth Deal - Sapphire Tech,248245.83,2026-11-09T09:19:34.735482,aabd8828-4992-4138-a82c-82d2ace3e408,2025-11-02T06:45:06.735466,aabd8828-4992-4138-a82c-82d2ace3e408
dd685e0e-fdd0-454b-b572-bc78d74b098e,7319bb38-0e1a-42a0-a1a3-c170af371232,dcfc3a30-84bf-4b6a-8196-273c09c5fb3b,1ff9bead-4cf5-4861-960d-0aceb8a04fbe,04b79c8e-ee4c-4473-b915-16983dec8056,6521490a-9cae-428c-8686-0438bf8aeb68,2026-04-25T14:09:10.735493,Premium Deal - CloudPeak Analytics,403244.47,2026-11-18T01:34:15.735509,8ae3dae5-38cd-4160-84ef-5c590af0066c,2025-12-21T03:43:51.735493,af8e7df9-9ce7-4499-ab19-610e813af04b
6ff922ef-6975-4b9a-a171-301073650b97,7319bb38-0e1a-42a0-a1a3-c170af371232,6f68fecd-6a87-403f-a4b5-17f4e9be2fb2,bea70fff-bd16-4e5f-834d-0ee5989d2c32,04b79c8e-ee4c-4473-b915-16983dec8056,a823f083-5d28-41df-879e-bb9f9fb39864,2026-05-09T14:05:36.735520,Enterprise Deal - Apex Innovations,198892.39,2026-11-29T22:07:43.735537,5b11e466-caa2-4b0d-ad40-becd33c6cbc2,2025-08-07T20:29:25.735520,fd2fd60f-404e-41a6-95e7-9a06e7913261
863c5884-1848-46d2-a4b9-a2e49c99dbeb,7319bb38-0e1a-42a0-a1a3-c170af371232,c1f13605-3ca3-4021-860e-f9e4bf297fb2,0cd6c2f3-3a3e-454d-8d65-53e3f23852a6,04b79c8e-ee4c-4473-b915-16983dec8056,a823f083-5d28-41df-879e-bb9f9fb39864,2026-06-15T08:21:40.735547,Enterprise Deal - Crystal Clear,411915.41,2026-11-29T18:08:21.735564,eaf0989b-5b56-4b72-9a32-2711e9c394ff,2026-05-17T20:55:32.735547,aabd8828-4992-4138-a82c-82d2ace3e408
880e11d9-4713-4c79-8065-01728e5380d9,7319bb38-0e1a-42a0-a1a3-c170af371232,2d89cc26-106c-4654-a3b5-a4c02b186c3f,1ff42ec3-f1e9-4ad4-acdc-66e6ec2a2c89,04b79c8e-ee4c-4473-b915-16983dec8056,924d181f-d0a7-4fc0-b892-6232ebea55e8,2026-02-22T10:06:41.735574,Growth Deal - Coral Health,85438.06,2026-08-04T12:18:03.735589,eaf0989b-5b56-4b72-9a32-2711e9c394ff,2025-10-19T08:06:05.735574,a3b11eec-7159-4649-ad03-75eeb3c9b04f
7dfbc7a7-76e3-4805-aeab-a743946de1f1,7319bb38-0e1a-42a0-a1a3-c170af371232,,,04b79c8e-ee4c-4473-b915-16983dec8056,924d181f-d0a7-4fc0-b892-6232ebea55e8,2026-06-18T07:28:44.735602,Starter Deal - Onyx Data,477485.04,2026-05-12T17:41:06.735617,f6c1513d-8b13-441d-98bb-1a986c21400d,2025-08-09T07:55:46.735602,0d1a00d8-532c-48b5-a0d5-e8f37068b7e8
28dc0905-5fdd-4863-a68c-18ada5f3e531,7319bb38-0e1a-42a0-a1a3-c170af371232,db26ebd6-3935-4582-a897-72db2f0f99fc,6dbf0b5a-edc7-46cb-ae58-6315aefec56f,04b79c8e-ee4c-4473-b915-16983dec8056,a823f083-5d28-41df-879e-bb9f9fb39864,2026-06-06T20:37:11.735629,Custom Deal - Sterling Finance,442235.02,2026-10-22T17:03:05.735651,0d1a00d8-532c-48b5-a0d5-e8f37068b7e8,2025-11-29T03:38:30.735629,a3b11eec-7159-4649-ad03-75eeb3c9b04f
652e088f-9881-40bd-9606-04d842b67bc6,7319bb38-0e1a-42a0-a1a3-c170af371232,,,04b79c8e-ee4c-4473-b915-16983dec8056,a823f083-5d28-41df-879e-bb9f9fb39864,2026-01-03T17:57:24.735661,Enterprise Deal - Fusion Analytics,64027.74,2026-12-10T15:07:46.735677,eaf0989b-5b56-4b72-9a32-2711e9c394ff,2025-12-19T22:17:46.735661,38b1938d-3cd4-479f-8f9c-d5fc4c1dd8fd
1cb87396-aca3-4050-a3dc-9f77b7c354ce,7319bb38-0e1a-42a0-a1a3-c170af371232,,e7daaa43-9399-4bea-91e8-41c2b315f8d7,04b79c8e-ee4c-4473-b915-16983dec8056,a823f083-5d28-41df-879e-bb9f9fb39864,2026-04-10T18:01:41.735687,Growth Deal - EverGreen Solutions,184816.47,2026-10-25T09:41:27.735709,ba4c6a8d-6e78-4532-82ad-fccefbf8ab96,2026-03-17T04:10:17.735687,af8e7df9-9ce7-4499-ab19-610e813af04b
d82000eb-3323-452a-ab84-adf377f1ffe0,7319bb38-0e1a-42a0-a1a3-c170af371232,98de6d20-72b1-473a-944b-a3b2de1c0001,d723c193-3955-48f1-b4f3-ec657167e3b2,04b79c8e-ee4c-4473-b915-16983dec8056,897f5d2f-3160-42b5-aec4-63761a6aee1a,2026-04-13T13:21:13.735720,Premium Deal - Fusion Analytics,313706.49,2026-12-07T10:38:43.735736,5b11e466-caa2-4b0d-ad40-becd33c6cbc2,2025-11-25T21:19:58.735720,f6c1513d-8b13-441d-98bb-1a986c21400d
8456a4fb-f0db-4a06-8b2a-5aaba5e8f371,7319bb38-0e1a-42a0-a1a3-c170af371232,48add5b0-d244-403d-b468-cdfb839932af,8cda1538-d149-42f0-a420-617458b6eab4,04b79c8e-ee4c-4473-b915-16983dec8056,1bd1b098-4e87-4258-8b67-54c76c74599a,2025-10-24T13:28:28.735747,Growth Deal - Diamond Edge,473854.18,2026-09-24T21:53:01.735828,a3b11eec-7159-4649-ad03-75eeb3c9b04f,2025-09-23T14:50:28.735747,38b1938d-3cd4-479f-8f9c-d5fc4c1dd8fd
5c9df4f1-b04e-4fb9-81e3-6bd85d5fef57,7319bb38-0e1a-42a0-a1a3-c170af371232,,,04b79c8e-ee4c-4473-b915-16983dec8056,924d181f-d0a7-4fc0-b892-6232ebea55e8,2026-04-03T21:41:25.735856,Custom Deal - Horizon Media,171552.58,2026-07-20T14:12:33.735911,ba4c6a8d-6e78-4532-82ad-fccefbf8ab96,2026-01-18T00:05:27.735856,96bb061b-9355-4d14-bab8-c5b59a63ac2a
92167e80-976a-4dee-9efb-e669de26107d,7319bb38-0e1a-42a0-a1a3-c170af371232,1a7ee882-c80a-4087-9f8f-e8716823e976,4ad765f0-140f-4d4f-a0da-6102b730c15c,04b79c8e-ee4c-4473-b915-16983dec8056,924d181f-d0a7-4fc0-b892-6232ebea55e8,2026-07-29T02:51:36.735938,Custom Deal - Diamond Edge,356835.85,2026-06-23T03:03:33.735973,a3b11eec-7159-4649-ad03-75eeb3c9b04f,2026-07-14T07:33:16.735938,af8ae744-eaf6-49a6-9c7f-4f4aa9e503ee
d2690b1c-6ef1-4579-bb1a-5a61188b7128,7319bb38-0e1a-42a0-a1a3-c170af371232,44d953ec-0f02-4772-9607-e400763513fa,209a29ab-b0ab-40e6-b951-2cc6ab1e18be,04b79c8e-ee4c-4473-b915-16983dec8056,a823f083-5d28-41df-879e-bb9f9fb39864,2026-05-08T04:21:45.735995,Enterprise Deal - Prism Technologies,341900.42,2026-08-18T13:34:05.736013,638bfc6a-5a8b-4bf8-9f66-0c0d0744f19a,2026-02-22T23:25:07.735995,96bb061b-9355-4d14-bab8-c5b59a63ac2a
2b995c8a-4e62-4723-9961-b4021ac324ab,7319bb38-0e1a-42a0-a1a3-c170af371232,7d937592-064f-4c48-bae7-5b60504e3da4,56351de4-2ee1-4bd1-be46-b4b502db900c,04b79c8e-ee4c-4473-b915-16983dec8056,c7ffe30e-ebfe-4810-83f4-206c3287d9de,2026-04-27T19:06:53.736024,Premium Deal - Atlas Computing,329715.79,2026-05-06T20:49:54.736041,5b11e466-caa2-4b0d-ad40-becd33c6cbc2,2026-03-09T01:25:51.736024,8ae3dae5-38cd-4160-84ef-5c590af0066c
b5c359a1-219e-4740-ae22-9729edf191ca,7319bb38-0e1a-42a0-a1a3-c170af371232,f5281d34-2763-4620-926c-26c4d32ecbc0,9cccbe66-7256-4dab-a1e3-cd2fee07cdf9,04b79c8e-ee4c-4473-b915-16983dec8056,897f5d2f-3160-42b5-aec4-63761a6aee1a,2025-12-25T20:24:16.736059,Custom Deal - Atlas Computing,269136.69,2026-09-20T19:32:03.736076,638bfc6a-5a8b-4bf8-9f66-0c0d0744f19a,2025-11-20T23:59:48.736059,968afaab-9fc3-43d8-aea9-de1b0845fb8c
4017fe36-3602-43fb-a4ea-741ddeddc508,7319bb38-0e1a-42a0-a1a3-c170af371232,,3edadcca-2476-47ad-bff2-971966418e62,04b79c8e-ee4c-4473-b915-16983dec8056,924d181f-d0a7-4fc0-b892-6232ebea55e8,2026-07-31T14:12:08.736086,Enterprise Deal - BlueShift Labs,66282.58,2026-07-06T18:23:50.736103,38b1938d-3cd4-479f-8f9c-d5fc4c1dd8fd,2026-07-21T02:50:36.736086,0d1a00d8-532c-48b5-a0d5-e8f37068b7e8
f414171f-131c-4fb7-b2fb-74d0cedb915f,7319bb38-0e1a-42a0-a1a3-c170af371232,71580de1-cc7a-4d7d-b867-d00e57dd4f4a,,04b79c8e-ee4c-4473-b915-16983dec8056,924d181f-d0a7-4fc0-b892-6232ebea55e8,2026-07-03T19:21:02.736113,Enterprise Deal - RedRock Ventures,247494.89,2026-07-16T23:32:58.736129,f6c1513d-8b13-441d-98bb-1a986c21400d,2026-06-27T13:31:11.736113,af8ae744-eaf6-49a6-9c7f-4f4aa9e503ee
b970fe51-37da-4347-9e16-5c28f202d7c7,7319bb38-0e1a-42a0-a1a3-c170af371232,,,04b79c8e-ee4c-4473-b915-16983dec8056,6521490a-9cae-428c-8686-0438bf8aeb68,2026-06-04T19:04:02.736139,Growth Deal - NexGen Software,258022.11,2026-12-05T03:56:02.736158,f6c1513d-8b13-441d-98bb-1a986c21400d,2025-10-15T18:39:13.736139,0d1a00d8-532c-48b5-a0d5-e8f37068b7e8
1f29029f-72a8-4957-8540-d0a50981432e,7319bb38-0e1a-42a0-a1a3-c170af371232,59a37037-7966-471a-830b-27ce1678207f,,04b79c8e-ee4c-4473-b915-16983dec8056,a823f083-5d28-41df-879e-bb9f9fb39864,2026-06-25T13:09:43.736168,Starter Deal - Nimbus Networks,302048.88,2026-08-10T06:11:00.736188,638bfc6a-5a8b-4bf8-9f66-0c0d0744f19a,2026-05-03T02:57:52.736168,96bb061b-9355-4d14-bab8-c5b59a63ac2a
d56136d8-f801-4ef9-9533-c06add352d9d,7319bb38-0e1a-42a0-a1a3-c170af371232,e3540811-a19e-45a3-b486-1a6298784d8d,,04b79c8e-ee4c-4473-b915-16983dec8056,c7ffe30e-ebfe-4810-83f4-206c3287d9de,2026-06-05T22:49:04.736198,Enterprise Deal - Coral Health,214146.98,2026-05-31T02:15:55.736214,af8ae744-eaf6-49a6-9c7f-4f4aa9e503ee,2025-09-04T02:13:27.736198,5b11e466-caa2-4b0d-ad40-becd33c6cbc2
5cfcc2f0-3357-47dd-8235-cefffcbafe44,7319bb38-0e1a-42a0-a1a3-c170af371232,,,04b79c8e-ee4c-4473-b915-16983dec8056,a823f083-5d28-41df-879e-bb9f9fb39864,2026-07-28T10:35:05.736224,Custom Deal - Iron Mountain,263818.03,2026-10-15T11:57:36.736240,38b1938d-3cd4-479f-8f9c-d5fc4c1dd8fd,2026-07-26T07:06:06.736224,aabd8828-4992-4138-a82c-82d2ace3e408
52ec42ce-3073-45bb-b7fc-e2a254399297,7319bb38-0e1a-42a0-a1a3-c170af371232,148bbd4c-8ea9-4271-9e21-f0024bdc365a,5c4c67cb-328b-48f9-a871-85038dc481f2,04b79c8e-ee4c-4473-b915-16983dec8056,924d181f-d0a7-4fc0-b892-6232ebea55e8,2026-08-02T12:49:09.736251,Growth Deal - Coral Health,341391.67,2026-07-18T21:01:13.736271,96bb061b-9355-4d14-bab8-c5b59a63ac2a,2025-11-07T10:17:50.736251,fd2fd60f-404e-41a6-95e7-9a06e7913261
139632ab-66df-426e-bbeb-0c1a9bf6cf37,7319bb38-0e1a-42a0-a1a3-c170af371232,eb2ab09e-7623-4e77-962e-a53d8896e5b7,,04b79c8e-ee4c-4473-b915-16983dec8056,924d181f-d0a7-4fc0-b892-6232ebea55e8,2026-07-09T21:32:03.736282,Starter Deal - ClearView Corp,164623.32,2026-06-29T17:58:12.736301,638bfc6a-5a8b-4bf8-9f66-0c0d0744f19a,2025-12-21T18:10:46.736282,96bb061b-9355-4d14-bab8-c5b59a63ac2a
52296594-eaa2-461b-a854-063eea17adb5,7319bb38-0e1a-42a0-a1a3-c170af371232,c73e6a20-eca1-4c4d-b9b9-f42311516e85,,04b79c8e-ee4c-4473-b915-16983dec8056,1bd1b098-4e87-4258-8b67-54c76c74599a,2026-05-10T13:16:59.736312,Custom Deal - Jade Consulting,210980.06,2026-08-26T21:51:35.736328,5b11e466-caa2-4b0d-ad40-becd33c6cbc2,2025-09-15T12:13:43.736312,af8e7df9-9ce7-4499-ab19-610e813af04b
e5b3afae-0b66-4d1a-b94b-9acd9dbf5a19,7319bb38-0e1a-42a0-a1a3-c170af371232,0af0c641-8ad3-4d74-b25c-509be4ef0cac,,04b79c8e-ee4c-4473-b915-16983dec8056,a823f083-5d28-41df-879e-bb9f9fb39864,2025-10-26T05:02:52.736342,Premium Deal - NexGen Software,449283.38,2026-09-22T16:11:38.736359,f6c1513d-8b13-441d-98bb-1a986c21400d,2025-08-29T18:31:55.736342,0d1a00d8-532c-48b5-a0d5-e8f37068b7e8
4efa723e-2296-429d-bc6b-aff39965fffa,7319bb38-0e1a-42a0-a1a3-c170af371232,5f5fffb8-3604-48c1-ab8c-36d3ef72e1f4,5cb9a2ec-b302-4967-ab43-a9a08283c1ad,04b79c8e-ee4c-4473-b915-16983dec8056,897f5d2f-3160-42b5-aec4-63761a6aee1a,2026-02-19T09:42:05.736370,Growth Deal - Topaz Digital,123884.35,2027-01-22T11:09:55.736386,ba4c6a8d-6e78-4532-82ad-fccefbf8ab96,2025-08-18T10:40:15.736370,eaf0989b-5b56-4b72-9a32-2711e9c394ff
d5a52594-32f9-4db2-bae7-a0da01adb34f,7319bb38-0e1a-42a0-a1a3-c170af371232,,,04b79c8e-ee4c-4473-b915-16983dec8056,897f5d2f-3160-42b5-aec4-63761a6aee1a,2026-07-25T12:29:29.736396,Enterprise Deal - Ruby Software,193100.35,2027-02-03T03:29:54.736412,638bfc6a-5a8b-4bf8-9f66-0c0d0744f19a,2026-05-02T12:39:12.736396,af8ae744-eaf6-49a6-9c7f-4f4aa9e503ee
8cf471db-2bcb-4fe9-ac45-aad66cb8a9da,7319bb38-0e1a-42a0-a1a3-c170af371232,4e8ece17-ed38-40b1-94fc-71f53c808965,9ac707c7-74b1-4841-8a83-35effa9130b3,04b79c8e-ee4c-4473-b915-16983dec8056,1bd1b098-4e87-4258-8b67-54c76c74599a,2026-03-11T08:13:00.736423,Starter Deal - Platinum Partners,353458.9,2026-12-15T14:47:15.736439,af8ae744-eaf6-49a6-9c7f-4f4aa9e503ee,2025-09-24T22:53:12.736423,eaf0989b-5b56-4b72-9a32-2711e9c394ff
a18eebb9-b7cb-4bf0-81df-0d93e8932066,7319bb38-0e1a-42a0-a1a3-c170af371232,fd9bdb41-0542-4d2d-abe9-3c53c899f915,,04b79c8e-ee4c-4473-b915-16983dec8056,897f5d2f-3160-42b5-aec4-63761a6aee1a,2026-06-16T14:16:00.736450,Starter Deal - Ruby Software,438207.47,2027-01-26T18:42:07.736466,f6c1513d-8b13-441d-98bb-1a986c21400d,2025-12-16T10:40:33.736450,f6c1513d-8b13-441d-98bb-1a986c21400d
8ec8dffd-e25f-43af-9887-791faebf421b,7319bb38-0e1a-42a0-a1a3-c170af371232,3bcd356d-6c35-43bc-86dc-680da8852601,,04b79c8e-ee4c-4473-b915-16983dec8056,1bd1b098-4e87-4258-8b67-54c76c74599a,2026-06-01T17:44:51.736476,Custom Deal - Apex Innovations,179113.21,2026-09-18T18:39:02.736491,5b11e466-caa2-4b0d-ad40-becd33c6cbc2,2026-04-06T05:23:51.736476,a3b11eec-7159-4649-ad03-75eeb3c9b04f
02f6d1fe-da73-4278-b71d-84647d267b72,7319bb38-0e1a-42a0-a1a3-c170af371232,d73c2fbe-bda8-4f59-bc74-b864fd5033cc,,04b79c8e-ee4c-4473-b915-16983dec8056,897f5d2f-3160-42b5-aec4-63761a6aee1a,2026-07-24T03:47:55.736501,Premium Deal - SilverLine Corp,256176.13,2026-11-14T17:45:23.736517,aabd8828-4992-4138-a82c-82d2ace3e408,2026-07-12T21:59:33.736501,af8ae744-eaf6-49a6-9c7f-4f4aa9e503ee
e9daf632-dd53-44ae-b216-2c6723a6d21a,7319bb38-0e1a-42a0-a1a3-c170af371232,e33fbf26-0df6-4f15-85d3-80733920dac7,,04b79c8e-ee4c-4473-b915-16983dec8056,897f5d2f-3160-42b5-aec4-63761a6aee1a,2026-01-23T16:02:41.736528,Custom Deal - GreenField Capital,221706.67,2026-12-24T15:33:36.736549,968afaab-9fc3-43d8-aea9-de1b0845fb8c,2025-09-06T21:03:01.736528,638bfc6a-5a8b-4bf8-9f66-0c0d0744f19a
54b9792f-e663-495d-b523-31310d5c8070,7319bb38-0e1a-42a0-a1a3-c170af371232,933b58fe-1da2-403a-a629-631d674a52d8,,04b79c8e-ee4c-4473-b915-16983dec8056,c7ffe30e-ebfe-4810-83f4-206c3287d9de,2026-07-31T13:07:49.736560,Custom Deal - Coral Health,424440.23,2026-06-25T02:33:30.736576,38b1938d-3cd4-479f-8f9c-d5fc4c1dd8fd,2026-07-26T06:59:10.736560,8ae3dae5-38cd-4160-84ef-5c590af0066c
dda4fded-5faa-4fa1-8def-5c65e1225164,7319bb38-0e1a-42a0-a1a3-c170af371232,bafc9b85-46bb-463f-9280-c49d114916af,,04b79c8e-ee4c-4473-b915-16983dec8056,c7ffe30e-ebfe-4810-83f4-206c3287d9de,2026-03-23T18:02:14.736586,Premium Deal - NexGen Software,303258.73,2026-05-10T17:15:01.736608,5b11e466-caa2-4b0d-ad40-becd33c6cbc2,2026-03-22T21:42:24.736586,96bb061b-9355-4d14-bab8-c5b59a63ac2a
a24d1432-8eb4-4d64-a682-df7b9eac783e,7319bb38-0e1a-42a0-a1a3-c170af371232,,52ec6208-4ef4-43f0-9223-6ad9e44812d5,04b79c8e-ee4c-4473-b915-16983dec8056,6521490a-9cae-428c-8686-0438bf8aeb68,2026-03-28T03:38:43.736625,Enterprise Deal - SwiftScale,39992.81,2026-11-26T01:36:27.736672,af8ae744-eaf6-49a6-9c7f-4f4aa9e503ee,2026-03-25T20:13:19.736625,638bfc6a-5a8b-4bf8-9f66-0c0d0744f19a
a2160bc4-714d-4236-a190-3f68fc3eb50f,7319bb38-0e1a-42a0-a1a3-c170af371232,,,04b79c8e-ee4c-4473-b915-16983dec8056,897f5d2f-3160-42b5-aec4-63761a6aee1a,2026-07-07T21:01:48.736684,Enterprise Deal - Onyx Data,172265.84,2026-09-28T04:56:20.736700,a3b11eec-7159-4649-ad03-75eeb3c9b04f,2026-07-06T03:19:55.736684,af8ae744-eaf6-49a6-9c7f-4f4aa9e503ee
64839085-c517-407f-97fa-58693ee27e7e,7319bb38-0e1a-42a0-a1a3-c170af371232,,40a25c3d-af7b-4ac2-9f01-891568804f74,04b79c8e-ee4c-4473-b915-16983dec8056,6521490a-9cae-428c-8686-0438bf8aeb68,2026-06-17T16:47:45.736714,Enterprise Deal - Vanguard Systems,41586.4,2027-01-23T06:10:16.736730,af8e7df9-9ce7-4499-ab19-610e813af04b,2026-05-29T03:31:44.736714,0d1a00d8-532c-48b5-a0d5-e8f37068b7e8
a4351ad4-5811-4caf-b051-b10a6f5e6619,7319bb38-0e1a-42a0-a1a3-c170af371232,04a50ef8-9c0d-4144-b4e3-4701df198c25,,04b79c8e-ee4c-4473-b915-16983dec8056,c7ffe30e-ebfe-4810-83f4-206c3287d9de,2026-07-16T06:26:07.736741,Enterprise Deal - Silver Stream,95313.69,2026-04-23T11:10:50.736757,38b1938d-3cd4-479f-8f9c-d5fc4c1dd8fd,2025-10-10T04:28:22.736741,eaf0989b-5b56-4b72-9a32-2711e9c394ff
676b744f-17e2-47c3-958a-b9c589c2be10,7319bb38-0e1a-42a0-a1a3-c170af371232,c9106562-4259-43cc-870d-48753272915b,66dcf695-f71b-4838-88f6-749fb5e501af,04b79c8e-ee4c-4473-b915-16983dec8056,1bd1b098-4e87-4258-8b67-54c76c74599a,2026-03-05T10:20:18.736767,Enterprise Deal - Nimbus Networks,148122.32,2026-12-12T23:08:24.736783,aabd8828-4992-4138-a82c-82d2ace3e408,2026-03-04T03:43:12.736767,0d1a00d8-532c-48b5-a0d5-e8f37068b7e8
aba1fdff-c20d-4796-9ea2-f4f91231d977,7319bb38-0e1a-42a0-a1a3-c170af371232,db26ebd6-3935-4582-a897-72db2f0f99fc,d31866be-63b1-47c1-831d-2970d50a32ce,04b79c8e-ee4c-4473-b915-16983dec8056,924d181f-d0a7-4fc0-b892-6232ebea55e8,2026-01-29T08:16:56.736794,Growth Deal - Topaz Digital,31519.4,2026-05-29T14:18:11.736809,0d1a00d8-532c-48b5-a0d5-e8f37068b7e8,2025-09-01T14:54:40.736794,5b11e466-caa2-4b0d-ad40-becd33c6cbc2
f3b0a86f-6f42-4134-a11c-68098813160d,7319bb38-0e1a-42a0-a1a3-c170af371232,c1216bd1-0932-438f-a198-438309344e15,,04b79c8e-ee4c-4473-b915-16983dec8056,924d181f-d0a7-4fc0-b892-6232ebea55e8,2026-05-23T09:38:12.736820,Growth Deal - BrightStar Inc,361451.48,2026-06-12T07:28:30.736837,968afaab-9fc3-43d8-aea9-de1b0845fb8c,2025-09-17T02:14:06.736820,0d1a00d8-532c-48b5-a0d5-e8f37068b7e8
ad1ad676-3363-4058-969c-2edbd2f23ca0,7319bb38-0e1a-42a0-a1a3-c170af371232,,,04b79c8e-ee4c-4473-b915-16983dec8056,c7ffe30e-ebfe-4810-83f4-206c3287d9de,2026-05-19T10:42:40.736847,Growth Deal - Coral Health,5206.54,2026-07-24T07:20:52.736866,fd2fd60f-404e-41a6-95e7-9a06e7913261,2025-12-03T06:01:05.736847,eaf0989b-5b56-4b72-9a32-2711e9c394ff
0c200ae9-33c6-4dfe-ab93-2a193503d04e,7319bb38-0e1a-42a0-a1a3-c170af371232,,,04b79c8e-ee4c-4473-b915-16983dec8056,a823f083-5d28-41df-879e-bb9f9fb39864,2026-01-21T21:21:06.736877,Premium Deal - Zenith Partners,101651.67,2026-11-22T23:09:36.736893,eaf0989b-5b56-4b72-9a32-2711e9c394ff,2026-01-14T11:57:58.736877,a3b11eec-7159-4649-ad03-75eeb3c9b04f
0f28131f-b339-4c8c-9694-940504805290,7319bb38-0e1a-42a0-a1a3-c170af371232,5137215d-d417-44d1-a21f-3b4bb103d45c,d84d86f7-40e4-412d-b5ad-e170922198d5,04b79c8e-ee4c-4473-b915-16983dec8056,1bd1b098-4e87-4258-8b67-54c76c74599a,2026-07-08T14:55:16.736904,Growth Deal - SwiftScale,187124.27,2026-12-10T11:23:55.736921,38b1938d-3cd4-479f-8f9c-d5fc4c1dd8fd,2026-02-01T01:02:54.736904,8ae3dae5-38cd-4160-84ef-5c590af0066c
b7d9a3b4-3a55-4edf-af7b-9abc8e556877,7319bb38-0e1a-42a0-a1a3-c170af371232,5b2e2a88-f85b-43e4-bf2c-db8cb577981b,,04b79c8e-ee4c-4473-b915-16983dec8056,6521490a-9cae-428c-8686-0438bf8aeb68,2026-02-13T02:26:17.736936,Custom Deal - Opal Solutions,200568.72,2026-09-12T13:47:43.736951,af8e7df9-9ce7-4499-ab19-610e813af04b,2025-12-25T14:55:04.736936,aabd8828-4992-4138-a82c-82d2ace3e408
e698b171-07d5-47d4-a10c-ce010e5c6eca,7319bb38-0e1a-42a0-a1a3-c170af371232,,929dface-f231-44fe-b190-73ddd4490fb4,04b79c8e-ee4c-4473-b915-16983dec8056,1bd1b098-4e87-4258-8b67-54c76c74599a,2026-05-10T05:31:40.736962,Custom Deal - BlueShift Labs,71254.55,2026-09-20T10:35:25.736977,eaf0989b-5b56-4b72-9a32-2711e9c394ff,2026-04-20T04:59:29.736962,5b11e466-caa2-4b0d-ad40-becd33c6cbc2
488aef0f-a6f9-4a5a-9dad-fda36cc6c1ef,7319bb38-0e1a-42a0-a1a3-c170af371232,15d57f6f-469b-4932-98c5-4702c541ed9b,e6460460-c757-4199-868f-60785389d26e,04b79c8e-ee4c-4473-b915-16983dec8056,1bd1b098-4e87-4258-8b67-54c76c74599a,2026-06-20T01:42:23.736989,Starter Deal - NexGen Software,370872.95,2026-09-24T07:44:57.737004,968afaab-9fc3-43d8-aea9-de1b0845fb8c,2026-01-11T14:15:23.736989,af8e7df9-9ce7-4499-ab19-610e813af04b
17cf1122-9798-45cc-b6d5-7450c720d29e,7319bb38-0e1a-42a0-a1a3-c170af371232,edc21005-2fdb-4f6b-9d28-a2484d0618f3,,04b79c8e-ee4c-4473-b915-16983dec8056,a823f083-5d28-41df-879e-bb9f9fb39864,2026-08-06T21:10:05.737015,Growth Deal - DataFlow Systems,295588.17,2026-11-23T17:50:08.737030,f6c1513d-8b13-441d-98bb-1a986c21400d,2026-08-02T11:57:37.737015,0d1a00d8-532c-48b5-a0d5-e8f37068b7e8
25cf2460-7628-49bd-aa0b-f1e3f1d944da,7319bb38-0e1a-42a0-a1a3-c170af371232,,,04b79c8e-ee4c-4473-b915-16983dec8056,924d181f-d0a7-4fc0-b892-6232ebea55e8,2026-05-21T10:55:50.737040,Custom Deal - ClearView Corp,196832.77,2026-07-12T18:28:29.737055,0d1a00d8-532c-48b5-a0d5-e8f37068b7e8,2026-05-01T13:00:41.737040,8ae3dae5-38cd-4160-84ef-5c590af0066c
dae1f156-deba-4b24-9aa4-0551f37ffacc,7319bb38-0e1a-42a0-a1a3-c170af371232,d4e90de6-6c56-4167-8eeb-54c4bc2cbec4,,04b79c8e-ee4c-4473-b915-16983dec8056,6521490a-9cae-428c-8686-0438bf8aeb68,2026-05-22T21:42:49.737069,Enterprise Deal - NexGen Software,215404.54,2026-12-06T13:44:27.737085,968afaab-9fc3-43d8-aea9-de1b0845fb8c,2026-03-19T06:43:32.737069,ba4c6a8d-6e78-4532-82ad-fccefbf8ab96
8890c8ec-c29c-4b20-ba4a-ad6198c6d83f,7319bb38-0e1a-42a0-a1a3-c170af371232,a869ee4d-d344-46d3-b7a5-2f3b6d370a85,,04b79c8e-ee4c-4473-b915-16983dec8056,a823f083-5d28-41df-879e-bb9f9fb39864,2025-12-28T09:17:35.737096,Growth Deal - Diamond Edge,384319.48,2027-01-03T06:03:14.737111,fd2fd60f-404e-41a6-95e7-9a06e7913261,2025-10-13T14:53:13.737096,38b1938d-3cd4-479f-8f9c-d5fc4c1dd8fd
62b68c48-4412-43d4-9a79-58d79ff62c19,7319bb38-0e1a-42a0-a1a3-c170af371232,a3aa49e2-4d4e-4135-8846-b89a69837241,,04b79c8e-ee4c-4473-b915-16983dec8056,a823f083-5d28-41df-879e-bb9f9fb39864,2026-03-12T00:40:59.737122,Custom Deal - SwiftScale,102465.29,2026-11-20T11:07:22.737137,eaf0989b-5b56-4b72-9a32-2711e9c394ff,2026-03-05T03:02:07.737122,aabd8828-4992-4138-a82c-82d2ace3e408
f2d2388f-e01f-4720-8048-30288bb68fff,7319bb38-0e1a-42a0-a1a3-c170af371232,,,04b79c8e-ee4c-4473-b915-16983dec8056,897f5d2f-3160-42b5-aec4-63761a6aee1a,2026-06-24T03:48:21.737149,Custom Deal - Cobalt Systems,120389.68,2026-11-24T13:03:33.737164,968afaab-9fc3-43d8-aea9-de1b0845fb8c,2026-06-02T17:04:20.737149,5b11e466-caa2-4b0d-ad40-becd33c6cbc2
e0f35d6b-048c-4b4c-882e-3e0b5065580d,7319bb38-0e1a-42a0-a1a3-c170af371232,5724ac56-4b15-478f-a50c-51156b74039a,23b33873-e1b5-4cfc-a259-50431350badc,04b79c8e-ee4c-4473-b915-16983dec8056,924d181f-d0a7-4fc0-b892-6232ebea55e8,2026-08-05T10:36:59.737175,Growth Deal - Vanguard Systems,397129.17,2026-06-15T20:48:49.737192,af8ae744-eaf6-49a6-9c7f-4f4aa9e503ee,2026-08-05T00:21:27.737175,af8ae744-eaf6-49a6-9c7f-4f4aa9e503ee
02fdf4e9-61ca-4826-9a45-70c40f9c5546,7319bb38-0e1a-42a0-a1a3-c170af371232,5e405952-ab5a-4204-929f-a55cbdbbc447,23f8c3c0-7bdd-4031-b59e-40581dedfa94,04b79c8e-ee4c-4473-b915-16983dec8056,6521490a-9cae-428c-8686-0438bf8aeb68,2026-07-29T18:39:20.737207,Enterprise Deal - RedRock Ventures,217651.4,2026-09-19T03:21:22.737223,f6c1513d-8b13-441d-98bb-1a986c21400d,2025-11-02T23:08:26.737207,8ae3dae5-38cd-4160-84ef-5c590af0066c
92f03601-885c-448e-829f-3da15e643c3f,7319bb38-0e1a-42a0-a1a3-c170af371232,a9825704-c400-45f8-a743-9bc3d1715ca1,,04b79c8e-ee4c-4473-b915-16983dec8056,1bd1b098-4e87-4258-8b67-54c76c74599a,2026-07-06T23:34:55.737234,Starter Deal - Ember Labs,79400.36,2026-09-10T02:14:57.737250,0d1a00d8-532c-48b5-a0d5-e8f37068b7e8,2025-08-31T15:22:27.737234,968afaab-9fc3-43d8-aea9-de1b0845fb8c
29d4ba09-3be2-412b-86c0-48584e5cc143,7319bb38-0e1a-42a0-a1a3-c170af371232,fef065da-5167-46b0-b34c-ffb3512b1731,ad6458b8-d4cc-4896-9a61-c230da98e4ff,04b79c8e-ee4c-4473-b915-16983dec8056,897f5d2f-3160-42b5-aec4-63761a6aee1a,2026-03-06T00:14:16.737261,Starter Deal - Sapphire Tech,231786.28,2026-10-05T20:58:04.737276,5b11e466-caa2-4b0d-ad40-becd33c6cbc2,2026-02-19T05:55:31.737261,ba4c6a8d-6e78-4532-82ad-fccefbf8ab96
187d438d-c653-42ca-ae24-19f163194c5f,7319bb38-0e1a-42a0-a1a3-c170af371232,6e9d1c56-0078-4e81-bf09-a2dd4e788071,,04b79c8e-ee4c-4473-b915-16983dec8056,a823f083-5d28-41df-879e-bb9f9fb39864,2026-08-07T05:11:17.737286,Premium Deal - Vanguard Systems,263759.8,2026-12-28T15:50:45.737300,af8e7df9-9ce7-4499-ab19-610e813af04b,2026-08-07T05:11:17.737286,0d1a00d8-532c-48b5-a0d5-e8f37068b7e8
b8d8c6bc-7bfb-4099-aa73-f0393d65ce99,7319bb38-0e1a-42a0-a1a3-c170af371232,e0baa354-17e4-4bbd-86d6-05ff25b8029f,7d1df4f8-e74b-4ae2-8d03-1aaffd6f092e,04b79c8e-ee4c-4473-b915-16983dec8056,c7ffe30e-ebfe-4810-83f4-206c3287d9de,2026-07-29T13:23:14.737311,Growth Deal - SilverLine Corp,274300.91,2026-05-16T21:00:51.737327,ba4c6a8d-6e78-4532-82ad-fccefbf8ab96,2026-07-24T22:58:51.737311,fd2fd60f-404e-41a6-95e7-9a06e7913261
e425fb4a-da55-4cce-8786-f011ada82556,7319bb38-0e1a-42a0-a1a3-c170af371232,5ab04f76-8c1e-4aeb-86a2-510eba97363c,a1ce9e3b-c7c0-43c5-9894-e2655e83186e,04b79c8e-ee4c-4473-b915-16983dec8056,c7ffe30e-ebfe-4810-83f4-206c3287d9de,2026-05-22T18:19:15.737338,Starter Deal - Topaz Digital,434023.37,2026-05-12T01:17:14.737353,0d1a00d8-532c-48b5-a0d5-e8f37068b7e8,2026-01-26T07:48:41.737338,96bb061b-9355-4d14-bab8-c5b59a63ac2a
881a7c8c-4ac7-4bdd-a7a8-af56a3ab3f98,7319bb38-0e1a-42a0-a1a3-c170af371232,,84f2a11e-d30c-4d21-910b-d745a02a8f6a,04b79c8e-ee4c-4473-b915-16983dec8056,a823f083-5d28-41df-879e-bb9f9fb39864,2026-07-23T21:49:06.737363,Starter Deal - ClearView Corp,289565.76,2027-01-17T03:47:31.737378,96bb061b-9355-4d14-bab8-c5b59a63ac2a,2026-05-18T00:53:05.737363,8ae3dae5-38cd-4160-84ef-5c590af0066c
9a747dce-986b-4c26-89aa-2d2a14d83946,7319bb38-0e1a-42a0-a1a3-c170af371232,c5b310b6-d0c8-4e02-82fc-83e8f6c8fad4,,04b79c8e-ee4c-4473-b915-16983dec8056,1bd1b098-4e87-4258-8b67-54c76c74599a,2026-07-07T21:05:45.737388,Starter Deal - Cobalt Systems,364006.58,2026-11-16T02:54:35.737404,af8e7df9-9ce7-4499-ab19-610e813af04b,2026-06-12T11:18:58.737388,aabd8828-4992-4138-a82c-82d2ace3e408
3bc9722c-c4ba-459b-a0c1-10dbeaa1d885,7319bb38-0e1a-42a0-a1a3-c170af371232,47fbdda8-7d92-4577-91f0-840c66fa1f27,,04b79c8e-ee4c-4473-b915-16983dec8056,924d181f-d0a7-4fc0-b892-6232ebea55e8,2025-12-26T05:49:08.737415,Premium Deal - Nimbus Networks,357036.82,2026-07-25T06:42:37.737438,638bfc6a-5a8b-4bf8-9f66-0c0d0744f19a,2025-11-21T20:32:28.737415,af8ae744-eaf6-49a6-9c7f-4f4aa9e503ee
a21077b3-2f13-45cd-bf56-54f1076d1dcd,7319bb38-0e1a-42a0-a1a3-c170af371232,12eccde3-0e9d-4962-a946-c1406107b8fc,,04b79c8e-ee4c-4473-b915-16983dec8056,924d181f-d0a7-4fc0-b892-6232ebea55e8,2026-02-07T05:24:25.737450,Growth Deal - Atlas Computing,441288.78,2026-06-21T22:07:31.737465,eaf0989b-5b56-4b72-9a32-2711e9c394ff,2025-10-06T06:52:07.737450,8ae3dae5-38cd-4160-84ef-5c590af0066c
c708518f-4173-4463-98d3-ebfdf7b206ef,7319bb38-0e1a-42a0-a1a3-c170af371232,d94aaacd-e3f0-4cc5-9cae-e4aadd1ea3eb,,04b79c8e-ee4c-4473-b915-16983dec8056,6521490a-9cae-428c-8686-0438bf8aeb68,2026-07-13T11:15:35.737479,Custom Deal - Cobalt Systems,66727.17,2026-08-11T13:10:15.737495,968afaab-9fc3-43d8-aea9-de1b0845fb8c,2025-09-10T22:19:23.737479,968afaab-9fc3-43d8-aea9-de1b0845fb8c
fdfc48fc-f3b3-4ded-a4dc-178e66c40d4e,7319bb38-0e1a-42a0-a1a3-c170af371232,20d6e3d5-f91d-4b87-bf16-14d37095493b,4c5316ed-8dc1-49ee-add2-cde0c1ff8991,04b79c8e-ee4c-4473-b915-16983dec8056,6521490a-9cae-428c-8686-0438bf8aeb68,2026-03-25T20:50:00.737506,Growth Deal - Silver Stream,181192.01,2026-10-05T19:01:54.737522,eaf0989b-5b56-4b72-9a32-2711e9c394ff,2025-10-28T02:36:44.737506,eaf0989b-5b56-4b72-9a32-2711e9c394ff
d1d7d1ba-4f77-4a1e-a7ca-0a02ea7c968c,7319bb38-0e1a-42a0-a1a3-c170af371232,82b3ef4e-084e-49ce-9298-ee068ee5e190,9adb9c34-1a69-423d-952c-b8ce347222fc,04b79c8e-ee4c-4473-b915-16983dec8056,1bd1b098-4e87-4258-8b67-54c76c74599a,2026-06-19T14:59:19.737533,Starter Deal - NexGen Software,111563.27,2026-09-04T19:08:32.737548,f6c1513d-8b13-441d-98bb-1a986c21400d,2026-05-20T14:45:36.737533,af8e7df9-9ce7-4499-ab19-610e813af04b
c778e9f5-4be0-4a60-8e07-f0b281a297e6,7319bb38-0e1a-42a0-a1a3-c170af371232,,9f5eaa71-cee0-4500-af4b-66b312c4e823,04b79c8e-ee4c-4473-b915-16983dec8056,a823f083-5d28-41df-879e-bb9f9fb39864,2026-06-29T10:46:31.737559,Growth Deal - SilverLine Corp,90564.77,2026-10-12T11:14:12.737574,38b1938d-3cd4-479f-8f9c-d5fc4c1dd8fd,2026-04-21T01:03:36.737559,968afaab-9fc3-43d8-aea9-de1b0845fb8c
385cbb3d-683e-4cc5-a4f3-9abe857b7bcb,7319bb38-0e1a-42a0-a1a3-c170af371232,bbe4fe9a-fb40-48ea-8901-2f45c6e0bdbb,283f3d57-af32-485e-af92-6391779ee26f,04b79c8e-ee4c-4473-b915-16983dec8056,897f5d2f-3160-42b5-aec4-63761a6aee1a,2026-05-19T10:21:43.737584,Starter Deal - Cobalt Systems,51971.69,2026-12-01T12:07:13.737599,38b1938d-3cd4-479f-8f9c-d5fc4c1dd8fd,2026-04-22T12:55:20.737584,f6c1513d-8b13-441d-98bb-1a986c21400d
d464a02f-bb12-4859-a6e2-f6aa3b1551d5,7319bb38-0e1a-42a0-a1a3-c170af371232,0194e37c-bafc-4fce-835a-9274359cc550,,04b79c8e-ee4c-4473-b915-16983dec8056,6521490a-9cae-428c-8686-0438bf8aeb68,2026-02-07T10:02:43.737610,Starter Deal - Titan Industries,72887.5,2026-10-29T10:54:28.737625,eaf0989b-5b56-4b72-9a32-2711e9c394ff,2025-11-03T03:01:56.737610,f6c1513d-8b13-441d-98bb-1a986c21400d
6e6ab4bf-8211-4fe1-8d29-705ffe40e505,7319bb38-0e1a-42a0-a1a3-c170af371232,,39327c0f-8589-45d2-a2bb-0ff56af2df71,04b79c8e-ee4c-4473-b915-16983dec8056,924d181f-d0a7-4fc0-b892-6232ebea55e8,2026-08-03T12:58:01.737635,Premium Deal - Pulse Digital,11458.61,2026-05-18T01:12:14.737659,ba4c6a8d-6e78-4532-82ad-fccefbf8ab96,2026-06-27T06:27:55.737635,eaf0989b-5b56-4b72-9a32-2711e9c394ff
4417b3ce-8c13-4a4f-b898-eb4116f69bcd,7319bb38-0e1a-42a0-a1a3-c170af371232,,,04b79c8e-ee4c-4473-b915-16983dec8056,a823f083-5d28-41df-879e-bb9f9fb39864,2026-05-07T03:52:21.737669,Growth Deal - Steel Bridge,167898.25,2026-11-21T04:31:10.737684,8ae3dae5-38cd-4160-84ef-5c590af0066c,2026-02-01T11:59:32.737669,f6c1513d-8b13-441d-98bb-1a986c21400d
a2afcbc2-5ce9-4ecc-88f6-edd8c129da8e,7319bb38-0e1a-42a0-a1a3-c170af371232,,,04b79c8e-ee4c-4473-b915-16983dec8056,6521490a-9cae-428c-8686-0438bf8aeb68,2026-08-01T18:02:30.737693,Enterprise Deal - Golden Ratio,231357.73,2026-12-05T04:06:23.737708,96bb061b-9355-4d14-bab8-c5b59a63ac2a,2025-11-06T02:32:32.737693,5b11e466-caa2-4b0d-ad40-becd33c6cbc2
5360f7c3-1b3b-4d26-8327-300eba011c06,7319bb38-0e1a-42a0-a1a3-c170af371232,7acf35fd-65b7-4137-a0ed-d2b963e719f5,f34beda3-1512-4200-bc84-cfe5598d2950,04b79c8e-ee4c-4473-b915-16983dec8056,1bd1b098-4e87-4258-8b67-54c76c74599a,2026-06-27T01:12:36.737719,Starter Deal - Crystal Corp,53735.08,2026-11-23T21:42:54.737734,a3b11eec-7159-4649-ad03-75eeb3c9b04f,2026-06-03T17:39:32.737719,96bb061b-9355-4d14-bab8-c5b59a63ac2a
7b5e7f32-eef5-49f8-aa3a-0796df8f1e54,7319bb38-0e1a-42a0-a1a3-c170af371232,4ed9571a-0444-4262-964c-fbd265372f8f,1a017dff-0a24-4f2a-b0b4-42650a48ad51,04b79c8e-ee4c-4473-b915-16983dec8056,6521490a-9cae-428c-8686-0438bf8aeb68,2026-06-16T14:26:12.737751,Growth Deal - CloudPeak Analytics,329757.14,2026-12-29T10:38:09.737767,eaf0989b-5b56-4b72-9a32-2711e9c394ff,2026-06-10T03:21:24.737751,eaf0989b-5b56-4b72-9a32-2711e9c394ff
3aedb41a-a7e9-4483-a4d5-7024124fdb30,7319bb38-0e1a-42a0-a1a3-c170af371232,,,04b79c8e-ee4c-4473-b915-16983dec8056,897f5d2f-3160-42b5-aec4-63761a6aee1a,2026-06-24T14:04:12.737776,Growth Deal - Ember Labs,382260.99,2026-09-16T20:06:27.737795,638bfc6a-5a8b-4bf8-9f66-0c0d0744f19a,2025-10-21T22:21:13.737776,638bfc6a-5a8b-4bf8-9f66-0c0d0744f19a
06a44022-e8bd-4136-b520-a55ce41a6b22,7319bb38-0e1a-42a0-a1a3-c170af371232,24568410-69d1-4158-a01f-127bfe5c8011,,04b79c8e-ee4c-4473-b915-16983dec8056,924d181f-d0a7-4fc0-b892-6232ebea55e8,2026-04-26T08:41:19.737806,Custom Deal - TechNova Solutions,467826.0,2026-05-06T15:47:48.737822,5b11e466-caa2-4b0d-ad40-becd33c6cbc2,2025-08-23T01:49:30.737806,eaf0989b-5b56-4b72-9a32-2711e9c394ff
239b4499-f591-4b5b-a3a6-00acd49eef19,7319bb38-0e1a-42a0-a1a3-c170af371232,,fa9e2caa-b3a9-408f-9168-37e33fe363f7,04b79c8e-ee4c-4473-b915-16983dec8056,924d181f-d0a7-4fc0-b892-6232ebea55e8,2026-02-12T17:00:00.737832,Custom Deal - IronClad Security,241256.09,2026-06-12T01:47:32.737847,96bb061b-9355-4d14-bab8-c5b59a63ac2a,2025-10-06T13:28:10.737832,af8ae744-eaf6-49a6-9c7f-4f4aa9e503ee
180c5a0f-75a2-403a-b761-f9a4d076292e,7319bb38-0e1a-42a0-a1a3-c170af371232,cec9a70c-941b-4b1f-941d-b357294e10d9,01f6d8c4-9795-4509-ab1d-acd8cb7bd1ad,04b79c8e-ee4c-4473-b915-16983dec8056,c7ffe30e-ebfe-4810-83f4-206c3287d9de,2026-01-28T08:14:38.737858,Growth Deal - Sterling Finance,318314.07,2026-06-19T21:10:04.737874,a3b11eec-7159-4649-ad03-75eeb3c9b04f,2025-11-14T08:06:18.737858,aabd8828-4992-4138-a82c-82d2ace3e408
86d8a0a9-673f-4c43-8ebc-1a3403b4639e,7319bb38-0e1a-42a0-a1a3-c170af371232,90ab62a2-6d2f-4261-bb81-362257d2b360,,04b79c8e-ee4c-4473-b915-16983dec8056,6521490a-9cae-428c-8686-0438bf8aeb68,2026-03-21T01:19:31.737884,Premium Deal - Ruby Software,111451.11,2026-11-10T07:43:53.737903,5b11e466-caa2-4b0d-ad40-becd33c6cbc2,2025-09-13T03:19:00.737884,38b1938d-3cd4-479f-8f9c-d5fc4c1dd8fd
71f1b0e7-7f6f-4011-aa34-08720675e01a,7319bb38-0e1a-42a0-a1a3-c170af371232,,c990188c-18fc-4b68-8095-d2954596f48c,04b79c8e-ee4c-4473-b915-16983dec8056,6521490a-9cae-428c-8686-0438bf8aeb68,2026-04-19T20:23:09.737913,Premium Deal - Ember Labs,54750.42,2027-01-30T02:53:58.737928,eaf0989b-5b56-4b72-9a32-2711e9c394ff,2026-04-13T07:09:18.737913,96bb061b-9355-4d14-bab8-c5b59a63ac2a
bc6eac23-99dc-40c4-a5ef-77bbe89b1e9f,7319bb38-0e1a-42a0-a1a3-c170af371232,fb20c04f-d1c9-4d7f-b672-a7e3b1bcbe88,a1ce9e3b-c7c0-43c5-9894-e2655e83186e,04b79c8e-ee4c-4473-b915-16983dec8056,c7ffe30e-ebfe-4810-83f4-206c3287d9de,2025-12-11T03:55:21.737938,Starter Deal - Sapphire Tech,96798.15,2026-05-27T08:01:38.737954,96bb061b-9355-4d14-bab8-c5b59a63ac2a,2025-08-17T09:28:26.737938,fd2fd60f-404e-41a6-95e7-9a06e7913261
4a7b5d56-dcaa-4fbb-b68b-b83f4453e7e3,7319bb38-0e1a-42a0-a1a3-c170af371232,,,04b79c8e-ee4c-4473-b915-16983dec8056,897f5d2f-3160-42b5-aec4-63761a6aee1a,2026-04-18T21:53:03.737963,Premium Deal - Crystal Corp,63279.43,2026-12-01T20:29:53.737978,eaf0989b-5b56-4b72-9a32-2711e9c394ff,2026-03-13T16:37:20.737963,aabd8828-4992-4138-a82c-82d2ace3e408
c11adf14-2d19-4609-87f5-2894ae2b2f09,7319bb38-0e1a-42a0-a1a3-c170af371232,,bd97cf94-81c9-438e-a93a-4b18d1814b29,04b79c8e-ee4c-4473-b915-16983dec8056,897f5d2f-3160-42b5-aec4-63761a6aee1a,2026-02-08T23:20:27.737988,Premium Deal - Nimbus Networks,103079.86,2026-11-11T03:26:31.738003,638bfc6a-5a8b-4bf8-9f66-0c0d0744f19a,2025-12-03T18:45:10.737988,f6c1513d-8b13-441d-98bb-1a986c21400d
0e88e21e-0e40-469e-9db3-91601897621b,7319bb38-0e1a-42a0-a1a3-c170af371232,,2a7a9439-e288-4c5f-9d70-757e2dd3a56d,04b79c8e-ee4c-4473-b915-16983dec8056,924d181f-d0a7-4fc0-b892-6232ebea55e8,2026-03-17T06:05:54.738017,Premium Deal - Topaz Digital,376931.21,2026-07-18T04:32:07.738032,96bb061b-9355-4d14-bab8-c5b59a63ac2a,2025-11-08T03:18:17.738017,aabd8828-4992-4138-a82c-82d2ace3e408
34185384-9bd6-4a43-943b-f631f99f243f,7319bb38-0e1a-42a0-a1a3-c170af371232,,,04b79c8e-ee4c-4473-b915-16983dec8056,6521490a-9cae-428c-8686-0438bf8aeb68,2026-08-04T01:08:10.738042,Premium Deal - Diamond Edge,426857.52,2026-09-02T06:57:01.738060,a3b11eec-7159-4649-ad03-75eeb3c9b04f,2025-08-23T22:25:26.738042,a3b11eec-7159-4649-ad03-75eeb3c9b04f
cbb09be2-c46e-4f37-ab3e-1b9dd880be5a,7319bb38-0e1a-42a0-a1a3-c170af371232,5e405952-ab5a-4204-929f-a55cbdbbc447,611a73dc-1032-4ee2-a152-09c26768784f,04b79c8e-ee4c-4473-b915-16983dec8056,924d181f-d0a7-4fc0-b892-6232ebea55e8,2025-11-29T22:20:22.738071,Enterprise Deal - Titan Industries,27119.61,2026-05-31T17:46:46.738087,96bb061b-9355-4d14-bab8-c5b59a63ac2a,2025-10-22T18:11:02.738071,eaf0989b-5b56-4b72-9a32-2711e9c394ff
b7edd94a-4e74-422d-b30e-ba5029940bca,7319bb38-0e1a-42a0-a1a3-c170af371232,f0631c69-40e3-48da-b043-507e5d08e7cc,,04b79c8e-ee4c-4473-b915-16983dec8056,a823f083-5d28-41df-879e-bb9f9fb39864,2026-05-17T20:42:20.738097,Growth Deal - Amber Industries,151457.27,2026-10-04T20:01:44.738112,fd2fd60f-404e-41a6-95e7-9a06e7913261,2026-01-20T20:33:51.738097,aabd8828-4992-4138-a82c-82d2ace3e408
3727d3f1-0e0f-4787-b4cb-2534a0d6f9fe,7319bb38-0e1a-42a0-a1a3-c170af371232,f64607e5-d297-42f2-96f3-7290d4b60947,,04b79c8e-ee4c-4473-b915-16983dec8056,897f5d2f-3160-42b5-aec4-63761a6aee1a,2026-07-23T04:09:33.738123,Growth Deal - BlueShift Labs,50155.0,2026-12-07T19:38:13.738142,eaf0989b-5b56-4b72-9a32-2711e9c394ff,2026-04-21T22:17:16.738123,0d1a00d8-532c-48b5-a0d5-e8f37068b7e8
5d1f47ac-73ca-4b09-81f2-6f702c549ba7,7319bb38-0e1a-42a0-a1a3-c170af371232,90c51f62-631d-4f69-90df-f02b66553b37,b9ee37a5-2b73-4ffd-867c-16b8103630bd,04b79c8e-ee4c-4473-b915-16983dec8056,1bd1b098-4e87-4258-8b67-54c76c74599a,2025-11-03T20:47:00.738155,Enterprise Deal - Apex Health,182832.42,2026-11-04T09:32:29.738171,fd2fd60f-404e-41a6-95e7-9a06e7913261,2025-09-02T19:06:55.738155,5b11e466-caa2-4b0d-ad40-becd33c6cbc2
2ba385c6-410c-4af3-bd64-3642e9b812b3,7319bb38-0e1a-42a0-a1a3-c170af371232,ce2292bd-4e47-4855-8ba0-9e9454a2736b,,04b79c8e-ee4c-4473-b915-16983dec8056,6521490a-9cae-428c-8686-0438bf8aeb68,2026-04-09T09:29:11.738181,Starter Deal - Amber Industries,454381.91,2026-11-28T08:09:23.738196,fd2fd60f-404e-41a6-95e7-9a06e7913261,2025-09-11T05:07:33.738181,fd2fd60f-404e-41a6-95e7-9a06e7913261
468df981-1009-4e91-85d5-3e5dcc3174ec,7319bb38-0e1a-42a0-a1a3-c170af371232,,,04b79c8e-ee4c-4473-b915-16983dec8056,897f5d2f-3160-42b5-aec4-63761a6aee1a,2026-05-17T00:23:49.738205,Enterprise Deal - Quantum Dynamics,24160.09,2026-09-15T14:42:41.738220,fd2fd60f-404e-41a6-95e7-9a06e7913261,2025-10-20T13:02:16.738205,38b1938d-3cd4-479f-8f9c-d5fc4c1dd8fd
daaf9fb3-8fa7-4501-9223-cdc396fa5d4a,7319bb38-0e1a-42a0-a1a3-c170af371232,90ab62a2-6d2f-4261-bb81-362257d2b360,,04b79c8e-ee4c-4473-b915-16983dec8056,924d181f-d0a7-4fc0-b892-6232ebea55e8,2026-01-20T17:21:58.738230,Enterprise Deal - Iron Mountain,264370.93,2026-07-04T03:47:30.738245,f6c1513d-8b13-441d-98bb-1a986c21400d,2025-09-20T20:09:17.738230,aabd8828-4992-4138-a82c-82d2ace3e408
7af9e5a4-8305-4053-969e-a536e33c3241,7319bb38-0e1a-42a0-a1a3-c170af371232,,b9ee37a5-2b73-4ffd-867c-16b8103630bd,04b79c8e-ee4c-4473-b915-16983dec8056,1bd1b098-4e87-4258-8b67-54c76c74599a,2026-08-06T04:11:48.738255,Custom Deal - BlueShift Labs,189677.04,2026-08-15T02:45:36.738270,aabd8828-4992-4138-a82c-82d2ace3e408,2026-05-03T09:59:59.738255,af8e7df9-9ce7-4499-ab19-610e813af04b
27ac7112-8ead-4656-bd1d-5f2f52cdffbd,7319bb38-0e1a-42a0-a1a3-c170af371232,1e1fc028-6ed7-424f-ad05-de471ba9d411,d84d86f7-40e4-412d-b5ad-e170922198d5,04b79c8e-ee4c-4473-b915-16983dec8056,1bd1b098-4e87-4258-8b67-54c76c74599a,2026-07-15T05:13:24.738284,Starter Deal - ClearView Corp,252952.11,2027-01-18T19:52:05.738300,96bb061b-9355-4d14-bab8-c5b59a63ac2a,2026-06-19T00:03:40.738284,968afaab-9fc3-43d8-aea9-de1b0845fb8c
df00de47-a8be-4a95-aef5-425c1ba380d9,7319bb38-0e1a-42a0-a1a3-c170af371232,,fc9fa1bb-6e79-4c50-a2ee-aafd0ed1fa47,04b79c8e-ee4c-4473-b915-16983dec8056,897f5d2f-3160-42b5-aec4-63761a6aee1a,2026-08-05T18:35:29.738310,Enterprise Deal - Pearl Analytics,120710.07,2026-11-17T22:07:37.738325,a3b11eec-7159-4649-ad03-75eeb3c9b04f,2026-08-04T06:49:30.738310,af8e7df9-9ce7-4499-ab19-610e813af04b
fa7bd2d6-f913-414d-a6b3-f147c91565d9,7319bb38-0e1a-42a0-a1a3-c170af371232,8ae1b5e6-7435-4bf7-949f-13512ead77bf,1201d745-959a-47c7-b74f-090d4ca74308,04b79c8e-ee4c-4473-b915-16983dec8056,924d181f-d0a7-4fc0-b892-6232ebea55e8,2026-03-12T13:08:06.738336,Starter Deal - Pulse Digital,266029.35,2026-06-20T16:58:37.738352,0d1a00d8-532c-48b5-a0d5-e8f37068b7e8,2026-01-12T08:55:55.738336,f6c1513d-8b13-441d-98bb-1a986c21400d
fffcd333-2dc9-4135-8df3-020a6323bb2a,7319bb38-0e1a-42a0-a1a3-c170af371232,808ac6fd-086c-41c1-8359-62da967b58e7,16d24799-8270-40ca-9d34-9683e072d57a,04b79c8e-ee4c-4473-b915-16983dec8056,a823f083-5d28-41df-879e-bb9f9fb39864,2026-07-31T15:34:34.738363,Premium Deal - Velocity Labs,200690.17,2026-11-22T20:33:29.738378,0d1a00d8-532c-48b5-a0d5-e8f37068b7e8,2026-07-23T00:50:54.738363,af8ae744-eaf6-49a6-9c7f-4f4aa9e503ee
3849afad-08d9-421d-af57-794aa76f17fc,7319bb38-0e1a-42a0-a1a3-c170af371232,802578c3-dcd9-49fd-89d7-111dd3c68ae5,83589f6c-f29a-4d80-a3b7-7523fb0b27d3,04b79c8e-ee4c-4473-b915-16983dec8056,6521490a-9cae-428c-8686-0438bf8aeb68,2026-07-05T15:40:49.738389,Custom Deal - BlueShift Labs,436780.94,2026-08-13T00:45:31.738404,38b1938d-3cd4-479f-8f9c-d5fc4c1dd8fd,2026-06-28T12:03:42.738389,0d1a00d8-532c-48b5-a0d5-e8f37068b7e8
b992e6f3-31ac-4dda-aa25-a49979adec8e,7319bb38-0e1a-42a0-a1a3-c170af371232,6fb9bfa3-8b59-45bc-bdcb-36ddb09cf6e4,de5a0ef7-5873-4964-9179-be5a04cdd814,04b79c8e-ee4c-4473-b915-16983dec8056,a823f083-5d28-41df-879e-bb9f9fb39864,2026-06-20T10:11:51.738415,Starter Deal - Bronze Gate,310270.06,2026-09-27T17:15:38.738430,638bfc6a-5a8b-4bf8-9f66-0c0d0744f19a,2026-04-07T05:14:02.738415,0d1a00d8-532c-48b5-a0d5-e8f37068b7e8
f02d4f4b-3655-4779-9b59-53e423198bb4,7319bb38-0e1a-42a0-a1a3-c170af371232,,2a7a9439-e288-4c5f-9d70-757e2dd3a56d,04b79c8e-ee4c-4473-b915-16983dec8056,6521490a-9cae-428c-8686-0438bf8aeb68,2026-07-26T10:42:46.738439,Enterprise Deal - Forge Industries,245117.59,2026-12-14T13:28:33.738455,ba4c6a8d-6e78-4532-82ad-fccefbf8ab96,2026-02-08T02:20:22.738439,638bfc6a-5a8b-4bf8-9f66-0c0d0744f19a
d97328dc-f938-435e-bbd0-b751b0894382,7319bb38-0e1a-42a0-a1a3-c170af371232,47d325e3-59d2-495a-ad3e-f774f48e7a3e,8863caad-291d-45f7-9b2e-d21c7cb8e958,04b79c8e-ee4c-4473-b915-16983dec8056,a823f083-5d28-41df-879e-bb9f9fb39864,2026-06-28T19:41:54.738465,Premium Deal - Velocity Labs,290270.51,2026-12-05T17:35:49.738481,f6c1513d-8b13-441d-98bb-1a986c21400d,2025-10-21T05:53:22.738465,af8e7df9-9ce7-4499-ab19-610e813af04b
8eb49ea5-6c62-4bfa-a234-a907b4b4931b,7319bb38-0e1a-42a0-a1a3-c170af371232,35bdea91-c1e4-4b60-8266-09ad57664a50,24c2385f-c94d-4488-a921-750377fcddb8,04b79c8e-ee4c-4473-b915-16983dec8056,c7ffe30e-ebfe-4810-83f4-206c3287d9de,2026-01-14T09:34:20.738495,Enterprise Deal - IronClad Security,401564.19,2026-06-28T22:50:29.738511,af8e7df9-9ce7-4499-ab19-610e813af04b,2025-09-03T04:51:33.738495,5b11e466-caa2-4b0d-ad40-becd33c6cbc2
e1dbd9b6-b67d-440b-913b-c56dcc936d10,7319bb38-0e1a-42a0-a1a3-c170af371232,ec05d20b-b361-4782-835e-739a3b704d54,9379c0b2-b2f4-446e-bdcf-fa312506a448,04b79c8e-ee4c-4473-b915-16983dec8056,c7ffe30e-ebfe-4810-83f4-206c3287d9de,2026-07-23T22:13:42.738522,Premium Deal - Coral Health,136121.25,2026-04-29T23:23:08.738537,8ae3dae5-38cd-4160-84ef-5c590af0066c,2025-09-14T11:12:31.738522,638bfc6a-5a8b-4bf8-9f66-0c0d0744f19a
73578367-c3a0-41f5-a1a3-4027c9412f1e,7319bb38-0e1a-42a0-a1a3-c170af371232,53ecf042-15ef-4b89-b9bc-cee256eaed35,dc857e49-4db2-4daa-8645-82c032525502,04b79c8e-ee4c-4473-b915-16983dec8056,6521490a-9cae-428c-8686-0438bf8aeb68,2026-07-01T01:33:57.738552,Premium Deal - Nimbus Networks,491724.09,2026-09-24T02:55:01.738567,38b1938d-3cd4-479f-8f9c-d5fc4c1dd8fd,2026-06-15T14:04:24.738552,a3b11eec-7159-4649-ad03-75eeb3c9b04f
0601410c-e0d2-4ba9-9693-3ffecb835e2e,7319bb38-0e1a-42a0-a1a3-c170af371232,,5e81fa8f-23e2-4c1b-9179-58bb6bf3d99c,04b79c8e-ee4c-4473-b915-16983dec8056,897f5d2f-3160-42b5-aec4-63761a6aee1a,2026-07-07T14:07:26.738577,Premium Deal - Zenith Partners,98457.03,2026-12-15T17:52:38.738592,f6c1513d-8b13-441d-98bb-1a986c21400d,2026-02-02T16:16:20.738577,ba4c6a8d-6e78-4532-82ad-fccefbf8ab96
d7a20127-6a6e-43a2-b2f8-f470f78e9af4,7319bb38-0e1a-42a0-a1a3-c170af371232,46057492-5f6e-4441-8118-72b1fb90ffa2,4c5316ed-8dc1-49ee-add2-cde0c1ff8991,04b79c8e-ee4c-4473-b915-16983dec8056,a823f083-5d28-41df-879e-bb9f9fb39864,2026-02-11T14:33:34.738603,Custom Deal - Zenith Partners,321212.26,2026-09-09T11:12:05.738618,0d1a00d8-532c-48b5-a0d5-e8f37068b7e8,2025-10-17T10:15:15.738603,638bfc6a-5a8b-4bf8-9f66-0c0d0744f19a
27321c25-488e-4d7a-a239-e80641bbd855,7319bb38-0e1a-42a0-a1a3-c170af371232,,8a9f0f64-7b1e-47e3-8f2c-40b6ac2426f5,04b79c8e-ee4c-4473-b915-16983dec8056,c7ffe30e-ebfe-4810-83f4-206c3287d9de,2026-05-22T14:33:39.738628,Growth Deal - Pearl Analytics,67551.79,2026-04-22T00:29:42.738648,aabd8828-4992-4138-a82c-82d2ace3e408,2026-05-03T05:45:07.738628,5b11e466-caa2-4b0d-ad40-becd33c6cbc2
fbcd4db0-9fef-4913-9038-d05270324c4c,7319bb38-0e1a-42a0-a1a3-c170af371232,45094540-4188-4a6e-91b2-72fc8a927afe,,04b79c8e-ee4c-4473-b915-16983dec8056,924d181f-d0a7-4fc0-b892-6232ebea55e8,2026-02-19T05:49:11.738658,Custom Deal - Prism Technologies,314285.75,2026-07-26T12:46:30.738674,968afaab-9fc3-43d8-aea9-de1b0845fb8c,2026-01-12T20:32:13.738658,38b1938d-3cd4-479f-8f9c-d5fc4c1dd8fd
6a655ad7-3b6f-4dff-9795-467962d45349,7319bb38-0e1a-42a0-a1a3-c170af371232,eb738aee-ef90-40e6-8ac6-a3c181c47c99,,04b79c8e-ee4c-4473-b915-16983dec8056,924d181f-d0a7-4fc0-b892-6232ebea55e8,2026-04-27T03:38:36.738684,Premium Deal - ClearView Corp,213523.7,2026-07-08T12:40:59.738699,968afaab-9fc3-43d8-aea9-de1b0845fb8c,2026-04-08T02:49:29.738684,0d1a00d8-532c-48b5-a0d5-e8f37068b7e8
b4e06a7c-4ce5-4343-b6bf-6210cb4f6e3e,7319bb38-0e1a-42a0-a1a3-c170af371232,,,04b79c8e-ee4c-4473-b915-16983dec8056,6521490a-9cae-428c-8686-0438bf8aeb68,2026-06-30T20:28:32.738709,Enterprise Deal - SilverLine Corp,489733.66,2026-12-14T18:27:55.738723,ba4c6a8d-6e78-4532-82ad-fccefbf8ab96,2025-09-04T07:36:55.738709,a3b11eec-7159-4649-ad03-75eeb3c9b04f
76273eda-5b9c-496d-be6c-d09962774f11,7319bb38-0e1a-42a0-a1a3-c170af371232,,,04b79c8e-ee4c-4473-b915-16983dec8056,c7ffe30e-ebfe-4810-83f4-206c3287d9de,2026-03-02T13:39:22.738735,Enterprise Deal - Ember Labs,364836.16,2026-07-18T10:38:11.738772,638bfc6a-5a8b-4bf8-9f66-0c0d0744f19a,2025-11-21T22:23:47.738735,38b1938d-3cd4-479f-8f9c-d5fc4c1dd8fd
3c056fb9-f6aa-4e28-a46c-c4bd5163bbc6,7319bb38-0e1a-42a0-a1a3-c170af371232,,83f06350-d1eb-4c7d-9fbe-86368e9f97cf,04b79c8e-ee4c-4473-b915-16983dec8056,a823f083-5d28-41df-879e-bb9f9fb39864,2026-05-28T16:55:10.738782,Starter Deal - Prism Technologies,266964.36,2026-09-01T18:10:04.738798,aabd8828-4992-4138-a82c-82d2ace3e408,2025-12-03T04:14:08.738782,af8e7df9-9ce7-4499-ab19-610e813af04b
5aae4e10-d940-4c5a-bc3c-db52500d0a66,7319bb38-0e1a-42a0-a1a3-c170af371232,2a802a06-8eb3-4a27-bc78-acab7f1e5423,,04b79c8e-ee4c-4473-b915-16983dec8056,6521490a-9cae-428c-8686-0438bf8aeb68,2026-05-21T05:30:55.738809,Growth Deal - Onyx Data,64994.19,2027-01-24T21:19:15.738832,a3b11eec-7159-4649-ad03-75eeb3c9b04f,2026-02-08T13:14:34.738809,f6c1513d-8b13-441d-98bb-1a986c21400d
57809381-0939-4876-9d46-e292447e7db8,7319bb38-0e1a-42a0-a1a3-c170af371232,9277296c-1d7e-41be-9b55-88e99af8d2ff,,04b79c8e-ee4c-4473-b915-16983dec8056,6521490a-9cae-428c-8686-0438bf8aeb68,2026-06-03T02:34:52.738846,Growth Deal - SwiftScale,470751.36,2027-02-03T06:26:02.738862,f6c1513d-8b13-441d-98bb-1a986c21400d,2026-04-28T18:31:51.738846,fd2fd60f-404e-41a6-95e7-9a06e7913261
eecdadc6-4c15-4afb-b64c-d2cd6decfef9,7319bb38-0e1a-42a0-a1a3-c170af371232,c48824bb-7eb4-4ad6-bb85-a1f3b53fd954,,04b79c8e-ee4c-4473-b915-16983dec8056,a823f083-5d28-41df-879e-bb9f9fb39864,2026-06-23T21:02:31.738872,Enterprise Deal - Catalyst Group,44369.11,2027-02-02T17:19:58.738888,0d1a00d8-532c-48b5-a0d5-e8f37068b7e8,2026-05-29T11:58:31.738872,a3b11eec-7159-4649-ad03-75eeb3c9b04f
828215a6-8ab8-4983-acff-9a1ab16301e8,7319bb38-0e1a-42a0-a1a3-c170af371232,e8245351-e33a-46f7-b0b1-f8d30e443003,,04b79c8e-ee4c-4473-b915-16983dec8056,897f5d2f-3160-42b5-aec4-63761a6aee1a,2026-05-12T00:00:48.738898,Starter Deal - IronClad Security,476294.44,2026-08-13T20:35:53.738919,aabd8828-4992-4138-a82c-82d2ace3e408,2026-04-26T06:56:12.738898,968afaab-9fc3-43d8-aea9-de1b0845fb8c
8dfa5ac6-19c7-472b-8fe1-7e0efa43e541,7319bb38-0e1a-42a0-a1a3-c170af371232,b2a7d953-629e-498c-ba91-5cbb59aeb6dd,,04b79c8e-ee4c-4473-b915-16983dec8056,6521490a-9cae-428c-8686-0438bf8aeb68,2026-05-02T00:16:00.738930,Custom Deal - Amber Industries,29649.63,2026-09-06T06:14:19.738946,eaf0989b-5b56-4b72-9a32-2711e9c394ff,2025-08-14T22:55:55.738930,eaf0989b-5b56-4b72-9a32-2711e9c394ff
1f900dee-9b2e-4dc7-a7a9-f77f0caf22cf,7319bb38-0e1a-42a0-a1a3-c170af371232,72103494-c102-4941-b4c4-e1c0cffebce6,84f2a11e-d30c-4d21-910b-d745a02a8f6a,04b79c8e-ee4c-4473-b915-16983dec8056,1bd1b098-4e87-4258-8b67-54c76c74599a,2026-07-12T21:31:21.738956,Custom Deal - Apex Health,263628.75,2026-11-12T05:34:03.738972,a3b11eec-7159-4649-ad03-75eeb3c9b04f,2026-05-23T22:37:19.738956,ba4c6a8d-6e78-4532-82ad-fccefbf8ab96
af182302-3828-43e7-b6c9-73b2f53de698,7319bb38-0e1a-42a0-a1a3-c170af371232,133866e7-9d3c-42a4-9d67-dd2c581dd38c,,04b79c8e-ee4c-4473-b915-16983dec8056,1bd1b098-4e87-4258-8b67-54c76c74599a,2026-07-13T02:01:42.738982,Custom Deal - Forge Industries,184018.91,2026-11-23T08:00:53.738997,638bfc6a-5a8b-4bf8-9f66-0c0d0744f19a,2025-12-05T08:14:27.738982,f6c1513d-8b13-441d-98bb-1a986c21400d
3e5ac805-aeec-480c-a0ed-30cfb88612f4,7319bb38-0e1a-42a0-a1a3-c170af371232,,,04b79c8e-ee4c-4473-b915-16983dec8056,924d181f-d0a7-4fc0-b892-6232ebea55e8,2026-07-18T12:30:45.739007,Custom Deal - RedRock Ventures,21982.87,2026-05-24T07:16:26.739022,38b1938d-3cd4-479f-8f9c-d5fc4c1dd8fd,2026-06-03T15:15:12.739007,fd2fd60f-404e-41a6-95e7-9a06e7913261
16666f22-c11b-4f3f-ab87-570bf7435f2b,7319bb38-0e1a-42a0-a1a3-c170af371232,972dcf26-cd3d-4340-b3f0-41f6a7c571f5,cbd5bf4f-ae9c-4de4-aa39-c55ab8bacb83,04b79c8e-ee4c-4473-b915-16983dec8056,924d181f-d0a7-4fc0-b892-6232ebea55e8,2026-07-05T21:55:27.739033,Enterprise Deal - Iron Mountain,493591.32,2026-07-16T14:27:48.739049,968afaab-9fc3-43d8-aea9-de1b0845fb8c,2026-01-10T16:44:25.739033,eaf0989b-5b56-4b72-9a32-2711e9c394ff
f8871d11-5f06-4f83-ac64-243c8d066f83,7319bb38-0e1a-42a0-a1a3-c170af371232,f83c1f39-5d57-4880-8632-928b17f5391e,6dbf0b5a-edc7-46cb-ae58-6315aefec56f,04b79c8e-ee4c-4473-b915-16983dec8056,a823f083-5d28-41df-879e-bb9f9fb39864,2026-06-20T08:17:56.739059,Enterprise Deal - Fusion Analytics,43314.14,2027-02-01T23:14:30.739075,a3b11eec-7159-4649-ad03-75eeb3c9b04f,2025-12-31T02:17:05.739059,ba4c6a8d-6e78-4532-82ad-fccefbf8ab96
f3e5c748-196b-49a8-8580-b6f148cbff53,7319bb38-0e1a-42a0-a1a3-c170af371232,27b29709-48f6-491a-abd6-aeb8b62da4d1,,04b79c8e-ee4c-4473-b915-16983dec8056,897f5d2f-3160-42b5-aec4-63761a6aee1a,2026-03-12T13:31:53.739085,Custom Deal - IronClad Security,274120.3,2026-12-10T18:25:56.739100,38b1938d-3cd4-479f-8f9c-d5fc4c1dd8fd,2026-02-28T01:03:08.739085,ba4c6a8d-6e78-4532-82ad-fccefbf8ab96
3c406a72-7391-4a4f-b6dd-92c0789cdbed,7319bb38-0e1a-42a0-a1a3-c170af371232,,5cb9a2ec-b302-4967-ab43-a9a08283c1ad,04b79c8e-ee4c-4473-b915-16983dec8056,c7ffe30e-ebfe-4810-83f4-206c3287d9de,2026-07-22T20:10:26.739114,Premium Deal - Golden Ratio,291866.39,2026-07-04T09:19:25.739129,38b1938d-3cd4-479f-8f9c-d5fc4c1dd8fd,2026-04-12T21:15:16.739114,638bfc6a-5a8b-4bf8-9f66-0c0d0744f19a
570af650-d13c-4ac8-af82-63c9e5898b6f,7319bb38-0e1a-42a0-a1a3-c170af371232,ada9b03f-63dc-4dee-a71a-2992d28d8dce,e25fe506-55b4-4710-b506-ab6b51ec95e2,04b79c8e-ee4c-4473-b915-16983dec8056,6521490a-9cae-428c-8686-0438bf8aeb68,2026-07-31T06:38:05.739140,Enterprise Deal - Sapphire Tech,427334.64,2026-10-09T08:18:18.739158,8ae3dae5-38cd-4160-84ef-5c590af0066c,2026-07-28T18:48:10.739140,fd2fd60f-404e-41a6-95e7-9a06e7913261
e52e5015-4d93-4a20-b3b6-3a307000141b,7319bb38-0e1a-42a0-a1a3-c170af371232,8f6bde82-8f4f-405e-af2b-37e02529025c,c8eac6f0-978b-487f-8b64-72f980846f5a,04b79c8e-ee4c-4473-b915-16983dec8056,a823f083-5d28-41df-879e-bb9f9fb39864,2026-05-27T14:23:41.739169,Enterprise Deal - SilverLine Corp,449938.86,2026-10-14T21:52:57.739184,0d1a00d8-532c-48b5-a0d5-e8f37068b7e8,2026-05-04T19:32:56.739169,8ae3dae5-38cd-4160-84ef-5c590af0066c
27910699-7a65-48c7-a8ae-06ec690e4d1b,7319bb38-0e1a-42a0-a1a3-c170af371232,,8e47ca5c-8d7e-44e4-b66c-16d73529d858,04b79c8e-ee4c-4473-b915-16983dec8056,1bd1b098-4e87-4258-8b67-54c76c74599a,2026-02-24T19:52:05.739194,Starter Deal - Topaz Digital,104647.96,2027-01-08T19:53:56.739209,8ae3dae5-38cd-4160-84ef-5c590af0066c,2025-11-25T07:20:34.739194,ba4c6a8d-6e78-4532-82ad-fccefbf8ab96
d0fc4a1e-6d34-41ec-9cc0-c4a78419ba2c,7319bb38-0e1a-42a0-a1a3-c170af371232,571fd655-1d28-4116-86bc-8875ae451a28,8e47ca5c-8d7e-44e4-b66c-16d73529d858,04b79c8e-ee4c-4473-b915-16983dec8056,924d181f-d0a7-4fc0-b892-6232ebea55e8,2026-06-06T01:28:19.739220,Premium Deal - Ember Labs,391414.96,2026-06-24T07:15:47.739235,8ae3dae5-38cd-4160-84ef-5c590af0066c,2026-03-24T15:51:08.739220,5b11e466-caa2-4b0d-ad40-becd33c6cbc2
96bee9ce-1705-49f7-8871-20a6fb761eda,7319bb38-0e1a-42a0-a1a3-c170af371232,0cd26cbe-fb86-42b8-a2d9-f057592d0fbc,,04b79c8e-ee4c-4473-b915-16983dec8056,c7ffe30e-ebfe-4810-83f4-206c3287d9de,2026-06-16T07:22:47.739245,Starter Deal - Quantum Dynamics,488443.54,2026-06-13T19:34:06.739264,96bb061b-9355-4d14-bab8-c5b59a63ac2a,2025-08-12T06:29:13.739245,af8e7df9-9ce7-4499-ab19-610e813af04b
05c43a4f-0869-40d0-9aad-3d559cf1e269,7319bb38-0e1a-42a0-a1a3-c170af371232,5349a3b7-bb51-4b67-95be-b8a51eb0f525,b9ab76b5-9fc6-463c-8a6f-589448ae5992,04b79c8e-ee4c-4473-b915-16983dec8056,897f5d2f-3160-42b5-aec4-63761a6aee1a,2026-08-02T21:28:16.739275,Growth Deal - Platinum Partners,468833.1,2026-12-22T07:00:58.739290,5b11e466-caa2-4b0d-ad40-becd33c6cbc2,2026-07-28T01:37:16.739275,fd2fd60f-404e-41a6-95e7-9a06e7913261
a5cae9ed-fac5-41a6-911c-7c4259183a68,7319bb38-0e1a-42a0-a1a3-c170af371232,54d66c8e-0bed-4eb0-aaaf-36ddbb832a94,,04b79c8e-ee4c-4473-b915-16983dec8056,897f5d2f-3160-42b5-aec4-63761a6aee1a,2026-07-30T19:54:54.739301,Custom Deal - Ruby Software,187136.97,2027-01-28T22:55:07.739316,ba4c6a8d-6e78-4532-82ad-fccefbf8ab96,2026-07-11T16:17:17.739301,eaf0989b-5b56-4b72-9a32-2711e9c394ff
7691fa0f-87ec-4e89-9140-d081436965d1,7319bb38-0e1a-42a0-a1a3-c170af371232,,f90cc863-ed38-4d6f-82f8-a3f91ce89384,04b79c8e-ee4c-4473-b915-16983dec8056,a823f083-5d28-41df-879e-bb9f9fb39864,2026-06-30T01:12:30.739326,Custom Deal - Topaz Digital,35544.71,2027-01-11T19:27:44.739340,638bfc6a-5a8b-4bf8-9f66-0c0d0744f19a,2026-06-17T08:52:13.739326,f6c1513d-8b13-441d-98bb-1a986c21400d
1b263512-33b3-44ba-adbc-b34afad4ca74,7319bb38-0e1a-42a0-a1a3-c170af371232,23d33f7e-af0c-4f94-85c9-3941a3e23a51,69edc368-e348-4acd-9c94-208bdc331bf6,04b79c8e-ee4c-4473-b915-16983dec8056,a823f083-5d28-41df-879e-bb9f9fb39864,2026-02-23T14:40:40.739351,Custom Deal - Atlas Computing,100971.23,2026-09-25T16:43:24.739367,f6c1513d-8b13-441d-98bb-1a986c21400d,2025-10-01T19:22:21.739351,638bfc6a-5a8b-4bf8-9f66-0c0d0744f19a
3e96b89d-8e0b-4692-a14f-9b39fb23d29c,7319bb38-0e1a-42a0-a1a3-c170af371232,,9379c0b2-b2f4-446e-bdcf-fa312506a448,04b79c8e-ee4c-4473-b915-16983dec8056,897f5d2f-3160-42b5-aec4-63761a6aee1a,2026-06-14T13:48:19.739403,Custom Deal - Crystal Clear,56040.81,2026-09-04T00:21:10.739419,968afaab-9fc3-43d8-aea9-de1b0845fb8c,2026-04-18T14:17:25.739403,0d1a00d8-532c-48b5-a0d5-e8f37068b7e8
1813df03-613c-42a0-902d-13709a630033,7319bb38-0e1a-42a0-a1a3-c170af371232,f70fd6f5-8dcf-4e86-a101-22e693083acf,c8eac6f0-978b-487f-8b64-72f980846f5a,04b79c8e-ee4c-4473-b915-16983dec8056,897f5d2f-3160-42b5-aec4-63761a6aee1a,2026-03-16T00:38:53.739429,Premium Deal - IronClad Security,454247.04,2026-10-12T11:51:35.739445,96bb061b-9355-4d14-bab8-c5b59a63ac2a,2025-12-28T05:24:39.739429,5b11e466-caa2-4b0d-ad40-becd33c6cbc2
e078120c-ea0c-4be8-878a-0c3f0f509fbc,7319bb38-0e1a-42a0-a1a3-c170af371232,42c68496-d3cc-41e6-9827-3375aa00b91d,,04b79c8e-ee4c-4473-b915-16983dec8056,924d181f-d0a7-4fc0-b892-6232ebea55e8,2026-07-21T05:40:21.739455,Premium Deal - Nimbus Networks,335824.47,2026-04-25T21:09:07.739470,8ae3dae5-38cd-4160-84ef-5c590af0066c,2026-05-25T01:32:04.739455,5b11e466-caa2-4b0d-ad40-becd33c6cbc2
46ecde33-6439-468e-8900-dfec16efa9e4,7319bb38-0e1a-42a0-a1a3-c170af371232,4ed9571a-0444-4262-964c-fbd265372f8f,eefe4750-7214-4035-a082-3b5fad2af2b1,04b79c8e-ee4c-4473-b915-16983dec8056,a823f083-5d28-41df-879e-bb9f9fb39864,2026-03-18T20:20:15.739480,Premium Deal - Prism Technologies,228742.78,2026-11-18T05:51:24.739495,38b1938d-3cd4-479f-8f9c-d5fc4c1dd8fd,2025-08-22T02:18:34.739480,638bfc6a-5a8b-4bf8-9f66-0c0d0744f19a
fd576245-5fdb-47ac-8b33-31c18921e6f9,7319bb38-0e1a-42a0-a1a3-c170af371232,60a66d25-0f01-44e2-8fad-b4dfc9d13dd8,8040b766-cc52-450c-83c2-a805791e3ade,04b79c8e-ee4c-4473-b915-16983dec8056,897f5d2f-3160-42b5-aec4-63761a6aee1a,2026-07-29T23:51:39.739506,Growth Deal - Crystal Clear,220286.94,2026-12-26T18:28:53.739521,eaf0989b-5b56-4b72-9a32-2711e9c394ff,2026-06-23T07:46:27.739506,638bfc6a-5a8b-4bf8-9f66-0c0d0744f19a
7a5a31e2-3519-4dca-ae0a-31e869b3c2e6,7319bb38-0e1a-42a0-a1a3-c170af371232,e33fbf26-0df6-4f15-85d3-80733920dac7,01f4d583-87d5-455a-8340-45a6c95b98c2,04b79c8e-ee4c-4473-b915-16983dec8056,6521490a-9cae-428c-8686-0438bf8aeb68,2026-05-29T02:27:53.739532,Starter Deal - DataFlow Systems,4949.39,2026-09-17T22:34:41.739613,fd2fd60f-404e-41a6-95e7-9a06e7913261,2026-05-10T16:50:49.739532,a3b11eec-7159-4649-ad03-75eeb3c9b04f
7fc0e8ae-4dec-4e25-bffe-3902de34040e,7319bb38-0e1a-42a0-a1a3-c170af371232,,6d672438-1cac-4d94-983b-009859fab19d,04b79c8e-ee4c-4473-b915-16983dec8056,897f5d2f-3160-42b5-aec4-63761a6aee1a,2026-04-21T20:19:18.739624,Enterprise Deal - NexGen Software,249506.83,2026-12-09T07:11:54.739639,af8e7df9-9ce7-4499-ab19-610e813af04b,2025-08-28T11:13:17.739624,38b1938d-3cd4-479f-8f9c-d5fc4c1dd8fd
62be7851-8e3a-4696-ae18-eaadcfada06d,7319bb38-0e1a-42a0-a1a3-c170af371232,eeed25d7-bbfa-48b0-918f-40164cf467b3,,04b79c8e-ee4c-4473-b915-16983dec8056,c7ffe30e-ebfe-4810-83f4-206c3287d9de,2026-06-20T14:57:50.739658,Custom Deal - Sterling Finance,375682.38,2026-05-10T05:12:25.739674,aabd8828-4992-4138-a82c-82d2ace3e408,2025-11-10T14:24:08.739658,f6c1513d-8b13-441d-98bb-1a986c21400d
6db51115-b385-411a-94b8-70a36ce34fe0,7319bb38-0e1a-42a0-a1a3-c170af371232,42de0523-c7b2-4264-822f-f62c4e171a47,e2569362-1dda-467b-8929-f9b185aaf120,04b79c8e-ee4c-4473-b915-16983dec8056,6521490a-9cae-428c-8686-0438bf8aeb68,2026-06-05T21:04:58.739685,Growth Deal - Catalyst Group,376819.45,2026-09-24T16:46:49.739700,af8ae744-eaf6-49a6-9c7f-4f4aa9e503ee,2026-03-12T12:01:31.739685,38b1938d-3cd4-479f-8f9c-d5fc4c1dd8fd
8ca4a794-4766-4322-9058-9cd5d97f715f,7319bb38-0e1a-42a0-a1a3-c170af371232,,44896739-5786-4576-9031-41916a1f7a12,04b79c8e-ee4c-4473-b915-16983dec8056,924d181f-d0a7-4fc0-b892-6232ebea55e8,2026-04-24T10:44:43.739718,Premium Deal - Sapphire Tech,358345.43,2026-07-06T13:41:28.739734,0d1a00d8-532c-48b5-a0d5-e8f37068b7e8,2025-10-04T11:25:18.739718,f6c1513d-8b13-441d-98bb-1a986c21400d
dd753ff5-f2e3-406b-a9b3-641c8bafee9b,7319bb38-0e1a-42a0-a1a3-c170af371232,,57f12e67-2f19-4a9c-a140-dfc575cfe0f6,04b79c8e-ee4c-4473-b915-16983dec8056,6521490a-9cae-428c-8686-0438bf8aeb68,2026-05-02T11:15:48.739747,Enterprise Deal - Opal Solutions,421605.41,2026-10-21T13:22:00.739839,38b1938d-3cd4-479f-8f9c-d5fc4c1dd8fd,2026-01-08T18:57:57.739747,0d1a00d8-532c-48b5-a0d5-e8f37068b7e8
2829163f-33e4-4cd1-a931-91c5435fcc36,7319bb38-0e1a-42a0-a1a3-c170af371232,,61fae7b4-a1af-45ad-bdac-fe5195e4631a,04b79c8e-ee4c-4473-b915-16983dec8056,1bd1b098-4e87-4258-8b67-54c76c74599a,2026-08-06T16:47:09.739857,Premium Deal - Bronze Gate,488649.65,2026-09-26T14:50:20.739880,aabd8828-4992-4138-a82c-82d2ace3e408,2026-08-04T11:26:53.739857,968afaab-9fc3-43d8-aea9-de1b0845fb8c
e0ac22e6-af79-40a1-ac11-7831b0e00f5d,7319bb38-0e1a-42a0-a1a3-c170af371232,,8a9f0f64-7b1e-47e3-8f2c-40b6ac2426f5,04b79c8e-ee4c-4473-b915-16983dec8056,a823f083-5d28-41df-879e-bb9f9fb39864,2026-05-30T17:00:39.739891,Premium Deal - RedRock Ventures,134485.74,2027-01-09T03:56:08.739907,aabd8828-4992-4138-a82c-82d2ace3e408,2026-02-18T05:56:54.739891,a3b11eec-7159-4649-ad03-75eeb3c9b04f
35aa25b0-d1ea-4974-87a4-42e7b2818810,7319bb38-0e1a-42a0-a1a3-c170af371232,df6424fe-e7a7-4a06-b015-f8d41dc0955e,,04b79c8e-ee4c-4473-b915-16983dec8056,a823f083-5d28-41df-879e-bb9f9fb39864,2026-06-14T17:07:49.739918,Growth Deal - SilverLine Corp,311522.25,2026-10-31T14:21:17.739934,a3b11eec-7159-4649-ad03-75eeb3c9b04f,2026-03-23T15:25:16.739918,af8e7df9-9ce7-4499-ab19-610e813af04b
38a646fe-daeb-49b5-87fd-01afa3f6dc70,7319bb38-0e1a-42a0-a1a3-c170af371232,8fe02fba-62df-4d71-ae20-87b773f09eee,,04b79c8e-ee4c-4473-b915-16983dec8056,a823f083-5d28-41df-879e-bb9f9fb39864,2026-07-30T21:25:57.739944,Premium Deal - Platinum Partners,473828.32,2026-10-16T05:18:28.739964,af8e7df9-9ce7-4499-ab19-610e813af04b,2026-07-14T15:19:00.739944,f6c1513d-8b13-441d-98bb-1a986c21400d
f4d70254-1eb0-4fd7-bc5f-332bb7f3b3f9,7319bb38-0e1a-42a0-a1a3-c170af371232,,,04b79c8e-ee4c-4473-b915-16983dec8056,c7ffe30e-ebfe-4810-83f4-206c3287d9de,2026-06-22T20:22:03.739974,Enterprise Deal - Forge Industries,304825.99,2026-05-27T13:27:54.739993,0d1a00d8-532c-48b5-a0d5-e8f37068b7e8,2025-09-04T04:00:53.739974,38b1938d-3cd4-479f-8f9c-d5fc4c1dd8fd
d12f04c6-7adc-4b6d-914d-d2ebb76fab3d,7319bb38-0e1a-42a0-a1a3-c170af371232,1e1fc028-6ed7-424f-ad05-de471ba9d411,,04b79c8e-ee4c-4473-b915-16983dec8056,1bd1b098-4e87-4258-8b67-54c76c74599a,2026-07-20T18:10:52.740003,Enterprise Deal - EverGreen Solutions,42321.61,2026-09-17T06:23:36.740018,f6c1513d-8b13-441d-98bb-1a986c21400d,2026-01-04T15:32:30.740003,0d1a00d8-532c-48b5-a0d5-e8f37068b7e8
7ff62c0e-bd59-4a2d-bd54-d73780e41e84,7319bb38-0e1a-42a0-a1a3-c170af371232,d33a251c-9fb5-40cd-bda3-c22d33c839aa,,04b79c8e-ee4c-4473-b915-16983dec8056,897f5d2f-3160-42b5-aec4-63761a6aee1a,2026-02-11T20:36:19.740028,Starter Deal - Silver Stream,322713.74,2026-10-22T02:18:36.740044,38b1938d-3cd4-479f-8f9c-d5fc4c1dd8fd,2025-10-21T05:35:33.740028,eaf0989b-5b56-4b72-9a32-2711e9c394ff
d6f3a855-2556-42c6-943e-dda888dcfbfb,7319bb38-0e1a-42a0-a1a3-c170af371232,cfd3ce75-210e-4c17-bdaf-65cfd7f20b74,56351de4-2ee1-4bd1-be46-b4b502db900c,04b79c8e-ee4c-4473-b915-16983dec8056,1bd1b098-4e87-4258-8b67-54c76c74599a,2026-03-02T07:56:54.740055,Growth Deal - NexGen Software,84016.25,2026-10-02T07:36:53.740070,fd2fd60f-404e-41a6-95e7-9a06e7913261,2025-12-29T13:45:22.740055,0d1a00d8-532c-48b5-a0d5-e8f37068b7e8
387e04a0-e752-455b-8780-37d4aa3c894a,7319bb38-0e1a-42a0-a1a3-c170af371232,,,04b79c8e-ee4c-4473-b915-16983dec8056,1bd1b098-4e87-4258-8b67-54c76c74599a,2026-07-05T07:05:45.740080,Starter Deal - Sapphire Tech,147703.56,2026-09-29T07:29:55.740094,a3b11eec-7159-4649-ad03-75eeb3c9b04f,2025-08-30T14:43:16.740080,5b11e466-caa2-4b0d-ad40-becd33c6cbc2
9960bb50-d0b7-468e-8382-201c333a2d67,7319bb38-0e1a-42a0-a1a3-c170af371232,cf97a96e-3253-43ce-a9d0-c2ff441bf5b1,,04b79c8e-ee4c-4473-b915-16983dec8056,a823f083-5d28-41df-879e-bb9f9fb39864,2026-07-24T09:49:19.740110,Enterprise Deal - Ruby Software,410534.35,2026-10-09T21:43:36.740126,f6c1513d-8b13-441d-98bb-1a986c21400d,2026-05-10T11:23:44.740110,af8ae744-eaf6-49a6-9c7f-4f4aa9e503ee
029974b9-d1ce-42e4-80a4-1e388d4afd6c,7319bb38-0e1a-42a0-a1a3-c170af371232,cb298ef8-1d4d-4519-aae9-3657b1a26bc1,,04b79c8e-ee4c-4473-b915-16983dec8056,1bd1b098-4e87-4258-8b67-54c76c74599a,2026-05-29T17:43:56.740136,Custom Deal - NexGen Software,59886.77,2027-01-09T05:23:24.740155,fd2fd60f-404e-41a6-95e7-9a06e7913261,2025-11-16T03:41:40.740136,a3b11eec-7159-4649-ad03-75eeb3c9b04f
302d3433-bc6c-4af7-abf0-2900ec36b3ae,7319bb38-0e1a-42a0-a1a3-c170af371232,9cdbb175-3211-4a56-9d96-973b61d2f2df,,04b79c8e-ee4c-4473-b915-16983dec8056,897f5d2f-3160-42b5-aec4-63761a6aee1a,2026-05-14T20:00:20.740165,Premium Deal - Vanguard Systems,104812.29,2027-01-18T00:28:12.740181,96bb061b-9355-4d14-bab8-c5b59a63ac2a,2026-03-26T08:50:09.740165,ba4c6a8d-6e78-4532-82ad-fccefbf8ab96
4a2d4698-9cbe-4913-87e4-e5a489472e7e,7319bb38-0e1a-42a0-a1a3-c170af371232,,,04b79c8e-ee4c-4473-b915-16983dec8056,c7ffe30e-ebfe-4810-83f4-206c3287d9de,2026-07-22T12:36:01.740194,Custom Deal - Apex Health,484497.62,2026-07-23T04:32:20.740210,96bb061b-9355-4d14-bab8-c5b59a63ac2a,2026-07-14T12:28:23.740194,a3b11eec-7159-4649-ad03-75eeb3c9b04f
94c2828a-cc98-47b0-9a9c-da1e6d656d5f,7319bb38-0e1a-42a0-a1a3-c170af371232,,8c0dd002-f93c-4b6b-8fa8-284320101b75,04b79c8e-ee4c-4473-b915-16983dec8056,897f5d2f-3160-42b5-aec4-63761a6aee1a,2026-04-01T01:21:33.740219,Starter Deal - Onyx Data,246016.93,2026-11-16T16:38:03.740234,38b1938d-3cd4-479f-8f9c-d5fc4c1dd8fd,2026-03-20T04:00:42.740219,38b1938d-3cd4-479f-8f9c-d5fc4c1dd8fd
89a99434-56ea-46aa-9944-8764ddc648a5,7319bb38-0e1a-42a0-a1a3-c170af371232,,,04b79c8e-ee4c-4473-b915-16983dec8056,c7ffe30e-ebfe-4810-83f4-206c3287d9de,2025-11-27T17:06:13.740244,Premium Deal - Crystal Corp,471500.16,2026-07-07T19:03:00.740258,eaf0989b-5b56-4b72-9a32-2711e9c394ff,2025-10-19T10:52:06.740244,0d1a00d8-532c-48b5-a0d5-e8f37068b7e8
01af0c4b-799e-4869-93b5-cd03abb1285f,7319bb38-0e1a-42a0-a1a3-c170af371232,8edae8aa-3b1d-4c2b-8bd6-281ae47120ba,,04b79c8e-ee4c-4473-b915-16983dec8056,c7ffe30e-ebfe-4810-83f4-206c3287d9de,2026-02-10T19:34:40.740269,Enterprise Deal - Catalyst Group,34154.04,2026-05-27T15:26:08.740284,af8ae744-eaf6-49a6-9c7f-4f4aa9e503ee,2025-09-30T13:31:44.740269,af8e7df9-9ce7-4499-ab19-610e813af04b
af36fcba-6e8f-4c26-88e9-062a176f247c,7319bb38-0e1a-42a0-a1a3-c170af371232,92a11159-fce0-43ad-9e99-26404d4f71ec,fc4fe67f-929d-4787-a253-0a29d56928c6,04b79c8e-ee4c-4473-b915-16983dec8056,897f5d2f-3160-42b5-aec4-63761a6aee1a,2026-04-24T18:53:06.740295,Growth Deal - Steel Bridge,400989.51,2027-01-31T15:21:06.740310,fd2fd60f-404e-41a6-95e7-9a06e7913261,2026-04-08T17:48:53.740295,aabd8828-4992-4138-a82c-82d2ace3e408
97ab65e7-f3dc-42ec-8215-177ffe20e1ea,7319bb38-0e1a-42a0-a1a3-c170af371232,,b20c8c7e-31da-44e3-ad01-0fc76eee86d8,04b79c8e-ee4c-4473-b915-16983dec8056,924d181f-d0a7-4fc0-b892-6232ebea55e8,2026-05-31T06:58:27.740320,Growth Deal - Crystal Corp,392376.81,2026-04-24T19:36:39.740336,ba4c6a8d-6e78-4532-82ad-fccefbf8ab96,2025-12-26T18:33:02.740320,ba4c6a8d-6e78-4532-82ad-fccefbf8ab96
dd527743-cc3b-4d12-bfc1-4486f705b226,7319bb38-0e1a-42a0-a1a3-c170af371232,c619bd19-f48f-44d2-859c-a7e2689f7dcb,7ed3b82d-ee88-4caa-89ee-2278bed309aa,04b79c8e-ee4c-4473-b915-16983dec8056,924d181f-d0a7-4fc0-b892-6232ebea55e8,2026-07-29T12:12:46.740346,Custom Deal - CloudPeak Analytics,214804.98,2026-05-01T12:51:46.740361,f6c1513d-8b13-441d-98bb-1a986c21400d,2026-06-21T05:24:15.740346,af8ae744-eaf6-49a6-9c7f-4f4aa9e503ee
2055431e-dcca-4fc3-b561-5d26605a0c73,7319bb38-0e1a-42a0-a1a3-c170af371232,,,04b79c8e-ee4c-4473-b915-16983dec8056,a823f083-5d28-41df-879e-bb9f9fb39864,2026-07-23T18:57:05.740374,Starter Deal - Catalyst Group,425234.45,2026-11-29T23:52:12.740389,af8e7df9-9ce7-4499-ab19-610e813af04b,2026-07-05T11:18:47.740374,5b11e466-caa2-4b0d-ad40-becd33c6cbc2
d11e4cc9-4556-4ba3-b521-f3b5901a753e,7319bb38-0e1a-42a0-a1a3-c170af371232,c016c463-ee5d-44d2-ab10-bbe1fa9fa6a7,49fcbbab-a1e1-4778-9c64-c5216c0821a1,04b79c8e-ee4c-4473-b915-16983dec8056,a823f083-5d28-41df-879e-bb9f9fb39864,2026-04-23T06:10:25.740400,Custom Deal - Coral Health,11981.21,2026-08-28T16:42:37.740415,968afaab-9fc3-43d8-aea9-de1b0845fb8c,2026-03-10T21:06:06.740400,0d1a00d8-532c-48b5-a0d5-e8f37068b7e8
6ef6cdb8-3fdb-42a0-a56f-df7bf5b86119,7319bb38-0e1a-42a0-a1a3-c170af371232,,,04b79c8e-ee4c-4473-b915-16983dec8056,897f5d2f-3160-42b5-aec4-63761a6aee1a,2026-06-10T14:53:01.740425,Starter Deal - SwiftScale,154443.73,2027-01-13T00:29:09.740439,5b11e466-caa2-4b0d-ad40-becd33c6cbc2,2026-03-14T21:34:48.740425,f6c1513d-8b13-441d-98bb-1a986c21400d
4dc2c124-ddb6-495a-bdb2-df23a4643bf2,7319bb38-0e1a-42a0-a1a3-c170af371232,ce0a4900-9e7b-4a7f-9ed6-6ff7839b2ff5,c990188c-18fc-4b68-8095-d2954596f48c,04b79c8e-ee4c-4473-b915-16983dec8056,6521490a-9cae-428c-8686-0438bf8aeb68,2026-08-03T08:49:15.740449,Custom Deal - Titan Industries,211147.38,2027-01-22T10:52:13.740465,fd2fd60f-404e-41a6-95e7-9a06e7913261,2026-05-28T09:56:22.740449,638bfc6a-5a8b-4bf8-9f66-0c0d0744f19a
5cc4d84c-c357-4301-ab40-ab6bb1a2faa7,7319bb38-0e1a-42a0-a1a3-c170af371232,,8cda1538-d149-42f0-a420-617458b6eab4,04b79c8e-ee4c-4473-b915-16983dec8056,c7ffe30e-ebfe-4810-83f4-206c3287d9de,2026-06-09T01:21:29.740475,Premium Deal - NovaTech Solutions,194186.82,2026-05-26T12:43:04.740491,638bfc6a-5a8b-4bf8-9f66-0c0d0744f19a,2026-05-19T22:18:58.740475,0d1a00d8-532c-48b5-a0d5-e8f37068b7e8
d5111baa-9b66-44db-92a0-0dffd1af50b4,7319bb38-0e1a-42a0-a1a3-c170af371232,cb21daa9-9373-40e4-b65d-c77767e1d00e,a6c5a365-5620-45be-a79f-2acad1cf8ea2,04b79c8e-ee4c-4473-b915-16983dec8056,897f5d2f-3160-42b5-aec4-63761a6aee1a,2026-07-03T09:24:18.740501,Growth Deal - Coral Health,27420.33,2027-01-18T05:15:06.740516,ba4c6a8d-6e78-4532-82ad-fccefbf8ab96,2026-03-23T02:56:05.740501,af8e7df9-9ce7-4499-ab19-610e813af04b
4a89a4eb-ffe9-41f5-a72c-03cf708acb3b,7319bb38-0e1a-42a0-a1a3-c170af371232,,36f73f44-9498-4d0c-84da-d57b3aeaa848,04b79c8e-ee4c-4473-b915-16983dec8056,6521490a-9cae-428c-8686-0438bf8aeb68,2026-03-26T22:42:38.740526,Premium Deal - Silver Stream,472051.34,2026-12-14T13:04:05.740545,af8ae744-eaf6-49a6-9c7f-4f4aa9e503ee,2025-11-28T02:09:20.740526,af8ae744-eaf6-49a6-9c7f-4f4aa9e503ee
5ccee7f4-1cb2-4c53-9744-fbc67dad7f31,7319bb38-0e1a-42a0-a1a3-c170af371232,cded4ee7-a117-47e2-a0a7-f6f97a9de941,fc9fa1bb-6e79-4c50-a2ee-aafd0ed1fa47,04b79c8e-ee4c-4473-b915-16983dec8056,1bd1b098-4e87-4258-8b67-54c76c74599a,2026-07-19T19:48:41.740556,Custom Deal - Ruby Software,128755.56,2026-11-28T08:34:57.740572,96bb061b-9355-4d14-bab8-c5b59a63ac2a,2025-09-18T05:32:03.740556,af8ae744-eaf6-49a6-9c7f-4f4aa9e503ee
e317b3bc-d503-43fd-b926-e14d39b716c1,7319bb38-0e1a-42a0-a1a3-c170af371232,90c51f62-631d-4f69-90df-f02b66553b37,fc9fa1bb-6e79-4c50-a2ee-aafd0ed1fa47,04b79c8e-ee4c-4473-b915-16983dec8056,1bd1b098-4e87-4258-8b67-54c76c74599a,2026-04-21T03:18:54.740582,Custom Deal - Copper Systems,443730.88,2026-08-21T14:59:55.740598,af8ae744-eaf6-49a6-9c7f-4f4aa9e503ee,2026-02-23T19:29:08.740582,af8ae744-eaf6-49a6-9c7f-4f4aa9e503ee
f120f2a2-febe-4d16-8943-072ff6a19050,7319bb38-0e1a-42a0-a1a3-c170af371232,60de69b0-e36a-4870-8055-3c7e23e949db,6e3a0d47-8b18-42b8-bd55-e047f9daf4f4,04b79c8e-ee4c-4473-b915-16983dec8056,c7ffe30e-ebfe-4810-83f4-206c3287d9de,2025-11-30T16:03:08.740608,Growth Deal - Fusion Analytics,319615.8,2026-06-22T12:10:34.740624,38b1938d-3cd4-479f-8f9c-d5fc4c1dd8fd,2025-09-07T13:17:33.740608,ba4c6a8d-6e78-4532-82ad-fccefbf8ab96
a62bdb97-41a4-4592-a5dc-d1d57291a7be,7319bb38-0e1a-42a0-a1a3-c170af371232,,,04b79c8e-ee4c-4473-b915-16983dec8056,1bd1b098-4e87-4258-8b67-54c76c74599a,2026-01-22T03:59:27.740637,Starter Deal - Crystal Clear,242479.29,2026-11-17T16:39:56.740657,af8ae744-eaf6-49a6-9c7f-4f4aa9e503ee,2026-01-15T01:06:23.740637,638bfc6a-5a8b-4bf8-9f66-0c0d0744f19a
df2e239e-0a9f-4cfe-be16-817b1adce592,7319bb38-0e1a-42a0-a1a3-c170af371232,,2b5153b1-a7d8-4f20-9033-c1369cd9316c,04b79c8e-ee4c-4473-b915-16983dec8056,1bd1b098-4e87-4258-8b67-54c76c74599a,2026-07-12T23:52:38.740668,Premium Deal - Golden Ratio,432847.58,2027-01-04T07:17:45.740683,8ae3dae5-38cd-4160-84ef-5c590af0066c,2026-02-07T06:48:28.740668,aabd8828-4992-4138-a82c-82d2ace3e408
17526121-b801-49fd-99c6-b07e93cbf189,7319bb38-0e1a-42a0-a1a3-c170af371232,,eefe4750-7214-4035-a082-3b5fad2af2b1,04b79c8e-ee4c-4473-b915-16983dec8056,c7ffe30e-ebfe-4810-83f4-206c3287d9de,2026-05-20T11:41:51.740693,Growth Deal - Apex Innovations,460456.57,2026-05-01T05:06:24.740709,ba4c6a8d-6e78-4532-82ad-fccefbf8ab96,2025-11-16T15:23:43.740693,eaf0989b-5b56-4b72-9a32-2711e9c394ff
db63bf1e-683a-4488-a412-f995b2295836,7319bb38-0e1a-42a0-a1a3-c170af371232,85c5d31a-bbb5-4eaf-8ce8-d9f35e3b4c3a,,04b79c8e-ee4c-4473-b915-16983dec8056,a823f083-5d28-41df-879e-bb9f9fb39864,2026-08-01T20:37:34.740718,Growth Deal - Titan Industries,293476.55,2027-01-23T07:28:01.740733,5b11e466-caa2-4b0d-ad40-becd33c6cbc2,2026-07-31T07:03:11.740718,8ae3dae5-38cd-4160-84ef-5c590af0066c
a92293d6-315f-4b9b-9331-2b80ed343cbe,7319bb38-0e1a-42a0-a1a3-c170af371232,56321ea0-6b24-48c1-b486-e4e585ed1d78,,04b79c8e-ee4c-4473-b915-16983dec8056,a823f083-5d28-41df-879e-bb9f9fb39864,2026-08-03T20:55:14.740744,Growth Deal - NovaTech Solutions,454580.64,2026-10-09T13:41:08.740759,af8ae744-eaf6-49a6-9c7f-4f4aa9e503ee,2026-07-31T07:37:22.740744,5b11e466-caa2-4b0d-ad40-becd33c6cbc2
62d4a568-4d22-47c4-8cfc-fd7b6421b0bc,7319bb38-0e1a-42a0-a1a3-c170af371232,4f86bb86-c99b-45fe-8417-3dba86903eef,c6bc0a13-c0f0-48ea-879b-adac924a6d2b,04b79c8e-ee4c-4473-b915-16983dec8056,c7ffe30e-ebfe-4810-83f4-206c3287d9de,2026-08-06T17:02:08.740769,Starter Deal - Forge Industries,308823.13,2026-07-24T14:34:56.740784,f6c1513d-8b13-441d-98bb-1a986c21400d,2026-08-01T20:51:54.740769,ba4c6a8d-6e78-4532-82ad-fccefbf8ab96
59227254-4075-4b8b-b0ca-c18288d2bf42,7319bb38-0e1a-42a0-a1a3-c170af371232,77818715-1e48-468f-a542-2c5d88c1c1c7,8f0c00a2-632a-43e9-ad90-03612388d065,04b79c8e-ee4c-4473-b915-16983dec8056,c7ffe30e-ebfe-4810-83f4-206c3287d9de,2026-07-11T16:21:50.740795,Premium Deal - TechNova Solutions,415115.7,2026-05-14T14:14:12.740809,638bfc6a-5a8b-4bf8-9f66-0c0d0744f19a,2026-07-03T22:39:18.740795,eaf0989b-5b56-4b72-9a32-2711e9c394ff
94f2d1f7-e6c9-4af9-882f-5394d30137eb,2742825a-3e35-4f86-ae5a-aca92762e3ea,d1253431-c5b0-4754-a69c-d56356221110,,40b1b399-4f67-4ce5-ab12-25455c6e00ee,be33354c-8aba-4e36-b209-bec256f9b7f1,2026-05-14T09:47:12.744195,Custom Deal - Apex Health,201146.97,2026-08-25T05:17:25.744256,1f4e14bd-50ce-450c-ab7d-5e06108ba712,2025-12-07T00:19:15.744195,1f4e14bd-50ce-450c-ab7d-5e06108ba712
32a98904-24ba-480c-b4cf-8be1aabb62e0,2742825a-3e35-4f86-ae5a-aca92762e3ea,2f8d365d-ada5-4fe0-902d-d3dbe59ee377,fafd72b9-1b06-4f4c-98c3-6c6cc65aa0ec,40b1b399-4f67-4ce5-ab12-25455c6e00ee,adf7b193-6eb9-4e68-af5f-08edb96c4ea4,2026-06-19T13:17:17.744272,Starter Deal - Sapphire Tech,402262.54,2026-08-29T17:08:00.744290,8c0e1935-13b5-4990-a8a3-0be81dad1a78,2026-05-14T08:04:24.744272,20c3bda5-fea6-4ea8-a48c-7cd0305cde2d
74179f9e-7570-4805-8c81-4c523377c361,2742825a-3e35-4f86-ae5a-aca92762e3ea,83c0830b-ff51-40c9-8cdb-d6dc803c4099,4d400740-01cf-4008-982f-72a730dab5be,40b1b399-4f67-4ce5-ab12-25455c6e00ee,37480c93-3991-4a43-9291-df21132d70bb,2025-12-12T22:08:03.744301,Custom Deal - Quantum Dynamics,221966.28,2027-02-01T15:04:42.744337,ae300c2a-88df-4b79-b08f-dabbd0efed46,2025-11-30T16:56:16.744301,4a7a2306-6666-4f6b-9b4e-18f69f445d60
c2766940-52ac-4438-b728-8a7726ffae1e,2742825a-3e35-4f86-ae5a-aca92762e3ea,,9bf78abd-2e32-453b-89fc-546dfae3f3ab,40b1b399-4f67-4ce5-ab12-25455c6e00ee,be33354c-8aba-4e36-b209-bec256f9b7f1,2026-07-08T19:52:27.744354,Premium Deal - Onyx Data,239572.91,2026-09-19T17:23:05.744370,64557d9f-67a1-4513-b6da-e641464f66bb,2026-04-11T07:56:42.744354,4a7a2306-6666-4f6b-9b4e-18f69f445d60
e41ef9a1-057d-403c-ad22-937c792a10ad,2742825a-3e35-4f86-ae5a-aca92762e3ea,dc5c7894-cbc3-450a-819b-fbf221bfa5a6,a6465d21-d3ab-47eb-b42a-a737c82ec63d,40b1b399-4f67-4ce5-ab12-25455c6e00ee,be33354c-8aba-4e36-b209-bec256f9b7f1,2026-06-28T01:48:15.744381,Starter Deal - Onyx Data,269194.99,2027-01-15T08:30:10.744397,4a7a2306-6666-4f6b-9b4e-18f69f445d60,2026-05-28T08:44:54.744381,1f4e14bd-50ce-450c-ab7d-5e06108ba712
ea0c9e55-808b-493c-b197-516b8b1541a8,2742825a-3e35-4f86-ae5a-aca92762e3ea,,010bdf29-783c-4d39-8fd5-d74647635fa0,40b1b399-4f67-4ce5-ab12-25455c6e00ee,be33354c-8aba-4e36-b209-bec256f9b7f1,2026-03-07T11:15:26.744407,Growth Deal - Vanguard Systems,47025.64,2026-11-12T02:03:44.744422,fc5f1462-0be4-4ddf-81a8-aa82b5148124,2025-09-06T15:40:42.744407,1f4e14bd-50ce-450c-ab7d-5e06108ba712
9cbff29c-9638-45ca-87f7-b0ecb867d203,2742825a-3e35-4f86-ae5a-aca92762e3ea,72fb895c-198a-4e82-9c67-12f5cf3b66b6,8b82ff75-b76c-4bc9-8ca4-1fca69b2057d,40b1b399-4f67-4ce5-ab12-25455c6e00ee,be33354c-8aba-4e36-b209-bec256f9b7f1,2026-05-21T22:27:11.744433,Premium Deal - Prism Technologies,302402.65,2026-08-22T04:17:55.744449,126bc002-0870-4341-a019-6dbae3d39a09,2026-03-21T20:08:02.744433,8c0e1935-13b5-4990-a8a3-0be81dad1a78
0c125fc2-f933-4bd4-b583-238a32a25c58,2742825a-3e35-4f86-ae5a-aca92762e3ea,,,40b1b399-4f67-4ce5-ab12-25455c6e00ee,a32a9963-f067-4cf4-991d-8078e2c5c2fd,2026-08-05T11:19:22.744459,Premium Deal - RedRock Ventures,16961.82,2026-09-27T02:22:29.744475,d7b70429-3c34-4940-81f0-2fd516ab47cb,2025-10-03T22:59:50.744459,8c0e1935-13b5-4990-a8a3-0be81dad1a78
68c6f4c1-70ba-4403-97f5-7861aa2f365f,2742825a-3e35-4f86-ae5a-aca92762e3ea,09bce84f-0481-4389-8c7d-166ec5583698,aff7f08c-687b-492c-8621-572a81d8f7d6,40b1b399-4f67-4ce5-ab12-25455c6e00ee,a32a9963-f067-4cf4-991d-8078e2c5c2fd,2026-05-29T11:40:56.744486,Starter Deal - Topaz Digital,85922.0,2026-10-22T07:44:03.744501,a3cb50e2-619e-40b9-82fa-b0ae6c6c06ca,2026-02-06T04:30:33.744486,8c0e1935-13b5-4990-a8a3-0be81dad1a78
b4636a55-1df6-4561-aab2-40ce21ecb9ce,2742825a-3e35-4f86-ae5a-aca92762e3ea,53f3b822-525c-4423-b057-e0a0bfd3464d,cee97144-1eb1-494d-8fdd-90260cf598c2,40b1b399-4f67-4ce5-ab12-25455c6e00ee,adf7b193-6eb9-4e68-af5f-08edb96c4ea4,2026-06-08T06:44:24.744511,Premium Deal - CloudPeak Analytics,449035.69,2026-12-01T21:02:51.744527,b7d19994-038b-4dbe-8e38-5141d55ae804,2026-04-10T20:21:33.744511,20c3bda5-fea6-4ea8-a48c-7cd0305cde2d
b73e5ed5-1955-45ba-9d8a-ea6a09699137,2742825a-3e35-4f86-ae5a-aca92762e3ea,,a87ffb43-8f7f-48e2-b359-ead85d2c2d31,40b1b399-4f67-4ce5-ab12-25455c6e00ee,37480c93-3991-4a43-9291-df21132d70bb,2026-01-26T15:29:29.744537,Growth Deal - Steel Bridge,370769.7,2026-09-05T18:00:36.744552,126bc002-0870-4341-a019-6dbae3d39a09,2026-01-11T02:40:52.744537,56bbe842-f0da-4e30-a46c-38025bfb382e
7f796cdf-2d5d-4f70-811c-a451394bd1c6,2742825a-3e35-4f86-ae5a-aca92762e3ea,6125d148-0269-4402-8811-61b42e2ba633,856fb5a3-2ed9-4051-8ae8-9a5252072b3e,40b1b399-4f67-4ce5-ab12-25455c6e00ee,be33354c-8aba-4e36-b209-bec256f9b7f1,2026-06-17T21:03:36.744563,Premium Deal - BlueShift Labs,52556.86,2026-12-24T22:18:19.744579,4a7a2306-6666-4f6b-9b4e-18f69f445d60,2026-06-02T13:02:39.744563,a3cb50e2-619e-40b9-82fa-b0ae6c6c06ca
4b99e676-a67a-46e4-8d83-058179280b26,2742825a-3e35-4f86-ae5a-aca92762e3ea,adce79f3-eb52-4d90-821d-c3a2308b0dd3,,40b1b399-4f67-4ce5-ab12-25455c6e00ee,adf7b193-6eb9-4e68-af5f-08edb96c4ea4,2026-03-30T07:39:35.744589,Custom Deal - IronClad Security,300193.95,2026-10-22T23:54:19.744603,1f4e14bd-50ce-450c-ab7d-5e06108ba712,2025-09-09T19:09:29.744589,c74050eb-0b79-4cba-8d19-adf0d3e0b9db
b1a03a5a-5692-487d-a394-42a0b3f63699,2742825a-3e35-4f86-ae5a-aca92762e3ea,45dc6cf8-087a-4656-ba6e-a47270c6c9f9,b54b3b6d-f6fb-4893-8c65-db67316cd5db,40b1b399-4f67-4ce5-ab12-25455c6e00ee,a90ebb64-0fa9-410c-aea7-74001a143abf,2026-07-31T06:57:56.744617,Starter Deal - Ember Labs,229226.24,2026-08-05T21:27:58.744633,20c3bda5-fea6-4ea8-a48c-7cd0305cde2d,2026-04-22T05:32:20.744617,4a7a2306-6666-4f6b-9b4e-18f69f445d60
34716ecf-3516-4ae5-ba37-8e33d715147d,2742825a-3e35-4f86-ae5a-aca92762e3ea,09b4d1fb-9b1b-44a9-adf6-5bfe6d8877f9,,40b1b399-4f67-4ce5-ab12-25455c6e00ee,dbe3ffdd-320a-48b5-8735-d634a039186b,2026-05-22T16:43:46.744650,Enterprise Deal - DataFlow Systems,144492.31,2026-05-05T17:18:14.744666,b7d19994-038b-4dbe-8e38-5141d55ae804,2025-12-28T04:21:58.744650,a3cb50e2-619e-40b9-82fa-b0ae6c6c06ca
2ef9eccc-bf20-473a-9690-28153997940c,2742825a-3e35-4f86-ae5a-aca92762e3ea,33b0fc73-bcf8-4312-9369-1e5467970c29,,40b1b399-4f67-4ce5-ab12-25455c6e00ee,be33354c-8aba-4e36-b209-bec256f9b7f1,2026-08-03T12:03:27.744677,Starter Deal - Amber Industries,355723.24,2026-10-23T11:14:11.744692,ae300c2a-88df-4b79-b08f-dabbd0efed46,2026-07-07T04:56:51.744677,d7b70429-3c34-4940-81f0-2fd516ab47cb
22c8994b-925d-42e4-9b22-432ee07c730e,2742825a-3e35-4f86-ae5a-aca92762e3ea,a1aaf4ca-4b86-4006-83bb-0bccb9c0ec49,9deeab1a-92e9-48e3-81f7-6150bda5b26a,40b1b399-4f67-4ce5-ab12-25455c6e00ee,dbe3ffdd-320a-48b5-8735-d634a039186b,2026-06-03T05:16:09.744706,Custom Deal - Pearl Analytics,388134.69,2026-08-02T22:34:50.744722,ae300c2a-88df-4b79-b08f-dabbd0efed46,2026-05-12T16:01:51.744706,fc5f1462-0be4-4ddf-81a8-aa82b5148124
0d069d32-140e-4b3d-8511-aa954e2cc240,2742825a-3e35-4f86-ae5a-aca92762e3ea,72f3d8bf-ffed-4118-b06e-b6681050fc66,,40b1b399-4f67-4ce5-ab12-25455c6e00ee,a32a9963-f067-4cf4-991d-8078e2c5c2fd,2026-07-31T06:00:06.744732,Custom Deal - Sterling Finance,151519.71,2026-12-01T13:31:25.744748,fc5f1462-0be4-4ddf-81a8-aa82b5148124,2026-07-19T05:02:36.744732,fdbc7119-6732-45ab-9136-cb056076a38a
3c9eb376-3ac4-4486-810b-a48c7506807c,2742825a-3e35-4f86-ae5a-aca92762e3ea,c27d233d-4b53-4103-bcc5-0838c03bdd07,638a2764-e40e-4b12-a511-837488fc9a06,40b1b399-4f67-4ce5-ab12-25455c6e00ee,dbe3ffdd-320a-48b5-8735-d634a039186b,2026-07-30T20:27:40.744759,Enterprise Deal - Sterling Finance,307050.33,2026-07-10T10:55:08.744774,56bbe842-f0da-4e30-a46c-38025bfb382e,2026-07-14T03:00:23.744759,fc5f1462-0be4-4ddf-81a8-aa82b5148124
9a924d3f-a591-46d0-aa8f-62456a7704a1,2742825a-3e35-4f86-ae5a-aca92762e3ea,43b9fe6d-2fce-4712-9ebd-dbacef3f8e25,3a761bd5-e4f9-4414-8cf3-80a871ed6f55,40b1b399-4f67-4ce5-ab12-25455c6e00ee,be33354c-8aba-4e36-b209-bec256f9b7f1,2026-08-01T16:44:45.744784,Premium Deal - Amber Industries,456197.43,2026-10-30T06:31:29.744800,56bbe842-f0da-4e30-a46c-38025bfb382e,2026-06-29T23:31:16.744784,4a7a2306-6666-4f6b-9b4e-18f69f445d60
f56d780c-f697-4392-ac66-353a1eed1cd2,2742825a-3e35-4f86-ae5a-aca92762e3ea,3e443807-b3f9-475f-a852-48102a77e8b8,,40b1b399-4f67-4ce5-ab12-25455c6e00ee,be33354c-8aba-4e36-b209-bec256f9b7f1,2025-12-13T08:11:40.744811,Premium Deal - Diamond Edge,110005.4,2026-08-07T04:38:25.744826,56bbe842-f0da-4e30-a46c-38025bfb382e,2025-09-19T14:14:12.744811,126bc002-0870-4341-a019-6dbae3d39a09
6326b142-d997-46bc-89ac-140499a6e8d4,2742825a-3e35-4f86-ae5a-aca92762e3ea,,c8f8514d-fc29-44d5-83c7-891a364158cd,40b1b399-4f67-4ce5-ab12-25455c6e00ee,dbe3ffdd-320a-48b5-8735-d634a039186b,2025-10-27T15:56:03.744836,Enterprise Deal - Nimbus Networks,443660.66,2026-06-27T06:26:53.744851,64557d9f-67a1-4513-b6da-e641464f66bb,2025-10-12T20:18:17.744836,b7d19994-038b-4dbe-8e38-5141d55ae804
8dd1e236-3328-4848-b1f6-5ff07846ad27,2742825a-3e35-4f86-ae5a-aca92762e3ea,2eab8696-798a-457c-9aec-93648f04cc0d,,40b1b399-4f67-4ce5-ab12-25455c6e00ee,dbe3ffdd-320a-48b5-8735-d634a039186b,2026-04-17T18:29:27.744861,Premium Deal - Summit Analytics,211898.36,2026-07-03T09:26:43.744877,126bc002-0870-4341-a019-6dbae3d39a09,2025-10-25T02:30:58.744861,a3cb50e2-619e-40b9-82fa-b0ae6c6c06ca
31d1e953-88ad-4e81-a256-833c8a683234,2742825a-3e35-4f86-ae5a-aca92762e3ea,,4d86e3ec-eb93-4daa-99b2-4bcd247cca90,40b1b399-4f67-4ce5-ab12-25455c6e00ee,dbe3ffdd-320a-48b5-8735-d634a039186b,2026-05-07T16:57:19.744891,Premium Deal - GreenField Capital,342508.94,2026-08-04T04:14:36.744906,20c3bda5-fea6-4ea8-a48c-7cd0305cde2d,2026-02-08T09:09:21.744891,ae300c2a-88df-4b79-b08f-dabbd0efed46
47e5b032-67b1-4549-a55d-3ce37aba14b3,2742825a-3e35-4f86-ae5a-aca92762e3ea,3eb06151-fd03-444c-8212-68c4c5e6d658,,40b1b399-4f67-4ce5-ab12-25455c6e00ee,a90ebb64-0fa9-410c-aea7-74001a143abf,2026-06-30T22:02:05.744916,Growth Deal - Onyx Data,38548.21,2026-07-22T12:46:27.744931,8c0e1935-13b5-4990-a8a3-0be81dad1a78,2026-06-18T06:35:47.744916,a3cb50e2-619e-40b9-82fa-b0ae6c6c06ca
e238753a-2aa4-415f-87cf-b3d02ab5cbbc,2742825a-3e35-4f86-ae5a-aca92762e3ea,,f3058a62-dcff-43b5-8d33-c86b9f82ea4d,40b1b399-4f67-4ce5-ab12-25455c6e00ee,a90ebb64-0fa9-410c-aea7-74001a143abf,2026-06-03T16:54:18.744941,Growth Deal - Crystal Clear,392397.1,2026-05-11T10:34:45.744956,a3cb50e2-619e-40b9-82fa-b0ae6c6c06ca,2026-01-20T19:58:07.744941,fc5f1462-0be4-4ddf-81a8-aa82b5148124
1cc960ad-fc34-4f2e-ad7e-edf1378abacb,2742825a-3e35-4f86-ae5a-aca92762e3ea,bb59a0ef-e546-4502-a1e4-595e51ee6da6,249aeaa9-11e7-4a5d-bcfa-f7095831a8d9,40b1b399-4f67-4ce5-ab12-25455c6e00ee,a32a9963-f067-4cf4-991d-8078e2c5c2fd,2026-06-14T10:28:54.744966,Enterprise Deal - NexGen Software,489143.03,2026-10-25T00:02:42.744981,ae300c2a-88df-4b79-b08f-dabbd0efed46,2026-05-30T22:45:49.744966,126bc002-0870-4341-a019-6dbae3d39a09
7c3945b5-af29-4a7b-b021-1711450c3ca8,2742825a-3e35-4f86-ae5a-aca92762e3ea,,010bdf29-783c-4d39-8fd5-d74647635fa0,40b1b399-4f67-4ce5-ab12-25455c6e00ee,adf7b193-6eb9-4e68-af5f-08edb96c4ea4,2026-07-31T18:00:33.744991,Starter Deal - Ember Labs,145930.18,2026-10-16T02:57:52.745006,c74050eb-0b79-4cba-8d19-adf0d3e0b9db,2026-05-30T21:20:39.744991,fc5f1462-0be4-4ddf-81a8-aa82b5148124
5781285c-8069-4241-81e1-82471106f7dd,2742825a-3e35-4f86-ae5a-aca92762e3ea,72fb895c-198a-4e82-9c67-12f5cf3b66b6,f6032bba-963f-44d8-b840-414890204888,40b1b399-4f67-4ce5-ab12-25455c6e00ee,adf7b193-6eb9-4e68-af5f-08edb96c4ea4,2026-06-21T10:08:35.745016,Starter Deal - BlueShift Labs,434578.71,2026-10-08T21:46:57.745031,64557d9f-67a1-4513-b6da-e641464f66bb,2026-04-18T16:51:53.745016,ae300c2a-88df-4b79-b08f-dabbd0efed46
1afc90c9-dc43-49f0-bc24-ffc40d88be15,2742825a-3e35-4f86-ae5a-aca92762e3ea,adc80380-0a56-440f-b172-8611bca2e609,4ffd570f-9d6c-4108-a1e5-b9b2eb0f80e6,40b1b399-4f67-4ce5-ab12-25455c6e00ee,be33354c-8aba-4e36-b209-bec256f9b7f1,2026-04-26T06:27:38.745041,Enterprise Deal - SwiftScale,231449.44,2026-12-09T18:00:19.745057,126bc002-0870-4341-a019-6dbae3d39a09,2026-01-25T12:12:36.745041,126bc002-0870-4341-a019-6dbae3d39a09
18258fc9-2e0a-4a3d-980f-3bf208c08417,2742825a-3e35-4f86-ae5a-aca92762e3ea,2bc1b7a0-d4fb-4012-b526-8d84ab0770ef,,40b1b399-4f67-4ce5-ab12-25455c6e00ee,a90ebb64-0fa9-410c-aea7-74001a143abf,2026-05-03T07:48:16.745071,Custom Deal - Vanguard Systems,374158.6,2026-05-10T04:04:03.745086,d7b70429-3c34-4940-81f0-2fd516ab47cb,2025-12-17T08:26:01.745071,126bc002-0870-4341-a019-6dbae3d39a09
fef894ff-73b1-40e8-824c-7094ed1dbc97,2742825a-3e35-4f86-ae5a-aca92762e3ea,d2427f9d-9b67-4893-aa49-821e5c69bdc0,83d7e6dc-0357-4794-971e-8267142f2d15,40b1b399-4f67-4ce5-ab12-25455c6e00ee,dbe3ffdd-320a-48b5-8735-d634a039186b,2026-01-11T07:38:20.745096,Enterprise Deal - Nimbus Networks,432825.82,2026-07-08T12:58:22.745112,4a7a2306-6666-4f6b-9b4e-18f69f445d60,2025-10-08T07:26:41.745096,126bc002-0870-4341-a019-6dbae3d39a09
0873f723-dfe5-4b4f-8966-e677433c5793,2742825a-3e35-4f86-ae5a-aca92762e3ea,b8cef8ad-54bb-4460-a55d-235b8d152f72,1515d6ab-808a-454b-8bad-623b40fcef07,40b1b399-4f67-4ce5-ab12-25455c6e00ee,a32a9963-f067-4cf4-991d-8078e2c5c2fd,2026-02-07T07:44:39.745122,Enterprise Deal - Pearl Analytics,103037.74,2026-08-17T07:13:54.745143,d7b70429-3c34-4940-81f0-2fd516ab47cb,2026-01-24T13:57:09.745122,a3cb50e2-619e-40b9-82fa-b0ae6c6c06ca
0fd46b4c-1ed9-4992-8c41-60e3bb1833cd,2742825a-3e35-4f86-ae5a-aca92762e3ea,ce4e84f5-0736-4fa6-af06-2e3951da6064,c889537a-20bc-41e0-8c25-653e6669c93c,40b1b399-4f67-4ce5-ab12-25455c6e00ee,a90ebb64-0fa9-410c-aea7-74001a143abf,2026-06-26T15:50:52.745155,Growth Deal - RedRock Ventures,249992.73,2026-05-11T00:43:53.745175,56bbe842-f0da-4e30-a46c-38025bfb382e,2026-05-26T00:14:06.745155,a669f01c-9d90-47fe-b1f8-79740e2b0070
dfabe4a9-f81e-410e-94b0-ef39d5c45a9d,2742825a-3e35-4f86-ae5a-aca92762e3ea,c28ba914-e3d2-4f2d-8e67-fc4e4d90a544,,40b1b399-4f67-4ce5-ab12-25455c6e00ee,a32a9963-f067-4cf4-991d-8078e2c5c2fd,2026-05-23T20:29:55.745185,Premium Deal - Iron Mountain,478460.89,2026-08-07T15:55:33.745199,64557d9f-67a1-4513-b6da-e641464f66bb,2026-01-19T09:14:35.745185,a669f01c-9d90-47fe-b1f8-79740e2b0070
ccafdbfb-717d-48be-bef0-5373a3df8a08,2742825a-3e35-4f86-ae5a-aca92762e3ea,a0a40f69-92b4-49ad-b470-28910e6388df,9deeab1a-92e9-48e3-81f7-6150bda5b26a,40b1b399-4f67-4ce5-ab12-25455c6e00ee,a90ebb64-0fa9-410c-aea7-74001a143abf,2025-11-06T22:06:59.745209,Growth Deal - Ember Labs,177729.25,2026-07-28T14:20:28.745229,8c0e1935-13b5-4990-a8a3-0be81dad1a78,2025-10-07T12:45:59.745209,b7d19994-038b-4dbe-8e38-5141d55ae804
de0266e3-ab89-4040-a73e-dd9e4f30f7e8,2742825a-3e35-4f86-ae5a-aca92762e3ea,,,40b1b399-4f67-4ce5-ab12-25455c6e00ee,a32a9963-f067-4cf4-991d-8078e2c5c2fd,2026-05-18T02:18:37.745238,Starter Deal - SilverLine Corp,422903.77,2026-11-24T01:11:20.745254,a669f01c-9d90-47fe-b1f8-79740e2b0070,2026-02-06T11:22:32.745238,a669f01c-9d90-47fe-b1f8-79740e2b0070
f9b67e79-590a-4451-bdce-305500948460,2742825a-3e35-4f86-ae5a-aca92762e3ea,,3fbbfec7-c3c3-47fa-b998-3bd19d129343,40b1b399-4f67-4ce5-ab12-25455c6e00ee,dbe3ffdd-320a-48b5-8735-d634a039186b,2026-06-09T18:09:15.745264,Enterprise Deal - Forge Industries,270043.38,2026-06-04T07:33:49.745280,1f4e14bd-50ce-450c-ab7d-5e06108ba712,2025-12-23T04:26:09.745264,126bc002-0870-4341-a019-6dbae3d39a09
939a56b9-0905-42e7-b489-0e8859c95939,2742825a-3e35-4f86-ae5a-aca92762e3ea,4d539503-b900-4aa5-863e-3365ebc961b5,,40b1b399-4f67-4ce5-ab12-25455c6e00ee,be33354c-8aba-4e36-b209-bec256f9b7f1,2026-04-30T10:34:22.745290,Enterprise Deal - Sterling Finance,191340.51,2026-08-24T23:14:16.745306,a669f01c-9d90-47fe-b1f8-79740e2b0070,2025-11-12T14:16:18.745290,8c0e1935-13b5-4990-a8a3-0be81dad1a78
946182f5-3afb-42e1-9720-a188b6e07efc,2742825a-3e35-4f86-ae5a-aca92762e3ea,,0df0cdb0-e763-4d3d-9d4e-bda60f1b4386,40b1b399-4f67-4ce5-ab12-25455c6e00ee,37480c93-3991-4a43-9291-df21132d70bb,2026-07-04T10:26:21.745315,Enterprise Deal - Platinum Partners,359545.77,2026-12-02T14:31:45.745331,ae300c2a-88df-4b79-b08f-dabbd0efed46,2026-06-11T17:11:10.745315,fdbc7119-6732-45ab-9136-cb056076a38a
fa12d40e-5fa4-4962-94a8-b15f18d6022c,2742825a-3e35-4f86-ae5a-aca92762e3ea,8019e24a-2f20-4cae-b98c-2fdd7efe448a,1ba2d23b-6f83-4c0e-8a42-0fce6585cfbf,40b1b399-4f67-4ce5-ab12-25455c6e00ee,dbe3ffdd-320a-48b5-8735-d634a039186b,2026-05-17T02:28:41.745341,Premium Deal - RedRock Ventures,80803.56,2026-06-29T12:29:25.745356,fdbc7119-6732-45ab-9136-cb056076a38a,2025-10-15T06:40:26.745341,fdbc7119-6732-45ab-9136-cb056076a38a
d67759d9-5c96-46aa-8c80-3afe3dd59c4d,2742825a-3e35-4f86-ae5a-aca92762e3ea,33558ee6-0ade-477d-9db1-2cd0bcf55234,,40b1b399-4f67-4ce5-ab12-25455c6e00ee,dbe3ffdd-320a-48b5-8735-d634a039186b,2026-05-20T03:44:46.745367,Custom Deal - Onyx Data,257248.06,2026-05-22T15:53:15.745382,126bc002-0870-4341-a019-6dbae3d39a09,2026-02-21T22:08:23.745367,8c0e1935-13b5-4990-a8a3-0be81dad1a78
82634c66-1caf-43b6-8979-997f2675a204,2742825a-3e35-4f86-ae5a-aca92762e3ea,c0bdbda4-dce4-46dd-9f48-feeeae8cf432,91ddcf16-b64f-44c8-9e61-4e1fca15c9b3,40b1b399-4f67-4ce5-ab12-25455c6e00ee,37480c93-3991-4a43-9291-df21132d70bb,2026-01-11T22:20:59.745392,Premium Deal - SwiftScale,472823.78,2027-01-12T01:37:50.745409,56bbe842-f0da-4e30-a46c-38025bfb382e,2025-08-07T23:48:03.745392,4a7a2306-6666-4f6b-9b4e-18f69f445d60
23ea1a68-9bf3-42b7-acad-75d5ac117920,2742825a-3e35-4f86-ae5a-aca92762e3ea,d74495cf-5cf7-4f90-8fef-bc9134e51a62,f019f683-86f1-4a76-9c2d-463dcde231b4,40b1b399-4f67-4ce5-ab12-25455c6e00ee,a32a9963-f067-4cf4-991d-8078e2c5c2fd,2026-08-04T16:07:20.745423,Growth Deal - RedRock Ventures,52821.67,2026-12-31T21:09:04.745439,64557d9f-67a1-4513-b6da-e641464f66bb,2026-05-08T08:59:01.745423,a669f01c-9d90-47fe-b1f8-79740e2b0070
198e4965-c251-4db3-8e58-9661f25092c2,2742825a-3e35-4f86-ae5a-aca92762e3ea,,,40b1b399-4f67-4ce5-ab12-25455c6e00ee,a90ebb64-0fa9-410c-aea7-74001a143abf,2025-11-22T21:33:37.745453,Starter Deal - Steel Bridge,229774.34,2026-07-25T06:23:20.745468,fdbc7119-6732-45ab-9136-cb056076a38a,2025-10-15T08:45:37.745453,56bbe842-f0da-4e30-a46c-38025bfb382e
6ccca862-12b8-4e54-9fda-7e9c01a2fa33,2742825a-3e35-4f86-ae5a-aca92762e3ea,80daa4e6-b405-4265-83fe-1482433f8609,4b108beb-80e6-4598-9dcd-cc02dc17e4dc,40b1b399-4f67-4ce5-ab12-25455c6e00ee,a90ebb64-0fa9-410c-aea7-74001a143abf,2026-03-27T18:35:02.745479,Custom Deal - Velocity Labs,367859.92,2026-06-06T16:09:23.745494,1f4e14bd-50ce-450c-ab7d-5e06108ba712,2025-08-07T17:43:21.745479,a669f01c-9d90-47fe-b1f8-79740e2b0070
fa0f4484-e023-4089-bf8d-78529d699a40,2742825a-3e35-4f86-ae5a-aca92762e3ea,87bb19d1-f788-4dcc-8224-12212671aa2e,,40b1b399-4f67-4ce5-ab12-25455c6e00ee,a32a9963-f067-4cf4-991d-8078e2c5c2fd,2026-07-31T18:55:33.745504,Starter Deal - Vanguard Systems,333744.46,2026-08-09T04:02:18.745519,8c0e1935-13b5-4990-a8a3-0be81dad1a78,2026-06-10T12:30:56.745504,20c3bda5-fea6-4ea8-a48c-7cd0305cde2d
22ca2c82-38e4-4cda-a7c6-a9225bd955cb,2742825a-3e35-4f86-ae5a-aca92762e3ea,,43522bc4-2625-4a2d-8763-6b0afa716bb2,40b1b399-4f67-4ce5-ab12-25455c6e00ee,a32a9963-f067-4cf4-991d-8078e2c5c2fd,2026-07-28T05:49:52.745529,Enterprise Deal - GreenField Capital,337976.63,2026-09-29T04:44:41.745544,d7b70429-3c34-4940-81f0-2fd516ab47cb,2025-08-19T08:09:10.745529,a669f01c-9d90-47fe-b1f8-79740e2b0070
6440fd92-3c4d-40f3-be19-32fd4b55763b,2742825a-3e35-4f86-ae5a-aca92762e3ea,3e2ce3ea-70e6-4ea8-96a0-8e88740ed303,,40b1b399-4f67-4ce5-ab12-25455c6e00ee,a32a9963-f067-4cf4-991d-8078e2c5c2fd,2026-07-31T10:21:36.745554,Growth Deal - BlueShift Labs,232418.55,2026-11-14T17:22:02.745569,fc5f1462-0be4-4ddf-81a8-aa82b5148124,2026-07-19T01:55:57.745554,d7b70429-3c34-4940-81f0-2fd516ab47cb
c4342183-c078-47d7-aa9c-8592ae296ff3,2742825a-3e35-4f86-ae5a-aca92762e3ea,cecaecac-f768-4b55-ada0-f07819642564,,40b1b399-4f67-4ce5-ab12-25455c6e00ee,a32a9963-f067-4cf4-991d-8078e2c5c2fd,2026-06-29T01:24:39.745579,Premium Deal - Forge Industries,179005.64,2026-10-02T19:00:12.745594,ae300c2a-88df-4b79-b08f-dabbd0efed46,2026-01-03T13:39:22.745579,a669f01c-9d90-47fe-b1f8-79740e2b0070
7490cb00-f206-468d-8243-3192adae73dd,2742825a-3e35-4f86-ae5a-aca92762e3ea,38d3bc06-b593-4e79-840e-058ad2ba3473,,40b1b399-4f67-4ce5-ab12-25455c6e00ee,dbe3ffdd-320a-48b5-8735-d634a039186b,2026-05-19T14:16:07.745604,Growth Deal - Platinum Partners,337462.08,2026-05-28T01:54:11.745620,ae300c2a-88df-4b79-b08f-dabbd0efed46,2025-09-18T21:28:18.745604,fdbc7119-6732-45ab-9136-cb056076a38a
fad3d883-09ca-4616-bed3-50e7c157abed,2742825a-3e35-4f86-ae5a-aca92762e3ea,,25b004aa-eb9b-4f89-8cb1-de7862c9a4d6,40b1b399-4f67-4ce5-ab12-25455c6e00ee,adf7b193-6eb9-4e68-af5f-08edb96c4ea4,2026-07-09T13:47:41.745629,Starter Deal - CloudPeak Analytics,302169.57,2026-11-15T23:08:28.745650,1f4e14bd-50ce-450c-ab7d-5e06108ba712,2026-04-12T15:46:04.745629,64557d9f-67a1-4513-b6da-e641464f66bb
b2734630-8f6f-40e1-9bc9-9540ebb9e855,2742825a-3e35-4f86-ae5a-aca92762e3ea,ef709a88-b8a3-464b-9f21-193ed1109a0c,,40b1b399-4f67-4ce5-ab12-25455c6e00ee,a90ebb64-0fa9-410c-aea7-74001a143abf,2026-06-22T19:18:16.745660,Premium Deal - Platinum Partners,317773.71,2026-06-08T21:05:08.745676,126bc002-0870-4341-a019-6dbae3d39a09,2026-06-16T13:35:57.745660,a3cb50e2-619e-40b9-82fa-b0ae6c6c06ca
db6d2edd-5709-4456-85f6-45000850321e,2742825a-3e35-4f86-ae5a-aca92762e3ea,,9ac528e7-5b64-4371-93bc-38e9599dbdb7,40b1b399-4f67-4ce5-ab12-25455c6e00ee,37480c93-3991-4a43-9291-df21132d70bb,2026-06-14T21:37:39.745689,Growth Deal - Pulse Digital,99037.94,2026-10-02T17:56:14.745704,64557d9f-67a1-4513-b6da-e641464f66bb,2025-09-07T20:10:54.745689,a3cb50e2-619e-40b9-82fa-b0ae6c6c06ca
a25e1239-23b5-4661-bc51-f41fc0e6f87a,2742825a-3e35-4f86-ae5a-aca92762e3ea,2718c84d-524f-44d3-97a3-2fe19bcfa0c3,,40b1b399-4f67-4ce5-ab12-25455c6e00ee,adf7b193-6eb9-4e68-af5f-08edb96c4ea4,2026-05-24T03:07:34.745714,Enterprise Deal - Atlas Computing,234353.95,2027-01-25T04:57:47.745730,20c3bda5-fea6-4ea8-a48c-7cd0305cde2d,2026-04-24T04:35:17.745714,64557d9f-67a1-4513-b6da-e641464f66bb
7b5f582b-a804-431c-b94a-2fd24850d7c6,2742825a-3e35-4f86-ae5a-aca92762e3ea,ca2d6ad5-7aff-4d5c-9686-b2ebc36a463f,,40b1b399-4f67-4ce5-ab12-25455c6e00ee,be33354c-8aba-4e36-b209-bec256f9b7f1,2026-07-25T05:41:21.745739,Growth Deal - NexGen Software,267095.94,2026-12-09T06:19:50.745754,20c3bda5-fea6-4ea8-a48c-7cd0305cde2d,2026-04-02T06:10:01.745739,a3cb50e2-619e-40b9-82fa-b0ae6c6c06ca
b9b39047-d2a7-45b0-a432-e2d1a99a1de3,2742825a-3e35-4f86-ae5a-aca92762e3ea,,,40b1b399-4f67-4ce5-ab12-25455c6e00ee,37480c93-3991-4a43-9291-df21132d70bb,2026-07-02T03:29:46.745764,Starter Deal - Crystal Corp,392434.24,2026-10-30T06:08:26.745778,d7b70429-3c34-4940-81f0-2fd516ab47cb,2026-03-02T09:50:52.745764,a3cb50e2-619e-40b9-82fa-b0ae6c6c06ca
2eeae2da-9a4b-4950-b37c-f74ec419040a,2742825a-3e35-4f86-ae5a-aca92762e3ea,6573aefe-7295-45b5-8f48-d0863a77566e,,40b1b399-4f67-4ce5-ab12-25455c6e00ee,a32a9963-f067-4cf4-991d-8078e2c5c2fd,2026-03-28T19:16:31.745788,Enterprise Deal - Diamond Edge,248854.55,2026-11-10T03:12:11.745807,b7d19994-038b-4dbe-8e38-5141d55ae804,2026-01-07T13:15:04.745788,8c0e1935-13b5-4990-a8a3-0be81dad1a78
106451a8-dad9-4620-b4a7-392c95ce7244,2742825a-3e35-4f86-ae5a-aca92762e3ea,,4a8849f7-531c-4451-b414-d0e15cad4ba4,40b1b399-4f67-4ce5-ab12-25455c6e00ee,be33354c-8aba-4e36-b209-bec256f9b7f1,2026-03-23T07:52:34.745817,Custom Deal - Opal Solutions,29279.89,2026-09-06T00:04:26.745832,d7b70429-3c34-4940-81f0-2fd516ab47cb,2025-10-20T07:56:14.745817,1f4e14bd-50ce-450c-ab7d-5e06108ba712
6ca82699-0cd5-4989-a29b-5661c8555b43,2742825a-3e35-4f86-ae5a-aca92762e3ea,afc033fb-4ce6-4727-a391-23c6eb3590a5,,40b1b399-4f67-4ce5-ab12-25455c6e00ee,a90ebb64-0fa9-410c-aea7-74001a143abf,2025-12-13T21:43:50.745842,Enterprise Deal - Golden Ratio,289770.14,2026-07-28T11:19:42.745857,20c3bda5-fea6-4ea8-a48c-7cd0305cde2d,2025-11-17T03:31:36.745842,b7d19994-038b-4dbe-8e38-5141d55ae804
1e0ec0ec-8c0e-4ef5-a0f2-8d4e9c43c167,2742825a-3e35-4f86-ae5a-aca92762e3ea,6852a155-7707-45b7-9ed8-303cf0051903,debc9027-006b-4e6c-94e3-9e0538cb22ef,40b1b399-4f67-4ce5-ab12-25455c6e00ee,be33354c-8aba-4e36-b209-bec256f9b7f1,2025-10-23T08:09:20.745867,Growth Deal - Titan Industries,239964.29,2026-08-06T17:04:42.745883,56bbe842-f0da-4e30-a46c-38025bfb382e,2025-09-19T06:52:22.745867,8c0e1935-13b5-4990-a8a3-0be81dad1a78
59043dce-280e-4404-8331-11749237d268,2742825a-3e35-4f86-ae5a-aca92762e3ea,a4e38b35-32ec-47f9-9b1c-2cd83cebe4d9,,40b1b399-4f67-4ce5-ab12-25455c6e00ee,a90ebb64-0fa9-410c-aea7-74001a143abf,2026-03-22T13:58:12.745893,Custom Deal - Catalyst Group,372502.13,2026-06-05T10:15:29.745908,20c3bda5-fea6-4ea8-a48c-7cd0305cde2d,2026-02-17T15:24:36.745893,a3cb50e2-619e-40b9-82fa-b0ae6c6c06ca
dcb67d50-c3bb-4fa7-9dc7-348c12cd1282,2742825a-3e35-4f86-ae5a-aca92762e3ea,2cfa6d13-b1b0-410e-858e-5d689fe9a83b,,40b1b399-4f67-4ce5-ab12-25455c6e00ee,a90ebb64-0fa9-410c-aea7-74001a143abf,2026-05-01T20:47:48.745918,Custom Deal - NovaTech Solutions,373589.7,2026-05-14T14:34:51.745933,ae300c2a-88df-4b79-b08f-dabbd0efed46,2026-02-19T04:02:24.745918,4a7a2306-6666-4f6b-9b4e-18f69f445d60
138e360a-d777-4383-bf6a-81c406116844,2742825a-3e35-4f86-ae5a-aca92762e3ea,,14119038-c11a-41dc-a9f8-a0e54a9b4080,40b1b399-4f67-4ce5-ab12-25455c6e00ee,be33354c-8aba-4e36-b209-bec256f9b7f1,2026-02-15T01:40:46.745946,Enterprise Deal - Zenith Partners,451503.01,2026-11-01T19:25:38.745962,8c0e1935-13b5-4990-a8a3-0be81dad1a78,2026-01-07T17:59:50.745946,d7b70429-3c34-4940-81f0-2fd516ab47cb
9943aec4-d362-44d1-b2ee-ac150b67e200,2742825a-3e35-4f86-ae5a-aca92762e3ea,70e9f9dd-108a-4ced-9027-c19e066e2135,70e347cc-c71e-498f-a5c8-4d730d1e1d7f,40b1b399-4f67-4ce5-ab12-25455c6e00ee,a32a9963-f067-4cf4-991d-8078e2c5c2fd,2026-07-30T06:51:04.745972,Growth Deal - Ember Labs,428653.13,2027-01-24T04:27:05.745988,56bbe842-f0da-4e30-a46c-38025bfb382e,2026-07-23T11:20:34.745972,56bbe842-f0da-4e30-a46c-38025bfb382e
62525711-d3ca-4335-993e-0a5043554537,2742825a-3e35-4f86-ae5a-aca92762e3ea,09bce84f-0481-4389-8c7d-166ec5583698,,40b1b399-4f67-4ce5-ab12-25455c6e00ee,37480c93-3991-4a43-9291-df21132d70bb,2026-03-12T17:11:51.745998,Growth Deal - Jade Consulting,470352.49,2026-08-08T16:24:01.746039,b7d19994-038b-4dbe-8e38-5141d55ae804,2026-03-02T00:55:54.745998,a3cb50e2-619e-40b9-82fa-b0ae6c6c06ca
e8ab38fb-3f25-4ca0-aaa1-baecb781cc4a,2742825a-3e35-4f86-ae5a-aca92762e3ea,0c45aa19-09a8-49b8-a1cd-78d71641f104,8b82ff75-b76c-4bc9-8ca4-1fca69b2057d,40b1b399-4f67-4ce5-ab12-25455c6e00ee,a90ebb64-0fa9-410c-aea7-74001a143abf,2026-06-26T15:04:23.746066,Custom Deal - GreenField Capital,128477.67,2026-07-28T13:15:49.746101,a669f01c-9d90-47fe-b1f8-79740e2b0070,2026-05-31T22:33:25.746066,126bc002-0870-4341-a019-6dbae3d39a09
0d5e7db4-41c0-4fce-9c4d-85b63fc09269,2742825a-3e35-4f86-ae5a-aca92762e3ea,c87f192e-03c7-4296-89a6-30f213cadfc1,d24c4ea9-9591-479d-9c68-3488e47d46d3,40b1b399-4f67-4ce5-ab12-25455c6e00ee,a32a9963-f067-4cf4-991d-8078e2c5c2fd,2026-07-09T05:09:31.746124,Premium Deal - Sterling Finance,284149.72,2026-10-11T19:11:26.746150,126bc002-0870-4341-a019-6dbae3d39a09,2026-04-01T07:44:19.746124,a669f01c-9d90-47fe-b1f8-79740e2b0070
fc67b07c-0078-45d6-9094-77b716acd45b,2742825a-3e35-4f86-ae5a-aca92762e3ea,0875aa81-678b-4bfb-ad91-7a76e17a4b82,,40b1b399-4f67-4ce5-ab12-25455c6e00ee,dbe3ffdd-320a-48b5-8735-d634a039186b,2026-07-08T18:39:34.746162,Growth Deal - Platinum Partners,380617.28,2026-05-26T00:31:29.746178,8c0e1935-13b5-4990-a8a3-0be81dad1a78,2026-03-02T20:51:27.746162,a3cb50e2-619e-40b9-82fa-b0ae6c6c06ca
543042a3-b888-42c9-9784-fb755a633e01,2742825a-3e35-4f86-ae5a-aca92762e3ea,ec03badb-9a77-4554-95c2-9caea119d6f8,e516302d-bc5f-49ec-89d7-8ab4f328cce6,40b1b399-4f67-4ce5-ab12-25455c6e00ee,adf7b193-6eb9-4e68-af5f-08edb96c4ea4,2026-05-10T11:39:56.746189,Growth Deal - Bronze Gate,404205.56,2026-09-11T11:32:40.746205,20c3bda5-fea6-4ea8-a48c-7cd0305cde2d,2025-09-14T14:16:07.746189,fc5f1462-0be4-4ddf-81a8-aa82b5148124
e163960c-0dff-4009-95dc-87b7a4d08313,2742825a-3e35-4f86-ae5a-aca92762e3ea,23159fe9-6833-445b-8465-279d707ad4c3,,40b1b399-4f67-4ce5-ab12-25455c6e00ee,dbe3ffdd-320a-48b5-8735-d634a039186b,2026-05-14T17:26:10.746215,Premium Deal - Apex Health,366160.24,2026-05-18T06:28:30.746230,ae300c2a-88df-4b79-b08f-dabbd0efed46,2025-10-18T15:54:20.746215,c74050eb-0b79-4cba-8d19-adf0d3e0b9db
68ca2b04-28d2-46a7-b2de-8dfb5b803322,2742825a-3e35-4f86-ae5a-aca92762e3ea,ec03badb-9a77-4554-95c2-9caea119d6f8,,40b1b399-4f67-4ce5-ab12-25455c6e00ee,adf7b193-6eb9-4e68-af5f-08edb96c4ea4,2026-04-15T01:47:25.746244,Custom Deal - Crystal Corp,178487.09,2027-01-31T12:54:07.746259,a3cb50e2-619e-40b9-82fa-b0ae6c6c06ca,2025-08-14T13:00:26.746244,ae300c2a-88df-4b79-b08f-dabbd0efed46
1eec2e52-e880-470f-a569-78d376c8158e,2742825a-3e35-4f86-ae5a-aca92762e3ea,,,40b1b399-4f67-4ce5-ab12-25455c6e00ee,a32a9963-f067-4cf4-991d-8078e2c5c2fd,2026-06-29T12:36:15.746269,Starter Deal - Topaz Digital,12427.46,2027-01-05T06:24:47.746284,a669f01c-9d90-47fe-b1f8-79740e2b0070,2026-06-26T03:29:11.746269,a3cb50e2-619e-40b9-82fa-b0ae6c6c06ca
02bc07d6-6eb8-4280-99fc-45227404d48b,2742825a-3e35-4f86-ae5a-aca92762e3ea,d9d654f0-d147-4668-be66-1334ad263077,4b108beb-80e6-4598-9dcd-cc02dc17e4dc,40b1b399-4f67-4ce5-ab12-25455c6e00ee,be33354c-8aba-4e36-b209-bec256f9b7f1,2026-05-04T07:10:17.746301,Starter Deal - Coral Health,94929.68,2026-12-04T11:26:19.746317,fc5f1462-0be4-4ddf-81a8-aa82b5148124,2026-01-26T13:00:27.746301,c74050eb-0b79-4cba-8d19-adf0d3e0b9db
d25dc90e-30b7-43c1-9cae-e71bb0476863,2742825a-3e35-4f86-ae5a-aca92762e3ea,aeedfda3-832f-4b64-a244-8fddce2006f3,2ac5090d-d493-459b-8c9f-61e85d7b8454,40b1b399-4f67-4ce5-ab12-25455c6e00ee,37480c93-3991-4a43-9291-df21132d70bb,2026-07-14T05:04:43.746327,Custom Deal - SwiftScale,482219.13,2026-08-16T01:36:43.746343,fc5f1462-0be4-4ddf-81a8-aa82b5148124,2026-01-31T22:02:41.746327,126bc002-0870-4341-a019-6dbae3d39a09
458f1722-cfc7-46ec-a8db-39c5310bbed1,2742825a-3e35-4f86-ae5a-aca92762e3ea,,43522bc4-2625-4a2d-8763-6b0afa716bb2,40b1b399-4f67-4ce5-ab12-25455c6e00ee,adf7b193-6eb9-4e68-af5f-08edb96c4ea4,2026-07-29T22:09:35.746353,Growth Deal - Topaz Digital,185383.36,2027-01-04T12:58:39.746368,fdbc7119-6732-45ab-9136-cb056076a38a,2025-11-11T03:19:58.746353,8c0e1935-13b5-4990-a8a3-0be81dad1a78
3ee9f778-0afb-42e9-b1b0-d0b10170a626,2742825a-3e35-4f86-ae5a-aca92762e3ea,,,40b1b399-4f67-4ce5-ab12-25455c6e00ee,a90ebb64-0fa9-410c-aea7-74001a143abf,2026-01-08T21:22:33.746378,Premium Deal - Amber Industries,207179.01,2026-06-23T23:35:28.746392,64557d9f-67a1-4513-b6da-e641464f66bb,2025-11-20T19:32:23.746378,c74050eb-0b79-4cba-8d19-adf0d3e0b9db
0ec7b99e-7001-4ad4-9500-713a62580551,2742825a-3e35-4f86-ae5a-aca92762e3ea,bf9b14ad-1361-423c-b1d0-05042eb5488f,aff7f08c-687b-492c-8621-572a81d8f7d6,40b1b399-4f67-4ce5-ab12-25455c6e00ee,adf7b193-6eb9-4e68-af5f-08edb96c4ea4,2026-07-27T14:32:41.746403,Starter Deal - CloudPeak Analytics,400172.83,2027-01-28T20:49:34.746418,126bc002-0870-4341-a019-6dbae3d39a09,2025-12-30T08:27:38.746403,20c3bda5-fea6-4ea8-a48c-7cd0305cde2d
17d50f39-c7a7-429e-ad0f-24e70f62d510,2742825a-3e35-4f86-ae5a-aca92762e3ea,923f9d14-9d4f-45cd-8cd0-837884cba7f2,,40b1b399-4f67-4ce5-ab12-25455c6e00ee,a32a9963-f067-4cf4-991d-8078e2c5c2fd,2026-08-03T07:52:56.746428,Custom Deal - SwiftScale,118632.41,2027-01-14T15:37:43.746444,d7b70429-3c34-4940-81f0-2fd516ab47cb,2026-07-07T11:37:28.746428,20c3bda5-fea6-4ea8-a48c-7cd0305cde2d
a7e5fa8f-63dc-4b9e-a828-b4560acb88ee,2742825a-3e35-4f86-ae5a-aca92762e3ea,839b1bea-c25e-4d03-87e3-2b43330ec6fb,,40b1b399-4f67-4ce5-ab12-25455c6e00ee,dbe3ffdd-320a-48b5-8735-d634a039186b,2026-07-22T04:52:00.746454,Custom Deal - Horizon Media,453867.62,2026-06-04T21:23:35.746469,fdbc7119-6732-45ab-9136-cb056076a38a,2026-07-13T10:59:44.746454,20c3bda5-fea6-4ea8-a48c-7cd0305cde2d
804c1ef0-d3af-46fe-8d76-fe12eee8a975,2742825a-3e35-4f86-ae5a-aca92762e3ea,,,40b1b399-4f67-4ce5-ab12-25455c6e00ee,a32a9963-f067-4cf4-991d-8078e2c5c2fd,2026-02-19T16:40:14.746478,Custom Deal - Silver Stream,275094.83,2026-10-24T13:56:01.746492,fc5f1462-0be4-4ddf-81a8-aa82b5148124,2026-02-17T09:00:53.746478,d7b70429-3c34-4940-81f0-2fd516ab47cb
6ffc8dae-61db-4105-9ee1-4364480e8220,2742825a-3e35-4f86-ae5a-aca92762e3ea,4ea5b0bc-a908-409c-b2ea-065570faf217,,40b1b399-4f67-4ce5-ab12-25455c6e00ee,dbe3ffdd-320a-48b5-8735-d634a039186b,2026-06-24T09:18:30.746502,Premium Deal - ClearView Corp,281543.47,2026-05-27T01:23:55.746517,ae300c2a-88df-4b79-b08f-dabbd0efed46,2025-11-06T14:43:16.746502,126bc002-0870-4341-a019-6dbae3d39a09
2f2392cf-3809-4170-aefc-f58c8f5c59b2,2742825a-3e35-4f86-ae5a-aca92762e3ea,08f4319a-29c2-41db-8bb8-ae665b37d8ea,4b108beb-80e6-4598-9dcd-cc02dc17e4dc,40b1b399-4f67-4ce5-ab12-25455c6e00ee,be33354c-8aba-4e36-b209-bec256f9b7f1,2026-06-25T04:25:13.746528,Enterprise Deal - Zenith Partners,321830.52,2026-09-07T18:04:23.746543,64557d9f-67a1-4513-b6da-e641464f66bb,2026-06-13T12:32:45.746528,126bc002-0870-4341-a019-6dbae3d39a09
4e0ca00f-5ee7-427f-8e76-6cbaf91f5430,2742825a-3e35-4f86-ae5a-aca92762e3ea,197eb98c-033b-4fd6-98b3-7d95dfd0bf1d,,40b1b399-4f67-4ce5-ab12-25455c6e00ee,be33354c-8aba-4e36-b209-bec256f9b7f1,2026-01-21T08:35:40.746561,Enterprise Deal - Quantum Dynamics,48351.32,2026-09-11T23:25:34.746577,fc5f1462-0be4-4ddf-81a8-aa82b5148124,2025-11-10T09:38:39.746561,56bbe842-f0da-4e30-a46c-38025bfb382e
b15ee43c-f377-48fc-b863-7fcd6c9a2b1a,2742825a-3e35-4f86-ae5a-aca92762e3ea,,9ab8b24e-3d84-4204-9288-d34ceefe9bc6,40b1b399-4f67-4ce5-ab12-25455c6e00ee,dbe3ffdd-320a-48b5-8735-d634a039186b,2025-12-23T20:38:26.746587,Premium Deal - Forge Industries,209879.57,2026-04-21T00:56:45.746605,56bbe842-f0da-4e30-a46c-38025bfb382e,2025-11-23T12:46:09.746587,20c3bda5-fea6-4ea8-a48c-7cd0305cde2d
006581aa-3022-4977-9cba-5b89272202a7,2742825a-3e35-4f86-ae5a-aca92762e3ea,68366210-6ec0-49cd-a6dc-4501430cad0a,25b004aa-eb9b-4f89-8cb1-de7862c9a4d6,40b1b399-4f67-4ce5-ab12-25455c6e00ee,37480c93-3991-4a43-9291-df21132d70bb,2026-06-04T03:31:44.746616,Premium Deal - Opal Solutions,425283.76,2026-10-30T09:31:01.746633,b7d19994-038b-4dbe-8e38-5141d55ae804,2026-04-17T04:23:19.746616,20c3bda5-fea6-4ea8-a48c-7cd0305cde2d
1bdb2748-2234-4fc9-8468-53ecf558df65,2742825a-3e35-4f86-ae5a-aca92762e3ea,d9d654f0-d147-4668-be66-1334ad263077,,40b1b399-4f67-4ce5-ab12-25455c6e00ee,dbe3ffdd-320a-48b5-8735-d634a039186b,2026-06-27T05:57:48.746648,Enterprise Deal - IronClad Security,316723.46,2026-05-06T02:21:00.746664,ae300c2a-88df-4b79-b08f-dabbd0efed46,2026-06-02T14:44:23.746648,ae300c2a-88df-4b79-b08f-dabbd0efed46
cf1546ea-a76d-4092-8ad4-c8c7eb9827b3,2742825a-3e35-4f86-ae5a-aca92762e3ea,0a84062a-05f5-4bfa-ad03-6e2b17750a69,,40b1b399-4f67-4ce5-ab12-25455c6e00ee,be33354c-8aba-4e36-b209-bec256f9b7f1,2026-02-14T17:33:10.746674,Growth Deal - Ruby Software,205623.4,2026-12-21T05:34:08.746689,20c3bda5-fea6-4ea8-a48c-7cd0305cde2d,2026-01-28T13:24:53.746674,b7d19994-038b-4dbe-8e38-5141d55ae804
dc40b95a-68b7-46f9-938b-6f1fdfe4154a,2742825a-3e35-4f86-ae5a-aca92762e3ea,44774a11-39fa-469c-961c-1c7439cbda08,3885d3bb-4ec9-4583-8636-b84bad7cbce8,40b1b399-4f67-4ce5-ab12-25455c6e00ee,a32a9963-f067-4cf4-991d-8078e2c5c2fd,2026-05-14T02:59:52.746699,Custom Deal - Crystal Corp,336950.01,2026-08-16T21:41:27.746714,fc5f1462-0be4-4ddf-81a8-aa82b5148124,2025-10-02T18:21:59.746699,8c0e1935-13b5-4990-a8a3-0be81dad1a78
013ca7ae-e845-42ae-a4db-8b40558d5d45,2742825a-3e35-4f86-ae5a-aca92762e3ea,f4e2fc2d-cb5a-4963-9dec-7093b317b6aa,c064a9d2-b45b-432d-be7a-edae9ef1bb39,40b1b399-4f67-4ce5-ab12-25455c6e00ee,37480c93-3991-4a43-9291-df21132d70bb,2026-05-14T04:17:03.746725,Growth Deal - ClearView Corp,101410.6,2026-12-27T06:28:42.746740,fc5f1462-0be4-4ddf-81a8-aa82b5148124,2025-12-28T11:26:22.746725,c74050eb-0b79-4cba-8d19-adf0d3e0b9db
08cac455-b4ca-4ff1-9068-89ed6c4cef23,2742825a-3e35-4f86-ae5a-aca92762e3ea,3e2ce3ea-70e6-4ea8-96a0-8e88740ed303,,40b1b399-4f67-4ce5-ab12-25455c6e00ee,37480c93-3991-4a43-9291-df21132d70bb,2026-02-02T23:16:18.746750,Starter Deal - Onyx Data,109877.97,2026-09-12T23:54:59.746766,ae300c2a-88df-4b79-b08f-dabbd0efed46,2025-10-14T04:23:16.746750,126bc002-0870-4341-a019-6dbae3d39a09
bbbf042a-c593-4288-b78f-2cf411239857,2742825a-3e35-4f86-ae5a-aca92762e3ea,5f514dd3-1749-4684-8019-f3709b2c28bf,a227bc78-18c0-40d7-b089-f652cee8527f,40b1b399-4f67-4ce5-ab12-25455c6e00ee,adf7b193-6eb9-4e68-af5f-08edb96c4ea4,2025-10-20T04:00:17.746776,Starter Deal - Iron Mountain,196890.12,2026-08-09T22:23:07.746792,fdbc7119-6732-45ab-9136-cb056076a38a,2025-09-12T14:42:33.746776,1f4e14bd-50ce-450c-ab7d-5e06108ba712
d2988478-24fc-4ce8-a6bf-f1f20e287d24,2742825a-3e35-4f86-ae5a-aca92762e3ea,b3f98db5-4624-4934-b71b-3bcebb500a10,a6376469-551a-4a9d-81cb-380635ea9154,40b1b399-4f67-4ce5-ab12-25455c6e00ee,a90ebb64-0fa9-410c-aea7-74001a143abf,2026-06-06T22:50:44.746803,Growth Deal - Velocity Labs,194014.83,2026-07-19T09:31:46.746818,ae300c2a-88df-4b79-b08f-dabbd0efed46,2026-03-24T01:12:49.746803,126bc002-0870-4341-a019-6dbae3d39a09
70970240-8b6e-474a-8f4e-9cddea85dcf3,2742825a-3e35-4f86-ae5a-aca92762e3ea,54aece36-8b3f-4005-aa49-bc12b432f531,959bbaf9-eacc-4d5b-9bb1-66d17192ecc2,40b1b399-4f67-4ce5-ab12-25455c6e00ee,dbe3ffdd-320a-48b5-8735-d634a039186b,2026-06-09T00:09:04.746832,Premium Deal - Quantum Dynamics,26914.45,2026-05-04T15:24:29.746849,ae300c2a-88df-4b79-b08f-dabbd0efed46,2026-03-30T06:06:30.746832,a669f01c-9d90-47fe-b1f8-79740e2b0070
65819f42-5d09-4b4e-b1e2-b77675dbd660,2742825a-3e35-4f86-ae5a-aca92762e3ea,55259739-f702-4aff-9b5f-51b4be5ef6c3,,40b1b399-4f67-4ce5-ab12-25455c6e00ee,37480c93-3991-4a43-9291-df21132d70bb,2026-07-21T23:20:17.746859,Premium Deal - Horizon Media,426571.18,2026-12-02T09:18:10.746878,a3cb50e2-619e-40b9-82fa-b0ae6c6c06ca,2026-06-26T05:07:15.746859,4a7a2306-6666-4f6b-9b4e-18f69f445d60
7855331a-d84f-4149-93db-e80aaad75f3c,2742825a-3e35-4f86-ae5a-aca92762e3ea,093a02d1-87ed-49ec-af7e-97e96032c2f0,249aeaa9-11e7-4a5d-bcfa-f7095831a8d9,40b1b399-4f67-4ce5-ab12-25455c6e00ee,37480c93-3991-4a43-9291-df21132d70bb,2026-07-25T08:09:17.746888,Premium Deal - BlueShift Labs,139431.99,2026-10-10T22:00:33.746909,56bbe842-f0da-4e30-a46c-38025bfb382e,2026-07-24T09:50:58.746888,c74050eb-0b79-4cba-8d19-adf0d3e0b9db
22eb2a2e-65ed-4d3c-82d1-f3c12b98f72a,2742825a-3e35-4f86-ae5a-aca92762e3ea,,1b4b7738-56c7-4c85-b4fa-bd8025b07d5a,40b1b399-4f67-4ce5-ab12-25455c6e00ee,dbe3ffdd-320a-48b5-8735-d634a039186b,2026-08-06T07:43:42.746919,Custom Deal - Sterling Finance,109932.15,2026-06-13T08:11:01.746934,a669f01c-9d90-47fe-b1f8-79740e2b0070,2026-08-06T06:44:43.746919,fc5f1462-0be4-4ddf-81a8-aa82b5148124
e8252279-01db-4797-bd4b-ad070d383659,2742825a-3e35-4f86-ae5a-aca92762e3ea,,,40b1b399-4f67-4ce5-ab12-25455c6e00ee,be33354c-8aba-4e36-b209-bec256f9b7f1,2026-03-04T19:06:16.746944,Growth Deal - DataFlow Systems,335548.09,2026-08-12T07:17:02.746959,4a7a2306-6666-4f6b-9b4e-18f69f445d60,2026-02-14T10:10:13.746944,1f4e14bd-50ce-450c-ab7d-5e06108ba712
05781f9b-a950-48be-9f21-568add2110e8,2742825a-3e35-4f86-ae5a-aca92762e3ea,ea7314ea-c7dc-4be1-b200-5ec19c119196,a6465d21-d3ab-47eb-b42a-a737c82ec63d,40b1b399-4f67-4ce5-ab12-25455c6e00ee,dbe3ffdd-320a-48b5-8735-d634a039186b,2026-08-04T22:18:43.746974,Starter Deal - Forge Industries,177437.94,2026-06-28T19:53:12.746990,8c0e1935-13b5-4990-a8a3-0be81dad1a78,2026-02-27T11:57:17.746974,a669f01c-9d90-47fe-b1f8-79740e2b0070
5d094a16-0b7d-4a33-b3d6-c8760bb70545,2742825a-3e35-4f86-ae5a-aca92762e3ea,712989e3-8e58-4ec1-a691-b824a836c0d3,,40b1b399-4f67-4ce5-ab12-25455c6e00ee,adf7b193-6eb9-4e68-af5f-08edb96c4ea4,2026-04-04T21:19:46.747001,Premium Deal - Summit Analytics,82846.72,2026-10-27T10:34:43.747016,a3cb50e2-619e-40b9-82fa-b0ae6c6c06ca,2026-01-03T03:10:33.747001,b7d19994-038b-4dbe-8e38-5141d55ae804
fe0588fc-e613-4709-be4c-bc029d4fc543,2742825a-3e35-4f86-ae5a-aca92762e3ea,4275845f-ff04-48fa-85ac-3ab599e4e706,,40b1b399-4f67-4ce5-ab12-25455c6e00ee,a90ebb64-0fa9-410c-aea7-74001a143abf,2026-04-24T15:21:16.747026,Growth Deal - SwiftScale,300426.25,2026-07-11T13:31:50.747041,56bbe842-f0da-4e30-a46c-38025bfb382e,2025-08-28T18:02:26.747026,fc5f1462-0be4-4ddf-81a8-aa82b5148124
71197fa3-89cd-4f7a-abf5-343419d1e427,2742825a-3e35-4f86-ae5a-aca92762e3ea,,9ab8b24e-3d84-4204-9288-d34ceefe9bc6,40b1b399-4f67-4ce5-ab12-25455c6e00ee,be33354c-8aba-4e36-b209-bec256f9b7f1,2026-02-03T18:12:17.747052,Enterprise Deal - SwiftScale,195741.93,2026-11-08T19:35:46.747067,fc5f1462-0be4-4ddf-81a8-aa82b5148124,2026-02-02T16:11:24.747052,56bbe842-f0da-4e30-a46c-38025bfb382e
7988420c-5d78-49c4-b0b7-1fa5aa9803df,2742825a-3e35-4f86-ae5a-aca92762e3ea,dff45bca-1535-4865-a131-d749f6fcfd58,,40b1b399-4f67-4ce5-ab12-25455c6e00ee,a90ebb64-0fa9-410c-aea7-74001a143abf,2026-07-29T18:21:16.747077,Enterprise Deal - Jade Consulting,15171.26,2026-08-04T11:19:32.747092,a669f01c-9d90-47fe-b1f8-79740e2b0070,2026-07-18T14:28:04.747077,4a7a2306-6666-4f6b-9b4e-18f69f445d60
e8b2ff5d-740b-47fb-afa0-d1c678a6692e,2742825a-3e35-4f86-ae5a-aca92762e3ea,6bff9969-4273-4c8c-9472-75af6514161a,f3058a62-dcff-43b5-8d33-c86b9f82ea4d,40b1b399-4f67-4ce5-ab12-25455c6e00ee,a32a9963-f067-4cf4-991d-8078e2c5c2fd,2026-07-26T07:20:39.747106,Growth Deal - Pulse Digital,156524.07,2026-12-15T18:25:05.747122,fdbc7119-6732-45ab-9136-cb056076a38a,2026-05-06T19:08:31.747106,56bbe842-f0da-4e30-a46c-38025bfb382e
e77257cd-e607-4dfe-bc87-289f58193f88,2742825a-3e35-4f86-ae5a-aca92762e3ea,,,40b1b399-4f67-4ce5-ab12-25455c6e00ee,a32a9963-f067-4cf4-991d-8078e2c5c2fd,2026-02-27T22:50:35.747132,Premium Deal - Amber Industries,179916.67,2026-11-24T14:05:42.747173,126bc002-0870-4341-a019-6dbae3d39a09,2025-12-14T08:12:24.747132,4a7a2306-6666-4f6b-9b4e-18f69f445d60
b4d065e5-29b7-4982-8fd5-7bcda191e1a6,2742825a-3e35-4f86-ae5a-aca92762e3ea,5b30cad9-3ed9-424f-9a44-02323f3dd3f4,f6032bba-963f-44d8-b840-414890204888,40b1b399-4f67-4ce5-ab12-25455c6e00ee,a90ebb64-0fa9-410c-aea7-74001a143abf,2026-07-13T08:14:26.747195,Premium Deal - Amber Industries,328982.34,2026-05-23T09:38:25.747237,fdbc7119-6732-45ab-9136-cb056076a38a,2026-05-08T19:36:15.747195,126bc002-0870-4341-a019-6dbae3d39a09
b6c792de-9ea7-4645-b983-81976b60a6e1,2742825a-3e35-4f86-ae5a-aca92762e3ea,,96544f3e-eda4-4fa2-95d1-de6e5741e1a0,40b1b399-4f67-4ce5-ab12-25455c6e00ee,adf7b193-6eb9-4e68-af5f-08edb96c4ea4,2026-07-16T03:15:30.747280,Growth Deal - NovaTech Solutions,263455.97,2026-11-05T14:49:07.747312,1f4e14bd-50ce-450c-ab7d-5e06108ba712,2026-07-04T23:16:07.747280,4a7a2306-6666-4f6b-9b4e-18f69f445d60
5025fb1e-5ac8-473e-a75e-71776918c99e,2742825a-3e35-4f86-ae5a-aca92762e3ea,b5e5bb1e-e4c8-4233-a5e9-cb25f106649d,,40b1b399-4f67-4ce5-ab12-25455c6e00ee,adf7b193-6eb9-4e68-af5f-08edb96c4ea4,2026-06-02T20:51:26.747324,Starter Deal - Apex Health,224297.97,2026-09-19T20:49:00.747341,4a7a2306-6666-4f6b-9b4e-18f69f445d60,2026-04-26T08:50:31.747324,8c0e1935-13b5-4990-a8a3-0be81dad1a78
5ee9a4ba-b879-4ec1-8b39-7d2e18081b37,2742825a-3e35-4f86-ae5a-aca92762e3ea,,5da8802d-7cd7-4a7e-83be-7e89c0b43a20,40b1b399-4f67-4ce5-ab12-25455c6e00ee,a90ebb64-0fa9-410c-aea7-74001a143abf,2026-04-25T22:14:14.747351,Enterprise Deal - Apex Health,100449.17,2026-05-28T23:58:46.747366,a3cb50e2-619e-40b9-82fa-b0ae6c6c06ca,2026-04-09T07:28:41.747351,1f4e14bd-50ce-450c-ab7d-5e06108ba712
8907818c-8d3f-4ee9-b3c9-b4f74aa53632,2742825a-3e35-4f86-ae5a-aca92762e3ea,,,40b1b399-4f67-4ce5-ab12-25455c6e00ee,a32a9963-f067-4cf4-991d-8078e2c5c2fd,2026-06-17T20:37:30.747376,Custom Deal - Ruby Software,343382.08,2027-01-09T03:28:21.747391,fdbc7119-6732-45ab-9136-cb056076a38a,2025-09-21T00:30:47.747376,20c3bda5-fea6-4ea8-a48c-7cd0305cde2d
5af97066-1e1a-4eb3-9475-f24efc1d1315,2742825a-3e35-4f86-ae5a-aca92762e3ea,,,40b1b399-4f67-4ce5-ab12-25455c6e00ee,37480c93-3991-4a43-9291-df21132d70bb,2025-11-13T08:13:02.747401,Enterprise Deal - Prism Technologies,196740.12,2027-01-01T21:25:10.747416,a3cb50e2-619e-40b9-82fa-b0ae6c6c06ca,2025-08-08T14:26:46.747401,4a7a2306-6666-4f6b-9b4e-18f69f445d60
2759b0e2-e5fc-4c7b-a2dd-4e5eb6013186,2742825a-3e35-4f86-ae5a-aca92762e3ea,,,40b1b399-4f67-4ce5-ab12-25455c6e00ee,37480c93-3991-4a43-9291-df21132d70bb,2026-07-21T15:03:55.747430,Custom Deal - Forge Industries,199424.77,2026-09-04T06:48:03.747445,c74050eb-0b79-4cba-8d19-adf0d3e0b9db,2026-02-12T15:44:25.747430,d7b70429-3c34-4940-81f0-2fd516ab47cb
9e9b2b1c-8556-44a0-8a4f-f6886df33231,2742825a-3e35-4f86-ae5a-aca92762e3ea,4c07e2f8-b4d1-489d-8a45-23e7d75c552e,72ef423a-e2e4-4f4d-be1d-8c483f4e0a53,40b1b399-4f67-4ce5-ab12-25455c6e00ee,a32a9963-f067-4cf4-991d-8078e2c5c2fd,2026-06-19T10:29:20.747456,Custom Deal - Apex Health,449773.54,2027-01-24T11:36:14.747471,b7d19994-038b-4dbe-8e38-5141d55ae804,2026-04-30T02:07:58.747456,4a7a2306-6666-4f6b-9b4e-18f69f445d60
be8b8b2b-f545-4ca3-941e-4d3cff75eb25,2742825a-3e35-4f86-ae5a-aca92762e3ea,,e516302d-bc5f-49ec-89d7-8ab4f328cce6,40b1b399-4f67-4ce5-ab12-25455c6e00ee,37480c93-3991-4a43-9291-df21132d70bb,2026-07-07T18:11:49.747485,Growth Deal - Crystal Clear,217770.01,2026-11-04T20:05:24.747501,20c3bda5-fea6-4ea8-a48c-7cd0305cde2d,2026-03-24T16:31:56.747485,8c0e1935-13b5-4990-a8a3-0be81dad1a78
45803c99-c5ec-4ec2-af6c-77a1ec046dc9,2742825a-3e35-4f86-ae5a-aca92762e3ea,,,40b1b399-4f67-4ce5-ab12-25455c6e00ee,adf7b193-6eb9-4e68-af5f-08edb96c4ea4,2026-06-18T17:23:10.747510,Enterprise Deal - Forge Industries,205484.49,2026-11-28T15:22:59.747525,d7b70429-3c34-4940-81f0-2fd516ab47cb,2026-01-18T20:26:09.747510,8c0e1935-13b5-4990-a8a3-0be81dad1a78
f72999eb-3f16-433e-b35c-cfcbc2cc0145,2742825a-3e35-4f86-ae5a-aca92762e3ea,3b4be617-416a-4ca9-91bf-b6701ba6acff,,40b1b399-4f67-4ce5-ab12-25455c6e00ee,37480c93-3991-4a43-9291-df21132d70bb,2026-04-20T19:01:19.747536,Premium Deal - Titan Industries,487591.78,2026-12-27T04:01:27.747551,d7b70429-3c34-4940-81f0-2fd516ab47cb,2026-02-03T01:54:08.747536,64557d9f-67a1-4513-b6da-e641464f66bb
c9195c71-d1f4-4550-bbc5-67460fe24e65,2742825a-3e35-4f86-ae5a-aca92762e3ea,,,40b1b399-4f67-4ce5-ab12-25455c6e00ee,a90ebb64-0fa9-410c-aea7-74001a143abf,2026-05-13T16:18:47.747561,Enterprise Deal - Silver Stream,231215.21,2026-05-12T07:36:42.747575,fdbc7119-6732-45ab-9136-cb056076a38a,2025-09-20T07:09:14.747561,d7b70429-3c34-4940-81f0-2fd516ab47cb
4ffb2bd7-f69d-4468-8ff5-07f621045591,2742825a-3e35-4f86-ae5a-aca92762e3ea,68951467-2c9d-46e5-bb8e-33d8eaa39373,22795c5c-4f46-4450-a266-b8e9f7b236dd,40b1b399-4f67-4ce5-ab12-25455c6e00ee,a90ebb64-0fa9-410c-aea7-74001a143abf,2025-09-25T23:47:51.747586,Custom Deal - Ruby Software,78564.81,2026-04-19T03:22:05.747601,ae300c2a-88df-4b79-b08f-dabbd0efed46,2025-08-18T01:03:19.747586,1f4e14bd-50ce-450c-ab7d-5e06108ba712
c367b9e7-b94c-4859-9b9b-1e2d1e99722b,2742825a-3e35-4f86-ae5a-aca92762e3ea,,8626ff47-7148-48ab-a864-20c25929df83,40b1b399-4f67-4ce5-ab12-25455c6e00ee,37480c93-3991-4a43-9291-df21132d70bb,2026-08-05T15:22:38.747612,Enterprise Deal - Horizon Media,63255.43,2027-02-03T19:10:50.747627,ae300c2a-88df-4b79-b08f-dabbd0efed46,2026-07-29T05:49:25.747612,a669f01c-9d90-47fe-b1f8-79740e2b0070
246b5c70-4f10-4c91-aae8-8b72d019c8b1,2742825a-3e35-4f86-ae5a-aca92762e3ea,,,40b1b399-4f67-4ce5-ab12-25455c6e00ee,a90ebb64-0fa9-410c-aea7-74001a143abf,2026-03-02T00:22:36.747637,Enterprise Deal - Quantum Dynamics,226389.68,2026-05-05T11:59:27.747657,fdbc7119-6732-45ab-9136-cb056076a38a,2026-01-13T17:21:58.747637,b7d19994-038b-4dbe-8e38-5141d55ae804
d853c736-f8bd-4a77-a841-b85243a50981,2742825a-3e35-4f86-ae5a-aca92762e3ea,d4fbeef2-607e-4c43-a1c5-c23f4a806dfe,,40b1b399-4f67-4ce5-ab12-25455c6e00ee,dbe3ffdd-320a-48b5-8735-d634a039186b,2025-12-20T06:22:01.747668,Premium Deal - Cobalt Systems,289913.75,2026-06-30T14:02:34.747683,a669f01c-9d90-47fe-b1f8-79740e2b0070,2025-09-04T10:21:24.747668,fc5f1462-0be4-4ddf-81a8-aa82b5148124
3caaa51e-d893-4e3c-b84f-edefcc1d4bad,2742825a-3e35-4f86-ae5a-aca92762e3ea,c8431d4d-b2a1-4ff7-bb89-1a6c6fdcb7f2,,40b1b399-4f67-4ce5-ab12-25455c6e00ee,adf7b193-6eb9-4e68-af5f-08edb96c4ea4,2026-01-18T14:56:38.747693,Enterprise Deal - Silver Stream,351022.61,2026-12-06T06:51:31.747709,20c3bda5-fea6-4ea8-a48c-7cd0305cde2d,2025-08-19T12:47:11.747693,20c3bda5-fea6-4ea8-a48c-7cd0305cde2d
9fbd0044-51ee-4f00-b9f2-85d85c40de37,2742825a-3e35-4f86-ae5a-aca92762e3ea,270dba9b-e4b9-46bb-b13e-047087b1ae27,0cddb1d9-2fff-49b9-bdb1-9a882d3d8ba3,40b1b399-4f67-4ce5-ab12-25455c6e00ee,be33354c-8aba-4e36-b209-bec256f9b7f1,2026-06-24T04:30:44.747719,Premium Deal - CloudPeak Analytics,35639.76,2027-01-03T08:42:05.747735,4a7a2306-6666-4f6b-9b4e-18f69f445d60,2026-04-16T01:16:48.747719,a3cb50e2-619e-40b9-82fa-b0ae6c6c06ca
ec693ab3-35e6-428e-9f18-df29f296d3fd,2742825a-3e35-4f86-ae5a-aca92762e3ea,,,40b1b399-4f67-4ce5-ab12-25455c6e00ee,adf7b193-6eb9-4e68-af5f-08edb96c4ea4,2026-06-29T20:12:53.747748,Enterprise Deal - Amber Industries,227913.64,2026-09-01T08:32:32.747824,64557d9f-67a1-4513-b6da-e641464f66bb,2026-06-17T03:56:23.747748,fdbc7119-6732-45ab-9136-cb056076a38a
938657a4-77d1-4c85-b220-c22b3367a9a7,2742825a-3e35-4f86-ae5a-aca92762e3ea,1c6e3c46-1f81-43b3-9ee0-0c517e215b5e,,40b1b399-4f67-4ce5-ab12-25455c6e00ee,adf7b193-6eb9-4e68-af5f-08edb96c4ea4,2026-05-22T09:43:08.747836,Starter Deal - Cobalt Systems,29058.36,2026-12-20T13:42:59.747852,c74050eb-0b79-4cba-8d19-adf0d3e0b9db,2026-03-11T04:56:56.747836,fc5f1462-0be4-4ddf-81a8-aa82b5148124
52f55f34-1f0d-42a9-8533-c9f0c69e753c,2742825a-3e35-4f86-ae5a-aca92762e3ea,,,40b1b399-4f67-4ce5-ab12-25455c6e00ee,a32a9963-f067-4cf4-991d-8078e2c5c2fd,2026-05-18T13:49:15.747866,Enterprise Deal - Titan Industries,153778.85,2026-08-21T10:51:22.747881,d7b70429-3c34-4940-81f0-2fd516ab47cb,2025-09-12T14:12:34.747866,126bc002-0870-4341-a019-6dbae3d39a09
44389269-8d50-49f9-884d-13240a1e0f24,2742825a-3e35-4f86-ae5a-aca92762e3ea,e2140d27-9df3-4980-88b2-17563059fc7c,68ed22d9-f43e-4bb9-b61b-05568ed13b31,40b1b399-4f67-4ce5-ab12-25455c6e00ee,adf7b193-6eb9-4e68-af5f-08edb96c4ea4,2026-05-25T08:24:33.747892,Enterprise Deal - Bronze Gate,77176.81,2026-12-19T14:44:16.747907,d7b70429-3c34-4940-81f0-2fd516ab47cb,2026-04-10T23:02:57.747892,c74050eb-0b79-4cba-8d19-adf0d3e0b9db
b48bc216-2a32-4451-9ac5-0baf446c1152,2742825a-3e35-4f86-ae5a-aca92762e3ea,8749163b-2ff0-4d1a-8c47-d1e1d8616380,,40b1b399-4f67-4ce5-ab12-25455c6e00ee,adf7b193-6eb9-4e68-af5f-08edb96c4ea4,2026-02-27T14:42:45.747917,Custom Deal - Copper Systems,312580.31,2026-08-23T13:54:16.747932,a3cb50e2-619e-40b9-82fa-b0ae6c6c06ca,2025-12-21T11:11:09.747917,d7b70429-3c34-4940-81f0-2fd516ab47cb
39145567-dcaa-48f0-bf34-45ca0e2a6658,2742825a-3e35-4f86-ae5a-aca92762e3ea,,a227bc78-18c0-40d7-b089-f652cee8527f,40b1b399-4f67-4ce5-ab12-25455c6e00ee,be33354c-8aba-4e36-b209-bec256f9b7f1,2026-07-05T01:57:45.747942,Starter Deal - Sterling Finance,342561.53,2027-01-01T02:48:11.747957,d7b70429-3c34-4940-81f0-2fd516ab47cb,2026-04-18T20:21:11.747942,a669f01c-9d90-47fe-b1f8-79740e2b0070
cf3d10d7-0a1d-46f1-8c01-f4b2095117ee,2742825a-3e35-4f86-ae5a-aca92762e3ea,d1e409e5-482e-4852-924c-c4e9326adb35,dc3b51d8-5ebc-401d-8d2e-cdaa50c87cd1,40b1b399-4f67-4ce5-ab12-25455c6e00ee,dbe3ffdd-320a-48b5-8735-d634a039186b,2026-05-15T16:28:08.747968,Enterprise Deal - Fusion Analytics,207530.33,2026-05-28T04:50:14.747984,fdbc7119-6732-45ab-9136-cb056076a38a,2026-02-18T05:07:10.747968,a3cb50e2-619e-40b9-82fa-b0ae6c6c06ca
81d04eb7-19d1-40ee-8f27-d94391de1298,2742825a-3e35-4f86-ae5a-aca92762e3ea,69fdc77b-9457-42a6-9cda-bdbeeb983ce7,68ed22d9-f43e-4bb9-b61b-05568ed13b31,40b1b399-4f67-4ce5-ab12-25455c6e00ee,37480c93-3991-4a43-9291-df21132d70bb,2025-12-09T10:33:43.747994,Premium Deal - Crystal Corp,342385.66,2026-09-03T21:40:42.748009,126bc002-0870-4341-a019-6dbae3d39a09,2025-08-19T04:22:36.747994,8c0e1935-13b5-4990-a8a3-0be81dad1a78
d50d4038-94cd-4e1e-b7ce-766771fa8332,2742825a-3e35-4f86-ae5a-aca92762e3ea,53f3b822-525c-4423-b057-e0a0bfd3464d,,40b1b399-4f67-4ce5-ab12-25455c6e00ee,a90ebb64-0fa9-410c-aea7-74001a143abf,2026-03-10T06:25:45.748020,Custom Deal - Velocity Labs,169036.4,2026-08-01T23:47:15.748035,126bc002-0870-4341-a019-6dbae3d39a09,2026-02-28T22:27:06.748020,8c0e1935-13b5-4990-a8a3-0be81dad1a78
8a35b909-1990-4a68-86bb-72309df2463e,2742825a-3e35-4f86-ae5a-aca92762e3ea,cf1cb4ea-7f5c-46c9-8236-a57383c49d40,dce7cf5b-14ef-40b0-a462-b6290c538834,40b1b399-4f67-4ce5-ab12-25455c6e00ee,37480c93-3991-4a43-9291-df21132d70bb,2026-07-03T12:55:10.748045,Growth Deal - Copper Systems,83135.38,2027-02-05T00:52:46.748060,d7b70429-3c34-4940-81f0-2fd516ab47cb,2026-05-18T23:42:19.748045,8c0e1935-13b5-4990-a8a3-0be81dad1a78
1469f50c-5b7c-4b65-9d01-c98695bcf3a2,2742825a-3e35-4f86-ae5a-aca92762e3ea,,,40b1b399-4f67-4ce5-ab12-25455c6e00ee,37480c93-3991-4a43-9291-df21132d70bb,2026-06-01T23:14:47.748073,Premium Deal - Iron Mountain,464204.01,2026-11-14T02:43:01.748088,4a7a2306-6666-4f6b-9b4e-18f69f445d60,2026-05-15T14:02:57.748073,64557d9f-67a1-4513-b6da-e641464f66bb
9137ab9e-872e-4f39-9afc-970f81c845c0,2742825a-3e35-4f86-ae5a-aca92762e3ea,a2cafd08-fbc6-4ed9-8fac-479bdef6e79f,43522bc4-2625-4a2d-8763-6b0afa716bb2,40b1b399-4f67-4ce5-ab12-25455c6e00ee,adf7b193-6eb9-4e68-af5f-08edb96c4ea4,2026-06-16T05:02:09.748099,Growth Deal - Titan Industries,318661.03,2026-10-27T04:12:20.748114,1f4e14bd-50ce-450c-ab7d-5e06108ba712,2026-05-07T21:29:51.748099,a3cb50e2-619e-40b9-82fa-b0ae6c6c06ca
87ea8eab-473d-4380-be41-b152eb70a88e,2742825a-3e35-4f86-ae5a-aca92762e3ea,bb83f148-7611-4d4f-8f16-0744fcdffc51,55b6deae-6cdf-456f-937a-58ad5b2e12d7,40b1b399-4f67-4ce5-ab12-25455c6e00ee,37480c93-3991-4a43-9291-df21132d70bb,2025-12-22T20:04:00.748125,Enterprise Deal - DataFlow Systems,220431.65,2026-12-17T02:34:27.748140,64557d9f-67a1-4513-b6da-e641464f66bb,2025-08-08T15:41:25.748125,b7d19994-038b-4dbe-8e38-5141d55ae804
90965e98-b8e5-4e8f-96da-f0da2bbd9abf,2742825a-3e35-4f86-ae5a-aca92762e3ea,48330cc1-5df7-4734-89d9-85f41d37284a,,40b1b399-4f67-4ce5-ab12-25455c6e00ee,37480c93-3991-4a43-9291-df21132d70bb,2025-10-30T10:17:11.748153,Custom Deal - RedRock Ventures,110242.92,2027-01-29T20:44:46.748168,a3cb50e2-619e-40b9-82fa-b0ae6c6c06ca,2025-10-07T19:46:14.748153,a3cb50e2-619e-40b9-82fa-b0ae6c6c06ca
b41144db-7e96-457c-9ae2-088d573ea797,2742825a-3e35-4f86-ae5a-aca92762e3ea,,edcdc2d4-4a47-4b53-8364-9204a894aa6d,40b1b399-4f67-4ce5-ab12-25455c6e00ee,a32a9963-f067-4cf4-991d-8078e2c5c2fd,2026-05-28T07:50:26.748178,Growth Deal - Vanguard Systems,249506.38,2026-12-15T00:51:43.748192,20c3bda5-fea6-4ea8-a48c-7cd0305cde2d,2026-05-15T14:09:36.748178,b7d19994-038b-4dbe-8e38-5141d55ae804
0a866e25-7b31-4231-92bc-2ded71b9b216,2742825a-3e35-4f86-ae5a-aca92762e3ea,,4a8849f7-531c-4451-b414-d0e15cad4ba4,40b1b399-4f67-4ce5-ab12-25455c6e00ee,37480c93-3991-4a43-9291-df21132d70bb,2026-06-27T10:45:05.748202,Starter Deal - ClearView Corp,410100.14,2026-10-13T08:34:48.748222,fc5f1462-0be4-4ddf-81a8-aa82b5148124,2026-06-13T04:40:45.748202,1f4e14bd-50ce-450c-ab7d-5e06108ba712
a93b8fd0-e3ec-43ec-a413-e3365b869033,2742825a-3e35-4f86-ae5a-aca92762e3ea,4f2c7fd9-0e83-473d-a25c-d62e1a769163,090125d2-9b1b-41d3-95df-e6b8f4b95a2d,40b1b399-4f67-4ce5-ab12-25455c6e00ee,be33354c-8aba-4e36-b209-bec256f9b7f1,2026-07-21T14:22:18.748232,Custom Deal - Onyx Data,301924.62,2026-09-13T11:44:09.748254,4a7a2306-6666-4f6b-9b4e-18f69f445d60,2026-07-20T18:12:46.748232,b7d19994-038b-4dbe-8e38-5141d55ae804
8a4cc1fc-6040-46d6-b181-d6b245adc5ba,2742825a-3e35-4f86-ae5a-aca92762e3ea,251c756c-8288-46a2-9861-52576471e224,aff7f08c-687b-492c-8621-572a81d8f7d6,40b1b399-4f67-4ce5-ab12-25455c6e00ee,be33354c-8aba-4e36-b209-bec256f9b7f1,2026-05-04T15:36:51.748265,Starter Deal - Ruby Software,381085.38,2026-12-19T23:57:11.748281,c74050eb-0b79-4cba-8d19-adf0d3e0b9db,2026-05-02T22:05:39.748265,fc5f1462-0be4-4ddf-81a8-aa82b5148124
aca69bcb-f72c-4f99-84b6-e5acddd203d6,2742825a-3e35-4f86-ae5a-aca92762e3ea,eadd9ec9-435d-4ca4-bce4-fbc20c899c41,,40b1b399-4f67-4ce5-ab12-25455c6e00ee,37480c93-3991-4a43-9291-df21132d70bb,2026-07-10T04:27:09.748291,Enterprise Deal - ClearView Corp,472915.01,2026-09-20T10:58:06.748307,a669f01c-9d90-47fe-b1f8-79740e2b0070,2026-03-31T17:50:30.748291,56bbe842-f0da-4e30-a46c-38025bfb382e
adaadfa1-00f1-41ef-a00c-832297082feb,2742825a-3e35-4f86-ae5a-aca92762e3ea,d6e9215e-c84a-487f-b4eb-66a8fbcdb0b9,0abe9f6b-7a76-495b-8668-7c751107bdb6,40b1b399-4f67-4ce5-ab12-25455c6e00ee,a90ebb64-0fa9-410c-aea7-74001a143abf,2026-06-10T22:28:23.748317,Starter Deal - GreenField Capital,75439.44,2026-05-28T13:12:29.748354,fc5f1462-0be4-4ddf-81a8-aa82b5148124,2026-05-26T03:02:02.748317,a3cb50e2-619e-40b9-82fa-b0ae6c6c06ca
c99d019d-ccd8-495d-8910-5769a4d163ce,2742825a-3e35-4f86-ae5a-aca92762e3ea,77618ea1-cbd3-4da6-93de-3e27b894862f,4d86e3ec-eb93-4daa-99b2-4bcd247cca90,40b1b399-4f67-4ce5-ab12-25455c6e00ee,adf7b193-6eb9-4e68-af5f-08edb96c4ea4,2026-07-30T23:54:53.748384,Custom Deal - IronClad Security,201738.4,2027-01-01T11:46:13.748426,fc5f1462-0be4-4ddf-81a8-aa82b5148124,2026-05-28T17:56:42.748384,ae300c2a-88df-4b79-b08f-dabbd0efed46
7c00ae86-0f10-4ffd-bb94-45e5f7a4c77b,2742825a-3e35-4f86-ae5a-aca92762e3ea,,c8f8514d-fc29-44d5-83c7-891a364158cd,40b1b399-4f67-4ce5-ab12-25455c6e00ee,37480c93-3991-4a43-9291-df21132d70bb,2026-07-05T13:59:21.748437,Premium Deal - DataFlow Systems,208902.31,2026-10-27T01:11:39.748453,a3cb50e2-619e-40b9-82fa-b0ae6c6c06ca,2026-05-29T20:42:20.748437,20c3bda5-fea6-4ea8-a48c-7cd0305cde2d
720ffd87-8953-4ad9-b35b-fa35086982b5,2742825a-3e35-4f86-ae5a-aca92762e3ea,4c645044-17fb-4999-8601-28d1f9a41c10,4fa1c952-fe94-4795-9b42-8365728eae80,40b1b399-4f67-4ce5-ab12-25455c6e00ee,37480c93-3991-4a43-9291-df21132d70bb,2026-05-07T12:40:43.748463,Premium Deal - Nimbus Networks,482690.04,2027-01-01T06:15:14.748480,64557d9f-67a1-4513-b6da-e641464f66bb,2026-04-25T12:07:30.748463,4a7a2306-6666-4f6b-9b4e-18f69f445d60
d12eddc8-1471-4001-b0ef-62596c2da312,2742825a-3e35-4f86-ae5a-aca92762e3ea,,,40b1b399-4f67-4ce5-ab12-25455c6e00ee,adf7b193-6eb9-4e68-af5f-08edb96c4ea4,2026-07-15T14:34:29.748489,Enterprise Deal - Forge Industries,348994.59,2026-11-25T14:31:54.748504,fc5f1462-0be4-4ddf-81a8-aa82b5148124,2026-07-15T01:57:02.748489,1f4e14bd-50ce-450c-ab7d-5e06108ba712
c371188d-4028-4454-a890-af56ec72cf64,2742825a-3e35-4f86-ae5a-aca92762e3ea,6d25ba8d-6e64-4e29-b555-22f4b2087d1b,,40b1b399-4f67-4ce5-ab12-25455c6e00ee,dbe3ffdd-320a-48b5-8735-d634a039186b,2026-05-30T05:49:29.748515,Premium Deal - NexGen Software,26833.35,2026-06-01T01:49:05.748530,8c0e1935-13b5-4990-a8a3-0be81dad1a78,2026-04-12T20:17:33.748515,a669f01c-9d90-47fe-b1f8-79740e2b0070
2087d4db-55ef-4f90-970e-6a9b1b61cfb1,2742825a-3e35-4f86-ae5a-aca92762e3ea,10f2ee40-abb2-44bb-ac1c-65beaa00f335,,40b1b399-4f67-4ce5-ab12-25455c6e00ee,37480c93-3991-4a43-9291-df21132d70bb,2026-08-02T10:00:05.748540,Premium Deal - Ruby Software,142889.57,2026-09-10T21:44:31.748556,a669f01c-9d90-47fe-b1f8-79740e2b0070,2026-06-14T17:39:51.748540,fc5f1462-0be4-4ddf-81a8-aa82b5148124
6d8eee43-eb31-45fc-b8c5-af34d7765342,2742825a-3e35-4f86-ae5a-aca92762e3ea,8a196fc7-2c96-4193-aca0-fe5dda608269,9ab8b24e-3d84-4204-9288-d34ceefe9bc6,40b1b399-4f67-4ce5-ab12-25455c6e00ee,a32a9963-f067-4cf4-991d-8078e2c5c2fd,2026-07-26T11:23:21.748566,Growth Deal - Apex Innovations,320591.14,2026-09-15T09:39:23.748581,64557d9f-67a1-4513-b6da-e641464f66bb,2026-04-15T14:34:15.748566,126bc002-0870-4341-a019-6dbae3d39a09
febd6651-475e-4ec5-b1e4-d61105029b4a,2742825a-3e35-4f86-ae5a-aca92762e3ea,,5d4ee9e0-4967-44f9-a045-b1b4616c0718,40b1b399-4f67-4ce5-ab12-25455c6e00ee,adf7b193-6eb9-4e68-af5f-08edb96c4ea4,2025-10-20T15:50:18.748591,Enterprise Deal - GreenField Capital,97471.95,2026-09-01T10:44:58.748606,126bc002-0870-4341-a019-6dbae3d39a09,2025-10-01T14:38:31.748591,a3cb50e2-619e-40b9-82fa-b0ae6c6c06ca
4403b2e1-bd9b-4148-864a-7ead78efb85c,2742825a-3e35-4f86-ae5a-aca92762e3ea,,ee5b685a-75b4-4a9c-9767-558a3fb0340e,40b1b399-4f67-4ce5-ab12-25455c6e00ee,dbe3ffdd-320a-48b5-8735-d634a039186b,2026-08-02T15:31:57.748615,Custom Deal - Silver Stream,328429.88,2026-07-15T04:22:37.748630,126bc002-0870-4341-a019-6dbae3d39a09,2026-07-12T08:28:23.748615,a3cb50e2-619e-40b9-82fa-b0ae6c6c06ca
2d17aa92-7577-4f9e-a42a-f5a871916cb7,2742825a-3e35-4f86-ae5a-aca92762e3ea,4ac11c1b-7a21-4704-974a-a993ab5530a6,,40b1b399-4f67-4ce5-ab12-25455c6e00ee,37480c93-3991-4a43-9291-df21132d70bb,2026-04-13T21:37:35.748647,Growth Deal - CloudPeak Analytics,310046.39,2027-01-09T00:57:24.748668,d7b70429-3c34-4940-81f0-2fd516ab47cb,2025-09-22T21:02:07.748647,fc5f1462-0be4-4ddf-81a8-aa82b5148124
b28d55b8-cfeb-4ef1-b936-71d8d7f61ca9,2742825a-3e35-4f86-ae5a-aca92762e3ea,1cae06fd-a22d-4a67-b172-fb368c4b76c4,,40b1b399-4f67-4ce5-ab12-25455c6e00ee,37480c93-3991-4a43-9291-df21132d70bb,2026-03-06T16:03:05.748682,Growth Deal - Catalyst Group,324400.84,2026-10-29T01:30:36.748698,56bbe842-f0da-4e30-a46c-38025bfb382e,2025-08-24T08:02:25.748682,d7b70429-3c34-4940-81f0-2fd516ab47cb
79729615-82e5-4b76-b9c7-cd3ba573e525,2742825a-3e35-4f86-ae5a-aca92762e3ea,7ce5afc5-3605-4470-a654-04e617aba00e,58a0f5f3-e63d-482b-b288-19d1a711da92,40b1b399-4f67-4ce5-ab12-25455c6e00ee,a90ebb64-0fa9-410c-aea7-74001a143abf,2025-12-04T05:03:46.748709,Starter Deal - Zenith Partners,116821.29,2026-07-02T02:19:19.748725,fc5f1462-0be4-4ddf-81a8-aa82b5148124,2025-12-02T00:19:43.748709,ae300c2a-88df-4b79-b08f-dabbd0efed46
ec7afe26-9baf-4613-a8d3-0b14fddd52da,2742825a-3e35-4f86-ae5a-aca92762e3ea,,,40b1b399-4f67-4ce5-ab12-25455c6e00ee,be33354c-8aba-4e36-b209-bec256f9b7f1,2026-06-08T21:31:02.748735,Enterprise Deal - EverGreen Solutions,302826.88,2026-09-08T18:29:41.748750,4a7a2306-6666-4f6b-9b4e-18f69f445d60,2026-02-09T16:48:25.748735,b7d19994-038b-4dbe-8e38-5141d55ae804
1fd56119-79c1-4430-a044-6989846f7977,2742825a-3e35-4f86-ae5a-aca92762e3ea,397c4fa5-edec-4530-b4d5-263555bac506,,40b1b399-4f67-4ce5-ab12-25455c6e00ee,dbe3ffdd-320a-48b5-8735-d634a039186b,2026-08-07T02:05:26.748760,Enterprise Deal - DataFlow Systems,11716.41,2026-07-23T12:05:54.748775,d7b70429-3c34-4940-81f0-2fd516ab47cb,2026-08-07T02:05:26.748760,a669f01c-9d90-47fe-b1f8-79740e2b0070
a766a7e1-e3ae-4214-a4e6-01cf7a51f3c8,2742825a-3e35-4f86-ae5a-aca92762e3ea,e22a56b5-5c1c-49ff-bd39-6eb88a1c8bb4,aff7f08c-687b-492c-8621-572a81d8f7d6,40b1b399-4f67-4ce5-ab12-25455c6e00ee,adf7b193-6eb9-4e68-af5f-08edb96c4ea4,2026-07-28T05:02:42.748785,Growth Deal - CloudPeak Analytics,432685.02,2027-01-11T02:01:17.748801,c74050eb-0b79-4cba-8d19-adf0d3e0b9db,2026-07-06T07:08:11.748785,1f4e14bd-50ce-450c-ab7d-5e06108ba712
feb1acee-644f-48ac-a0bc-8d7d8b5b0eb8,2742825a-3e35-4f86-ae5a-aca92762e3ea,,4cbb419a-e96b-4b9e-8bb8-98130e75785f,40b1b399-4f67-4ce5-ab12-25455c6e00ee,be33354c-8aba-4e36-b209-bec256f9b7f1,2026-02-08T11:29:17.748811,Custom Deal - Opal Solutions,97404.61,2026-12-13T21:33:55.748826,a669f01c-9d90-47fe-b1f8-79740e2b0070,2025-10-29T02:06:44.748811,1f4e14bd-50ce-450c-ab7d-5e06108ba712
617402d4-3681-4d69-abe4-5dcbf7c4602d,2742825a-3e35-4f86-ae5a-aca92762e3ea,d3374455-9681-41c6-bcd2-16e80bb2fa31,80bffb4d-ca19-4182-bcdd-94d9f3556692,40b1b399-4f67-4ce5-ab12-25455c6e00ee,dbe3ffdd-320a-48b5-8735-d634a039186b,2026-07-08T18:46:38.748837,Enterprise Deal - Opal Solutions,191827.21,2026-07-30T17:43:34.748857,fc5f1462-0be4-4ddf-81a8-aa82b5148124,2026-01-12T10:48:13.748837,b7d19994-038b-4dbe-8e38-5141d55ae804
66cccd90-766f-40ea-8a13-e1cfbbb7b5d0,2742825a-3e35-4f86-ae5a-aca92762e3ea,d48972b3-9cb7-45a1-a7dc-56e13a6586e7,,40b1b399-4f67-4ce5-ab12-25455c6e00ee,37480c93-3991-4a43-9291-df21132d70bb,2026-04-15T21:05:28.748866,Custom Deal - Copper Systems,103102.17,2026-12-11T15:25:45.748882,a669f01c-9d90-47fe-b1f8-79740e2b0070,2025-08-23T23:11:39.748866,64557d9f-67a1-4513-b6da-e641464f66bb
cac6451c-2fed-4469-9a61-1646b101b62c,2742825a-3e35-4f86-ae5a-aca92762e3ea,3e443807-b3f9-475f-a852-48102a77e8b8,,40b1b399-4f67-4ce5-ab12-25455c6e00ee,a32a9963-f067-4cf4-991d-8078e2c5c2fd,2026-05-11T08:54:44.748892,Enterprise Deal - Cobalt Systems,298992.93,2026-12-25T00:25:28.748907,a669f01c-9d90-47fe-b1f8-79740e2b0070,2026-01-29T18:54:17.748892,1f4e14bd-50ce-450c-ab7d-5e06108ba712
7f2834a7-2e31-4165-b8df-ac0f08e24412,2742825a-3e35-4f86-ae5a-aca92762e3ea,ba23d649-f03b-4922-a51c-4701bdd3ceeb,c70a9114-3d01-4b0c-81c8-3b99ffb2ed03,40b1b399-4f67-4ce5-ab12-25455c6e00ee,a32a9963-f067-4cf4-991d-8078e2c5c2fd,2026-04-19T15:55:47.748918,Premium Deal - Forge Industries,167336.24,2026-09-12T00:03:46.748933,4a7a2306-6666-4f6b-9b4e-18f69f445d60,2026-04-14T01:48:31.748918,a3cb50e2-619e-40b9-82fa-b0ae6c6c06ca
d602fa91-644d-4f04-94e8-c2aa46133551,2742825a-3e35-4f86-ae5a-aca92762e3ea,,a6376469-551a-4a9d-81cb-380635ea9154,40b1b399-4f67-4ce5-ab12-25455c6e00ee,be33354c-8aba-4e36-b209-bec256f9b7f1,2026-01-21T19:13:59.748946,Enterprise Deal - RedRock Ventures,52116.12,2026-11-17T02:41:33.748961,4a7a2306-6666-4f6b-9b4e-18f69f445d60,2026-01-09T12:45:30.748946,1f4e14bd-50ce-450c-ab7d-5e06108ba712
d5f53aaa-e799-4010-88b2-4e2152097210,2742825a-3e35-4f86-ae5a-aca92762e3ea,5131214b-00de-494e-911e-0530e93fa801,,40b1b399-4f67-4ce5-ab12-25455c6e00ee,dbe3ffdd-320a-48b5-8735-d634a039186b,2026-05-21T00:19:19.748972,Custom Deal - Iron Mountain,185142.61,2026-05-27T05:11:45.748987,b7d19994-038b-4dbe-8e38-5141d55ae804,2026-03-26T23:09:28.748972,126bc002-0870-4341-a019-6dbae3d39a09
0f9e3633-ecf3-42f3-b991-d7ffbf35dbc7,2742825a-3e35-4f86-ae5a-aca92762e3ea,,4edb4d32-e8cb-41b0-976f-0fc0b0949142,40b1b399-4f67-4ce5-ab12-25455c6e00ee,37480c93-3991-4a43-9291-df21132d70bb,2026-05-26T21:59:51.748997,Starter Deal - Sapphire Tech,286497.69,2026-09-18T18:32:53.749012,c74050eb-0b79-4cba-8d19-adf0d3e0b9db,2026-05-07T03:23:17.748997,8c0e1935-13b5-4990-a8a3-0be81dad1a78
3e3eb5c4-a36d-4835-a3d6-8331ef8ca38f,2742825a-3e35-4f86-ae5a-aca92762e3ea,6c3875db-9318-4d2b-8d21-fd51d32a3ef5,,40b1b399-4f67-4ce5-ab12-25455c6e00ee,adf7b193-6eb9-4e68-af5f-08edb96c4ea4,2026-08-02T16:18:43.749022,Custom Deal - Iron Mountain,378430.02,2026-11-07T21:44:27.749041,20c3bda5-fea6-4ea8-a48c-7cd0305cde2d,2026-03-22T08:14:31.749022,a3cb50e2-619e-40b9-82fa-b0ae6c6c06ca
6e465112-9b94-4aac-b685-c145cb86a4e2,2742825a-3e35-4f86-ae5a-aca92762e3ea,,,40b1b399-4f67-4ce5-ab12-25455c6e00ee,be33354c-8aba-4e36-b209-bec256f9b7f1,2025-11-03T10:55:59.749051,Starter Deal - Jade Consulting,202435.79,2027-02-02T09:25:41.749066,56bbe842-f0da-4e30-a46c-38025bfb382e,2025-09-11T00:42:23.749051,1f4e14bd-50ce-450c-ab7d-5e06108ba712
9a7450ee-54df-4599-9dd1-dbd96d25dcec,2742825a-3e35-4f86-ae5a-aca92762e3ea,fbea9df2-ffb3-4fac-be71-99e3e3105097,8e84c516-e821-4f22-a859-f8b506b61bcf,40b1b399-4f67-4ce5-ab12-25455c6e00ee,adf7b193-6eb9-4e68-af5f-08edb96c4ea4,2026-06-03T02:46:26.749076,Enterprise Deal - Forge Industries,233306.54,2027-01-27T23:54:21.749091,b7d19994-038b-4dbe-8e38-5141d55ae804,2026-03-06T07:21:15.749076,d7b70429-3c34-4940-81f0-2fd516ab47cb
4288bce0-4c87-451b-b097-2bc41c2a1f6f,2742825a-3e35-4f86-ae5a-aca92762e3ea,,4c505eeb-5785-40c2-92e1-ff8ccad7d492,40b1b399-4f67-4ce5-ab12-25455c6e00ee,a32a9963-f067-4cf4-991d-8078e2c5c2fd,2026-06-19T20:31:48.749101,Starter Deal - Amber Industries,88137.98,2026-11-10T12:56:33.749119,c74050eb-0b79-4cba-8d19-adf0d3e0b9db,2025-12-18T10:06:11.749101,64557d9f-67a1-4513-b6da-e641464f66bb
b1390a07-75b0-44eb-84c9-794f31ad6bbb,2742825a-3e35-4f86-ae5a-aca92762e3ea,,,40b1b399-4f67-4ce5-ab12-25455c6e00ee,37480c93-3991-4a43-9291-df21132d70bb,2026-05-04T19:50:07.749129,Starter Deal - Amber Industries,419225.5,2026-12-13T17:22:26.749145,ae300c2a-88df-4b79-b08f-dabbd0efed46,2026-01-12T14:20:03.749129,126bc002-0870-4341-a019-6dbae3d39a09
1284756d-e2b4-4d7e-ae4f-c03486dbe24f,2742825a-3e35-4f86-ae5a-aca92762e3ea,fa4422e7-5f4b-4ce6-b22a-c182e51b7a90,0cd1b506-2974-4aec-ac3f-3a792ab62e4a,40b1b399-4f67-4ce5-ab12-25455c6e00ee,dbe3ffdd-320a-48b5-8735-d634a039186b,2026-07-20T20:42:53.749156,Enterprise Deal - Apex Innovations,148452.6,2026-07-18T17:42:22.749172,64557d9f-67a1-4513-b6da-e641464f66bb,2026-03-10T00:11:56.749156,b7d19994-038b-4dbe-8e38-5141d55ae804
f075333f-de6e-4e85-9eba-c7794280e0c5,2742825a-3e35-4f86-ae5a-aca92762e3ea,97a7faa4-d1b8-4136-90e5-51f381f2ae93,e35395b2-ebd0-4491-bbfa-30b264182e19,40b1b399-4f67-4ce5-ab12-25455c6e00ee,be33354c-8aba-4e36-b209-bec256f9b7f1,2026-04-10T13:48:09.749183,Enterprise Deal - IronClad Security,107062.79,2027-02-01T05:16:33.749198,64557d9f-67a1-4513-b6da-e641464f66bb,2025-12-24T16:48:31.749183,1f4e14bd-50ce-450c-ab7d-5e06108ba712
1dd1db9d-4b67-4469-b28b-9681aab060c0,2742825a-3e35-4f86-ae5a-aca92762e3ea,7cefa41b-e8de-436e-9be5-52338a249d0c,,40b1b399-4f67-4ce5-ab12-25455c6e00ee,37480c93-3991-4a43-9291-df21132d70bb,2026-04-27T12:56:02.749213,Enterprise Deal - Cobalt Systems,78795.05,2027-01-31T05:28:02.749228,fc5f1462-0be4-4ddf-81a8-aa82b5148124,2025-12-19T14:04:31.749213,d7b70429-3c34-4940-81f0-2fd516ab47cb
afcaa065-b52d-4b6e-809e-fef1635d31e5,2742825a-3e35-4f86-ae5a-aca92762e3ea,05f0f7b2-c5f0-48db-963c-d4bc4b47e12e,55b6deae-6cdf-456f-937a-58ad5b2e12d7,40b1b399-4f67-4ce5-ab12-25455c6e00ee,be33354c-8aba-4e36-b209-bec256f9b7f1,2026-07-06T23:19:23.749238,Custom Deal - Bronze Gate,490050.17,2026-12-11T09:00:43.749254,a3cb50e2-619e-40b9-82fa-b0ae6c6c06ca,2026-03-12T15:28:27.749238,fdbc7119-6732-45ab-9136-cb056076a38a
de0d854d-3cea-4b53-abb9-d5cd3bd9a31c,2742825a-3e35-4f86-ae5a-aca92762e3ea,bbd4a71f-a655-4388-91cb-fc7dc94a2958,eaabf979-e6b4-4c08-81ee-573de6430fa6,40b1b399-4f67-4ce5-ab12-25455c6e00ee,a32a9963-f067-4cf4-991d-8078e2c5c2fd,2026-01-02T23:27:51.749264,Premium Deal - Apex Health,362472.07,2027-01-19T13:04:43.749279,64557d9f-67a1-4513-b6da-e641464f66bb,2025-12-26T22:17:21.749264,126bc002-0870-4341-a019-6dbae3d39a09
afb25367-29bf-4ef1-afba-abaa39f302e5,2742825a-3e35-4f86-ae5a-aca92762e3ea,7280a3a0-488e-4d28-ae4b-58afdcc2213d,,40b1b399-4f67-4ce5-ab12-25455c6e00ee,be33354c-8aba-4e36-b209-bec256f9b7f1,2026-06-21T00:20:20.749289,Premium Deal - Quantum Dynamics,72068.14,2027-01-18T06:27:19.749304,56bbe842-f0da-4e30-a46c-38025bfb382e,2025-12-22T18:46:33.749289,d7b70429-3c34-4940-81f0-2fd516ab47cb
629c2f64-4245-45de-ba0f-f9396d0451ee,2742825a-3e35-4f86-ae5a-aca92762e3ea,627945c8-cf80-427a-bb05-e5e3b9cf1ff2,859e82cb-f1df-4714-ae30-ac032080df0a,40b1b399-4f67-4ce5-ab12-25455c6e00ee,dbe3ffdd-320a-48b5-8735-d634a039186b,2026-07-02T03:33:12.749315,Custom Deal - Apex Innovations,364550.02,2026-07-19T04:06:14.749330,fc5f1462-0be4-4ddf-81a8-aa82b5148124,2026-06-18T21:49:56.749315,c74050eb-0b79-4cba-8d19-adf0d3e0b9db
1b1316e1-158c-4a63-93db-b6cd28ddde7f,2742825a-3e35-4f86-ae5a-aca92762e3ea,d22f9bc4-eba3-422f-b48f-ec5f54c4456f,0cd1b506-2974-4aec-ac3f-3a792ab62e4a,40b1b399-4f67-4ce5-ab12-25455c6e00ee,a32a9963-f067-4cf4-991d-8078e2c5c2fd,2026-08-07T09:55:41.749340,Starter Deal - Zenith Partners,229823.02,2026-10-19T13:17:13.749355,d7b70429-3c34-4940-81f0-2fd516ab47cb,2026-08-06T12:36:27.749340,c74050eb-0b79-4cba-8d19-adf0d3e0b9db
f84cb22e-4b79-487f-9891-57cd2a5af31e,2742825a-3e35-4f86-ae5a-aca92762e3ea,ccebeed7-65f9-4f62-af79-07990179fb8a,,40b1b399-4f67-4ce5-ab12-25455c6e00ee,dbe3ffdd-320a-48b5-8735-d634a039186b,2026-07-21T23:13:44.749365,Enterprise Deal - Pearl Analytics,183468.25,2026-07-13T02:40:42.749380,d7b70429-3c34-4940-81f0-2fd516ab47cb,2026-03-18T06:40:25.749365,1f4e14bd-50ce-450c-ab7d-5e06108ba712
9594913b-12c7-4b6e-9925-9f7829497adc,2742825a-3e35-4f86-ae5a-aca92762e3ea,903fb984-0745-4722-a443-4d6e5e8ff5f8,9c158bfc-35d9-4407-a4b7-72e100ad6409,40b1b399-4f67-4ce5-ab12-25455c6e00ee,a32a9963-f067-4cf4-991d-8078e2c5c2fd,2026-04-08T15:50:01.749390,Growth Deal - CloudPeak Analytics,358092.24,2026-08-23T15:32:34.749406,d7b70429-3c34-4940-81f0-2fd516ab47cb,2025-10-25T20:47:53.749390,ae300c2a-88df-4b79-b08f-dabbd0efed46
58465f1a-1945-4532-a590-03dae8cd1df1,2742825a-3e35-4f86-ae5a-aca92762e3ea,e9836bea-d734-4874-b7c0-b25efffae2e3,8656a4d2-4826-493f-9aa2-c53875c68838,40b1b399-4f67-4ce5-ab12-25455c6e00ee,a32a9963-f067-4cf4-991d-8078e2c5c2fd,2026-06-13T14:33:32.749420,Starter Deal - Cobalt Systems,94881.8,2026-12-02T04:49:31.749466,1f4e14bd-50ce-450c-ab7d-5e06108ba712,2026-05-08T14:19:17.749420,a669f01c-9d90-47fe-b1f8-79740e2b0070
80c80f24-186f-463c-a824-729ce89ccda7,2742825a-3e35-4f86-ae5a-aca92762e3ea,245fa5a8-9428-439d-a9c0-8235fc35237c,,40b1b399-4f67-4ce5-ab12-25455c6e00ee,be33354c-8aba-4e36-b209-bec256f9b7f1,2026-01-25T14:04:11.749485,Starter Deal - SilverLine Corp,94592.2,2026-12-20T12:49:37.749515,fdbc7119-6732-45ab-9136-cb056076a38a,2025-08-11T20:33:49.749485,b7d19994-038b-4dbe-8e38-5141d55ae804
fc6ff573-be44-4c40-9f59-37cf8e6899cf,2742825a-3e35-4f86-ae5a-aca92762e3ea,1141010c-2908-4b3c-a363-a74f91447d0a,,40b1b399-4f67-4ce5-ab12-25455c6e00ee,adf7b193-6eb9-4e68-af5f-08edb96c4ea4,2026-04-28T04:49:30.749538,Starter Deal - Horizon Media,227741.22,2027-01-26T13:27:36.749571,a3cb50e2-619e-40b9-82fa-b0ae6c6c06ca,2025-10-06T21:16:22.749538,20c3bda5-fea6-4ea8-a48c-7cd0305cde2d
49554a30-d306-4a1b-9bf2-bcd7d1ec9d09,2742825a-3e35-4f86-ae5a-aca92762e3ea,1737c4fa-a6ac-4c28-a00e-85e22068c111,,40b1b399-4f67-4ce5-ab12-25455c6e00ee,a90ebb64-0fa9-410c-aea7-74001a143abf,2026-07-08T18:47:41.749590,Premium Deal - Atlas Computing,147682.07,2026-06-14T20:14:41.749620,a3cb50e2-619e-40b9-82fa-b0ae6c6c06ca,2025-12-15T09:00:56.749590,64557d9f-67a1-4513-b6da-e641464f66bb
94428e0b-0cca-4b5f-ae92-bc6dee778b4a,2742825a-3e35-4f86-ae5a-aca92762e3ea,db97aa67-aced-414a-86c2-e5ae5dc9143b,e8f33b45-10be-4201-98d5-bcab2ce5971e,40b1b399-4f67-4ce5-ab12-25455c6e00ee,adf7b193-6eb9-4e68-af5f-08edb96c4ea4,2026-06-17T21:50:06.749637,Starter Deal - DataFlow Systems,145014.63,2027-01-08T16:25:03.749673,126bc002-0870-4341-a019-6dbae3d39a09,2025-10-30T22:32:04.749637,126bc002-0870-4341-a019-6dbae3d39a09
3844d38b-489f-4a17-832c-207faf884e00,2742825a-3e35-4f86-ae5a-aca92762e3ea,80a6cb1e-10bb-48a4-a5b5-a585dec2d4c6,2b61684f-acdb-44bc-a8f1-1e99b050432e,40b1b399-4f67-4ce5-ab12-25455c6e00ee,37480c93-3991-4a43-9291-df21132d70bb,2026-05-13T21:50:29.749691,Enterprise Deal - Bronze Gate,135838.2,2026-09-17T05:28:28.749720,a669f01c-9d90-47fe-b1f8-79740e2b0070,2026-05-05T21:23:00.749691,1f4e14bd-50ce-450c-ab7d-5e06108ba712
94f95bc6-0e8f-4c2e-8a51-dc384e6f19f6,2742825a-3e35-4f86-ae5a-aca92762e3ea,539be60d-d2ce-43fe-bb7a-8d06a686411f,,40b1b399-4f67-4ce5-ab12-25455c6e00ee,a90ebb64-0fa9-410c-aea7-74001a143abf,2026-08-05T05:46:26.749737,Enterprise Deal - Ember Labs,435032.21,2026-07-23T08:23:38.749764,a669f01c-9d90-47fe-b1f8-79740e2b0070,2025-11-07T04:06:45.749737,fc5f1462-0be4-4ddf-81a8-aa82b5148124
6655e3a0-9b7e-498b-b870-67cd74b7f6a1,2742825a-3e35-4f86-ae5a-aca92762e3ea,,,40b1b399-4f67-4ce5-ab12-25455c6e00ee,a90ebb64-0fa9-410c-aea7-74001a143abf,2026-07-23T15:05:50.749781,Custom Deal - TechNova Solutions,302868.22,2026-07-19T14:10:48.749807,b7d19994-038b-4dbe-8e38-5141d55ae804,2026-05-14T23:35:25.749781,a669f01c-9d90-47fe-b1f8-79740e2b0070
d16f3095-7b6f-45ac-8409-81e69be10670,2742825a-3e35-4f86-ae5a-aca92762e3ea,,,40b1b399-4f67-4ce5-ab12-25455c6e00ee,a90ebb64-0fa9-410c-aea7-74001a143abf,2025-11-10T13:09:25.749824,Enterprise Deal - Nimbus Networks,75783.42,2026-05-09T16:33:42.749846,20c3bda5-fea6-4ea8-a48c-7cd0305cde2d,2025-09-21T11:15:26.749824,4a7a2306-6666-4f6b-9b4e-18f69f445d60
2f99d461-b366-4b9f-b58c-44b07421a74a,2742825a-3e35-4f86-ae5a-aca92762e3ea,0964a5d4-fb76-429b-a01a-494f3e262702,,40b1b399-4f67-4ce5-ab12-25455c6e00ee,37480c93-3991-4a43-9291-df21132d70bb,2026-07-31T21:27:02.749861,Premium Deal - Velocity Labs,282235.7,2026-08-15T09:31:47.749884,a669f01c-9d90-47fe-b1f8-79740e2b0070,2025-08-16T13:58:08.749861,b7d19994-038b-4dbe-8e38-5141d55ae804
3c59f9f4-931e-4ce9-b2e9-4aa48c1cc9c5,2742825a-3e35-4f86-ae5a-aca92762e3ea,aa64cba1-2e74-4beb-aeb0-a407836d5207,,40b1b399-4f67-4ce5-ab12-25455c6e00ee,adf7b193-6eb9-4e68-af5f-08edb96c4ea4,2026-06-20T14:33:58.749900,Starter Deal - SwiftScale,56876.85,2026-12-19T13:19:25.749935,8c0e1935-13b5-4990-a8a3-0be81dad1a78,2025-12-01T11:13:51.749900,fc5f1462-0be4-4ddf-81a8-aa82b5148124
0f113215-0832-4784-9c75-7af57334877c,2742825a-3e35-4f86-ae5a-aca92762e3ea,69b2d68e-f7af-4c42-9b89-024ba13eeda6,88d5c11d-fa31-429d-891c-fac3725f1364,40b1b399-4f67-4ce5-ab12-25455c6e00ee,a90ebb64-0fa9-410c-aea7-74001a143abf,2026-06-22T12:14:59.749958,Custom Deal - Forge Industries,327017.41,2026-06-07T10:33:06.749997,b7d19994-038b-4dbe-8e38-5141d55ae804,2026-03-25T21:43:38.749958,126bc002-0870-4341-a019-6dbae3d39a09
e0707436-8831-40fd-870e-f2bf6e7b48ad,2742825a-3e35-4f86-ae5a-aca92762e3ea,1c4405c5-dadb-4394-8650-57600b612e8b,,40b1b399-4f67-4ce5-ab12-25455c6e00ee,37480c93-3991-4a43-9291-df21132d70bb,2026-06-11T19:34:54.750016,Enterprise Deal - Quantum Dynamics,384641.35,2027-01-28T16:52:06.750033,64557d9f-67a1-4513-b6da-e641464f66bb,2025-09-09T17:31:09.750016,a3cb50e2-619e-40b9-82fa-b0ae6c6c06ca
2f92f237-f886-46be-8003-515105eeb56d,2742825a-3e35-4f86-ae5a-aca92762e3ea,,a95a7b5b-cf2d-49c5-a088-807e64a71be5,40b1b399-4f67-4ce5-ab12-25455c6e00ee,a32a9963-f067-4cf4-991d-8078e2c5c2fd,2026-03-30T15:34:24.750045,Custom Deal - BrightStar Inc,247140.66,2026-08-28T11:32:28.750066,fc5f1462-0be4-4ddf-81a8-aa82b5148124,2026-01-16T08:22:11.750045,ae300c2a-88df-4b79-b08f-dabbd0efed46
25a55078-61d5-4f3d-9d64-6b9dd308125e,2742825a-3e35-4f86-ae5a-aca92762e3ea,3b4be617-416a-4ca9-91bf-b6701ba6acff,e6bd936d-a3cb-4960-a32a-6f0c33a572c4,40b1b399-4f67-4ce5-ab12-25455c6e00ee,a90ebb64-0fa9-410c-aea7-74001a143abf,2026-07-28T20:24:25.750077,Premium Deal - Jade Consulting,263919.74,2026-06-04T05:31:13.750093,a669f01c-9d90-47fe-b1f8-79740e2b0070,2026-07-06T05:46:05.750077,b7d19994-038b-4dbe-8e38-5141d55ae804
0bc1cbc1-9f50-4272-bb09-951434980d1c,2742825a-3e35-4f86-ae5a-aca92762e3ea,55354644-747d-4dd0-98c4-d4ecbc0ace23,,40b1b399-4f67-4ce5-ab12-25455c6e00ee,a32a9963-f067-4cf4-991d-8078e2c5c2fd,2026-07-23T10:12:56.750104,Starter Deal - Diamond Edge,414412.18,2026-12-14T23:02:02.750120,b7d19994-038b-4dbe-8e38-5141d55ae804,2026-07-15T13:36:50.750104,8c0e1935-13b5-4990-a8a3-0be81dad1a78
f2e9c0da-eebf-4b1f-8f6c-643c56330653,2742825a-3e35-4f86-ae5a-aca92762e3ea,068bea82-c068-45bd-ba31-1a3374729aed,0abe9f6b-7a76-495b-8668-7c751107bdb6,40b1b399-4f67-4ce5-ab12-25455c6e00ee,be33354c-8aba-4e36-b209-bec256f9b7f1,2026-07-25T09:52:03.750132,Growth Deal - Silver Stream,483772.85,2027-01-07T23:27:44.750150,20c3bda5-fea6-4ea8-a48c-7cd0305cde2d,2026-07-24T14:16:59.750132,fc5f1462-0be4-4ddf-81a8-aa82b5148124
415f810a-83b1-4d92-83cb-790c38c11e3c,2742825a-3e35-4f86-ae5a-aca92762e3ea,,,40b1b399-4f67-4ce5-ab12-25455c6e00ee,a90ebb64-0fa9-410c-aea7-74001a143abf,2026-06-03T15:54:30.750161,Starter Deal - Topaz Digital,317930.33,2026-06-27T13:37:01.750176,8c0e1935-13b5-4990-a8a3-0be81dad1a78,2025-08-30T04:08:58.750161,20c3bda5-fea6-4ea8-a48c-7cd0305cde2d
12d690e5-9578-4a8d-965f-4e52cb07f0a0,2742825a-3e35-4f86-ae5a-aca92762e3ea,b3f98db5-4624-4934-b71b-3bcebb500a10,856fb5a3-2ed9-4051-8ae8-9a5252072b3e,40b1b399-4f67-4ce5-ab12-25455c6e00ee,a32a9963-f067-4cf4-991d-8078e2c5c2fd,2025-10-19T13:01:48.750186,Premium Deal - BrightStar Inc,49887.95,2026-10-12T20:00:30.750202,d7b70429-3c34-4940-81f0-2fd516ab47cb,2025-09-27T19:28:44.750186,d7b70429-3c34-4940-81f0-2fd516ab47cb
8e9beb49-3e9d-40ac-bd2f-11235e127906,2742825a-3e35-4f86-ae5a-aca92762e3ea,6e1f2efc-a1bc-4fbb-9d5f-13ec8d3b9cf1,,40b1b399-4f67-4ce5-ab12-25455c6e00ee,dbe3ffdd-320a-48b5-8735-d634a039186b,2026-03-25T06:26:21.750213,Premium Deal - Onyx Data,308080.28,2026-06-23T02:02:18.750229,56bbe842-f0da-4e30-a46c-38025bfb382e,2026-02-01T19:18:52.750213,c74050eb-0b79-4cba-8d19-adf0d3e0b9db
45104f47-c2eb-4e18-9a99-e488007fce1e,2742825a-3e35-4f86-ae5a-aca92762e3ea,cbd9187d-3418-4ff0-bc40-6b742d0bdc92,,40b1b399-4f67-4ce5-ab12-25455c6e00ee,a90ebb64-0fa9-410c-aea7-74001a143abf,2026-03-02T06:30:14.750240,Enterprise Deal - GreenField Capital,134980.5,2026-08-05T19:31:58.750256,fdbc7119-6732-45ab-9136-cb056076a38a,2025-08-26T22:40:34.750240,ae300c2a-88df-4b79-b08f-dabbd0efed46
419d9d35-edb5-4835-b625-800d40d127b2,2742825a-3e35-4f86-ae5a-aca92762e3ea,5fd1c8b2-7383-4f59-bcd7-b2242c9fcb45,,40b1b399-4f67-4ce5-ab12-25455c6e00ee,adf7b193-6eb9-4e68-af5f-08edb96c4ea4,2026-06-25T13:20:38.750266,Custom Deal - NexGen Software,9647.0,2026-09-07T14:22:18.750285,64557d9f-67a1-4513-b6da-e641464f66bb,2026-04-15T16:09:56.750266,ae300c2a-88df-4b79-b08f-dabbd0efed46
606d405c-a91c-44a9-a1e6-151ede2bfb5d,2742825a-3e35-4f86-ae5a-aca92762e3ea,e0f0d127-1683-4161-9acf-ea05cd294bb8,8e84c516-e821-4f22-a859-f8b506b61bcf,40b1b399-4f67-4ce5-ab12-25455c6e00ee,a32a9963-f067-4cf4-991d-8078e2c5c2fd,2026-06-29T08:40:34.750300,Growth Deal - Vanguard Systems,13268.03,2026-09-20T13:05:38.750316,c74050eb-0b79-4cba-8d19-adf0d3e0b9db,2026-06-18T05:50:15.750300,d7b70429-3c34-4940-81f0-2fd516ab47cb
9dd31a1f-6bdd-46d3-ab4c-edfe058ef2f6,2742825a-3e35-4f86-ae5a-aca92762e3ea,acc1dd20-880d-4bad-bd9e-f25e0d5979c5,a6376469-551a-4a9d-81cb-380635ea9154,40b1b399-4f67-4ce5-ab12-25455c6e00ee,be33354c-8aba-4e36-b209-bec256f9b7f1,2026-07-17T15:24:42.750326,Premium Deal - Crystal Clear,407237.96,2026-10-30T11:54:33.750342,a3cb50e2-619e-40b9-82fa-b0ae6c6c06ca,2026-07-02T23:37:10.750326,a3cb50e2-619e-40b9-82fa-b0ae6c6c06ca
815f4801-8c96-4d97-b1e0-5e4d982d6fc1,2742825a-3e35-4f86-ae5a-aca92762e3ea,,95f19134-6f59-4ffb-9b69-53ef4b68e06b,40b1b399-4f67-4ce5-ab12-25455c6e00ee,dbe3ffdd-320a-48b5-8735-d634a039186b,2026-05-31T06:35:58.750353,Growth Deal - Forge Industries,98778.03,2026-04-28T18:13:16.750368,20c3bda5-fea6-4ea8-a48c-7cd0305cde2d,2026-05-04T11:35:30.750353,4a7a2306-6666-4f6b-9b4e-18f69f445d60
8ba66857-d78f-4c6e-a1af-67baa5dfc0b7,2742825a-3e35-4f86-ae5a-aca92762e3ea,,,40b1b399-4f67-4ce5-ab12-25455c6e00ee,a32a9963-f067-4cf4-991d-8078e2c5c2fd,2026-05-11T09:56:20.750378,Enterprise Deal - Titan Industries,302589.62,2026-10-09T10:12:11.750393,fc5f1462-0be4-4ddf-81a8-aa82b5148124,2025-11-10T05:44:42.750378,a669f01c-9d90-47fe-b1f8-79740e2b0070
5d1c1857-b0d3-4cde-9d9f-4d88cf095fbe,2742825a-3e35-4f86-ae5a-aca92762e3ea,4fa53e37-0157-4e83-9c5e-0ca0197e2ef0,d1823d07-942a-49c3-8df9-e4b35c3ad431,40b1b399-4f67-4ce5-ab12-25455c6e00ee,be33354c-8aba-4e36-b209-bec256f9b7f1,2026-07-09T21:20:51.750404,Premium Deal - Catalyst Group,279301.0,2026-11-04T00:41:44.750419,126bc002-0870-4341-a019-6dbae3d39a09,2025-09-30T09:06:20.750404,126bc002-0870-4341-a019-6dbae3d39a09
3d471477-c734-4c61-9b1c-ebdb35fd854b,2742825a-3e35-4f86-ae5a-aca92762e3ea,baf387e9-03d1-4def-be33-af9d5a5fcbe5,0a236f39-62bc-4c3b-aebd-aed4a323f46f,40b1b399-4f67-4ce5-ab12-25455c6e00ee,a90ebb64-0fa9-410c-aea7-74001a143abf,2026-06-27T09:13:30.750437,Growth Deal - Copper Systems,49189.17,2026-07-16T00:52:02.750453,56bbe842-f0da-4e30-a46c-38025bfb382e,2026-03-26T02:47:10.750437,64557d9f-67a1-4513-b6da-e641464f66bb
235bd5e1-bed8-4f9e-ae52-07d0dbc24735,2742825a-3e35-4f86-ae5a-aca92762e3ea,b413ab24-1703-4142-ab3f-170ac4eb0561,,40b1b399-4f67-4ce5-ab12-25455c6e00ee,adf7b193-6eb9-4e68-af5f-08edb96c4ea4,2026-07-31T01:33:27.750463,Growth Deal - Summit Analytics,443420.74,2026-10-21T15:40:16.750479,ae300c2a-88df-4b79-b08f-dabbd0efed46,2026-06-26T07:12:47.750463,b7d19994-038b-4dbe-8e38-5141d55ae804
a54f2b54-72e0-4350-9a34-0b61cc1f03c9,2742825a-3e35-4f86-ae5a-aca92762e3ea,,,40b1b399-4f67-4ce5-ab12-25455c6e00ee,be33354c-8aba-4e36-b209-bec256f9b7f1,2026-07-31T00:32:32.750488,Custom Deal - Horizon Media,99885.43,2027-01-16T23:27:01.750503,d7b70429-3c34-4940-81f0-2fd516ab47cb,2026-07-26T16:53:38.750488,4a7a2306-6666-4f6b-9b4e-18f69f445d60
bfd41872-063c-4a5b-a17d-9dfae7050410,2742825a-3e35-4f86-ae5a-aca92762e3ea,080612d8-aa71-4d98-bf4a-f5e0be9db6ca,,40b1b399-4f67-4ce5-ab12-25455c6e00ee,a32a9963-f067-4cf4-991d-8078e2c5c2fd,2026-04-28T08:32:23.750513,Starter Deal - Prism Technologies,419622.85,2026-08-25T07:26:10.750528,56bbe842-f0da-4e30-a46c-38025bfb382e,2026-03-29T04:20:26.750513,b7d19994-038b-4dbe-8e38-5141d55ae804
68b7013c-a055-4d04-824f-e024dca8aa20,2742825a-3e35-4f86-ae5a-aca92762e3ea,,ac38e2b7-ed1a-48e9-8882-afa79480a541,40b1b399-4f67-4ce5-ab12-25455c6e00ee,dbe3ffdd-320a-48b5-8735-d634a039186b,2026-06-21T20:37:47.750538,Starter Deal - Crystal Corp,335533.93,2026-05-09T00:54:06.750554,ae300c2a-88df-4b79-b08f-dabbd0efed46,2025-11-17T23:48:24.750538,126bc002-0870-4341-a019-6dbae3d39a09
8aec6bbc-7260-4999-8410-139ef9952354,2742825a-3e35-4f86-ae5a-aca92762e3ea,72aa418e-cddb-444f-8df9-0fdbccb23f0e,,40b1b399-4f67-4ce5-ab12-25455c6e00ee,dbe3ffdd-320a-48b5-8735-d634a039186b,2026-07-07T05:08:28.750567,Premium Deal - Horizon Media,6524.64,2026-06-06T10:08:12.750583,fdbc7119-6732-45ab-9136-cb056076a38a,2026-05-29T02:28:55.750567,8c0e1935-13b5-4990-a8a3-0be81dad1a78
476f38f9-2473-4150-822c-435e6915f5ed,2742825a-3e35-4f86-ae5a-aca92762e3ea,1dbd0edd-efab-416f-93f8-4070ceb9aeb4,,40b1b399-4f67-4ce5-ab12-25455c6e00ee,37480c93-3991-4a43-9291-df21132d70bb,2026-07-09T03:19:23.750593,Starter Deal - Ruby Software,412642.98,2027-01-20T12:07:23.750608,126bc002-0870-4341-a019-6dbae3d39a09,2026-03-26T03:34:36.750593,b7d19994-038b-4dbe-8e38-5141d55ae804
e7c14c29-f7cd-420f-94f3-caabb5d75375,2742825a-3e35-4f86-ae5a-aca92762e3ea,a2d282b7-2af3-4b0a-95e3-38a91200779b,b9172d61-a4c3-4945-bc00-6e7bd0e90b23,40b1b399-4f67-4ce5-ab12-25455c6e00ee,adf7b193-6eb9-4e68-af5f-08edb96c4ea4,2026-06-10T23:00:59.750619,Premium Deal - Iron Mountain,99355.99,2026-10-11T18:10:09.750634,b7d19994-038b-4dbe-8e38-5141d55ae804,2025-12-23T21:40:47.750619,c74050eb-0b79-4cba-8d19-adf0d3e0b9db
c8856824-6c23-46dc-b178-11470e2523e8,2742825a-3e35-4f86-ae5a-aca92762e3ea,264ab16a-d46f-4ac2-9d3d-501e2f4cc1f7,,40b1b399-4f67-4ce5-ab12-25455c6e00ee,adf7b193-6eb9-4e68-af5f-08edb96c4ea4,2026-08-05T07:32:05.750651,Custom Deal - Pulse Digital,306427.57,2026-10-22T18:53:40.750667,20c3bda5-fea6-4ea8-a48c-7cd0305cde2d,2026-05-19T01:26:40.750651,20c3bda5-fea6-4ea8-a48c-7cd0305cde2d
bce0e74d-2ce6-4ba2-aab9-7d810fa132f0,2742825a-3e35-4f86-ae5a-aca92762e3ea,8798495a-e221-4466-beb3-e94eea3304d8,,40b1b399-4f67-4ce5-ab12-25455c6e00ee,a32a9963-f067-4cf4-991d-8078e2c5c2fd,2026-06-07T15:21:50.750677,Premium Deal - Coral Health,352336.5,2027-01-14T06:53:24.750692,c74050eb-0b79-4cba-8d19-adf0d3e0b9db,2026-05-18T22:53:27.750677,20c3bda5-fea6-4ea8-a48c-7cd0305cde2d
9f44f07e-d94a-44c3-a791-b5dad9e053c5,2742825a-3e35-4f86-ae5a-aca92762e3ea,37d6f003-296b-4697-b36b-ea8577f8d163,58a0f5f3-e63d-482b-b288-19d1a711da92,40b1b399-4f67-4ce5-ab12-25455c6e00ee,37480c93-3991-4a43-9291-df21132d70bb,2026-04-17T04:06:14.750702,Custom Deal - RedRock Ventures,319296.26,2026-10-06T20:52:38.750718,c74050eb-0b79-4cba-8d19-adf0d3e0b9db,2025-10-13T14:03:49.750702,d7b70429-3c34-4940-81f0-2fd516ab47cb
afb482d0-5730-46e1-b814-d17f337bc251,2742825a-3e35-4f86-ae5a-aca92762e3ea,1060c7f4-54dd-474f-a373-08fa82f56d78,,40b1b399-4f67-4ce5-ab12-25455c6e00ee,dbe3ffdd-320a-48b5-8735-d634a039186b,2026-06-01T13:49:04.750728,Premium Deal - RedRock Ventures,318190.69,2026-08-03T08:57:15.750744,4a7a2306-6666-4f6b-9b4e-18f69f445d60,2025-08-08T04:25:41.750728,fc5f1462-0be4-4ddf-81a8-aa82b5148124
91e3362c-bd38-42f0-af0b-1eb5e8785824,2742825a-3e35-4f86-ae5a-aca92762e3ea,,,40b1b399-4f67-4ce5-ab12-25455c6e00ee,be33354c-8aba-4e36-b209-bec256f9b7f1,2026-02-28T05:34:49.750753,Starter Deal - Vanguard Systems,375134.03,2026-10-31T13:24:46.750772,20c3bda5-fea6-4ea8-a48c-7cd0305cde2d,2026-01-20T15:52:04.750753,126bc002-0870-4341-a019-6dbae3d39a09
f6c5c33f-c832-49f2-aa48-c5328659284b,2742825a-3e35-4f86-ae5a-aca92762e3ea,70212d4d-1165-4336-988e-fc9246c2c8b5,,40b1b399-4f67-4ce5-ab12-25455c6e00ee,a90ebb64-0fa9-410c-aea7-74001a143abf,2025-12-17T18:04:28.750782,Starter Deal - Copper Systems,20169.05,2026-07-02T04:03:32.750798,a669f01c-9d90-47fe-b1f8-79740e2b0070,2025-12-12T22:43:36.750782,126bc002-0870-4341-a019-6dbae3d39a09
e49f35eb-a6cb-47c6-bacd-fd11da181966,2742825a-3e35-4f86-ae5a-aca92762e3ea,5ef12480-24ec-4637-b747-23b5d840f318,1c9d6e80-af6d-4178-bb42-2fd039ad024a,40b1b399-4f67-4ce5-ab12-25455c6e00ee,be33354c-8aba-4e36-b209-bec256f9b7f1,2026-01-21T08:19:46.750808,Enterprise Deal - Titan Industries,213136.36,2026-08-28T04:41:20.750829,126bc002-0870-4341-a019-6dbae3d39a09,2025-09-18T16:29:59.750808,a3cb50e2-619e-40b9-82fa-b0ae6c6c06ca
0ec760b0-ebf9-43bf-84a0-726e1dde8fc8,2742825a-3e35-4f86-ae5a-aca92762e3ea,,3a068873-c645-4bba-a0ab-56498c9866b4,40b1b399-4f67-4ce5-ab12-25455c6e00ee,dbe3ffdd-320a-48b5-8735-d634a039186b,2026-05-16T22:44:26.750843,Premium Deal - ClearView Corp,315922.14,2026-04-21T09:36:28.750864,c74050eb-0b79-4cba-8d19-adf0d3e0b9db,2025-12-08T15:41:11.750843,ae300c2a-88df-4b79-b08f-dabbd0efed46
54404ac6-7b10-4b76-8450-296d5d0aa61c,2742825a-3e35-4f86-ae5a-aca92762e3ea,cf27355e-0594-405b-8ecd-257ccb44db3b,badd7b7d-5af2-41b8-8fa7-4d51830cf1c3,40b1b399-4f67-4ce5-ab12-25455c6e00ee,be33354c-8aba-4e36-b209-bec256f9b7f1,2026-07-30T03:56:01.750876,Custom Deal - GreenField Capital,202546.89,2026-08-24T13:31:30.750892,8c0e1935-13b5-4990-a8a3-0be81dad1a78,2026-07-26T09:40:30.750876,20c3bda5-fea6-4ea8-a48c-7cd0305cde2d
0c37a4ce-c8db-4259-a7d8-29c6d948c849,2742825a-3e35-4f86-ae5a-aca92762e3ea,,49cc8990-87b8-4917-b269-9a44ad2bf7ef,40b1b399-4f67-4ce5-ab12-25455c6e00ee,a90ebb64-0fa9-410c-aea7-74001a143abf,2026-04-23T00:14:56.750902,Growth Deal - EverGreen Solutions,101137.71,2026-06-02T06:54:32.750918,8c0e1935-13b5-4990-a8a3-0be81dad1a78,2026-01-12T07:46:31.750902,64557d9f-67a1-4513-b6da-e641464f66bb
e41c0404-9f4d-4637-b930-c240ac9bbdfd,2742825a-3e35-4f86-ae5a-aca92762e3ea,2f1fca52-0a4d-493c-b35c-66b604ce7042,,40b1b399-4f67-4ce5-ab12-25455c6e00ee,a32a9963-f067-4cf4-991d-8078e2c5c2fd,2026-01-19T00:36:26.750928,Custom Deal - Velocity Labs,225485.58,2026-09-22T20:52:22.750945,fdbc7119-6732-45ab-9136-cb056076a38a,2025-11-14T15:32:34.750928,b7d19994-038b-4dbe-8e38-5141d55ae804
55094e9c-bbf9-4041-ad2e-abdb543cf9a8,2742825a-3e35-4f86-ae5a-aca92762e3ea,b7a97d8b-8e90-4eda-bd99-a028a9a28154,8241626f-e1be-440f-9113-f166a9b6d027,40b1b399-4f67-4ce5-ab12-25455c6e00ee,a32a9963-f067-4cf4-991d-8078e2c5c2fd,2026-07-18T18:22:58.750955,Custom Deal - TechNova Solutions,55847.08,2026-09-30T06:38:35.750971,a669f01c-9d90-47fe-b1f8-79740e2b0070,2026-03-22T01:54:59.750955,fdbc7119-6732-45ab-9136-cb056076a38a
4f309503-8425-45e6-b983-f2ea5ce696c1,2742825a-3e35-4f86-ae5a-aca92762e3ea,,7a0be116-9342-4e26-9ef4-a9dfaae14c00,40b1b399-4f67-4ce5-ab12-25455c6e00ee,dbe3ffdd-320a-48b5-8735-d634a039186b,2026-02-19T03:51:42.750981,Custom Deal - Horizon Media,357874.16,2026-07-30T11:08:15.750997,ae300c2a-88df-4b79-b08f-dabbd0efed46,2025-09-21T14:47:47.750981,fc5f1462-0be4-4ddf-81a8-aa82b5148124
f72fd098-0668-446d-9d9c-33389594dcda,2742825a-3e35-4f86-ae5a-aca92762e3ea,43b9fe6d-2fce-4712-9ebd-dbacef3f8e25,7adacfc7-6977-482d-a387-083525455854,40b1b399-4f67-4ce5-ab12-25455c6e00ee,37480c93-3991-4a43-9291-df21132d70bb,2026-03-15T06:45:12.751007,Custom Deal - Horizon Media,61830.07,2026-11-16T15:39:55.751023,a3cb50e2-619e-40b9-82fa-b0ae6c6c06ca,2025-10-17T15:50:17.751007,a3cb50e2-619e-40b9-82fa-b0ae6c6c06ca
014b45f2-1ca8-467b-b18a-272b82aa45f2,2742825a-3e35-4f86-ae5a-aca92762e3ea,,c8f9f0b5-7be0-4c76-ad3b-1b7410d61a86,40b1b399-4f67-4ce5-ab12-25455c6e00ee,be33354c-8aba-4e36-b209-bec256f9b7f1,2026-08-03T01:13:55.751033,Starter Deal - Nimbus Networks,193786.34,2026-10-23T04:24:03.751048,a3cb50e2-619e-40b9-82fa-b0ae6c6c06ca,2026-01-12T18:08:57.751033,d7b70429-3c34-4940-81f0-2fd516ab47cb
f5193606-ace6-4d26-9d92-91e1632eaa94,2742825a-3e35-4f86-ae5a-aca92762e3ea,6d0a834e-6517-4f8d-b82a-e7fc299b92bc,1ba2d23b-6f83-4c0e-8a42-0fce6585cfbf,40b1b399-4f67-4ce5-ab12-25455c6e00ee,37480c93-3991-4a43-9291-df21132d70bb,2025-11-16T00:06:01.751059,Starter Deal - Topaz Digital,189144.22,2026-10-16T08:12:48.751075,fc5f1462-0be4-4ddf-81a8-aa82b5148124,2025-08-29T03:37:42.751059,64557d9f-67a1-4513-b6da-e641464f66bb
ce4c475a-b35f-403c-ad46-a8ed2c83b89b,2742825a-3e35-4f86-ae5a-aca92762e3ea,0a4cc9b4-e344-4bc6-bc75-3f5fe7ad7290,4cbb419a-e96b-4b9e-8bb8-98130e75785f,40b1b399-4f67-4ce5-ab12-25455c6e00ee,37480c93-3991-4a43-9291-df21132d70bb,2026-05-27T21:45:15.751085,Premium Deal - RedRock Ventures,321186.08,2026-08-25T01:59:32.751101,4a7a2306-6666-4f6b-9b4e-18f69f445d60,2026-02-09T07:02:17.751085,c74050eb-0b79-4cba-8d19-adf0d3e0b9db
11eb29b8-f4ea-4cc5-8bb3-2e8312efb52b,2742825a-3e35-4f86-ae5a-aca92762e3ea,,e2656ed5-072a-4033-a824-c4ae064e08d0,40b1b399-4f67-4ce5-ab12-25455c6e00ee,37480c93-3991-4a43-9291-df21132d70bb,2026-07-01T07:31:11.751114,Premium Deal - Forge Industries,153264.36,2026-11-20T07:50:04.751130,b7d19994-038b-4dbe-8e38-5141d55ae804,2025-10-05T14:02:33.751114,56bbe842-f0da-4e30-a46c-38025bfb382e
c4d5ad76-70f8-4003-b60c-8b5ef2eb1077,2742825a-3e35-4f86-ae5a-aca92762e3ea,c0983eb5-1401-4805-9c77-7536508e9444,,40b1b399-4f67-4ce5-ab12-25455c6e00ee,be33354c-8aba-4e36-b209-bec256f9b7f1,2026-08-05T05:11:35.751140,Premium Deal - Fusion Analytics,56783.63,2026-11-22T17:51:12.751163,ae300c2a-88df-4b79-b08f-dabbd0efed46,2026-08-01T08:52:31.751140,8c0e1935-13b5-4990-a8a3-0be81dad1a78
21169bb8-2a32-470e-bf14-2e2b0da71e5c,2742825a-3e35-4f86-ae5a-aca92762e3ea,fc7a9315-5026-49ab-9bb7-0d21fb4bedc9,9bf78abd-2e32-453b-89fc-546dfae3f3ab,40b1b399-4f67-4ce5-ab12-25455c6e00ee,a90ebb64-0fa9-410c-aea7-74001a143abf,2026-05-29T21:20:36.751174,Starter Deal - TechNova Solutions,139997.94,2026-04-22T07:59:44.751190,a669f01c-9d90-47fe-b1f8-79740e2b0070,2026-01-22T00:34:59.751174,fdbc7119-6732-45ab-9136-cb056076a38a
099c5469-0643-4f15-8481-d7a5537e2600,2742825a-3e35-4f86-ae5a-aca92762e3ea,,af7fd4b1-6a38-49a6-9154-491521fb1cff,40b1b399-4f67-4ce5-ab12-25455c6e00ee,be33354c-8aba-4e36-b209-bec256f9b7f1,2026-07-24T17:20:05.751200,Starter Deal - EverGreen Solutions,334328.55,2026-08-21T02:16:42.751215,b7d19994-038b-4dbe-8e38-5141d55ae804,2025-10-28T06:30:04.751200,4a7a2306-6666-4f6b-9b4e-18f69f445d60
50e273fb-288d-46e6-820c-5cd3a466bcaa,2742825a-3e35-4f86-ae5a-aca92762e3ea,0d4c93c7-0175-49a7-9308-389dcc7edd52,cefe9114-7b41-4d60-9e95-d5bd997e6d34,40b1b399-4f67-4ce5-ab12-25455c6e00ee,adf7b193-6eb9-4e68-af5f-08edb96c4ea4,2026-06-20T00:27:18.751226,Premium Deal - ClearView Corp,499275.68,2026-12-16T20:48:41.751245,c74050eb-0b79-4cba-8d19-adf0d3e0b9db,2026-05-04T15:23:38.751226,4a7a2306-6666-4f6b-9b4e-18f69f445d60
85210a46-1ce9-4a6b-acef-f09227eda114,2742825a-3e35-4f86-ae5a-aca92762e3ea,5275cb5d-14ed-4a42-aa8c-2845fb7bc0bb,9ab8b24e-3d84-4204-9288-d34ceefe9bc6,40b1b399-4f67-4ce5-ab12-25455c6e00ee,a32a9963-f067-4cf4-991d-8078e2c5c2fd,2025-12-26T07:26:41.751255,Premium Deal - Pearl Analytics,460400.64,2026-11-23T15:45:00.751271,56bbe842-f0da-4e30-a46c-38025bfb382e,2025-08-08T23:28:37.751255,64557d9f-67a1-4513-b6da-e641464f66bb
2596251b-ed29-4140-a350-2e5feb7cfbca,2742825a-3e35-4f86-ae5a-aca92762e3ea,b1653d3c-8967-44cb-8391-8cae04d8d0f4,4a8849f7-531c-4451-b414-d0e15cad4ba4,40b1b399-4f67-4ce5-ab12-25455c6e00ee,a90ebb64-0fa9-410c-aea7-74001a143abf,2026-06-24T11:15:55.751282,Enterprise Deal - Catalyst Group,376436.82,2026-07-15T18:59:09.751297,56bbe842-f0da-4e30-a46c-38025bfb382e,2026-05-16T21:29:43.751282,fdbc7119-6732-45ab-9136-cb056076a38a
b069d8ed-dd01-4768-8be6-07f5da7ae925,2742825a-3e35-4f86-ae5a-aca92762e3ea,2431cfa5-0688-42dc-a8d2-1a500c31bd7b,,40b1b399-4f67-4ce5-ab12-25455c6e00ee,adf7b193-6eb9-4e68-af5f-08edb96c4ea4,2026-06-15T13:52:56.751307,Enterprise Deal - RedRock Ventures,352954.62,2026-11-18T23:00:24.751323,c74050eb-0b79-4cba-8d19-adf0d3e0b9db,2025-10-04T18:15:06.751307,1f4e14bd-50ce-450c-ab7d-5e06108ba712
ca449f1c-0763-43ae-92b2-d0d3195cbe16,2742825a-3e35-4f86-ae5a-aca92762e3ea,259559f5-aca7-4185-b720-a039427a59c4,,40b1b399-4f67-4ce5-ab12-25455c6e00ee,a32a9963-f067-4cf4-991d-8078e2c5c2fd,2026-04-19T18:13:26.751333,Growth Deal - Coral Health,140314.27,2026-10-18T18:35:14.751349,a669f01c-9d90-47fe-b1f8-79740e2b0070,2026-01-18T03:21:47.751333,126bc002-0870-4341-a019-6dbae3d39a09
28fed54c-8623-4fef-8902-0d2d01bba9a9,2742825a-3e35-4f86-ae5a-aca92762e3ea,4c5f051e-0925-478b-b631-d6d14e96c442,,40b1b399-4f67-4ce5-ab12-25455c6e00ee,a90ebb64-0fa9-410c-aea7-74001a143abf,2026-08-05T17:13:34.751358,Custom Deal - Sterling Finance,464395.75,2026-06-29T11:38:33.751374,20c3bda5-fea6-4ea8-a48c-7cd0305cde2d,2026-06-12T13:50:35.751358,20c3bda5-fea6-4ea8-a48c-7cd0305cde2d
00a10367-ab90-4a81-ab27-6c43f138670e,2742825a-3e35-4f86-ae5a-aca92762e3ea,,49cc8990-87b8-4917-b269-9a44ad2bf7ef,40b1b399-4f67-4ce5-ab12-25455c6e00ee,37480c93-3991-4a43-9291-df21132d70bb,2026-06-12T15:58:18.751388,Custom Deal - Crystal Corp,450060.64,2026-09-06T17:21:29.751404,b7d19994-038b-4dbe-8e38-5141d55ae804,2025-08-09T01:43:51.751388,126bc002-0870-4341-a019-6dbae3d39a09
1c6b4098-cc89-4761-ad8c-1ee3a53a94f7,2742825a-3e35-4f86-ae5a-aca92762e3ea,c0bdbda4-dce4-46dd-9f48-feeeae8cf432,1b5e7480-4b83-4b74-8b29-9bd36550f34d,40b1b399-4f67-4ce5-ab12-25455c6e00ee,adf7b193-6eb9-4e68-af5f-08edb96c4ea4,2026-05-17T06:34:14.751415,Growth Deal - Sapphire Tech,230181.72,2026-10-02T10:41:01.751431,b7d19994-038b-4dbe-8e38-5141d55ae804,2025-08-31T22:39:27.751415,20c3bda5-fea6-4ea8-a48c-7cd0305cde2d
1b195489-6bbf-4ea6-8813-b8991a0af3af,2742825a-3e35-4f86-ae5a-aca92762e3ea,,2b61684f-acdb-44bc-a8f1-1e99b050432e,40b1b399-4f67-4ce5-ab12-25455c6e00ee,a32a9963-f067-4cf4-991d-8078e2c5c2fd,2025-10-11T08:39:28.751442,Starter Deal - Apex Innovations,452273.98,2027-02-04T13:06:20.751457,b7d19994-038b-4dbe-8e38-5141d55ae804,2025-08-26T19:59:17.751442,8c0e1935-13b5-4990-a8a3-0be81dad1a78
a61c1d0e-c0af-451e-b965-f5c9217f5a48,2742825a-3e35-4f86-ae5a-aca92762e3ea,b7cd7799-d789-48f8-87a9-db59fe605db9,,40b1b399-4f67-4ce5-ab12-25455c6e00ee,a90ebb64-0fa9-410c-aea7-74001a143abf,2026-07-03T21:12:31.751468,Enterprise Deal - Ruby Software,404213.76,2026-06-05T07:55:13.751484,8c0e1935-13b5-4990-a8a3-0be81dad1a78,2025-10-06T21:55:17.751468,fc5f1462-0be4-4ddf-81a8-aa82b5148124
5e002265-f0f7-4df4-b859-658c57bddc0c,2742825a-3e35-4f86-ae5a-aca92762e3ea,7dde4fd0-bd9e-4584-91fc-77e75d2f532f,,40b1b399-4f67-4ce5-ab12-25455c6e00ee,adf7b193-6eb9-4e68-af5f-08edb96c4ea4,2026-08-02T16:38:49.751494,Premium Deal - Crystal Corp,262036.82,2026-10-18T12:07:48.751510,fc5f1462-0be4-4ddf-81a8-aa82b5148124,2025-10-13T14:22:06.751494,64557d9f-67a1-4513-b6da-e641464f66bb
62dd8239-6bae-4c07-a2d0-b8964731a33b,2742825a-3e35-4f86-ae5a-aca92762e3ea,74f0ea15-e933-4376-bdd4-7a1fbd5c56e3,8476e161-5248-4699-9db5-966bc2e65520,40b1b399-4f67-4ce5-ab12-25455c6e00ee,dbe3ffdd-320a-48b5-8735-d634a039186b,2026-07-18T13:59:42.751524,Growth Deal - Prism Technologies,58752.08,2026-06-30T06:30:03.751540,fdbc7119-6732-45ab-9136-cb056076a38a,2026-02-16T06:04:28.751524,c74050eb-0b79-4cba-8d19-adf0d3e0b9db
b4589784-0a95-4624-b67e-cbf085c7c8e8,2742825a-3e35-4f86-ae5a-aca92762e3ea,,8476e161-5248-4699-9db5-966bc2e65520,40b1b399-4f67-4ce5-ab12-25455c6e00ee,37480c93-3991-4a43-9291-df21132d70bb,2026-05-23T13:02:38.751550,Premium Deal - Golden Ratio,276122.03,2026-12-07T09:52:22.751565,b7d19994-038b-4dbe-8e38-5141d55ae804,2026-03-04T03:39:30.751550,ae300c2a-88df-4b79-b08f-dabbd0efed46
de2d0ff0-13d2-4371-b52b-10b763b5f5da,2742825a-3e35-4f86-ae5a-aca92762e3ea,,,40b1b399-4f67-4ce5-ab12-25455c6e00ee,a32a9963-f067-4cf4-991d-8078e2c5c2fd,2025-11-20T18:18:43.751574,Starter Deal - Sapphire Tech,73372.69,2026-09-11T18:26:10.751589,a3cb50e2-619e-40b9-82fa-b0ae6c6c06ca,2025-08-15T00:34:09.751574,64557d9f-67a1-4513-b6da-e641464f66bb
0d4a21d6-4471-43c8-b4a3-00dcec6a941b,2742825a-3e35-4f86-ae5a-aca92762e3ea,,,40b1b399-4f67-4ce5-ab12-25455c6e00ee,a32a9963-f067-4cf4-991d-8078e2c5c2fd,2026-03-06T21:56:33.751599,Premium Deal - RedRock Ventures,36982.39,2026-10-05T15:51:27.751614,1f4e14bd-50ce-450c-ab7d-5e06108ba712,2026-01-09T06:06:53.751599,64557d9f-67a1-4513-b6da-e641464f66bb
a5118a62-3c4d-4654-8ba3-74c12e61f427,2742825a-3e35-4f86-ae5a-aca92762e3ea,e65786f9-697a-42fd-a15d-ba605a731da9,ee5b685a-75b4-4a9c-9767-558a3fb0340e,40b1b399-4f67-4ce5-ab12-25455c6e00ee,a32a9963-f067-4cf4-991d-8078e2c5c2fd,2026-07-25T04:20:26.751625,Growth Deal - Opal Solutions,449385.22,2027-01-20T06:25:54.751640,ae300c2a-88df-4b79-b08f-dabbd0efed46,2026-01-20T19:42:24.751625,fdbc7119-6732-45ab-9136-cb056076a38a
5767de03-2bb9-4ee9-89e4-563a7c9ec865,2742825a-3e35-4f86-ae5a-aca92762e3ea,,,40b1b399-4f67-4ce5-ab12-25455c6e00ee,dbe3ffdd-320a-48b5-8735-d634a039186b,2026-03-07T18:55:17.751661,Enterprise Deal - Silver Stream,377479.93,2026-05-16T10:57:07.751677,8c0e1935-13b5-4990-a8a3-0be81dad1a78,2026-01-17T06:55:41.751661,64557d9f-67a1-4513-b6da-e641464f66bb
4978457e-33c8-4f56-b09e-86793b01b246,2742825a-3e35-4f86-ae5a-aca92762e3ea,286511eb-9e8f-4846-9991-6ad3421f135a,,40b1b399-4f67-4ce5-ab12-25455c6e00ee,37480c93-3991-4a43-9291-df21132d70bb,2026-04-12T23:00:57.751687,Custom Deal - NovaTech Solutions,180762.22,2026-08-10T01:01:43.751702,a669f01c-9d90-47fe-b1f8-79740e2b0070,2025-10-13T16:17:35.751687,126bc002-0870-4341-a019-6dbae3d39a09
7edb0c62-9073-4b58-81ce-3a44b3ca5b2a,2742825a-3e35-4f86-ae5a-aca92762e3ea,,,40b1b399-4f67-4ce5-ab12-25455c6e00ee,be33354c-8aba-4e36-b209-bec256f9b7f1,2026-06-05T18:10:16.751711,Growth Deal - Zenith Partners,264976.74,2026-09-26T06:23:48.751726,fc5f1462-0be4-4ddf-81a8-aa82b5148124,2026-04-15T11:17:07.751711,a669f01c-9d90-47fe-b1f8-79740e2b0070
259d64a2-2591-4546-9288-525e269a9094,2742825a-3e35-4f86-ae5a-aca92762e3ea,,,40b1b399-4f67-4ce5-ab12-25455c6e00ee,a32a9963-f067-4cf4-991d-8078e2c5c2fd,2026-03-30T14:51:28.751735,Starter Deal - Apex Health,154425.16,2027-02-04T11:29:21.751750,126bc002-0870-4341-a019-6dbae3d39a09,2025-08-13T22:06:22.751735,8c0e1935-13b5-4990-a8a3-0be81dad1a78
a2c5f374-c392-4417-83d4-5b560c7b2d29,2742825a-3e35-4f86-ae5a-aca92762e3ea,8749163b-2ff0-4d1a-8c47-d1e1d8616380,,40b1b399-4f67-4ce5-ab12-25455c6e00ee,a90ebb64-0fa9-410c-aea7-74001a143abf,2026-02-13T01:30:20.751820,Premium Deal - Sterling Finance,303471.86,2026-05-27T14:22:16.751857,8c0e1935-13b5-4990-a8a3-0be81dad1a78,2026-02-10T21:34:06.751820,64557d9f-67a1-4513-b6da-e641464f66bb
a7ce7616-0f68-48dc-af97-ebe70fbd8cfb,2742825a-3e35-4f86-ae5a-aca92762e3ea,7c36d7d8-250e-4202-a689-6bea6b489b27,,40b1b399-4f67-4ce5-ab12-25455c6e00ee,37480c93-3991-4a43-9291-df21132d70bb,2026-06-09T04:24:10.751869,Premium Deal - Bronze Gate,116835.11,2026-10-12T21:35:49.751885,4a7a2306-6666-4f6b-9b4e-18f69f445d60,2026-04-13T07:47:16.751869,8c0e1935-13b5-4990-a8a3-0be81dad1a78
f55d8040-6726-43e6-962c-a817ffe97aa3,2742825a-3e35-4f86-ae5a-aca92762e3ea,4ff825b1-8a8c-436e-88cc-79aa71edd549,71e81f0a-d15a-4150-9776-63581c7a107d,40b1b399-4f67-4ce5-ab12-25455c6e00ee,adf7b193-6eb9-4e68-af5f-08edb96c4ea4,2026-08-05T23:42:22.751897,Custom Deal - Topaz Digital,255512.02,2026-12-14T00:09:49.751913,fc5f1462-0be4-4ddf-81a8-aa82b5148124,2026-06-19T15:37:29.751897,8c0e1935-13b5-4990-a8a3-0be81dad1a78
bc5cff2a-92cf-4667-8358-bae2f724f4f1,2742825a-3e35-4f86-ae5a-aca92762e3ea,,,40b1b399-4f67-4ce5-ab12-25455c6e00ee,a32a9963-f067-4cf4-991d-8078e2c5c2fd,2026-07-26T23:55:13.751923,Enterprise Deal - Steel Bridge,371520.38,2026-11-06T21:42:35.751938,4a7a2306-6666-4f6b-9b4e-18f69f445d60,2026-03-30T02:52:25.751923,a3cb50e2-619e-40b9-82fa-b0ae6c6c06ca
ce63a61d-4507-4c1e-8123-37a27851fdb6,2742825a-3e35-4f86-ae5a-aca92762e3ea,,,40b1b399-4f67-4ce5-ab12-25455c6e00ee,dbe3ffdd-320a-48b5-8735-d634a039186b,2026-07-26T04:30:43.751948,Premium Deal - Crystal Clear,160331.09,2026-05-09T03:55:20.751969,8c0e1935-13b5-4990-a8a3-0be81dad1a78,2025-11-01T17:59:16.751948,c74050eb-0b79-4cba-8d19-adf0d3e0b9db
d17796e0-a48e-4f4d-a0a9-594c7346d007,2742825a-3e35-4f86-ae5a-aca92762e3ea,3cb06c60-57e5-4d90-8ed4-7077d6a606c6,,40b1b399-4f67-4ce5-ab12-25455c6e00ee,37480c93-3991-4a43-9291-df21132d70bb,2026-03-01T08:12:12.751980,Growth Deal - Opal Solutions,75595.13,2026-11-08T18:43:08.751996,c74050eb-0b79-4cba-8d19-adf0d3e0b9db,2026-02-21T05:49:31.751980,fdbc7119-6732-45ab-9136-cb056076a38a
27af521b-8c04-4d4d-bd05-db4a55615cc1,2742825a-3e35-4f86-ae5a-aca92762e3ea,1603ce1a-9423-4984-82a8-936de95052fe,,40b1b399-4f67-4ce5-ab12-25455c6e00ee,dbe3ffdd-320a-48b5-8735-d634a039186b,2026-04-10T13:27:15.752011,Premium Deal - Ember Labs,180702.4,2026-07-25T14:25:09.752027,56bbe842-f0da-4e30-a46c-38025bfb382e,2025-08-07T09:37:00.752011,ae300c2a-88df-4b79-b08f-dabbd0efed46
a88c7dcc-d9cb-4a1e-806d-ece05977d531,2742825a-3e35-4f86-ae5a-aca92762e3ea,,1913257a-f289-42fc-9e06-b13d26bfa3e1,40b1b399-4f67-4ce5-ab12-25455c6e00ee,a90ebb64-0fa9-410c-aea7-74001a143abf,2026-08-07T01:03:46.752037,Premium Deal - Fusion Analytics,233796.19,2026-06-02T19:05:31.752053,b7d19994-038b-4dbe-8e38-5141d55ae804,2026-07-11T07:12:00.752037,c74050eb-0b79-4cba-8d19-adf0d3e0b9db
5a732e80-81fd-4741-8db3-ec574b9d9048,2742825a-3e35-4f86-ae5a-aca92762e3ea,17dbb193-b686-48f8-9155-68f667891369,,40b1b399-4f67-4ce5-ab12-25455c6e00ee,a32a9963-f067-4cf4-991d-8078e2c5c2fd,2026-07-13T23:01:59.752063,Growth Deal - Pearl Analytics,417175.41,2026-12-31T18:06:47.752079,a669f01c-9d90-47fe-b1f8-79740e2b0070,2026-04-28T09:06:09.752063,b7d19994-038b-4dbe-8e38-5141d55ae804
0abfa221-b96d-46b7-b62d-8145abcf78c1,2742825a-3e35-4f86-ae5a-aca92762e3ea,,7067a74c-d7fe-485a-90b0-c5ccaceeff21,40b1b399-4f67-4ce5-ab12-25455c6e00ee,be33354c-8aba-4e36-b209-bec256f9b7f1,2026-07-16T00:16:58.752089,Custom Deal - Iron Mountain,280673.97,2026-12-23T06:56:44.752105,c74050eb-0b79-4cba-8d19-adf0d3e0b9db,2026-05-05T08:30:00.752089,20c3bda5-fea6-4ea8-a48c-7cd0305cde2d
acf5b85e-e46f-4287-91ed-0f483c1dddea,2742825a-3e35-4f86-ae5a-aca92762e3ea,97e836d6-9513-409d-b4ea-048f272ddbe2,3a7e7360-8590-4964-a83e-2f8d0e7a6920,40b1b399-4f67-4ce5-ab12-25455c6e00ee,adf7b193-6eb9-4e68-af5f-08edb96c4ea4,2026-07-09T00:45:40.752116,Growth Deal - Steel Bridge,170922.12,2026-08-11T11:49:22.752132,ae300c2a-88df-4b79-b08f-dabbd0efed46,2025-08-25T04:11:31.752116,56bbe842-f0da-4e30-a46c-38025bfb382e
b52380ec-68d8-4d3d-8081-fd5f98660008,2742825a-3e35-4f86-ae5a-aca92762e3ea,a4920e93-c7ee-4687-a346-a3bc051b8329,,40b1b399-4f67-4ce5-ab12-25455c6e00ee,adf7b193-6eb9-4e68-af5f-08edb96c4ea4,2025-12-21T08:18:44.752142,Custom Deal - IronClad Security,491925.24,2026-10-15T06:07:16.752158,1f4e14bd-50ce-450c-ab7d-5e06108ba712,2025-11-08T11:46:27.752142,20c3bda5-fea6-4ea8-a48c-7cd0305cde2d
7e6eacd1-6ec8-49ea-bbda-37ee41a28c1d,2742825a-3e35-4f86-ae5a-aca92762e3ea,bbd4a71f-a655-4388-91cb-fc7dc94a2958,22795c5c-4f46-4450-a266-b8e9f7b236dd,40b1b399-4f67-4ce5-ab12-25455c6e00ee,a90ebb64-0fa9-410c-aea7-74001a143abf,2026-03-17T20:41:34.752168,Enterprise Deal - Pulse Digital,118012.72,2026-05-10T14:40:21.752185,64557d9f-67a1-4513-b6da-e641464f66bb,2026-02-22T12:11:16.752168,4a7a2306-6666-4f6b-9b4e-18f69f445d60
3e516683-0cd0-4644-8201-3126281e9c8d,2742825a-3e35-4f86-ae5a-aca92762e3ea,c6c28a15-02da-429c-9abd-3dbc9acf4ddf,2b61684f-acdb-44bc-a8f1-1e99b050432e,40b1b399-4f67-4ce5-ab12-25455c6e00ee,a32a9963-f067-4cf4-991d-8078e2c5c2fd,2026-04-04T10:23:37.752195,Starter Deal - NexGen Software,397512.93,2026-08-19T17:59:53.752210,fc5f1462-0be4-4ddf-81a8-aa82b5148124,2026-02-09T01:44:30.752195,126bc002-0870-4341-a019-6dbae3d39a09
3f15e2f9-7a21-4036-a581-2fba29d6c253,2742825a-3e35-4f86-ae5a-aca92762e3ea,cb2a02d2-126e-4d7f-8aa0-b1850722c765,4ffd570f-9d6c-4108-a1e5-b9b2eb0f80e6,40b1b399-4f67-4ce5-ab12-25455c6e00ee,37480c93-3991-4a43-9291-df21132d70bb,2026-05-22T12:02:04.752244,Custom Deal - RedRock Ventures,2401.05,2026-11-14T04:58:23.752281,56bbe842-f0da-4e30-a46c-38025bfb382e,2026-03-31T04:18:35.752244,4a7a2306-6666-4f6b-9b4e-18f69f445d60
89d400a5-65ca-43ad-b96b-9278969813ec,2742825a-3e35-4f86-ae5a-aca92762e3ea,,4d86e3ec-eb93-4daa-99b2-4bcd247cca90,40b1b399-4f67-4ce5-ab12-25455c6e00ee,a32a9963-f067-4cf4-991d-8078e2c5c2fd,2026-07-21T08:46:26.752298,Growth Deal - Apex Innovations,25508.75,2026-09-16T16:44:10.752316,4a7a2306-6666-4f6b-9b4e-18f69f445d60,2026-06-02T16:10:41.752298,4a7a2306-6666-4f6b-9b4e-18f69f445d60
8a113e56-87e2-49ff-95d2-473f6bcb9558,2742825a-3e35-4f86-ae5a-aca92762e3ea,3952104d-3cdc-4400-b447-a9847a8a9010,3a7e7360-8590-4964-a83e-2f8d0e7a6920,40b1b399-4f67-4ce5-ab12-25455c6e00ee,dbe3ffdd-320a-48b5-8735-d634a039186b,2026-06-19T14:13:23.752333,Enterprise Deal - Pearl Analytics,474515.07,2026-07-02T16:15:49.752349,4a7a2306-6666-4f6b-9b4e-18f69f445d60,2026-04-25T02:01:12.752333,fdbc7119-6732-45ab-9136-cb056076a38a
9371b5d6-1d78-4039-80dd-15c573c298dd,2742825a-3e35-4f86-ae5a-aca92762e3ea,8e3c2c7b-dab7-4b64-ae41-6d523a11b59d,8743e543-a4a1-4212-8c1c-9219a093ed3e,40b1b399-4f67-4ce5-ab12-25455c6e00ee,adf7b193-6eb9-4e68-af5f-08edb96c4ea4,2026-07-26T14:45:45.752359,Growth Deal - Sterling Finance,180570.8,2026-09-27T15:24:04.752383,d7b70429-3c34-4940-81f0-2fd516ab47cb,2025-10-15T07:00:17.752359,126bc002-0870-4341-a019-6dbae3d39a09
79c2bc1b-13aa-4f8b-9380-d183b7c4caf1,2742825a-3e35-4f86-ae5a-aca92762e3ea,67bc1452-5ce9-4e21-9984-1b215bcf22eb,,40b1b399-4f67-4ce5-ab12-25455c6e00ee,a32a9963-f067-4cf4-991d-8078e2c5c2fd,2026-07-16T07:04:03.752394,Enterprise Deal - CloudPeak Analytics,421285.44,2026-09-09T17:40:51.752423,64557d9f-67a1-4513-b6da-e641464f66bb,2026-01-23T19:25:51.752394,56bbe842-f0da-4e30-a46c-38025bfb382e
f68c3377-6565-4bbf-9204-18a01e388f4d,2742825a-3e35-4f86-ae5a-aca92762e3ea,6c3875db-9318-4d2b-8d21-fd51d32a3ef5,,40b1b399-4f67-4ce5-ab12-25455c6e00ee,be33354c-8aba-4e36-b209-bec256f9b7f1,2026-07-28T12:17:23.752433,Growth Deal - Apex Innovations,22042.05,2026-10-17T10:26:10.752449,b7d19994-038b-4dbe-8e38-5141d55ae804,2026-05-02T18:47:14.752433,b7d19994-038b-4dbe-8e38-5141d55ae804
4081d185-34c9-4460-a4d1-c11293c0f2fc,2742825a-3e35-4f86-ae5a-aca92762e3ea,,d875bdc7-fba2-48a5-941a-72e90f3a1ccf,40b1b399-4f67-4ce5-ab12-25455c6e00ee,be33354c-8aba-4e36-b209-bec256f9b7f1,2026-07-28T02:05:57.752459,Growth Deal - EverGreen Solutions,110093.28,2027-02-04T18:52:52.752475,fdbc7119-6732-45ab-9136-cb056076a38a,2026-03-07T08:49:33.752459,4a7a2306-6666-4f6b-9b4e-18f69f445d60
4220197c-89f9-4ce1-9f42-7d138e65b8ed,2742825a-3e35-4f86-ae5a-aca92762e3ea,3e443807-b3f9-475f-a852-48102a77e8b8,779fc0c4-a7dc-4ef9-adcc-130f687b22a5,40b1b399-4f67-4ce5-ab12-25455c6e00ee,be33354c-8aba-4e36-b209-bec256f9b7f1,2026-04-17T17:03:38.752485,Custom Deal - Iron Mountain,131652.62,2026-12-11T17:49:39.752502,ae300c2a-88df-4b79-b08f-dabbd0efed46,2025-08-24T02:59:07.752485,c74050eb-0b79-4cba-8d19-adf0d3e0b9db
d801a99f-09ba-48b0-8ee0-e19a8f0ce456,2742825a-3e35-4f86-ae5a-aca92762e3ea,fa4422e7-5f4b-4ce6-b22a-c182e51b7a90,,40b1b399-4f67-4ce5-ab12-25455c6e00ee,be33354c-8aba-4e36-b209-bec256f9b7f1,2026-08-06T22:49:38.752512,Enterprise Deal - Atlas Computing,132503.71,2026-09-04T16:32:35.752528,fc5f1462-0be4-4ddf-81a8-aa82b5148124,2026-08-05T01:03:51.752512,d7b70429-3c34-4940-81f0-2fd516ab47cb
a3bcd678-649d-4e24-8bd3-5e8e4d60c901,2742825a-3e35-4f86-ae5a-aca92762e3ea,,5dc97d95-ca0a-4f10-89dc-142c14f8b8d5,40b1b399-4f67-4ce5-ab12-25455c6e00ee,adf7b193-6eb9-4e68-af5f-08edb96c4ea4,2026-06-12T13:25:52.752538,Enterprise Deal - Velocity Labs,393006.8,2026-10-07T11:37:23.752553,c74050eb-0b79-4cba-8d19-adf0d3e0b9db,2026-03-03T19:32:20.752538,fc5f1462-0be4-4ddf-81a8-aa82b5148124
df3d4ce1-ba6c-4d0b-8c60-aca787e17864,2742825a-3e35-4f86-ae5a-aca92762e3ea,9f4bc004-f333-4bde-bc31-0e43e4b8fde2,,40b1b399-4f67-4ce5-ab12-25455c6e00ee,dbe3ffdd-320a-48b5-8735-d634a039186b,2026-08-03T12:21:07.752563,Starter Deal - SilverLine Corp,407328.74,2026-05-05T16:10:53.752579,a3cb50e2-619e-40b9-82fa-b0ae6c6c06ca,2026-07-20T21:36:25.752563,a3cb50e2-619e-40b9-82fa-b0ae6c6c06ca
155830f8-b7ad-4088-9d8e-bad952cb8692,2742825a-3e35-4f86-ae5a-aca92762e3ea,,6f028896-f4ff-44a3-83ec-74ecd0ffbd4e,40b1b399-4f67-4ce5-ab12-25455c6e00ee,adf7b193-6eb9-4e68-af5f-08edb96c4ea4,2026-07-19T18:35:58.752589,Custom Deal - Atlas Computing,466800.56,2026-10-21T02:47:20.752604,fc5f1462-0be4-4ddf-81a8-aa82b5148124,2026-03-09T16:24:39.752589,fdbc7119-6732-45ab-9136-cb056076a38a
895cc2f8-54b0-4794-8a52-2e3225952a81,2742825a-3e35-4f86-ae5a-aca92762e3ea,0d70fb54-5950-4d3f-bca3-d87d7f2e8c20,,40b1b399-4f67-4ce5-ab12-25455c6e00ee,a32a9963-f067-4cf4-991d-8078e2c5c2fd,2026-07-12T21:52:21.752619,Starter Deal - Horizon Media,26654.91,2026-09-24T10:53:59.752635,a669f01c-9d90-47fe-b1f8-79740e2b0070,2026-04-19T21:40:11.752619,c74050eb-0b79-4cba-8d19-adf0d3e0b9db
cc27b7ab-c4b8-4747-82fd-c9be24cd26be,2742825a-3e35-4f86-ae5a-aca92762e3ea,,5da8802d-7cd7-4a7e-83be-7e89c0b43a20,40b1b399-4f67-4ce5-ab12-25455c6e00ee,adf7b193-6eb9-4e68-af5f-08edb96c4ea4,2026-07-27T09:35:25.752652,Growth Deal - Nimbus Networks,213614.02,2027-01-05T01:55:48.752672,8c0e1935-13b5-4990-a8a3-0be81dad1a78,2026-07-25T01:04:21.752652,fdbc7119-6732-45ab-9136-cb056076a38a
68d4e429-56e6-46fc-ab36-b93bbf037304,2742825a-3e35-4f86-ae5a-aca92762e3ea,,,40b1b399-4f67-4ce5-ab12-25455c6e00ee,be33354c-8aba-4e36-b209-bec256f9b7f1,2026-07-27T01:16:51.752683,Starter Deal - Opal Solutions,237713.5,2026-09-02T18:09:19.752698,fdbc7119-6732-45ab-9136-cb056076a38a,2025-12-04T03:41:57.752683,ae300c2a-88df-4b79-b08f-dabbd0efed46
0ed2bd6c-63dd-404f-9d3e-e9ffe4643081,2742825a-3e35-4f86-ae5a-aca92762e3ea,96358eaa-37bc-46b1-bf3d-ffd704ce0e6b,,40b1b399-4f67-4ce5-ab12-25455c6e00ee,be33354c-8aba-4e36-b209-bec256f9b7f1,2026-04-18T20:07:22.752708,Premium Deal - RedRock Ventures,188364.85,2026-12-03T11:57:06.752724,a669f01c-9d90-47fe-b1f8-79740e2b0070,2026-01-29T10:17:29.752708,d7b70429-3c34-4940-81f0-2fd516ab47cb
2baf4736-f80b-4032-833f-f7d316e54d66,2742825a-3e35-4f86-ae5a-aca92762e3ea,9cceb7aa-96f2-4c5e-81e3-064f8360a6c6,,40b1b399-4f67-4ce5-ab12-25455c6e00ee,37480c93-3991-4a43-9291-df21132d70bb,2026-05-19T18:56:37.752734,Growth Deal - Sapphire Tech,175350.85,2026-09-08T01:36:15.752756,b7d19994-038b-4dbe-8e38-5141d55ae804,2026-05-16T05:09:54.752734,a669f01c-9d90-47fe-b1f8-79740e2b0070
52cc69f9-77c4-4dcf-9f28-1e72df8ebce9,2742825a-3e35-4f86-ae5a-aca92762e3ea,,10e22092-43c1-4df3-a202-655518b7295a,40b1b399-4f67-4ce5-ab12-25455c6e00ee,dbe3ffdd-320a-48b5-8735-d634a039186b,2026-06-03T18:28:19.752769,Growth Deal - DataFlow Systems,198653.66,2026-05-06T16:28:17.752785,a3cb50e2-619e-40b9-82fa-b0ae6c6c06ca,2026-05-08T20:32:28.752769,8c0e1935-13b5-4990-a8a3-0be81dad1a78
cd63c953-7861-47f6-9f24-4cc90b54f156,2742825a-3e35-4f86-ae5a-aca92762e3ea,,8476e161-5248-4699-9db5-966bc2e65520,40b1b399-4f67-4ce5-ab12-25455c6e00ee,be33354c-8aba-4e36-b209-bec256f9b7f1,2026-08-03T18:15:32.752795,Growth Deal - Crystal Corp,391155.25,2027-01-24T18:56:15.752810,126bc002-0870-4341-a019-6dbae3d39a09,2026-07-12T05:09:27.752795,64557d9f-67a1-4513-b6da-e641464f66bb
25582f29-efc0-4e56-98b5-e202539a28dc,2742825a-3e35-4f86-ae5a-aca92762e3ea,5609397b-642f-4072-b77b-a147201a405f,,40b1b399-4f67-4ce5-ab12-25455c6e00ee,37480c93-3991-4a43-9291-df21132d70bb,2026-05-11T18:06:04.752820,Growth Deal - CloudPeak Analytics,370388.4,2026-11-06T20:13:02.752836,b7d19994-038b-4dbe-8e38-5141d55ae804,2026-04-06T18:10:27.752820,a3cb50e2-619e-40b9-82fa-b0ae6c6c06ca
699a09d8-cbfa-4bcd-a079-103f4e417485,2742825a-3e35-4f86-ae5a-aca92762e3ea,,22dbfb41-808b-4525-b2f4-f10f2a6a06e1,40b1b399-4f67-4ce5-ab12-25455c6e00ee,be33354c-8aba-4e36-b209-bec256f9b7f1,2026-05-09T02:39:31.752846,Custom Deal - Copper Systems,205973.43,2026-11-15T10:36:10.752862,fc5f1462-0be4-4ddf-81a8-aa82b5148124,2026-02-23T07:13:30.752846,56bbe842-f0da-4e30-a46c-38025bfb382e
6e560fdb-1e90-4d2a-8fcf-19cde7b7e5bd,2742825a-3e35-4f86-ae5a-aca92762e3ea,3b27d4a4-5e9b-4032-83aa-c449a99a2820,,40b1b399-4f67-4ce5-ab12-25455c6e00ee,adf7b193-6eb9-4e68-af5f-08edb96c4ea4,2025-12-15T07:30:45.752872,Starter Deal - SwiftScale,239984.2,2026-11-20T05:06:42.752889,fc5f1462-0be4-4ddf-81a8-aa82b5148124,2025-09-18T01:50:31.752872,c74050eb-0b79-4cba-8d19-adf0d3e0b9db
553dc2f2-1ff5-472c-9be2-7bbfd71c3259,2742825a-3e35-4f86-ae5a-aca92762e3ea,b3e32488-e673-4633-86fc-fc453fa4b1de,,40b1b399-4f67-4ce5-ab12-25455c6e00ee,dbe3ffdd-320a-48b5-8735-d634a039186b,2026-07-12T13:08:11.752903,Growth Deal - Summit Analytics,177344.99,2026-07-16T08:29:14.752918,64557d9f-67a1-4513-b6da-e641464f66bb,2025-12-24T21:02:43.752903,20c3bda5-fea6-4ea8-a48c-7cd0305cde2d
13f6fa95-d6ee-45aa-8f0e-adcd9c7f3bdc,2742825a-3e35-4f86-ae5a-aca92762e3ea,,f4d71935-5a20-456d-bc87-c1a2b7abd2e7,40b1b399-4f67-4ce5-ab12-25455c6e00ee,a32a9963-f067-4cf4-991d-8078e2c5c2fd,2026-03-12T18:09:11.752928,Starter Deal - Copper Systems,325472.68,2026-09-12T05:37:57.752944,20c3bda5-fea6-4ea8-a48c-7cd0305cde2d,2026-01-05T01:24:26.752928,fdbc7119-6732-45ab-9136-cb056076a38a
309f5f0c-5143-4780-bcd3-528e2c579845,2742825a-3e35-4f86-ae5a-aca92762e3ea,,f6032bba-963f-44d8-b840-414890204888,40b1b399-4f67-4ce5-ab12-25455c6e00ee,be33354c-8aba-4e36-b209-bec256f9b7f1,2025-10-28T07:18:54.752954,Starter Deal - Forge Industries,123923.08,2026-12-06T22:37:22.752969,8c0e1935-13b5-4990-a8a3-0be81dad1a78,2025-09-13T20:42:47.752954,fdbc7119-6732-45ab-9136-cb056076a38a
39c6257c-8886-4c92-ba4b-85548ebe65dd,2742825a-3e35-4f86-ae5a-aca92762e3ea,7463fcc9-e4a1-4e8e-970e-8e7e83b8a38c,10e22092-43c1-4df3-a202-655518b7295a,40b1b399-4f67-4ce5-ab12-25455c6e00ee,37480c93-3991-4a43-9291-df21132d70bb,2025-11-26T18:30:05.752980,Growth Deal - BrightStar Inc,95736.05,2027-01-06T01:04:45.752996,8c0e1935-13b5-4990-a8a3-0be81dad1a78,2025-11-18T02:25:03.752980,56bbe842-f0da-4e30-a46c-38025bfb382e
6c4af75c-8f2c-4fd9-ada8-546e7c4200d8,2742825a-3e35-4f86-ae5a-aca92762e3ea,,,40b1b399-4f67-4ce5-ab12-25455c6e00ee,adf7b193-6eb9-4e68-af5f-08edb96c4ea4,2026-04-29T13:06:01.753005,Enterprise Deal - Ruby Software,131415.45,2026-09-15T19:25:22.753020,a3cb50e2-619e-40b9-82fa-b0ae6c6c06ca,2026-04-14T07:34:26.753005,a3cb50e2-619e-40b9-82fa-b0ae6c6c06ca
e3cc732c-e460-47fc-b68e-6dd176838579,2742825a-3e35-4f86-ae5a-aca92762e3ea,1bb31bee-26c1-4b1e-a73d-6e7e605050aa,,40b1b399-4f67-4ce5-ab12-25455c6e00ee,a32a9963-f067-4cf4-991d-8078e2c5c2fd,2026-08-05T10:07:57.753030,Starter Deal - Velocity Labs,273551.76,2026-11-22T15:32:00.753046,4a7a2306-6666-4f6b-9b4e-18f69f445d60,2025-09-19T07:03:59.753030,1f4e14bd-50ce-450c-ab7d-5e06108ba712
38694119-0327-4e23-94ab-16210264569f,2742825a-3e35-4f86-ae5a-aca92762e3ea,1eb2167e-59d1-4750-bfc2-de94bdf24d5a,,40b1b399-4f67-4ce5-ab12-25455c6e00ee,be33354c-8aba-4e36-b209-bec256f9b7f1,2026-07-21T16:52:09.753056,Growth Deal - Forge Industries,244174.89,2026-08-12T17:47:46.753072,126bc002-0870-4341-a019-6dbae3d39a09,2026-02-23T16:59:18.753056,64557d9f-67a1-4513-b6da-e641464f66bb
e4fac412-a21a-410e-ba9d-5c60764d6167,2742825a-3e35-4f86-ae5a-aca92762e3ea,b194e02f-441a-42be-b99a-209e54fc5070,,40b1b399-4f67-4ce5-ab12-25455c6e00ee,be33354c-8aba-4e36-b209-bec256f9b7f1,2026-05-12T20:15:21.753082,Growth Deal - Crystal Corp,398670.51,2026-12-28T18:36:41.753097,4a7a2306-6666-4f6b-9b4e-18f69f445d60,2026-04-28T18:29:45.753082,8c0e1935-13b5-4990-a8a3-0be81dad1a78
8216464d-5f19-4c20-a67d-a8b3ffcba900,2742825a-3e35-4f86-ae5a-aca92762e3ea,,70e347cc-c71e-498f-a5c8-4d730d1e1d7f,40b1b399-4f67-4ce5-ab12-25455c6e00ee,dbe3ffdd-320a-48b5-8735-d634a039186b,2026-06-02T13:37:01.753110,Premium Deal - GreenField Capital,475718.54,2026-05-30T06:32:13.753126,1f4e14bd-50ce-450c-ab7d-5e06108ba712,2026-05-13T17:47:34.753110,126bc002-0870-4341-a019-6dbae3d39a09
3ed787b4-7cd4-412b-ab34-7766d8a38623,2742825a-3e35-4f86-ae5a-aca92762e3ea,f9b32ed7-6329-4744-9832-8e08f12953e8,,40b1b399-4f67-4ce5-ab12-25455c6e00ee,37480c93-3991-4a43-9291-df21132d70bb,2026-05-28T21:11:26.753136,Growth Deal - Opal Solutions,168446.91,2026-11-20T07:50:27.753152,a3cb50e2-619e-40b9-82fa-b0ae6c6c06ca,2026-05-04T21:27:58.753136,d7b70429-3c34-4940-81f0-2fd516ab47cb
62c7a6e2-e589-42fc-9458-86ce893f0b90,2742825a-3e35-4f86-ae5a-aca92762e3ea,a2e40de0-7572-46ba-a40d-21e95d5420f6,,40b1b399-4f67-4ce5-ab12-25455c6e00ee,dbe3ffdd-320a-48b5-8735-d634a039186b,2026-08-01T14:17:33.753166,Starter Deal - Ruby Software,12714.48,2026-05-20T15:32:59.753182,d7b70429-3c34-4940-81f0-2fd516ab47cb,2026-07-12T14:19:48.753166,1f4e14bd-50ce-450c-ab7d-5e06108ba712
9b95f12e-bc2d-4d10-8f56-4fc3a0941dd4,2742825a-3e35-4f86-ae5a-aca92762e3ea,09bce84f-0481-4389-8c7d-166ec5583698,eaabf979-e6b4-4c08-81ee-573de6430fa6,40b1b399-4f67-4ce5-ab12-25455c6e00ee,a90ebb64-0fa9-410c-aea7-74001a143abf,2026-07-02T02:58:32.753192,Custom Deal - Amber Industries,220630.11,2026-04-24T03:39:56.753208,126bc002-0870-4341-a019-6dbae3d39a09,2026-04-10T13:06:58.753192,8c0e1935-13b5-4990-a8a3-0be81dad1a78
b8760b20-4875-4bc7-9494-9485e98de90a,2742825a-3e35-4f86-ae5a-aca92762e3ea,86eb7232-020f-4f04-b056-cf0317e97a58,8b82ff75-b76c-4bc9-8ca4-1fca69b2057d,40b1b399-4f67-4ce5-ab12-25455c6e00ee,dbe3ffdd-320a-48b5-8735-d634a039186b,2026-07-08T02:24:17.753218,Custom Deal - Velocity Labs,361194.3,2026-07-19T10:57:35.753234,20c3bda5-fea6-4ea8-a48c-7cd0305cde2d,2026-01-15T02:39:55.753218,8c0e1935-13b5-4990-a8a3-0be81dad1a78
e0ff8df8-3fcd-4e70-8e8b-c7f7d47ae279,2742825a-3e35-4f86-ae5a-aca92762e3ea,397c4fa5-edec-4530-b4d5-263555bac506,,40b1b399-4f67-4ce5-ab12-25455c6e00ee,a90ebb64-0fa9-410c-aea7-74001a143abf,2026-03-18T11:58:56.753243,Enterprise Deal - EverGreen Solutions,139514.55,2026-06-16T14:11:11.753259,fdbc7119-6732-45ab-9136-cb056076a38a,2026-01-17T13:57:47.753243,4a7a2306-6666-4f6b-9b4e-18f69f445d60
68d4a6ef-e651-428e-9587-1d78f7ca7e2b,2742825a-3e35-4f86-ae5a-aca92762e3ea,2ed3d564-0bc0-4375-93a1-37d71486684f,,40b1b399-4f67-4ce5-ab12-25455c6e00ee,a32a9963-f067-4cf4-991d-8078e2c5c2fd,2026-04-18T11:13:05.753269,Starter Deal - NexGen Software,495668.57,2026-10-21T20:41:33.753284,fdbc7119-6732-45ab-9136-cb056076a38a,2026-03-15T23:06:29.753269,126bc002-0870-4341-a019-6dbae3d39a09
0dc24a78-06ce-42af-a3d0-74ddf001d9ae,2742825a-3e35-4f86-ae5a-aca92762e3ea,b2b6ba31-10c6-4597-8222-629a4175d39c,4a386710-993c-44bd-9b17-3641a45c3069,40b1b399-4f67-4ce5-ab12-25455c6e00ee,37480c93-3991-4a43-9291-df21132d70bb,2026-04-15T01:13:45.753294,Custom Deal - Horizon Media,72436.31,2027-01-30T01:11:18.753310,1f4e14bd-50ce-450c-ab7d-5e06108ba712,2025-09-26T04:50:25.753294,1f4e14bd-50ce-450c-ab7d-5e06108ba712
7b3f2f68-1f01-4f58-8ee9-32c0108a2803,2742825a-3e35-4f86-ae5a-aca92762e3ea,2b6c8d57-9a07-4aec-a7c6-f6412eff2f42,,40b1b399-4f67-4ce5-ab12-25455c6e00ee,a32a9963-f067-4cf4-991d-8078e2c5c2fd,2026-01-31T04:00:09.753320,Growth Deal - Velocity Labs,473447.85,2026-12-18T05:11:56.753336,56bbe842-f0da-4e30-a46c-38025bfb382e,2025-11-07T17:41:45.753320,8c0e1935-13b5-4990-a8a3-0be81dad1a78
2ba26f8f-f796-471c-8ac2-256d19b4c853,2742825a-3e35-4f86-ae5a-aca92762e3ea,,4cbb419a-e96b-4b9e-8bb8-98130e75785f,40b1b399-4f67-4ce5-ab12-25455c6e00ee,adf7b193-6eb9-4e68-af5f-08edb96c4ea4,2025-12-20T07:30:52.753346,Enterprise Deal - BrightStar Inc,115229.31,2026-10-29T18:48:02.753361,a3cb50e2-619e-40b9-82fa-b0ae6c6c06ca,2025-09-19T05:22:36.753346,fdbc7119-6732-45ab-9136-cb056076a38a
8357957e-83cf-47a0-824a-4ca5506a1b60,2742825a-3e35-4f86-ae5a-aca92762e3ea,144d603d-1073-4633-80a1-551ee0f5f759,,40b1b399-4f67-4ce5-ab12-25455c6e00ee,a90ebb64-0fa9-410c-aea7-74001a143abf,2025-12-19T17:16:27.753371,Growth Deal - Sapphire Tech,197772.63,2026-07-04T04:42:09.753391,8c0e1935-13b5-4990-a8a3-0be81dad1a78,2025-09-10T00:40:45.753371,a669f01c-9d90-47fe-b1f8-79740e2b0070
732e5b8c-3ac2-420b-ae5f-144ff513cdfe,2742825a-3e35-4f86-ae5a-aca92762e3ea,11426acf-ad43-4433-9722-236a9c1f4610,c064a9d2-b45b-432d-be7a-edae9ef1bb39,40b1b399-4f67-4ce5-ab12-25455c6e00ee,a90ebb64-0fa9-410c-aea7-74001a143abf,2026-02-18T05:04:04.753402,Premium Deal - Golden Ratio,204087.9,2026-05-29T04:19:30.753417,fc5f1462-0be4-4ddf-81a8-aa82b5148124,2025-11-06T17:26:13.753402,a3cb50e2-619e-40b9-82fa-b0ae6c6c06ca
53158ba8-3930-4937-b1db-26cd9da8aa46,2742825a-3e35-4f86-ae5a-aca92762e3ea,7cbaaad7-63eb-42fe-81fd-b9a21f260bd4,0760f9a8-2384-4c56-b064-f089c057749a,40b1b399-4f67-4ce5-ab12-25455c6e00ee,a90ebb64-0fa9-410c-aea7-74001a143abf,2026-02-13T00:36:08.753432,Custom Deal - Pearl Analytics,292697.1,2026-06-01T02:20:26.753452,ae300c2a-88df-4b79-b08f-dabbd0efed46,2025-09-11T03:35:20.753432,126bc002-0870-4341-a019-6dbae3d39a09
5bf09941-2c9a-4a31-b72d-6552e6c64453,2742825a-3e35-4f86-ae5a-aca92762e3ea,0e318e2a-a5f4-47d0-9051-bfe7497784a2,7a0be116-9342-4e26-9ef4-a9dfaae14c00,40b1b399-4f67-4ce5-ab12-25455c6e00ee,be33354c-8aba-4e36-b209-bec256f9b7f1,2026-01-04T06:29:37.753463,Custom Deal - Sterling Finance,284260.48,2026-08-24T08:59:20.753483,a669f01c-9d90-47fe-b1f8-79740e2b0070,2025-12-22T15:43:38.753463,4a7a2306-6666-4f6b-9b4e-18f69f445d60
29d83ad0-8e7c-4460-80f5-063ef2282b77,2742825a-3e35-4f86-ae5a-aca92762e3ea,,5ab2579f-b26b-4fa8-8fcf-000cb38ffe2b,40b1b399-4f67-4ce5-ab12-25455c6e00ee,dbe3ffdd-320a-48b5-8735-d634a039186b,2026-01-04T02:01:55.753497,Growth Deal - Platinum Partners,75027.45,2026-05-15T20:55:49.753512,ae300c2a-88df-4b79-b08f-dabbd0efed46,2025-11-24T11:52:02.753497,56bbe842-f0da-4e30-a46c-38025bfb382e
93c7158f-76fc-4fc2-8282-08afc6512f0c,2742825a-3e35-4f86-ae5a-aca92762e3ea,,,40b1b399-4f67-4ce5-ab12-25455c6e00ee,be33354c-8aba-4e36-b209-bec256f9b7f1,2026-07-09T10:16:18.753522,Starter Deal - ClearView Corp,134199.0,2026-09-02T23:48:29.753537,fdbc7119-6732-45ab-9136-cb056076a38a,2026-01-23T22:01:57.753522,a669f01c-9d90-47fe-b1f8-79740e2b0070
d8db5a64-a557-4cff-b289-fecad26a4b52,2742825a-3e35-4f86-ae5a-aca92762e3ea,60d867eb-8e90-4bbc-b5dd-f346949e084c,,40b1b399-4f67-4ce5-ab12-25455c6e00ee,dbe3ffdd-320a-48b5-8735-d634a039186b,2026-07-26T04:50:50.753550,Enterprise Deal - Quantum Dynamics,347225.23,2026-07-17T09:01:07.753566,a669f01c-9d90-47fe-b1f8-79740e2b0070,2026-06-21T20:17:48.753550,ae300c2a-88df-4b79-b08f-dabbd0efed46
f7b031f8-cc12-4c2e-ae2d-756851b1fe43,2742825a-3e35-4f86-ae5a-aca92762e3ea,239668dc-f274-4084-8e2c-3eb3a0b44afc,8626ff47-7148-48ab-a864-20c25929df83,40b1b399-4f67-4ce5-ab12-25455c6e00ee,adf7b193-6eb9-4e68-af5f-08edb96c4ea4,2026-02-07T02:01:14.753577,Custom Deal - SwiftScale,332889.54,2026-11-07T01:49:23.753592,56bbe842-f0da-4e30-a46c-38025bfb382e,2025-09-07T00:24:36.753577,64557d9f-67a1-4513-b6da-e641464f66bb
4b214bdf-fa4a-43a5-a3e9-cb0403467012,2742825a-3e35-4f86-ae5a-aca92762e3ea,afb1afd3-b325-4304-8cf0-400b0e2e2141,,40b1b399-4f67-4ce5-ab12-25455c6e00ee,37480c93-3991-4a43-9291-df21132d70bb,2026-03-10T03:54:14.753602,Custom Deal - NexGen Software,171052.84,2026-10-18T05:30:18.753636,d7b70429-3c34-4940-81f0-2fd516ab47cb,2025-09-16T12:49:31.753602,4a7a2306-6666-4f6b-9b4e-18f69f445d60
48f459cb-6a59-45fa-9269-0ce7e75b5524,2742825a-3e35-4f86-ae5a-aca92762e3ea,,,40b1b399-4f67-4ce5-ab12-25455c6e00ee,be33354c-8aba-4e36-b209-bec256f9b7f1,2025-11-22T22:48:58.753652,Enterprise Deal - Cobalt Systems,41363.21,2026-12-05T21:17:11.753668,8c0e1935-13b5-4990-a8a3-0be81dad1a78,2025-08-12T13:25:23.753652,4a7a2306-6666-4f6b-9b4e-18f69f445d60
c2ff68dd-9321-450a-bbfb-1c101ed54602,2742825a-3e35-4f86-ae5a-aca92762e3ea,d74495cf-5cf7-4f90-8fef-bc9134e51a62,c064a9d2-b45b-432d-be7a-edae9ef1bb39,40b1b399-4f67-4ce5-ab12-25455c6e00ee,be33354c-8aba-4e36-b209-bec256f9b7f1,2026-02-05T11:35:10.753678,Custom Deal - Diamond Edge,52154.98,2026-10-03T13:05:45.753694,126bc002-0870-4341-a019-6dbae3d39a09,2025-12-27T20:54:21.753678,126bc002-0870-4341-a019-6dbae3d39a09
13c3b597-5c36-438c-8756-f77cb9fdb806,2742825a-3e35-4f86-ae5a-aca92762e3ea,,5ab2579f-b26b-4fa8-8fcf-000cb38ffe2b,40b1b399-4f67-4ce5-ab12-25455c6e00ee,dbe3ffdd-320a-48b5-8735-d634a039186b,2026-07-15T19:21:17.753704,Growth Deal - Bronze Gate,126376.28,2026-05-02T05:42:11.753719,d7b70429-3c34-4940-81f0-2fd516ab47cb,2026-05-17T14:47:00.753704,fc5f1462-0be4-4ddf-81a8-aa82b5148124
b0e10d30-22b5-4fd8-bcd8-9abc801c166a,2742825a-3e35-4f86-ae5a-aca92762e3ea,8098d85a-44b3-40e2-a9e9-efa712e61878,,40b1b399-4f67-4ce5-ab12-25455c6e00ee,a32a9963-f067-4cf4-991d-8078e2c5c2fd,2026-01-19T03:53:46.753733,Enterprise Deal - DataFlow Systems,440850.21,2027-02-04T13:48:22.753749,c74050eb-0b79-4cba-8d19-adf0d3e0b9db,2025-12-13T22:10:45.753733,d7b70429-3c34-4940-81f0-2fd516ab47cb
2bf71502-44be-4193-a9af-00756589573c,2742825a-3e35-4f86-ae5a-aca92762e3ea,,,40b1b399-4f67-4ce5-ab12-25455c6e00ee,be33354c-8aba-4e36-b209-bec256f9b7f1,2026-07-02T10:45:43.753759,Enterprise Deal - Atlas Computing,253241.04,2026-09-04T13:23:32.753774,fc5f1462-0be4-4ddf-81a8-aa82b5148124,2026-04-16T09:56:57.753759,fdbc7119-6732-45ab-9136-cb056076a38a
d813b7e8-82a2-4239-adb0-057b433aa95a,2742825a-3e35-4f86-ae5a-aca92762e3ea,7de2b267-3335-4849-8573-d464a06bbcdc,,40b1b399-4f67-4ce5-ab12-25455c6e00ee,be33354c-8aba-4e36-b209-bec256f9b7f1,2026-08-04T07:51:29.753784,Growth Deal - SilverLine Corp,337974.92,2026-12-25T08:23:21.753799,fc5f1462-0be4-4ddf-81a8-aa82b5148124,2026-08-03T14:28:06.753784,d7b70429-3c34-4940-81f0-2fd516ab47cb
746e6fa9-28b3-4353-ac2f-9d25c37e16ae,2742825a-3e35-4f86-ae5a-aca92762e3ea,f96655b1-4914-4c04-9f80-526e6fe0f0c3,c57df7fc-d8f5-4211-8fad-9c3f6c2a98ae,40b1b399-4f67-4ce5-ab12-25455c6e00ee,be33354c-8aba-4e36-b209-bec256f9b7f1,2026-07-29T10:17:49.753811,Starter Deal - Titan Industries,217319.66,2026-08-10T05:31:10.753826,a3cb50e2-619e-40b9-82fa-b0ae6c6c06ca,2026-07-21T07:41:02.753811,a3cb50e2-619e-40b9-82fa-b0ae6c6c06ca
91f8494d-5bb6-42c3-904d-f8ab02950c0c,2742825a-3e35-4f86-ae5a-aca92762e3ea,57fcc53d-b6a0-4e67-94d2-a85e0b1ef1be,,40b1b399-4f67-4ce5-ab12-25455c6e00ee,adf7b193-6eb9-4e68-af5f-08edb96c4ea4,2026-08-04T14:45:37.753837,Growth Deal - GreenField Capital,223347.93,2026-12-10T06:39:59.753852,d7b70429-3c34-4940-81f0-2fd516ab47cb,2026-07-22T11:40:26.753837,fc5f1462-0be4-4ddf-81a8-aa82b5148124
59381f2b-e259-4a35-adaa-d9e59f545aa2,2742825a-3e35-4f86-ae5a-aca92762e3ea,27f3b0b7-e748-4d5d-9a17-52033c083000,,40b1b399-4f67-4ce5-ab12-25455c6e00ee,a32a9963-f067-4cf4-991d-8078e2c5c2fd,2026-07-28T13:22:37.753862,Premium Deal - Diamond Edge,330728.72,2026-08-29T06:18:58.753881,fc5f1462-0be4-4ddf-81a8-aa82b5148124,2026-01-25T19:44:20.753862,b7d19994-038b-4dbe-8e38-5141d55ae804
9f08883e-d353-420b-8ec4-a8db9f2ad214,2742825a-3e35-4f86-ae5a-aca92762e3ea,,,40b1b399-4f67-4ce5-ab12-25455c6e00ee,a90ebb64-0fa9-410c-aea7-74001a143abf,2026-04-09T05:11:56.753891,Custom Deal - CloudPeak Analytics,209833.13,2026-06-14T09:10:04.753906,8c0e1935-13b5-4990-a8a3-0be81dad1a78,2026-02-01T15:31:06.753891,8c0e1935-13b5-4990-a8a3-0be81dad1a78
24142924-7257-4bdc-b2f3-37a040de276d,2742825a-3e35-4f86-ae5a-aca92762e3ea,,a6465d21-d3ab-47eb-b42a-a737c82ec63d,40b1b399-4f67-4ce5-ab12-25455c6e00ee,adf7b193-6eb9-4e68-af5f-08edb96c4ea4,2025-12-10T18:44:31.753916,Enterprise Deal - Summit Analytics,129642.86,2026-11-25T15:42:22.753931,c74050eb-0b79-4cba-8d19-adf0d3e0b9db,2025-09-20T00:38:40.753916,a3cb50e2-619e-40b9-82fa-b0ae6c6c06ca
8b360a73-87d4-49b2-9a89-b8fec44a85d9,2742825a-3e35-4f86-ae5a-aca92762e3ea,fbea9df2-ffb3-4fac-be71-99e3e3105097,8656a4d2-4826-493f-9aa2-c53875c68838,40b1b399-4f67-4ce5-ab12-25455c6e00ee,be33354c-8aba-4e36-b209-bec256f9b7f1,2025-11-26T02:19:57.753942,Starter Deal - Velocity Labs,285714.47,2026-09-05T20:25:35.753957,fc5f1462-0be4-4ddf-81a8-aa82b5148124,2025-09-20T05:06:00.753942,c74050eb-0b79-4cba-8d19-adf0d3e0b9db
2b55df43-116c-43bd-b4d7-86a10364a8b1,2742825a-3e35-4f86-ae5a-aca92762e3ea,,dc3b51d8-5ebc-401d-8d2e-cdaa50c87cd1,40b1b399-4f67-4ce5-ab12-25455c6e00ee,dbe3ffdd-320a-48b5-8735-d634a039186b,2026-07-02T01:47:03.753967,Growth Deal - Titan Industries,185155.39,2026-05-09T07:40:25.753982,fc5f1462-0be4-4ddf-81a8-aa82b5148124,2025-11-24T05:59:43.753967,ae300c2a-88df-4b79-b08f-dabbd0efed46
2b3e6f6d-0563-48db-818c-3ccd6d325820,2742825a-3e35-4f86-ae5a-aca92762e3ea,f43d3a40-c7ea-42f5-87b1-9104f2c2f752,,40b1b399-4f67-4ce5-ab12-25455c6e00ee,37480c93-3991-4a43-9291-df21132d70bb,2026-07-24T23:39:47.753996,Premium Deal - Forge Industries,157199.53,2026-08-29T10:05:22.754012,56bbe842-f0da-4e30-a46c-38025bfb382e,2026-06-10T10:12:24.753996,8c0e1935-13b5-4990-a8a3-0be81dad1a78
d1fe1388-625f-4be3-8c7d-de83ba651b85,2742825a-3e35-4f86-ae5a-aca92762e3ea,b0cb3d7a-ed6e-48fe-93f9-28e823701ff4,,40b1b399-4f67-4ce5-ab12-25455c6e00ee,adf7b193-6eb9-4e68-af5f-08edb96c4ea4,2026-07-03T20:52:23.754022,Custom Deal - EverGreen Solutions,486772.86,2026-12-14T05:26:45.754037,20c3bda5-fea6-4ea8-a48c-7cd0305cde2d,2026-05-04T01:12:25.754022,4a7a2306-6666-4f6b-9b4e-18f69f445d60
a9cbd3f0-473b-4fff-bd6b-4ec8bdad2831,2742825a-3e35-4f86-ae5a-aca92762e3ea,9f21b32e-df01-430b-8b3d-13e20fb866da,,40b1b399-4f67-4ce5-ab12-25455c6e00ee,37480c93-3991-4a43-9291-df21132d70bb,2026-06-04T08:29:05.754047,Starter Deal - Atlas Computing,152015.52,2027-01-14T07:39:28.754063,64557d9f-67a1-4513-b6da-e641464f66bb,2025-11-17T21:30:55.754047,126bc002-0870-4341-a019-6dbae3d39a09
4822b61a-bbd3-40b0-b58d-fce027c5caeb,2742825a-3e35-4f86-ae5a-aca92762e3ea,3e4b2969-2281-4566-8b69-d99f55f08f32,0a1b7ba3-136e-4fbb-8a4b-391b63c12572,40b1b399-4f67-4ce5-ab12-25455c6e00ee,a90ebb64-0fa9-410c-aea7-74001a143abf,2026-05-12T12:34:40.754073,Growth Deal - Topaz Digital,72468.06,2026-07-05T09:17:10.754089,1f4e14bd-50ce-450c-ab7d-5e06108ba712,2025-11-14T12:04:32.754073,ae300c2a-88df-4b79-b08f-dabbd0efed46
bbc33ba0-5292-48fd-9a82-da598ae257a1,2742825a-3e35-4f86-ae5a-aca92762e3ea,08f0ab85-5d5a-4ddc-9a3a-f6622f9c2e75,edcdc2d4-4a47-4b53-8364-9204a894aa6d,40b1b399-4f67-4ce5-ab12-25455c6e00ee,37480c93-3991-4a43-9291-df21132d70bb,2026-07-07T12:12:06.754099,Starter Deal - Zenith Partners,45165.06,2026-08-18T16:47:03.754115,1f4e14bd-50ce-450c-ab7d-5e06108ba712,2026-04-27T01:10:41.754099,a669f01c-9d90-47fe-b1f8-79740e2b0070
9fde82ba-bb0e-47a4-9db5-0014cffb3e58,2742825a-3e35-4f86-ae5a-aca92762e3ea,4a0952fd-15a4-4f30-976c-a5bb2a6d1770,,40b1b399-4f67-4ce5-ab12-25455c6e00ee,37480c93-3991-4a43-9291-df21132d70bb,2026-03-30T16:14:20.754125,Growth Deal - Pearl Analytics,416054.33,2027-01-29T23:17:23.754140,8c0e1935-13b5-4990-a8a3-0be81dad1a78,2026-01-10T07:35:33.754125,a669f01c-9d90-47fe-b1f8-79740e2b0070
d58a6ab0-7896-4676-bad5-ff1222af3081,2742825a-3e35-4f86-ae5a-aca92762e3ea,d74495cf-5cf7-4f90-8fef-bc9134e51a62,e2656ed5-072a-4033-a824-c4ae064e08d0,40b1b399-4f67-4ce5-ab12-25455c6e00ee,dbe3ffdd-320a-48b5-8735-d634a039186b,2025-09-30T13:19:48.754153,Custom Deal - GreenField Capital,152808.67,2026-07-23T15:00:12.754169,8c0e1935-13b5-4990-a8a3-0be81dad1a78,2025-09-28T20:44:04.754153,a669f01c-9d90-47fe-b1f8-79740e2b0070
713c5236-d65e-488b-b05a-43dbeae64883,2742825a-3e35-4f86-ae5a-aca92762e3ea,5eb79dc3-bf72-4965-8dd2-c469c525569b,e463cc6c-efb6-4f5d-9903-d4c96142db16,40b1b399-4f67-4ce5-ab12-25455c6e00ee,37480c93-3991-4a43-9291-df21132d70bb,2026-06-08T23:26:30.754179,Enterprise Deal - Crystal Corp,465809.24,2026-09-21T03:55:43.754195,56bbe842-f0da-4e30-a46c-38025bfb382e,2026-05-01T22:13:52.754179,1f4e14bd-50ce-450c-ab7d-5e06108ba712
5edbfb72-0e5d-4654-909e-b66ee1d06192,2742825a-3e35-4f86-ae5a-aca92762e3ea,,72d78bcb-aaaf-42c9-94f3-c47af4f31a08,40b1b399-4f67-4ce5-ab12-25455c6e00ee,adf7b193-6eb9-4e68-af5f-08edb96c4ea4,2026-03-05T18:14:27.754205,Growth Deal - IronClad Security,270551.56,2026-09-14T00:13:29.754220,56bbe842-f0da-4e30-a46c-38025bfb382e,2026-02-27T22:08:48.754205,ae300c2a-88df-4b79-b08f-dabbd0efed46
6469bebc-19bd-4d33-aa48-5a8d44689584,2742825a-3e35-4f86-ae5a-aca92762e3ea,b6b8fd50-57c7-4ed7-a246-75506ebe06c1,,40b1b399-4f67-4ce5-ab12-25455c6e00ee,be33354c-8aba-4e36-b209-bec256f9b7f1,2026-07-16T10:37:03.754234,Enterprise Deal - Nimbus Networks,229599.58,2026-08-26T16:28:43.754249,a669f01c-9d90-47fe-b1f8-79740e2b0070,2026-04-21T17:28:43.754234,126bc002-0870-4341-a019-6dbae3d39a09
ea693e94-93de-4f89-a933-a558043e66d8,2742825a-3e35-4f86-ae5a-aca92762e3ea,cb2a02d2-126e-4d7f-8aa0-b1850722c765,,40b1b399-4f67-4ce5-ab12-25455c6e00ee,be33354c-8aba-4e36-b209-bec256f9b7f1,2026-02-20T07:48:12.754265,Starter Deal - Jade Consulting,176793.41,2026-10-10T19:33:35.754283,a669f01c-9d90-47fe-b1f8-79740e2b0070,2026-01-20T01:04:20.754265,ae300c2a-88df-4b79-b08f-dabbd0efed46
60e56974-f15f-4c24-bc13-9970989bab01,2742825a-3e35-4f86-ae5a-aca92762e3ea,fc7a9315-5026-49ab-9bb7-0d21fb4bedc9,,40b1b399-4f67-4ce5-ab12-25455c6e00ee,a32a9963-f067-4cf4-991d-8078e2c5c2fd,2026-03-31T02:26:10.754294,Premium Deal - Atlas Computing,239372.59,2026-11-08T11:35:01.754309,fdbc7119-6732-45ab-9136-cb056076a38a,2026-02-24T20:24:21.754294,56bbe842-f0da-4e30-a46c-38025bfb382e
882c0cf2-5cc8-4d30-8333-f7eed05565b1,2742825a-3e35-4f86-ae5a-aca92762e3ea,aa64cba1-2e74-4beb-aeb0-a407836d5207,29fcecb5-757b-452f-bc12-83f81c4e8c04,40b1b399-4f67-4ce5-ab12-25455c6e00ee,dbe3ffdd-320a-48b5-8735-d634a039186b,2026-05-06T09:38:34.754320,Premium Deal - BlueShift Labs,418809.55,2026-05-17T05:18:48.754335,d7b70429-3c34-4940-81f0-2fd516ab47cb,2025-12-05T02:48:43.754320,1f4e14bd-50ce-450c-ab7d-5e06108ba712
5c683984-23d8-40fd-907c-d9e082a3294c,2742825a-3e35-4f86-ae5a-aca92762e3ea,,c533159d-4861-4c33-b952-a79c4fd6ef10,40b1b399-4f67-4ce5-ab12-25455c6e00ee,be33354c-8aba-4e36-b209-bec256f9b7f1,2026-03-07T07:51:32.754345,Starter Deal - Apex Health,418120.42,2026-10-08T04:41:50.754361,a3cb50e2-619e-40b9-82fa-b0ae6c6c06ca,2025-11-18T22:55:45.754345,a669f01c-9d90-47fe-b1f8-79740e2b0070
d61816cc-18e9-4147-80f0-b6978f4e7ad4,2742825a-3e35-4f86-ae5a-aca92762e3ea,7a2552ae-d42a-4251-bbf1-9791a9530102,,40b1b399-4f67-4ce5-ab12-25455c6e00ee,dbe3ffdd-320a-48b5-8735-d634a039186b,2026-05-31T05:50:28.754371,Starter Deal - Cobalt Systems,288229.3,2026-05-18T00:53:18.754437,4a7a2306-6666-4f6b-9b4e-18f69f445d60,2026-05-19T22:08:10.754371,64557d9f-67a1-4513-b6da-e641464f66bb
273e187a-89c2-4ceb-8143-c513a4ec7ead,2742825a-3e35-4f86-ae5a-aca92762e3ea,bf5beafe-c3d4-4d4b-b80c-0782e713a9b1,6c7637f2-8dc0-48f6-95a3-3735dca5f88a,40b1b399-4f67-4ce5-ab12-25455c6e00ee,37480c93-3991-4a43-9291-df21132d70bb,2026-06-22T12:54:15.754467,Growth Deal - Apex Innovations,68340.06,2026-10-24T13:06:03.754488,126bc002-0870-4341-a019-6dbae3d39a09,2026-03-04T21:26:36.754467,a3cb50e2-619e-40b9-82fa-b0ae6c6c06ca
f365f204-22da-499a-b428-686df2de586d,2742825a-3e35-4f86-ae5a-aca92762e3ea,53e0801c-e4bb-4050-b154-e2909913bb43,cee97144-1eb1-494d-8fdd-90260cf598c2,40b1b399-4f67-4ce5-ab12-25455c6e00ee,adf7b193-6eb9-4e68-af5f-08edb96c4ea4,2026-07-06T08:33:44.754500,Custom Deal - IronClad Security,195669.92,2026-08-11T07:08:22.754516,a669f01c-9d90-47fe-b1f8-79740e2b0070,2026-06-20T06:28:19.754500,d7b70429-3c34-4940-81f0-2fd516ab47cb
28c01d85-4616-48c1-bc8d-0a35f905cc24,2742825a-3e35-4f86-ae5a-aca92762e3ea,6d0a834e-6517-4f8d-b82a-e7fc299b92bc,c5d94488-c6f1-4c58-a6bf-056ede00e28e,40b1b399-4f67-4ce5-ab12-25455c6e00ee,a32a9963-f067-4cf4-991d-8078e2c5c2fd,2026-05-03T11:05:09.754528,Custom Deal - DataFlow Systems,238337.4,2027-01-29T01:38:59.754550,126bc002-0870-4341-a019-6dbae3d39a09,2026-03-01T22:07:20.754528,20c3bda5-fea6-4ea8-a48c-7cd0305cde2d
9f6f8c80-8b32-4788-b2e4-b12fdd8d3497,2742825a-3e35-4f86-ae5a-aca92762e3ea,7fc8f11a-11e0-4bb3-90f1-28754d6bfb56,,40b1b399-4f67-4ce5-ab12-25455c6e00ee,a32a9963-f067-4cf4-991d-8078e2c5c2fd,2026-08-01T00:28:51.754561,Custom Deal - EverGreen Solutions,219939.07,2026-10-12T20:59:10.754577,ae300c2a-88df-4b79-b08f-dabbd0efed46,2025-10-22T21:43:00.754561,b7d19994-038b-4dbe-8e38-5141d55ae804
e1757484-8fef-4e5e-90cc-c9f21264eaad,2742825a-3e35-4f86-ae5a-aca92762e3ea,27be5d54-4c7c-437f-b410-61c9fee840a1,,40b1b399-4f67-4ce5-ab12-25455c6e00ee,a32a9963-f067-4cf4-991d-8078e2c5c2fd,2026-05-09T14:08:42.754588,Starter Deal - Apex Health,88699.97,2026-11-23T22:37:39.754604,c74050eb-0b79-4cba-8d19-adf0d3e0b9db,2026-01-26T10:37:45.754588,fc5f1462-0be4-4ddf-81a8-aa82b5148124
707cb7c4-0419-4e1e-a7c4-964dfef5aab8,2742825a-3e35-4f86-ae5a-aca92762e3ea,a085b236-e0c8-4090-b371-25cae6418f78,ee5b685a-75b4-4a9c-9767-558a3fb0340e,40b1b399-4f67-4ce5-ab12-25455c6e00ee,be33354c-8aba-4e36-b209-bec256f9b7f1,2026-04-11T20:58:20.754618,Growth Deal - Iron Mountain,223732.14,2026-08-26T17:20:53.754635,a669f01c-9d90-47fe-b1f8-79740e2b0070,2026-02-16T05:56:17.754618,a3cb50e2-619e-40b9-82fa-b0ae6c6c06ca
6a2b78ec-9784-4a7c-868b-9702a541d56c,2742825a-3e35-4f86-ae5a-aca92762e3ea,e7a13858-29cc-494b-ae3c-8dfcd835a191,,40b1b399-4f67-4ce5-ab12-25455c6e00ee,37480c93-3991-4a43-9291-df21132d70bb,2026-07-14T07:29:56.754650,Growth Deal - Opal Solutions,3402.76,2027-01-17T04:41:30.754667,c74050eb-0b79-4cba-8d19-adf0d3e0b9db,2026-05-13T07:00:34.754650,56bbe842-f0da-4e30-a46c-38025bfb382e
08f8e0e9-21e3-442e-a108-98296e7d5f62,2742825a-3e35-4f86-ae5a-aca92762e3ea,,7b8513bb-8145-408a-b7bd-823947c3d725,40b1b399-4f67-4ce5-ab12-25455c6e00ee,a32a9963-f067-4cf4-991d-8078e2c5c2fd,2026-05-06T11:19:18.754677,Starter Deal - Fusion Analytics,83061.62,2026-12-22T21:46:11.754698,a669f01c-9d90-47fe-b1f8-79740e2b0070,2026-02-19T02:29:46.754677,b7d19994-038b-4dbe-8e38-5141d55ae804
18bab174-b15d-4ce7-a02f-d9eaff2e314a,2742825a-3e35-4f86-ae5a-aca92762e3ea,7e6e990b-8b7f-4cc8-9331-b32677ba6509,c8f8514d-fc29-44d5-83c7-891a364158cd,40b1b399-4f67-4ce5-ab12-25455c6e00ee,a32a9963-f067-4cf4-991d-8078e2c5c2fd,2026-05-11T05:44:06.754709,Custom Deal - SilverLine Corp,405494.6,2027-01-18T12:19:10.754725,b7d19994-038b-4dbe-8e38-5141d55ae804,2026-02-28T11:46:06.754709,c74050eb-0b79-4cba-8d19-adf0d3e0b9db
9d24bcb3-6019-4c8f-bff1-74f2b0fd958e,2742825a-3e35-4f86-ae5a-aca92762e3ea,,,40b1b399-4f67-4ce5-ab12-25455c6e00ee,be33354c-8aba-4e36-b209-bec256f9b7f1,2026-07-31T20:28:11.754734,Premium Deal - Pulse Digital,237911.22,2026-10-15T09:23:56.754749,a669f01c-9d90-47fe-b1f8-79740e2b0070,2026-07-17T22:19:19.754734,1f4e14bd-50ce-450c-ab7d-5e06108ba712
699221ef-05de-4b99-9cbe-6fde2aa0a977,2742825a-3e35-4f86-ae5a-aca92762e3ea,26b13804-3507-4b13-bece-40b43133056d,d127ea1b-c501-433b-8fae-04d739a9ef84,40b1b399-4f67-4ce5-ab12-25455c6e00ee,be33354c-8aba-4e36-b209-bec256f9b7f1,2026-08-05T04:10:54.754760,Starter Deal - Apex Health,225401.54,2026-10-18T20:03:38.754775,d7b70429-3c34-4940-81f0-2fd516ab47cb,2026-07-11T08:52:56.754760,a3cb50e2-619e-40b9-82fa-b0ae6c6c06ca
43826cca-fd50-4456-958c-173cb7663407,2742825a-3e35-4f86-ae5a-aca92762e3ea,02601b1b-d9ef-4af7-a91c-6df8bb0e092b,3a7e7360-8590-4964-a83e-2f8d0e7a6920,40b1b399-4f67-4ce5-ab12-25455c6e00ee,be33354c-8aba-4e36-b209-bec256f9b7f1,2026-07-12T10:59:08.754785,Premium Deal - CloudPeak Analytics,479530.4,2026-08-07T01:13:40.754802,ae300c2a-88df-4b79-b08f-dabbd0efed46,2025-08-22T03:58:56.754785,126bc002-0870-4341-a019-6dbae3d39a09
7c9843a6-d2b3-4725-b786-95598d8377a2,2742825a-3e35-4f86-ae5a-aca92762e3ea,e7a13858-29cc-494b-ae3c-8dfcd835a191,,40b1b399-4f67-4ce5-ab12-25455c6e00ee,be33354c-8aba-4e36-b209-bec256f9b7f1,2026-08-06T23:29:51.754812,Premium Deal - Ember Labs,411155.88,2027-01-29T11:34:13.754825,1f4e14bd-50ce-450c-ab7d-5e06108ba712,2026-08-06T23:29:51.754812,ae300c2a-88df-4b79-b08f-dabbd0efed46
6a1cd51f-dc67-4ad3-b42d-a25daea30ed4,2742825a-3e35-4f86-ae5a-aca92762e3ea,9354cab5-4436-4e38-8fe5-2213de14a549,,40b1b399-4f67-4ce5-ab12-25455c6e00ee,37480c93-3991-4a43-9291-df21132d70bb,2026-08-05T02:54:31.754836,Growth Deal - Pulse Digital,257405.93,2027-01-30T08:41:25.754851,a3cb50e2-619e-40b9-82fa-b0ae6c6c06ca,2026-08-03T05:47:29.754836,1f4e14bd-50ce-450c-ab7d-5e06108ba712
a9fc446f-1ea2-457f-9470-adc90660c4e6,2742825a-3e35-4f86-ae5a-aca92762e3ea,7a68c464-eb38-4fa5-9d4d-fb4d4fac27fa,ee5b685a-75b4-4a9c-9767-558a3fb0340e,40b1b399-4f67-4ce5-ab12-25455c6e00ee,be33354c-8aba-4e36-b209-bec256f9b7f1,2026-06-17T06:36:25.754862,Enterprise Deal - ClearView Corp,152482.24,2026-12-08T02:44:45.754877,d7b70429-3c34-4940-81f0-2fd516ab47cb,2026-03-28T09:08:10.754862,c74050eb-0b79-4cba-8d19-adf0d3e0b9db
2a08e297-f425-43d7-902e-b1ed3843a836,2742825a-3e35-4f86-ae5a-aca92762e3ea,,,40b1b399-4f67-4ce5-ab12-25455c6e00ee,dbe3ffdd-320a-48b5-8735-d634a039186b,2026-07-19T18:40:16.754891,Starter Deal - Amber Industries,76028.78,2026-06-01T23:29:25.754906,fc5f1462-0be4-4ddf-81a8-aa82b5148124,2026-07-01T07:26:21.754891,ae300c2a-88df-4b79-b08f-dabbd0efed46
b78af192-f8ae-4e05-ac8c-964252476d2a,2742825a-3e35-4f86-ae5a-aca92762e3ea,2d9b414a-d0d7-44e3-95a7-52f80fc3f66a,,40b1b399-4f67-4ce5-ab12-25455c6e00ee,dbe3ffdd-320a-48b5-8735-d634a039186b,2026-07-17T02:35:57.754917,Premium Deal - Ruby Software,328562.42,2026-07-05T04:16:36.754932,a669f01c-9d90-47fe-b1f8-79740e2b0070,2026-07-15T21:59:44.754917,8c0e1935-13b5-4990-a8a3-0be81dad1a78
eebe9ac7-8066-4c73-8436-d34e6562115a,2742825a-3e35-4f86-ae5a-aca92762e3ea,d9d654f0-d147-4668-be66-1334ad263077,,40b1b399-4f67-4ce5-ab12-25455c6e00ee,37480c93-3991-4a43-9291-df21132d70bb,2026-04-30T22:11:46.754943,Enterprise Deal - Cobalt Systems,87157.32,2026-08-06T19:09:41.754958,fdbc7119-6732-45ab-9136-cb056076a38a,2026-01-03T11:23:57.754943,4a7a2306-6666-4f6b-9b4e-18f69f445d60
b099aecb-2495-4e9e-9f5a-8f36b6d2a742,2742825a-3e35-4f86-ae5a-aca92762e3ea,b580e46d-ae6c-424a-9b79-7e8aeb3710ad,,40b1b399-4f67-4ce5-ab12-25455c6e00ee,a90ebb64-0fa9-410c-aea7-74001a143abf,2026-06-05T12:14:53.754969,Starter Deal - GreenField Capital,207401.34,2026-05-21T11:08:33.754985,fc5f1462-0be4-4ddf-81a8-aa82b5148124,2026-02-20T02:58:53.754969,c74050eb-0b79-4cba-8d19-adf0d3e0b9db
5deb3f05-fbf1-49df-abcf-369543f2f77d,2742825a-3e35-4f86-ae5a-aca92762e3ea,,,40b1b399-4f67-4ce5-ab12-25455c6e00ee,a90ebb64-0fa9-410c-aea7-74001a143abf,2026-08-06T06:36:44.754994,Custom Deal - GreenField Capital,438394.64,2026-07-04T07:08:06.755009,d7b70429-3c34-4940-81f0-2fd516ab47cb,2026-01-12T16:45:55.754994,c74050eb-0b79-4cba-8d19-adf0d3e0b9db
9254e4bc-1aaf-4a4f-a7fd-8e5ccde036e6,2742825a-3e35-4f86-ae5a-aca92762e3ea,bf727f3c-ebd0-443a-adba-3cc1edae8524,,40b1b399-4f67-4ce5-ab12-25455c6e00ee,dbe3ffdd-320a-48b5-8735-d634a039186b,2026-07-31T04:56:59.755020,Enterprise Deal - Ruby Software,353086.83,2026-06-20T07:31:25.755036,64557d9f-67a1-4513-b6da-e641464f66bb,2026-06-12T15:55:00.755020,fdbc7119-6732-45ab-9136-cb056076a38a
274b5ff6-fc7f-4508-92ad-6b2fba94d1d0,2742825a-3e35-4f86-ae5a-aca92762e3ea,6109215a-b8e7-47a5-85a9-c624021cb82b,5dc97d95-ca0a-4f10-89dc-142c14f8b8d5,40b1b399-4f67-4ce5-ab12-25455c6e00ee,37480c93-3991-4a43-9291-df21132d70bb,2026-04-14T12:59:04.755046,Custom Deal - CloudPeak Analytics,190495.82,2027-02-03T12:00:48.755063,64557d9f-67a1-4513-b6da-e641464f66bb,2026-01-14T01:07:57.755046,a3cb50e2-619e-40b9-82fa-b0ae6c6c06ca
99420180-807d-4e69-af30-05d7e7328222,2742825a-3e35-4f86-ae5a-aca92762e3ea,b7986287-aa59-4dbe-bcba-4b25f8d355e5,10e22092-43c1-4df3-a202-655518b7295a,40b1b399-4f67-4ce5-ab12-25455c6e00ee,be33354c-8aba-4e36-b209-bec256f9b7f1,2025-10-12T07:54:01.755078,Growth Deal - BrightStar Inc,428338.94,2026-10-05T09:40:39.755098,64557d9f-67a1-4513-b6da-e641464f66bb,2025-09-14T12:27:36.755078,1f4e14bd-50ce-450c-ab7d-5e06108ba712
ba081e8f-f8ab-46f8-a107-bf6d7f0b025b,2742825a-3e35-4f86-ae5a-aca92762e3ea,,,40b1b399-4f67-4ce5-ab12-25455c6e00ee,adf7b193-6eb9-4e68-af5f-08edb96c4ea4,2026-02-24T03:21:18.755108,Enterprise Deal - Coral Health,266825.49,2027-01-28T01:32:25.755123,56bbe842-f0da-4e30-a46c-38025bfb382e,2025-08-08T08:34:14.755108,a669f01c-9d90-47fe-b1f8-79740e2b0070
fbc0b47d-2a2a-447b-aee5-585b47f2204f,2742825a-3e35-4f86-ae5a-aca92762e3ea,dbf300e8-dc69-48d6-8365-6222530fbb05,,40b1b399-4f67-4ce5-ab12-25455c6e00ee,dbe3ffdd-320a-48b5-8735-d634a039186b,2026-04-13T15:29:19.755133,Premium Deal - Catalyst Group,26108.13,2026-05-05T04:19:47.755151,d7b70429-3c34-4940-81f0-2fd516ab47cb,2025-12-25T23:15:08.755133,fdbc7119-6732-45ab-9136-cb056076a38a
bfc2c97f-3d41-4831-b916-7657faec7a63,2742825a-3e35-4f86-ae5a-aca92762e3ea,43179b48-a03c-42bd-b3d7-38849615c155,,40b1b399-4f67-4ce5-ab12-25455c6e00ee,be33354c-8aba-4e36-b209-bec256f9b7f1,2026-07-11T10:01:44.755165,Growth Deal - Velocity Labs,182977.59,2027-01-08T18:18:50.755181,c74050eb-0b79-4cba-8d19-adf0d3e0b9db,2026-04-15T11:04:30.755165,1f4e14bd-50ce-450c-ab7d-5e06108ba712
8010e9b4-f002-4f21-b752-aa8202b59ea1,2742825a-3e35-4f86-ae5a-aca92762e3ea,c7514ecb-69cf-452d-89f4-755588a8bf24,779fc0c4-a7dc-4ef9-adcc-130f687b22a5,40b1b399-4f67-4ce5-ab12-25455c6e00ee,a32a9963-f067-4cf4-991d-8078e2c5c2fd,2026-05-04T04:40:58.755192,Enterprise Deal - Cobalt Systems,412008.68,2026-12-01T20:10:59.755208,d7b70429-3c34-4940-81f0-2fd516ab47cb,2025-10-16T23:38:42.755192,a669f01c-9d90-47fe-b1f8-79740e2b0070
273c24b9-b3b7-44a7-8241-0c415f59d0ee,2742825a-3e35-4f86-ae5a-aca92762e3ea,,,40b1b399-4f67-4ce5-ab12-25455c6e00ee,a90ebb64-0fa9-410c-aea7-74001a143abf,2025-11-24T05:35:24.755218,Enterprise Deal - Horizon Media,124380.51,2026-06-26T12:20:26.755233,ae300c2a-88df-4b79-b08f-dabbd0efed46,2025-09-11T17:36:18.755218,b7d19994-038b-4dbe-8e38-5141d55ae804
e2e7c2b4-81e4-42ef-ac89-13f7271ce055,2742825a-3e35-4f86-ae5a-aca92762e3ea,,,40b1b399-4f67-4ce5-ab12-25455c6e00ee,37480c93-3991-4a43-9291-df21132d70bb,2026-07-25T09:57:53.755244,Premium Deal - Opal Solutions,207982.04,2026-10-04T06:42:06.755259,ae300c2a-88df-4b79-b08f-dabbd0efed46,2026-07-24T08:51:20.755244,a3cb50e2-619e-40b9-82fa-b0ae6c6c06ca
4b70b11b-731a-477a-8270-60588a5ba6d2,2742825a-3e35-4f86-ae5a-aca92762e3ea,,,40b1b399-4f67-4ce5-ab12-25455c6e00ee,a32a9963-f067-4cf4-991d-8078e2c5c2fd,2026-03-08T13:20:18.755268,Enterprise Deal - GreenField Capital,97284.97,2027-01-18T11:09:32.755288,c74050eb-0b79-4cba-8d19-adf0d3e0b9db,2025-11-20T04:52:04.755268,1f4e14bd-50ce-450c-ab7d-5e06108ba712
c7d4543f-12fd-41c9-ace3-5dc7f7059b64,2742825a-3e35-4f86-ae5a-aca92762e3ea,4bbf64a7-9380-49d7-98b1-df3555e77056,0abe9f6b-7a76-495b-8668-7c751107bdb6,40b1b399-4f67-4ce5-ab12-25455c6e00ee,a32a9963-f067-4cf4-991d-8078e2c5c2fd,2026-02-14T03:37:36.755299,Premium Deal - BrightStar Inc,94068.92,2026-12-12T06:13:27.755316,ae300c2a-88df-4b79-b08f-dabbd0efed46,2025-08-08T04:50:32.755299,d7b70429-3c34-4940-81f0-2fd516ab47cb
6b1a6909-6f35-4fdc-acaa-3c9b0349fead,2742825a-3e35-4f86-ae5a-aca92762e3ea,,af7fd4b1-6a38-49a6-9154-491521fb1cff,40b1b399-4f67-4ce5-ab12-25455c6e00ee,dbe3ffdd-320a-48b5-8735-d634a039186b,2026-06-08T14:03:59.755325,Starter Deal - Apex Health,55184.81,2026-06-28T14:08:59.755340,ae300c2a-88df-4b79-b08f-dabbd0efed46,2026-05-08T00:41:02.755325,56bbe842-f0da-4e30-a46c-38025bfb382e
d55534b8-022f-4a06-9c1c-cea9c04ad2ec,2742825a-3e35-4f86-ae5a-aca92762e3ea,09139888-8092-4f30-b20d-cd81ea1a78d9,8656a4d2-4826-493f-9aa2-c53875c68838,40b1b399-4f67-4ce5-ab12-25455c6e00ee,a32a9963-f067-4cf4-991d-8078e2c5c2fd,2026-03-20T09:42:23.755351,Growth Deal - Copper Systems,420431.91,2026-12-10T03:51:51.755366,20c3bda5-fea6-4ea8-a48c-7cd0305cde2d,2025-12-08T19:58:56.755351,fc5f1462-0be4-4ddf-81a8-aa82b5148124
d2effeed-ee9c-417e-9965-3a7355679f1c,2742825a-3e35-4f86-ae5a-aca92762e3ea,cbecb4bf-fc34-4a51-a2e2-c072c594cadd,e463cc6c-efb6-4f5d-9903-d4c96142db16,40b1b399-4f67-4ce5-ab12-25455c6e00ee,a32a9963-f067-4cf4-991d-8078e2c5c2fd,2025-12-02T05:08:01.755377,Starter Deal - DataFlow Systems,4399.69,2026-09-10T20:07:56.755392,4a7a2306-6666-4f6b-9b4e-18f69f445d60,2025-10-23T04:24:28.755377,b7d19994-038b-4dbe-8e38-5141d55ae804
00a633c0-0144-4c6b-a5ce-a31a792b7de6,2742825a-3e35-4f86-ae5a-aca92762e3ea,cea0b046-bd4a-452e-b0e3-61a29269bdb5,eaabf979-e6b4-4c08-81ee-573de6430fa6,40b1b399-4f67-4ce5-ab12-25455c6e00ee,be33354c-8aba-4e36-b209-bec256f9b7f1,2025-09-03T17:18:54.755403,Starter Deal - Crystal Clear,337313.55,2026-12-27T19:21:30.755419,ae300c2a-88df-4b79-b08f-dabbd0efed46,2025-08-25T18:34:47.755403,d7b70429-3c34-4940-81f0-2fd516ab47cb
bdf32371-61f0-4031-960d-98cbef22b00c,2742825a-3e35-4f86-ae5a-aca92762e3ea,9fb2ef83-c629-484b-85b8-748d60d96b56,38017f21-839e-47e3-bfb4-1b76e20e8f9a,40b1b399-4f67-4ce5-ab12-25455c6e00ee,dbe3ffdd-320a-48b5-8735-d634a039186b,2026-03-13T01:22:08.755436,Enterprise Deal - Prism Technologies,460314.28,2026-06-01T10:45:41.755453,b7d19994-038b-4dbe-8e38-5141d55ae804,2026-03-03T17:54:36.755436,fc5f1462-0be4-4ddf-81a8-aa82b5148124
470b32ee-c769-4e03-a270-3a56b3ccfee8,2742825a-3e35-4f86-ae5a-aca92762e3ea,8d7a5187-c665-4ede-9668-4308530a0392,,40b1b399-4f67-4ce5-ab12-25455c6e00ee,37480c93-3991-4a43-9291-df21132d70bb,2025-12-27T05:24:02.755463,Premium Deal - NexGen Software,279328.76,2026-12-25T08:57:45.755479,d7b70429-3c34-4940-81f0-2fd516ab47cb,2025-10-11T04:08:51.755463,8c0e1935-13b5-4990-a8a3-0be81dad1a78
5889ac0b-7a42-4ce8-9657-aa70d110763e,2742825a-3e35-4f86-ae5a-aca92762e3ea,e70bdd62-e1d0-49bb-8cdf-d86b4a544bc6,d875bdc7-fba2-48a5-941a-72e90f3a1ccf,40b1b399-4f67-4ce5-ab12-25455c6e00ee,a32a9963-f067-4cf4-991d-8078e2c5c2fd,2026-04-16T14:57:01.755489,Custom Deal - Quantum Dynamics,272643.15,2026-12-05T09:02:47.755504,126bc002-0870-4341-a019-6dbae3d39a09,2026-04-05T13:53:05.755489,4a7a2306-6666-4f6b-9b4e-18f69f445d60
82d0321d-98c5-4433-8dfe-60b0cced1543,2742825a-3e35-4f86-ae5a-aca92762e3ea,,,40b1b399-4f67-4ce5-ab12-25455c6e00ee,adf7b193-6eb9-4e68-af5f-08edb96c4ea4,2026-08-05T07:10:42.755514,Premium Deal - Fusion Analytics,415820.13,2027-01-17T11:05:12.755529,d7b70429-3c34-4940-81f0-2fd516ab47cb,2026-07-25T23:05:14.755514,1f4e14bd-50ce-450c-ab7d-5e06108ba712
5a7b83b7-f348-454f-8278-620f2f2fa1cb,2742825a-3e35-4f86-ae5a-aca92762e3ea,,,40b1b399-4f67-4ce5-ab12-25455c6e00ee,be33354c-8aba-4e36-b209-bec256f9b7f1,2026-02-19T04:55:00.755539,Growth Deal - Ember Labs,356001.22,2026-09-20T09:17:36.755554,1f4e14bd-50ce-450c-ab7d-5e06108ba712,2025-12-15T12:01:00.755539,1f4e14bd-50ce-450c-ab7d-5e06108ba712
b5ff5337-ee9f-454b-8dc3-d8c18703eaa0,2742825a-3e35-4f86-ae5a-aca92762e3ea,b8304add-8a71-445e-920e-86f0c91ac3a0,,40b1b399-4f67-4ce5-ab12-25455c6e00ee,37480c93-3991-4a43-9291-df21132d70bb,2026-06-21T07:11:39.755564,Custom Deal - Crystal Corp,73728.06,2026-10-25T02:21:09.755579,8c0e1935-13b5-4990-a8a3-0be81dad1a78,2026-06-02T18:11:13.755564,20c3bda5-fea6-4ea8-a48c-7cd0305cde2d
0f22c4f4-3c63-4838-803e-6fca595655d2,2742825a-3e35-4f86-ae5a-aca92762e3ea,00883cb0-25e5-40d1-8e45-a638929a47d8,a227bc78-18c0-40d7-b089-f652cee8527f,40b1b399-4f67-4ce5-ab12-25455c6e00ee,a90ebb64-0fa9-410c-aea7-74001a143abf,2026-07-27T12:36:14.755589,Starter Deal - Titan Industries,326458.56,2026-05-17T08:18:58.755605,c74050eb-0b79-4cba-8d19-adf0d3e0b9db,2026-07-15T04:23:59.755589,a669f01c-9d90-47fe-b1f8-79740e2b0070
a9f51a4d-e810-475a-b89e-828aa6cba2cd,2742825a-3e35-4f86-ae5a-aca92762e3ea,d137a480-ddf2-404a-84c6-645891ed6373,6f028896-f4ff-44a3-83ec-74ecd0ffbd4e,40b1b399-4f67-4ce5-ab12-25455c6e00ee,a90ebb64-0fa9-410c-aea7-74001a143abf,2026-05-19T19:25:49.755615,Enterprise Deal - Sapphire Tech,338205.37,2026-05-29T07:55:01.755631,fc5f1462-0be4-4ddf-81a8-aa82b5148124,2026-02-23T06:50:17.755615,c74050eb-0b79-4cba-8d19-adf0d3e0b9db
4b9c38e1-6870-437a-9309-829ba9dc2411,2742825a-3e35-4f86-ae5a-aca92762e3ea,,,40b1b399-4f67-4ce5-ab12-25455c6e00ee,be33354c-8aba-4e36-b209-bec256f9b7f1,2026-01-26T16:58:11.755646,Growth Deal - SilverLine Corp,55632.05,2026-12-16T20:28:43.755662,d7b70429-3c34-4940-81f0-2fd516ab47cb,2025-10-22T06:37:00.755646,8c0e1935-13b5-4990-a8a3-0be81dad1a78
763c8130-d7e5-48c7-8c01-9771822f7f78,2742825a-3e35-4f86-ae5a-aca92762e3ea,,c57df7fc-d8f5-4211-8fad-9c3f6c2a98ae,40b1b399-4f67-4ce5-ab12-25455c6e00ee,a32a9963-f067-4cf4-991d-8078e2c5c2fd,2026-03-07T13:20:16.755672,Growth Deal - Catalyst Group,336477.64,2027-01-14T04:35:23.755687,a3cb50e2-619e-40b9-82fa-b0ae6c6c06ca,2025-11-18T21:39:00.755672,fdbc7119-6732-45ab-9136-cb056076a38a
a6b2acfb-9317-4d6e-90bd-78a1557cb87d,2742825a-3e35-4f86-ae5a-aca92762e3ea,d1c31a51-442b-4ca5-ae55-6b11dde2b2fd,bf6eae23-d817-4fd5-a72a-54094c87314f,40b1b399-4f67-4ce5-ab12-25455c6e00ee,dbe3ffdd-320a-48b5-8735-d634a039186b,2026-03-31T01:21:28.755702,Custom Deal - EverGreen Solutions,460620.54,2026-05-16T11:38:19.755718,c74050eb-0b79-4cba-8d19-adf0d3e0b9db,2025-10-31T02:22:15.755702,20c3bda5-fea6-4ea8-a48c-7cd0305cde2d
1f238135-bfef-4f72-8055-4572096e8718,2742825a-3e35-4f86-ae5a-aca92762e3ea,7f214112-0de8-46fb-ad7e-599afaedac9f,0260ef90-aaad-4d7f-9854-d900180ce468,40b1b399-4f67-4ce5-ab12-25455c6e00ee,a90ebb64-0fa9-410c-aea7-74001a143abf,2026-07-27T01:44:24.755729,Enterprise Deal - Quantum Dynamics,374774.69,2026-08-01T20:23:48.755745,4a7a2306-6666-4f6b-9b4e-18f69f445d60,2026-04-16T23:17:14.755729,56bbe842-f0da-4e30-a46c-38025bfb382e
c909f2e8-25b7-4ffd-8b42-47e618198948,2742825a-3e35-4f86-ae5a-aca92762e3ea,,e4dd822e-8ea1-4a92-bc97-f1ccb849eb12,40b1b399-4f67-4ce5-ab12-25455c6e00ee,be33354c-8aba-4e36-b209-bec256f9b7f1,2026-05-01T20:10:06.755803,Growth Deal - Atlas Computing,142583.25,2026-11-22T10:32:18.755839,c74050eb-0b79-4cba-8d19-adf0d3e0b9db,2026-01-09T16:57:14.755803,126bc002-0870-4341-a019-6dbae3d39a09
658b1ccb-1099-46de-b1a1-a4e7843ee60a,2742825a-3e35-4f86-ae5a-aca92762e3ea,a1aaf4ca-4b86-4006-83bb-0bccb9c0ec49,141b174f-0eb1-4568-a1cf-102e03230a98,40b1b399-4f67-4ce5-ab12-25455c6e00ee,be33354c-8aba-4e36-b209-bec256f9b7f1,2026-07-27T14:51:42.755852,Starter Deal - TechNova Solutions,361022.7,2026-10-08T12:44:19.755873,56bbe842-f0da-4e30-a46c-38025bfb382e,2026-06-12T13:02:10.755852,1f4e14bd-50ce-450c-ab7d-5e06108ba712
7fe57087-b3de-44ec-8f4b-cf2b7ebad669,2742825a-3e35-4f86-ae5a-aca92762e3ea,ea8edb2d-f896-4f01-b46d-78a73460c28e,,40b1b399-4f67-4ce5-ab12-25455c6e00ee,a32a9963-f067-4cf4-991d-8078e2c5c2fd,2026-07-23T22:05:34.755884,Starter Deal - Amber Industries,95922.95,2026-09-17T15:53:01.755899,56bbe842-f0da-4e30-a46c-38025bfb382e,2026-06-29T17:35:32.755884,8c0e1935-13b5-4990-a8a3-0be81dad1a78
30968c98-b498-4d43-b58b-c37855912895,2742825a-3e35-4f86-ae5a-aca92762e3ea,eca4aa00-dd5c-44cd-a520-7bd913959c48,039cb6d3-319a-41d0-bdda-390c1b972f1c,40b1b399-4f67-4ce5-ab12-25455c6e00ee,dbe3ffdd-320a-48b5-8735-d634a039186b,2025-09-25T14:49:28.755910,Starter Deal - Ember Labs,177751.66,2026-04-23T11:17:38.755926,c74050eb-0b79-4cba-8d19-adf0d3e0b9db,2025-08-20T06:12:22.755910,a669f01c-9d90-47fe-b1f8-79740e2b0070
011b9968-8a8f-4f24-96c8-9b8053b0d283,2742825a-3e35-4f86-ae5a-aca92762e3ea,,,40b1b399-4f67-4ce5-ab12-25455c6e00ee,a90ebb64-0fa9-410c-aea7-74001a143abf,2026-07-16T04:36:24.755936,Premium Deal - Crystal Clear,325362.85,2026-07-29T06:58:27.755951,126bc002-0870-4341-a019-6dbae3d39a09,2026-06-20T06:55:33.755936,a3cb50e2-619e-40b9-82fa-b0ae6c6c06ca
1fb97a5c-2576-48a2-84a0-a5758990f0c1,2742825a-3e35-4f86-ae5a-aca92762e3ea,,,40b1b399-4f67-4ce5-ab12-25455c6e00ee,a32a9963-f067-4cf4-991d-8078e2c5c2fd,2026-07-25T19:50:09.755961,Starter Deal - Bronze Gate,364070.18,2026-08-13T15:39:28.755976,1f4e14bd-50ce-450c-ab7d-5e06108ba712,2025-11-14T05:45:31.755961,fdbc7119-6732-45ab-9136-cb056076a38a
1dbea77c-8fb4-4a1e-825f-ab87f94cafcd,2742825a-3e35-4f86-ae5a-aca92762e3ea,4529f908-797c-43e3-a537-59c864812d2b,,40b1b399-4f67-4ce5-ab12-25455c6e00ee,37480c93-3991-4a43-9291-df21132d70bb,2026-06-28T21:59:03.755987,Growth Deal - RedRock Ventures,81427.69,2026-09-28T16:37:36.756003,fdbc7119-6732-45ab-9136-cb056076a38a,2026-03-03T19:51:40.755987,a3cb50e2-619e-40b9-82fa-b0ae6c6c06ca
44a32c1e-3600-4bd4-acde-72e31971ed9d,2742825a-3e35-4f86-ae5a-aca92762e3ea,c89d5856-0c9f-444a-809a-19b1555b9959,f4d71935-5a20-456d-bc87-c1a2b7abd2e7,40b1b399-4f67-4ce5-ab12-25455c6e00ee,be33354c-8aba-4e36-b209-bec256f9b7f1,2026-03-19T23:40:03.756013,Enterprise Deal - Prism Technologies,432838.16,2026-11-11T06:36:34.756028,8c0e1935-13b5-4990-a8a3-0be81dad1a78,2025-10-16T07:34:01.756013,b7d19994-038b-4dbe-8e38-5141d55ae804
1f0c26d0-dac3-4c6b-a7d5-904dfd0819cf,2742825a-3e35-4f86-ae5a-aca92762e3ea,,14650acd-ec57-445e-b1ce-9b8f0081f2fa,40b1b399-4f67-4ce5-ab12-25455c6e00ee,a90ebb64-0fa9-410c-aea7-74001a143abf,2026-04-04T06:40:05.756042,Custom Deal - IronClad Security,430659.43,2026-05-01T17:27:22.756058,a669f01c-9d90-47fe-b1f8-79740e2b0070,2025-11-14T04:27:44.756042,b7d19994-038b-4dbe-8e38-5141d55ae804
b3f90471-a245-422f-b9a8-c997ae4eb486,2742825a-3e35-4f86-ae5a-aca92762e3ea,3b01cd95-bab4-4809-b4e6-5ad0df83d0dc,,40b1b399-4f67-4ce5-ab12-25455c6e00ee,37480c93-3991-4a43-9291-df21132d70bb,2026-05-22T03:21:16.756068,Premium Deal - Nimbus Networks,102411.01,2026-08-17T17:17:03.756083,a3cb50e2-619e-40b9-82fa-b0ae6c6c06ca,2026-04-17T20:18:53.756068,20c3bda5-fea6-4ea8-a48c-7cd0305cde2d
cf1261fa-ca29-4887-91d7-ae6594cdb7cf,2742825a-3e35-4f86-ae5a-aca92762e3ea,bf7f74a6-cbd1-41a3-9bef-b74c424b6561,,40b1b399-4f67-4ce5-ab12-25455c6e00ee,dbe3ffdd-320a-48b5-8735-d634a039186b,2026-08-06T01:19:39.756095,Enterprise Deal - Sterling Finance,453098.36,2026-07-06T16:58:44.756111,ae300c2a-88df-4b79-b08f-dabbd0efed46,2026-07-06T21:39:34.756095,4a7a2306-6666-4f6b-9b4e-18f69f445d60
ad3f7941-cf22-48d8-94f4-b30ab2e29f5a,2742825a-3e35-4f86-ae5a-aca92762e3ea,1afbc466-f42f-4b9d-a74c-f63360c14fb7,039cb6d3-319a-41d0-bdda-390c1b972f1c,40b1b399-4f67-4ce5-ab12-25455c6e00ee,a32a9963-f067-4cf4-991d-8078e2c5c2fd,2026-08-04T01:21:59.756121,Enterprise Deal - Diamond Edge,259517.07,2026-12-01T05:29:34.756136,4a7a2306-6666-4f6b-9b4e-18f69f445d60,2026-06-18T12:00:23.756121,126bc002-0870-4341-a019-6dbae3d39a09
72fb6cc0-a3a0-4a48-bec1-6b514dd9222d,2742825a-3e35-4f86-ae5a-aca92762e3ea,dd07016b-711e-4a08-bcf5-268bee48afab,,40b1b399-4f67-4ce5-ab12-25455c6e00ee,be33354c-8aba-4e36-b209-bec256f9b7f1,2026-03-06T15:33:58.756149,Starter Deal - Ruby Software,68600.57,2027-01-28T08:29:46.756164,a669f01c-9d90-47fe-b1f8-79740e2b0070,2026-01-28T23:29:51.756149,56bbe842-f0da-4e30-a46c-38025bfb382e
b242d42e-fbfe-4e92-a141-13171a4be643,2742825a-3e35-4f86-ae5a-aca92762e3ea,,,40b1b399-4f67-4ce5-ab12-25455c6e00ee,be33354c-8aba-4e36-b209-bec256f9b7f1,2026-06-19T13:32:32.756174,Enterprise Deal - RedRock Ventures,467797.87,2026-08-12T21:33:05.756189,a669f01c-9d90-47fe-b1f8-79740e2b0070,2026-01-20T07:05:23.756174,1f4e14bd-50ce-450c-ab7d-5e06108ba712
ff30d8a8-2941-46ee-b72a-43105df2ff71,2742825a-3e35-4f86-ae5a-aca92762e3ea,8e91b768-06a0-4df5-8115-2a2f1dd26367,,40b1b399-4f67-4ce5-ab12-25455c6e00ee,a90ebb64-0fa9-410c-aea7-74001a143abf,2026-07-27T22:56:36.756199,Growth Deal - Apex Innovations,449598.15,2026-05-09T07:39:29.756215,d7b70429-3c34-4940-81f0-2fd516ab47cb,2026-06-19T06:02:24.756199,64557d9f-67a1-4513-b6da-e641464f66bb
9fa1940e-2039-46a1-ad7f-bf95f8c641fa,2742825a-3e35-4f86-ae5a-aca92762e3ea,00c9c3db-7cad-4d5f-b207-9ec4ff98fb02,,40b1b399-4f67-4ce5-ab12-25455c6e00ee,adf7b193-6eb9-4e68-af5f-08edb96c4ea4,2026-02-07T00:13:30.756232,Enterprise Deal - RedRock Ventures,293611.92,2026-12-19T20:38:09.756248,c74050eb-0b79-4cba-8d19-adf0d3e0b9db,2026-01-14T22:02:16.756232,fdbc7119-6732-45ab-9136-cb056076a38a
aaca7e8a-7c3b-40d0-926d-1ed433c7e2b0,2742825a-3e35-4f86-ae5a-aca92762e3ea,5643ee5a-656d-49d4-9639-7a3ac75767e0,,40b1b399-4f67-4ce5-ab12-25455c6e00ee,37480c93-3991-4a43-9291-df21132d70bb,2026-08-06T22:17:35.756258,Custom Deal - BrightStar Inc,290327.88,2026-12-13T14:51:54.756279,126bc002-0870-4341-a019-6dbae3d39a09,2026-06-20T01:21:44.756258,a3cb50e2-619e-40b9-82fa-b0ae6c6c06ca
d0c1ae0f-6b7a-47f6-91a8-48feb70c6c64,2742825a-3e35-4f86-ae5a-aca92762e3ea,e171515c-9fd7-4690-8b03-71310c07ad68,0a236f39-62bc-4c3b-aebd-aed4a323f46f,40b1b399-4f67-4ce5-ab12-25455c6e00ee,be33354c-8aba-4e36-b209-bec256f9b7f1,2026-01-20T16:10:02.756289,Premium Deal - Velocity Labs,282681.88,2026-09-18T22:34:45.756305,a3cb50e2-619e-40b9-82fa-b0ae6c6c06ca,2025-12-12T08:25:34.756289,126bc002-0870-4341-a019-6dbae3d39a09
3b3eacaf-182b-4758-af29-6118f0302cc2,2742825a-3e35-4f86-ae5a-aca92762e3ea,,,40b1b399-4f67-4ce5-ab12-25455c6e00ee,dbe3ffdd-320a-48b5-8735-d634a039186b,2026-05-20T17:34:28.756318,Enterprise Deal - Ruby Software,197331.81,2026-06-26T19:40:02.756333,fc5f1462-0be4-4ddf-81a8-aa82b5148124,2025-11-21T10:46:18.756318,64557d9f-67a1-4513-b6da-e641464f66bb
19d4f9c5-282b-4251-afb2-16f848194495,2742825a-3e35-4f86-ae5a-aca92762e3ea,2c61e64a-7c7c-4e76-9213-03cccea2c770,daa43b4d-7f47-4c50-8b40-a4fc1b4cc961,40b1b399-4f67-4ce5-ab12-25455c6e00ee,be33354c-8aba-4e36-b209-bec256f9b7f1,2026-08-06T10:08:23.756344,Premium Deal - Vanguard Systems,256167.81,2026-10-01T21:19:31.756363,126bc002-0870-4341-a019-6dbae3d39a09,2026-04-23T02:45:47.756344,ae300c2a-88df-4b79-b08f-dabbd0efed46
93e12017-d70d-4894-8234-6c02b195de8f,2742825a-3e35-4f86-ae5a-aca92762e3ea,f0b6b9e1-f034-465e-ab17-1e09ab06db4d,,40b1b399-4f67-4ce5-ab12-25455c6e00ee,a90ebb64-0fa9-410c-aea7-74001a143abf,2026-06-25T15:20:58.756373,Starter Deal - Nimbus Networks,81753.57,2026-06-21T05:07:03.756389,a669f01c-9d90-47fe-b1f8-79740e2b0070,2026-06-18T05:00:47.756373,8c0e1935-13b5-4990-a8a3-0be81dad1a78
a58abb30-9367-4f4c-b276-15e65dbfff0b,2742825a-3e35-4f86-ae5a-aca92762e3ea,,,40b1b399-4f67-4ce5-ab12-25455c6e00ee,be33354c-8aba-4e36-b209-bec256f9b7f1,2026-06-11T07:33:53.756399,Starter Deal - Atlas Computing,84376.1,2026-09-07T20:15:36.756414,56bbe842-f0da-4e30-a46c-38025bfb382e,2025-12-31T07:20:10.756399,d7b70429-3c34-4940-81f0-2fd516ab47cb
618d30a4-ac53-4c53-ac5e-1ee2a21f4e35,2742825a-3e35-4f86-ae5a-aca92762e3ea,bfa3ee83-587b-43b2-b0af-844662884a92,e8f33b45-10be-4201-98d5-bcab2ce5971e,40b1b399-4f67-4ce5-ab12-25455c6e00ee,37480c93-3991-4a43-9291-df21132d70bb,2026-07-06T11:44:56.756425,Starter Deal - Fusion Analytics,315945.03,2027-01-02T01:26:56.756440,fc5f1462-0be4-4ddf-81a8-aa82b5148124,2026-04-30T16:57:50.756425,4a7a2306-6666-4f6b-9b4e-18f69f445d60
1d677b03-d140-4f8b-a49e-942705a5b762,2742825a-3e35-4f86-ae5a-aca92762e3ea,,debc9027-006b-4e6c-94e3-9e0538cb22ef,40b1b399-4f67-4ce5-ab12-25455c6e00ee,dbe3ffdd-320a-48b5-8735-d634a039186b,2026-01-16T19:00:59.756450,Enterprise Deal - BrightStar Inc,478235.59,2026-05-21T05:56:35.756465,a3cb50e2-619e-40b9-82fa-b0ae6c6c06ca,2025-11-12T18:33:34.756450,b7d19994-038b-4dbe-8e38-5141d55ae804
8fba1d74-9606-436a-b3d3-4784ad197843,2742825a-3e35-4f86-ae5a-aca92762e3ea,,95f19134-6f59-4ffb-9b69-53ef4b68e06b,40b1b399-4f67-4ce5-ab12-25455c6e00ee,a32a9963-f067-4cf4-991d-8078e2c5c2fd,2026-07-14T13:00:07.756475,Custom Deal - EverGreen Solutions,36132.11,2026-08-26T00:20:35.756491,20c3bda5-fea6-4ea8-a48c-7cd0305cde2d,2026-04-01T20:45:26.756475,a669f01c-9d90-47fe-b1f8-79740e2b0070
f920eabb-f903-4e41-b4be-b4c029439d12,2742825a-3e35-4f86-ae5a-aca92762e3ea,,51e9c110-e864-47cf-8eab-feb847f5634d,40b1b399-4f67-4ce5-ab12-25455c6e00ee,be33354c-8aba-4e36-b209-bec256f9b7f1,2026-07-06T04:49:25.756501,Custom Deal - Apex Innovations,114142.35,2026-11-17T18:09:55.756516,c74050eb-0b79-4cba-8d19-adf0d3e0b9db,2026-04-05T01:44:28.756501,126bc002-0870-4341-a019-6dbae3d39a09
ebf6ca18-2d3b-4d52-9405-0c4297e4a5c3,2742825a-3e35-4f86-ae5a-aca92762e3ea,6e1f2efc-a1bc-4fbb-9d5f-13ec8d3b9cf1,6f028896-f4ff-44a3-83ec-74ecd0ffbd4e,40b1b399-4f67-4ce5-ab12-25455c6e00ee,adf7b193-6eb9-4e68-af5f-08edb96c4ea4,2026-08-05T19:27:38.756526,Premium Deal - Apex Innovations,202092.58,2027-01-17T08:53:59.756541,b7d19994-038b-4dbe-8e38-5141d55ae804,2026-07-28T12:02:55.756526,a669f01c-9d90-47fe-b1f8-79740e2b0070
ba4affc9-f307-490a-b9f7-4b679edba9ad,2742825a-3e35-4f86-ae5a-aca92762e3ea,4410479e-5802-416a-9240-707711e1b2a5,,40b1b399-4f67-4ce5-ab12-25455c6e00ee,be33354c-8aba-4e36-b209-bec256f9b7f1,2026-07-06T12:35:17.756556,Growth Deal - Velocity Labs,207497.49,2026-08-20T10:52:24.756572,fc5f1462-0be4-4ddf-81a8-aa82b5148124,2026-05-12T01:11:19.756556,fc5f1462-0be4-4ddf-81a8-aa82b5148124
09704e96-435b-48b2-a80c-80bd9ff5591f,2742825a-3e35-4f86-ae5a-aca92762e3ea,,,40b1b399-4f67-4ce5-ab12-25455c6e00ee,be33354c-8aba-4e36-b209-bec256f9b7f1,2026-03-06T06:54:06.756585,Starter Deal - Quantum Dynamics,146469.38,2026-10-31T08:57:17.756600,a3cb50e2-619e-40b9-82fa-b0ae6c6c06ca,2025-12-23T16:40:00.756585,8c0e1935-13b5-4990-a8a3-0be81dad1a78
5059e2b9-8afb-4e54-95ff-90798453c473,2742825a-3e35-4f86-ae5a-aca92762e3ea,,,40b1b399-4f67-4ce5-ab12-25455c6e00ee,dbe3ffdd-320a-48b5-8735-d634a039186b,2026-05-12T18:25:19.756614,Starter Deal - BrightStar Inc,377687.96,2026-08-02T19:05:53.756629,b7d19994-038b-4dbe-8e38-5141d55ae804,2026-02-27T18:18:33.756614,c74050eb-0b79-4cba-8d19-adf0d3e0b9db
2ddbccd4-159d-4c28-8ac2-0c7ee7a44509,2742825a-3e35-4f86-ae5a-aca92762e3ea,,f3058a62-dcff-43b5-8d33-c86b9f82ea4d,40b1b399-4f67-4ce5-ab12-25455c6e00ee,a90ebb64-0fa9-410c-aea7-74001a143abf,2026-03-19T11:31:21.756639,Enterprise Deal - NexGen Software,295301.33,2026-06-15T18:16:19.756660,a669f01c-9d90-47fe-b1f8-79740e2b0070,2025-09-19T00:02:50.756639,fc5f1462-0be4-4ddf-81a8-aa82b5148124
09255e1b-cffa-414e-b09b-14b2de139849,2742825a-3e35-4f86-ae5a-aca92762e3ea,320e2283-0f5d-4188-b5d7-552544e0bda3,,40b1b399-4f67-4ce5-ab12-25455c6e00ee,a90ebb64-0fa9-410c-aea7-74001a143abf,2026-01-23T03:51:43.756671,Enterprise Deal - NexGen Software,373859.32,2026-07-11T14:12:03.756688,8c0e1935-13b5-4990-a8a3-0be81dad1a78,2025-09-06T03:13:07.756671,1f4e14bd-50ce-450c-ab7d-5e06108ba712
d6de50a7-f83e-48f4-93cd-8bf8e69d7213,2742825a-3e35-4f86-ae5a-aca92762e3ea,b7a97d8b-8e90-4eda-bd99-a028a9a28154,,40b1b399-4f67-4ce5-ab12-25455c6e00ee,be33354c-8aba-4e36-b209-bec256f9b7f1,2026-08-02T17:24:55.756697,Enterprise Deal - RedRock Ventures,297079.98,2026-10-06T15:57:21.756713,4a7a2306-6666-4f6b-9b4e-18f69f445d60,2026-07-27T22:54:58.756697,8c0e1935-13b5-4990-a8a3-0be81dad1a78
0d2c1d50-2765-4cf5-bc98-500b6abf1df3,2742825a-3e35-4f86-ae5a-aca92762e3ea,33558ee6-0ade-477d-9db1-2cd0bcf55234,500dcaa4-ce3a-431f-ad3b-9a977e6af961,40b1b399-4f67-4ce5-ab12-25455c6e00ee,a90ebb64-0fa9-410c-aea7-74001a143abf,2026-07-03T01:12:31.756723,Enterprise Deal - Apex Innovations,139403.57,2026-05-08T08:33:35.756740,56bbe842-f0da-4e30-a46c-38025bfb382e,2025-10-25T16:09:37.756723,20c3bda5-fea6-4ea8-a48c-7cd0305cde2d
80f75601-6310-40aa-b123-df66eba75b0e,2742825a-3e35-4f86-ae5a-aca92762e3ea,8a525eda-631d-4c14-a031-2e129220fb52,dc3b51d8-5ebc-401d-8d2e-cdaa50c87cd1,40b1b399-4f67-4ce5-ab12-25455c6e00ee,37480c93-3991-4a43-9291-df21132d70bb,2026-04-24T07:50:54.756750,Premium Deal - Summit Analytics,13941.31,2026-12-15T20:22:07.756766,fdbc7119-6732-45ab-9136-cb056076a38a,2026-03-04T01:14:56.756750,1f4e14bd-50ce-450c-ab7d-5e06108ba712
dd3a6891-4a2d-479f-a513-a3a8be262318,2742825a-3e35-4f86-ae5a-aca92762e3ea,,d875bdc7-fba2-48a5-941a-72e90f3a1ccf,40b1b399-4f67-4ce5-ab12-25455c6e00ee,be33354c-8aba-4e36-b209-bec256f9b7f1,2025-11-17T09:31:26.756775,Growth Deal - Crystal Corp,96670.39,2026-10-30T15:50:39.756797,a669f01c-9d90-47fe-b1f8-79740e2b0070,2025-10-24T08:07:44.756775,1f4e14bd-50ce-450c-ab7d-5e06108ba712
eb5e5d87-c020-4b42-9a5d-2868389abf7f,2742825a-3e35-4f86-ae5a-aca92762e3ea,6005ac68-2105-4298-90af-8dcbd0cf3dd3,638a2764-e40e-4b12-a511-837488fc9a06,40b1b399-4f67-4ce5-ab12-25455c6e00ee,a32a9963-f067-4cf4-991d-8078e2c5c2fd,2026-01-23T08:41:03.756808,Enterprise Deal - Ruby Software,346386.17,2026-09-15T01:22:21.756825,d7b70429-3c34-4940-81f0-2fd516ab47cb,2025-12-11T11:14:45.756808,c74050eb-0b79-4cba-8d19-adf0d3e0b9db
ca06ec8b-ac5c-4b47-b70f-7b6a885cffb6,2742825a-3e35-4f86-ae5a-aca92762e3ea,7caac778-6620-4052-bccd-0f6cdf8cd2c1,,40b1b399-4f67-4ce5-ab12-25455c6e00ee,a32a9963-f067-4cf4-991d-8078e2c5c2fd,2026-04-25T07:42:29.756835,Growth Deal - Summit Analytics,474220.12,2026-12-13T02:07:48.756850,8c0e1935-13b5-4990-a8a3-0be81dad1a78,2026-01-22T18:25:08.756835,a669f01c-9d90-47fe-b1f8-79740e2b0070
e2c39a35-0854-4b03-95f2-b00dab293009,2742825a-3e35-4f86-ae5a-aca92762e3ea,f6a3cf66-3a06-4183-b9f3-1ce28291a98a,3a7e7360-8590-4964-a83e-2f8d0e7a6920,40b1b399-4f67-4ce5-ab12-25455c6e00ee,a32a9963-f067-4cf4-991d-8078e2c5c2fd,2026-07-09T04:28:43.756865,Custom Deal - TechNova Solutions,37846.01,2027-01-20T10:40:37.756881,ae300c2a-88df-4b79-b08f-dabbd0efed46,2026-04-23T18:06:43.756865,ae300c2a-88df-4b79-b08f-dabbd0efed46
d5555d15-e10a-43f4-8ef0-9eb09999c3a1,2742825a-3e35-4f86-ae5a-aca92762e3ea,d86a55f5-1aef-4ed0-81e5-3a08c522465b,,40b1b399-4f67-4ce5-ab12-25455c6e00ee,be33354c-8aba-4e36-b209-bec256f9b7f1,2026-07-12T03:20:51.756891,Premium Deal - Nimbus Networks,377896.02,2027-01-23T22:05:59.756906,a669f01c-9d90-47fe-b1f8-79740e2b0070,2026-03-24T23:29:35.756891,fc5f1462-0be4-4ddf-81a8-aa82b5148124
d9d149ee-4359-4539-8e56-678cee067145,2742825a-3e35-4f86-ae5a-aca92762e3ea,0a84062a-05f5-4bfa-ad03-6e2b17750a69,3fa3baf2-d1ae-4efd-9bdc-4103e3cb8e8f,40b1b399-4f67-4ce5-ab12-25455c6e00ee,dbe3ffdd-320a-48b5-8735-d634a039186b,2026-07-14T21:24:45.756916,Starter Deal - BrightStar Inc,155730.43,2026-04-30T23:39:19.756932,56bbe842-f0da-4e30-a46c-38025bfb382e,2026-07-07T18:07:59.756916,ae300c2a-88df-4b79-b08f-dabbd0efed46
5f68949f-a174-479f-8cd5-b7a7b9ef24bb,2742825a-3e35-4f86-ae5a-aca92762e3ea,,,40b1b399-4f67-4ce5-ab12-25455c6e00ee,dbe3ffdd-320a-48b5-8735-d634a039186b,2026-07-02T06:56:54.756942,Starter Deal - Apex Health,319878.0,2026-07-04T23:05:27.756957,64557d9f-67a1-4513-b6da-e641464f66bb,2025-09-07T07:50:59.756942,c74050eb-0b79-4cba-8d19-adf0d3e0b9db
f53be4e3-3da2-463f-a545-53403dcaf96e,2742825a-3e35-4f86-ae5a-aca92762e3ea,a99f6711-1381-4211-b2dc-acd50c4a78c7,,40b1b399-4f67-4ce5-ab12-25455c6e00ee,a90ebb64-0fa9-410c-aea7-74001a143abf,2026-04-04T11:16:52.756967,Premium Deal - Horizon Media,198049.45,2026-08-03T00:41:34.756986,a669f01c-9d90-47fe-b1f8-79740e2b0070,2025-08-30T13:22:14.756967,1f4e14bd-50ce-450c-ab7d-5e06108ba712
cf280a7a-67a8-4f4d-ad50-eee36e8fc2bb,2742825a-3e35-4f86-ae5a-aca92762e3ea,,,40b1b399-4f67-4ce5-ab12-25455c6e00ee,dbe3ffdd-320a-48b5-8735-d634a039186b,2025-11-22T19:26:33.757019,Premium Deal - Onyx Data,384061.58,2026-05-31T02:15:44.757051,d7b70429-3c34-4940-81f0-2fd516ab47cb,2025-10-25T11:47:40.757019,4a7a2306-6666-4f6b-9b4e-18f69f445d60
ac4c5a11-9d8e-4c00-8e2b-2b629030a8e3,2742825a-3e35-4f86-ae5a-aca92762e3ea,,,40b1b399-4f67-4ce5-ab12-25455c6e00ee,dbe3ffdd-320a-48b5-8735-d634a039186b,2026-03-17T18:14:52.757066,Growth Deal - Cobalt Systems,152891.06,2026-06-19T12:35:58.757087,a3cb50e2-619e-40b9-82fa-b0ae6c6c06ca,2025-12-06T21:14:36.757066,c74050eb-0b79-4cba-8d19-adf0d3e0b9db
4d47f10a-18cc-4eb4-bacf-ee25028f47de,2742825a-3e35-4f86-ae5a-aca92762e3ea,,c70a9114-3d01-4b0c-81c8-3b99ffb2ed03,40b1b399-4f67-4ce5-ab12-25455c6e00ee,a90ebb64-0fa9-410c-aea7-74001a143abf,2026-05-27T18:23:45.757103,Premium Deal - Vanguard Systems,237242.42,2026-04-19T06:35:43.757128,a3cb50e2-619e-40b9-82fa-b0ae6c6c06ca,2026-04-16T19:36:24.757103,fc5f1462-0be4-4ddf-81a8-aa82b5148124
f1d4e59c-2bbc-4e7d-816e-5f6ef2eda12f,2742825a-3e35-4f86-ae5a-aca92762e3ea,91b85f03-270c-42b7-832c-22b7724955f8,,40b1b399-4f67-4ce5-ab12-25455c6e00ee,be33354c-8aba-4e36-b209-bec256f9b7f1,2026-06-09T13:53:58.757147,Custom Deal - Sterling Finance,399681.1,2027-01-27T14:53:06.757174,c74050eb-0b79-4cba-8d19-adf0d3e0b9db,2026-04-30T13:58:06.757147,64557d9f-67a1-4513-b6da-e641464f66bb
5182d980-ac57-497f-9fb8-7fc259bf8870,2742825a-3e35-4f86-ae5a-aca92762e3ea,004eec1b-281e-4b38-9b83-f35494f33313,8c1fd0f0-1904-47f0-a8f2-daa47460c82b,40b1b399-4f67-4ce5-ab12-25455c6e00ee,a32a9963-f067-4cf4-991d-8078e2c5c2fd,2026-04-15T05:12:53.757204,Premium Deal - BrightStar Inc,419770.8,2027-01-15T15:28:55.757224,d7b70429-3c34-4940-81f0-2fd516ab47cb,2026-03-21T17:54:35.757204,fc5f1462-0be4-4ddf-81a8-aa82b5148124
e9feb333-a645-4de8-8138-e43dbfdf8830,2742825a-3e35-4f86-ae5a-aca92762e3ea,40da9a40-baef-46c7-9ed0-c342c0930b41,cee97144-1eb1-494d-8fdd-90260cf598c2,40b1b399-4f67-4ce5-ab12-25455c6e00ee,adf7b193-6eb9-4e68-af5f-08edb96c4ea4,2026-07-02T19:00:27.757242,Starter Deal - RedRock Ventures,165506.09,2026-12-05T17:14:29.757259,4a7a2306-6666-4f6b-9b4e-18f69f445d60,2026-03-13T15:33:35.757242,4a7a2306-6666-4f6b-9b4e-18f69f445d60
1fd2c870-7ed7-4a77-ad58-4ff47c0ff08f,2742825a-3e35-4f86-ae5a-aca92762e3ea,02601b1b-d9ef-4af7-a91c-6df8bb0e092b,,40b1b399-4f67-4ce5-ab12-25455c6e00ee,a90ebb64-0fa9-410c-aea7-74001a143abf,2026-04-24T01:07:02.757269,Enterprise Deal - ClearView Corp,187144.98,2026-05-12T13:22:36.757285,fdbc7119-6732-45ab-9136-cb056076a38a,2025-09-03T00:13:42.757269,b7d19994-038b-4dbe-8e38-5141d55ae804
0e5ead22-63c9-4055-996c-3cd14613a22f,2742825a-3e35-4f86-ae5a-aca92762e3ea,,,40b1b399-4f67-4ce5-ab12-25455c6e00ee,a90ebb64-0fa9-410c-aea7-74001a143abf,2026-07-29T06:16:02.757295,Premium Deal - Nimbus Networks,104832.33,2026-05-24T00:15:11.757315,8c0e1935-13b5-4990-a8a3-0be81dad1a78,2025-12-18T02:16:21.757295,4a7a2306-6666-4f6b-9b4e-18f69f445d60
17eeebf6-1f2f-4286-ba2c-d4e2f8ff46e7,2742825a-3e35-4f86-ae5a-aca92762e3ea,7cc3650b-340d-45e4-986b-be3c441ad005,,40b1b399-4f67-4ce5-ab12-25455c6e00ee,a32a9963-f067-4cf4-991d-8078e2c5c2fd,2026-07-23T17:42:54.757326,Starter Deal - Silver Stream,313353.54,2026-12-04T06:26:53.757342,126bc002-0870-4341-a019-6dbae3d39a09,2026-07-11T19:05:56.757326,4a7a2306-6666-4f6b-9b4e-18f69f445d60
c09c3627-6692-4498-a2ea-801df3c81d63,2742825a-3e35-4f86-ae5a-aca92762e3ea,98714a27-b442-4fe5-9c4a-fed107f3fc92,,40b1b399-4f67-4ce5-ab12-25455c6e00ee,37480c93-3991-4a43-9291-df21132d70bb,2025-12-19T01:37:49.757352,Custom Deal - IronClad Security,255220.23,2026-08-12T02:16:48.757368,fdbc7119-6732-45ab-9136-cb056076a38a,2025-12-04T06:58:46.757352,b7d19994-038b-4dbe-8e38-5141d55ae804
6b88af70-e5c0-4bbd-b3c8-52c3bc60ec0b,2742825a-3e35-4f86-ae5a-aca92762e3ea,,c8f8514d-fc29-44d5-83c7-891a364158cd,40b1b399-4f67-4ce5-ab12-25455c6e00ee,adf7b193-6eb9-4e68-af5f-08edb96c4ea4,2026-06-03T12:20:26.757378,Custom Deal - Cobalt Systems,2620.79,2027-01-28T04:59:32.757394,fdbc7119-6732-45ab-9136-cb056076a38a,2026-01-03T13:10:47.757378,56bbe842-f0da-4e30-a46c-38025bfb382e
93193d18-d122-4147-9f3a-46b48dd48520,2742825a-3e35-4f86-ae5a-aca92762e3ea,,14650acd-ec57-445e-b1ce-9b8f0081f2fa,40b1b399-4f67-4ce5-ab12-25455c6e00ee,adf7b193-6eb9-4e68-af5f-08edb96c4ea4,2026-03-21T02:11:21.757404,Custom Deal - Ruby Software,310729.7,2026-11-07T00:38:09.757419,1f4e14bd-50ce-450c-ab7d-5e06108ba712,2026-02-27T05:27:49.757404,a669f01c-9d90-47fe-b1f8-79740e2b0070
e62cbfc1-1ca1-480c-a6d1-95a667418860,2742825a-3e35-4f86-ae5a-aca92762e3ea,,,40b1b399-4f67-4ce5-ab12-25455c6e00ee,a32a9963-f067-4cf4-991d-8078e2c5c2fd,2026-02-14T11:21:36.757429,Enterprise Deal - Ruby Software,492776.23,2027-01-03T10:04:21.757447,fc5f1462-0be4-4ddf-81a8-aa82b5148124,2025-09-16T04:01:06.757429,126bc002-0870-4341-a019-6dbae3d39a09
efb13c2a-03f0-4b80-affc-70e2fbda7a58,2742825a-3e35-4f86-ae5a-aca92762e3ea,,,40b1b399-4f67-4ce5-ab12-25455c6e00ee,be33354c-8aba-4e36-b209-bec256f9b7f1,2025-12-28T15:50:33.757458,Starter Deal - Silver Stream,194572.04,2026-10-21T11:12:11.757473,8c0e1935-13b5-4990-a8a3-0be81dad1a78,2025-12-25T13:44:16.757458,a3cb50e2-619e-40b9-82fa-b0ae6c6c06ca
a292a338-7276-4287-a181-9f2ebc18a062,2742825a-3e35-4f86-ae5a-aca92762e3ea,d8f2653d-baec-457a-9c26-f44c33a868d2,,40b1b399-4f67-4ce5-ab12-25455c6e00ee,dbe3ffdd-320a-48b5-8735-d634a039186b,2026-06-02T22:53:26.757484,Premium Deal - BrightStar Inc,373743.3,2026-07-06T13:02:44.757499,fdbc7119-6732-45ab-9136-cb056076a38a,2026-02-03T14:06:02.757484,20c3bda5-fea6-4ea8-a48c-7cd0305cde2d
7068d0ce-301e-4de9-94db-336546a65e23,2742825a-3e35-4f86-ae5a-aca92762e3ea,,,40b1b399-4f67-4ce5-ab12-25455c6e00ee,a90ebb64-0fa9-410c-aea7-74001a143abf,2026-03-19T21:06:06.757513,Enterprise Deal - Jade Consulting,17468.77,2026-07-11T14:22:46.757528,fc5f1462-0be4-4ddf-81a8-aa82b5148124,2026-01-21T00:21:41.757513,a3cb50e2-619e-40b9-82fa-b0ae6c6c06ca
666cb0b6-6cdd-4891-8211-3a1a3019ae1f,2742825a-3e35-4f86-ae5a-aca92762e3ea,b7e07c74-4efb-4bd1-a8ce-8ac51bc138e6,,40b1b399-4f67-4ce5-ab12-25455c6e00ee,a32a9963-f067-4cf4-991d-8078e2c5c2fd,2026-04-17T04:01:46.757538,Starter Deal - GreenField Capital,275932.83,2027-02-04T06:07:50.757554,a669f01c-9d90-47fe-b1f8-79740e2b0070,2025-12-28T22:55:20.757538,1f4e14bd-50ce-450c-ab7d-5e06108ba712
e8cd315a-2519-4a93-b25f-4c0e60ca22b9,2742825a-3e35-4f86-ae5a-aca92762e3ea,b8e232d5-e18a-4b6f-9fe7-8fc1d0c633c0,,40b1b399-4f67-4ce5-ab12-25455c6e00ee,37480c93-3991-4a43-9291-df21132d70bb,2026-06-22T05:50:30.757564,Starter Deal - Apex Health,116741.9,2026-12-13T02:30:03.757579,20c3bda5-fea6-4ea8-a48c-7cd0305cde2d,2026-03-20T09:39:10.757564,20c3bda5-fea6-4ea8-a48c-7cd0305cde2d
d9371726-47fc-4c37-9853-f8769042d012,2742825a-3e35-4f86-ae5a-aca92762e3ea,,bf6eae23-d817-4fd5-a72a-54094c87314f,40b1b399-4f67-4ce5-ab12-25455c6e00ee,37480c93-3991-4a43-9291-df21132d70bb,2025-12-18T07:12:58.757590,Growth Deal - Catalyst Group,462434.19,2026-10-08T20:55:13.757605,a3cb50e2-619e-40b9-82fa-b0ae6c6c06ca,2025-09-26T04:56:05.757590,1f4e14bd-50ce-450c-ab7d-5e06108ba712
fa6050d8-e1ca-499b-af05-31d59dac7bfe,2742825a-3e35-4f86-ae5a-aca92762e3ea,7cefa41b-e8de-436e-9be5-52338a249d0c,7adb1254-a573-4e9b-adb1-92f7a395c2ff,40b1b399-4f67-4ce5-ab12-25455c6e00ee,be33354c-8aba-4e36-b209-bec256f9b7f1,2026-07-02T05:23:14.757615,Growth Deal - BrightStar Inc,498720.93,2026-11-16T16:49:10.757631,4a7a2306-6666-4f6b-9b4e-18f69f445d60,2026-06-11T16:49:10.757615,a669f01c-9d90-47fe-b1f8-79740e2b0070
80f6dcf6-dd21-42cd-a796-863214145dfb,2742825a-3e35-4f86-ae5a-aca92762e3ea,16062bf7-1a46-4433-96f6-6c97ca85c061,,40b1b399-4f67-4ce5-ab12-25455c6e00ee,a32a9963-f067-4cf4-991d-8078e2c5c2fd,2025-12-20T15:06:55.757648,Starter Deal - Bronze Gate,245323.64,2026-11-20T22:41:56.757664,a669f01c-9d90-47fe-b1f8-79740e2b0070,2025-10-17T02:34:29.757648,126bc002-0870-4341-a019-6dbae3d39a09
ec253281-4208-46e1-9150-e3f30e0df3f5,2742825a-3e35-4f86-ae5a-aca92762e3ea,,dce7cf5b-14ef-40b0-a462-b6290c538834,40b1b399-4f67-4ce5-ab12-25455c6e00ee,a32a9963-f067-4cf4-991d-8078e2c5c2fd,2026-01-28T17:13:12.757674,Growth Deal - Cobalt Systems,291690.81,2026-12-23T08:13:59.757690,4a7a2306-6666-4f6b-9b4e-18f69f445d60,2025-08-31T19:37:13.757674,c74050eb-0b79-4cba-8d19-adf0d3e0b9db
2ec57e0d-d4c1-4204-9d93-699d43a69ce4,2742825a-3e35-4f86-ae5a-aca92762e3ea,,,40b1b399-4f67-4ce5-ab12-25455c6e00ee,37480c93-3991-4a43-9291-df21132d70bb,2026-05-24T09:12:04.757699,Custom Deal - NexGen Software,337058.31,2026-09-22T13:10:10.757714,20c3bda5-fea6-4ea8-a48c-7cd0305cde2d,2026-01-28T03:57:06.757699,20c3bda5-fea6-4ea8-a48c-7cd0305cde2d
ecaf81a1-c832-4fd4-85e3-3c23bc160b57,2742825a-3e35-4f86-ae5a-aca92762e3ea,1c260bbf-908f-407f-8d22-54916f58903f,,40b1b399-4f67-4ce5-ab12-25455c6e00ee,a90ebb64-0fa9-410c-aea7-74001a143abf,2026-05-06T20:50:00.757724,Premium Deal - Quantum Dynamics,246817.47,2026-07-31T16:03:51.757740,ae300c2a-88df-4b79-b08f-dabbd0efed46,2026-03-09T16:27:33.757724,a669f01c-9d90-47fe-b1f8-79740e2b0070
40f0b187-8328-496e-8aa3-2c4934e28030,2742825a-3e35-4f86-ae5a-aca92762e3ea,,,40b1b399-4f67-4ce5-ab12-25455c6e00ee,a32a9963-f067-4cf4-991d-8078e2c5c2fd,2025-12-07T11:43:04.757750,Enterprise Deal - Amber Industries,113381.96,2026-11-16T05:35:52.757765,20c3bda5-fea6-4ea8-a48c-7cd0305cde2d,2025-10-20T22:54:56.757750,a669f01c-9d90-47fe-b1f8-79740e2b0070
39d4ce21-ec1d-4bd8-8b8e-7ead8ae194b5,2742825a-3e35-4f86-ae5a-aca92762e3ea,5fcfaf31-3a3b-4743-b667-8abe01034acc,7adb1254-a573-4e9b-adb1-92f7a395c2ff,40b1b399-4f67-4ce5-ab12-25455c6e00ee,a90ebb64-0fa9-410c-aea7-74001a143abf,2026-07-19T06:58:53.757780,Starter Deal - Amber Industries,138142.13,2026-06-24T04:45:07.757796,8c0e1935-13b5-4990-a8a3-0be81dad1a78,2026-05-27T21:11:36.757780,d7b70429-3c34-4940-81f0-2fd516ab47cb
3b418cf5-3f99-4cdf-b57b-a97d0a61676d,2742825a-3e35-4f86-ae5a-aca92762e3ea,ace0b9ee-bd1a-4920-b054-4c1aae0fab2b,,40b1b399-4f67-4ce5-ab12-25455c6e00ee,dbe3ffdd-320a-48b5-8735-d634a039186b,2026-04-26T12:17:26.757810,Enterprise Deal - Silver Stream,34674.94,2026-07-08T19:24:35.757825,a669f01c-9d90-47fe-b1f8-79740e2b0070,2026-02-08T18:07:46.757810,c74050eb-0b79-4cba-8d19-adf0d3e0b9db
1ab596bb-67df-4ae8-aae7-a9a181afd615,2742825a-3e35-4f86-ae5a-aca92762e3ea,,,40b1b399-4f67-4ce5-ab12-25455c6e00ee,be33354c-8aba-4e36-b209-bec256f9b7f1,2026-07-22T18:57:06.757835,Growth Deal - Horizon Media,452889.9,2026-09-09T06:18:57.757850,56bbe842-f0da-4e30-a46c-38025bfb382e,2026-07-14T19:00:35.757835,d7b70429-3c34-4940-81f0-2fd516ab47cb
780d5ce1-acf3-4434-84b1-f3d9540f6254,2742825a-3e35-4f86-ae5a-aca92762e3ea,5173bfff-c547-4e2c-bdaf-07a81f47ed6a,e7a893ec-7d12-47a7-859f-6bbdde7a8941,40b1b399-4f67-4ce5-ab12-25455c6e00ee,37480c93-3991-4a43-9291-df21132d70bb,2025-12-25T16:46:10.757861,Starter Deal - ClearView Corp,277692.78,2026-12-23T02:33:14.757876,c74050eb-0b79-4cba-8d19-adf0d3e0b9db,2025-09-28T01:26:44.757861,fdbc7119-6732-45ab-9136-cb056076a38a
553a7330-fb83-48f5-959c-836b5f5b1367,2742825a-3e35-4f86-ae5a-aca92762e3ea,aad8ebd3-a29a-408b-8008-6e89c01ef191,,40b1b399-4f67-4ce5-ab12-25455c6e00ee,a90ebb64-0fa9-410c-aea7-74001a143abf,2026-06-25T14:37:39.757886,Starter Deal - CloudPeak Analytics,15386.0,2026-06-24T10:49:32.757902,a669f01c-9d90-47fe-b1f8-79740e2b0070,2026-04-30T18:39:21.757886,56bbe842-f0da-4e30-a46c-38025bfb382e
b66f57db-127f-4593-bcde-0e83d9131702,2742825a-3e35-4f86-ae5a-aca92762e3ea,,,40b1b399-4f67-4ce5-ab12-25455c6e00ee,a32a9963-f067-4cf4-991d-8078e2c5c2fd,2026-06-17T03:05:51.757912,Starter Deal - RedRock Ventures,144012.67,2026-09-28T02:06:51.757927,64557d9f-67a1-4513-b6da-e641464f66bb,2026-02-13T13:38:31.757912,a669f01c-9d90-47fe-b1f8-79740e2b0070
53b6bcb7-2264-43cd-898b-5396d55f07ae,2742825a-3e35-4f86-ae5a-aca92762e3ea,,,40b1b399-4f67-4ce5-ab12-25455c6e00ee,37480c93-3991-4a43-9291-df21132d70bb,2026-03-24T22:00:59.757936,Premium Deal - SwiftScale,196237.15,2026-08-26T10:57:48.757951,fdbc7119-6732-45ab-9136-cb056076a38a,2025-09-17T07:33:04.757936,56bbe842-f0da-4e30-a46c-38025bfb382e
13b50398-cca2-4f41-9476-fc6369b92027,2742825a-3e35-4f86-ae5a-aca92762e3ea,,,40b1b399-4f67-4ce5-ab12-25455c6e00ee,dbe3ffdd-320a-48b5-8735-d634a039186b,2026-01-25T12:45:37.757960,Growth Deal - Coral Health,327765.99,2026-06-21T16:30:21.757975,d7b70429-3c34-4940-81f0-2fd516ab47cb,2025-12-02T22:48:15.757960,4a7a2306-6666-4f6b-9b4e-18f69f445d60
6ac9a19a-3f0c-4ba3-b67e-8f5432842b2a,2742825a-3e35-4f86-ae5a-aca92762e3ea,0f8b6d6f-48aa-472a-bc9c-8285b649e9c1,9deeab1a-92e9-48e3-81f7-6150bda5b26a,40b1b399-4f67-4ce5-ab12-25455c6e00ee,adf7b193-6eb9-4e68-af5f-08edb96c4ea4,2026-05-05T07:06:40.757986,Custom Deal - Diamond Edge,6998.68,2026-11-18T13:31:01.758001,8c0e1935-13b5-4990-a8a3-0be81dad1a78,2025-11-28T04:16:07.757986,20c3bda5-fea6-4ea8-a48c-7cd0305cde2d
4fb7ff2f-7c3f-4e16-83d1-fbb3748f972c,2742825a-3e35-4f86-ae5a-aca92762e3ea,,7b099b6f-87ef-46de-936e-2c5b31cc5241,40b1b399-4f67-4ce5-ab12-25455c6e00ee,37480c93-3991-4a43-9291-df21132d70bb,2026-01-25T11:54:25.758011,Growth Deal - GreenField Capital,90491.42,2026-11-30T16:37:46.758026,1f4e14bd-50ce-450c-ab7d-5e06108ba712,2025-12-14T07:18:47.758011,fdbc7119-6732-45ab-9136-cb056076a38a
7a744dec-c322-47b0-97af-b335dc80de8b,2742825a-3e35-4f86-ae5a-aca92762e3ea,53f5028f-8d78-45ac-b16f-d3daf23d0f06,f6caf5ec-f2e6-4379-87be-ce44bb637541,40b1b399-4f67-4ce5-ab12-25455c6e00ee,adf7b193-6eb9-4e68-af5f-08edb96c4ea4,2026-04-26T01:45:38.758041,Enterprise Deal - SwiftScale,241697.65,2026-09-06T21:51:38.758058,fc5f1462-0be4-4ddf-81a8-aa82b5148124,2026-04-04T08:21:54.758041,b7d19994-038b-4dbe-8e38-5141d55ae804
f934b642-d805-4fb9-a790-8119dd32195d,2742825a-3e35-4f86-ae5a-aca92762e3ea,dc646f9d-eec0-4956-b1eb-161d704acefa,,40b1b399-4f67-4ce5-ab12-25455c6e00ee,a90ebb64-0fa9-410c-aea7-74001a143abf,2026-07-18T02:12:47.758068,Premium Deal - Quantum Dynamics,351047.08,2026-07-12T07:37:27.758090,20c3bda5-fea6-4ea8-a48c-7cd0305cde2d,2026-05-28T06:28:56.758068,a669f01c-9d90-47fe-b1f8-79740e2b0070
69805485-09ff-4d45-a96a-ac47fa8b2dde,2742825a-3e35-4f86-ae5a-aca92762e3ea,78694062-f1af-4edb-bb77-b35cd1472972,,40b1b399-4f67-4ce5-ab12-25455c6e00ee,dbe3ffdd-320a-48b5-8735-d634a039186b,2026-06-02T05:03:52.758100,Custom Deal - Ember Labs,423278.21,2026-04-25T11:09:34.758115,a669f01c-9d90-47fe-b1f8-79740e2b0070,2026-03-01T08:04:44.758100,4a7a2306-6666-4f6b-9b4e-18f69f445d60
df7e1c6d-a03e-456c-bf11-b2731a37d062,2742825a-3e35-4f86-ae5a-aca92762e3ea,,,40b1b399-4f67-4ce5-ab12-25455c6e00ee,dbe3ffdd-320a-48b5-8735-d634a039186b,2026-07-02T01:58:45.758125,Starter Deal - TechNova Solutions,325985.77,2026-07-12T12:06:45.758140,126bc002-0870-4341-a019-6dbae3d39a09,2026-03-12T22:48:21.758125,b7d19994-038b-4dbe-8e38-5141d55ae804
575a3e20-059b-44a9-bd42-f91ee0ce1ea4,2742825a-3e35-4f86-ae5a-aca92762e3ea,cedd28c3-1f01-4cbb-9092-b2ea3a52fae9,,40b1b399-4f67-4ce5-ab12-25455c6e00ee,adf7b193-6eb9-4e68-af5f-08edb96c4ea4,2026-07-25T03:18:32.758157,Enterprise Deal - Iron Mountain,274193.99,2027-01-13T00:40:34.758173,d7b70429-3c34-4940-81f0-2fd516ab47cb,2026-07-23T15:53:35.758157,64557d9f-67a1-4513-b6da-e641464f66bb
5abec3ca-9a12-4cd5-9c7c-09adcc7ee94f,2742825a-3e35-4f86-ae5a-aca92762e3ea,,,40b1b399-4f67-4ce5-ab12-25455c6e00ee,a32a9963-f067-4cf4-991d-8078e2c5c2fd,2026-07-01T23:56:25.758187,Premium Deal - Golden Ratio,170787.7,2026-11-04T07:24:19.758206,fc5f1462-0be4-4ddf-81a8-aa82b5148124,2025-10-08T08:47:07.758187,b7d19994-038b-4dbe-8e38-5141d55ae804
fa53ee9e-bf6a-4780-8313-65bb01dbd25f,2742825a-3e35-4f86-ae5a-aca92762e3ea,8798495a-e221-4466-beb3-e94eea3304d8,80bffb4d-ca19-4182-bcdd-94d9f3556692,40b1b399-4f67-4ce5-ab12-25455c6e00ee,be33354c-8aba-4e36-b209-bec256f9b7f1,2026-02-08T19:33:22.758217,Premium Deal - CloudPeak Analytics,337327.75,2026-09-01T01:04:26.758233,b7d19994-038b-4dbe-8e38-5141d55ae804,2026-02-08T04:21:22.758217,ae300c2a-88df-4b79-b08f-dabbd0efed46
089499a7-e3e8-464c-a358-c284f0b07b5b,2742825a-3e35-4f86-ae5a-aca92762e3ea,574519e7-36a1-4cd8-9d53-04a360459882,c889537a-20bc-41e0-8c25-653e6669c93c,40b1b399-4f67-4ce5-ab12-25455c6e00ee,37480c93-3991-4a43-9291-df21132d70bb,2026-07-09T23:07:08.758244,Custom Deal - Copper Systems,267102.81,2026-10-11T19:42:58.758264,ae300c2a-88df-4b79-b08f-dabbd0efed46,2026-05-03T07:55:24.758244,b7d19994-038b-4dbe-8e38-5141d55ae804
858d9e76-4af9-41b3-b481-2e4a62fc45cd,2742825a-3e35-4f86-ae5a-aca92762e3ea,3951ffb7-e7a0-4f2d-a9fe-17d09b3dc814,8743e543-a4a1-4212-8c1c-9219a093ed3e,40b1b399-4f67-4ce5-ab12-25455c6e00ee,adf7b193-6eb9-4e68-af5f-08edb96c4ea4,2026-05-08T00:39:15.758274,Starter Deal - Horizon Media,487169.53,2027-02-01T00:12:14.758290,126bc002-0870-4341-a019-6dbae3d39a09,2026-03-14T09:10:37.758274,ae300c2a-88df-4b79-b08f-dabbd0efed46
5ad3ae41-38fc-49fb-bf8e-356ba3a68f38,2742825a-3e35-4f86-ae5a-aca92762e3ea,,ac38e2b7-ed1a-48e9-8882-afa79480a541,40b1b399-4f67-4ce5-ab12-25455c6e00ee,be33354c-8aba-4e36-b209-bec256f9b7f1,2026-02-17T09:27:36.758301,Starter Deal - Jade Consulting,290271.38,2026-09-29T21:33:29.758316,b7d19994-038b-4dbe-8e38-5141d55ae804,2025-12-20T13:44:53.758301,1f4e14bd-50ce-450c-ab7d-5e06108ba712
28fc6ec7-0e6a-4d00-b77d-bac62f4d29be,2742825a-3e35-4f86-ae5a-aca92762e3ea,9bebb356-e4f2-47b9-ba54-d795907e0641,7b8513bb-8145-408a-b7bd-823947c3d725,40b1b399-4f67-4ce5-ab12-25455c6e00ee,a90ebb64-0fa9-410c-aea7-74001a143abf,2026-07-31T09:20:48.758330,Growth Deal - DataFlow Systems,499570.13,2026-06-23T01:08:27.758346,fdbc7119-6732-45ab-9136-cb056076a38a,2026-07-05T04:05:43.758330,126bc002-0870-4341-a019-6dbae3d39a09
36d8d925-d66a-4b16-8cb2-ffef2b7bdc57,2742825a-3e35-4f86-ae5a-aca92762e3ea,,,40b1b399-4f67-4ce5-ab12-25455c6e00ee,dbe3ffdd-320a-48b5-8735-d634a039186b,2026-06-30T22:56:43.758355,Custom Deal - SilverLine Corp,338418.51,2026-07-13T10:26:03.758370,8c0e1935-13b5-4990-a8a3-0be81dad1a78,2026-05-27T16:26:58.758355,126bc002-0870-4341-a019-6dbae3d39a09
5e4e9a57-8f20-42a7-a633-dca2ed13148f,2742825a-3e35-4f86-ae5a-aca92762e3ea,4bcf267c-40fe-44ee-a444-bfde78f1bd2d,,40b1b399-4f67-4ce5-ab12-25455c6e00ee,a90ebb64-0fa9-410c-aea7-74001a143abf,2025-12-26T06:01:34.758380,Starter Deal - BlueShift Labs,466358.16,2026-06-17T21:08:39.758396,d7b70429-3c34-4940-81f0-2fd516ab47cb,2025-10-14T00:38:41.758380,20c3bda5-fea6-4ea8-a48c-7cd0305cde2d
8674bc16-6bf3-4b04-8999-9a7cae2476fc,2742825a-3e35-4f86-ae5a-aca92762e3ea,2883248d-63ad-4c4b-85e3-6328e497f282,91ddcf16-b64f-44c8-9e61-4e1fca15c9b3,40b1b399-4f67-4ce5-ab12-25455c6e00ee,dbe3ffdd-320a-48b5-8735-d634a039186b,2026-04-10T13:36:52.758406,Custom Deal - SilverLine Corp,24487.12,2026-06-22T17:30:34.758422,fc5f1462-0be4-4ddf-81a8-aa82b5148124,2026-02-08T23:49:24.758406,56bbe842-f0da-4e30-a46c-38025bfb382e
da50dd63-5979-42cf-9563-f96ad072eb35,2742825a-3e35-4f86-ae5a-aca92762e3ea,69bec563-2310-4956-9bcb-af77a8eebc4d,,40b1b399-4f67-4ce5-ab12-25455c6e00ee,a32a9963-f067-4cf4-991d-8078e2c5c2fd,2026-06-18T06:42:19.758432,Custom Deal - Apex Health,158218.5,2026-10-27T01:25:27.758447,a669f01c-9d90-47fe-b1f8-79740e2b0070,2026-05-24T20:19:08.758432,20c3bda5-fea6-4ea8-a48c-7cd0305cde2d
f31938f2-06aa-4100-ad53-4e210f958620,2742825a-3e35-4f86-ae5a-aca92762e3ea,,dc3b51d8-5ebc-401d-8d2e-cdaa50c87cd1,40b1b399-4f67-4ce5-ab12-25455c6e00ee,adf7b193-6eb9-4e68-af5f-08edb96c4ea4,2026-05-07T10:34:12.758457,Custom Deal - NexGen Software,395053.5,2026-12-27T04:57:01.758472,fc5f1462-0be4-4ddf-81a8-aa82b5148124,2026-02-21T02:31:51.758457,20c3bda5-fea6-4ea8-a48c-7cd0305cde2d
100be4dd-388c-468d-9d49-d52dbe5241ac,2742825a-3e35-4f86-ae5a-aca92762e3ea,dd81c7fe-1980-4aa6-807a-9b402bd07d88,72ef423a-e2e4-4f4d-be1d-8c483f4e0a53,40b1b399-4f67-4ce5-ab12-25455c6e00ee,dbe3ffdd-320a-48b5-8735-d634a039186b,2026-03-17T03:15:56.758483,Premium Deal - Atlas Computing,389707.77,2026-07-06T08:25:39.758499,1f4e14bd-50ce-450c-ab7d-5e06108ba712,2026-01-22T20:58:43.758483,56bbe842-f0da-4e30-a46c-38025bfb382e
38ecd1d1-e3cf-4250-96c9-1a2a4f870fbf,2742825a-3e35-4f86-ae5a-aca92762e3ea,d73c9edb-e9dc-4e57-a5ac-a99226b3cd86,e7b75ebe-ef1e-493a-a594-f9daf2e0c923,40b1b399-4f67-4ce5-ab12-25455c6e00ee,a32a9963-f067-4cf4-991d-8078e2c5c2fd,2026-08-04T23:10:08.758509,Premium Deal - CloudPeak Analytics,2981.7,2026-10-08T07:23:58.758525,20c3bda5-fea6-4ea8-a48c-7cd0305cde2d,2026-07-19T00:20:23.758509,b7d19994-038b-4dbe-8e38-5141d55ae804
861b3a32-2dee-4cfd-a6a4-627c83d60cb8,2742825a-3e35-4f86-ae5a-aca92762e3ea,,eb1c4874-072e-439a-9584-d629a1f5129e,40b1b399-4f67-4ce5-ab12-25455c6e00ee,be33354c-8aba-4e36-b209-bec256f9b7f1,2026-06-27T06:23:32.758539,Custom Deal - BlueShift Labs,289049.97,2027-02-02T21:05:41.758554,fdbc7119-6732-45ab-9136-cb056076a38a,2026-03-17T13:23:07.758539,d7b70429-3c34-4940-81f0-2fd516ab47cb
c9e6fdde-7c4c-4858-943d-23ab01eadf35,2742825a-3e35-4f86-ae5a-aca92762e3ea,6e1f2efc-a1bc-4fbb-9d5f-13ec8d3b9cf1,,40b1b399-4f67-4ce5-ab12-25455c6e00ee,be33354c-8aba-4e36-b209-bec256f9b7f1,2025-11-26T03:55:23.758564,Premium Deal - Apex Innovations,94976.42,2026-11-28T23:56:04.758580,d7b70429-3c34-4940-81f0-2fd516ab47cb,2025-10-03T05:58:28.758564,8c0e1935-13b5-4990-a8a3-0be81dad1a78
71080c7b-b764-40b2-ab40-6dfb56e0cbc7,2742825a-3e35-4f86-ae5a-aca92762e3ea,be6994e9-999c-446e-8a21-4e5876868af0,bf6eae23-d817-4fd5-a72a-54094c87314f,40b1b399-4f67-4ce5-ab12-25455c6e00ee,a32a9963-f067-4cf4-991d-8078e2c5c2fd,2026-07-05T00:57:22.758594,Starter Deal - IronClad Security,289748.51,2026-11-06T08:56:48.758610,fdbc7119-6732-45ab-9136-cb056076a38a,2026-04-15T00:11:22.758594,20c3bda5-fea6-4ea8-a48c-7cd0305cde2d
7d227167-c8e5-4a77-b7da-0721b8a3417d,2742825a-3e35-4f86-ae5a-aca92762e3ea,17a9d787-4442-4aa5-9396-a84d8b449e55,4b108beb-80e6-4598-9dcd-cc02dc17e4dc,40b1b399-4f67-4ce5-ab12-25455c6e00ee,a90ebb64-0fa9-410c-aea7-74001a143abf,2026-07-13T13:33:55.758620,Enterprise Deal - Amber Industries,208170.57,2026-07-29T10:13:45.758636,1f4e14bd-50ce-450c-ab7d-5e06108ba712,2025-09-10T03:53:52.758620,56bbe842-f0da-4e30-a46c-38025bfb382e
9a11c15a-d142-4aa7-822f-34d22bbcb6e1,2742825a-3e35-4f86-ae5a-aca92762e3ea,dd95ed0f-94a2-4475-b5e2-348f709f0c6f,,40b1b399-4f67-4ce5-ab12-25455c6e00ee,a32a9963-f067-4cf4-991d-8078e2c5c2fd,2026-07-29T20:04:49.758652,Premium Deal - Ruby Software,344531.72,2026-08-24T12:23:22.758668,4a7a2306-6666-4f6b-9b4e-18f69f445d60,2026-05-18T04:10:27.758652,126bc002-0870-4341-a019-6dbae3d39a09
6992205a-25f4-4ebf-a4aa-8018567a7556,2742825a-3e35-4f86-ae5a-aca92762e3ea,,e157955e-b17a-456c-997e-43758f65801b,40b1b399-4f67-4ce5-ab12-25455c6e00ee,be33354c-8aba-4e36-b209-bec256f9b7f1,2026-07-29T05:14:00.758678,Enterprise Deal - Zenith Partners,40749.74,2026-09-07T16:26:37.758693,d7b70429-3c34-4940-81f0-2fd516ab47cb,2025-10-07T02:47:43.758678,d7b70429-3c34-4940-81f0-2fd516ab47cb
a7287dd9-4bb2-489a-8ba4-b92f33a54c99,2742825a-3e35-4f86-ae5a-aca92762e3ea,1a30645a-5094-4a47-9787-c4dbd3c7fe29,,40b1b399-4f67-4ce5-ab12-25455c6e00ee,adf7b193-6eb9-4e68-af5f-08edb96c4ea4,2026-06-23T12:44:42.758703,Custom Deal - Jade Consulting,478917.85,2026-12-25T15:24:51.758719,56bbe842-f0da-4e30-a46c-38025bfb382e,2026-05-03T17:08:12.758703,56bbe842-f0da-4e30-a46c-38025bfb382e
03201716-316b-4d9f-9d8b-eccb1610cee2,2742825a-3e35-4f86-ae5a-aca92762e3ea,6ce49846-51fe-42aa-9a8a-05ba91c7d3b0,,40b1b399-4f67-4ce5-ab12-25455c6e00ee,37480c93-3991-4a43-9291-df21132d70bb,2026-02-08T09:23:23.758729,Growth Deal - Silver Stream,147628.71,2026-09-29T16:22:54.758745,a669f01c-9d90-47fe-b1f8-79740e2b0070,2025-08-10T18:19:12.758729,fc5f1462-0be4-4ddf-81a8-aa82b5148124
10de0e77-52bb-4443-9ac7-50dbee50e79f,2742825a-3e35-4f86-ae5a-aca92762e3ea,ea7314ea-c7dc-4be1-b200-5ec19c119196,a227bc78-18c0-40d7-b089-f652cee8527f,40b1b399-4f67-4ce5-ab12-25455c6e00ee,37480c93-3991-4a43-9291-df21132d70bb,2026-05-08T08:11:50.758755,Growth Deal - TechNova Solutions,220360.07,2026-11-13T17:58:14.758771,b7d19994-038b-4dbe-8e38-5141d55ae804,2026-04-21T13:07:53.758755,8c0e1935-13b5-4990-a8a3-0be81dad1a78
ee4efb94-d22b-4d78-8eed-3cc75ce9055b,fa6b3223-0c9a-40e9-b075-9220ef58763e,,9f8acb45-e4c1-467c-9529-6132954fb7a2,3f198622-cd7a-42ae-81de-cbf009ce08e8,aadbaae0-55ae-4574-bba5-0d12aa573bf5,2026-03-11T10:16:43.762184,Starter Deal - Forge Industries,386819.69,2026-06-09T03:16:26.762246,77216429-0c61-4206-8455-fea64c0b6917,2025-09-21T09:43:10.762184,e4a0f782-d61b-4052-849d-5679c682e6e0
111d2a32-6ebc-45d7-8faa-77b884842c76,fa6b3223-0c9a-40e9-b075-9220ef58763e,e5e7767b-1aff-4aef-8c5e-8b2d6c116e85,,3f198622-cd7a-42ae-81de-cbf009ce08e8,0d661f79-fca3-41a4-a3a6-a2e3a3aea0f4,2026-06-22T19:42:25.762262,Enterprise Deal - Coral Health,97456.28,2026-09-23T17:09:14.762280,3a7a726c-307e-4e71-8d43-f4ec0d020101,2026-05-20T02:46:42.762262,c7ad0281-d620-4eef-92e6-7a52117c0a8e
57edc1f0-d6da-4d3e-a5a1-648867ffdd47,fa6b3223-0c9a-40e9-b075-9220ef58763e,,8430fff3-5a91-4bfd-821a-fa8986494b11,3f198622-cd7a-42ae-81de-cbf009ce08e8,14d8ebe2-35fa-4bd3-9c90-f94ee02f9955,2026-05-10T11:21:02.762292,Starter Deal - Jade Consulting,167415.49,2026-09-10T05:31:45.762309,e4a0f782-d61b-4052-849d-5679c682e6e0,2026-04-30T00:11:50.762292,793561a3-4c41-4b4b-9ec6-6527903d3e02
fb4696aa-efe5-49bf-be82-7ac5cf60dcca,fa6b3223-0c9a-40e9-b075-9220ef58763e,7c96386b-f10a-4834-9a0b-6155b4a93ac4,,3f198622-cd7a-42ae-81de-cbf009ce08e8,14d8ebe2-35fa-4bd3-9c90-f94ee02f9955,2026-04-28T10:36:14.762335,Growth Deal - Ember Labs,477040.13,2026-12-21T11:50:30.762351,02aa60b8-30fa-45cc-90ce-706799bfffeb,2026-02-15T02:51:11.762335,3a7a726c-307e-4e71-8d43-f4ec0d020101
4e122125-7f74-4862-96dd-b2ad0b5aa652,fa6b3223-0c9a-40e9-b075-9220ef58763e,,a73539b5-cd02-40b9-a3e8-da5258602ff0,3f198622-cd7a-42ae-81de-cbf009ce08e8,8b84fce2-33e6-4421-9357-cf96231edc43,2025-10-06T19:12:57.762362,Premium Deal - Apex Health,458103.75,2026-04-24T19:31:06.762381,056273a6-60a0-4f5f-96b3-0a1f9b494aa8,2025-08-21T03:35:37.762362,77216429-0c61-4206-8455-fea64c0b6917
1aaad2f2-a59f-4378-bc2e-9e73d7b0756d,fa6b3223-0c9a-40e9-b075-9220ef58763e,da73ba58-e050-444c-bf73-3e56ca7470d5,,3f198622-cd7a-42ae-81de-cbf009ce08e8,aadbaae0-55ae-4574-bba5-0d12aa573bf5,2026-03-28T06:46:08.762392,Custom Deal - Summit Analytics,453278.75,2026-05-29T12:36:42.762407,e4a0f782-d61b-4052-849d-5679c682e6e0,2026-03-07T07:41:03.762392,40fd4c0b-aaa5-4aad-9d10-5269ef1b800f
ba8a2012-e86e-4de3-b80a-bbcd88eaff4a,fa6b3223-0c9a-40e9-b075-9220ef58763e,ff2f4a6d-50bf-4d23-9684-0fc0bb1c0fb6,df123c53-10b7-4964-84b3-34a5e9b7f3bc,3f198622-cd7a-42ae-81de-cbf009ce08e8,aadbaae0-55ae-4574-bba5-0d12aa573bf5,2026-05-08T13:32:03.762418,Custom Deal - Sterling Finance,23084.15,2026-08-04T02:05:40.762433,c7ad0281-d620-4eef-92e6-7a52117c0a8e,2026-03-09T01:27:48.762418,70a1a11d-5ed0-4a43-ae45-a3d2f63e8213
d84e58b1-0592-4c84-a76f-42012019847c,fa6b3223-0c9a-40e9-b075-9220ef58763e,16f3d208-3207-42e5-8c93-f0923d86db4c,,3f198622-cd7a-42ae-81de-cbf009ce08e8,0d661f79-fca3-41a4-a3a6-a2e3a3aea0f4,2026-04-07T21:05:05.762444,Custom Deal - Prism Technologies,349856.77,2026-09-23T19:11:23.762460,d3f2a2a5-f425-4786-ac66-99c3ddb5fe75,2025-11-08T04:01:05.762444,b0e0e9fd-ef8b-47d5-b426-0e52c2535506
d600cf1d-ad2d-444b-8a12-ee65c3567b75,fa6b3223-0c9a-40e9-b075-9220ef58763e,edd02674-1b00-4d2e-b60b-45ca39ef143c,c3a8a456-283d-46c9-8df8-7d74f2828b2b,3f198622-cd7a-42ae-81de-cbf009ce08e8,a4d2b484-1dfe-4c8e-a181-666ce27e300d,2026-07-04T06:47:56.762471,Starter Deal - Jade Consulting,156232.0,2026-08-22T02:47:57.762486,c7ad0281-d620-4eef-92e6-7a52117c0a8e,2026-03-02T22:23:43.762471,77216429-0c61-4206-8455-fea64c0b6917
3cacfe29-68f5-4d56-8563-8627d8d362a2,fa6b3223-0c9a-40e9-b075-9220ef58763e,,,3f198622-cd7a-42ae-81de-cbf009ce08e8,aadbaae0-55ae-4574-bba5-0d12aa573bf5,2026-07-30T06:56:12.762496,Premium Deal - CloudPeak Analytics,240752.05,2026-05-30T22:32:35.762511,e4a0f782-d61b-4052-849d-5679c682e6e0,2026-05-23T12:22:09.762496,40fd4c0b-aaa5-4aad-9d10-5269ef1b800f
83dbe6a5-57ba-4b4a-9671-8678b00018a6,fa6b3223-0c9a-40e9-b075-9220ef58763e,8e80802a-23a6-4a0a-8d98-cc2510c06ec3,0b9338c4-eec8-44fe-ac7e-095a2bcb182a,3f198622-cd7a-42ae-81de-cbf009ce08e8,0d661f79-fca3-41a4-a3a6-a2e3a3aea0f4,2026-02-28T01:09:58.762522,Growth Deal - Onyx Data,471031.49,2026-09-10T05:32:36.762537,c7ad0281-d620-4eef-92e6-7a52117c0a8e,2025-11-20T07:44:19.762522,73a569a6-1e94-43c5-ab7e-31c0c0b2a6fb
5aaad49a-7015-4cfd-b5ab-77c3a93b03c6,fa6b3223-0c9a-40e9-b075-9220ef58763e,d0b2a087-3190-4a45-9a5a-a938ed6d9382,a789a719-d4fa-4981-8a5a-343833b724d6,3f198622-cd7a-42ae-81de-cbf009ce08e8,aadbaae0-55ae-4574-bba5-0d12aa573bf5,2026-07-12T03:35:58.762548,Growth Deal - Fusion Analytics,241682.72,2026-06-07T08:23:23.762563,793561a3-4c41-4b4b-9ec6-6527903d3e02,2025-10-01T17:03:53.762548,40fd4c0b-aaa5-4aad-9d10-5269ef1b800f
87417f21-8a75-497a-8b67-8da623b6b45c,fa6b3223-0c9a-40e9-b075-9220ef58763e,,3b66631e-d834-46b0-a526-614fdb2fc7da,3f198622-cd7a-42ae-81de-cbf009ce08e8,aadbaae0-55ae-4574-bba5-0d12aa573bf5,2026-04-03T23:14:08.762573,Premium Deal - Velocity Labs,170321.1,2026-05-21T03:24:18.762588,b0e0e9fd-ef8b-47d5-b426-0e52c2535506,2025-09-03T16:57:33.762573,40fd4c0b-aaa5-4aad-9d10-5269ef1b800f
535b07b1-a9e5-49c5-9f53-abdd055379d4,fa6b3223-0c9a-40e9-b075-9220ef58763e,96f0ffc0-d58e-495c-84be-f6eeaa8e264a,,3f198622-cd7a-42ae-81de-cbf009ce08e8,8b84fce2-33e6-4421-9357-cf96231edc43,2026-03-02T19:17:16.762602,Starter Deal - Apex Innovations,127428.94,2026-07-08T10:57:59.762618,793561a3-4c41-4b4b-9ec6-6527903d3e02,2026-02-15T03:39:03.762602,3a7a726c-307e-4e71-8d43-f4ec0d020101
f8ea683d-f6fa-48a0-afc4-ed0107fc3f06,fa6b3223-0c9a-40e9-b075-9220ef58763e,d1ed1004-6a28-4c21-a21e-638889599119,,3f198622-cd7a-42ae-81de-cbf009ce08e8,dc0728f8-08cf-446b-89ac-dc7d90eabcd5,2026-03-04T12:41:24.762628,Premium Deal - Sapphire Tech,232370.79,2026-11-20T05:09:01.762653,b0e0e9fd-ef8b-47d5-b426-0e52c2535506,2025-12-15T13:22:58.762628,73a569a6-1e94-43c5-ab7e-31c0c0b2a6fb
1f49db03-5d22-4367-ba08-3217c716f892,fa6b3223-0c9a-40e9-b075-9220ef58763e,d519337d-14c9-4b1e-bdc5-8aa950392c1f,90ff484d-35e5-4e7a-97be-6552c5e90b30,3f198622-cd7a-42ae-81de-cbf009ce08e8,dc0728f8-08cf-446b-89ac-dc7d90eabcd5,2026-07-31T20:49:14.762664,Enterprise Deal - Diamond Edge,14385.86,2026-08-07T10:47:52.762679,b0e0e9fd-ef8b-47d5-b426-0e52c2535506,2026-07-04T14:31:39.762664,b0e0e9fd-ef8b-47d5-b426-0e52c2535506
5e303c40-b93b-4ef6-8204-68e0d4a2c3b8,fa6b3223-0c9a-40e9-b075-9220ef58763e,d6e3b29b-c60f-4b5f-be74-9b25d20a6ad1,,3f198622-cd7a-42ae-81de-cbf009ce08e8,14d8ebe2-35fa-4bd3-9c90-f94ee02f9955,2026-04-13T01:13:01.762690,Growth Deal - TechNova Solutions,287808.51,2026-10-24T02:39:55.762710,e4a0f782-d61b-4052-849d-5679c682e6e0,2026-03-31T02:55:39.762690,c7ad0281-d620-4eef-92e6-7a52117c0a8e
15a06530-4cd5-46e0-a8fa-66db6de977aa,fa6b3223-0c9a-40e9-b075-9220ef58763e,,,3f198622-cd7a-42ae-81de-cbf009ce08e8,14d8ebe2-35fa-4bd3-9c90-f94ee02f9955,2026-04-20T23:47:01.762719,Enterprise Deal - Catalyst Group,295028.19,2026-12-31T19:55:33.762734,e4a0f782-d61b-4052-849d-5679c682e6e0,2026-03-25T08:01:11.762719,b0e0e9fd-ef8b-47d5-b426-0e52c2535506
f5821033-ecf4-48f0-b1d9-e4ee2d31815a,fa6b3223-0c9a-40e9-b075-9220ef58763e,,9df9e677-7ebb-474a-be38-73f6f6403846,3f198622-cd7a-42ae-81de-cbf009ce08e8,dc0728f8-08cf-446b-89ac-dc7d90eabcd5,2026-08-02T16:12:23.762744,Enterprise Deal - Atlas Computing,288821.57,2026-11-05T20:01:02.762762,73a569a6-1e94-43c5-ab7e-31c0c0b2a6fb,2026-07-30T11:22:00.762744,73a569a6-1e94-43c5-ab7e-31c0c0b2a6fb
27b054d8-b0d7-4756-a372-5a46e9719ae0,fa6b3223-0c9a-40e9-b075-9220ef58763e,,a02b9419-c3c0-4aeb-b340-211a233be1c4,3f198622-cd7a-42ae-81de-cbf009ce08e8,aadbaae0-55ae-4574-bba5-0d12aa573bf5,2025-12-25T19:54:37.762772,Custom Deal - Pearl Analytics,63846.55,2026-04-30T19:05:07.762787,70a1a11d-5ed0-4a43-ae45-a3d2f63e8213,2025-11-09T16:11:18.762772,70a1a11d-5ed0-4a43-ae45-a3d2f63e8213
1e3af73a-b515-48f5-a52d-34fba85c1118,fa6b3223-0c9a-40e9-b075-9220ef58763e,bb50fcf3-ff55-418e-a7e5-eb73f892039c,b11fa551-20d9-44c5-8f7e-0e91bbece291,3f198622-cd7a-42ae-81de-cbf009ce08e8,8b84fce2-33e6-4421-9357-cf96231edc43,2026-03-17T06:02:39.762797,Growth Deal - Crystal Corp,448160.24,2026-04-29T00:49:51.762813,e6daabab-f289-47f2-91c8-de431d5400de,2025-10-29T19:31:09.762797,77216429-0c61-4206-8455-fea64c0b6917
a1f33231-ae0c-4f99-8e05-e22ba69ee629,fa6b3223-0c9a-40e9-b075-9220ef58763e,47b4dd1f-415d-4c55-9a1a-8c7c2b8712ba,e29c67ca-cb89-47d0-95a5-334e3acd8202,3f198622-cd7a-42ae-81de-cbf009ce08e8,8b84fce2-33e6-4421-9357-cf96231edc43,2026-07-10T16:56:25.762824,Premium Deal - Sapphire Tech,275743.27,2026-04-26T17:15:57.762839,d3f2a2a5-f425-4786-ac66-99c3ddb5fe75,2026-07-04T05:53:03.762824,793561a3-4c41-4b4b-9ec6-6527903d3e02
b2f9e43a-1b6b-4350-9aee-4dc924eb9a2f,fa6b3223-0c9a-40e9-b075-9220ef58763e,46b16a5f-627d-4744-9c65-6e4ff2399d40,7d592dbe-0ce1-4f6e-b941-4435e850c8cc,3f198622-cd7a-42ae-81de-cbf009ce08e8,14d8ebe2-35fa-4bd3-9c90-f94ee02f9955,2026-07-28T15:03:33.762849,Growth Deal - Onyx Data,293519.05,2026-10-12T16:50:54.762865,73a569a6-1e94-43c5-ab7e-31c0c0b2a6fb,2026-05-26T05:14:49.762849,73a569a6-1e94-43c5-ab7e-31c0c0b2a6fb
208b6603-65af-4fcc-9f87-94610c950ffd,fa6b3223-0c9a-40e9-b075-9220ef58763e,d442864e-e4e2-43be-829f-d5d1b5087cd7,,3f198622-cd7a-42ae-81de-cbf009ce08e8,14d8ebe2-35fa-4bd3-9c90-f94ee02f9955,2026-07-11T22:41:21.762879,Custom Deal - Onyx Data,321836.99,2026-12-29T02:58:36.762894,3a7a726c-307e-4e71-8d43-f4ec0d020101,2026-06-12T09:54:15.762879,e4a0f782-d61b-4052-849d-5679c682e6e0
2906d0e8-d2a2-4752-9036-76a10b97e4e0,fa6b3223-0c9a-40e9-b075-9220ef58763e,cbc755ba-32c4-4908-83e8-7b34b9e64aff,ee212b10-67ef-4c7e-bfda-30efb12aa8e2,3f198622-cd7a-42ae-81de-cbf009ce08e8,0d661f79-fca3-41a4-a3a6-a2e3a3aea0f4,2026-07-11T20:21:34.762905,Starter Deal - Atlas Computing,379304.66,2026-09-03T02:56:45.762920,c5b0aadb-faf1-42c1-9dd1-d8c4c6bf6834,2026-04-22T01:42:00.762905,c7ad0281-d620-4eef-92e6-7a52117c0a8e
07604b77-5316-45a6-b6df-b8af7c017996,fa6b3223-0c9a-40e9-b075-9220ef58763e,,53f37759-6a59-4ce2-b7df-dbe6836801a1,3f198622-cd7a-42ae-81de-cbf009ce08e8,14d8ebe2-35fa-4bd3-9c90-f94ee02f9955,2026-05-14T00:50:25.762930,Growth Deal - Zenith Partners,410417.35,2027-01-11T23:27:14.762946,e4a0f782-d61b-4052-849d-5679c682e6e0,2026-04-16T10:25:34.762930,4f5c97d1-2a5a-4459-bb2c-75d59167674a
e3e31752-0e06-4ab7-9479-49114036d40d,fa6b3223-0c9a-40e9-b075-9220ef58763e,eabf5f6b-1669-4acb-b6fa-c4e84fe9e9f8,0ab93222-3be5-4438-a90a-11b1a3b734d4,3f198622-cd7a-42ae-81de-cbf009ce08e8,8b84fce2-33e6-4421-9357-cf96231edc43,2026-02-08T05:30:13.762956,Custom Deal - Forge Industries,242319.55,2026-05-12T21:19:01.762972,e4a0f782-d61b-4052-849d-5679c682e6e0,2026-01-23T09:42:18.762956,40fd4c0b-aaa5-4aad-9d10-5269ef1b800f
0cf6576a-2931-4814-b36c-67f5983cf176,fa6b3223-0c9a-40e9-b075-9220ef58763e,51d96df4-a66f-4b82-b288-d2a802128996,,3f198622-cd7a-42ae-81de-cbf009ce08e8,8b84fce2-33e6-4421-9357-cf96231edc43,2026-07-13T00:52:33.762982,Premium Deal - Amber Industries,387105.66,2026-06-12T02:45:02.762997,c7ad0281-d620-4eef-92e6-7a52117c0a8e,2026-07-05T16:14:13.762982,3a7a726c-307e-4e71-8d43-f4ec0d020101
1bd62add-4da9-4ae7-89cb-71b309fcb982,fa6b3223-0c9a-40e9-b075-9220ef58763e,3cbb6e0d-63c3-4fc4-b85b-1e01b1bc463c,a73539b5-cd02-40b9-a3e8-da5258602ff0,3f198622-cd7a-42ae-81de-cbf009ce08e8,a4d2b484-1dfe-4c8e-a181-666ce27e300d,2026-02-22T02:59:24.763008,Enterprise Deal - NovaTech Solutions,37261.16,2026-12-23T18:48:03.763023,70a1a11d-5ed0-4a43-ae45-a3d2f63e8213,2025-12-17T06:26:39.763008,e4a0f782-d61b-4052-849d-5679c682e6e0
30710331-1c9b-4f32-b3c4-c05b7a827060,fa6b3223-0c9a-40e9-b075-9220ef58763e,,b580b9b1-a1a5-4c68-9a55-0dd18432f64d,3f198622-cd7a-42ae-81de-cbf009ce08e8,dc0728f8-08cf-446b-89ac-dc7d90eabcd5,2026-03-18T11:20:34.763034,Custom Deal - SilverLine Corp,351248.47,2026-12-29T13:07:05.763048,40fd4c0b-aaa5-4aad-9d10-5269ef1b800f,2025-11-18T18:09:58.763034,d3f2a2a5-f425-4786-ac66-99c3ddb5fe75
79db7bda-d988-4b69-91db-836b9f869928,fa6b3223-0c9a-40e9-b075-9220ef58763e,33a23c4d-53ea-4ba7-a3c7-6270e8947a63,,3f198622-cd7a-42ae-81de-cbf009ce08e8,14d8ebe2-35fa-4bd3-9c90-f94ee02f9955,2026-03-16T04:15:05.763058,Starter Deal - Velocity Labs,228591.64,2027-01-15T11:43:49.763074,02aa60b8-30fa-45cc-90ce-706799bfffeb,2026-02-02T19:42:33.763058,77216429-0c61-4206-8455-fea64c0b6917
c69a6c28-2d1a-47ca-bd6a-c82c4ebc40fb,fa6b3223-0c9a-40e9-b075-9220ef58763e,,,3f198622-cd7a-42ae-81de-cbf009ce08e8,dc0728f8-08cf-446b-89ac-dc7d90eabcd5,2026-03-14T10:09:37.763084,Premium Deal - BlueShift Labs,298496.9,2026-12-31T23:27:57.763098,40fd4c0b-aaa5-4aad-9d10-5269ef1b800f,2026-02-09T05:53:48.763084,73a569a6-1e94-43c5-ab7e-31c0c0b2a6fb
a4f0851d-fe56-41e8-b8c0-d869d0f85cf9,fa6b3223-0c9a-40e9-b075-9220ef58763e,,,3f198622-cd7a-42ae-81de-cbf009ce08e8,a4d2b484-1dfe-4c8e-a181-666ce27e300d,2026-02-23T07:46:59.763112,Custom Deal - Coral Health,69629.26,2026-11-05T04:14:23.763128,e4a0f782-d61b-4052-849d-5679c682e6e0,2025-09-21T19:13:59.763112,c5b0aadb-faf1-42c1-9dd1-d8c4c6bf6834
fb6318db-5155-412c-a616-6f4454cda6b6,fa6b3223-0c9a-40e9-b075-9220ef58763e,829237e8-0e26-4afb-8b89-198a7701a6f9,,3f198622-cd7a-42ae-81de-cbf009ce08e8,aadbaae0-55ae-4574-bba5-0d12aa573bf5,2025-12-15T15:44:43.763141,Growth Deal - NovaTech Solutions,350699.01,2026-05-25T07:58:24.763156,02aa60b8-30fa-45cc-90ce-706799bfffeb,2025-11-02T23:07:33.763141,d3f2a2a5-f425-4786-ac66-99c3ddb5fe75
207ac7e6-478b-42cd-8260-4f3d90bdd72a,fa6b3223-0c9a-40e9-b075-9220ef58763e,,e347d1ef-30e1-44e5-9ea5-3be6a58a1e3b,3f198622-cd7a-42ae-81de-cbf009ce08e8,8b84fce2-33e6-4421-9357-cf96231edc43,2026-08-01T16:45:15.763167,Enterprise Deal - RedRock Ventures,444312.52,2026-06-03T22:17:02.763182,e6daabab-f289-47f2-91c8-de431d5400de,2025-12-27T21:00:35.763167,40fd4c0b-aaa5-4aad-9d10-5269ef1b800f
d3388d1b-2d8e-4738-a8cf-7d129d5383c4,fa6b3223-0c9a-40e9-b075-9220ef58763e,2da8bfd6-0bf4-4774-8ed7-4ca82daaff67,378317f4-dbad-4197-b999-c36841b4fac4,3f198622-cd7a-42ae-81de-cbf009ce08e8,14d8ebe2-35fa-4bd3-9c90-f94ee02f9955,2026-07-25T21:51:04.763192,Custom Deal - Fusion Analytics,287935.36,2026-09-23T18:59:12.763208,c7ad0281-d620-4eef-92e6-7a52117c0a8e,2025-11-27T04:25:36.763192,056273a6-60a0-4f5f-96b3-0a1f9b494aa8
57a57eed-9743-4566-a3b7-c1d95b13c44a,fa6b3223-0c9a-40e9-b075-9220ef58763e,b88b7f54-cfb0-4fe2-83f6-188b9f91f85a,ebc731e6-3bd1-4099-a902-796566605b2b,3f198622-cd7a-42ae-81de-cbf009ce08e8,a4d2b484-1dfe-4c8e-a181-666ce27e300d,2026-07-30T11:12:53.763218,Premium Deal - Cobalt Systems,224868.02,2027-01-26T16:33:50.763233,02aa60b8-30fa-45cc-90ce-706799bfffeb,2026-05-04T06:31:02.763218,056273a6-60a0-4f5f-96b3-0a1f9b494aa8
73ffef60-4947-4839-93c8-61cb4099d3d8,fa6b3223-0c9a-40e9-b075-9220ef58763e,d2146d8b-289f-4256-8e1b-080812d18def,7529cd5a-6f75-4597-ab4e-88204374ccb3,3f198622-cd7a-42ae-81de-cbf009ce08e8,14d8ebe2-35fa-4bd3-9c90-f94ee02f9955,2026-03-23T19:14:05.763243,Enterprise Deal - Vanguard Systems,94339.24,2026-10-31T08:07:05.763258,77216429-0c61-4206-8455-fea64c0b6917,2025-09-23T21:24:32.763243,4f5c97d1-2a5a-4459-bb2c-75d59167674a
461ed141-ea87-49ee-983a-cf8bd082944a,fa6b3223-0c9a-40e9-b075-9220ef58763e,,,3f198622-cd7a-42ae-81de-cbf009ce08e8,14d8ebe2-35fa-4bd3-9c90-f94ee02f9955,2026-07-28T04:09:34.763268,Starter Deal - Onyx Data,32367.43,2026-10-16T11:18:33.763282,c7ad0281-d620-4eef-92e6-7a52117c0a8e,2026-06-02T07:25:49.763268,d3f2a2a5-f425-4786-ac66-99c3ddb5fe75
5cc56fe9-0cdb-4d44-8fe1-484d7664ad4e,fa6b3223-0c9a-40e9-b075-9220ef58763e,,77be1261-650c-4702-beb7-30d5843270fd,3f198622-cd7a-42ae-81de-cbf009ce08e8,aadbaae0-55ae-4574-bba5-0d12aa573bf5,2026-02-26T00:09:53.763292,Growth Deal - Diamond Edge,463513.53,2026-06-17T23:59:58.763307,3a7a726c-307e-4e71-8d43-f4ec0d020101,2025-11-12T20:29:08.763292,02aa60b8-30fa-45cc-90ce-706799bfffeb
8559908e-2835-4a35-8653-0804452e99a4,fa6b3223-0c9a-40e9-b075-9220ef58763e,2d2e66e7-4c02-4df9-9600-7d1a68300d77,844cfa03-e220-469e-b5f9-5205d98bb1c3,3f198622-cd7a-42ae-81de-cbf009ce08e8,14d8ebe2-35fa-4bd3-9c90-f94ee02f9955,2026-02-15T20:53:48.763317,Premium Deal - Topaz Digital,160794.78,2026-08-16T19:26:49.763333,b0e0e9fd-ef8b-47d5-b426-0e52c2535506,2025-09-14T06:33:58.763317,3a7a726c-307e-4e71-8d43-f4ec0d020101
56796d4b-beba-4186-9b18-9e639150666e,fa6b3223-0c9a-40e9-b075-9220ef58763e,b630df6b-988c-4d4b-8c1c-dfd7a8763c9f,,3f198622-cd7a-42ae-81de-cbf009ce08e8,aadbaae0-55ae-4574-bba5-0d12aa573bf5,2026-08-03T11:02:28.763343,Premium Deal - Nimbus Networks,93510.06,2026-07-01T05:34:46.763358,d3f2a2a5-f425-4786-ac66-99c3ddb5fe75,2026-01-05T15:27:12.763343,77216429-0c61-4206-8455-fea64c0b6917
a590e8de-edbe-48b9-a130-964f1e7b7397,fa6b3223-0c9a-40e9-b075-9220ef58763e,da2b866b-5003-416e-ba73-08dc2200c875,e29c67ca-cb89-47d0-95a5-334e3acd8202,3f198622-cd7a-42ae-81de-cbf009ce08e8,8b84fce2-33e6-4421-9357-cf96231edc43,2026-07-19T08:18:24.763368,Enterprise Deal - Onyx Data,401639.59,2026-05-07T16:13:26.763395,c7ad0281-d620-4eef-92e6-7a52117c0a8e,2026-01-23T14:00:46.763368,40fd4c0b-aaa5-4aad-9d10-5269ef1b800f
75551fe5-f955-4629-aecf-3ebffd26031a,fa6b3223-0c9a-40e9-b075-9220ef58763e,4ad1e531-b939-443d-ae34-1c25fd2d2b14,77be1261-650c-4702-beb7-30d5843270fd,3f198622-cd7a-42ae-81de-cbf009ce08e8,14d8ebe2-35fa-4bd3-9c90-f94ee02f9955,2026-01-31T22:44:32.763409,Custom Deal - TechNova Solutions,410837.69,2026-10-20T22:20:25.763426,70a1a11d-5ed0-4a43-ae45-a3d2f63e8213,2026-01-21T23:09:09.763409,4f5c97d1-2a5a-4459-bb2c-75d59167674a
730fe404-a5ff-41bf-b9f5-3b569e98456c,fa6b3223-0c9a-40e9-b075-9220ef58763e,,,3f198622-cd7a-42ae-81de-cbf009ce08e8,a4d2b484-1dfe-4c8e-a181-666ce27e300d,2026-03-16T03:44:23.763435,Custom Deal - Sterling Finance,170984.87,2026-12-04T15:11:27.763450,056273a6-60a0-4f5f-96b3-0a1f9b494aa8,2025-10-03T18:56:06.763435,e6daabab-f289-47f2-91c8-de431d5400de
6998f646-2621-40c5-a14e-b5b6c376b248,fa6b3223-0c9a-40e9-b075-9220ef58763e,b76f5d41-a8a5-49a6-be43-6b0772d69689,7529cd5a-6f75-4597-ab4e-88204374ccb3,3f198622-cd7a-42ae-81de-cbf009ce08e8,a4d2b484-1dfe-4c8e-a181-666ce27e300d,2026-01-11T23:09:30.763465,Custom Deal - CloudPeak Analytics,156642.64,2026-09-28T14:19:13.763485,c7ad0281-d620-4eef-92e6-7a52117c0a8e,2025-09-26T10:14:07.763465,70a1a11d-5ed0-4a43-ae45-a3d2f63e8213
15b967fa-d318-406f-a679-eb0d764c4cd9,fa6b3223-0c9a-40e9-b075-9220ef58763e,70ddba31-0f46-423a-9efa-bbb289eb81b9,c0b26b55-3a20-4d47-a25f-0525502eb1e6,3f198622-cd7a-42ae-81de-cbf009ce08e8,dc0728f8-08cf-446b-89ac-dc7d90eabcd5,2026-01-01T12:34:28.763495,Enterprise Deal - Pearl Analytics,73192.41,2026-08-29T04:19:03.763512,b0e0e9fd-ef8b-47d5-b426-0e52c2535506,2025-12-24T00:20:43.763495,02aa60b8-30fa-45cc-90ce-706799bfffeb
e6071a36-0c12-4cc9-8f01-f14ad5f2168f,fa6b3223-0c9a-40e9-b075-9220ef58763e,43c85062-b686-4c7b-be99-761120f60c44,,3f198622-cd7a-42ae-81de-cbf009ce08e8,14d8ebe2-35fa-4bd3-9c90-f94ee02f9955,2026-07-07T17:19:39.763522,Starter Deal - Cobalt Systems,101894.01,2026-09-06T14:28:12.763538,77216429-0c61-4206-8455-fea64c0b6917,2026-06-03T04:48:19.763522,056273a6-60a0-4f5f-96b3-0a1f9b494aa8
cb335e96-b04f-46ba-962b-d679a5f28fef,fa6b3223-0c9a-40e9-b075-9220ef58763e,,,3f198622-cd7a-42ae-81de-cbf009ce08e8,0d661f79-fca3-41a4-a3a6-a2e3a3aea0f4,2026-03-19T01:59:46.763548,Premium Deal - DataFlow Systems,150501.46,2026-09-20T22:17:53.763563,02aa60b8-30fa-45cc-90ce-706799bfffeb,2026-02-09T00:10:07.763548,056273a6-60a0-4f5f-96b3-0a1f9b494aa8
c41e544a-dc4e-44c0-82a7-41e20150184d,fa6b3223-0c9a-40e9-b075-9220ef58763e,,,3f198622-cd7a-42ae-81de-cbf009ce08e8,a4d2b484-1dfe-4c8e-a181-666ce27e300d,2026-07-15T13:03:02.763573,Enterprise Deal - Opal Solutions,115520.66,2026-08-24T08:16:55.763592,40fd4c0b-aaa5-4aad-9d10-5269ef1b800f,2026-06-13T10:02:07.763573,3a7a726c-307e-4e71-8d43-f4ec0d020101
a0ec2761-3e68-4203-9b4f-12727ba0e10b,fa6b3223-0c9a-40e9-b075-9220ef58763e,0101e797-9246-477b-87b0-a0481b2bf936,7b0796a4-5f23-45ae-abea-4387908b6aef,3f198622-cd7a-42ae-81de-cbf009ce08e8,aadbaae0-55ae-4574-bba5-0d12aa573bf5,2026-03-17T22:42:26.763602,Custom Deal - Topaz Digital,379395.08,2026-05-26T08:00:31.763618,d3f2a2a5-f425-4786-ac66-99c3ddb5fe75,2026-01-22T07:25:55.763602,b0e0e9fd-ef8b-47d5-b426-0e52c2535506
4184025c-df31-49da-8496-b337a9056072,fa6b3223-0c9a-40e9-b075-9220ef58763e,e412fd07-f555-4f59-979e-9952a652e865,829e852f-7d68-409f-a1d4-6bae77d3bda5,3f198622-cd7a-42ae-81de-cbf009ce08e8,14d8ebe2-35fa-4bd3-9c90-f94ee02f9955,2026-03-10T01:39:43.763628,Growth Deal - Crystal Corp,470817.73,2027-01-31T04:52:44.763648,02aa60b8-30fa-45cc-90ce-706799bfffeb,2026-02-27T15:04:14.763628,73a569a6-1e94-43c5-ab7e-31c0c0b2a6fb
515f8647-a051-4e24-a667-9ea5e2b44cca,fa6b3223-0c9a-40e9-b075-9220ef58763e,39e31461-be48-4ea7-a573-273adcafbec9,cfef8bb0-1fe9-4098-8306-240ab9bb2179,3f198622-cd7a-42ae-81de-cbf009ce08e8,aadbaae0-55ae-4574-bba5-0d12aa573bf5,2026-05-12T02:13:02.763659,Starter Deal - Crystal Corp,168802.59,2026-05-06T02:37:42.763675,d3f2a2a5-f425-4786-ac66-99c3ddb5fe75,2025-11-24T06:32:40.763659,02aa60b8-30fa-45cc-90ce-706799bfffeb
b15b9881-b213-4523-aaa2-92430f80be05,fa6b3223-0c9a-40e9-b075-9220ef58763e,a8946f4f-b091-4c69-96d2-a74a998506b9,ed4f43f1-96bd-467f-bb26-defb29d8fd69,3f198622-cd7a-42ae-81de-cbf009ce08e8,8b84fce2-33e6-4421-9357-cf96231edc43,2026-03-16T23:46:00.763696,Custom Deal - Atlas Computing,6107.97,2026-07-13T08:02:13.763711,056273a6-60a0-4f5f-96b3-0a1f9b494aa8,2026-01-25T20:18:14.763696,b0e0e9fd-ef8b-47d5-b426-0e52c2535506
0c9d1630-0fab-455b-a2c3-fd1b40f71193,fa6b3223-0c9a-40e9-b075-9220ef58763e,,,3f198622-cd7a-42ae-81de-cbf009ce08e8,14d8ebe2-35fa-4bd3-9c90-f94ee02f9955,2026-07-09T15:04:17.763721,Enterprise Deal - Ruby Software,199935.17,2027-01-03T18:56:34.763737,4f5c97d1-2a5a-4459-bb2c-75d59167674a,2026-06-12T13:51:41.763721,4f5c97d1-2a5a-4459-bb2c-75d59167674a
17a0f0ae-23bc-4443-8448-ae19392bc10f,fa6b3223-0c9a-40e9-b075-9220ef58763e,b55c7854-2aa1-40c0-9dd9-b0d46c97d49c,54032aef-ce6c-4d80-a244-eceaa357ffa6,3f198622-cd7a-42ae-81de-cbf009ce08e8,a4d2b484-1dfe-4c8e-a181-666ce27e300d,2026-07-16T03:21:52.763747,Growth Deal - Opal Solutions,485104.58,2027-01-20T01:41:02.763836,77216429-0c61-4206-8455-fea64c0b6917,2025-12-06T13:44:27.763747,793561a3-4c41-4b4b-9ec6-6527903d3e02
39d5b8c0-87d3-433e-8487-ef5c84cdf4f2,fa6b3223-0c9a-40e9-b075-9220ef58763e,780656a9-a7b5-44f3-86be-ce7bbf3d351b,,3f198622-cd7a-42ae-81de-cbf009ce08e8,0d661f79-fca3-41a4-a3a6-a2e3a3aea0f4,2026-02-13T16:51:47.763849,Premium Deal - SilverLine Corp,72216.04,2026-11-20T19:23:16.763865,3a7a726c-307e-4e71-8d43-f4ec0d020101,2025-10-02T05:38:29.763849,c7ad0281-d620-4eef-92e6-7a52117c0a8e
2492d446-0434-49e2-9672-feb4d31cb543,fa6b3223-0c9a-40e9-b075-9220ef58763e,d24057b6-1c66-484c-a3dc-beddc6820403,,3f198622-cd7a-42ae-81de-cbf009ce08e8,0d661f79-fca3-41a4-a3a6-a2e3a3aea0f4,2026-08-02T11:47:48.763876,Enterprise Deal - Ember Labs,179112.19,2026-09-25T10:12:56.763891,793561a3-4c41-4b4b-9ec6-6527903d3e02,2026-01-20T16:35:43.763876,e4a0f782-d61b-4052-849d-5679c682e6e0
5c093efb-45c7-4e40-8918-38e8f7073aae,fa6b3223-0c9a-40e9-b075-9220ef58763e,468354f2-f280-4a57-8d78-e701a7b1b6b6,3820a91f-b06c-4faa-a629-a0fe5ea76e19,3f198622-cd7a-42ae-81de-cbf009ce08e8,0d661f79-fca3-41a4-a3a6-a2e3a3aea0f4,2026-05-24T18:02:57.763901,Growth Deal - DataFlow Systems,371507.82,2026-10-02T21:41:57.763917,c5b0aadb-faf1-42c1-9dd1-d8c4c6bf6834,2025-08-22T17:53:49.763901,4f5c97d1-2a5a-4459-bb2c-75d59167674a
8b9c84e3-2745-4ec1-870d-d69dd7cb6f9c,fa6b3223-0c9a-40e9-b075-9220ef58763e,f6fcceb0-c739-4e85-85d8-b879fae69905,343a42f1-54c4-4c34-b125-3fa57a94ce3f,3f198622-cd7a-42ae-81de-cbf009ce08e8,8b84fce2-33e6-4421-9357-cf96231edc43,2026-01-16T11:45:22.763932,Growth Deal - Ruby Software,233728.94,2026-06-24T19:23:01.763948,b0e0e9fd-ef8b-47d5-b426-0e52c2535506,2026-01-05T23:35:38.763932,c7ad0281-d620-4eef-92e6-7a52117c0a8e
24648997-71cf-407d-92b5-3b1cd9f667ec,fa6b3223-0c9a-40e9-b075-9220ef58763e,178868c1-6c81-4a18-a7ad-7369b74f7f6b,3820a91f-b06c-4faa-a629-a0fe5ea76e19,3f198622-cd7a-42ae-81de-cbf009ce08e8,a4d2b484-1dfe-4c8e-a181-666ce27e300d,2026-01-29T08:32:53.763959,Starter Deal - Silver Stream,321135.95,2026-12-30T05:21:14.763974,d3f2a2a5-f425-4786-ac66-99c3ddb5fe75,2025-10-27T16:27:23.763959,40fd4c0b-aaa5-4aad-9d10-5269ef1b800f
efb243b4-f0e5-49a5-a942-f0b0eef1b070,fa6b3223-0c9a-40e9-b075-9220ef58763e,3dbe16c0-a40a-49c2-a42b-560550fb73c8,,3f198622-cd7a-42ae-81de-cbf009ce08e8,a4d2b484-1dfe-4c8e-a181-666ce27e300d,2025-10-07T21:37:31.763984,Starter Deal - Golden Ratio,119549.79,2026-12-04T15:06:50.763999,70a1a11d-5ed0-4a43-ae45-a3d2f63e8213,2025-10-05T15:35:49.763984,e4a0f782-d61b-4052-849d-5679c682e6e0
37578187-ce37-4b4d-a86c-5066ec92bd1a,fa6b3223-0c9a-40e9-b075-9220ef58763e,e1338dbb-19e2-456e-a290-eac88079afb4,7599a953-fba9-444a-8e76-447d92f054da,3f198622-cd7a-42ae-81de-cbf009ce08e8,a4d2b484-1dfe-4c8e-a181-666ce27e300d,2025-08-28T12:36:22.764009,Premium Deal - NexGen Software,12519.43,2027-02-04T13:35:08.764025,02aa60b8-30fa-45cc-90ce-706799bfffeb,2025-08-19T16:15:51.764009,d3f2a2a5-f425-4786-ac66-99c3ddb5fe75
dad5d681-2332-479f-86ce-c96cc1748397,fa6b3223-0c9a-40e9-b075-9220ef58763e,025c7646-e99a-4722-a165-07b5dcc03a97,,3f198622-cd7a-42ae-81de-cbf009ce08e8,0d661f79-fca3-41a4-a3a6-a2e3a3aea0f4,2026-06-27T19:59:53.764038,Premium Deal - Copper Systems,337312.66,2027-01-02T09:30:19.764054,793561a3-4c41-4b4b-9ec6-6527903d3e02,2026-04-29T08:09:00.764038,d3f2a2a5-f425-4786-ac66-99c3ddb5fe75
83d0f189-4fa8-447f-b249-5a2fb3d6246f,fa6b3223-0c9a-40e9-b075-9220ef58763e,0670b84d-4629-4eea-85b9-22863a154ec2,,3f198622-cd7a-42ae-81de-cbf009ce08e8,14d8ebe2-35fa-4bd3-9c90-f94ee02f9955,2026-02-16T02:30:59.764064,Premium Deal - Bronze Gate,228235.83,2026-08-10T05:51:02.764079,c5b0aadb-faf1-42c1-9dd1-d8c4c6bf6834,2025-10-18T22:46:56.764064,02aa60b8-30fa-45cc-90ce-706799bfffeb
0d3453db-d151-4eb3-a95c-c6805b73e3e2,fa6b3223-0c9a-40e9-b075-9220ef58763e,11b0f02d-84d0-4783-8127-dad2e838dd52,,3f198622-cd7a-42ae-81de-cbf009ce08e8,dc0728f8-08cf-446b-89ac-dc7d90eabcd5,2026-03-29T05:45:57.764089,Growth Deal - Silver Stream,398062.97,2027-01-23T15:52:47.764105,73a569a6-1e94-43c5-ab7e-31c0c0b2a6fb,2026-01-12T18:43:58.764089,c5b0aadb-faf1-42c1-9dd1-d8c4c6bf6834
47ada151-1003-4270-a017-d941bb28a2d1,fa6b3223-0c9a-40e9-b075-9220ef58763e,a30e57c3-6700-439e-9b4d-8959db81ed92,90ff484d-35e5-4e7a-97be-6552c5e90b30,3f198622-cd7a-42ae-81de-cbf009ce08e8,8b84fce2-33e6-4421-9357-cf96231edc43,2026-05-10T16:08:40.764115,Enterprise Deal - Amber Industries,202952.31,2026-05-22T14:22:36.764130,c5b0aadb-faf1-42c1-9dd1-d8c4c6bf6834,2026-01-12T02:15:38.764115,e6daabab-f289-47f2-91c8-de431d5400de
6651276f-8e2a-455b-b6f4-6a7dd743ef8e,fa6b3223-0c9a-40e9-b075-9220ef58763e,2443b212-8269-4dd5-8467-f73c5de0b0ea,,3f198622-cd7a-42ae-81de-cbf009ce08e8,8b84fce2-33e6-4421-9357-cf96231edc43,2026-06-15T04:28:00.764140,Starter Deal - Horizon Media,76624.07,2026-07-11T15:18:31.764155,e4a0f782-d61b-4052-849d-5679c682e6e0,2026-04-22T08:42:12.764140,056273a6-60a0-4f5f-96b3-0a1f9b494aa8
10863851-304f-4d53-9eda-9ac209c688f4,fa6b3223-0c9a-40e9-b075-9220ef58763e,ef45260e-7446-470b-902c-be1a5b98ccf8,,3f198622-cd7a-42ae-81de-cbf009ce08e8,8b84fce2-33e6-4421-9357-cf96231edc43,2026-04-10T12:54:43.764165,Enterprise Deal - TechNova Solutions,162590.51,2026-05-05T07:03:12.764180,c7ad0281-d620-4eef-92e6-7a52117c0a8e,2026-03-29T00:03:18.764165,4f5c97d1-2a5a-4459-bb2c-75d59167674a
0cecb4a0-496e-4703-b7d0-7a9620899f53,fa6b3223-0c9a-40e9-b075-9220ef58763e,7a835d0b-f992-4c45-b40f-666e7c8bcde5,,3f198622-cd7a-42ae-81de-cbf009ce08e8,a4d2b484-1dfe-4c8e-a181-666ce27e300d,2026-05-01T09:41:29.764190,Starter Deal - Quantum Dynamics,38843.86,2026-10-18T00:32:03.764205,e4a0f782-d61b-4052-849d-5679c682e6e0,2025-11-21T01:01:08.764190,e4a0f782-d61b-4052-849d-5679c682e6e0
987e2efd-5044-4419-ab6d-37b599e522f1,fa6b3223-0c9a-40e9-b075-9220ef58763e,aaade587-89ad-4412-a1eb-ad163444a89b,,3f198622-cd7a-42ae-81de-cbf009ce08e8,dc0728f8-08cf-446b-89ac-dc7d90eabcd5,2026-06-10T04:45:34.764216,Enterprise Deal - SilverLine Corp,420436.47,2026-12-23T22:35:21.764231,77216429-0c61-4206-8455-fea64c0b6917,2026-01-16T23:41:04.764216,c5b0aadb-faf1-42c1-9dd1-d8c4c6bf6834
4c86c928-35eb-42bf-8019-4e5cfc650eb1,fa6b3223-0c9a-40e9-b075-9220ef58763e,d442864e-e4e2-43be-829f-d5d1b5087cd7,9f8acb45-e4c1-467c-9529-6132954fb7a2,3f198622-cd7a-42ae-81de-cbf009ce08e8,a4d2b484-1dfe-4c8e-a181-666ce27e300d,2026-04-21T18:12:18.764241,Growth Deal - EverGreen Solutions,58226.12,2026-09-09T14:10:29.764256,c5b0aadb-faf1-42c1-9dd1-d8c4c6bf6834,2025-12-24T19:55:04.764241,e4a0f782-d61b-4052-849d-5679c682e6e0
ef253ddd-a26c-453a-87d8-95a667f13f8e,fa6b3223-0c9a-40e9-b075-9220ef58763e,fc7489bd-1ef0-4eb2-bb9b-20c4d60590cc,9a9556a7-5ef7-4140-82ad-284744a7d1c2,3f198622-cd7a-42ae-81de-cbf009ce08e8,14d8ebe2-35fa-4bd3-9c90-f94ee02f9955,2026-06-21T21:07:07.764266,Premium Deal - Horizon Media,408433.44,2027-01-16T06:50:38.764285,793561a3-4c41-4b4b-9ec6-6527903d3e02,2026-01-11T19:42:52.764266,e4a0f782-d61b-4052-849d-5679c682e6e0
734e9499-e7d6-4dc6-a674-449ac662a6dc,fa6b3223-0c9a-40e9-b075-9220ef58763e,f2d1bf4a-3871-4774-b145-912f9c273731,,3f198622-cd7a-42ae-81de-cbf009ce08e8,aadbaae0-55ae-4574-bba5-0d12aa573bf5,2025-12-09T16:25:52.764298,Enterprise Deal - Forge Industries,463680.41,2026-07-24T05:37:46.764314,c7ad0281-d620-4eef-92e6-7a52117c0a8e,2025-11-30T09:40:47.764298,4f5c97d1-2a5a-4459-bb2c-75d59167674a
6741d179-1724-4f10-8c96-31d312aaaa00,fa6b3223-0c9a-40e9-b075-9220ef58763e,39912439-e414-4735-b8a1-1868c3d136a6,5aa0239f-8274-4709-a5d0-aa1936d3fd6e,3f198622-cd7a-42ae-81de-cbf009ce08e8,a4d2b484-1dfe-4c8e-a181-666ce27e300d,2026-08-05T11:28:53.764325,Premium Deal - Titan Industries,303684.01,2026-11-15T00:16:42.764341,793561a3-4c41-4b4b-9ec6-6527903d3e02,2026-03-26T18:00:39.764325,02aa60b8-30fa-45cc-90ce-706799bfffeb
9c4699de-cb17-41e4-9f8c-83b46977fa4f,fa6b3223-0c9a-40e9-b075-9220ef58763e,,af3bddce-5b95-47f2-8053-154054080e78,3f198622-cd7a-42ae-81de-cbf009ce08e8,0d661f79-fca3-41a4-a3a6-a2e3a3aea0f4,2026-02-11T12:34:59.764351,Enterprise Deal - Platinum Partners,197274.54,2027-01-09T16:00:01.764365,77216429-0c61-4206-8455-fea64c0b6917,2025-12-01T13:10:50.764351,c7ad0281-d620-4eef-92e6-7a52117c0a8e
5deb3816-c271-4ca8-a25b-6754210165dd,fa6b3223-0c9a-40e9-b075-9220ef58763e,5a75273c-47d0-4d53-a830-770249b13533,,3f198622-cd7a-42ae-81de-cbf009ce08e8,a4d2b484-1dfe-4c8e-a181-666ce27e300d,2026-05-31T07:52:17.764375,Custom Deal - Cobalt Systems,405505.8,2027-01-23T03:40:23.764390,4f5c97d1-2a5a-4459-bb2c-75d59167674a,2026-01-20T21:43:30.764375,793561a3-4c41-4b4b-9ec6-6527903d3e02
fccaa4f3-e9d4-4e53-8ebb-508ab9f8c54a,fa6b3223-0c9a-40e9-b075-9220ef58763e,,,3f198622-cd7a-42ae-81de-cbf009ce08e8,14d8ebe2-35fa-4bd3-9c90-f94ee02f9955,2026-04-20T08:55:11.764399,Custom Deal - CloudPeak Analytics,268874.85,2026-08-22T00:02:14.764414,02aa60b8-30fa-45cc-90ce-706799bfffeb,2026-03-11T12:42:17.764399,d3f2a2a5-f425-4786-ac66-99c3ddb5fe75
859c94cd-58cb-460c-8693-e5eb6f16524f,fa6b3223-0c9a-40e9-b075-9220ef58763e,66672768-1395-488c-beb9-8222b9d550b1,,3f198622-cd7a-42ae-81de-cbf009ce08e8,8b84fce2-33e6-4421-9357-cf96231edc43,2026-08-02T20:22:46.764424,Enterprise Deal - Vanguard Systems,413865.57,2026-06-06T14:28:00.764438,c7ad0281-d620-4eef-92e6-7a52117c0a8e,2026-07-28T00:16:29.764424,793561a3-4c41-4b4b-9ec6-6527903d3e02
f506fd77-97c4-4c36-bf5f-573953c641ba,fa6b3223-0c9a-40e9-b075-9220ef58763e,,,3f198622-cd7a-42ae-81de-cbf009ce08e8,8b84fce2-33e6-4421-9357-cf96231edc43,2026-08-01T00:43:07.764448,Starter Deal - Vanguard Systems,465689.21,2026-06-03T12:52:25.764462,c7ad0281-d620-4eef-92e6-7a52117c0a8e,2025-12-24T10:03:26.764448,40fd4c0b-aaa5-4aad-9d10-5269ef1b800f
e9ca5f94-f2a9-48df-a2b7-e6b79138f80d,fa6b3223-0c9a-40e9-b075-9220ef58763e,fb0bad08-6465-412a-a582-4ce3223342d3,,3f198622-cd7a-42ae-81de-cbf009ce08e8,aadbaae0-55ae-4574-bba5-0d12aa573bf5,2026-06-09T04:25:24.764473,Premium Deal - Coral Health,441804.86,2026-06-16T03:07:01.764488,40fd4c0b-aaa5-4aad-9d10-5269ef1b800f,2025-08-12T01:27:23.764473,02aa60b8-30fa-45cc-90ce-706799bfffeb
4224b6b5-bcee-477b-bd1e-108af8cfb9c4,fa6b3223-0c9a-40e9-b075-9220ef58763e,,91901804-5bd2-49e9-9fae-789d37e4f9b5,3f198622-cd7a-42ae-81de-cbf009ce08e8,0d661f79-fca3-41a4-a3a6-a2e3a3aea0f4,2026-05-26T11:18:26.764498,Starter Deal - Onyx Data,279846.04,2026-09-01T20:24:53.764513,40fd4c0b-aaa5-4aad-9d10-5269ef1b800f,2026-04-24T20:33:22.764498,c5b0aadb-faf1-42c1-9dd1-d8c4c6bf6834
4c98cb6b-6192-4c9d-9cba-14665e4194e2,fa6b3223-0c9a-40e9-b075-9220ef58763e,,,3f198622-cd7a-42ae-81de-cbf009ce08e8,14d8ebe2-35fa-4bd3-9c90-f94ee02f9955,2026-01-01T15:01:22.764522,Custom Deal - Coral Health,464544.12,2026-10-25T22:21:21.764541,e6daabab-f289-47f2-91c8-de431d5400de,2025-12-09T22:15:11.764522,793561a3-4c41-4b4b-9ec6-6527903d3e02
ee8e76f7-b72a-4dfd-a64c-26fb7eac1df9,fa6b3223-0c9a-40e9-b075-9220ef58763e,,9064f9db-0dd0-4043-ac78-6e9204ceecf3,3f198622-cd7a-42ae-81de-cbf009ce08e8,0d661f79-fca3-41a4-a3a6-a2e3a3aea0f4,2026-08-05T17:57:52.764554,Custom Deal - IronClad Security,199747.56,2026-09-14T06:29:06.764569,b0e0e9fd-ef8b-47d5-b426-0e52c2535506,2026-06-23T03:04:23.764554,c7ad0281-d620-4eef-92e6-7a52117c0a8e
bdd8cca1-1cf5-4839-8b33-b974a5120133,fa6b3223-0c9a-40e9-b075-9220ef58763e,8b1750a0-0113-4cd6-83a4-ea48f9bd66dc,2207f9fb-49f3-4d74-a276-36a620aa2e0f,3f198622-cd7a-42ae-81de-cbf009ce08e8,aadbaae0-55ae-4574-bba5-0d12aa573bf5,2026-02-27T23:14:29.764579,Custom Deal - TechNova Solutions,319977.76,2026-08-06T10:45:05.764595,02aa60b8-30fa-45cc-90ce-706799bfffeb,2026-01-05T08:59:21.764579,b0e0e9fd-ef8b-47d5-b426-0e52c2535506
e1405c6c-5587-49bf-a5ba-f5c5eb0bc08e,fa6b3223-0c9a-40e9-b075-9220ef58763e,0deaa9e3-73e0-476d-8399-48854ad0f18f,165505b1-438c-4cb5-8882-93a78709563d,3f198622-cd7a-42ae-81de-cbf009ce08e8,dc0728f8-08cf-446b-89ac-dc7d90eabcd5,2026-05-01T18:04:42.764609,Premium Deal - Prism Technologies,135843.47,2026-09-26T04:22:15.764624,4f5c97d1-2a5a-4459-bb2c-75d59167674a,2026-03-03T00:19:46.764609,02aa60b8-30fa-45cc-90ce-706799bfffeb
13d06634-efcc-4ac0-83f8-8336db56b0e8,fa6b3223-0c9a-40e9-b075-9220ef58763e,,,3f198622-cd7a-42ae-81de-cbf009ce08e8,8b84fce2-33e6-4421-9357-cf96231edc43,2025-09-14T17:57:38.764634,Growth Deal - Sapphire Tech,305064.18,2026-06-15T03:24:21.764654,4f5c97d1-2a5a-4459-bb2c-75d59167674a,2025-08-25T15:23:03.764634,40fd4c0b-aaa5-4aad-9d10-5269ef1b800f
8a12fe5b-26a9-459d-b5dc-2ee6c4306e56,fa6b3223-0c9a-40e9-b075-9220ef58763e,,e6d78849-c9cc-4f17-8863-d13b78726911,3f198622-cd7a-42ae-81de-cbf009ce08e8,8b84fce2-33e6-4421-9357-cf96231edc43,2026-04-30T18:35:44.764669,Growth Deal - Platinum Partners,266378.04,2026-05-11T04:05:46.764685,3a7a726c-307e-4e71-8d43-f4ec0d020101,2025-08-24T20:54:22.764669,c5b0aadb-faf1-42c1-9dd1-d8c4c6bf6834
19da1a21-a724-473d-a2f1-f2cd979f7fed,fa6b3223-0c9a-40e9-b075-9220ef58763e,,,3f198622-cd7a-42ae-81de-cbf009ce08e8,a4d2b484-1dfe-4c8e-a181-666ce27e300d,2026-07-21T11:45:04.764694,Premium Deal - Pulse Digital,41666.89,2026-11-03T00:04:44.764709,b0e0e9fd-ef8b-47d5-b426-0e52c2535506,2026-06-10T11:59:50.764694,40fd4c0b-aaa5-4aad-9d10-5269ef1b800f
aca99ae6-e61f-43fa-9df3-7a5d30bea797,fa6b3223-0c9a-40e9-b075-9220ef58763e,7a075f43-03b7-4d3b-888e-d878cbd44236,,3f198622-cd7a-42ae-81de-cbf009ce08e8,aadbaae0-55ae-4574-bba5-0d12aa573bf5,2026-03-21T09:01:51.764719,Premium Deal - Nimbus Networks,173960.72,2026-05-22T05:57:32.764734,e4a0f782-d61b-4052-849d-5679c682e6e0,2026-03-02T19:27:25.764719,793561a3-4c41-4b4b-9ec6-6527903d3e02
c5ad7eb7-241e-44cb-88a8-dc4f2aa50ad9,fa6b3223-0c9a-40e9-b075-9220ef58763e,,ee29f385-35b1-4807-af5e-09bed7db3d4e,3f198622-cd7a-42ae-81de-cbf009ce08e8,aadbaae0-55ae-4574-bba5-0d12aa573bf5,2026-02-07T13:23:53.764744,Starter Deal - ClearView Corp,408075.02,2026-04-28T10:04:39.764759,02aa60b8-30fa-45cc-90ce-706799bfffeb,2026-01-13T22:26:34.764744,c7ad0281-d620-4eef-92e6-7a52117c0a8e
8469bf61-fb3c-4401-ba86-ffb4e53ce4dd,fa6b3223-0c9a-40e9-b075-9220ef58763e,,f6658d62-fae6-4a3b-9897-6cd561cb9609,3f198622-cd7a-42ae-81de-cbf009ce08e8,14d8ebe2-35fa-4bd3-9c90-f94ee02f9955,2026-08-01T15:06:12.764769,Premium Deal - TechNova Solutions,221880.86,2026-10-14T21:42:33.764784,3a7a726c-307e-4e71-8d43-f4ec0d020101,2026-07-25T15:22:39.764769,40fd4c0b-aaa5-4aad-9d10-5269ef1b800f
e3b40ec4-ff43-4250-910b-e8826741b506,fa6b3223-0c9a-40e9-b075-9220ef58763e,,48114d65-949a-4859-8ac3-fcdc43c0ac59,3f198622-cd7a-42ae-81de-cbf009ce08e8,8b84fce2-33e6-4421-9357-cf96231edc43,2026-04-16T13:05:11.764794,Premium Deal - Apex Innovations,487332.42,2026-06-08T06:40:32.764809,b0e0e9fd-ef8b-47d5-b426-0e52c2535506,2025-10-09T08:09:41.764794,4f5c97d1-2a5a-4459-bb2c-75d59167674a
8531fec3-67e3-4fb3-8d9f-99e01cdd393a,fa6b3223-0c9a-40e9-b075-9220ef58763e,92f96e26-c5fa-4923-ab91-41addb31ee4b,b344e98f-71de-4a26-9c4f-93015424ddfd,3f198622-cd7a-42ae-81de-cbf009ce08e8,0d661f79-fca3-41a4-a3a6-a2e3a3aea0f4,2026-05-24T17:14:32.764822,Custom Deal - Coral Health,358499.01,2026-09-01T21:07:52.764838,793561a3-4c41-4b4b-9ec6-6527903d3e02,2026-03-14T09:22:13.764822,c5b0aadb-faf1-42c1-9dd1-d8c4c6bf6834
0952cdc3-e8e5-4ed1-944e-9fd9d983d92c,fa6b3223-0c9a-40e9-b075-9220ef58763e,2cf5f794-d45d-4ee9-84b4-087aa6f0dbf8,72875592-c4f9-4d14-a38a-3d674a7f2f1c,3f198622-cd7a-42ae-81de-cbf009ce08e8,8b84fce2-33e6-4421-9357-cf96231edc43,2026-03-04T09:19:58.764848,Custom Deal - Iron Mountain,116295.66,2026-06-22T04:24:38.764864,77216429-0c61-4206-8455-fea64c0b6917,2025-09-08T05:20:35.764848,056273a6-60a0-4f5f-96b3-0a1f9b494aa8
c1017f4c-62af-4cc2-85f9-73ebe84bcb88,fa6b3223-0c9a-40e9-b075-9220ef58763e,,,3f198622-cd7a-42ae-81de-cbf009ce08e8,8b84fce2-33e6-4421-9357-cf96231edc43,2025-12-18T13:17:15.764873,Growth Deal - Vanguard Systems,249017.9,2026-05-12T19:51:44.764887,02aa60b8-30fa-45cc-90ce-706799bfffeb,2025-10-23T22:17:53.764873,d3f2a2a5-f425-4786-ac66-99c3ddb5fe75
37fbc835-7e7a-46d2-ab21-fbae5920cc74,fa6b3223-0c9a-40e9-b075-9220ef58763e,c1d010de-4889-4ac0-9d4c-185a16a41bf6,ea81456c-bd45-4821-b86a-89924ffa7116,3f198622-cd7a-42ae-81de-cbf009ce08e8,dc0728f8-08cf-446b-89ac-dc7d90eabcd5,2026-02-12T23:05:24.764898,Premium Deal - Velocity Labs,2040.59,2027-01-26T19:16:41.764913,d3f2a2a5-f425-4786-ac66-99c3ddb5fe75,2025-12-31T21:17:41.764898,77216429-0c61-4206-8455-fea64c0b6917
e908591d-f139-4078-8fb4-ed3f2c9a92f4,fa6b3223-0c9a-40e9-b075-9220ef58763e,4c84c0fe-0e75-4e8c-bec6-c946ab67ef34,,3f198622-cd7a-42ae-81de-cbf009ce08e8,8b84fce2-33e6-4421-9357-cf96231edc43,2026-07-09T21:36:39.764922,Growth Deal - Coral Health,130635.45,2026-07-03T16:39:09.764938,73a569a6-1e94-43c5-ab7e-31c0c0b2a6fb,2026-06-19T09:36:41.764922,40fd4c0b-aaa5-4aad-9d10-5269ef1b800f
308b1159-8cc4-4ef1-b870-c60e30140825,fa6b3223-0c9a-40e9-b075-9220ef58763e,aadec655-972e-4cbf-982c-a4a06cdaba73,,3f198622-cd7a-42ae-81de-cbf009ce08e8,0d661f79-fca3-41a4-a3a6-a2e3a3aea0f4,2026-06-08T20:09:59.764948,Custom Deal - Crystal Clear,296524.13,2027-01-27T01:09:35.764963,70a1a11d-5ed0-4a43-ae45-a3d2f63e8213,2026-03-14T17:59:24.764948,e4a0f782-d61b-4052-849d-5679c682e6e0
bd7523ce-d9c6-4c0b-8cc0-7f1e3e1dd1e2,fa6b3223-0c9a-40e9-b075-9220ef58763e,96f0ffc0-d58e-495c-84be-f6eeaa8e264a,7157e819-8036-4fc3-95c9-37a593b3305a,3f198622-cd7a-42ae-81de-cbf009ce08e8,aadbaae0-55ae-4574-bba5-0d12aa573bf5,2025-10-28T06:11:42.764973,Enterprise Deal - NexGen Software,129102.97,2026-07-11T11:39:35.764988,e4a0f782-d61b-4052-849d-5679c682e6e0,2025-09-20T01:25:10.764973,77216429-0c61-4206-8455-fea64c0b6917
f4f3e25b-c0cf-4cce-add0-66f6b5ca5796,fa6b3223-0c9a-40e9-b075-9220ef58763e,,402c1b9b-1e15-42f2-a86b-5ec55dc2bdcf,3f198622-cd7a-42ae-81de-cbf009ce08e8,0d661f79-fca3-41a4-a3a6-a2e3a3aea0f4,2026-05-28T18:54:26.765001,Growth Deal - Steel Bridge,230293.45,2026-09-17T11:42:15.765016,3a7a726c-307e-4e71-8d43-f4ec0d020101,2025-08-24T20:05:56.765001,793561a3-4c41-4b4b-9ec6-6527903d3e02
6ef72ec8-5bc4-4c8b-bb07-14dbf14ec54e,fa6b3223-0c9a-40e9-b075-9220ef58763e,d62630e2-65a6-4e33-81f6-f3a38315b344,,3f198622-cd7a-42ae-81de-cbf009ce08e8,14d8ebe2-35fa-4bd3-9c90-f94ee02f9955,2026-05-21T22:01:52.765027,Growth Deal - Onyx Data,399073.63,2026-10-15T15:38:58.765042,d3f2a2a5-f425-4786-ac66-99c3ddb5fe75,2026-05-11T07:16:02.765027,02aa60b8-30fa-45cc-90ce-706799bfffeb
da2660ba-62a0-4121-9b66-c9252cbd0c0c,fa6b3223-0c9a-40e9-b075-9220ef58763e,57cf5745-b207-486c-8767-c9dca581ec02,1e526e54-e356-461f-b62a-09531428ee7f,3f198622-cd7a-42ae-81de-cbf009ce08e8,0d661f79-fca3-41a4-a3a6-a2e3a3aea0f4,2026-05-16T02:29:12.765052,Custom Deal - Jade Consulting,2632.39,2027-01-17T09:59:52.765067,d3f2a2a5-f425-4786-ac66-99c3ddb5fe75,2025-10-26T05:47:33.765052,02aa60b8-30fa-45cc-90ce-706799bfffeb
747319cc-c89c-4fcc-844e-6d2ef1f11e02,fa6b3223-0c9a-40e9-b075-9220ef58763e,8cd48139-8e04-461d-8bf2-09ee53cbd28d,,3f198622-cd7a-42ae-81de-cbf009ce08e8,aadbaae0-55ae-4574-bba5-0d12aa573bf5,2026-08-02T06:51:26.765080,Enterprise Deal - Nimbus Networks,64054.11,2026-07-16T07:02:04.765101,056273a6-60a0-4f5f-96b3-0a1f9b494aa8,2026-04-26T05:39:53.765080,02aa60b8-30fa-45cc-90ce-706799bfffeb
8065a567-5344-4387-84f5-144a86d7ed86,fa6b3223-0c9a-40e9-b075-9220ef58763e,e5e7767b-1aff-4aef-8c5e-8b2d6c116e85,4ded6a2b-dfdc-4b6d-8227-85ea270fa8f0,3f198622-cd7a-42ae-81de-cbf009ce08e8,8b84fce2-33e6-4421-9357-cf96231edc43,2026-02-28T14:04:11.765112,Growth Deal - Golden Ratio,92727.93,2026-04-24T19:00:35.765127,c5b0aadb-faf1-42c1-9dd1-d8c4c6bf6834,2025-12-11T08:37:41.765112,c7ad0281-d620-4eef-92e6-7a52117c0a8e
bb1d1ef0-dd0f-4d14-941a-8b580871fb5f,fa6b3223-0c9a-40e9-b075-9220ef58763e,0dddac40-f490-4996-8614-d0e9c9dd7805,,3f198622-cd7a-42ae-81de-cbf009ce08e8,14d8ebe2-35fa-4bd3-9c90-f94ee02f9955,2026-03-23T15:29:27.765137,Starter Deal - Titan Industries,438091.13,2026-11-25T16:49:03.765155,40fd4c0b-aaa5-4aad-9d10-5269ef1b800f,2026-01-04T12:58:26.765137,c5b0aadb-faf1-42c1-9dd1-d8c4c6bf6834
45610cc8-977f-49b3-82d0-cbb351196cbf,fa6b3223-0c9a-40e9-b075-9220ef58763e,faab5fae-66ce-48cd-bf95-2c1542f061a5,,3f198622-cd7a-42ae-81de-cbf009ce08e8,14d8ebe2-35fa-4bd3-9c90-f94ee02f9955,2026-08-04T03:00:50.765166,Starter Deal - BrightStar Inc,301878.4,2027-02-03T09:10:03.765182,793561a3-4c41-4b4b-9ec6-6527903d3e02,2026-07-30T09:44:25.765166,d3f2a2a5-f425-4786-ac66-99c3ddb5fe75
b51f9d0e-ff39-47aa-9aa0-7a5ccf23059d,fa6b3223-0c9a-40e9-b075-9220ef58763e,7d16c7ae-ab16-4685-9b0b-62d107287720,,3f198622-cd7a-42ae-81de-cbf009ce08e8,dc0728f8-08cf-446b-89ac-dc7d90eabcd5,2026-06-01T04:44:06.765191,Growth Deal - Pulse Digital,37304.83,2026-12-26T16:45:24.765206,02aa60b8-30fa-45cc-90ce-706799bfffeb,2026-02-04T21:09:27.765191,73a569a6-1e94-43c5-ab7e-31c0c0b2a6fb
b1909c1e-8920-4126-b849-65b5141f9df4,fa6b3223-0c9a-40e9-b075-9220ef58763e,73aee302-50a0-4fac-aa88-3eba04be7dcd,,3f198622-cd7a-42ae-81de-cbf009ce08e8,dc0728f8-08cf-446b-89ac-dc7d90eabcd5,2026-01-17T02:24:16.765216,Enterprise Deal - Fusion Analytics,114919.87,2026-09-06T13:48:00.765232,e4a0f782-d61b-4052-849d-5679c682e6e0,2025-10-01T12:53:37.765216,4f5c97d1-2a5a-4459-bb2c-75d59167674a
02eccf0a-d2d5-4a72-90fc-f70cf8afb17f,fa6b3223-0c9a-40e9-b075-9220ef58763e,,a2b63481-6460-43db-b700-3b934f139d02,3f198622-cd7a-42ae-81de-cbf009ce08e8,aadbaae0-55ae-4574-bba5-0d12aa573bf5,2026-03-09T16:23:07.765241,Premium Deal - Velocity Labs,161532.96,2026-08-05T08:16:41.765257,b0e0e9fd-ef8b-47d5-b426-0e52c2535506,2026-03-06T20:29:57.765241,40fd4c0b-aaa5-4aad-9d10-5269ef1b800f
14cfa432-6c92-477a-9f75-4077481bbe3c,fa6b3223-0c9a-40e9-b075-9220ef58763e,,,3f198622-cd7a-42ae-81de-cbf009ce08e8,14d8ebe2-35fa-4bd3-9c90-f94ee02f9955,2026-05-28T02:22:18.765266,Premium Deal - Velocity Labs,434505.76,2026-08-23T13:35:00.765281,02aa60b8-30fa-45cc-90ce-706799bfffeb,2026-01-21T09:53:40.765266,4f5c97d1-2a5a-4459-bb2c-75d59167674a
c64eca35-dfd4-4486-8ba2-3fa041bb3657,fa6b3223-0c9a-40e9-b075-9220ef58763e,db9ce6de-0ada-468f-9f0b-b295f3722d24,895e4586-4c0f-418e-9e76-386ba622f8cf,3f198622-cd7a-42ae-81de-cbf009ce08e8,dc0728f8-08cf-446b-89ac-dc7d90eabcd5,2026-03-29T05:14:49.765292,Starter Deal - Iron Mountain,43004.78,2026-11-06T01:40:36.765307,056273a6-60a0-4f5f-96b3-0a1f9b494aa8,2026-01-13T15:24:34.765292,d3f2a2a5-f425-4786-ac66-99c3ddb5fe75
07575208-330f-434a-9e72-1331abf4b7c3,fa6b3223-0c9a-40e9-b075-9220ef58763e,c7646052-33ea-4062-aa08-5d5c797d9103,c0b26b55-3a20-4d47-a25f-0525502eb1e6,3f198622-cd7a-42ae-81de-cbf009ce08e8,aadbaae0-55ae-4574-bba5-0d12aa573bf5,2026-04-24T17:55:18.765318,Custom Deal - Iron Mountain,497247.37,2026-07-11T04:16:35.765334,056273a6-60a0-4f5f-96b3-0a1f9b494aa8,2026-04-19T06:59:36.765318,3a7a726c-307e-4e71-8d43-f4ec0d020101
85d6819d-4f24-4a4e-a02e-e73181772044,fa6b3223-0c9a-40e9-b075-9220ef58763e,c4a85e0e-1bb8-4712-86e8-22667338d9cb,,3f198622-cd7a-42ae-81de-cbf009ce08e8,14d8ebe2-35fa-4bd3-9c90-f94ee02f9955,2026-07-13T03:14:39.765347,Premium Deal - ClearView Corp,127065.57,2026-08-12T07:38:35.765366,4f5c97d1-2a5a-4459-bb2c-75d59167674a,2025-10-01T16:07:50.765347,02aa60b8-30fa-45cc-90ce-706799bfffeb
b44c8364-33c5-4e19-aed5-3e303388c769,fa6b3223-0c9a-40e9-b075-9220ef58763e,,,3f198622-cd7a-42ae-81de-cbf009ce08e8,aadbaae0-55ae-4574-bba5-0d12aa573bf5,2026-02-16T03:09:58.765376,Growth Deal - RedRock Ventures,411937.28,2026-04-22T13:37:36.765391,77216429-0c61-4206-8455-fea64c0b6917,2025-11-07T14:08:00.765376,c5b0aadb-faf1-42c1-9dd1-d8c4c6bf6834
b209d949-f2d1-4248-94c9-51da76b473ea,fa6b3223-0c9a-40e9-b075-9220ef58763e,514ad999-5429-41e5-9c91-10d1a4071c9d,,3f198622-cd7a-42ae-81de-cbf009ce08e8,aadbaae0-55ae-4574-bba5-0d12aa573bf5,2026-03-30T07:39:57.765400,Enterprise Deal - Golden Ratio,60266.44,2026-07-12T11:18:58.765415,793561a3-4c41-4b4b-9ec6-6527903d3e02,2025-12-23T22:28:48.765400,e6daabab-f289-47f2-91c8-de431d5400de
d78e89b1-7c78-470e-b07b-ae8af148ae27,fa6b3223-0c9a-40e9-b075-9220ef58763e,27104f14-c51b-4add-bbc4-f8220e835da3,,3f198622-cd7a-42ae-81de-cbf009ce08e8,a4d2b484-1dfe-4c8e-a181-666ce27e300d,2026-07-14T06:40:47.765425,Enterprise Deal - CloudPeak Analytics,236533.94,2026-11-07T12:12:59.765441,c5b0aadb-faf1-42c1-9dd1-d8c4c6bf6834,2026-06-15T20:23:08.765425,02aa60b8-30fa-45cc-90ce-706799bfffeb
522b152a-1373-49fb-8716-51642f1a5ca4,fa6b3223-0c9a-40e9-b075-9220ef58763e,de7be919-a0cc-4b19-a829-62ec09019924,9df9e677-7ebb-474a-be38-73f6f6403846,3f198622-cd7a-42ae-81de-cbf009ce08e8,0d661f79-fca3-41a4-a3a6-a2e3a3aea0f4,2026-07-15T16:37:37.765451,Custom Deal - NexGen Software,303008.44,2026-12-24T16:10:57.765469,3a7a726c-307e-4e71-8d43-f4ec0d020101,2026-04-12T01:12:44.765451,3a7a726c-307e-4e71-8d43-f4ec0d020101
dd2316be-5db6-42fc-949e-3caaa3598d21,fa6b3223-0c9a-40e9-b075-9220ef58763e,75b39209-b6b7-4acf-af22-61a0ede4730c,,3f198622-cd7a-42ae-81de-cbf009ce08e8,aadbaae0-55ae-4574-bba5-0d12aa573bf5,2026-07-15T21:57:24.765479,Growth Deal - Jade Consulting,440173.74,2026-06-14T05:59:25.765495,056273a6-60a0-4f5f-96b3-0a1f9b494aa8,2025-09-29T15:33:56.765479,c7ad0281-d620-4eef-92e6-7a52117c0a8e
16d71fad-8936-4bcd-8737-1a0b376c786d,fa6b3223-0c9a-40e9-b075-9220ef58763e,493a96af-f5fd-4ffb-aada-dea16ac9da1d,,3f198622-cd7a-42ae-81de-cbf009ce08e8,8b84fce2-33e6-4421-9357-cf96231edc43,2026-04-24T10:55:43.765505,Starter Deal - NexGen Software,439101.99,2026-08-01T23:00:13.765520,73a569a6-1e94-43c5-ab7e-31c0c0b2a6fb,2025-10-30T09:51:18.765505,77216429-0c61-4206-8455-fea64c0b6917
ce55a087-e6d6-463e-92e0-a6c4a7185e58,fa6b3223-0c9a-40e9-b075-9220ef58763e,bbb1ca2f-187a-40ab-bef3-c7a071959db4,6223c4b8-18db-47ad-9d97-7f9974b14498,3f198622-cd7a-42ae-81de-cbf009ce08e8,8b84fce2-33e6-4421-9357-cf96231edc43,2026-07-21T00:07:08.765531,Premium Deal - NovaTech Solutions,499814.01,2026-06-19T05:31:02.765546,b0e0e9fd-ef8b-47d5-b426-0e52c2535506,2026-01-22T03:17:06.765531,40fd4c0b-aaa5-4aad-9d10-5269ef1b800f
b167f23a-c656-4714-8c60-a50a8b842bbf,fa6b3223-0c9a-40e9-b075-9220ef58763e,5b0d5d2d-0879-43c2-b26b-159e7073fbf1,,3f198622-cd7a-42ae-81de-cbf009ce08e8,8b84fce2-33e6-4421-9357-cf96231edc43,2026-06-01T05:06:33.765556,Premium Deal - Topaz Digital,395593.83,2026-04-26T09:04:16.765571,d3f2a2a5-f425-4786-ac66-99c3ddb5fe75,2026-05-13T10:53:49.765556,e6daabab-f289-47f2-91c8-de431d5400de
5d8cff68-cc50-4720-9c8e-2901651a28bf,fa6b3223-0c9a-40e9-b075-9220ef58763e,e963216c-9fa0-4ecf-8831-a15e327d2b15,859f6f42-8fbf-4864-904e-88dfa26aecee,3f198622-cd7a-42ae-81de-cbf009ce08e8,14d8ebe2-35fa-4bd3-9c90-f94ee02f9955,2026-01-15T08:43:56.765582,Starter Deal - Platinum Partners,301052.8,2027-02-03T07:34:37.765597,70a1a11d-5ed0-4a43-ae45-a3d2f63e8213,2025-09-20T19:27:41.765582,02aa60b8-30fa-45cc-90ce-706799bfffeb
a7ddff58-00af-456a-aebb-99c68b45c835,fa6b3223-0c9a-40e9-b075-9220ef58763e,57cf5745-b207-486c-8767-c9dca581ec02,f05998f2-c92b-4723-9d7d-0a178cdc09e2,3f198622-cd7a-42ae-81de-cbf009ce08e8,dc0728f8-08cf-446b-89ac-dc7d90eabcd5,2026-05-17T05:50:21.765611,Premium Deal - Topaz Digital,74505.71,2026-10-12T08:50:03.765627,c7ad0281-d620-4eef-92e6-7a52117c0a8e,2026-01-21T04:01:34.765611,793561a3-4c41-4b4b-9ec6-6527903d3e02
01a112df-eefe-4bcf-896f-a914722424e7,fa6b3223-0c9a-40e9-b075-9220ef58763e,fe1a28af-f184-42cc-a3f7-55e651cac091,361ae06d-9b77-4488-8b1d-03e4f35441e7,3f198622-cd7a-42ae-81de-cbf009ce08e8,14d8ebe2-35fa-4bd3-9c90-f94ee02f9955,2026-07-13T12:34:18.765637,Enterprise Deal - Sterling Finance,382826.59,2026-11-27T19:39:58.765658,4f5c97d1-2a5a-4459-bb2c-75d59167674a,2026-01-30T02:05:02.765637,b0e0e9fd-ef8b-47d5-b426-0e52c2535506
ceeb4441-ba97-4ddd-a5d8-7ac14dbdccc1,fa6b3223-0c9a-40e9-b075-9220ef58763e,,,3f198622-cd7a-42ae-81de-cbf009ce08e8,8b84fce2-33e6-4421-9357-cf96231edc43,2026-07-18T23:39:15.765667,Custom Deal - ClearView Corp,118462.2,2026-05-28T07:17:35.765682,c5b0aadb-faf1-42c1-9dd1-d8c4c6bf6834,2026-03-25T11:39:10.765667,73a569a6-1e94-43c5-ab7e-31c0c0b2a6fb
1d22f641-b5ae-4b4b-9f3b-6de77841f1fc,fa6b3223-0c9a-40e9-b075-9220ef58763e,33720498-7c8b-4f21-98a7-c8ce00376a50,,3f198622-cd7a-42ae-81de-cbf009ce08e8,8b84fce2-33e6-4421-9357-cf96231edc43,2026-08-02T22:09:27.765693,Premium Deal - Vanguard Systems,272696.51,2026-05-04T00:36:19.765709,3a7a726c-307e-4e71-8d43-f4ec0d020101,2026-06-24T20:54:27.765693,02aa60b8-30fa-45cc-90ce-706799bfffeb
3dd79a42-41ac-491c-a01e-7e4a41856fb6,fa6b3223-0c9a-40e9-b075-9220ef58763e,56df8493-f3b4-4cb5-893a-ae42c5ac10d5,,3f198622-cd7a-42ae-81de-cbf009ce08e8,a4d2b484-1dfe-4c8e-a181-666ce27e300d,2026-02-13T22:30:45.765723,Starter Deal - Apex Innovations,449076.4,2026-12-29T22:23:08.765739,b0e0e9fd-ef8b-47d5-b426-0e52c2535506,2025-11-11T17:01:32.765723,3a7a726c-307e-4e71-8d43-f4ec0d020101
c9f83117-8f37-454e-9cca-3e3ab1c68e79,fa6b3223-0c9a-40e9-b075-9220ef58763e,,,3f198622-cd7a-42ae-81de-cbf009ce08e8,aadbaae0-55ae-4574-bba5-0d12aa573bf5,2026-02-25T20:11:11.765748,Custom Deal - CloudPeak Analytics,37519.01,2026-07-17T10:03:01.765763,e6daabab-f289-47f2-91c8-de431d5400de,2026-02-20T16:35:22.765748,e4a0f782-d61b-4052-849d-5679c682e6e0
a3cc58fc-9699-470d-b1e7-8215638409ec,fa6b3223-0c9a-40e9-b075-9220ef58763e,275b9c17-4139-418c-a247-1add6e4ed669,e347d1ef-30e1-44e5-9ea5-3be6a58a1e3b,3f198622-cd7a-42ae-81de-cbf009ce08e8,aadbaae0-55ae-4574-bba5-0d12aa573bf5,2026-06-07T06:33:54.765773,Enterprise Deal - Silver Stream,288353.19,2026-05-07T22:44:58.765788,77216429-0c61-4206-8455-fea64c0b6917,2026-05-19T23:21:44.765773,056273a6-60a0-4f5f-96b3-0a1f9b494aa8
be6b0fff-2c24-4963-b6f8-6503145073b7,fa6b3223-0c9a-40e9-b075-9220ef58763e,578aca71-27de-47b2-96f3-6573df63e611,9a08ac26-2311-4a92-a48e-513ba5338179,3f198622-cd7a-42ae-81de-cbf009ce08e8,aadbaae0-55ae-4574-bba5-0d12aa573bf5,2026-04-02T02:02:13.765798,Custom Deal - BrightStar Inc,345502.19,2026-05-07T10:42:26.765814,02aa60b8-30fa-45cc-90ce-706799bfffeb,2025-09-11T15:00:54.765798,b0e0e9fd-ef8b-47d5-b426-0e52c2535506
a1c3a056-ea3d-4534-94cc-35a8f9dfb3a5,fa6b3223-0c9a-40e9-b075-9220ef58763e,,,3f198622-cd7a-42ae-81de-cbf009ce08e8,a4d2b484-1dfe-4c8e-a181-666ce27e300d,2026-06-01T19:12:55.765824,Growth Deal - Diamond Edge,76101.1,2026-09-13T12:32:57.765839,d3f2a2a5-f425-4786-ac66-99c3ddb5fe75,2026-05-24T16:32:05.765824,e4a0f782-d61b-4052-849d-5679c682e6e0
b93e2818-db12-4725-b11b-040147ece1de,fa6b3223-0c9a-40e9-b075-9220ef58763e,f9bd0645-e926-4f87-a34c-24520bbafaba,,3f198622-cd7a-42ae-81de-cbf009ce08e8,14d8ebe2-35fa-4bd3-9c90-f94ee02f9955,2026-06-18T17:07:18.765849,Premium Deal - NexGen Software,62158.32,2027-02-05T02:30:04.765864,4f5c97d1-2a5a-4459-bb2c-75d59167674a,2025-11-23T22:31:34.765849,b0e0e9fd-ef8b-47d5-b426-0e52c2535506
e360dcf4-ed86-48f1-a769-0a33977468bc,fa6b3223-0c9a-40e9-b075-9220ef58763e,116df0f8-779b-4ccc-9a6f-88b1e385b74e,,3f198622-cd7a-42ae-81de-cbf009ce08e8,dc0728f8-08cf-446b-89ac-dc7d90eabcd5,2026-04-07T06:06:25.765878,Premium Deal - Sapphire Tech,106596.07,2026-09-05T07:51:12.765893,02aa60b8-30fa-45cc-90ce-706799bfffeb,2025-10-18T06:30:51.765878,40fd4c0b-aaa5-4aad-9d10-5269ef1b800f
f710b058-e3c0-4a62-89a3-c5b27616be30,fa6b3223-0c9a-40e9-b075-9220ef58763e,6e2b5117-a6a1-4ada-9d94-afeb322a9378,,3f198622-cd7a-42ae-81de-cbf009ce08e8,8b84fce2-33e6-4421-9357-cf96231edc43,2026-07-12T14:43:15.765903,Starter Deal - Nimbus Networks,222957.63,2026-07-24T17:13:47.765918,3a7a726c-307e-4e71-8d43-f4ec0d020101,2026-06-30T18:58:41.765903,b0e0e9fd-ef8b-47d5-b426-0e52c2535506
bd92ba94-9d6c-4f07-8241-3d95fcf740b3,fa6b3223-0c9a-40e9-b075-9220ef58763e,a14e00f3-50ba-4460-b904-5133bd24a057,b344e98f-71de-4a26-9c4f-93015424ddfd,3f198622-cd7a-42ae-81de-cbf009ce08e8,14d8ebe2-35fa-4bd3-9c90-f94ee02f9955,2026-07-25T21:01:47.765928,Starter Deal - Apex Health,23462.23,2026-10-26T04:00:44.765943,793561a3-4c41-4b4b-9ec6-6527903d3e02,2026-05-24T22:13:15.765928,793561a3-4c41-4b4b-9ec6-6527903d3e02
28f054b3-6328-4266-ba96-7f1d3f973b5e,fa6b3223-0c9a-40e9-b075-9220ef58763e,b5b029e6-2cd5-46ae-bf79-bd1e5ea13365,,3f198622-cd7a-42ae-81de-cbf009ce08e8,a4d2b484-1dfe-4c8e-a181-666ce27e300d,2026-01-20T03:21:36.765953,Enterprise Deal - BrightStar Inc,54484.59,2026-12-07T08:12:04.765968,73a569a6-1e94-43c5-ab7e-31c0c0b2a6fb,2025-11-29T19:47:57.765953,056273a6-60a0-4f5f-96b3-0a1f9b494aa8
1896caf0-6572-41e0-88a5-0c5034f4de19,fa6b3223-0c9a-40e9-b075-9220ef58763e,,,3f198622-cd7a-42ae-81de-cbf009ce08e8,a4d2b484-1dfe-4c8e-a181-666ce27e300d,2026-08-06T21:21:23.765977,Custom Deal - GreenField Capital,191402.69,2026-12-08T02:06:32.765991,77216429-0c61-4206-8455-fea64c0b6917,2025-12-06T02:59:52.765977,793561a3-4c41-4b4b-9ec6-6527903d3e02
2772812e-e151-4fb2-8db0-5b2e1b6c736d,fa6b3223-0c9a-40e9-b075-9220ef58763e,23cb4619-1c45-4829-878c-4a37b15e0151,,3f198622-cd7a-42ae-81de-cbf009ce08e8,aadbaae0-55ae-4574-bba5-0d12aa573bf5,2026-08-05T08:44:49.766002,Starter Deal - SwiftScale,171238.28,2026-05-31T06:59:10.766017,77216429-0c61-4206-8455-fea64c0b6917,2026-03-18T17:57:29.766002,70a1a11d-5ed0-4a43-ae45-a3d2f63e8213
5590c7aa-99d1-4215-8f8d-73a557cc069a,fa6b3223-0c9a-40e9-b075-9220ef58763e,,,3f198622-cd7a-42ae-81de-cbf009ce08e8,8b84fce2-33e6-4421-9357-cf96231edc43,2026-08-02T23:35:46.766026,Growth Deal - Nimbus Networks,40323.51,2026-05-27T23:00:51.766041,70a1a11d-5ed0-4a43-ae45-a3d2f63e8213,2026-05-24T00:13:09.766026,70a1a11d-5ed0-4a43-ae45-a3d2f63e8213
53381a66-fb9a-4f39-91de-ee0848af5b1c,fa6b3223-0c9a-40e9-b075-9220ef58763e,acf1ec80-fbac-4ffa-8893-a70145498898,72875592-c4f9-4d14-a38a-3d674a7f2f1c,3f198622-cd7a-42ae-81de-cbf009ce08e8,dc0728f8-08cf-446b-89ac-dc7d90eabcd5,2026-03-19T13:10:47.766051,Enterprise Deal - IronClad Security,387253.16,2026-10-29T19:51:37.766066,793561a3-4c41-4b4b-9ec6-6527903d3e02,2026-03-15T15:59:32.766051,3a7a726c-307e-4e71-8d43-f4ec0d020101
8f5559e7-d4ca-4953-bc7b-7e43a1debb1c,fa6b3223-0c9a-40e9-b075-9220ef58763e,5cd06b4d-a824-4a30-98f8-d77feaa6e800,,3f198622-cd7a-42ae-81de-cbf009ce08e8,8b84fce2-33e6-4421-9357-cf96231edc43,2026-04-21T07:50:06.766080,Growth Deal - Atlas Computing,284200.32,2026-04-21T10:53:52.766097,e4a0f782-d61b-4052-849d-5679c682e6e0,2026-03-15T04:31:52.766080,793561a3-4c41-4b4b-9ec6-6527903d3e02
058a0630-cb78-403c-875c-fb309cee6ef9,fa6b3223-0c9a-40e9-b075-9220ef58763e,07feba0b-2207-492c-abdb-06b68216e56a,,3f198622-cd7a-42ae-81de-cbf009ce08e8,aadbaae0-55ae-4574-bba5-0d12aa573bf5,2026-05-01T08:03:14.766107,Enterprise Deal - Iron Mountain,411856.26,2026-05-02T04:59:20.766122,b0e0e9fd-ef8b-47d5-b426-0e52c2535506,2026-02-05T11:24:57.766107,b0e0e9fd-ef8b-47d5-b426-0e52c2535506
59345d23-ed63-4c16-bfad-6291336ec083,fa6b3223-0c9a-40e9-b075-9220ef58763e,836e348a-0b81-44f3-be09-a2db4802899e,77aa0ce4-e862-4ea8-8ee4-110a934d3229,3f198622-cd7a-42ae-81de-cbf009ce08e8,a4d2b484-1dfe-4c8e-a181-666ce27e300d,2026-05-22T02:37:45.766136,Starter Deal - Pulse Digital,332591.02,2026-09-30T13:00:00.766151,02aa60b8-30fa-45cc-90ce-706799bfffeb,2026-05-20T10:13:40.766136,e6daabab-f289-47f2-91c8-de431d5400de
f9b82808-cd1d-410b-8d76-f8468feff0f4,fa6b3223-0c9a-40e9-b075-9220ef58763e,07feba0b-2207-492c-abdb-06b68216e56a,,3f198622-cd7a-42ae-81de-cbf009ce08e8,a4d2b484-1dfe-4c8e-a181-666ce27e300d,2026-02-02T04:55:52.766160,Premium Deal - Nimbus Networks,219809.02,2026-08-13T08:22:27.766175,e4a0f782-d61b-4052-849d-5679c682e6e0,2025-10-03T22:46:44.766160,e4a0f782-d61b-4052-849d-5679c682e6e0
64bd4d89-5a01-4878-8599-797f681152e0,fa6b3223-0c9a-40e9-b075-9220ef58763e,16b442a4-29e5-4cb2-94f2-a277d0b142ac,ab35a1e1-765a-4ace-a2aa-c69d961c3cec,3f198622-cd7a-42ae-81de-cbf009ce08e8,aadbaae0-55ae-4574-bba5-0d12aa573bf5,2026-07-28T07:49:44.766185,Starter Deal - BrightStar Inc,238816.32,2026-04-21T15:28:32.766204,793561a3-4c41-4b4b-9ec6-6527903d3e02,2026-07-23T02:47:25.766185,c7ad0281-d620-4eef-92e6-7a52117c0a8e
d69a421e-6ebf-4b6f-b058-25602b47c4ec,fa6b3223-0c9a-40e9-b075-9220ef58763e,f5aaa9aa-7cb5-4f43-8e11-47f482f1af14,93cdde31-5722-44a8-8418-2da506bc021e,3f198622-cd7a-42ae-81de-cbf009ce08e8,a4d2b484-1dfe-4c8e-a181-666ce27e300d,2026-04-23T11:00:26.766215,Enterprise Deal - Apex Innovations,362399.68,2027-01-30T13:56:23.766230,70a1a11d-5ed0-4a43-ae45-a3d2f63e8213,2025-09-19T03:25:33.766215,02aa60b8-30fa-45cc-90ce-706799bfffeb
9733ce95-9312-438a-bc05-7ffb008c130f,fa6b3223-0c9a-40e9-b075-9220ef58763e,3954230a-5c19-4f74-8dbf-33d0e9c5356f,,3f198622-cd7a-42ae-81de-cbf009ce08e8,8b84fce2-33e6-4421-9357-cf96231edc43,2026-03-29T04:08:57.766241,Custom Deal - TechNova Solutions,267860.4,2026-06-20T11:44:52.766260,3a7a726c-307e-4e71-8d43-f4ec0d020101,2025-08-31T09:33:53.766241,02aa60b8-30fa-45cc-90ce-706799bfffeb
c4077518-ece6-4468-9e80-38a01cb3511a,fa6b3223-0c9a-40e9-b075-9220ef58763e,bdc5d6a7-85b5-4f8f-8103-f333459bb42d,,3f198622-cd7a-42ae-81de-cbf009ce08e8,14d8ebe2-35fa-4bd3-9c90-f94ee02f9955,2026-07-08T15:59:11.766270,Growth Deal - Copper Systems,369139.58,2026-10-09T19:11:55.766285,793561a3-4c41-4b4b-9ec6-6527903d3e02,2026-05-05T23:14:40.766270,73a569a6-1e94-43c5-ab7e-31c0c0b2a6fb
fad2ae0d-d2cc-4a01-83cd-1ff1a5c6a9a9,fa6b3223-0c9a-40e9-b075-9220ef58763e,2c477ba2-ed00-4962-9cfb-d5f938d40764,72875592-c4f9-4d14-a38a-3d674a7f2f1c,3f198622-cd7a-42ae-81de-cbf009ce08e8,aadbaae0-55ae-4574-bba5-0d12aa573bf5,2026-03-22T12:38:40.766295,Starter Deal - CloudPeak Analytics,225920.91,2026-06-08T16:29:25.766310,73a569a6-1e94-43c5-ab7e-31c0c0b2a6fb,2026-03-13T22:14:40.766295,02aa60b8-30fa-45cc-90ce-706799bfffeb
fe61d73f-06ec-4bef-aed4-cab18275cf90,fa6b3223-0c9a-40e9-b075-9220ef58763e,7736fdce-04c6-4b74-8e0c-10ef6febb54d,9a08ac26-2311-4a92-a48e-513ba5338179,3f198622-cd7a-42ae-81de-cbf009ce08e8,14d8ebe2-35fa-4bd3-9c90-f94ee02f9955,2026-01-31T07:06:33.766321,Custom Deal - Coral Health,406705.27,2026-10-23T19:53:31.766339,02aa60b8-30fa-45cc-90ce-706799bfffeb,2025-12-19T08:54:42.766321,40fd4c0b-aaa5-4aad-9d10-5269ef1b800f
43d7bbfe-c225-435d-af0c-c9e1b47aa529,fa6b3223-0c9a-40e9-b075-9220ef58763e,,5aa0239f-8274-4709-a5d0-aa1936d3fd6e,3f198622-cd7a-42ae-81de-cbf009ce08e8,0d661f79-fca3-41a4-a3a6-a2e3a3aea0f4,2026-04-19T08:07:43.766349,Growth Deal - Ember Labs,251096.2,2026-09-24T21:28:39.766364,02aa60b8-30fa-45cc-90ce-706799bfffeb,2026-02-20T21:02:35.766349,c5b0aadb-faf1-42c1-9dd1-d8c4c6bf6834
47533f79-a395-41a1-83df-176f3308a553,fa6b3223-0c9a-40e9-b075-9220ef58763e,70ddba31-0f46-423a-9efa-bbb289eb81b9,,3f198622-cd7a-42ae-81de-cbf009ce08e8,0d661f79-fca3-41a4-a3a6-a2e3a3aea0f4,2026-04-04T12:26:16.766374,Custom Deal - Atlas Computing,113622.24,2026-12-14T23:15:04.766389,c5b0aadb-faf1-42c1-9dd1-d8c4c6bf6834,2025-10-23T10:21:43.766374,77216429-0c61-4206-8455-fea64c0b6917
2424415b-fa61-4217-b6db-517b16f3ae0e,fa6b3223-0c9a-40e9-b075-9220ef58763e,27104f14-c51b-4add-bbc4-f8220e835da3,,3f198622-cd7a-42ae-81de-cbf009ce08e8,14d8ebe2-35fa-4bd3-9c90-f94ee02f9955,2026-07-31T14:18:13.766402,Custom Deal - Fusion Analytics,89188.18,2027-01-18T21:59:59.766417,70a1a11d-5ed0-4a43-ae45-a3d2f63e8213,2025-08-12T13:30:33.766402,70a1a11d-5ed0-4a43-ae45-a3d2f63e8213
ce28428d-4d69-47be-a57c-560eae4152f7,fa6b3223-0c9a-40e9-b075-9220ef58763e,e2be74a3-b364-4f55-898f-e46582cafafa,,3f198622-cd7a-42ae-81de-cbf009ce08e8,aadbaae0-55ae-4574-bba5-0d12aa573bf5,2026-07-19T06:42:23.766427,Enterprise Deal - Onyx Data,188752.56,2026-06-12T22:09:26.766445,d3f2a2a5-f425-4786-ac66-99c3ddb5fe75,2025-12-10T09:11:10.766427,73a569a6-1e94-43c5-ab7e-31c0c0b2a6fb
46676bfb-d7c4-4ef8-bd19-78db90c0ca50,fa6b3223-0c9a-40e9-b075-9220ef58763e,35656819-37ed-43bc-a0ae-2ef9919ee7fe,3dca97c7-85fd-4988-95fd-03296b3e1a06,3f198622-cd7a-42ae-81de-cbf009ce08e8,dc0728f8-08cf-446b-89ac-dc7d90eabcd5,2026-07-01T20:35:47.766456,Enterprise Deal - Topaz Digital,417857.08,2026-10-29T01:08:28.766471,02aa60b8-30fa-45cc-90ce-706799bfffeb,2026-06-18T03:47:20.766456,02aa60b8-30fa-45cc-90ce-706799bfffeb
c58e90bd-b402-4f48-bef5-9c44c8dddc25,fa6b3223-0c9a-40e9-b075-9220ef58763e,a260a546-1f22-45d0-a315-bcdc0d17adfa,,3f198622-cd7a-42ae-81de-cbf009ce08e8,dc0728f8-08cf-446b-89ac-dc7d90eabcd5,2026-02-07T16:57:39.766482,Growth Deal - Catalyst Group,398206.4,2026-08-17T13:03:08.766497,e6daabab-f289-47f2-91c8-de431d5400de,2025-11-14T09:49:36.766482,73a569a6-1e94-43c5-ab7e-31c0c0b2a6fb
f46d36da-c1b3-4bb3-a925-64665ff3d281,fa6b3223-0c9a-40e9-b075-9220ef58763e,a6b7223f-6438-4513-9e37-863c3893c7d4,,3f198622-cd7a-42ae-81de-cbf009ce08e8,0d661f79-fca3-41a4-a3a6-a2e3a3aea0f4,2026-02-12T20:56:18.766507,Premium Deal - Bronze Gate,463971.57,2027-01-07T13:42:31.766597,73a569a6-1e94-43c5-ab7e-31c0c0b2a6fb,2025-10-11T02:29:29.766507,c5b0aadb-faf1-42c1-9dd1-d8c4c6bf6834
4b92812a-16bf-4009-a01b-31329cecd797,fa6b3223-0c9a-40e9-b075-9220ef58763e,b512e2e2-60c8-4182-a0b7-95ea006d6c31,,3f198622-cd7a-42ae-81de-cbf009ce08e8,0d661f79-fca3-41a4-a3a6-a2e3a3aea0f4,2026-05-21T06:29:06.766608,Starter Deal - NexGen Software,46703.84,2027-01-31T19:24:40.766625,73a569a6-1e94-43c5-ab7e-31c0c0b2a6fb,2026-03-20T21:19:53.766608,e4a0f782-d61b-4052-849d-5679c682e6e0
4c117193-647c-4f34-80df-40edcc7530f1,fa6b3223-0c9a-40e9-b075-9220ef58763e,ee770a52-a273-497c-aeaa-928d0013d951,1afc76c8-2e82-48d7-a9f7-265b480a7ac2,3f198622-cd7a-42ae-81de-cbf009ce08e8,a4d2b484-1dfe-4c8e-a181-666ce27e300d,2026-06-05T09:01:54.766635,Custom Deal - NovaTech Solutions,344441.73,2027-02-01T09:55:09.766656,e6daabab-f289-47f2-91c8-de431d5400de,2025-10-03T01:59:27.766635,02aa60b8-30fa-45cc-90ce-706799bfffeb
428b0b87-6b22-4ead-bfed-6f975e4d0d5b,fa6b3223-0c9a-40e9-b075-9220ef58763e,,9c8e1fd7-3dcc-4601-9843-fa68feccd16f,3f198622-cd7a-42ae-81de-cbf009ce08e8,a4d2b484-1dfe-4c8e-a181-666ce27e300d,2026-08-05T12:10:33.766666,Premium Deal - Catalyst Group,469242.59,2026-11-11T01:36:38.766681,02aa60b8-30fa-45cc-90ce-706799bfffeb,2026-07-19T14:17:33.766666,c7ad0281-d620-4eef-92e6-7a52117c0a8e
a29c3995-590e-47ee-b76f-6d3c845381ed,fa6b3223-0c9a-40e9-b075-9220ef58763e,188022f4-9060-4b53-9d1e-272db838fea5,,3f198622-cd7a-42ae-81de-cbf009ce08e8,8b84fce2-33e6-4421-9357-cf96231edc43,2026-07-08T07:52:14.766691,Custom Deal - Onyx Data,181817.85,2026-07-24T15:01:35.766707,056273a6-60a0-4f5f-96b3-0a1f9b494aa8,2026-04-19T22:09:46.766691,4f5c97d1-2a5a-4459-bb2c-75d59167674a
d75a314e-7f18-495e-a2aa-3bfb66463b43,fa6b3223-0c9a-40e9-b075-9220ef58763e,035dfd53-3362-4b3b-b236-d4f0bc039fb7,,3f198622-cd7a-42ae-81de-cbf009ce08e8,dc0728f8-08cf-446b-89ac-dc7d90eabcd5,2026-07-12T11:51:20.766717,Growth Deal - NexGen Software,273859.15,2026-08-09T20:43:21.766732,b0e0e9fd-ef8b-47d5-b426-0e52c2535506,2026-01-04T09:49:58.766717,4f5c97d1-2a5a-4459-bb2c-75d59167674a
fb269205-eaab-49cf-8214-8a7d4c2fa3b9,fa6b3223-0c9a-40e9-b075-9220ef58763e,d1c46948-e814-460c-bec0-0991ef5fd416,20b6b9bb-87a3-49d0-b1fb-b4e953808029,3f198622-cd7a-42ae-81de-cbf009ce08e8,aadbaae0-55ae-4574-bba5-0d12aa573bf5,2026-07-20T02:25:31.766749,Starter Deal - Opal Solutions,5205.84,2026-04-30T00:02:47.766764,056273a6-60a0-4f5f-96b3-0a1f9b494aa8,2026-05-18T12:35:01.766749,b0e0e9fd-ef8b-47d5-b426-0e52c2535506
4f8ba3c6-dbf6-4a4d-ab82-2fb2daf17cf2,fa6b3223-0c9a-40e9-b075-9220ef58763e,,,3f198622-cd7a-42ae-81de-cbf009ce08e8,a4d2b484-1dfe-4c8e-a181-666ce27e300d,2026-05-28T12:14:03.766774,Custom Deal - Pearl Analytics,310683.62,2026-12-22T06:37:17.766788,70a1a11d-5ed0-4a43-ae45-a3d2f63e8213,2025-10-09T15:00:44.766774,02aa60b8-30fa-45cc-90ce-706799bfffeb
bbfca6a5-067b-4d02-83f2-2a7bad2d0d18,fa6b3223-0c9a-40e9-b075-9220ef58763e,,,3f198622-cd7a-42ae-81de-cbf009ce08e8,8b84fce2-33e6-4421-9357-cf96231edc43,2026-05-18T22:10:39.766797,Starter Deal - Steel Bridge,445774.06,2026-06-03T14:55:35.766812,c7ad0281-d620-4eef-92e6-7a52117c0a8e,2026-05-18T04:37:32.766797,70a1a11d-5ed0-4a43-ae45-a3d2f63e8213
b4e8d188-dd6a-4c1b-a65c-7984bd5a4535,fa6b3223-0c9a-40e9-b075-9220ef58763e,06cd7fea-fa08-4ac8-aab4-e379af63dba5,,3f198622-cd7a-42ae-81de-cbf009ce08e8,14d8ebe2-35fa-4bd3-9c90-f94ee02f9955,2026-05-26T22:10:16.766822,Custom Deal - Quantum Dynamics,200139.46,2027-01-26T05:56:19.766837,e6daabab-f289-47f2-91c8-de431d5400de,2026-04-01T15:43:30.766822,056273a6-60a0-4f5f-96b3-0a1f9b494aa8
d4fc306b-1b68-4643-9a1b-dc8ea12cf584,fa6b3223-0c9a-40e9-b075-9220ef58763e,,,3f198622-cd7a-42ae-81de-cbf009ce08e8,14d8ebe2-35fa-4bd3-9c90-f94ee02f9955,2026-07-22T10:28:31.766847,Starter Deal - Jade Consulting,476556.24,2026-11-27T02:24:50.766865,73a569a6-1e94-43c5-ab7e-31c0c0b2a6fb,2026-03-02T07:35:19.766847,b0e0e9fd-ef8b-47d5-b426-0e52c2535506
ed9c92f7-9945-4f2c-8403-2fe0da04de63,fa6b3223-0c9a-40e9-b075-9220ef58763e,,,3f198622-cd7a-42ae-81de-cbf009ce08e8,aadbaae0-55ae-4574-bba5-0d12aa573bf5,2026-03-10T04:39:01.766874,Premium Deal - Sterling Finance,344870.57,2026-06-09T00:15:07.766889,c7ad0281-d620-4eef-92e6-7a52117c0a8e,2026-03-02T03:51:22.766874,c7ad0281-d620-4eef-92e6-7a52117c0a8e
3e0ebd23-a5e9-4ad6-bbb0-7b08b844ec83,fa6b3223-0c9a-40e9-b075-9220ef58763e,6bc7c4ad-3af2-4924-aad5-5966589340c3,1a96df7d-472c-4fdc-8f0b-b8de35533dc3,3f198622-cd7a-42ae-81de-cbf009ce08e8,aadbaae0-55ae-4574-bba5-0d12aa573bf5,2026-03-24T20:53:28.766899,Premium Deal - NovaTech Solutions,469956.29,2026-06-03T20:04:00.766921,793561a3-4c41-4b4b-9ec6-6527903d3e02,2025-11-21T07:30:44.766899,77216429-0c61-4206-8455-fea64c0b6917
8519fba2-f2b6-41b7-b398-cba06c7c8a1b,fa6b3223-0c9a-40e9-b075-9220ef58763e,,c43f7ae0-4316-4a43-a745-63c587817c10,3f198622-cd7a-42ae-81de-cbf009ce08e8,aadbaae0-55ae-4574-bba5-0d12aa573bf5,2026-06-03T21:43:47.766931,Premium Deal - TechNova Solutions,154718.01,2026-04-20T13:45:28.766946,793561a3-4c41-4b4b-9ec6-6527903d3e02,2025-10-20T08:49:54.766931,793561a3-4c41-4b4b-9ec6-6527903d3e02
4a3ec1db-9763-4e91-b3e3-c83f1a356ce2,fa6b3223-0c9a-40e9-b075-9220ef58763e,,0465128e-4f75-454f-b530-819a29a26362,3f198622-cd7a-42ae-81de-cbf009ce08e8,aadbaae0-55ae-4574-bba5-0d12aa573bf5,2026-03-09T02:34:40.766955,Custom Deal - Bronze Gate,329639.04,2026-05-08T16:52:26.766970,c7ad0281-d620-4eef-92e6-7a52117c0a8e,2025-08-14T11:35:39.766955,70a1a11d-5ed0-4a43-ae45-a3d2f63e8213
b51f66b4-4a69-4e6b-a4a8-078461b6a156,fa6b3223-0c9a-40e9-b075-9220ef58763e,0579580c-2b99-4380-8403-ae7697a7515d,a789a719-d4fa-4981-8a5a-343833b724d6,3f198622-cd7a-42ae-81de-cbf009ce08e8,14d8ebe2-35fa-4bd3-9c90-f94ee02f9955,2026-07-31T23:26:37.766980,Enterprise Deal - Summit Analytics,385892.8,2026-12-02T20:39:38.766995,b0e0e9fd-ef8b-47d5-b426-0e52c2535506,2025-12-27T12:44:47.766980,73a569a6-1e94-43c5-ab7e-31c0c0b2a6fb
c81d1194-3012-418b-b2b5-ba0cd34e9547,fa6b3223-0c9a-40e9-b075-9220ef58763e,,63d1b6c3-7fb2-42ee-9a36-d74ddd2e3e1b,3f198622-cd7a-42ae-81de-cbf009ce08e8,0d661f79-fca3-41a4-a3a6-a2e3a3aea0f4,2026-08-03T06:26:51.767008,Enterprise Deal - Copper Systems,343364.31,2026-11-23T04:57:03.767024,d3f2a2a5-f425-4786-ac66-99c3ddb5fe75,2026-07-31T10:17:37.767008,40fd4c0b-aaa5-4aad-9d10-5269ef1b800f
c87756f4-c0d4-4860-9854-80a8bae3cebf,fa6b3223-0c9a-40e9-b075-9220ef58763e,,,3f198622-cd7a-42ae-81de-cbf009ce08e8,0d661f79-fca3-41a4-a3a6-a2e3a3aea0f4,2026-05-10T12:58:50.767033,Premium Deal - Amber Industries,319952.97,2026-09-18T12:59:28.767048,77216429-0c61-4206-8455-fea64c0b6917,2026-05-01T00:17:33.767033,02aa60b8-30fa-45cc-90ce-706799bfffeb
682e9e1b-057d-4b66-a2bf-e8957b80b4e2,fa6b3223-0c9a-40e9-b075-9220ef58763e,9d7440b7-e2db-4090-a032-8dabe8e576cc,3e5eb9ac-a606-4472-9b12-c3f35e213e48,3f198622-cd7a-42ae-81de-cbf009ce08e8,14d8ebe2-35fa-4bd3-9c90-f94ee02f9955,2026-05-02T09:20:50.767058,Starter Deal - Golden Ratio,439971.46,2026-12-04T07:52:10.767074,70a1a11d-5ed0-4a43-ae45-a3d2f63e8213,2026-02-20T13:53:01.767058,056273a6-60a0-4f5f-96b3-0a1f9b494aa8
3a70f544-8d9e-4996-aa6d-224060dc88ab,fa6b3223-0c9a-40e9-b075-9220ef58763e,77bff02a-62b5-40fc-9657-4d87bb024668,,3f198622-cd7a-42ae-81de-cbf009ce08e8,a4d2b484-1dfe-4c8e-a181-666ce27e300d,2026-03-16T10:02:04.767083,Enterprise Deal - GreenField Capital,280929.51,2026-11-25T18:17:31.767099,77216429-0c61-4206-8455-fea64c0b6917,2026-03-05T15:28:15.767083,70a1a11d-5ed0-4a43-ae45-a3d2f63e8213
a3d34035-cc1f-40aa-bfa0-2e94d1f184b3,fa6b3223-0c9a-40e9-b075-9220ef58763e,bcbe1173-2e8f-442a-ad0c-65a2ba57d752,,3f198622-cd7a-42ae-81de-cbf009ce08e8,dc0728f8-08cf-446b-89ac-dc7d90eabcd5,2026-08-06T17:36:42.767109,Custom Deal - Golden Ratio,204778.11,2026-08-10T06:57:18.767124,70a1a11d-5ed0-4a43-ae45-a3d2f63e8213,2026-08-04T11:07:22.767109,e6daabab-f289-47f2-91c8-de431d5400de
1139c9f6-b4b5-4896-a468-4b271091f643,fa6b3223-0c9a-40e9-b075-9220ef58763e,79ec6308-3100-4391-a732-1efd5abe6678,,3f198622-cd7a-42ae-81de-cbf009ce08e8,14d8ebe2-35fa-4bd3-9c90-f94ee02f9955,2026-06-10T07:57:45.767134,Starter Deal - BlueShift Labs,31716.02,2027-01-03T18:44:15.767148,e4a0f782-d61b-4052-849d-5679c682e6e0,2025-12-20T21:40:04.767134,73a569a6-1e94-43c5-ab7e-31c0c0b2a6fb
394ee5b8-3fc3-40c6-8465-a7bdd8115a52,fa6b3223-0c9a-40e9-b075-9220ef58763e,,,3f198622-cd7a-42ae-81de-cbf009ce08e8,dc0728f8-08cf-446b-89ac-dc7d90eabcd5,2026-05-14T01:57:54.767158,Starter Deal - Iron Mountain,282423.41,2026-10-15T16:38:39.767172,4f5c97d1-2a5a-4459-bb2c-75d59167674a,2026-02-17T16:02:26.767158,02aa60b8-30fa-45cc-90ce-706799bfffeb
30d9fc08-aaf2-476f-bb9a-5bb2f0cb441e,fa6b3223-0c9a-40e9-b075-9220ef58763e,3f8a20f8-f89f-4185-8160-ca9dad08caab,,3f198622-cd7a-42ae-81de-cbf009ce08e8,a4d2b484-1dfe-4c8e-a181-666ce27e300d,2026-08-06T18:38:00.767182,Enterprise Deal - Velocity Labs,314176.11,2026-11-21T13:32:02.767197,73a569a6-1e94-43c5-ab7e-31c0c0b2a6fb,2026-02-24T06:12:28.767182,793561a3-4c41-4b4b-9ec6-6527903d3e02
d072f857-49ce-4569-b5a8-cc3f412f74c2,fa6b3223-0c9a-40e9-b075-9220ef58763e,,,3f198622-cd7a-42ae-81de-cbf009ce08e8,a4d2b484-1dfe-4c8e-a181-666ce27e300d,2026-07-03T01:04:43.767206,Growth Deal - Summit Analytics,339715.03,2026-08-29T09:00:14.767225,40fd4c0b-aaa5-4aad-9d10-5269ef1b800f,2025-08-23T22:03:03.767206,4f5c97d1-2a5a-4459-bb2c-75d59167674a
fcf7c001-41fa-472f-bed6-3473704071c9,fa6b3223-0c9a-40e9-b075-9220ef58763e,67ff8e11-d785-467f-82cf-e0b57c938892,,3f198622-cd7a-42ae-81de-cbf009ce08e8,14d8ebe2-35fa-4bd3-9c90-f94ee02f9955,2026-08-06T18:41:50.767235,Custom Deal - BlueShift Labs,207502.93,2026-11-19T05:43:36.767250,70a1a11d-5ed0-4a43-ae45-a3d2f63e8213,2025-12-15T06:34:11.767235,b0e0e9fd-ef8b-47d5-b426-0e52c2535506
70f808c1-0fbb-4f19-be22-e063621d01f1,fa6b3223-0c9a-40e9-b075-9220ef58763e,ccf83cb5-b8ad-42ca-9ca6-24395c18e647,e6d78849-c9cc-4f17-8863-d13b78726911,3f198622-cd7a-42ae-81de-cbf009ce08e8,aadbaae0-55ae-4574-bba5-0d12aa573bf5,2026-07-12T17:07:32.767264,Starter Deal - Pulse Digital,77634.35,2026-07-16T11:26:40.767280,b0e0e9fd-ef8b-47d5-b426-0e52c2535506,2026-07-03T06:00:25.767264,e6daabab-f289-47f2-91c8-de431d5400de
e34724c0-cb18-4632-98f5-bf7526e6556c,fa6b3223-0c9a-40e9-b075-9220ef58763e,a7c28dfe-3457-4d1a-be33-bbc22ff67054,0ab93222-3be5-4438-a90a-11b1a3b734d4,3f198622-cd7a-42ae-81de-cbf009ce08e8,0d661f79-fca3-41a4-a3a6-a2e3a3aea0f4,2026-06-03T22:06:58.767290,Enterprise Deal - Silver Stream,395157.43,2027-01-19T22:30:12.767305,73a569a6-1e94-43c5-ab7e-31c0c0b2a6fb,2026-02-11T16:45:54.767290,c5b0aadb-faf1-42c1-9dd1-d8c4c6bf6834
85407fa3-7edb-45ee-8403-0d767962d76f,fa6b3223-0c9a-40e9-b075-9220ef58763e,,343a42f1-54c4-4c34-b125-3fa57a94ce3f,3f198622-cd7a-42ae-81de-cbf009ce08e8,0d661f79-fca3-41a4-a3a6-a2e3a3aea0f4,2026-03-25T16:46:28.767315,Custom Deal - Sapphire Tech,97873.33,2026-10-05T16:14:19.767330,c7ad0281-d620-4eef-92e6-7a52117c0a8e,2026-02-25T10:25:33.767315,3a7a726c-307e-4e71-8d43-f4ec0d020101
e51d0bc8-2f46-4faa-9689-2fac70ab86f4,fa6b3223-0c9a-40e9-b075-9220ef58763e,bb1166e4-1123-4b8a-a72e-dfa7dfc65519,,3f198622-cd7a-42ae-81de-cbf009ce08e8,14d8ebe2-35fa-4bd3-9c90-f94ee02f9955,2026-05-02T13:20:40.767339,Growth Deal - Jade Consulting,263687.4,2026-08-29T04:16:57.767355,e4a0f782-d61b-4052-849d-5679c682e6e0,2025-12-16T13:22:01.767339,c7ad0281-d620-4eef-92e6-7a52117c0a8e
b03259d6-d21e-4eae-9da0-864b9944c4a8,fa6b3223-0c9a-40e9-b075-9220ef58763e,,ec3d7d84-078a-46fe-a5da-922028897c10,3f198622-cd7a-42ae-81de-cbf009ce08e8,14d8ebe2-35fa-4bd3-9c90-f94ee02f9955,2026-06-05T06:20:13.767364,Starter Deal - GreenField Capital,418170.06,2026-11-17T00:00:19.767383,70a1a11d-5ed0-4a43-ae45-a3d2f63e8213,2025-11-20T03:20:25.767364,02aa60b8-30fa-45cc-90ce-706799bfffeb
db0d8d96-2e04-4790-8a0b-883b02856233,fa6b3223-0c9a-40e9-b075-9220ef58763e,0b76319e-d697-411e-be37-a4ea9c5335c2,,3f198622-cd7a-42ae-81de-cbf009ce08e8,aadbaae0-55ae-4574-bba5-0d12aa573bf5,2025-09-10T02:07:06.767393,Premium Deal - Cobalt Systems,234014.87,2026-08-06T02:52:25.767408,77216429-0c61-4206-8455-fea64c0b6917,2025-09-06T16:52:04.767393,c5b0aadb-faf1-42c1-9dd1-d8c4c6bf6834
62dd8e6d-6fa4-42f3-886d-d991abb19ad6,fa6b3223-0c9a-40e9-b075-9220ef58763e,658e1e32-8b5d-4282-8e11-4d2574549bd9,80bb26ae-b0e0-4a72-a800-dd2069e6fce5,3f198622-cd7a-42ae-81de-cbf009ce08e8,aadbaae0-55ae-4574-bba5-0d12aa573bf5,2026-06-23T23:53:10.767418,Premium Deal - EverGreen Solutions,129797.37,2026-07-15T13:09:54.767434,70a1a11d-5ed0-4a43-ae45-a3d2f63e8213,2026-05-06T08:54:29.767418,e6daabab-f289-47f2-91c8-de431d5400de
50e8bb30-74fe-43ee-b8cb-43ecb17f80fa,fa6b3223-0c9a-40e9-b075-9220ef58763e,c63d7dac-16cc-4f27-ad82-8453bd5e89d4,ea81456c-bd45-4821-b86a-89924ffa7116,3f198622-cd7a-42ae-81de-cbf009ce08e8,aadbaae0-55ae-4574-bba5-0d12aa573bf5,2026-08-04T13:57:09.767445,Custom Deal - Crystal Corp,485932.5,2026-05-14T23:00:47.767460,02aa60b8-30fa-45cc-90ce-706799bfffeb,2026-07-11T12:57:46.767445,c7ad0281-d620-4eef-92e6-7a52117c0a8e
97044727-4310-4482-a51d-5fadbf91fba9,fa6b3223-0c9a-40e9-b075-9220ef58763e,a53f043b-6af8-42cd-b1c6-8f4cde4fdf4d,b4b6134c-c44f-478f-9fcc-b13ac76c8f42,3f198622-cd7a-42ae-81de-cbf009ce08e8,dc0728f8-08cf-446b-89ac-dc7d90eabcd5,2026-03-03T09:02:28.767470,Enterprise Deal - Ruby Software,440483.42,2027-01-24T01:31:32.767485,4f5c97d1-2a5a-4459-bb2c-75d59167674a,2025-12-28T13:03:18.767470,73a569a6-1e94-43c5-ab7e-31c0c0b2a6fb
aebdba3b-5453-45bc-9524-f0781984a0d1,fa6b3223-0c9a-40e9-b075-9220ef58763e,,c8d2c571-9b42-4aff-8b4a-5e23b4111ecb,3f198622-cd7a-42ae-81de-cbf009ce08e8,a4d2b484-1dfe-4c8e-a181-666ce27e300d,2026-06-08T15:49:12.767495,Enterprise Deal - Ember Labs,39177.72,2026-10-04T12:32:46.767510,40fd4c0b-aaa5-4aad-9d10-5269ef1b800f,2026-05-07T22:30:23.767495,c7ad0281-d620-4eef-92e6-7a52117c0a8e
8120027a-3579-4101-b890-a1cefb4e42f9,fa6b3223-0c9a-40e9-b075-9220ef58763e,a8383e9d-6146-453c-a6ae-7fad60a7974b,,3f198622-cd7a-42ae-81de-cbf009ce08e8,14d8ebe2-35fa-4bd3-9c90-f94ee02f9955,2026-03-07T20:02:16.767523,Premium Deal - Quantum Dynamics,403299.36,2026-10-30T17:34:49.767539,4f5c97d1-2a5a-4459-bb2c-75d59167674a,2026-02-14T08:05:44.767523,70a1a11d-5ed0-4a43-ae45-a3d2f63e8213
2f7f14a7-abf6-416b-9a3e-d776a410650e,fa6b3223-0c9a-40e9-b075-9220ef58763e,b69b5f08-7235-436d-a85d-e8b92a4b5b77,,3f198622-cd7a-42ae-81de-cbf009ce08e8,14d8ebe2-35fa-4bd3-9c90-f94ee02f9955,2026-02-15T11:30:33.767549,Starter Deal - Iron Mountain,182395.31,2026-09-10T16:48:22.767565,e6daabab-f289-47f2-91c8-de431d5400de,2025-12-27T21:54:19.767549,793561a3-4c41-4b4b-9ec6-6527903d3e02
83874d56-7483-484a-b949-a8c05bb2c107,fa6b3223-0c9a-40e9-b075-9220ef58763e,,1a96df7d-472c-4fdc-8f0b-b8de35533dc3,3f198622-cd7a-42ae-81de-cbf009ce08e8,14d8ebe2-35fa-4bd3-9c90-f94ee02f9955,2026-01-29T15:24:33.767579,Premium Deal - GreenField Capital,126848.01,2026-09-06T09:03:53.767594,4f5c97d1-2a5a-4459-bb2c-75d59167674a,2025-10-10T08:15:04.767579,c5b0aadb-faf1-42c1-9dd1-d8c4c6bf6834
5b7856c4-c0c3-4057-95ea-6c0a42cbd97a,fa6b3223-0c9a-40e9-b075-9220ef58763e,,1e526e54-e356-461f-b62a-09531428ee7f,3f198622-cd7a-42ae-81de-cbf009ce08e8,dc0728f8-08cf-446b-89ac-dc7d90eabcd5,2026-06-17T09:04:20.767604,Starter Deal - NovaTech Solutions,453621.79,2026-08-12T21:37:21.767619,b0e0e9fd-ef8b-47d5-b426-0e52c2535506,2026-04-27T19:14:19.767604,02aa60b8-30fa-45cc-90ce-706799bfffeb
cd8b2b0b-9124-485d-b548-9a2d180f1b14,fa6b3223-0c9a-40e9-b075-9220ef58763e,b0189f96-48c3-44f0-a9ce-0ea765f6a353,7b0796a4-5f23-45ae-abea-4387908b6aef,3f198622-cd7a-42ae-81de-cbf009ce08e8,dc0728f8-08cf-446b-89ac-dc7d90eabcd5,2026-02-12T13:52:49.767629,Custom Deal - Coral Health,205232.11,2026-12-25T07:05:27.767673,4f5c97d1-2a5a-4459-bb2c-75d59167674a,2025-09-19T21:43:59.767629,056273a6-60a0-4f5f-96b3-0a1f9b494aa8
eed18fdf-bb2a-4228-9378-10677afc3dbc,fa6b3223-0c9a-40e9-b075-9220ef58763e,29bee0df-7ea9-4c25-bc4b-e44537278752,,3f198622-cd7a-42ae-81de-cbf009ce08e8,14d8ebe2-35fa-4bd3-9c90-f94ee02f9955,2026-02-23T20:10:35.767683,Enterprise Deal - Apex Innovations,291320.97,2026-12-19T08:16:09.767699,73a569a6-1e94-43c5-ab7e-31c0c0b2a6fb,2025-12-06T22:24:02.767683,e4a0f782-d61b-4052-849d-5679c682e6e0
63a96524-6819-4c57-a083-6bfe04304a6f,fa6b3223-0c9a-40e9-b075-9220ef58763e,,,3f198622-cd7a-42ae-81de-cbf009ce08e8,aadbaae0-55ae-4574-bba5-0d12aa573bf5,2025-11-20T09:02:13.767708,Growth Deal - Pearl Analytics,455163.92,2026-05-24T15:27:40.767723,77216429-0c61-4206-8455-fea64c0b6917,2025-10-25T09:44:22.767708,4f5c97d1-2a5a-4459-bb2c-75d59167674a
96ed620f-e49e-4279-bb84-a46c2eb61d4a,fa6b3223-0c9a-40e9-b075-9220ef58763e,8607507c-7d55-4b3e-a951-97598f2c7c65,382ee394-74bb-433a-be02-76f27e7bb58c,3f198622-cd7a-42ae-81de-cbf009ce08e8,0d661f79-fca3-41a4-a3a6-a2e3a3aea0f4,2026-07-08T10:53:02.767733,Premium Deal - Pulse Digital,164218.47,2026-10-05T14:21:52.767749,73a569a6-1e94-43c5-ab7e-31c0c0b2a6fb,2026-07-02T12:05:06.767733,02aa60b8-30fa-45cc-90ce-706799bfffeb
015d3a21-ba68-4a05-b531-9a028d29123c,fa6b3223-0c9a-40e9-b075-9220ef58763e,,b4458716-5460-47c6-b4da-e66fce279632,3f198622-cd7a-42ae-81de-cbf009ce08e8,8b84fce2-33e6-4421-9357-cf96231edc43,2026-06-21T14:54:53.767817,Starter Deal - Titan Industries,170885.87,2026-06-08T23:56:50.767844,e6daabab-f289-47f2-91c8-de431d5400de,2026-06-20T04:18:51.767817,70a1a11d-5ed0-4a43-ae45-a3d2f63e8213
acd417d3-c6ab-4dbf-b443-0caa4a62f051,fa6b3223-0c9a-40e9-b075-9220ef58763e,6ef00d1e-a34f-4895-a6a5-ebfe22c98418,,3f198622-cd7a-42ae-81de-cbf009ce08e8,a4d2b484-1dfe-4c8e-a181-666ce27e300d,2026-04-07T00:55:10.767855,Enterprise Deal - Zenith Partners,420863.52,2026-09-10T02:19:01.767871,e6daabab-f289-47f2-91c8-de431d5400de,2026-03-14T17:50:23.767855,c5b0aadb-faf1-42c1-9dd1-d8c4c6bf6834
5a4e0c28-b126-4fc4-820c-f8b118417c09,fa6b3223-0c9a-40e9-b075-9220ef58763e,20f15023-35dc-4ba2-bce0-d35ab6c1c177,,3f198622-cd7a-42ae-81de-cbf009ce08e8,8b84fce2-33e6-4421-9357-cf96231edc43,2026-06-29T05:49:03.767887,Starter Deal - Copper Systems,209444.88,2026-05-25T08:59:52.767903,e6daabab-f289-47f2-91c8-de431d5400de,2026-02-06T08:45:48.767887,73a569a6-1e94-43c5-ab7e-31c0c0b2a6fb
db95cf02-35a1-485c-bb42-518ca5422799,fa6b3223-0c9a-40e9-b075-9220ef58763e,,,3f198622-cd7a-42ae-81de-cbf009ce08e8,14d8ebe2-35fa-4bd3-9c90-f94ee02f9955,2026-05-24T13:18:27.767912,Premium Deal - CloudPeak Analytics,276233.56,2026-12-15T16:54:37.767927,056273a6-60a0-4f5f-96b3-0a1f9b494aa8,2026-02-13T01:25:27.767912,d3f2a2a5-f425-4786-ac66-99c3ddb5fe75
c91db901-78f9-43d9-9ea9-07a1f16b9dc6,fa6b3223-0c9a-40e9-b075-9220ef58763e,ae1146dd-2f98-42cc-a7bc-539f6b5b7de4,8f6d2922-f81f-4cf0-b98d-d8c318832c85,3f198622-cd7a-42ae-81de-cbf009ce08e8,a4d2b484-1dfe-4c8e-a181-666ce27e300d,2026-06-28T10:02:37.767938,Premium Deal - Quantum Dynamics,182317.04,2026-12-16T22:23:13.767953,e4a0f782-d61b-4052-849d-5679c682e6e0,2026-02-17T12:13:22.767938,c7ad0281-d620-4eef-92e6-7a52117c0a8e
60b4afd5-f576-4860-b1be-8bbec610d09d,fa6b3223-0c9a-40e9-b075-9220ef58763e,,be3cb573-d0ae-4579-be35-1d4c0bfbe80c,3f198622-cd7a-42ae-81de-cbf009ce08e8,a4d2b484-1dfe-4c8e-a181-666ce27e300d,2026-05-19T19:42:19.767963,Growth Deal - ClearView Corp,154241.78,2026-12-18T16:40:41.767978,40fd4c0b-aaa5-4aad-9d10-5269ef1b800f,2025-12-08T16:51:40.767963,c7ad0281-d620-4eef-92e6-7a52117c0a8e
a285bb15-1282-4baf-af08-1c956f0c4a8e,fa6b3223-0c9a-40e9-b075-9220ef58763e,972ad0d4-f4b3-46f5-9bf7-7d27cfe51767,c8d2c571-9b42-4aff-8b4a-5e23b4111ecb,3f198622-cd7a-42ae-81de-cbf009ce08e8,0d661f79-fca3-41a4-a3a6-a2e3a3aea0f4,2026-04-03T13:11:32.767989,Growth Deal - Iron Mountain,274052.41,2026-08-12T00:52:08.768005,793561a3-4c41-4b4b-9ec6-6527903d3e02,2025-08-14T09:19:03.767989,73a569a6-1e94-43c5-ab7e-31c0c0b2a6fb
dcb0ffe8-a4c2-4d34-b988-23d596829182,fa6b3223-0c9a-40e9-b075-9220ef58763e,f3da1409-3bd0-4b40-912a-79f4d37b5e4a,6223c4b8-18db-47ad-9d97-7f9974b14498,3f198622-cd7a-42ae-81de-cbf009ce08e8,aadbaae0-55ae-4574-bba5-0d12aa573bf5,2026-07-22T18:51:47.768015,Growth Deal - Coral Health,231028.67,2026-06-28T08:45:36.768034,056273a6-60a0-4f5f-96b3-0a1f9b494aa8,2026-02-22T11:58:05.768015,02aa60b8-30fa-45cc-90ce-706799bfffeb
52563bba-764d-417c-b875-bba0b9a8f4fc,fa6b3223-0c9a-40e9-b075-9220ef58763e,,c51518c6-29e7-4019-a2b8-22680aa3d82d,3f198622-cd7a-42ae-81de-cbf009ce08e8,aadbaae0-55ae-4574-bba5-0d12aa573bf5,2026-07-20T15:06:40.768044,Custom Deal - EverGreen Solutions,253525.24,2026-05-29T23:46:16.768059,73a569a6-1e94-43c5-ab7e-31c0c0b2a6fb,2025-11-25T09:32:39.768044,e4a0f782-d61b-4052-849d-5679c682e6e0
fb3a5295-8e00-4d13-8d2b-3a17fb04b7f2,fa6b3223-0c9a-40e9-b075-9220ef58763e,,,3f198622-cd7a-42ae-81de-cbf009ce08e8,8b84fce2-33e6-4421-9357-cf96231edc43,2026-07-04T15:13:02.768068,Enterprise Deal - IronClad Security,30487.21,2026-07-12T06:41:50.768083,4f5c97d1-2a5a-4459-bb2c-75d59167674a,2026-05-04T15:56:25.768068,e6daabab-f289-47f2-91c8-de431d5400de
76a609fe-a714-45d0-b521-b20e649af5ca,fa6b3223-0c9a-40e9-b075-9220ef58763e,,,3f198622-cd7a-42ae-81de-cbf009ce08e8,14d8ebe2-35fa-4bd3-9c90-f94ee02f9955,2026-02-04T16:30:03.768092,Enterprise Deal - Silver Stream,337821.32,2026-11-18T12:21:41.768107,056273a6-60a0-4f5f-96b3-0a1f9b494aa8,2026-01-22T08:49:56.768092,73a569a6-1e94-43c5-ab7e-31c0c0b2a6fb
cf5e1345-7c0b-4a45-9bca-1d8b28c6eb98,fa6b3223-0c9a-40e9-b075-9220ef58763e,8bbcb3eb-efb8-4945-b4ac-e77ecc1e9136,d2fae14b-c449-4c8b-9209-d1e88f97c3a9,3f198622-cd7a-42ae-81de-cbf009ce08e8,8b84fce2-33e6-4421-9357-cf96231edc43,2026-06-08T00:09:21.768118,Enterprise Deal - Pearl Analytics,310691.19,2026-06-27T01:29:20.768134,40fd4c0b-aaa5-4aad-9d10-5269ef1b800f,2026-05-11T00:59:38.768118,40fd4c0b-aaa5-4aad-9d10-5269ef1b800f
5811d621-1905-4067-acce-0489036f8322,fa6b3223-0c9a-40e9-b075-9220ef58763e,,af3bddce-5b95-47f2-8053-154054080e78,3f198622-cd7a-42ae-81de-cbf009ce08e8,a4d2b484-1dfe-4c8e-a181-666ce27e300d,2026-07-10T17:11:54.768150,Premium Deal - Prism Technologies,104754.12,2026-08-23T19:18:19.768169,70a1a11d-5ed0-4a43-ae45-a3d2f63e8213,2026-04-27T11:49:18.768150,3a7a726c-307e-4e71-8d43-f4ec0d020101
bd88ce66-ae47-4b19-9193-c72fa2568891,fa6b3223-0c9a-40e9-b075-9220ef58763e,,,3f198622-cd7a-42ae-81de-cbf009ce08e8,8b84fce2-33e6-4421-9357-cf96231edc43,2026-05-19T18:05:20.768178,Premium Deal - Prism Technologies,405382.17,2026-07-03T13:24:34.768193,02aa60b8-30fa-45cc-90ce-706799bfffeb,2025-10-19T01:26:12.768178,b0e0e9fd-ef8b-47d5-b426-0e52c2535506
231b58fc-6b85-4d52-9ff9-6c2d7092bb21,fa6b3223-0c9a-40e9-b075-9220ef58763e,70c1e884-b370-46fa-b0e1-cfcf8d6c8f3b,a2bc94f6-04e1-4a6d-a6b5-9a8dc948a8a4,3f198622-cd7a-42ae-81de-cbf009ce08e8,0d661f79-fca3-41a4-a3a6-a2e3a3aea0f4,2026-04-21T17:46:48.768203,Premium Deal - Bronze Gate,474993.31,2026-08-18T21:17:23.768219,3a7a726c-307e-4e71-8d43-f4ec0d020101,2026-03-31T12:08:00.768203,4f5c97d1-2a5a-4459-bb2c-75d59167674a
16548abf-b1b6-4ca4-8376-f21ab0c4ee5b,fa6b3223-0c9a-40e9-b075-9220ef58763e,587bfb6b-1e00-4261-91f4-6e25e9fc5dfb,,3f198622-cd7a-42ae-81de-cbf009ce08e8,dc0728f8-08cf-446b-89ac-dc7d90eabcd5,2026-07-04T14:41:00.768228,Premium Deal - Quantum Dynamics,69131.47,2026-11-16T01:26:24.768244,056273a6-60a0-4f5f-96b3-0a1f9b494aa8,2026-07-01T13:09:28.768228,40fd4c0b-aaa5-4aad-9d10-5269ef1b800f
98418f98-9747-4004-a88f-2020c5fb6d4b,fa6b3223-0c9a-40e9-b075-9220ef58763e,,,3f198622-cd7a-42ae-81de-cbf009ce08e8,8b84fce2-33e6-4421-9357-cf96231edc43,2026-05-23T13:01:53.768253,Starter Deal - TechNova Solutions,74866.05,2026-07-18T20:48:04.768272,4f5c97d1-2a5a-4459-bb2c-75d59167674a,2026-03-17T07:37:32.768253,e4a0f782-d61b-4052-849d-5679c682e6e0
a8a3f3c1-9732-4075-86c6-32a57d6bf2ae,fa6b3223-0c9a-40e9-b075-9220ef58763e,67b824e0-d0fc-4d4b-b970-079883d60770,aca3def6-2cbb-4374-b3ba-d01202bf0256,3f198622-cd7a-42ae-81de-cbf009ce08e8,dc0728f8-08cf-446b-89ac-dc7d90eabcd5,2026-05-07T04:31:37.768283,Premium Deal - Iron Mountain,287267.03,2026-11-03T09:18:19.768299,e6daabab-f289-47f2-91c8-de431d5400de,2025-11-27T17:01:07.768283,c7ad0281-d620-4eef-92e6-7a52117c0a8e
065756d0-41c9-4853-974c-4a948afecbc1,fa6b3223-0c9a-40e9-b075-9220ef58763e,3d2a503a-ccb7-4c1b-9f0d-719143c25fd1,,3f198622-cd7a-42ae-81de-cbf009ce08e8,dc0728f8-08cf-446b-89ac-dc7d90eabcd5,2026-06-03T22:45:15.768309,Custom Deal - GreenField Capital,177631.0,2026-12-29T21:50:25.768325,056273a6-60a0-4f5f-96b3-0a1f9b494aa8,2025-10-14T13:06:56.768309,e4a0f782-d61b-4052-849d-5679c682e6e0
45b73293-d24d-4722-8530-cb6d36eea76a,fa6b3223-0c9a-40e9-b075-9220ef58763e,,,3f198622-cd7a-42ae-81de-cbf009ce08e8,dc0728f8-08cf-446b-89ac-dc7d90eabcd5,2026-01-09T08:22:46.768334,Premium Deal - SilverLine Corp,98409.55,2026-08-29T03:47:44.768349,73a569a6-1e94-43c5-ab7e-31c0c0b2a6fb,2025-11-29T06:04:00.768334,3a7a726c-307e-4e71-8d43-f4ec0d020101
58469c60-d873-41be-9e7f-0c3105fbd83a,fa6b3223-0c9a-40e9-b075-9220ef58763e,,611218f1-5304-4eb4-8753-c20bfbc64ae2,3f198622-cd7a-42ae-81de-cbf009ce08e8,a4d2b484-1dfe-4c8e-a181-666ce27e300d,2026-05-03T23:19:03.768359,Growth Deal - Zenith Partners,32748.67,2026-11-17T17:11:51.768374,3a7a726c-307e-4e71-8d43-f4ec0d020101,2025-09-24T23:53:05.768359,c7ad0281-d620-4eef-92e6-7a52117c0a8e
77798ead-cce6-49b5-acdc-89d2d4092234,fa6b3223-0c9a-40e9-b075-9220ef58763e,1719c60b-a29a-44e5-9966-98b2f1c47502,,3f198622-cd7a-42ae-81de-cbf009ce08e8,a4d2b484-1dfe-4c8e-a181-666ce27e300d,2026-06-25T23:19:58.768384,Growth Deal - Ember Labs,320888.15,2026-08-25T03:45:22.768412,e6daabab-f289-47f2-91c8-de431d5400de,2026-05-08T00:40:58.768384,c5b0aadb-faf1-42c1-9dd1-d8c4c6bf6834
6f2042ff-40c3-47fa-b3f5-3eb1aa92b020,fa6b3223-0c9a-40e9-b075-9220ef58763e,,,3f198622-cd7a-42ae-81de-cbf009ce08e8,8b84fce2-33e6-4421-9357-cf96231edc43,2026-06-28T03:41:10.768430,Growth Deal - Coral Health,248727.98,2026-07-15T07:38:04.768446,3a7a726c-307e-4e71-8d43-f4ec0d020101,2026-06-01T15:11:22.768430,3a7a726c-307e-4e71-8d43-f4ec0d020101
a107458c-3395-4eb3-958a-2514a153ffc5,fa6b3223-0c9a-40e9-b075-9220ef58763e,4f7d26bd-cad0-435f-9483-32bda1d620e4,09cf40c8-4c5b-4672-9708-24c37e742e18,3f198622-cd7a-42ae-81de-cbf009ce08e8,dc0728f8-08cf-446b-89ac-dc7d90eabcd5,2026-07-08T22:59:42.768456,Starter Deal - CloudPeak Analytics,322959.84,2026-08-27T09:56:59.768471,70a1a11d-5ed0-4a43-ae45-a3d2f63e8213,2026-06-01T20:11:26.768456,40fd4c0b-aaa5-4aad-9d10-5269ef1b800f
29b41b6b-b9f4-4f17-893e-92c2439c476d,fa6b3223-0c9a-40e9-b075-9220ef58763e,,,3f198622-cd7a-42ae-81de-cbf009ce08e8,8b84fce2-33e6-4421-9357-cf96231edc43,2026-07-21T19:18:14.768480,Growth Deal - Platinum Partners,245972.8,2026-06-02T22:31:23.768495,e6daabab-f289-47f2-91c8-de431d5400de,2026-07-21T18:09:26.768480,793561a3-4c41-4b4b-9ec6-6527903d3e02
ed16f30b-c1be-427b-8c85-d047e95319ae,fa6b3223-0c9a-40e9-b075-9220ef58763e,d235d821-783f-4ddb-9f19-8c2db0660c83,,3f198622-cd7a-42ae-81de-cbf009ce08e8,0d661f79-fca3-41a4-a3a6-a2e3a3aea0f4,2026-06-21T04:31:20.768505,Growth Deal - Golden Ratio,157392.67,2026-10-13T23:44:56.768520,e4a0f782-d61b-4052-849d-5679c682e6e0,2025-08-13T02:21:56.768505,40fd4c0b-aaa5-4aad-9d10-5269ef1b800f
d8240b1c-66bf-41de-80be-06f750bada6a,fa6b3223-0c9a-40e9-b075-9220ef58763e,9f1b24bc-19b3-40e6-98c8-13ae6bab7f3b,3cc1a93a-e937-4adb-bdd4-2840f3728659,3f198622-cd7a-42ae-81de-cbf009ce08e8,dc0728f8-08cf-446b-89ac-dc7d90eabcd5,2026-02-24T13:11:10.768530,Custom Deal - CloudPeak Analytics,319713.95,2026-12-22T13:26:38.768546,3a7a726c-307e-4e71-8d43-f4ec0d020101,2025-12-27T13:52:15.768530,73a569a6-1e94-43c5-ab7e-31c0c0b2a6fb
9a7d2dd3-2b67-44fd-953b-2d26f5612c5c,fa6b3223-0c9a-40e9-b075-9220ef58763e,a1426ac7-15c1-47b7-a014-72dd613c47cb,b344e98f-71de-4a26-9c4f-93015424ddfd,3f198622-cd7a-42ae-81de-cbf009ce08e8,a4d2b484-1dfe-4c8e-a181-666ce27e300d,2026-07-30T13:57:26.768556,Starter Deal - Quantum Dynamics,186644.09,2026-12-12T07:00:19.768571,c5b0aadb-faf1-42c1-9dd1-d8c4c6bf6834,2026-05-15T10:35:27.768556,77216429-0c61-4206-8455-fea64c0b6917
6c819027-5b9a-455b-b212-f01e859fe9c4,fa6b3223-0c9a-40e9-b075-9220ef58763e,c60dfe3f-b8d7-400a-a8e9-e8d2cccfd0da,,3f198622-cd7a-42ae-81de-cbf009ce08e8,aadbaae0-55ae-4574-bba5-0d12aa573bf5,2026-02-05T10:04:38.768581,Enterprise Deal - Opal Solutions,71159.8,2026-04-28T12:51:41.768596,056273a6-60a0-4f5f-96b3-0a1f9b494aa8,2025-08-14T16:21:18.768581,c7ad0281-d620-4eef-92e6-7a52117c0a8e
b50a9da5-4e29-4d9f-9c16-694091b428b7,fa6b3223-0c9a-40e9-b075-9220ef58763e,,9585341b-7925-486f-bc71-cd4e6227c107,3f198622-cd7a-42ae-81de-cbf009ce08e8,0d661f79-fca3-41a4-a3a6-a2e3a3aea0f4,2026-05-10T18:52:22.768606,Premium Deal - Fusion Analytics,447171.26,2026-11-01T06:10:50.768621,793561a3-4c41-4b4b-9ec6-6527903d3e02,2026-02-05T17:04:13.768606,40fd4c0b-aaa5-4aad-9d10-5269ef1b800f
5a34aabe-123a-4954-b0bf-13cadc52eb75,fa6b3223-0c9a-40e9-b075-9220ef58763e,,a02b9419-c3c0-4aeb-b340-211a233be1c4,3f198622-cd7a-42ae-81de-cbf009ce08e8,8b84fce2-33e6-4421-9357-cf96231edc43,2026-06-10T03:27:43.768631,Growth Deal - Summit Analytics,426249.47,2026-06-28T05:00:40.768652,02aa60b8-30fa-45cc-90ce-706799bfffeb,2026-02-25T08:38:31.768631,056273a6-60a0-4f5f-96b3-0a1f9b494aa8
4429edd0-5433-4208-b548-3e25a123de0d,fa6b3223-0c9a-40e9-b075-9220ef58763e,1e8e19e6-8d03-4939-9a6a-36f94b3a55a5,8c049c0f-542f-48a4-a800-c0ad8369fd2f,3f198622-cd7a-42ae-81de-cbf009ce08e8,0d661f79-fca3-41a4-a3a6-a2e3a3aea0f4,2026-07-31T03:02:51.768664,Growth Deal - RedRock Ventures,318016.22,2027-01-12T16:55:28.768686,70a1a11d-5ed0-4a43-ae45-a3d2f63e8213,2026-07-18T20:01:34.768664,77216429-0c61-4206-8455-fea64c0b6917
4900ee9d-9f30-4e04-8697-90d98507c241,fa6b3223-0c9a-40e9-b075-9220ef58763e,a53deeb6-31d9-4e96-9959-80d3c707a395,20b6b9bb-87a3-49d0-b1fb-b4e953808029,3f198622-cd7a-42ae-81de-cbf009ce08e8,a4d2b484-1dfe-4c8e-a181-666ce27e300d,2026-07-15T04:18:30.768699,Enterprise Deal - Velocity Labs,41255.67,2026-08-11T19:24:47.768723,d3f2a2a5-f425-4786-ac66-99c3ddb5fe75,2026-01-17T02:27:56.768699,77216429-0c61-4206-8455-fea64c0b6917
aac8ddc0-6e22-40ee-bf4d-61e05ce56fc2,fa6b3223-0c9a-40e9-b075-9220ef58763e,529d2ef1-da43-447e-a479-858926616a09,103528cd-5b44-422e-8449-24a976b74271,3f198622-cd7a-42ae-81de-cbf009ce08e8,0d661f79-fca3-41a4-a3a6-a2e3a3aea0f4,2026-07-26T23:53:28.768734,Custom Deal - Forge Industries,25841.84,2026-08-15T07:37:49.768750,056273a6-60a0-4f5f-96b3-0a1f9b494aa8,2026-07-25T21:34:33.768734,b0e0e9fd-ef8b-47d5-b426-0e52c2535506
cec3553e-4655-4012-91f9-9df6d5a70951,fa6b3223-0c9a-40e9-b075-9220ef58763e,,c7b01c28-ca80-4532-b615-7bb01aecb2a2,3f198622-cd7a-42ae-81de-cbf009ce08e8,aadbaae0-55ae-4574-bba5-0d12aa573bf5,2026-02-01T10:15:59.768760,Enterprise Deal - Platinum Partners,350351.85,2026-05-24T13:24:47.768779,4f5c97d1-2a5a-4459-bb2c-75d59167674a,2025-08-26T04:26:28.768760,793561a3-4c41-4b4b-9ec6-6527903d3e02
09196342-28e2-4eb7-a655-39c13ba7ff0c,fa6b3223-0c9a-40e9-b075-9220ef58763e,574b6250-a15e-4791-91ca-52f8a73545cb,,3f198622-cd7a-42ae-81de-cbf009ce08e8,aadbaae0-55ae-4574-bba5-0d12aa573bf5,2026-07-28T06:22:41.768789,Premium Deal - SwiftScale,498369.26,2026-05-14T12:03:13.768805,02aa60b8-30fa-45cc-90ce-706799bfffeb,2026-04-15T11:28:02.768789,02aa60b8-30fa-45cc-90ce-706799bfffeb
1ba3d0ff-b706-4a85-9cf8-cb2348d03468,fa6b3223-0c9a-40e9-b075-9220ef58763e,f5cbcc22-2ec6-44d2-bd3b-69926e5ecc18,7baee168-db99-4c82-9468-2970df04f2b0,3f198622-cd7a-42ae-81de-cbf009ce08e8,dc0728f8-08cf-446b-89ac-dc7d90eabcd5,2026-06-26T08:13:57.768819,Starter Deal - Titan Industries,415047.75,2026-09-10T03:04:24.768835,c7ad0281-d620-4eef-92e6-7a52117c0a8e,2026-03-17T00:22:46.768819,056273a6-60a0-4f5f-96b3-0a1f9b494aa8
ebf5d734-a0cb-4fe3-951b-f9272b5d9285,fa6b3223-0c9a-40e9-b075-9220ef58763e,cfa87bf5-19b3-42f9-8570-dc4933feab3c,,3f198622-cd7a-42ae-81de-cbf009ce08e8,a4d2b484-1dfe-4c8e-a181-666ce27e300d,2026-05-04T22:50:00.768845,Enterprise Deal - Apex Innovations,395205.57,2026-11-13T15:26:50.768860,d3f2a2a5-f425-4786-ac66-99c3ddb5fe75,2026-04-14T07:43:03.768845,4f5c97d1-2a5a-4459-bb2c-75d59167674a
9d765de4-1ad9-45b3-99df-0954f29f194a,fa6b3223-0c9a-40e9-b075-9220ef58763e,,bd04a914-600e-4bd0-b880-b3f72485e2d4,3f198622-cd7a-42ae-81de-cbf009ce08e8,aadbaae0-55ae-4574-bba5-0d12aa573bf5,2026-07-28T00:40:30.768870,Custom Deal - EverGreen Solutions,135878.56,2026-05-06T00:10:15.768885,056273a6-60a0-4f5f-96b3-0a1f9b494aa8,2026-02-18T09:33:37.768870,40fd4c0b-aaa5-4aad-9d10-5269ef1b800f
8626595e-64f4-49c3-b836-62c5d05edb0f,fa6b3223-0c9a-40e9-b075-9220ef58763e,6bc7c4ad-3af2-4924-aad5-5966589340c3,ee29f385-35b1-4807-af5e-09bed7db3d4e,3f198622-cd7a-42ae-81de-cbf009ce08e8,8b84fce2-33e6-4421-9357-cf96231edc43,2026-06-13T02:32:23.768895,Growth Deal - Silver Stream,325034.54,2026-06-28T17:58:53.768910,40fd4c0b-aaa5-4aad-9d10-5269ef1b800f,2026-02-14T11:07:19.768895,4f5c97d1-2a5a-4459-bb2c-75d59167674a
38cef35f-2a26-476b-9fea-3114be720eaa,fa6b3223-0c9a-40e9-b075-9220ef58763e,99f44e17-ab0d-4e66-b713-34d656675cc6,47c2664f-bc2f-4823-9a3d-781be17999eb,3f198622-cd7a-42ae-81de-cbf009ce08e8,a4d2b484-1dfe-4c8e-a181-666ce27e300d,2026-07-08T23:44:55.768920,Premium Deal - Apex Health,327372.61,2026-12-01T07:39:42.768936,73a569a6-1e94-43c5-ab7e-31c0c0b2a6fb,2026-04-12T06:11:19.768920,70a1a11d-5ed0-4a43-ae45-a3d2f63e8213
1bf111ee-491a-4d3a-81b4-3793d5a7425d,fa6b3223-0c9a-40e9-b075-9220ef58763e,,,3f198622-cd7a-42ae-81de-cbf009ce08e8,0d661f79-fca3-41a4-a3a6-a2e3a3aea0f4,2026-07-24T15:24:50.768945,Custom Deal - SilverLine Corp,61672.16,2027-01-17T06:01:05.768960,02aa60b8-30fa-45cc-90ce-706799bfffeb,2026-07-16T01:20:14.768945,c5b0aadb-faf1-42c1-9dd1-d8c4c6bf6834
00ac793d-1a53-4467-99c6-3ab26a75ebc9,fa6b3223-0c9a-40e9-b075-9220ef58763e,93c5aab1-ebe0-41fa-88f1-b835c68e3916,,3f198622-cd7a-42ae-81de-cbf009ce08e8,0d661f79-fca3-41a4-a3a6-a2e3a3aea0f4,2026-07-30T17:31:04.768973,Starter Deal - SwiftScale,138543.73,2027-02-03T16:30:23.768990,3a7a726c-307e-4e71-8d43-f4ec0d020101,2026-07-30T04:42:58.768973,d3f2a2a5-f425-4786-ac66-99c3ddb5fe75
5455a01e-b561-49dd-abf3-1012785a31ab,fa6b3223-0c9a-40e9-b075-9220ef58763e,ee8160cc-1c06-44fa-bd4d-32dc3496c192,,3f198622-cd7a-42ae-81de-cbf009ce08e8,a4d2b484-1dfe-4c8e-a181-666ce27e300d,2026-05-24T02:18:50.768999,Enterprise Deal - Onyx Data,322016.66,2026-12-21T05:39:23.769015,40fd4c0b-aaa5-4aad-9d10-5269ef1b800f,2025-09-14T12:30:17.768999,b0e0e9fd-ef8b-47d5-b426-0e52c2535506
15f56a0d-2415-4187-8145-e7965388ea22,fa6b3223-0c9a-40e9-b075-9220ef58763e,a53deeb6-31d9-4e96-9959-80d3c707a395,,3f198622-cd7a-42ae-81de-cbf009ce08e8,dc0728f8-08cf-446b-89ac-dc7d90eabcd5,2025-11-23T04:42:00.769025,Custom Deal - Nimbus Networks,401226.32,2026-09-05T20:06:25.769040,e6daabab-f289-47f2-91c8-de431d5400de,2025-09-03T15:53:39.769025,73a569a6-1e94-43c5-ab7e-31c0c0b2a6fb
00dd7a02-bbf0-4f9b-a73d-265d75cff1b0,fa6b3223-0c9a-40e9-b075-9220ef58763e,,8c049c0f-542f-48a4-a800-c0ad8369fd2f,3f198622-cd7a-42ae-81de-cbf009ce08e8,aadbaae0-55ae-4574-bba5-0d12aa573bf5,2026-03-13T14:24:47.769050,Premium Deal - Velocity Labs,245955.47,2026-06-19T05:24:51.769065,77216429-0c61-4206-8455-fea64c0b6917,2026-02-28T19:32:15.769050,40fd4c0b-aaa5-4aad-9d10-5269ef1b800f
cbbb0142-3733-4532-ada5-4437920a36c6,fa6b3223-0c9a-40e9-b075-9220ef58763e,,,3f198622-cd7a-42ae-81de-cbf009ce08e8,0d661f79-fca3-41a4-a3a6-a2e3a3aea0f4,2026-01-05T17:03:02.769075,Premium Deal - Golden Ratio,489667.24,2026-09-28T17:26:01.769126,73a569a6-1e94-43c5-ab7e-31c0c0b2a6fb,2025-08-18T08:26:22.769075,73a569a6-1e94-43c5-ab7e-31c0c0b2a6fb
ec0018e9-3b9c-459d-a697-6c984a658288,fa6b3223-0c9a-40e9-b075-9220ef58763e,,fe6b30b3-997e-47ed-b3ed-32595be675af,3f198622-cd7a-42ae-81de-cbf009ce08e8,0d661f79-fca3-41a4-a3a6-a2e3a3aea0f4,2026-07-30T03:51:05.769154,Enterprise Deal - Opal Solutions,449884.92,2026-10-15T04:21:58.769174,73a569a6-1e94-43c5-ab7e-31c0c0b2a6fb,2025-12-30T16:39:54.769154,056273a6-60a0-4f5f-96b3-0a1f9b494aa8
cf7d13ab-1d55-4010-bb9f-78212a36647f,fa6b3223-0c9a-40e9-b075-9220ef58763e,ac7bdaa9-f53f-4243-93ae-da23fa5db19b,6c53b130-66cc-4566-aec3-668a937592f1,3f198622-cd7a-42ae-81de-cbf009ce08e8,8b84fce2-33e6-4421-9357-cf96231edc43,2026-05-26T00:48:47.769185,Growth Deal - Diamond Edge,151878.86,2026-07-04T17:04:26.769202,40fd4c0b-aaa5-4aad-9d10-5269ef1b800f,2025-10-15T03:15:33.769185,056273a6-60a0-4f5f-96b3-0a1f9b494aa8
1ba71c16-8bfc-4ea0-ab85-1cb4d2e9a4a8,fa6b3223-0c9a-40e9-b075-9220ef58763e,,a789a719-d4fa-4981-8a5a-343833b724d6,3f198622-cd7a-42ae-81de-cbf009ce08e8,aadbaae0-55ae-4574-bba5-0d12aa573bf5,2026-05-30T22:27:28.769212,Premium Deal - Titan Industries,140314.08,2026-05-29T19:51:59.769236,c5b0aadb-faf1-42c1-9dd1-d8c4c6bf6834,2025-11-20T06:51:46.769212,77216429-0c61-4206-8455-fea64c0b6917
a0e73a92-d538-425c-8c17-85d6a52be8ff,fa6b3223-0c9a-40e9-b075-9220ef58763e,0f6f0770-7bb9-45fd-8f87-2c971b081314,,3f198622-cd7a-42ae-81de-cbf009ce08e8,14d8ebe2-35fa-4bd3-9c90-f94ee02f9955,2026-06-06T18:14:56.769247,Growth Deal - Onyx Data,415470.41,2026-10-22T19:57:29.769263,40fd4c0b-aaa5-4aad-9d10-5269ef1b800f,2026-04-19T19:12:46.769247,793561a3-4c41-4b4b-9ec6-6527903d3e02
7eb1d210-0f09-4948-abe4-e748501fbd4a,fa6b3223-0c9a-40e9-b075-9220ef58763e,8aaa15c3-60ed-4e31-bc2e-428f975c9eec,7d647037-6336-4f79-b759-b539d5e77bca,3f198622-cd7a-42ae-81de-cbf009ce08e8,8b84fce2-33e6-4421-9357-cf96231edc43,2026-02-04T10:31:55.769274,Growth Deal - Summit Analytics,173617.77,2026-05-25T11:11:47.769290,e6daabab-f289-47f2-91c8-de431d5400de,2025-11-14T16:02:20.769274,70a1a11d-5ed0-4a43-ae45-a3d2f63e8213
cc50577f-43ca-4121-a10d-62cf6f314816,fa6b3223-0c9a-40e9-b075-9220ef58763e,1522574d-777a-4813-87fb-38b9a3704de4,,3f198622-cd7a-42ae-81de-cbf009ce08e8,dc0728f8-08cf-446b-89ac-dc7d90eabcd5,2026-04-14T04:53:26.769304,Enterprise Deal - Catalyst Group,120131.8,2026-10-03T08:56:29.769320,73a569a6-1e94-43c5-ab7e-31c0c0b2a6fb,2025-08-30T13:29:43.769304,73a569a6-1e94-43c5-ab7e-31c0c0b2a6fb
fcc43ea9-d227-4a39-be5e-b152f6ab96c2,fa6b3223-0c9a-40e9-b075-9220ef58763e,9d58539f-63f4-4e36-be7c-db680d7329eb,3dca97c7-85fd-4988-95fd-03296b3e1a06,3f198622-cd7a-42ae-81de-cbf009ce08e8,8b84fce2-33e6-4421-9357-cf96231edc43,2026-04-19T05:10:08.769331,Enterprise Deal - Pulse Digital,120183.55,2026-04-26T05:11:35.769348,02aa60b8-30fa-45cc-90ce-706799bfffeb,2025-08-12T13:01:32.769331,4f5c97d1-2a5a-4459-bb2c-75d59167674a
cd0dc9b0-27c8-4453-a6f6-2a2b1b39e9c6,fa6b3223-0c9a-40e9-b075-9220ef58763e,602d0221-fc06-4f92-ac91-ddc8adec9405,b344e98f-71de-4a26-9c4f-93015424ddfd,3f198622-cd7a-42ae-81de-cbf009ce08e8,a4d2b484-1dfe-4c8e-a181-666ce27e300d,2026-01-19T07:05:00.769384,Enterprise Deal - Amber Industries,78629.54,2027-01-08T15:27:06.769412,d3f2a2a5-f425-4786-ac66-99c3ddb5fe75,2025-09-07T06:52:16.769384,d3f2a2a5-f425-4786-ac66-99c3ddb5fe75
777222ed-2890-44b5-ab16-e722e4c570ca,fa6b3223-0c9a-40e9-b075-9220ef58763e,088d20db-07ac-49b0-a3c4-18bc29c1801a,eb42726a-7872-443e-abec-427dab7b41d9,3f198622-cd7a-42ae-81de-cbf009ce08e8,dc0728f8-08cf-446b-89ac-dc7d90eabcd5,2026-04-22T19:57:03.769430,Growth Deal - BrightStar Inc,329470.22,2026-09-16T05:18:03.769453,02aa60b8-30fa-45cc-90ce-706799bfffeb,2026-04-08T17:29:19.769430,73a569a6-1e94-43c5-ab7e-31c0c0b2a6fb
17e96682-dfdd-4139-9a1f-d812e031b5b8,fa6b3223-0c9a-40e9-b075-9220ef58763e,a5121c9e-d541-4316-822c-075a4cd08463,ed4f43f1-96bd-467f-bb26-defb29d8fd69,3f198622-cd7a-42ae-81de-cbf009ce08e8,dc0728f8-08cf-446b-89ac-dc7d90eabcd5,2026-07-17T01:56:00.769469,Starter Deal - Summit Analytics,422513.53,2026-10-07T12:48:28.769506,77216429-0c61-4206-8455-fea64c0b6917,2025-11-21T20:31:20.769469,e6daabab-f289-47f2-91c8-de431d5400de
da4f45b9-5e11-4db1-a2af-c84aff115586,fa6b3223-0c9a-40e9-b075-9220ef58763e,3e9e3677-8c71-4682-8156-b284e0df6664,,3f198622-cd7a-42ae-81de-cbf009ce08e8,dc0728f8-08cf-446b-89ac-dc7d90eabcd5,2026-07-31T04:57:19.769536,Premium Deal - DataFlow Systems,400900.0,2027-01-16T12:11:20.769573,70a1a11d-5ed0-4a43-ae45-a3d2f63e8213,2026-07-21T23:50:55.769536,e6daabab-f289-47f2-91c8-de431d5400de
ae1e5bdc-ff33-4e30-9018-e4858d9d879d,fa6b3223-0c9a-40e9-b075-9220ef58763e,599dfc42-df79-49bd-b46b-d26970ec5b2c,b8788630-57de-48e5-b50c-bdf87714dcc2,3f198622-cd7a-42ae-81de-cbf009ce08e8,0d661f79-fca3-41a4-a3a6-a2e3a3aea0f4,2026-07-22T17:14:32.769599,Enterprise Deal - GreenField Capital,388276.06,2026-12-20T14:50:50.769624,73a569a6-1e94-43c5-ab7e-31c0c0b2a6fb,2026-06-26T19:59:04.769599,40fd4c0b-aaa5-4aad-9d10-5269ef1b800f
d71b93e0-efea-4ccb-8d87-8845b8e47619,fa6b3223-0c9a-40e9-b075-9220ef58763e,c792b901-a5d2-47e4-b158-6c1573175df7,,3f198622-cd7a-42ae-81de-cbf009ce08e8,aadbaae0-55ae-4574-bba5-0d12aa573bf5,2026-06-17T17:38:26.769635,Growth Deal - IronClad Security,321560.8,2026-06-24T13:19:43.769682,77216429-0c61-4206-8455-fea64c0b6917,2026-04-13T02:45:31.769635,c5b0aadb-faf1-42c1-9dd1-d8c4c6bf6834
6a0f1ac6-ecf7-4b4b-a532-65759e5c500c,fa6b3223-0c9a-40e9-b075-9220ef58763e,,,3f198622-cd7a-42ae-81de-cbf009ce08e8,8b84fce2-33e6-4421-9357-cf96231edc43,2026-07-12T05:39:18.769697,Starter Deal - Vanguard Systems,209528.93,2026-08-03T08:19:06.769722,3a7a726c-307e-4e71-8d43-f4ec0d020101,2026-07-09T13:25:08.769697,d3f2a2a5-f425-4786-ac66-99c3ddb5fe75
30062f87-d92d-4a5b-9178-b618e9645f37,fa6b3223-0c9a-40e9-b075-9220ef58763e,5916ec8d-972f-4ada-af5a-7b7693d4754d,63cee9f1-4d1a-4957-b6a8-9f501e8549b3,3f198622-cd7a-42ae-81de-cbf009ce08e8,dc0728f8-08cf-446b-89ac-dc7d90eabcd5,2025-12-10T12:29:18.769738,Custom Deal - Silver Stream,71044.53,2026-09-11T03:23:52.769761,b0e0e9fd-ef8b-47d5-b426-0e52c2535506,2025-08-17T06:57:15.769738,02aa60b8-30fa-45cc-90ce-706799bfffeb
bcc11513-4e18-4706-9ba5-a80a2368f962,fa6b3223-0c9a-40e9-b075-9220ef58763e,,829e852f-7d68-409f-a1d4-6bae77d3bda5,3f198622-cd7a-42ae-81de-cbf009ce08e8,0d661f79-fca3-41a4-a3a6-a2e3a3aea0f4,2026-01-20T12:41:12.769786,Growth Deal - TechNova Solutions,385715.56,2026-12-30T02:06:45.769809,e4a0f782-d61b-4052-849d-5679c682e6e0,2025-09-30T16:16:22.769786,3a7a726c-307e-4e71-8d43-f4ec0d020101
8668f336-c4c7-4245-a7b0-18f38bdc4531,fa6b3223-0c9a-40e9-b075-9220ef58763e,cffbfd28-717d-40b3-a93d-cba8a2e20d7a,83ce337a-c89f-472a-afe8-7a2fb68774c2,3f198622-cd7a-42ae-81de-cbf009ce08e8,aadbaae0-55ae-4574-bba5-0d12aa573bf5,2026-07-03T00:11:26.769830,Custom Deal - Quantum Dynamics,15654.12,2026-07-09T14:43:36.769853,b0e0e9fd-ef8b-47d5-b426-0e52c2535506,2025-11-04T03:05:07.769830,02aa60b8-30fa-45cc-90ce-706799bfffeb
38dbfa3c-4e64-4bef-8fb8-665254fe94e0,fa6b3223-0c9a-40e9-b075-9220ef58763e,d4e9f44b-4e1c-425f-9f3f-f7620447a8d3,,3f198622-cd7a-42ae-81de-cbf009ce08e8,dc0728f8-08cf-446b-89ac-dc7d90eabcd5,2026-07-30T07:35:26.769869,Starter Deal - Pearl Analytics,143414.5,2027-02-02T16:15:22.769898,73a569a6-1e94-43c5-ab7e-31c0c0b2a6fb,2026-05-26T08:27:40.769869,c7ad0281-d620-4eef-92e6-7a52117c0a8e
cec34a1f-a219-4d75-9384-c8cdf22fc9ea,fa6b3223-0c9a-40e9-b075-9220ef58763e,906d885c-01f5-4846-8958-792734f091e5,,3f198622-cd7a-42ae-81de-cbf009ce08e8,a4d2b484-1dfe-4c8e-a181-666ce27e300d,2026-03-08T18:33:09.769918,Custom Deal - BlueShift Labs,457946.88,2027-01-06T13:56:21.769942,793561a3-4c41-4b4b-9ec6-6527903d3e02,2025-10-21T08:29:08.769918,b0e0e9fd-ef8b-47d5-b426-0e52c2535506
26dfa2b8-292d-4632-bf38-059e7e67ed81,fa6b3223-0c9a-40e9-b075-9220ef58763e,,,3f198622-cd7a-42ae-81de-cbf009ce08e8,aadbaae0-55ae-4574-bba5-0d12aa573bf5,2025-12-29T15:37:43.769953,Growth Deal - GreenField Capital,213558.42,2026-05-10T07:40:30.769968,77216429-0c61-4206-8455-fea64c0b6917,2025-10-03T11:29:40.769953,40fd4c0b-aaa5-4aad-9d10-5269ef1b800f
ac89ac9b-f0a1-41a8-98b9-1cc76243a5fa,fa6b3223-0c9a-40e9-b075-9220ef58763e,d14b74c4-4307-421f-80cf-4cf31b3ee7fb,93cdde31-5722-44a8-8418-2da506bc021e,3f198622-cd7a-42ae-81de-cbf009ce08e8,a4d2b484-1dfe-4c8e-a181-666ce27e300d,2026-06-20T02:41:52.770007,Enterprise Deal - Crystal Corp,242450.42,2026-10-15T13:28:23.770037,e6daabab-f289-47f2-91c8-de431d5400de,2026-06-07T15:22:53.770007,02aa60b8-30fa-45cc-90ce-706799bfffeb
48cd8f97-adb3-471b-86b7-1e00a1d5726f,fa6b3223-0c9a-40e9-b075-9220ef58763e,9f1b24bc-19b3-40e6-98c8-13ae6bab7f3b,c4611142-31ce-4558-9982-bd721f41197f,3f198622-cd7a-42ae-81de-cbf009ce08e8,dc0728f8-08cf-446b-89ac-dc7d90eabcd5,2026-08-05T09:10:44.770061,Growth Deal - Catalyst Group,91255.68,2026-11-12T05:37:33.770098,e4a0f782-d61b-4052-849d-5679c682e6e0,2026-08-03T05:08:34.770061,793561a3-4c41-4b4b-9ec6-6527903d3e02
c60a6099-2e4a-4998-81f7-c43051ecabbc,fa6b3223-0c9a-40e9-b075-9220ef58763e,07da7aa8-a342-458a-8221-9d125dcbae92,07f4e0cd-e8d6-42a7-943b-9a88683795b8,3f198622-cd7a-42ae-81de-cbf009ce08e8,14d8ebe2-35fa-4bd3-9c90-f94ee02f9955,2026-03-26T03:24:23.770128,Enterprise Deal - Apex Health,174034.97,2026-11-03T05:01:35.770158,40fd4c0b-aaa5-4aad-9d10-5269ef1b800f,2025-08-30T10:12:41.770128,3a7a726c-307e-4e71-8d43-f4ec0d020101
06dc0ebd-dd70-4aac-ad37-b743f92b6564,fa6b3223-0c9a-40e9-b075-9220ef58763e,,,3f198622-cd7a-42ae-81de-cbf009ce08e8,aadbaae0-55ae-4574-bba5-0d12aa573bf5,2026-07-17T10:38:24.770177,Starter Deal - IronClad Security,117955.06,2026-07-27T11:14:13.770207,02aa60b8-30fa-45cc-90ce-706799bfffeb,2026-03-01T09:34:22.770177,793561a3-4c41-4b4b-9ec6-6527903d3e02
d8f2c984-b0b8-4a35-9fa1-23d28a3358ff,fa6b3223-0c9a-40e9-b075-9220ef58763e,4c8484bc-58de-48aa-a184-01cc4146dd19,,3f198622-cd7a-42ae-81de-cbf009ce08e8,a4d2b484-1dfe-4c8e-a181-666ce27e300d,2026-03-22T12:38:05.770227,Enterprise Deal - Titan Industries,336193.98,2026-12-11T14:11:49.770252,70a1a11d-5ed0-4a43-ae45-a3d2f63e8213,2026-02-12T23:11:27.770227,b0e0e9fd-ef8b-47d5-b426-0e52c2535506
5279974e-997a-48e2-89fa-01f7d5dd3174,fa6b3223-0c9a-40e9-b075-9220ef58763e,0ea192e8-d1fc-47cc-8c5c-f3ddac2688ae,,3f198622-cd7a-42ae-81de-cbf009ce08e8,dc0728f8-08cf-446b-89ac-dc7d90eabcd5,2026-06-13T12:57:56.770285,Growth Deal - Jade Consulting,88448.35,2027-01-31T04:03:38.770322,02aa60b8-30fa-45cc-90ce-706799bfffeb,2026-02-18T08:45:45.770285,77216429-0c61-4206-8455-fea64c0b6917
f1739d39-6b45-4613-ac8e-903eddbf7e65,fa6b3223-0c9a-40e9-b075-9220ef58763e,,,3f198622-cd7a-42ae-81de-cbf009ce08e8,8b84fce2-33e6-4421-9357-cf96231edc43,2026-01-31T06:05:35.770340,Custom Deal - Golden Ratio,245317.91,2026-05-08T01:43:46.770370,c5b0aadb-faf1-42c1-9dd1-d8c4c6bf6834,2025-10-10T05:18:21.770340,70a1a11d-5ed0-4a43-ae45-a3d2f63e8213
879e8eb6-b4fb-4875-b741-f5caca8f0501,fa6b3223-0c9a-40e9-b075-9220ef58763e,,,3f198622-cd7a-42ae-81de-cbf009ce08e8,14d8ebe2-35fa-4bd3-9c90-f94ee02f9955,2026-07-30T13:11:20.770381,Premium Deal - Sapphire Tech,178553.58,2027-01-09T12:45:52.770398,793561a3-4c41-4b4b-9ec6-6527903d3e02,2026-07-29T16:33:18.770381,4f5c97d1-2a5a-4459-bb2c-75d59167674a
699ca7e2-8ab6-42c6-802a-d96d306d90de,fa6b3223-0c9a-40e9-b075-9220ef58763e,d60e8bca-364c-4b6b-8d31-432171e60708,5b4f65bb-4782-4315-87bf-a797b30632c4,3f198622-cd7a-42ae-81de-cbf009ce08e8,dc0728f8-08cf-446b-89ac-dc7d90eabcd5,2025-12-22T03:06:05.770410,Enterprise Deal - Apex Health,148837.46,2027-01-22T17:14:11.770426,3a7a726c-307e-4e71-8d43-f4ec0d020101,2025-09-09T22:49:17.770410,056273a6-60a0-4f5f-96b3-0a1f9b494aa8
85508306-bf3e-4154-95aa-80f24d5d7733,fa6b3223-0c9a-40e9-b075-9220ef58763e,b2530c93-ddf0-490e-834b-dcfa2a448526,eb42726a-7872-443e-abec-427dab7b41d9,3f198622-cd7a-42ae-81de-cbf009ce08e8,14d8ebe2-35fa-4bd3-9c90-f94ee02f9955,2026-05-29T17:52:39.770437,Growth Deal - ClearView Corp,193861.98,2026-12-09T21:00:41.770457,e4a0f782-d61b-4052-849d-5679c682e6e0,2026-04-19T15:02:35.770437,40fd4c0b-aaa5-4aad-9d10-5269ef1b800f
b5ee125e-8f1c-4e81-99c3-95ba1ed955cd,fa6b3223-0c9a-40e9-b075-9220ef58763e,2b0ae239-c57d-4636-bb33-df7d05f82e76,,3f198622-cd7a-42ae-81de-cbf009ce08e8,dc0728f8-08cf-446b-89ac-dc7d90eabcd5,2026-07-09T00:44:25.770468,Custom Deal - BrightStar Inc,483339.99,2026-11-26T14:17:41.770484,056273a6-60a0-4f5f-96b3-0a1f9b494aa8,2026-06-29T11:02:35.770468,73a569a6-1e94-43c5-ab7e-31c0c0b2a6fb
b6cff666-2fdd-4ed7-92d3-fc9a667299e4,fa6b3223-0c9a-40e9-b075-9220ef58763e,0934bac7-4889-455b-a992-0640d190dcc4,240b7f59-9e94-4e36-a5eb-ee05ae0c35d1,3f198622-cd7a-42ae-81de-cbf009ce08e8,14d8ebe2-35fa-4bd3-9c90-f94ee02f9955,2026-06-25T09:42:01.770495,Starter Deal - Sapphire Tech,310359.87,2026-12-07T05:43:42.770511,3a7a726c-307e-4e71-8d43-f4ec0d020101,2025-08-27T15:19:55.770495,3a7a726c-307e-4e71-8d43-f4ec0d020101
dc1d285f-bb98-41b7-8405-dcee60d4a47f,fa6b3223-0c9a-40e9-b075-9220ef58763e,d018ebae-ef6c-417d-afb2-79dc7aa385c6,aca3def6-2cbb-4374-b3ba-d01202bf0256,3f198622-cd7a-42ae-81de-cbf009ce08e8,8b84fce2-33e6-4421-9357-cf96231edc43,2026-08-03T16:59:55.770522,Enterprise Deal - BrightStar Inc,419680.18,2026-05-25T15:02:30.770537,793561a3-4c41-4b4b-9ec6-6527903d3e02,2026-06-11T18:23:08.770522,70a1a11d-5ed0-4a43-ae45-a3d2f63e8213
889b370a-ec17-4758-b515-f2d35e9f16f4,fa6b3223-0c9a-40e9-b075-9220ef58763e,0934bac7-4889-455b-a992-0640d190dcc4,8a1b8bab-34d0-4b83-9d10-b7e6a7822f63,3f198622-cd7a-42ae-81de-cbf009ce08e8,a4d2b484-1dfe-4c8e-a181-666ce27e300d,2026-06-24T06:18:56.770548,Growth Deal - Bronze Gate,427798.35,2026-08-14T19:42:05.770564,056273a6-60a0-4f5f-96b3-0a1f9b494aa8,2025-11-20T19:49:25.770548,70a1a11d-5ed0-4a43-ae45-a3d2f63e8213
a277a88c-0c18-4118-ba5f-8da8400c3ba7,fa6b3223-0c9a-40e9-b075-9220ef58763e,70a9a96e-dd02-4d79-9186-2a1d5e2b215d,,3f198622-cd7a-42ae-81de-cbf009ce08e8,8b84fce2-33e6-4421-9357-cf96231edc43,2026-08-01T21:48:48.770575,Premium Deal - Steel Bridge,340880.8,2026-05-24T05:28:52.770591,d3f2a2a5-f425-4786-ac66-99c3ddb5fe75,2026-07-02T11:13:06.770575,70a1a11d-5ed0-4a43-ae45-a3d2f63e8213
42058332-d715-47e2-a4ad-aa7bd38e9bc6,fa6b3223-0c9a-40e9-b075-9220ef58763e,,b42192f1-f095-4280-ac0a-b86e889a892e,3f198622-cd7a-42ae-81de-cbf009ce08e8,0d661f79-fca3-41a4-a3a6-a2e3a3aea0f4,2026-03-30T09:29:30.770605,Premium Deal - DataFlow Systems,416371.42,2026-11-24T09:59:18.770621,3a7a726c-307e-4e71-8d43-f4ec0d020101,2026-03-21T03:06:31.770605,02aa60b8-30fa-45cc-90ce-706799bfffeb
9eca9004-236c-425c-a793-ef61d045797c,fa6b3223-0c9a-40e9-b075-9220ef58763e,c89e5219-4d12-4a16-8aad-73ee0cbebb72,,3f198622-cd7a-42ae-81de-cbf009ce08e8,8b84fce2-33e6-4421-9357-cf96231edc43,2026-05-02T23:58:37.770631,Premium Deal - Platinum Partners,191902.08,2026-06-22T10:34:53.770653,c7ad0281-d620-4eef-92e6-7a52117c0a8e,2025-10-30T22:26:22.770631,3a7a726c-307e-4e71-8d43-f4ec0d020101
b94b96fd-ad4f-46ad-8107-3c68c521ad8a,fa6b3223-0c9a-40e9-b075-9220ef58763e,8c0dcbd3-402b-4609-bb98-1a3dab61498b,,3f198622-cd7a-42ae-81de-cbf009ce08e8,0d661f79-fca3-41a4-a3a6-a2e3a3aea0f4,2026-02-28T06:50:43.770663,Growth Deal - Sterling Finance,493954.79,2026-11-19T00:47:01.770683,c5b0aadb-faf1-42c1-9dd1-d8c4c6bf6834,2025-09-18T20:07:27.770663,d3f2a2a5-f425-4786-ac66-99c3ddb5fe75
f2b8cec0-8f5b-4cc4-8cbe-46767e1c94ad,fa6b3223-0c9a-40e9-b075-9220ef58763e,872af50d-eec0-4bca-b24d-f1ffe0eba487,,3f198622-cd7a-42ae-81de-cbf009ce08e8,a4d2b484-1dfe-4c8e-a181-666ce27e300d,2026-08-04T06:31:41.770694,Enterprise Deal - Topaz Digital,155526.78,2026-10-02T12:31:28.770710,4f5c97d1-2a5a-4459-bb2c-75d59167674a,2026-07-29T21:31:16.770694,c7ad0281-d620-4eef-92e6-7a52117c0a8e
b96f0146-7e0a-4ade-9bca-4a1aa07cdc60,fa6b3223-0c9a-40e9-b075-9220ef58763e,,,3f198622-cd7a-42ae-81de-cbf009ce08e8,14d8ebe2-35fa-4bd3-9c90-f94ee02f9955,2026-08-02T09:45:13.770720,Custom Deal - Onyx Data,480393.17,2027-02-01T02:05:00.770735,c5b0aadb-faf1-42c1-9dd1-d8c4c6bf6834,2026-07-23T20:36:28.770720,e4a0f782-d61b-4052-849d-5679c682e6e0
793b1c40-2d92-4a16-bc67-58d785b1ca4e,fa6b3223-0c9a-40e9-b075-9220ef58763e,,,3f198622-cd7a-42ae-81de-cbf009ce08e8,dc0728f8-08cf-446b-89ac-dc7d90eabcd5,2025-11-28T15:31:12.770744,Custom Deal - Nimbus Networks,220780.71,2026-11-16T22:29:47.770759,d3f2a2a5-f425-4786-ac66-99c3ddb5fe75,2025-09-01T15:48:27.770744,e6daabab-f289-47f2-91c8-de431d5400de
542e024e-9f8b-4b66-80f0-267dd381e679,fa6b3223-0c9a-40e9-b075-9220ef58763e,4d1ca901-35f4-4861-92e0-1a7bb17b3ea7,733ac158-1368-4753-b2e0-a5e7877aecfe,3f198622-cd7a-42ae-81de-cbf009ce08e8,0d661f79-fca3-41a4-a3a6-a2e3a3aea0f4,2026-04-01T14:48:40.770771,Enterprise Deal - Onyx Data,25329.64,2026-08-15T06:29:59.770787,e6daabab-f289-47f2-91c8-de431d5400de,2025-11-12T19:01:15.770771,793561a3-4c41-4b4b-9ec6-6527903d3e02
c5943dee-5e1b-482e-a75d-a12d62ccac4f,fa6b3223-0c9a-40e9-b075-9220ef58763e,ccde4ce6-8c60-4063-b564-9c4908e1ca3c,7599a953-fba9-444a-8e76-447d92f054da,3f198622-cd7a-42ae-81de-cbf009ce08e8,dc0728f8-08cf-446b-89ac-dc7d90eabcd5,2026-03-01T09:44:48.770797,Premium Deal - Catalyst Group,497852.46,2027-01-03T20:47:24.770813,e4a0f782-d61b-4052-849d-5679c682e6e0,2025-12-22T17:37:30.770797,c5b0aadb-faf1-42c1-9dd1-d8c4c6bf6834
8f1eef7d-e080-4a24-b1be-575cf6fe5bd7,fa6b3223-0c9a-40e9-b075-9220ef58763e,d10dba49-e0bc-4d2b-9d77-cfd6dc31cbb3,0ab93222-3be5-4438-a90a-11b1a3b734d4,3f198622-cd7a-42ae-81de-cbf009ce08e8,a4d2b484-1dfe-4c8e-a181-666ce27e300d,2026-06-24T07:18:11.770827,Custom Deal - Cobalt Systems,443007.27,2027-01-22T15:44:45.770844,056273a6-60a0-4f5f-96b3-0a1f9b494aa8,2026-04-19T11:19:13.770827,d3f2a2a5-f425-4786-ac66-99c3ddb5fe75
a98d0cb2-2c85-489d-9191-f651a88ea133,fa6b3223-0c9a-40e9-b075-9220ef58763e,0d0b9548-370d-4585-8d5d-1887fba00f77,,3f198622-cd7a-42ae-81de-cbf009ce08e8,a4d2b484-1dfe-4c8e-a181-666ce27e300d,2026-07-06T08:42:45.770854,Enterprise Deal - Opal Solutions,78006.0,2026-12-28T05:15:41.770869,77216429-0c61-4206-8455-fea64c0b6917,2026-06-19T22:50:01.770854,d3f2a2a5-f425-4786-ac66-99c3ddb5fe75
40390053-34be-4c8a-9add-9fc2ec177abd,fa6b3223-0c9a-40e9-b075-9220ef58763e,6bc7c4ad-3af2-4924-aad5-5966589340c3,3231bb93-1343-4e85-9b40-1d95a715aea1,3f198622-cd7a-42ae-81de-cbf009ce08e8,8b84fce2-33e6-4421-9357-cf96231edc43,2026-07-24T10:13:55.770884,Growth Deal - TechNova Solutions,231938.56,2026-04-28T04:45:55.770900,c7ad0281-d620-4eef-92e6-7a52117c0a8e,2026-04-01T14:56:19.770884,e6daabab-f289-47f2-91c8-de431d5400de
a9d652d0-454f-4368-8461-395478696de8,fa6b3223-0c9a-40e9-b075-9220ef58763e,769bae11-9045-4354-800b-0522d88f6cfa,72875592-c4f9-4d14-a38a-3d674a7f2f1c,3f198622-cd7a-42ae-81de-cbf009ce08e8,aadbaae0-55ae-4574-bba5-0d12aa573bf5,2025-11-30T20:51:00.770911,Custom Deal - EverGreen Solutions,200580.87,2026-05-03T14:09:01.770926,3a7a726c-307e-4e71-8d43-f4ec0d020101,2025-08-14T00:33:42.770911,c5b0aadb-faf1-42c1-9dd1-d8c4c6bf6834
2fdab36d-c8d5-40ad-b023-4c894847386a,fa6b3223-0c9a-40e9-b075-9220ef58763e,12d7580d-1951-4d44-8f5f-4c33b70de019,ac4875a8-b88f-4353-8b81-edb84ef7374e,3f198622-cd7a-42ae-81de-cbf009ce08e8,dc0728f8-08cf-446b-89ac-dc7d90eabcd5,2026-01-06T19:50:07.770938,Starter Deal - Amber Industries,152036.17,2026-11-04T22:19:01.770953,d3f2a2a5-f425-4786-ac66-99c3ddb5fe75,2025-11-21T13:14:34.770938,40fd4c0b-aaa5-4aad-9d10-5269ef1b800f
a0ad4ccd-96f5-4c89-9f50-dbc7e3a363cd,fa6b3223-0c9a-40e9-b075-9220ef58763e,,,3f198622-cd7a-42ae-81de-cbf009ce08e8,8b84fce2-33e6-4421-9357-cf96231edc43,2026-08-05T18:35:24.770963,Growth Deal - CloudPeak Analytics,140108.83,2026-07-12T07:30:57.770978,70a1a11d-5ed0-4a43-ae45-a3d2f63e8213,2026-07-22T09:02:26.770963,4f5c97d1-2a5a-4459-bb2c-75d59167674a
0d5ace80-b47e-4403-ab2b-0824d1e0fe1c,fa6b3223-0c9a-40e9-b075-9220ef58763e,f5cbcc22-2ec6-44d2-bd3b-69926e5ecc18,1f292ee6-a98d-42f6-a9eb-f4f5fef6a684,3f198622-cd7a-42ae-81de-cbf009ce08e8,aadbaae0-55ae-4574-bba5-0d12aa573bf5,2025-12-31T14:05:54.770989,Custom Deal - Apex Innovations,492407.23,2026-06-16T01:42:23.771009,77216429-0c61-4206-8455-fea64c0b6917,2025-11-21T13:22:58.770989,c5b0aadb-faf1-42c1-9dd1-d8c4c6bf6834
b102f6b3-9367-410e-a029-75c32e4b53cc,fa6b3223-0c9a-40e9-b075-9220ef58763e,2b0ae239-c57d-4636-bb33-df7d05f82e76,9c8e1fd7-3dcc-4601-9843-fa68feccd16f,3f198622-cd7a-42ae-81de-cbf009ce08e8,dc0728f8-08cf-446b-89ac-dc7d90eabcd5,2025-12-02T16:32:53.771020,Custom Deal - Pearl Analytics,105813.21,2026-11-14T13:16:39.771077,e6daabab-f289-47f2-91c8-de431d5400de,2025-10-16T00:42:25.771020,e4a0f782-d61b-4052-849d-5679c682e6e0
ec30b7d7-4530-4322-9497-2319bf27a057,fa6b3223-0c9a-40e9-b075-9220ef58763e,,,3f198622-cd7a-42ae-81de-cbf009ce08e8,8b84fce2-33e6-4421-9357-cf96231edc43,2026-07-07T21:59:27.771099,Growth Deal - NovaTech Solutions,61959.34,2026-06-06T13:17:46.771130,4f5c97d1-2a5a-4459-bb2c-75d59167674a,2026-06-11T21:52:43.771099,02aa60b8-30fa-45cc-90ce-706799bfffeb
d066975b-591b-4b75-8ae1-d16c8d49de39,fa6b3223-0c9a-40e9-b075-9220ef58763e,,,3f198622-cd7a-42ae-81de-cbf009ce08e8,14d8ebe2-35fa-4bd3-9c90-f94ee02f9955,2026-08-05T21:17:16.771141,Starter Deal - Topaz Digital,466908.57,2026-10-20T08:49:18.771160,4f5c97d1-2a5a-4459-bb2c-75d59167674a,2026-04-28T00:40:21.771141,056273a6-60a0-4f5f-96b3-0a1f9b494aa8
4dd86a2a-c7e0-4701-b23f-dd3afc97add9,fa6b3223-0c9a-40e9-b075-9220ef58763e,24b6ab4d-ffb4-4f84-9387-578d133ada6f,72875592-c4f9-4d14-a38a-3d674a7f2f1c,3f198622-cd7a-42ae-81de-cbf009ce08e8,0d661f79-fca3-41a4-a3a6-a2e3a3aea0f4,2026-07-09T08:25:30.771171,Premium Deal - Cobalt Systems,32076.04,2026-12-17T03:19:05.771188,40fd4c0b-aaa5-4aad-9d10-5269ef1b800f,2026-04-18T18:03:29.771171,4f5c97d1-2a5a-4459-bb2c-75d59167674a
d4df197a-879b-444e-8872-3bfb897b1518,fa6b3223-0c9a-40e9-b075-9220ef58763e,3b448772-57c5-4f63-82d7-3dd6eadb5249,815acb82-0916-4daf-b197-e3eb93d169c0,3f198622-cd7a-42ae-81de-cbf009ce08e8,14d8ebe2-35fa-4bd3-9c90-f94ee02f9955,2026-08-06T08:54:12.771199,Custom Deal - IronClad Security,1184.1,2026-08-30T14:40:28.771217,b0e0e9fd-ef8b-47d5-b426-0e52c2535506,2026-08-05T22:16:33.771199,4f5c97d1-2a5a-4459-bb2c-75d59167674a
11813d85-a5a0-42a7-a54c-82138098dbf2,fa6b3223-0c9a-40e9-b075-9220ef58763e,,,3f198622-cd7a-42ae-81de-cbf009ce08e8,0d661f79-fca3-41a4-a3a6-a2e3a3aea0f4,2026-07-31T20:10:16.771234,Starter Deal - NexGen Software,268842.34,2026-11-05T04:24:16.771250,73a569a6-1e94-43c5-ab7e-31c0c0b2a6fb,2026-07-14T00:39:05.771234,056273a6-60a0-4f5f-96b3-0a1f9b494aa8
ce8ebed8-f6bc-4ee2-9ef5-17d18b82747c,fa6b3223-0c9a-40e9-b075-9220ef58763e,4f64dde1-c3b5-4e97-97c0-ece5f9ee6165,877c817e-7094-4edb-9b68-1f8315bb41d7,3f198622-cd7a-42ae-81de-cbf009ce08e8,14d8ebe2-35fa-4bd3-9c90-f94ee02f9955,2026-01-11T20:21:58.771261,Starter Deal - Forge Industries,298443.54,2026-10-14T09:16:11.771278,056273a6-60a0-4f5f-96b3-0a1f9b494aa8,2025-12-30T12:11:32.771261,e6daabab-f289-47f2-91c8-de431d5400de
fd6bffb7-07bc-44e0-8a33-301b5473b476,fa6b3223-0c9a-40e9-b075-9220ef58763e,132debf9-6926-45fa-85bb-f8ee5ad025b4,,3f198622-cd7a-42ae-81de-cbf009ce08e8,aadbaae0-55ae-4574-bba5-0d12aa573bf5,2026-07-28T04:35:45.771293,Growth Deal - Opal Solutions,26199.06,2026-06-23T12:51:42.771310,c7ad0281-d620-4eef-92e6-7a52117c0a8e,2026-07-17T08:13:01.771293,77216429-0c61-4206-8455-fea64c0b6917
8593ee45-747c-4d9f-81b5-a6f76d6e9e78,fa6b3223-0c9a-40e9-b075-9220ef58763e,ad895347-3e48-4087-abd9-63cd93f7bdb1,,3f198622-cd7a-42ae-81de-cbf009ce08e8,dc0728f8-08cf-446b-89ac-dc7d90eabcd5,2026-06-12T12:20:37.771320,Custom Deal - CloudPeak Analytics,234393.63,2026-09-26T16:54:40.771336,3a7a726c-307e-4e71-8d43-f4ec0d020101,2025-10-05T06:58:00.771320,77216429-0c61-4206-8455-fea64c0b6917
b386edaa-e97d-44ed-852e-c90940c1bc07,fa6b3223-0c9a-40e9-b075-9220ef58763e,7b1af95e-aeda-4412-a302-f0c605ae416a,,3f198622-cd7a-42ae-81de-cbf009ce08e8,aadbaae0-55ae-4574-bba5-0d12aa573bf5,2026-02-24T14:45:04.771348,Premium Deal - Iron Mountain,129414.6,2026-05-02T12:21:21.771363,e4a0f782-d61b-4052-849d-5679c682e6e0,2026-01-26T07:48:48.771348,40fd4c0b-aaa5-4aad-9d10-5269ef1b800f
a4c0462f-4df3-4cc9-8caa-28919a26178f,fa6b3223-0c9a-40e9-b075-9220ef58763e,,,3f198622-cd7a-42ae-81de-cbf009ce08e8,dc0728f8-08cf-446b-89ac-dc7d90eabcd5,2026-06-21T12:19:48.771373,Custom Deal - Ember Labs,110217.2,2027-01-08T11:32:10.771388,02aa60b8-30fa-45cc-90ce-706799bfffeb,2025-12-12T14:15:48.771373,d3f2a2a5-f425-4786-ac66-99c3ddb5fe75
bea376ec-b004-448e-af2b-c78ee4df25fd,fa6b3223-0c9a-40e9-b075-9220ef58763e,b97ec580-1e16-401f-a8e6-74168cb9d391,,3f198622-cd7a-42ae-81de-cbf009ce08e8,14d8ebe2-35fa-4bd3-9c90-f94ee02f9955,2026-04-04T14:29:03.771398,Custom Deal - SilverLine Corp,190530.44,2026-11-08T13:17:29.771414,77216429-0c61-4206-8455-fea64c0b6917,2025-09-15T04:17:39.771398,70a1a11d-5ed0-4a43-ae45-a3d2f63e8213
6e16918e-0640-4e02-9ce8-fc9acfe5a28e,fa6b3223-0c9a-40e9-b075-9220ef58763e,86051dd6-5ede-4b64-a345-c2f3b938c61f,,3f198622-cd7a-42ae-81de-cbf009ce08e8,8b84fce2-33e6-4421-9357-cf96231edc43,2026-01-27T08:14:37.771424,Starter Deal - EverGreen Solutions,487499.51,2026-05-09T21:46:24.771440,4f5c97d1-2a5a-4459-bb2c-75d59167674a,2025-12-11T08:21:17.771424,e4a0f782-d61b-4052-849d-5679c682e6e0
a60f8131-b49c-4508-a144-e7a5e195d03d,fa6b3223-0c9a-40e9-b075-9220ef58763e,178868c1-6c81-4a18-a7ad-7369b74f7f6b,,3f198622-cd7a-42ae-81de-cbf009ce08e8,8b84fce2-33e6-4421-9357-cf96231edc43,2026-06-25T16:22:56.771450,Starter Deal - TechNova Solutions,298750.87,2026-05-28T19:25:39.771465,c7ad0281-d620-4eef-92e6-7a52117c0a8e,2026-04-28T12:32:33.771450,4f5c97d1-2a5a-4459-bb2c-75d59167674a
f758e1c6-d2ea-41f7-86c3-6ef63d34a7cd,fa6b3223-0c9a-40e9-b075-9220ef58763e,0b76319e-d697-411e-be37-a4ea9c5335c2,402c1b9b-1e15-42f2-a86b-5ec55dc2bdcf,3f198622-cd7a-42ae-81de-cbf009ce08e8,aadbaae0-55ae-4574-bba5-0d12aa573bf5,2026-07-25T05:04:27.771476,Growth Deal - SilverLine Corp,59859.58,2026-08-05T22:45:52.771514,77216429-0c61-4206-8455-fea64c0b6917,2026-07-13T15:50:03.771476,056273a6-60a0-4f5f-96b3-0a1f9b494aa8
a4338fb5-8d78-426d-874f-d6bfb19a8f80,fa6b3223-0c9a-40e9-b075-9220ef58763e,,,3f198622-cd7a-42ae-81de-cbf009ce08e8,8b84fce2-33e6-4421-9357-cf96231edc43,2026-07-24T00:30:48.771544,Enterprise Deal - Sterling Finance,372443.47,2026-05-12T20:19:16.771573,e6daabab-f289-47f2-91c8-de431d5400de,2026-07-02T02:26:46.771544,e6daabab-f289-47f2-91c8-de431d5400de
7faa790f-f72e-4102-9bdc-70afbe416c9c,fa6b3223-0c9a-40e9-b075-9220ef58763e,c9347f26-bc24-4aa5-9ce8-1907946d6f2c,,3f198622-cd7a-42ae-81de-cbf009ce08e8,a4d2b484-1dfe-4c8e-a181-666ce27e300d,2026-05-21T13:24:19.771589,Starter Deal - CloudPeak Analytics,487785.97,2026-09-16T15:42:58.771616,73a569a6-1e94-43c5-ab7e-31c0c0b2a6fb,2026-04-08T14:03:34.771589,e4a0f782-d61b-4052-849d-5679c682e6e0
63fdb836-7209-4427-964c-0ef6cb203147,fa6b3223-0c9a-40e9-b075-9220ef58763e,28a55873-0ede-41b3-96fa-2205f25b2731,,3f198622-cd7a-42ae-81de-cbf009ce08e8,14d8ebe2-35fa-4bd3-9c90-f94ee02f9955,2026-05-20T02:33:24.771639,Custom Deal - Golden Ratio,291362.82,2026-10-28T01:46:36.771673,c7ad0281-d620-4eef-92e6-7a52117c0a8e,2026-01-25T11:35:59.771639,056273a6-60a0-4f5f-96b3-0a1f9b494aa8
be7b0685-0c30-4f48-970a-d47987813a2d,fa6b3223-0c9a-40e9-b075-9220ef58763e,491ef7e5-62e9-424b-b090-ca5f5e49ede4,,3f198622-cd7a-42ae-81de-cbf009ce08e8,8b84fce2-33e6-4421-9357-cf96231edc43,2026-07-23T21:42:02.771692,Premium Deal - Golden Ratio,419960.37,2026-05-27T16:42:13.771718,77216429-0c61-4206-8455-fea64c0b6917,2025-10-06T08:35:09.771692,c7ad0281-d620-4eef-92e6-7a52117c0a8e
a5426029-03ac-486f-ad60-a6d7adcddcd3,fa6b3223-0c9a-40e9-b075-9220ef58763e,5e9a9987-2a2a-46f9-a267-a586f7dbad89,f9623602-691d-4eee-a971-6c0fc01e4ad2,3f198622-cd7a-42ae-81de-cbf009ce08e8,14d8ebe2-35fa-4bd3-9c90-f94ee02f9955,2026-05-08T07:13:00.771743,Starter Deal - Cobalt Systems,62375.77,2027-01-01T22:17:00.771814,73a569a6-1e94-43c5-ab7e-31c0c0b2a6fb,2025-12-06T23:30:49.771743,77216429-0c61-4206-8455-fea64c0b6917
86918dd0-309f-4063-9e6b-cf1f48c2eeae,fa6b3223-0c9a-40e9-b075-9220ef58763e,,,3f198622-cd7a-42ae-81de-cbf009ce08e8,14d8ebe2-35fa-4bd3-9c90-f94ee02f9955,2026-08-01T18:35:47.771838,Growth Deal - Cobalt Systems,421089.33,2027-01-10T20:40:41.771871,c5b0aadb-faf1-42c1-9dd1-d8c4c6bf6834,2026-03-31T09:38:06.771838,70a1a11d-5ed0-4a43-ae45-a3d2f63e8213
d5078725-b8f3-4be1-b01c-0e378c260da0,fa6b3223-0c9a-40e9-b075-9220ef58763e,,,3f198622-cd7a-42ae-81de-cbf009ce08e8,14d8ebe2-35fa-4bd3-9c90-f94ee02f9955,2026-08-06T18:22:53.771896,Custom Deal - Ember Labs,309051.31,2026-10-26T17:17:39.771913,e4a0f782-d61b-4052-849d-5679c682e6e0,2026-08-05T11:40:59.771896,40fd4c0b-aaa5-4aad-9d10-5269ef1b800f
c2943d79-5edf-49a5-abcc-f989192eca5f,fa6b3223-0c9a-40e9-b075-9220ef58763e,,,3f198622-cd7a-42ae-81de-cbf009ce08e8,dc0728f8-08cf-446b-89ac-dc7d90eabcd5,2026-07-21T16:49:09.771923,Starter Deal - BlueShift Labs,261578.19,2026-10-15T23:07:58.771939,73a569a6-1e94-43c5-ab7e-31c0c0b2a6fb,2026-06-30T15:12:57.771923,77216429-0c61-4206-8455-fea64c0b6917
ec01d1e1-585a-4518-8dc1-565c772e5185,fa6b3223-0c9a-40e9-b075-9220ef58763e,61155463-e137-44a9-a6f8-ff09c76d169e,f316a829-25f6-47b6-937c-6126ffda7047,3f198622-cd7a-42ae-81de-cbf009ce08e8,a4d2b484-1dfe-4c8e-a181-666ce27e300d,2026-04-22T12:27:54.771951,Starter Deal - Pulse Digital,385338.0,2026-09-29T23:48:47.771968,c7ad0281-d620-4eef-92e6-7a52117c0a8e,2026-02-04T00:28:53.771951,4f5c97d1-2a5a-4459-bb2c-75d59167674a
b6189df0-618e-4291-954d-6f41295cfbb0,fa6b3223-0c9a-40e9-b075-9220ef58763e,6c66a961-ce77-4e5f-971c-5ca845ffed47,103528cd-5b44-422e-8449-24a976b74271,3f198622-cd7a-42ae-81de-cbf009ce08e8,14d8ebe2-35fa-4bd3-9c90-f94ee02f9955,2026-07-28T11:30:34.771980,Premium Deal - Quantum Dynamics,395772.5,2027-01-19T02:16:48.771996,40fd4c0b-aaa5-4aad-9d10-5269ef1b800f,2026-05-19T15:43:31.771980,d3f2a2a5-f425-4786-ac66-99c3ddb5fe75
6755c9ed-5243-41ad-be06-2480cf3bddb3,fa6b3223-0c9a-40e9-b075-9220ef58763e,2b066fad-c3ae-4102-82c9-0522bfe16105,,3f198622-cd7a-42ae-81de-cbf009ce08e8,dc0728f8-08cf-446b-89ac-dc7d90eabcd5,2026-05-23T13:37:32.772010,Enterprise Deal - IronClad Security,174948.06,2026-11-08T03:12:35.772026,73a569a6-1e94-43c5-ab7e-31c0c0b2a6fb,2026-02-03T17:59:09.772010,056273a6-60a0-4f5f-96b3-0a1f9b494aa8
099ce3ae-b2ee-4810-ae63-53fd499226f7,fa6b3223-0c9a-40e9-b075-9220ef58763e,d44ecaf5-a65c-439b-93fa-507e774b343f,a4b84b0f-36f3-43b0-9cf6-852209983f68,3f198622-cd7a-42ae-81de-cbf009ce08e8,0d661f79-fca3-41a4-a3a6-a2e3a3aea0f4,2026-07-14T18:05:36.772038,Premium Deal - Apex Health,421393.81,2026-11-09T19:06:08.772056,70a1a11d-5ed0-4a43-ae45-a3d2f63e8213,2026-06-06T18:23:13.772038,c7ad0281-d620-4eef-92e6-7a52117c0a8e
1b874a70-afb1-4a9d-9a06-735adae3e898,fa6b3223-0c9a-40e9-b075-9220ef58763e,,9f8acb45-e4c1-467c-9529-6132954fb7a2,3f198622-cd7a-42ae-81de-cbf009ce08e8,14d8ebe2-35fa-4bd3-9c90-f94ee02f9955,2026-05-29T01:34:29.772072,Starter Deal - Catalyst Group,464983.05,2026-11-18T09:29:50.772090,d3f2a2a5-f425-4786-ac66-99c3ddb5fe75,2026-04-03T15:48:01.772072,e4a0f782-d61b-4052-849d-5679c682e6e0
04f9e572-5d8b-4391-b1a4-0897bf40b43e,fa6b3223-0c9a-40e9-b075-9220ef58763e,,,3f198622-cd7a-42ae-81de-cbf009ce08e8,dc0728f8-08cf-446b-89ac-dc7d90eabcd5,2026-03-28T18:55:34.772100,Premium Deal - Ember Labs,308050.6,2026-10-31T00:40:15.772115,70a1a11d-5ed0-4a43-ae45-a3d2f63e8213,2025-12-13T08:00:02.772100,b0e0e9fd-ef8b-47d5-b426-0e52c2535506
6d105976-1b8f-4d21-93c5-7455a53ea3af,fa6b3223-0c9a-40e9-b075-9220ef58763e,defd86bb-9229-44b3-a6fd-ea36c9eae185,ec618da9-bd35-406a-9b0a-9176982625ee,3f198622-cd7a-42ae-81de-cbf009ce08e8,0d661f79-fca3-41a4-a3a6-a2e3a3aea0f4,2026-03-09T21:38:02.772126,Premium Deal - CloudPeak Analytics,286864.39,2026-08-28T19:05:00.772144,77216429-0c61-4206-8455-fea64c0b6917,2026-03-06T09:57:34.772126,d3f2a2a5-f425-4786-ac66-99c3ddb5fe75
a9d8c9e5-e974-44f5-adc3-330b1eb7648a,fa6b3223-0c9a-40e9-b075-9220ef58763e,,2861585b-18f7-4c88-8334-ee624c932dcb,3f198622-cd7a-42ae-81de-cbf009ce08e8,aadbaae0-55ae-4574-bba5-0d12aa573bf5,2026-07-13T23:50:15.772155,Growth Deal - Crystal Clear,82030.89,2026-05-25T02:09:34.772171,02aa60b8-30fa-45cc-90ce-706799bfffeb,2026-03-19T21:53:59.772155,793561a3-4c41-4b4b-9ec6-6527903d3e02
70924384-8c1d-46bf-96c4-fba5e41024c0,fa6b3223-0c9a-40e9-b075-9220ef58763e,,,3f198622-cd7a-42ae-81de-cbf009ce08e8,dc0728f8-08cf-446b-89ac-dc7d90eabcd5,2026-06-18T01:48:26.772181,Starter Deal - NovaTech Solutions,409963.2,2026-08-08T08:40:17.772196,70a1a11d-5ed0-4a43-ae45-a3d2f63e8213,2026-03-01T21:04:52.772181,e6daabab-f289-47f2-91c8-de431d5400de
728781b9-858b-4076-9504-8b38e9b3d5b8,fa6b3223-0c9a-40e9-b075-9220ef58763e,,dba737eb-f848-4fa0-abd5-50c4a4c7a949,3f198622-cd7a-42ae-81de-cbf009ce08e8,0d661f79-fca3-41a4-a3a6-a2e3a3aea0f4,2026-07-03T10:59:39.772206,Starter Deal - Apex Health,373408.7,2027-01-04T03:03:49.772222,d3f2a2a5-f425-4786-ac66-99c3ddb5fe75,2026-06-23T05:16:49.772206,b0e0e9fd-ef8b-47d5-b426-0e52c2535506
5fecc0ac-454d-40de-80ea-99479a7be663,fa6b3223-0c9a-40e9-b075-9220ef58763e,,ff198bcf-051e-4901-9c3b-99220f92cdd7,3f198622-cd7a-42ae-81de-cbf009ce08e8,0d661f79-fca3-41a4-a3a6-a2e3a3aea0f4,2026-01-17T16:25:33.772232,Starter Deal - DataFlow Systems,258874.95,2026-10-18T12:53:43.772248,70a1a11d-5ed0-4a43-ae45-a3d2f63e8213,2025-09-09T18:35:40.772232,70a1a11d-5ed0-4a43-ae45-a3d2f63e8213
f9a2c783-5a4d-488c-945a-db65ae4cb617,fa6b3223-0c9a-40e9-b075-9220ef58763e,64e1f9d2-8631-4b68-8b40-b9ea51b5a41a,,3f198622-cd7a-42ae-81de-cbf009ce08e8,8b84fce2-33e6-4421-9357-cf96231edc43,2026-08-06T11:52:13.772258,Starter Deal - Copper Systems,456420.82,2026-08-04T04:24:19.772278,c7ad0281-d620-4eef-92e6-7a52117c0a8e,2026-07-30T09:47:43.772258,02aa60b8-30fa-45cc-90ce-706799bfffeb
69393f83-824f-4bda-af96-b02f9b027ed2,fa6b3223-0c9a-40e9-b075-9220ef58763e,,b7b7ddc6-b3bb-4783-80be-00209fa8dbb4,3f198622-cd7a-42ae-81de-cbf009ce08e8,0d661f79-fca3-41a4-a3a6-a2e3a3aea0f4,2026-05-13T17:01:12.772298,Custom Deal - Amber Industries,398036.41,2026-11-28T10:04:19.772315,4f5c97d1-2a5a-4459-bb2c-75d59167674a,2026-01-27T09:45:08.772298,056273a6-60a0-4f5f-96b3-0a1f9b494aa8
c221ac7d-ce86-4330-8f6e-9f5d2efce483,fa6b3223-0c9a-40e9-b075-9220ef58763e,f306ca24-4d63-4c9d-a1ed-2ffb0509cad5,0ab93222-3be5-4438-a90a-11b1a3b734d4,3f198622-cd7a-42ae-81de-cbf009ce08e8,a4d2b484-1dfe-4c8e-a181-666ce27e300d,2026-06-11T10:58:54.772326,Premium Deal - ClearView Corp,152030.98,2026-12-18T02:25:16.772341,c5b0aadb-faf1-42c1-9dd1-d8c4c6bf6834,2026-05-21T01:32:56.772326,e6daabab-f289-47f2-91c8-de431d5400de
75531134-72da-428b-81a8-9c5bc0a8c1a9,fa6b3223-0c9a-40e9-b075-9220ef58763e,,,3f198622-cd7a-42ae-81de-cbf009ce08e8,8b84fce2-33e6-4421-9357-cf96231edc43,2026-04-29T04:18:22.772351,Premium Deal - Apex Health,60366.06,2026-04-19T08:43:32.772367,e4a0f782-d61b-4052-849d-5679c682e6e0,2026-03-15T04:12:46.772351,e6daabab-f289-47f2-91c8-de431d5400de
54429fd3-b983-40c5-bf5a-d500faa5f5c3,fa6b3223-0c9a-40e9-b075-9220ef58763e,e8decd04-902e-408f-b1d6-f6cc5cd15db1,3820a91f-b06c-4faa-a629-a0fe5ea76e19,3f198622-cd7a-42ae-81de-cbf009ce08e8,14d8ebe2-35fa-4bd3-9c90-f94ee02f9955,2026-08-02T06:11:45.772378,Growth Deal - Platinum Partners,215434.23,2026-08-24T14:27:13.772394,056273a6-60a0-4f5f-96b3-0a1f9b494aa8,2025-10-20T04:00:40.772378,c5b0aadb-faf1-42c1-9dd1-d8c4c6bf6834
04ef1340-5aa3-4514-b0f1-2091cb091626,fa6b3223-0c9a-40e9-b075-9220ef58763e,d1086264-5cd2-4bbb-a14c-757b37b202b6,,3f198622-cd7a-42ae-81de-cbf009ce08e8,0d661f79-fca3-41a4-a3a6-a2e3a3aea0f4,2026-05-28T19:15:12.772404,Custom Deal - NexGen Software,13389.32,2026-11-10T01:21:21.772420,70a1a11d-5ed0-4a43-ae45-a3d2f63e8213,2026-02-28T06:42:34.772404,b0e0e9fd-ef8b-47d5-b426-0e52c2535506
7bb94054-23dd-445a-a6a2-56108fcef57f,fa6b3223-0c9a-40e9-b075-9220ef58763e,b6f75c0c-862c-4b64-b216-a7112273a38d,,3f198622-cd7a-42ae-81de-cbf009ce08e8,dc0728f8-08cf-446b-89ac-dc7d90eabcd5,2026-05-06T15:09:33.772430,Premium Deal - Opal Solutions,101263.56,2026-09-13T04:55:36.772445,e6daabab-f289-47f2-91c8-de431d5400de,2025-12-07T23:18:39.772430,40fd4c0b-aaa5-4aad-9d10-5269ef1b800f
3b9bb829-a575-48d9-9aea-20ce91c66668,fa6b3223-0c9a-40e9-b075-9220ef58763e,3fbb73f8-dbb9-4aca-9921-46fcf899a1c5,04c1c3a8-8da9-452e-97cc-cb17e6171f5e,3f198622-cd7a-42ae-81de-cbf009ce08e8,14d8ebe2-35fa-4bd3-9c90-f94ee02f9955,2026-05-27T12:37:34.772456,Premium Deal - Atlas Computing,124115.37,2026-11-01T17:38:57.772472,40fd4c0b-aaa5-4aad-9d10-5269ef1b800f,2025-12-07T07:04:29.772456,77216429-0c61-4206-8455-fea64c0b6917
ff63ae6e-db66-461e-8f8f-fca20978362d,fa6b3223-0c9a-40e9-b075-9220ef58763e,d4b3a8eb-985f-48be-82f1-46b1ffffa750,ebc731e6-3bd1-4099-a902-796566605b2b,3f198622-cd7a-42ae-81de-cbf009ce08e8,aadbaae0-55ae-4574-bba5-0d12aa573bf5,2026-05-26T03:10:16.772482,Enterprise Deal - Topaz Digital,405133.96,2026-04-29T00:49:05.772498,e4a0f782-d61b-4052-849d-5679c682e6e0,2025-11-23T14:32:44.772482,c7ad0281-d620-4eef-92e6-7a52117c0a8e
ffe3c0a8-b06a-4b6d-b244-1079358357b9,fa6b3223-0c9a-40e9-b075-9220ef58763e,208237d5-d221-4494-b8e4-ab5977d487cb,77be1261-650c-4702-beb7-30d5843270fd,3f198622-cd7a-42ae-81de-cbf009ce08e8,dc0728f8-08cf-446b-89ac-dc7d90eabcd5,2026-07-14T05:10:54.772509,Growth Deal - SwiftScale,289069.75,2026-10-09T01:36:09.772524,b0e0e9fd-ef8b-47d5-b426-0e52c2535506,2026-05-11T12:10:10.772509,70a1a11d-5ed0-4a43-ae45-a3d2f63e8213
8eea319c-c8cd-4f35-9d08-5b39c4f6e209,fa6b3223-0c9a-40e9-b075-9220ef58763e,,,3f198622-cd7a-42ae-81de-cbf009ce08e8,14d8ebe2-35fa-4bd3-9c90-f94ee02f9955,2026-05-13T05:30:18.772534,Enterprise Deal - Sapphire Tech,158420.71,2026-08-23T19:43:49.772549,e4a0f782-d61b-4052-849d-5679c682e6e0,2025-11-26T23:43:24.772534,c7ad0281-d620-4eef-92e6-7a52117c0a8e
73cb146b-689c-40f0-af98-3408c52edad6,fa6b3223-0c9a-40e9-b075-9220ef58763e,,3a7185fd-0884-45d9-be26-638730eedec4,3f198622-cd7a-42ae-81de-cbf009ce08e8,8b84fce2-33e6-4421-9357-cf96231edc43,2026-06-23T21:14:07.772563,Starter Deal - Crystal Clear,263336.87,2026-07-08T18:11:39.772578,4f5c97d1-2a5a-4459-bb2c-75d59167674a,2026-01-17T03:26:56.772563,d3f2a2a5-f425-4786-ac66-99c3ddb5fe75
989d728a-569a-4244-b102-60b83332e0ff,fa6b3223-0c9a-40e9-b075-9220ef58763e,0487683e-6a34-4abf-bc3c-08f4039f9787,,3f198622-cd7a-42ae-81de-cbf009ce08e8,8b84fce2-33e6-4421-9357-cf96231edc43,2026-02-20T12:44:35.772589,Premium Deal - Silver Stream,87517.45,2026-05-20T22:29:12.772605,70a1a11d-5ed0-4a43-ae45-a3d2f63e8213,2025-10-08T02:49:09.772589,793561a3-4c41-4b4b-9ec6-6527903d3e02
e45b4da9-08ab-4237-838a-1ec04471c258,fa6b3223-0c9a-40e9-b075-9220ef58763e,51d96df4-a66f-4b82-b288-d2a802128996,,3f198622-cd7a-42ae-81de-cbf009ce08e8,8b84fce2-33e6-4421-9357-cf96231edc43,2026-08-07T11:07:03.772619,Custom Deal - Quantum Dynamics,60233.44,2026-06-13T07:21:53.772633,4f5c97d1-2a5a-4459-bb2c-75d59167674a,2026-08-07T11:07:03.772619,e6daabab-f289-47f2-91c8-de431d5400de
276832fc-5ec9-47da-8b2c-a14e3632fcb4,fa6b3223-0c9a-40e9-b075-9220ef58763e,,,3f198622-cd7a-42ae-81de-cbf009ce08e8,14d8ebe2-35fa-4bd3-9c90-f94ee02f9955,2026-06-06T04:44:59.772649,Starter Deal - GreenField Capital,71799.02,2027-01-09T22:08:29.772664,73a569a6-1e94-43c5-ab7e-31c0c0b2a6fb,2025-11-04T01:30:52.772649,73a569a6-1e94-43c5-ab7e-31c0c0b2a6fb
43ea4468-a86b-4236-b9c6-acccdcf8bfbc,fa6b3223-0c9a-40e9-b075-9220ef58763e,0974d269-47a7-48b3-8315-95cb53effc0d,611218f1-5304-4eb4-8753-c20bfbc64ae2,3f198622-cd7a-42ae-81de-cbf009ce08e8,0d661f79-fca3-41a4-a3a6-a2e3a3aea0f4,2026-08-06T07:04:53.772675,Custom Deal - Quantum Dynamics,76714.39,2026-12-02T09:56:33.772692,4f5c97d1-2a5a-4459-bb2c-75d59167674a,2026-06-19T18:42:23.772675,73a569a6-1e94-43c5-ab7e-31c0c0b2a6fb
11a6fce3-63a6-43c4-8de5-421e1e4df4ce,fa6b3223-0c9a-40e9-b075-9220ef58763e,,,3f198622-cd7a-42ae-81de-cbf009ce08e8,dc0728f8-08cf-446b-89ac-dc7d90eabcd5,2026-06-24T07:33:44.772701,Premium Deal - Apex Health,373030.89,2026-12-21T08:47:18.772717,40fd4c0b-aaa5-4aad-9d10-5269ef1b800f,2026-02-25T19:46:31.772701,02aa60b8-30fa-45cc-90ce-706799bfffeb
f605360c-dac2-42d2-9938-d8d64a028dbd,fa6b3223-0c9a-40e9-b075-9220ef58763e,24bec1a0-3cec-42de-9ed5-99a8d301da02,,3f198622-cd7a-42ae-81de-cbf009ce08e8,dc0728f8-08cf-446b-89ac-dc7d90eabcd5,2026-07-21T02:20:21.772727,Premium Deal - Ember Labs,36618.49,2027-01-02T02:00:53.772743,73a569a6-1e94-43c5-ab7e-31c0c0b2a6fb,2026-06-27T01:09:29.772727,c5b0aadb-faf1-42c1-9dd1-d8c4c6bf6834
73e58d8b-cffa-47b0-8015-6e2edf5e9016,fa6b3223-0c9a-40e9-b075-9220ef58763e,9ac666c9-d930-4700-a891-028267ddca7e,bd04a914-600e-4bd0-b880-b3f72485e2d4,3f198622-cd7a-42ae-81de-cbf009ce08e8,8b84fce2-33e6-4421-9357-cf96231edc43,2026-01-15T01:11:16.772753,Premium Deal - Bronze Gate,363867.32,2026-06-08T09:43:25.772769,e4a0f782-d61b-4052-849d-5679c682e6e0,2025-10-07T12:32:58.772753,70a1a11d-5ed0-4a43-ae45-a3d2f63e8213
4c28174e-5054-44e8-9bcc-56c66c1da470,fa6b3223-0c9a-40e9-b075-9220ef58763e,,1afc76c8-2e82-48d7-a9f7-265b480a7ac2,3f198622-cd7a-42ae-81de-cbf009ce08e8,dc0728f8-08cf-446b-89ac-dc7d90eabcd5,2026-07-28T00:16:20.772803,Premium Deal - Pulse Digital,95256.77,2026-10-17T02:25:24.772838,e4a0f782-d61b-4052-849d-5679c682e6e0,2026-07-20T02:40:27.772803,793561a3-4c41-4b4b-9ec6-6527903d3e02
9944b765-7b44-4dd2-8772-f30611b6e0e5,fa6b3223-0c9a-40e9-b075-9220ef58763e,1309970c-57cf-45d4-b7a3-7fdc71cda411,4dd3de89-bdff-45c8-acb6-b56540da2c92,3f198622-cd7a-42ae-81de-cbf009ce08e8,8b84fce2-33e6-4421-9357-cf96231edc43,2026-07-18T04:11:47.772860,Premium Deal - Apex Health,275625.99,2026-05-02T20:48:23.772888,b0e0e9fd-ef8b-47d5-b426-0e52c2535506,2026-06-27T18:52:54.772860,e4a0f782-d61b-4052-849d-5679c682e6e0
bb84d265-0d1a-4935-ae42-d50af94c0d4d,fa6b3223-0c9a-40e9-b075-9220ef58763e,c540bad2-fb23-4a4d-b307-f513db892bce,53f37759-6a59-4ce2-b7df-dbe6836801a1,3f198622-cd7a-42ae-81de-cbf009ce08e8,14d8ebe2-35fa-4bd3-9c90-f94ee02f9955,2026-04-10T04:47:55.772905,Starter Deal - Ember Labs,388424.36,2026-11-15T08:23:50.772922,73a569a6-1e94-43c5-ab7e-31c0c0b2a6fb,2025-10-13T19:17:04.772905,e6daabab-f289-47f2-91c8-de431d5400de
bc5c9ec6-33f9-44ce-94df-afeaffdda870,fa6b3223-0c9a-40e9-b075-9220ef58763e,,1d3a9d9d-fbb3-448a-84b3-2068db07a387,3f198622-cd7a-42ae-81de-cbf009ce08e8,aadbaae0-55ae-4574-bba5-0d12aa573bf5,2025-12-19T08:36:50.772932,Premium Deal - Amber Industries,208754.84,2026-05-04T17:02:52.772948,02aa60b8-30fa-45cc-90ce-706799bfffeb,2025-12-14T09:59:28.772932,056273a6-60a0-4f5f-96b3-0a1f9b494aa8
ecd465f7-7407-470d-8de8-0340357bdfac,fa6b3223-0c9a-40e9-b075-9220ef58763e,ca4cb6a1-0cdb-49a4-9547-a2be13e17dec,e575cb67-02bb-4d63-9016-53344045e829,3f198622-cd7a-42ae-81de-cbf009ce08e8,14d8ebe2-35fa-4bd3-9c90-f94ee02f9955,2026-02-23T14:40:13.772958,Starter Deal - Velocity Labs,420987.12,2026-12-15T13:57:54.772978,c5b0aadb-faf1-42c1-9dd1-d8c4c6bf6834,2026-02-23T06:57:27.772958,77216429-0c61-4206-8455-fea64c0b6917
eea6fa3b-2f85-4e3e-9251-af15b12d702d,fa6b3223-0c9a-40e9-b075-9220ef58763e,f8d8f846-131c-4cb1-a4ba-2351b9451a82,,3f198622-cd7a-42ae-81de-cbf009ce08e8,14d8ebe2-35fa-4bd3-9c90-f94ee02f9955,2026-06-04T07:52:18.772988,Premium Deal - RedRock Ventures,401109.55,2026-12-09T16:01:20.773004,77216429-0c61-4206-8455-fea64c0b6917,2026-01-24T09:14:03.772988,c7ad0281-d620-4eef-92e6-7a52117c0a8e
7f20118a-9d5a-4b7e-91df-063bc9767c4c,fa6b3223-0c9a-40e9-b075-9220ef58763e,822ddd98-bc10-4070-8c5b-5e65a44c8a49,,3f198622-cd7a-42ae-81de-cbf009ce08e8,aadbaae0-55ae-4574-bba5-0d12aa573bf5,2026-08-06T07:00:17.773015,Starter Deal - RedRock Ventures,403129.02,2026-04-20T07:04:37.773035,b0e0e9fd-ef8b-47d5-b426-0e52c2535506,2026-08-05T20:41:24.773015,793561a3-4c41-4b4b-9ec6-6527903d3e02
89ceb907-64cc-4fe3-b101-37e1735f80fd,fa6b3223-0c9a-40e9-b075-9220ef58763e,608764ff-ebf7-4dc8-ba16-b3de5f4bd918,611218f1-5304-4eb4-8753-c20bfbc64ae2,3f198622-cd7a-42ae-81de-cbf009ce08e8,8b84fce2-33e6-4421-9357-cf96231edc43,2026-05-18T15:22:07.773046,Enterprise Deal - SwiftScale,329056.92,2026-05-29T12:50:57.773067,c7ad0281-d620-4eef-92e6-7a52117c0a8e,2026-04-07T09:46:45.773046,02aa60b8-30fa-45cc-90ce-706799bfffeb
1c60747c-c22e-418a-a1bf-cda6dbe68af2,fa6b3223-0c9a-40e9-b075-9220ef58763e,,f6658d62-fae6-4a3b-9897-6cd561cb9609,3f198622-cd7a-42ae-81de-cbf009ce08e8,aadbaae0-55ae-4574-bba5-0d12aa573bf5,2026-06-12T03:19:44.773078,Premium Deal - Topaz Digital,205018.21,2026-05-13T00:35:15.773093,4f5c97d1-2a5a-4459-bb2c-75d59167674a,2026-06-06T23:12:46.773078,056273a6-60a0-4f5f-96b3-0a1f9b494aa8
6d05eb11-f917-4397-bf39-af096307e74d,fa6b3223-0c9a-40e9-b075-9220ef58763e,5928359f-14bf-4a86-8bde-993147a4103f,,3f198622-cd7a-42ae-81de-cbf009ce08e8,aadbaae0-55ae-4574-bba5-0d12aa573bf5,2026-08-01T08:18:54.773103,Custom Deal - Bronze Gate,177478.51,2026-07-16T23:03:18.773123,b0e0e9fd-ef8b-47d5-b426-0e52c2535506,2026-07-03T17:01:10.773103,02aa60b8-30fa-45cc-90ce-706799bfffeb
388e4275-2da1-4360-88ac-e0a3bda9cda0,fa6b3223-0c9a-40e9-b075-9220ef58763e,,ea5eea54-7b43-4cd2-bf7f-6a7777e53341,3f198622-cd7a-42ae-81de-cbf009ce08e8,8b84fce2-33e6-4421-9357-cf96231edc43,2026-07-31T09:34:48.773132,Starter Deal - Forge Industries,300715.58,2026-05-08T07:31:56.773150,02aa60b8-30fa-45cc-90ce-706799bfffeb,2026-06-30T21:53:19.773132,056273a6-60a0-4f5f-96b3-0a1f9b494aa8
effaf6e2-caff-426f-beba-1768a18b66ee,fa6b3223-0c9a-40e9-b075-9220ef58763e,be264c3e-f20c-4e6f-9d27-3dc7b603a09f,b30d085c-df71-4503-a93e-d8833d0bbd03,3f198622-cd7a-42ae-81de-cbf009ce08e8,8b84fce2-33e6-4421-9357-cf96231edc43,2025-11-20T13:52:53.773161,Custom Deal - Ruby Software,385889.41,2026-06-16T23:36:19.773177,77216429-0c61-4206-8455-fea64c0b6917,2025-11-07T08:02:01.773161,02aa60b8-30fa-45cc-90ce-706799bfffeb
b4e9852b-67ea-44ba-b539-ad12ccc6f4de,fa6b3223-0c9a-40e9-b075-9220ef58763e,3954230a-5c19-4f74-8dbf-33d0e9c5356f,,3f198622-cd7a-42ae-81de-cbf009ce08e8,8b84fce2-33e6-4421-9357-cf96231edc43,2026-08-04T05:44:08.773194,Custom Deal - Vanguard Systems,362603.08,2026-04-30T11:08:10.773210,40fd4c0b-aaa5-4aad-9d10-5269ef1b800f,2026-03-07T22:01:31.773194,02aa60b8-30fa-45cc-90ce-706799bfffeb
6b788945-4870-4339-af57-c223b64bcd5e,fa6b3223-0c9a-40e9-b075-9220ef58763e,,da83e8a9-c491-42c6-aa20-43e625cab466,3f198622-cd7a-42ae-81de-cbf009ce08e8,aadbaae0-55ae-4574-bba5-0d12aa573bf5,2026-06-23T07:37:00.773220,Starter Deal - SwiftScale,454617.02,2026-04-19T11:35:09.773235,793561a3-4c41-4b4b-9ec6-6527903d3e02,2025-10-17T05:39:18.773220,e4a0f782-d61b-4052-849d-5679c682e6e0
8e044830-b45f-47b7-ba71-4513f50eed22,fa6b3223-0c9a-40e9-b075-9220ef58763e,aec4ebeb-9f81-44eb-98d3-84d8f7f3d64d,9a9556a7-5ef7-4140-82ad-284744a7d1c2,3f198622-cd7a-42ae-81de-cbf009ce08e8,a4d2b484-1dfe-4c8e-a181-666ce27e300d,2026-03-23T12:07:35.773246,Premium Deal - Velocity Labs,485322.07,2026-10-31T13:53:23.773262,3a7a726c-307e-4e71-8d43-f4ec0d020101,2025-09-29T20:29:46.773246,73a569a6-1e94-43c5-ab7e-31c0c0b2a6fb
8179171f-a6d3-4819-aeeb-18f5a898df84,fa6b3223-0c9a-40e9-b075-9220ef58763e,5c899993-a862-4459-8176-aed21b71bb07,2861585b-18f7-4c88-8334-ee624c932dcb,3f198622-cd7a-42ae-81de-cbf009ce08e8,a4d2b484-1dfe-4c8e-a181-666ce27e300d,2026-05-15T11:46:30.773273,Growth Deal - Pulse Digital,68957.04,2026-12-31T02:39:21.773289,70a1a11d-5ed0-4a43-ae45-a3d2f63e8213,2025-08-26T14:35:36.773273,e4a0f782-d61b-4052-849d-5679c682e6e0
9f6448e2-f5f5-4ff1-9e36-b5369b19bf97,fa6b3223-0c9a-40e9-b075-9220ef58763e,aef0d214-c757-495f-ab7b-a167f46feeb8,,3f198622-cd7a-42ae-81de-cbf009ce08e8,0d661f79-fca3-41a4-a3a6-a2e3a3aea0f4,2025-10-28T23:56:31.773299,Growth Deal - BlueShift Labs,171294.61,2026-08-07T07:00:46.773315,73a569a6-1e94-43c5-ab7e-31c0c0b2a6fb,2025-08-29T22:52:23.773299,056273a6-60a0-4f5f-96b3-0a1f9b494aa8
a578a5b1-bb2b-4606-b0f4-12ed41a63754,fa6b3223-0c9a-40e9-b075-9220ef58763e,3b2a29e0-6804-44c5-b2c7-cec20a318b4a,04c1c3a8-8da9-452e-97cc-cb17e6171f5e,3f198622-cd7a-42ae-81de-cbf009ce08e8,0d661f79-fca3-41a4-a3a6-a2e3a3aea0f4,2026-06-02T08:30:01.773325,Growth Deal - SwiftScale,490046.97,2026-10-10T20:49:59.773341,793561a3-4c41-4b4b-9ec6-6527903d3e02,2026-05-19T00:12:33.773325,3a7a726c-307e-4e71-8d43-f4ec0d020101
045e4274-ef0f-423d-a1c7-e9482994ce4a,fa6b3223-0c9a-40e9-b075-9220ef58763e,d993f25e-19c5-466c-8363-c38bdbd5eda9,,3f198622-cd7a-42ae-81de-cbf009ce08e8,a4d2b484-1dfe-4c8e-a181-666ce27e300d,2025-11-22T13:24:36.773351,Premium Deal - Steel Bridge,336850.94,2026-08-16T11:26:07.773367,b0e0e9fd-ef8b-47d5-b426-0e52c2535506,2025-10-24T07:56:14.773351,056273a6-60a0-4f5f-96b3-0a1f9b494aa8
9052b826-e54c-4cf3-99d2-afd314dc1595,fa6b3223-0c9a-40e9-b075-9220ef58763e,a4556cae-1e21-44fa-a9aa-6eb09405d57f,7157e819-8036-4fc3-95c9-37a593b3305a,3f198622-cd7a-42ae-81de-cbf009ce08e8,14d8ebe2-35fa-4bd3-9c90-f94ee02f9955,2026-06-24T14:00:15.773378,Custom Deal - Ruby Software,386148.65,2027-01-30T00:23:49.773394,73a569a6-1e94-43c5-ab7e-31c0c0b2a6fb,2026-05-08T18:37:23.773378,77216429-0c61-4206-8455-fea64c0b6917
84cc63d4-6195-4cc2-878a-dc525eafdad5,fa6b3223-0c9a-40e9-b075-9220ef58763e,aa82444a-cdc7-406e-9d08-2b76f621df1f,,3f198622-cd7a-42ae-81de-cbf009ce08e8,14d8ebe2-35fa-4bd3-9c90-f94ee02f9955,2026-04-12T11:29:50.773408,Enterprise Deal - Copper Systems,77205.36,2027-01-16T04:50:13.773424,c7ad0281-d620-4eef-92e6-7a52117c0a8e,2025-11-25T17:13:09.773408,c5b0aadb-faf1-42c1-9dd1-d8c4c6bf6834
993c83d3-6670-45f4-b4f3-e8cb0884a3d7,fa6b3223-0c9a-40e9-b075-9220ef58763e,3ca97b02-04c6-4b2f-9e0e-2c35762abdf6,,3f198622-cd7a-42ae-81de-cbf009ce08e8,8b84fce2-33e6-4421-9357-cf96231edc43,2026-02-23T12:30:07.773434,Growth Deal - Sapphire Tech,174142.16,2026-06-15T16:54:20.773449,b0e0e9fd-ef8b-47d5-b426-0e52c2535506,2025-11-17T06:35:36.773434,4f5c97d1-2a5a-4459-bb2c-75d59167674a
a216f294-c344-4718-8ff9-c013584178d7,fa6b3223-0c9a-40e9-b075-9220ef58763e,122ef815-1f03-4df2-9b3e-7e4c3b2dd0aa,,3f198622-cd7a-42ae-81de-cbf009ce08e8,a4d2b484-1dfe-4c8e-a181-666ce27e300d,2026-06-07T00:38:07.773463,Custom Deal - Ember Labs,383208.71,2026-10-08T11:18:02.773478,3a7a726c-307e-4e71-8d43-f4ec0d020101,2025-12-22T12:15:16.773463,73a569a6-1e94-43c5-ab7e-31c0c0b2a6fb
8f60a3aa-526f-4576-884e-d9bb5ed7bde8,fa6b3223-0c9a-40e9-b075-9220ef58763e,,,3f198622-cd7a-42ae-81de-cbf009ce08e8,a4d2b484-1dfe-4c8e-a181-666ce27e300d,2026-06-08T01:32:28.773488,Enterprise Deal - Quantum Dynamics,207497.18,2026-10-02T06:44:51.773503,4f5c97d1-2a5a-4459-bb2c-75d59167674a,2026-03-09T13:36:19.773488,056273a6-60a0-4f5f-96b3-0a1f9b494aa8
adc03ed2-dffb-4183-9a58-a3ab9f66b746,fa6b3223-0c9a-40e9-b075-9220ef58763e,,,3f198622-cd7a-42ae-81de-cbf009ce08e8,8b84fce2-33e6-4421-9357-cf96231edc43,2026-06-08T07:47:17.773513,Starter Deal - Pulse Digital,367525.75,2026-06-12T14:11:35.773528,b0e0e9fd-ef8b-47d5-b426-0e52c2535506,2025-08-19T12:43:35.773513,70a1a11d-5ed0-4a43-ae45-a3d2f63e8213
2aba05c9-8c97-4c20-babc-0e6ac220c739,fa6b3223-0c9a-40e9-b075-9220ef58763e,,,3f198622-cd7a-42ae-81de-cbf009ce08e8,a4d2b484-1dfe-4c8e-a181-666ce27e300d,2026-04-29T01:38:19.773537,Starter Deal - Forge Industries,82785.71,2026-11-23T07:12:38.773552,3a7a726c-307e-4e71-8d43-f4ec0d020101,2026-04-18T08:49:05.773537,793561a3-4c41-4b4b-9ec6-6527903d3e02
5d28948d-a59b-4037-9c05-7fec8db7e7ca,fa6b3223-0c9a-40e9-b075-9220ef58763e,70ddba31-0f46-423a-9efa-bbb289eb81b9,,3f198622-cd7a-42ae-81de-cbf009ce08e8,0d661f79-fca3-41a4-a3a6-a2e3a3aea0f4,2026-05-18T10:41:23.773562,Enterprise Deal - Platinum Partners,339493.34,2026-12-17T21:37:11.773578,793561a3-4c41-4b4b-9ec6-6527903d3e02,2026-02-21T07:05:29.773562,40fd4c0b-aaa5-4aad-9d10-5269ef1b800f
62690dc9-ce10-4350-912d-d58a9fe58f42,fa6b3223-0c9a-40e9-b075-9220ef58763e,45541576-0a75-4160-a321-9d43581f969c,,3f198622-cd7a-42ae-81de-cbf009ce08e8,14d8ebe2-35fa-4bd3-9c90-f94ee02f9955,2026-08-03T01:13:01.773588,Premium Deal - Diamond Edge,335179.0,2026-08-24T14:59:31.773603,40fd4c0b-aaa5-4aad-9d10-5269ef1b800f,2026-07-22T17:13:05.773588,d3f2a2a5-f425-4786-ac66-99c3ddb5fe75
264e4dca-eed9-4943-9155-821bbe8d2d68,fa6b3223-0c9a-40e9-b075-9220ef58763e,d1086264-5cd2-4bbb-a14c-757b37b202b6,b4b6134c-c44f-478f-9fcc-b13ac76c8f42,3f198622-cd7a-42ae-81de-cbf009ce08e8,a4d2b484-1dfe-4c8e-a181-666ce27e300d,2026-05-27T00:46:47.773613,Custom Deal - Fusion Analytics,350022.15,2026-11-18T10:25:31.773629,c7ad0281-d620-4eef-92e6-7a52117c0a8e,2026-03-10T03:21:09.773613,4f5c97d1-2a5a-4459-bb2c-75d59167674a
bc83fccf-143d-48a4-ae67-141d5eefbf63,fa6b3223-0c9a-40e9-b075-9220ef58763e,d474e1a7-be61-49fd-9b0b-e4cfb011db10,,3f198622-cd7a-42ae-81de-cbf009ce08e8,dc0728f8-08cf-446b-89ac-dc7d90eabcd5,2026-06-11T12:33:42.773638,Custom Deal - Topaz Digital,133675.56,2026-09-26T09:17:26.773659,77216429-0c61-4206-8455-fea64c0b6917,2026-03-22T21:21:36.773638,c7ad0281-d620-4eef-92e6-7a52117c0a8e
76c2a6bb-4c17-43b7-afa2-8db937be62c3,fa6b3223-0c9a-40e9-b075-9220ef58763e,8b1750a0-0113-4cd6-83a4-ea48f9bd66dc,e29c67ca-cb89-47d0-95a5-334e3acd8202,3f198622-cd7a-42ae-81de-cbf009ce08e8,14d8ebe2-35fa-4bd3-9c90-f94ee02f9955,2026-05-20T11:42:56.773671,Enterprise Deal - Crystal Corp,341747.86,2027-01-14T02:48:17.773686,c5b0aadb-faf1-42c1-9dd1-d8c4c6bf6834,2026-04-24T06:56:51.773671,b0e0e9fd-ef8b-47d5-b426-0e52c2535506
26d69c29-0b37-4ca6-88ee-651f0414f7bb,fa6b3223-0c9a-40e9-b075-9220ef58763e,4c84c0fe-0e75-4e8c-bec6-c946ab67ef34,,3f198622-cd7a-42ae-81de-cbf009ce08e8,aadbaae0-55ae-4574-bba5-0d12aa573bf5,2026-04-25T10:40:51.773696,Starter Deal - GreenField Capital,314257.86,2026-07-26T02:59:54.773712,73a569a6-1e94-43c5-ab7e-31c0c0b2a6fb,2025-12-16T22:55:01.773696,77216429-0c61-4206-8455-fea64c0b6917
902d6b8f-9327-4693-9dbd-58d7196c98b7,fa6b3223-0c9a-40e9-b075-9220ef58763e,2199040d-25f6-4865-93e1-06a245fe0395,f755d989-01c7-486f-bc9f-f0a71ea8f1df,3f198622-cd7a-42ae-81de-cbf009ce08e8,aadbaae0-55ae-4574-bba5-0d12aa573bf5,2025-08-23T21:08:30.773727,Starter Deal - CloudPeak Analytics,55794.57,2026-06-23T16:46:16.773743,70a1a11d-5ed0-4a43-ae45-a3d2f63e8213,2025-08-16T14:42:33.773727,02aa60b8-30fa-45cc-90ce-706799bfffeb
f6d7b392-7f60-4816-a030-044011093c38,fa6b3223-0c9a-40e9-b075-9220ef58763e,9b62753d-a08c-437b-ad90-7279032b8d9c,1a96df7d-472c-4fdc-8f0b-b8de35533dc3,3f198622-cd7a-42ae-81de-cbf009ce08e8,14d8ebe2-35fa-4bd3-9c90-f94ee02f9955,2026-03-25T07:55:22.773754,Starter Deal - Onyx Data,189474.19,2026-08-24T03:32:09.773769,02aa60b8-30fa-45cc-90ce-706799bfffeb,2026-02-25T05:40:21.773754,056273a6-60a0-4f5f-96b3-0a1f9b494aa8
eec0246c-1440-4c2a-887a-874c66f59ec1,fa6b3223-0c9a-40e9-b075-9220ef58763e,5577f942-7fab-4fa0-9564-d215e4674259,,3f198622-cd7a-42ae-81de-cbf009ce08e8,dc0728f8-08cf-446b-89ac-dc7d90eabcd5,2026-06-11T05:54:15.773782,Enterprise Deal - Onyx Data,298191.73,2026-11-24T20:00:46.773798,c5b0aadb-faf1-42c1-9dd1-d8c4c6bf6834,2026-02-28T20:17:06.773782,e4a0f782-d61b-4052-849d-5679c682e6e0
66ab59c8-0c06-4a12-8a41-ffb22e38dcb5,fa6b3223-0c9a-40e9-b075-9220ef58763e,,53f37759-6a59-4ce2-b7df-dbe6836801a1,3f198622-cd7a-42ae-81de-cbf009ce08e8,0d661f79-fca3-41a4-a3a6-a2e3a3aea0f4,2026-08-05T12:56:21.773808,Growth Deal - Amber Industries,144971.46,2026-09-22T14:36:17.773823,c7ad0281-d620-4eef-92e6-7a52117c0a8e,2026-05-11T02:14:25.773808,056273a6-60a0-4f5f-96b3-0a1f9b494aa8
de40c312-516e-4156-8241-ba5ea6074533,fa6b3223-0c9a-40e9-b075-9220ef58763e,edd02674-1b00-4d2e-b60b-45ca39ef143c,,3f198622-cd7a-42ae-81de-cbf009ce08e8,a4d2b484-1dfe-4c8e-a181-666ce27e300d,2025-12-15T12:03:27.773833,Starter Deal - Pulse Digital,120229.81,2026-08-12T05:05:02.773848,c7ad0281-d620-4eef-92e6-7a52117c0a8e,2025-11-30T08:17:23.773833,d3f2a2a5-f425-4786-ac66-99c3ddb5fe75
f33499ec-c6d8-4b7e-b4d2-4510b08ea93d,fa6b3223-0c9a-40e9-b075-9220ef58763e,72e221b5-ca32-4314-80bd-fd4219b0abba,382ee394-74bb-433a-be02-76f27e7bb58c,3f198622-cd7a-42ae-81de-cbf009ce08e8,dc0728f8-08cf-446b-89ac-dc7d90eabcd5,2026-06-17T12:08:32.773858,Enterprise Deal - Vanguard Systems,102726.48,2027-01-27T10:38:33.773874,4f5c97d1-2a5a-4459-bb2c-75d59167674a,2026-05-10T19:42:40.773858,40fd4c0b-aaa5-4aad-9d10-5269ef1b800f
72ed94e6-715d-4bca-9814-96693f7f4264,fa6b3223-0c9a-40e9-b075-9220ef58763e,ebcecf21-8351-499f-93f4-1e9607cfcfe8,ac4875a8-b88f-4353-8b81-edb84ef7374e,3f198622-cd7a-42ae-81de-cbf009ce08e8,a4d2b484-1dfe-4c8e-a181-666ce27e300d,2026-06-10T21:33:35.773884,Custom Deal - Crystal Clear,193449.58,2026-10-25T21:43:15.773900,73a569a6-1e94-43c5-ab7e-31c0c0b2a6fb,2026-05-25T16:15:41.773884,c5b0aadb-faf1-42c1-9dd1-d8c4c6bf6834
b51d836e-766c-47f7-8cfa-9d4111b4dff4,fa6b3223-0c9a-40e9-b075-9220ef58763e,e976a3a1-5b76-436a-a0e2-dc60403b2acc,,3f198622-cd7a-42ae-81de-cbf009ce08e8,0d661f79-fca3-41a4-a3a6-a2e3a3aea0f4,2026-08-02T07:03:56.773910,Enterprise Deal - Pearl Analytics,241740.22,2026-12-13T04:16:28.773926,e4a0f782-d61b-4052-849d-5679c682e6e0,2026-07-27T04:26:35.773910,3a7a726c-307e-4e71-8d43-f4ec0d020101
1d57d22a-5243-4f95-8d91-a35e153809eb,fa6b3223-0c9a-40e9-b075-9220ef58763e,,,3f198622-cd7a-42ae-81de-cbf009ce08e8,14d8ebe2-35fa-4bd3-9c90-f94ee02f9955,2025-11-11T09:13:39.773935,Enterprise Deal - SilverLine Corp,147534.33,2026-08-07T01:47:36.773953,793561a3-4c41-4b4b-9ec6-6527903d3e02,2025-09-10T04:15:03.773935,73a569a6-1e94-43c5-ab7e-31c0c0b2a6fb
2c07b86b-f442-4328-8ce4-5f5a3c0cb458,fa6b3223-0c9a-40e9-b075-9220ef58763e,d496e17b-8382-4ca7-8c6a-3bf7e5f69c54,,3f198622-cd7a-42ae-81de-cbf009ce08e8,8b84fce2-33e6-4421-9357-cf96231edc43,2026-04-18T16:46:10.773963,Enterprise Deal - Copper Systems,423909.47,2026-07-09T22:58:40.773979,c7ad0281-d620-4eef-92e6-7a52117c0a8e,2025-11-13T22:24:07.773963,4f5c97d1-2a5a-4459-bb2c-75d59167674a
d12b7cb1-86cc-4f40-ab68-73101bf8dc9e,fa6b3223-0c9a-40e9-b075-9220ef58763e,3fbb73f8-dbb9-4aca-9921-46fcf899a1c5,,3f198622-cd7a-42ae-81de-cbf009ce08e8,0d661f79-fca3-41a4-a3a6-a2e3a3aea0f4,2026-06-15T23:27:55.773993,Starter Deal - Apex Innovations,275443.15,2026-08-08T04:47:10.774008,e4a0f782-d61b-4052-849d-5679c682e6e0,2025-11-23T11:54:42.773993,3a7a726c-307e-4e71-8d43-f4ec0d020101
40ab73dd-9407-4043-aaf5-5df9fea8628f,fa6b3223-0c9a-40e9-b075-9220ef58763e,5a8d89c0-f7c8-4962-966f-bb25dd04976b,d0e12c86-23fd-4063-a39d-22d29608a2e8,3f198622-cd7a-42ae-81de-cbf009ce08e8,dc0728f8-08cf-446b-89ac-dc7d90eabcd5,2026-07-02T12:46:15.774018,Starter Deal - Vanguard Systems,241422.58,2026-08-08T11:32:20.774033,e4a0f782-d61b-4052-849d-5679c682e6e0,2026-03-08T02:45:19.774018,77216429-0c61-4206-8455-fea64c0b6917
2b9a5196-826f-4548-a9df-826dc42c74d7,fa6b3223-0c9a-40e9-b075-9220ef58763e,3dc28f63-9346-474e-a78b-1cdad20cb3e9,,3f198622-cd7a-42ae-81de-cbf009ce08e8,8b84fce2-33e6-4421-9357-cf96231edc43,2026-07-20T14:09:29.774043,Premium Deal - SwiftScale,170581.59,2026-05-26T07:45:19.774058,c5b0aadb-faf1-42c1-9dd1-d8c4c6bf6834,2026-07-11T18:26:23.774043,793561a3-4c41-4b4b-9ec6-6527903d3e02
eb478e5c-f536-4adf-88e8-d14af205e6b8,fa6b3223-0c9a-40e9-b075-9220ef58763e,95546834-d0ef-4a81-aca1-084a8eeca30c,,3f198622-cd7a-42ae-81de-cbf009ce08e8,a4d2b484-1dfe-4c8e-a181-666ce27e300d,2026-06-23T23:42:55.774068,Premium Deal - Catalyst Group,8716.61,2027-01-01T01:47:41.774084,c5b0aadb-faf1-42c1-9dd1-d8c4c6bf6834,2026-02-04T22:17:00.774068,c5b0aadb-faf1-42c1-9dd1-d8c4c6bf6834
029bf10c-ff60-491d-9f63-950d6e7a6018,fa6b3223-0c9a-40e9-b075-9220ef58763e,,,3f198622-cd7a-42ae-81de-cbf009ce08e8,aadbaae0-55ae-4574-bba5-0d12aa573bf5,2026-04-05T18:18:39.774093,Premium Deal - Silver Stream,171918.61,2026-07-30T15:04:47.774108,73a569a6-1e94-43c5-ab7e-31c0c0b2a6fb,2026-01-29T22:21:21.774093,70a1a11d-5ed0-4a43-ae45-a3d2f63e8213
e6a513bb-72df-499d-9c89-9cdfa9008977,fa6b3223-0c9a-40e9-b075-9220ef58763e,,66cca206-2845-47b8-abe7-baac618dcd9f,3f198622-cd7a-42ae-81de-cbf009ce08e8,8b84fce2-33e6-4421-9357-cf96231edc43,2026-06-03T09:06:53.774118,Enterprise Deal - Iron Mountain,151054.9,2026-06-08T14:30:13.774137,c7ad0281-d620-4eef-92e6-7a52117c0a8e,2026-01-30T11:18:42.774118,793561a3-4c41-4b4b-9ec6-6527903d3e02
26317fb2-d5f1-406c-b477-2718130e84de,fa6b3223-0c9a-40e9-b075-9220ef58763e,,f26d04be-0df9-40d4-9acb-c1af27f0b036,3f198622-cd7a-42ae-81de-cbf009ce08e8,dc0728f8-08cf-446b-89ac-dc7d90eabcd5,2025-11-15T05:43:11.774150,Custom Deal - Summit Analytics,278093.02,2026-09-04T07:36:43.774166,4f5c97d1-2a5a-4459-bb2c-75d59167674a,2025-10-22T02:08:39.774150,70a1a11d-5ed0-4a43-ae45-a3d2f63e8213
73c56cc4-1089-40f2-b29e-276bba00b789,fa6b3223-0c9a-40e9-b075-9220ef58763e,db9ce6de-0ada-468f-9f0b-b295f3722d24,,3f198622-cd7a-42ae-81de-cbf009ce08e8,a4d2b484-1dfe-4c8e-a181-666ce27e300d,2026-05-02T23:31:38.774176,Premium Deal - RedRock Ventures,145169.06,2026-09-05T12:15:34.774191,c5b0aadb-faf1-42c1-9dd1-d8c4c6bf6834,2026-04-17T05:19:15.774176,02aa60b8-30fa-45cc-90ce-706799bfffeb
7e73f120-8900-436c-b2eb-4f0531cc018b,fa6b3223-0c9a-40e9-b075-9220ef58763e,a1cd5a05-c5e8-4655-bc9c-6f8c2324ee62,ea5eea54-7b43-4cd2-bf7f-6a7777e53341,3f198622-cd7a-42ae-81de-cbf009ce08e8,a4d2b484-1dfe-4c8e-a181-666ce27e300d,2026-07-31T04:32:42.774201,Starter Deal - BlueShift Labs,317305.38,2026-09-15T04:22:50.774217,3a7a726c-307e-4e71-8d43-f4ec0d020101,2025-10-23T19:02:19.774201,40fd4c0b-aaa5-4aad-9d10-5269ef1b800f
3484fab5-5d36-4157-9b23-e6a6eb0b4abb,fa6b3223-0c9a-40e9-b075-9220ef58763e,0bbe2a0e-0ad3-4c8b-94d6-617adea0bcfe,,3f198622-cd7a-42ae-81de-cbf009ce08e8,dc0728f8-08cf-446b-89ac-dc7d90eabcd5,2026-07-17T08:48:08.774227,Enterprise Deal - Titan Industries,138164.85,2026-11-18T10:12:43.774242,77216429-0c61-4206-8455-fea64c0b6917,2026-03-17T15:25:26.774227,b0e0e9fd-ef8b-47d5-b426-0e52c2535506
c4ba5a93-4291-4031-bfac-eae5286224ed,fa6b3223-0c9a-40e9-b075-9220ef58763e,769bae11-9045-4354-800b-0522d88f6cfa,,3f198622-cd7a-42ae-81de-cbf009ce08e8,0d661f79-fca3-41a4-a3a6-a2e3a3aea0f4,2026-07-12T10:24:31.774255,Enterprise Deal - Copper Systems,410403.43,2026-12-15T13:26:44.774270,b0e0e9fd-ef8b-47d5-b426-0e52c2535506,2026-04-28T09:24:30.774255,40fd4c0b-aaa5-4aad-9d10-5269ef1b800f
f0a5b4b6-060d-4a49-9f70-5d121f2446fc,fa6b3223-0c9a-40e9-b075-9220ef58763e,1ed5bd0a-162e-41eb-a25c-38fb20c31546,3dca97c7-85fd-4988-95fd-03296b3e1a06,3f198622-cd7a-42ae-81de-cbf009ce08e8,a4d2b484-1dfe-4c8e-a181-666ce27e300d,2026-06-30T04:24:12.774281,Custom Deal - Copper Systems,103969.17,2027-01-11T21:57:42.774296,e4a0f782-d61b-4052-849d-5679c682e6e0,2026-06-23T01:01:18.774281,e6daabab-f289-47f2-91c8-de431d5400de
0469deba-a872-4589-8bf5-553a677eb4b0,fa6b3223-0c9a-40e9-b075-9220ef58763e,e0382201-68ea-49b0-8aab-2e1b047c89de,c6b44a2a-52ff-45e2-bf1a-7ab2bf7daee1,3f198622-cd7a-42ae-81de-cbf009ce08e8,a4d2b484-1dfe-4c8e-a181-666ce27e300d,2026-04-18T19:55:20.774307,Premium Deal - Quantum Dynamics,78379.83,2026-12-29T19:05:39.774322,056273a6-60a0-4f5f-96b3-0a1f9b494aa8,2026-03-13T11:01:05.774307,02aa60b8-30fa-45cc-90ce-706799bfffeb
415dd9a0-3dce-44d6-af46-81a5daf5dbca,fa6b3223-0c9a-40e9-b075-9220ef58763e,b88b7f54-cfb0-4fe2-83f6-188b9f91f85a,57391a98-e3b0-4f2e-b1de-70d8897a901b,3f198622-cd7a-42ae-81de-cbf009ce08e8,a4d2b484-1dfe-4c8e-a181-666ce27e300d,2026-07-08T18:15:40.774333,Growth Deal - Ruby Software,231685.47,2026-09-23T22:56:41.774348,e6daabab-f289-47f2-91c8-de431d5400de,2025-09-05T09:14:46.774333,c7ad0281-d620-4eef-92e6-7a52117c0a8e
c874f096-96fa-443e-ade4-ad9c4816759b,fa6b3223-0c9a-40e9-b075-9220ef58763e,dc68d2b3-3850-4603-aaf8-1e0f1ac8f549,3b66631e-d834-46b0-a526-614fdb2fc7da,3f198622-cd7a-42ae-81de-cbf009ce08e8,0d661f79-fca3-41a4-a3a6-a2e3a3aea0f4,2026-06-08T17:37:15.774359,Enterprise Deal - Steel Bridge,301585.38,2027-01-21T18:34:04.774374,4f5c97d1-2a5a-4459-bb2c-75d59167674a,2026-04-02T03:41:58.774359,c5b0aadb-faf1-42c1-9dd1-d8c4c6bf6834
0b9c046c-353b-4830-9e0b-51bb3d73fa51,fa6b3223-0c9a-40e9-b075-9220ef58763e,,ee29f385-35b1-4807-af5e-09bed7db3d4e,3f198622-cd7a-42ae-81de-cbf009ce08e8,0d661f79-fca3-41a4-a3a6-a2e3a3aea0f4,2026-07-04T21:55:43.774384,Premium Deal - SilverLine Corp,349637.11,2026-11-23T02:18:49.774399,70a1a11d-5ed0-4a43-ae45-a3d2f63e8213,2026-06-14T07:37:45.774384,793561a3-4c41-4b4b-9ec6-6527903d3e02
d9929cba-e57a-48d2-87cb-57d9d116ff3e,fa6b3223-0c9a-40e9-b075-9220ef58763e,3dc28f63-9346-474e-a78b-1cdad20cb3e9,,3f198622-cd7a-42ae-81de-cbf009ce08e8,dc0728f8-08cf-446b-89ac-dc7d90eabcd5,2026-07-22T14:23:15.774409,Custom Deal - Fusion Analytics,206943.19,2026-11-06T11:30:22.774423,02aa60b8-30fa-45cc-90ce-706799bfffeb,2026-06-29T13:42:49.774409,056273a6-60a0-4f5f-96b3-0a1f9b494aa8
809127be-cd21-46ec-b49a-0c913b5039d7,fa6b3223-0c9a-40e9-b075-9220ef58763e,33d2b952-5347-4129-b91d-3ea29804f855,,3f198622-cd7a-42ae-81de-cbf009ce08e8,0d661f79-fca3-41a4-a3a6-a2e3a3aea0f4,2026-08-06T07:10:01.774434,Starter Deal - Ember Labs,242887.49,2026-08-14T10:36:48.774450,4f5c97d1-2a5a-4459-bb2c-75d59167674a,2026-05-13T03:20:31.774434,e4a0f782-d61b-4052-849d-5679c682e6e0
61cb7778-acef-4ce1-920c-6039779bec00,fa6b3223-0c9a-40e9-b075-9220ef58763e,880638df-2db3-4a77-a7db-5c4e974e0780,,3f198622-cd7a-42ae-81de-cbf009ce08e8,8b84fce2-33e6-4421-9357-cf96231edc43,2026-06-13T14:08:22.774460,Starter Deal - Pulse Digital,289247.23,2026-05-21T16:38:45.774475,40fd4c0b-aaa5-4aad-9d10-5269ef1b800f,2026-06-10T21:31:14.774460,73a569a6-1e94-43c5-ab7e-31c0c0b2a6fb
d3229c4d-96b0-4da0-96e2-53ce23eacfc8,fa6b3223-0c9a-40e9-b075-9220ef58763e,ec379e73-cc31-43eb-bb87-39c29d668e0c,8c049c0f-542f-48a4-a800-c0ad8369fd2f,3f198622-cd7a-42ae-81de-cbf009ce08e8,aadbaae0-55ae-4574-bba5-0d12aa573bf5,2026-03-13T16:39:39.774490,Growth Deal - Horizon Media,474279.9,2026-05-24T03:23:37.774507,793561a3-4c41-4b4b-9ec6-6527903d3e02,2025-12-08T05:08:52.774490,c5b0aadb-faf1-42c1-9dd1-d8c4c6bf6834
4b8f5bca-ca53-42dc-9b8d-e15127e75281,fa6b3223-0c9a-40e9-b075-9220ef58763e,754b6d00-85a4-4485-a750-7292df57d125,,3f198622-cd7a-42ae-81de-cbf009ce08e8,aadbaae0-55ae-4574-bba5-0d12aa573bf5,2026-01-11T20:14:30.774521,Growth Deal - Zenith Partners,493119.15,2026-07-27T12:37:49.774537,3a7a726c-307e-4e71-8d43-f4ec0d020101,2025-10-07T20:24:14.774521,056273a6-60a0-4f5f-96b3-0a1f9b494aa8
2e49babe-962b-48b4-8047-ea68df4b3246,fa6b3223-0c9a-40e9-b075-9220ef58763e,14fc6d40-cee7-4316-8cb1-7838ef05c74f,d4427d75-803d-4dff-a7c4-16f17be078f9,3f198622-cd7a-42ae-81de-cbf009ce08e8,8b84fce2-33e6-4421-9357-cf96231edc43,2026-02-23T07:32:16.774547,Enterprise Deal - IronClad Security,53489.03,2026-04-26T10:36:41.774563,40fd4c0b-aaa5-4aad-9d10-5269ef1b800f,2025-12-31T10:12:59.774547,d3f2a2a5-f425-4786-ac66-99c3ddb5fe75
378cd288-dd04-4ac3-8124-74d3a53327de,fa6b3223-0c9a-40e9-b075-9220ef58763e,,af3bddce-5b95-47f2-8053-154054080e78,3f198622-cd7a-42ae-81de-cbf009ce08e8,14d8ebe2-35fa-4bd3-9c90-f94ee02f9955,2025-12-30T18:49:50.774573,Enterprise Deal - Silver Stream,482307.0,2026-12-17T10:10:56.774588,c7ad0281-d620-4eef-92e6-7a52117c0a8e,2025-08-25T12:12:50.774573,02aa60b8-30fa-45cc-90ce-706799bfffeb
469b0601-df30-4a99-8729-faf38fbc234f,fa6b3223-0c9a-40e9-b075-9220ef58763e,b4950b33-87c1-40cf-b5b2-e74e3c4f3503,,3f198622-cd7a-42ae-81de-cbf009ce08e8,a4d2b484-1dfe-4c8e-a181-666ce27e300d,2026-01-05T09:06:52.774597,Premium Deal - Iron Mountain,494865.1,2026-11-15T06:12:35.774612,e6daabab-f289-47f2-91c8-de431d5400de,2025-12-26T12:27:58.774597,793561a3-4c41-4b4b-9ec6-6527903d3e02
64202f48-6abb-473d-a011-5e8f4477d01b,fa6b3223-0c9a-40e9-b075-9220ef58763e,ee8160cc-1c06-44fa-bd4d-32dc3496c192,47c2664f-bc2f-4823-9a3d-781be17999eb,3f198622-cd7a-42ae-81de-cbf009ce08e8,8b84fce2-33e6-4421-9357-cf96231edc43,2026-07-25T11:51:25.774623,Enterprise Deal - Fusion Analytics,159134.81,2026-06-10T22:02:46.774638,c7ad0281-d620-4eef-92e6-7a52117c0a8e,2025-12-12T01:01:50.774623,40fd4c0b-aaa5-4aad-9d10-5269ef1b800f
edd4a426-f3f1-4cf2-b040-f8249f5dee8b,fa6b3223-0c9a-40e9-b075-9220ef58763e,bf2516dc-2f59-4dda-892a-c8e26f589561,382ee394-74bb-433a-be02-76f27e7bb58c,3f198622-cd7a-42ae-81de-cbf009ce08e8,dc0728f8-08cf-446b-89ac-dc7d90eabcd5,2026-05-26T12:05:24.774655,Growth Deal - EverGreen Solutions,469564.63,2026-09-11T13:46:05.774671,70a1a11d-5ed0-4a43-ae45-a3d2f63e8213,2026-02-20T06:57:02.774655,b0e0e9fd-ef8b-47d5-b426-0e52c2535506
0d13d0bf-5c13-4243-8e5e-bac2b960a71a,fa6b3223-0c9a-40e9-b075-9220ef58763e,6e007953-a58c-4527-8a25-33c89573db0f,,3f198622-cd7a-42ae-81de-cbf009ce08e8,8b84fce2-33e6-4421-9357-cf96231edc43,2026-08-01T06:23:10.774681,Premium Deal - Fusion Analytics,378392.66,2026-06-20T09:43:43.774697,b0e0e9fd-ef8b-47d5-b426-0e52c2535506,2026-07-16T00:03:28.774681,73a569a6-1e94-43c5-ab7e-31c0c0b2a6fb
402162ab-0036-4202-81a3-52ef7cc5a187,fa6b3223-0c9a-40e9-b075-9220ef58763e,308d8ad2-5dbe-4a28-85c1-47794e13cba7,968f62f4-dc54-46eb-ae55-9d9a485c2f2c,3f198622-cd7a-42ae-81de-cbf009ce08e8,aadbaae0-55ae-4574-bba5-0d12aa573bf5,2026-06-04T11:17:05.774708,Enterprise Deal - Apex Innovations,92001.2,2026-07-20T03:16:13.774723,b0e0e9fd-ef8b-47d5-b426-0e52c2535506,2026-04-20T23:01:00.774708,d3f2a2a5-f425-4786-ac66-99c3ddb5fe75
715b2082-c734-42ab-973d-5c4000591375,fa6b3223-0c9a-40e9-b075-9220ef58763e,dda6b31a-b2ab-4717-bfc7-969407953396,,3f198622-cd7a-42ae-81de-cbf009ce08e8,0d661f79-fca3-41a4-a3a6-a2e3a3aea0f4,2026-07-24T10:27:03.774734,Enterprise Deal - Crystal Corp,68969.26,2026-10-06T04:07:44.774749,4f5c97d1-2a5a-4459-bb2c-75d59167674a,2026-07-20T12:47:35.774734,793561a3-4c41-4b4b-9ec6-6527903d3e02
dbb7b39f-324b-46e8-ab28-84720ef527e6,fa6b3223-0c9a-40e9-b075-9220ef58763e,aa8bcde5-6ed9-44d8-a9c4-118d75fd7893,,3f198622-cd7a-42ae-81de-cbf009ce08e8,a4d2b484-1dfe-4c8e-a181-666ce27e300d,2026-06-19T00:16:53.774760,Starter Deal - Jade Consulting,418831.61,2026-10-03T17:57:42.774775,02aa60b8-30fa-45cc-90ce-706799bfffeb,2026-06-06T09:21:51.774760,77216429-0c61-4206-8455-fea64c0b6917
8426663d-919a-4d20-88f7-d9ad9864b0dd,fa6b3223-0c9a-40e9-b075-9220ef58763e,59fe2e32-367b-416f-ab0b-864636d39bc0,,3f198622-cd7a-42ae-81de-cbf009ce08e8,a4d2b484-1dfe-4c8e-a181-666ce27e300d,2026-05-06T12:42:39.774789,Starter Deal - TechNova Solutions,426492.51,2026-08-24T20:50:06.774805,02aa60b8-30fa-45cc-90ce-706799bfffeb,2025-10-06T08:03:35.774789,056273a6-60a0-4f5f-96b3-0a1f9b494aa8
0d52ce75-6d14-4ac6-b9ab-aafd35485c92,fa6b3223-0c9a-40e9-b075-9220ef58763e,f595893d-3ad4-45b3-8e78-3748b3f10a45,,3f198622-cd7a-42ae-81de-cbf009ce08e8,a4d2b484-1dfe-4c8e-a181-666ce27e300d,2026-07-25T17:57:32.774815,Custom Deal - Catalyst Group,160811.04,2026-12-22T21:17:48.774837,d3f2a2a5-f425-4786-ac66-99c3ddb5fe75,2026-03-27T22:26:55.774815,77216429-0c61-4206-8455-fea64c0b6917
a5a99d6d-b185-4ea9-8d89-ccb5ae9f7551,fa6b3223-0c9a-40e9-b075-9220ef58763e,1f53bea1-18b5-4284-877f-d87343286c61,1d3a9d9d-fbb3-448a-84b3-2068db07a387,3f198622-cd7a-42ae-81de-cbf009ce08e8,a4d2b484-1dfe-4c8e-a181-666ce27e300d,2026-01-31T03:39:02.774848,Premium Deal - Prism Technologies,186374.53,2026-11-02T16:28:24.774864,70a1a11d-5ed0-4a43-ae45-a3d2f63e8213,2025-10-22T02:06:23.774848,c5b0aadb-faf1-42c1-9dd1-d8c4c6bf6834
be8f0d6f-80d4-4a38-b077-e3712d8d1b4f,fa6b3223-0c9a-40e9-b075-9220ef58763e,b106f385-f595-47c4-863f-4f19ea10e983,,3f198622-cd7a-42ae-81de-cbf009ce08e8,a4d2b484-1dfe-4c8e-a181-666ce27e300d,2026-04-27T15:44:58.774878,Enterprise Deal - Nimbus Networks,462884.23,2026-11-11T10:25:08.774894,056273a6-60a0-4f5f-96b3-0a1f9b494aa8,2026-02-19T11:59:51.774878,02aa60b8-30fa-45cc-90ce-706799bfffeb
db3f4e25-f2e6-4d60-82ad-7314e46798e5,fa6b3223-0c9a-40e9-b075-9220ef58763e,41c8ced4-4cb7-4df1-84a4-f8634d9b4fde,ff198bcf-051e-4901-9c3b-99220f92cdd7,3f198622-cd7a-42ae-81de-cbf009ce08e8,14d8ebe2-35fa-4bd3-9c90-f94ee02f9955,2026-01-12T06:50:29.774904,Starter Deal - Iron Mountain,305823.62,2027-01-16T22:52:42.774919,793561a3-4c41-4b4b-9ec6-6527903d3e02,2025-08-10T04:17:23.774904,e4a0f782-d61b-4052-849d-5679c682e6e0
a2b15735-5367-447f-a830-c002e1f6f1fd,fa6b3223-0c9a-40e9-b075-9220ef58763e,c381b237-c772-46d4-a740-d6099557b894,ec618da9-bd35-406a-9b0a-9176982625ee,3f198622-cd7a-42ae-81de-cbf009ce08e8,a4d2b484-1dfe-4c8e-a181-666ce27e300d,2026-07-16T13:15:14.774930,Growth Deal - SilverLine Corp,196917.6,2026-10-31T15:12:51.774945,73a569a6-1e94-43c5-ab7e-31c0c0b2a6fb,2025-12-31T01:44:59.774930,d3f2a2a5-f425-4786-ac66-99c3ddb5fe75
d85f337f-824b-41f8-9d75-0f5d60e8175d,fa6b3223-0c9a-40e9-b075-9220ef58763e,435a676f-4793-4239-9bf3-8bafad0c9843,c8d2c571-9b42-4aff-8b4a-5e23b4111ecb,3f198622-cd7a-42ae-81de-cbf009ce08e8,aadbaae0-55ae-4574-bba5-0d12aa573bf5,2026-01-04T13:23:27.774956,Enterprise Deal - NexGen Software,356211.74,2026-07-27T10:51:03.774972,70a1a11d-5ed0-4a43-ae45-a3d2f63e8213,2025-08-08T23:35:22.774956,056273a6-60a0-4f5f-96b3-0a1f9b494aa8
66206a7c-350d-41c9-973b-2c40587be2f7,fa6b3223-0c9a-40e9-b075-9220ef58763e,89a09af3-f2e6-4175-be26-309313c66316,bf8bb187-c00d-43d1-9d38-78f9fb66fa46,3f198622-cd7a-42ae-81de-cbf009ce08e8,a4d2b484-1dfe-4c8e-a181-666ce27e300d,2026-05-25T13:01:40.774982,Custom Deal - Opal Solutions,237153.76,2026-11-15T11:53:32.774998,b0e0e9fd-ef8b-47d5-b426-0e52c2535506,2025-08-14T09:16:11.774982,c7ad0281-d620-4eef-92e6-7a52117c0a8e
e783a779-7821-4b69-8f58-e65877e0f4d1,fa6b3223-0c9a-40e9-b075-9220ef58763e,353eef21-33d7-478f-bf44-27565fe7ca3c,,3f198622-cd7a-42ae-81de-cbf009ce08e8,14d8ebe2-35fa-4bd3-9c90-f94ee02f9955,2026-08-05T20:29:51.775008,Premium Deal - Opal Solutions,94846.92,2026-09-06T06:22:43.775023,40fd4c0b-aaa5-4aad-9d10-5269ef1b800f,2026-08-04T21:46:34.775008,e6daabab-f289-47f2-91c8-de431d5400de
bf3d2d40-be08-4670-9df2-945b4598e663,fa6b3223-0c9a-40e9-b075-9220ef58763e,deca5165-4c28-45e8-a4fc-0beacd3f7505,51c1c1ed-5c5e-4008-bd1b-556fa5995484,3f198622-cd7a-42ae-81de-cbf009ce08e8,14d8ebe2-35fa-4bd3-9c90-f94ee02f9955,2026-07-16T15:02:52.775035,Premium Deal - Diamond Edge,182818.65,2026-10-28T04:28:19.775050,e6daabab-f289-47f2-91c8-de431d5400de,2026-06-05T11:37:37.775035,02aa60b8-30fa-45cc-90ce-706799bfffeb
3c0c749f-950c-4b98-8949-28378273d63f,fa6b3223-0c9a-40e9-b075-9220ef58763e,,c4611142-31ce-4558-9982-bd721f41197f,3f198622-cd7a-42ae-81de-cbf009ce08e8,a4d2b484-1dfe-4c8e-a181-666ce27e300d,2026-08-06T16:22:13.775066,Custom Deal - Steel Bridge,76562.97,2026-12-18T05:00:56.775080,b0e0e9fd-ef8b-47d5-b426-0e52c2535506,2026-08-06T16:22:13.775066,056273a6-60a0-4f5f-96b3-0a1f9b494aa8
4ddcf249-9824-4cd6-8f8e-2e0f76645a76,fa6b3223-0c9a-40e9-b075-9220ef58763e,f8b06fb9-6496-47fb-b708-39a64bab750a,93cdde31-5722-44a8-8418-2da506bc021e,3f198622-cd7a-42ae-81de-cbf009ce08e8,14d8ebe2-35fa-4bd3-9c90-f94ee02f9955,2026-03-02T04:51:48.775090,Premium Deal - Prism Technologies,100400.55,2026-12-02T21:00:22.775106,02aa60b8-30fa-45cc-90ce-706799bfffeb,2026-01-11T13:18:42.775090,70a1a11d-5ed0-4a43-ae45-a3d2f63e8213
a410c8fb-c24d-42c6-943d-bd5c9c43150d,fa6b3223-0c9a-40e9-b075-9220ef58763e,,,3f198622-cd7a-42ae-81de-cbf009ce08e8,a4d2b484-1dfe-4c8e-a181-666ce27e300d,2026-01-10T20:50:25.775116,Enterprise Deal - Golden Ratio,454222.44,2026-08-17T05:19:33.775131,d3f2a2a5-f425-4786-ac66-99c3ddb5fe75,2025-09-22T20:29:28.775116,c7ad0281-d620-4eef-92e6-7a52117c0a8e
30bd29d6-22a8-4c57-8ac1-7a22c2285b24,fa6b3223-0c9a-40e9-b075-9220ef58763e,660d2462-bf1a-47d7-9bae-4967e10c22a1,733ac158-1368-4753-b2e0-a5e7877aecfe,3f198622-cd7a-42ae-81de-cbf009ce08e8,0d661f79-fca3-41a4-a3a6-a2e3a3aea0f4,2026-06-23T16:49:03.775142,Custom Deal - Pearl Analytics,366269.69,2027-01-27T10:42:20.775158,4f5c97d1-2a5a-4459-bb2c-75d59167674a,2026-06-23T08:05:35.775142,056273a6-60a0-4f5f-96b3-0a1f9b494aa8
0fca9b4b-3caf-4063-aa56-a69edc64e220,fa6b3223-0c9a-40e9-b075-9220ef58763e,,829e852f-7d68-409f-a1d4-6bae77d3bda5,3f198622-cd7a-42ae-81de-cbf009ce08e8,8b84fce2-33e6-4421-9357-cf96231edc43,2026-06-01T19:29:13.775168,Starter Deal - Horizon Media,442273.54,2026-04-26T13:24:04.775183,056273a6-60a0-4f5f-96b3-0a1f9b494aa8,2025-08-13T07:28:27.775168,77216429-0c61-4206-8455-fea64c0b6917
99b82316-7397-426f-a5a5-ffb4617fe255,fa6b3223-0c9a-40e9-b075-9220ef58763e,78f1691a-a61a-4f3e-b434-d78143fc428e,815acb82-0916-4daf-b197-e3eb93d169c0,3f198622-cd7a-42ae-81de-cbf009ce08e8,8b84fce2-33e6-4421-9357-cf96231edc43,2026-01-04T20:18:59.775194,Premium Deal - Coral Health,74009.58,2026-06-21T11:05:56.775209,b0e0e9fd-ef8b-47d5-b426-0e52c2535506,2025-12-13T22:03:28.775194,c7ad0281-d620-4eef-92e6-7a52117c0a8e
9e7a12ba-beb2-40dd-b229-be270fe80166,fa6b3223-0c9a-40e9-b075-9220ef58763e,5dfb8a6c-31b5-41e0-abd6-5ee9edfc8935,9b0f6a24-65e8-4e4e-90ca-2d725c30bca5,3f198622-cd7a-42ae-81de-cbf009ce08e8,a4d2b484-1dfe-4c8e-a181-666ce27e300d,2026-02-24T03:36:47.775221,Custom Deal - Zenith Partners,324541.73,2026-12-25T09:38:34.775239,02aa60b8-30fa-45cc-90ce-706799bfffeb,2025-08-30T11:33:15.775221,793561a3-4c41-4b4b-9ec6-6527903d3e02
ce5c9b7a-7849-4536-8e5f-abbe5e1f1653,fa6b3223-0c9a-40e9-b075-9220ef58763e,,,3f198622-cd7a-42ae-81de-cbf009ce08e8,8b84fce2-33e6-4421-9357-cf96231edc43,2026-07-28T16:29:31.775249,Starter Deal - Nimbus Networks,255913.97,2026-07-04T05:54:07.775264,40fd4c0b-aaa5-4aad-9d10-5269ef1b800f,2026-07-22T12:43:58.775249,c7ad0281-d620-4eef-92e6-7a52117c0a8e
28635ab0-8f7e-49fe-b4df-4e2a2519f7d5,fa6b3223-0c9a-40e9-b075-9220ef58763e,5dfef19e-8ecf-45d8-a1f2-2ff9b28f69cb,,3f198622-cd7a-42ae-81de-cbf009ce08e8,aadbaae0-55ae-4574-bba5-0d12aa573bf5,2026-01-11T18:31:41.775274,Premium Deal - Apex Innovations,190612.69,2026-04-20T15:17:40.775289,e4a0f782-d61b-4052-849d-5679c682e6e0,2025-10-21T07:04:02.775274,c7ad0281-d620-4eef-92e6-7a52117c0a8e
f378c7b6-dc69-4a17-b73e-8dc669c6734d,fa6b3223-0c9a-40e9-b075-9220ef58763e,,,3f198622-cd7a-42ae-81de-cbf009ce08e8,0d661f79-fca3-41a4-a3a6-a2e3a3aea0f4,2026-05-22T00:57:09.775298,Enterprise Deal - Jade Consulting,353612.34,2026-12-12T22:05:56.775313,c5b0aadb-faf1-42c1-9dd1-d8c4c6bf6834,2025-12-19T17:30:36.775298,70a1a11d-5ed0-4a43-ae45-a3d2f63e8213
d8e2bd9b-3765-4dcc-a094-389d423afc38,fa6b3223-0c9a-40e9-b075-9220ef58763e,417d6f26-38da-4e50-a769-a3e8dc8f02bb,,3f198622-cd7a-42ae-81de-cbf009ce08e8,8b84fce2-33e6-4421-9357-cf96231edc43,2026-06-13T03:37:32.775328,Growth Deal - Horizon Media,66967.96,2026-05-31T19:43:50.775344,40fd4c0b-aaa5-4aad-9d10-5269ef1b800f,2026-01-14T04:09:34.775328,056273a6-60a0-4f5f-96b3-0a1f9b494aa8
dbcf1519-e451-4566-8830-bf1e3cca48c2,fa6b3223-0c9a-40e9-b075-9220ef58763e,73145013-2d44-43fa-b576-2ef9e835869f,93cdde31-5722-44a8-8418-2da506bc021e,3f198622-cd7a-42ae-81de-cbf009ce08e8,a4d2b484-1dfe-4c8e-a181-666ce27e300d,2026-03-18T03:42:54.775355,Custom Deal - Jade Consulting,367408.68,2026-11-04T22:24:16.775370,c5b0aadb-faf1-42c1-9dd1-d8c4c6bf6834,2026-02-23T04:08:17.775355,c7ad0281-d620-4eef-92e6-7a52117c0a8e
8f1dd7a7-fd2b-4a66-9798-72e724824a64,fa6b3223-0c9a-40e9-b075-9220ef58763e,c5ff9d10-15dd-494e-aea9-5296815b622c,611218f1-5304-4eb4-8753-c20bfbc64ae2,3f198622-cd7a-42ae-81de-cbf009ce08e8,aadbaae0-55ae-4574-bba5-0d12aa573bf5,2026-05-08T20:55:14.775381,Starter Deal - Sapphire Tech,24745.09,2026-06-08T01:12:03.775396,793561a3-4c41-4b4b-9ec6-6527903d3e02,2026-02-04T08:15:42.775381,4f5c97d1-2a5a-4459-bb2c-75d59167674a
abcb2260-528f-46da-96b5-312132e49eec,fa6b3223-0c9a-40e9-b075-9220ef58763e,2d7d01b1-a60c-4f9a-858b-3d4a5215349f,dba737eb-f848-4fa0-abd5-50c4a4c7a949,3f198622-cd7a-42ae-81de-cbf009ce08e8,aadbaae0-55ae-4574-bba5-0d12aa573bf5,2026-07-01T09:59:30.775407,Enterprise Deal - Diamond Edge,69193.28,2026-06-22T18:54:43.775422,3a7a726c-307e-4e71-8d43-f4ec0d020101,2026-01-05T20:05:02.775407,c5b0aadb-faf1-42c1-9dd1-d8c4c6bf6834
6408494c-d0c5-45b6-96e4-d97d4cd069f1,fa6b3223-0c9a-40e9-b075-9220ef58763e,c707d9d1-4bfd-4910-9d78-1057ab1f2b36,,3f198622-cd7a-42ae-81de-cbf009ce08e8,8b84fce2-33e6-4421-9357-cf96231edc43,2025-09-30T03:00:11.775432,Premium Deal - Cobalt Systems,183116.81,2026-06-28T06:23:49.775447,056273a6-60a0-4f5f-96b3-0a1f9b494aa8,2025-09-19T14:44:53.775432,4f5c97d1-2a5a-4459-bb2c-75d59167674a
6dbff5d7-e936-477b-9073-a09795a0fae8,fa6b3223-0c9a-40e9-b075-9220ef58763e,,,3f198622-cd7a-42ae-81de-cbf009ce08e8,a4d2b484-1dfe-4c8e-a181-666ce27e300d,2026-08-06T06:07:06.775456,Custom Deal - Apex Innovations,310252.11,2026-10-18T06:08:57.775471,c5b0aadb-faf1-42c1-9dd1-d8c4c6bf6834,2026-05-29T13:50:16.775456,73a569a6-1e94-43c5-ab7e-31c0c0b2a6fb
0b1c28a5-0b3e-4413-940c-548e9e309ba4,fa6b3223-0c9a-40e9-b075-9220ef58763e,c754e14f-522c-419a-abe4-5df3e6548d20,40895782-c2f8-42ec-8248-99c97b6422cf,3f198622-cd7a-42ae-81de-cbf009ce08e8,0d661f79-fca3-41a4-a3a6-a2e3a3aea0f4,2026-04-03T17:32:48.775481,Enterprise Deal - Jade Consulting,223668.04,2026-10-20T11:33:57.775498,77216429-0c61-4206-8455-fea64c0b6917,2026-03-04T13:29:48.775481,73a569a6-1e94-43c5-ab7e-31c0c0b2a6fb
eb764b35-c243-40cc-aecf-caf2ed883767,fa6b3223-0c9a-40e9-b075-9220ef58763e,,,3f198622-cd7a-42ae-81de-cbf009ce08e8,14d8ebe2-35fa-4bd3-9c90-f94ee02f9955,2026-07-09T16:02:32.775508,Enterprise Deal - Golden Ratio,268994.94,2026-10-26T02:45:30.775522,b0e0e9fd-ef8b-47d5-b426-0e52c2535506,2025-09-05T05:49:27.775508,056273a6-60a0-4f5f-96b3-0a1f9b494aa8
97b8f899-b79c-4d08-b009-0d63bddd7f78,fa6b3223-0c9a-40e9-b075-9220ef58763e,8aa6f416-888b-4193-a97a-d75837290455,,3f198622-cd7a-42ae-81de-cbf009ce08e8,8b84fce2-33e6-4421-9357-cf96231edc43,2026-03-29T03:48:50.775532,Growth Deal - Vanguard Systems,230595.0,2026-05-29T03:33:19.775547,73a569a6-1e94-43c5-ab7e-31c0c0b2a6fb,2026-02-19T02:26:38.775532,77216429-0c61-4206-8455-fea64c0b6917
b8e50498-3baa-41be-b57a-6d5e7ae2eeb9,fa6b3223-0c9a-40e9-b075-9220ef58763e,b6fc97e7-fc5c-435a-975f-3c66631a1399,,3f198622-cd7a-42ae-81de-cbf009ce08e8,dc0728f8-08cf-446b-89ac-dc7d90eabcd5,2026-02-19T07:56:47.775557,Starter Deal - Onyx Data,453528.58,2026-10-02T23:19:12.775573,02aa60b8-30fa-45cc-90ce-706799bfffeb,2025-09-10T04:14:31.775557,e4a0f782-d61b-4052-849d-5679c682e6e0
e42265bb-cf9e-4de2-9565-b60f8e747065,fa6b3223-0c9a-40e9-b075-9220ef58763e,b78ea7a2-267c-4868-bc57-d0c461962df8,,3f198622-cd7a-42ae-81de-cbf009ce08e8,dc0728f8-08cf-446b-89ac-dc7d90eabcd5,2026-05-31T13:49:09.775590,Starter Deal - Prism Technologies,387708.25,2026-10-22T20:26:56.775605,4f5c97d1-2a5a-4459-bb2c-75d59167674a,2026-02-10T13:44:12.775590,d3f2a2a5-f425-4786-ac66-99c3ddb5fe75
2c7dbd6e-2758-41d8-b86e-b1d918865354,fa6b3223-0c9a-40e9-b075-9220ef58763e,,859f6f42-8fbf-4864-904e-88dfa26aecee,3f198622-cd7a-42ae-81de-cbf009ce08e8,a4d2b484-1dfe-4c8e-a181-666ce27e300d,2026-03-26T01:06:29.775615,Custom Deal - Fusion Analytics,222274.49,2026-12-03T23:28:13.775630,70a1a11d-5ed0-4a43-ae45-a3d2f63e8213,2026-02-22T09:52:04.775615,c5b0aadb-faf1-42c1-9dd1-d8c4c6bf6834
446c5521-ce0e-4424-a58a-54b2fe40e4b2,fa6b3223-0c9a-40e9-b075-9220ef58763e,08f09d3d-21e7-42e4-8338-20aac023d2ae,a4b84b0f-36f3-43b0-9cf6-852209983f68,3f198622-cd7a-42ae-81de-cbf009ce08e8,8b84fce2-33e6-4421-9357-cf96231edc43,2025-10-29T06:21:18.775640,Starter Deal - Topaz Digital,80416.81,2026-05-13T01:02:13.775663,c5b0aadb-faf1-42c1-9dd1-d8c4c6bf6834,2025-10-15T10:53:17.775640,b0e0e9fd-ef8b-47d5-b426-0e52c2535506
1aa0304f-db27-4e52-91b2-47ce21596456,fa6b3223-0c9a-40e9-b075-9220ef58763e,,f9623602-691d-4eee-a971-6c0fc01e4ad2,3f198622-cd7a-42ae-81de-cbf009ce08e8,8b84fce2-33e6-4421-9357-cf96231edc43,2025-10-29T09:55:58.775674,Custom Deal - Bronze Gate,423106.88,2026-05-28T06:32:07.775689,40fd4c0b-aaa5-4aad-9d10-5269ef1b800f,2025-09-17T07:06:59.775674,b0e0e9fd-ef8b-47d5-b426-0e52c2535506
dbd52932-9bd0-47fd-a222-aa8e762fb63d,fa6b3223-0c9a-40e9-b075-9220ef58763e,f6bab5f3-9456-4ab1-aa34-713ad70b82cd,,3f198622-cd7a-42ae-81de-cbf009ce08e8,0d661f79-fca3-41a4-a3a6-a2e3a3aea0f4,2026-05-22T14:58:59.775699,Starter Deal - Diamond Edge,278518.57,2026-12-05T01:12:47.775714,02aa60b8-30fa-45cc-90ce-706799bfffeb,2026-05-09T19:48:17.775699,73a569a6-1e94-43c5-ab7e-31c0c0b2a6fb
9e34e0c3-772c-432f-bd5f-f8b3095869be,fa6b3223-0c9a-40e9-b075-9220ef58763e,7b1af95e-aeda-4412-a302-f0c605ae416a,6d4962cc-4000-4cce-b613-579430b8aea6,3f198622-cd7a-42ae-81de-cbf009ce08e8,dc0728f8-08cf-446b-89ac-dc7d90eabcd5,2026-07-22T16:54:12.775724,Premium Deal - Nimbus Networks,220489.54,2026-08-28T16:06:54.775740,c5b0aadb-faf1-42c1-9dd1-d8c4c6bf6834,2026-03-30T04:27:22.775724,02aa60b8-30fa-45cc-90ce-706799bfffeb
1aa316f4-2041-4fbc-aae2-9a6723237e2a,fa6b3223-0c9a-40e9-b075-9220ef58763e,,,3f198622-cd7a-42ae-81de-cbf009ce08e8,aadbaae0-55ae-4574-bba5-0d12aa573bf5,2025-10-06T15:46:39.775749,Premium Deal - Bronze Gate,188403.65,2026-04-21T23:20:25.775833,e6daabab-f289-47f2-91c8-de431d5400de,2025-08-12T08:31:29.775749,3a7a726c-307e-4e71-8d43-f4ec0d020101
d51bc4f9-aa8f-46b5-bb82-2e1a63cdebfe,fa6b3223-0c9a-40e9-b075-9220ef58763e,,,3f198622-cd7a-42ae-81de-cbf009ce08e8,dc0728f8-08cf-446b-89ac-dc7d90eabcd5,2026-03-07T21:24:09.775845,Enterprise Deal - Sterling Finance,448802.68,2026-09-01T03:29:51.775867,70a1a11d-5ed0-4a43-ae45-a3d2f63e8213,2025-09-04T06:57:50.775845,02aa60b8-30fa-45cc-90ce-706799bfffeb
67e18878-ab8f-4126-a703-f1a66f40b2c1,fa6b3223-0c9a-40e9-b075-9220ef58763e,aef0d214-c757-495f-ab7b-a167f46feeb8,7157e819-8036-4fc3-95c9-37a593b3305a,3f198622-cd7a-42ae-81de-cbf009ce08e8,8b84fce2-33e6-4421-9357-cf96231edc43,2026-05-08T11:33:19.775879,Growth Deal - Onyx Data,325268.29,2026-07-19T17:57:14.775915,4f5c97d1-2a5a-4459-bb2c-75d59167674a,2026-01-05T03:37:29.775879,e4a0f782-d61b-4052-849d-5679c682e6e0
13ecb692-c4a0-4cb5-af45-d035c052134f,fa6b3223-0c9a-40e9-b075-9220ef58763e,6c0eb47e-b6bd-4b10-88a8-a184af675a40,,3f198622-cd7a-42ae-81de-cbf009ce08e8,8b84fce2-33e6-4421-9357-cf96231edc43,2026-05-06T20:14:47.775940,Premium Deal - Catalyst Group,226749.6,2026-07-20T03:09:15.775959,e4a0f782-d61b-4052-849d-5679c682e6e0,2025-10-03T14:12:48.775940,40fd4c0b-aaa5-4aad-9d10-5269ef1b800f
ff6be85d-4540-4b74-a079-537b0ba161db,fa6b3223-0c9a-40e9-b075-9220ef58763e,,,3f198622-cd7a-42ae-81de-cbf009ce08e8,8b84fce2-33e6-4421-9357-cf96231edc43,2026-02-10T18:30:45.775973,Premium Deal - Horizon Media,295073.64,2026-05-10T01:51:38.775988,40fd4c0b-aaa5-4aad-9d10-5269ef1b800f,2025-09-16T17:21:10.775973,73a569a6-1e94-43c5-ab7e-31c0c0b2a6fb
80479c6a-671a-4e03-8f86-35c02e4481d1,fa6b3223-0c9a-40e9-b075-9220ef58763e,,,3f198622-cd7a-42ae-81de-cbf009ce08e8,8b84fce2-33e6-4421-9357-cf96231edc43,2026-07-26T12:08:26.775998,Premium Deal - EverGreen Solutions,14212.17,2026-06-27T03:42:56.776013,d3f2a2a5-f425-4786-ac66-99c3ddb5fe75,2026-06-09T07:22:58.775998,b0e0e9fd-ef8b-47d5-b426-0e52c2535506
6c3fafd1-f0a7-4767-a8ad-9937e2626951,fa6b3223-0c9a-40e9-b075-9220ef58763e,,4dd3de89-bdff-45c8-acb6-b56540da2c92,3f198622-cd7a-42ae-81de-cbf009ce08e8,dc0728f8-08cf-446b-89ac-dc7d90eabcd5,2026-07-29T18:55:13.776024,Starter Deal - Copper Systems,284524.71,2026-10-12T05:12:00.776039,e6daabab-f289-47f2-91c8-de431d5400de,2025-12-26T02:39:02.776024,3a7a726c-307e-4e71-8d43-f4ec0d020101
7d6315d5-a862-4e52-a96e-f02282e50032,fa6b3223-0c9a-40e9-b075-9220ef58763e,a6d09230-72bd-4c90-acc7-f9186d20616e,165505b1-438c-4cb5-8882-93a78709563d,3f198622-cd7a-42ae-81de-cbf009ce08e8,0d661f79-fca3-41a4-a3a6-a2e3a3aea0f4,2026-07-07T05:24:17.776050,Enterprise Deal - Silver Stream,91565.87,2026-12-26T22:14:09.776069,e4a0f782-d61b-4052-849d-5679c682e6e0,2026-03-11T12:46:48.776050,056273a6-60a0-4f5f-96b3-0a1f9b494aa8
7ea49959-0cfe-4c7f-b510-07cff8a7ef08,fa6b3223-0c9a-40e9-b075-9220ef58763e,3001b54f-d303-443e-9172-14f93bfe4529,,3f198622-cd7a-42ae-81de-cbf009ce08e8,14d8ebe2-35fa-4bd3-9c90-f94ee02f9955,2025-12-31T22:18:16.776080,Enterprise Deal - Steel Bridge,81351.68,2026-10-14T11:55:49.776096,b0e0e9fd-ef8b-47d5-b426-0e52c2535506,2025-08-29T11:39:25.776080,056273a6-60a0-4f5f-96b3-0a1f9b494aa8
46f19d3c-b7f2-481e-b372-3032c66ea692,fa6b3223-0c9a-40e9-b075-9220ef58763e,,,3f198622-cd7a-42ae-81de-cbf009ce08e8,0d661f79-fca3-41a4-a3a6-a2e3a3aea0f4,2026-01-02T08:56:13.776106,Enterprise Deal - BlueShift Labs,139798.54,2026-12-21T03:51:34.776120,056273a6-60a0-4f5f-96b3-0a1f9b494aa8,2025-11-07T19:50:33.776106,056273a6-60a0-4f5f-96b3-0a1f9b494aa8
f730b839-08c4-4e11-b5ef-f52808d95b7e,fa6b3223-0c9a-40e9-b075-9220ef58763e,7e838336-a781-433c-bb4b-f633ff35a2ce,,3f198622-cd7a-42ae-81de-cbf009ce08e8,8b84fce2-33e6-4421-9357-cf96231edc43,2026-07-22T00:03:14.776131,Enterprise Deal - Nimbus Networks,222477.96,2026-07-18T07:43:32.776146,3a7a726c-307e-4e71-8d43-f4ec0d020101,2025-11-28T23:45:16.776131,40fd4c0b-aaa5-4aad-9d10-5269ef1b800f
e5db9430-edf6-4e90-b4fb-744ec899a45b,fa6b3223-0c9a-40e9-b075-9220ef58763e,ef7e4572-8774-4009-9f16-ef800e856ecf,cb76aba4-6d7c-4293-be54-121a9bd36ec9,3f198622-cd7a-42ae-81de-cbf009ce08e8,dc0728f8-08cf-446b-89ac-dc7d90eabcd5,2026-07-23T19:41:57.776157,Custom Deal - NovaTech Solutions,443124.37,2026-11-24T16:29:49.776172,056273a6-60a0-4f5f-96b3-0a1f9b494aa8,2026-07-11T09:36:38.776157,4f5c97d1-2a5a-4459-bb2c-75d59167674a
6f548b78-99af-443f-bdff-f919f34fda2e,fa6b3223-0c9a-40e9-b075-9220ef58763e,,,3f198622-cd7a-42ae-81de-cbf009ce08e8,a4d2b484-1dfe-4c8e-a181-666ce27e300d,2026-04-29T03:23:11.776182,Premium Deal - BrightStar Inc,36192.1,2026-12-15T18:19:54.776197,e4a0f782-d61b-4052-849d-5679c682e6e0,2026-04-22T02:47:03.776182,d3f2a2a5-f425-4786-ac66-99c3ddb5fe75
5f63fb0d-dc0e-4b4e-8850-63d46583f353,fa6b3223-0c9a-40e9-b075-9220ef58763e,aef0d214-c757-495f-ab7b-a167f46feeb8,9df9e677-7ebb-474a-be38-73f6f6403846,3f198622-cd7a-42ae-81de-cbf009ce08e8,aadbaae0-55ae-4574-bba5-0d12aa573bf5,2026-01-24T05:49:50.776207,Custom Deal - DataFlow Systems,468762.29,2026-04-19T11:34:04.776223,e6daabab-f289-47f2-91c8-de431d5400de,2025-10-21T14:33:52.776207,40fd4c0b-aaa5-4aad-9d10-5269ef1b800f
67dc4701-36ee-4e4c-9361-faf1414fd6a4,fa6b3223-0c9a-40e9-b075-9220ef58763e,77a3cea4-c08d-49a4-a31c-94f2043fbe08,a4b84b0f-36f3-43b0-9cf6-852209983f68,3f198622-cd7a-42ae-81de-cbf009ce08e8,a4d2b484-1dfe-4c8e-a181-666ce27e300d,2026-01-31T01:21:54.776237,Premium Deal - Prism Technologies,290962.57,2026-11-06T13:31:27.776253,793561a3-4c41-4b4b-9ec6-6527903d3e02,2026-01-15T13:24:03.776237,3a7a726c-307e-4e71-8d43-f4ec0d020101
b1ccd797-657a-4d3b-a1d8-9f4374617e32,fa6b3223-0c9a-40e9-b075-9220ef58763e,50625161-a3d6-4638-9969-d3e49edbb634,,3f198622-cd7a-42ae-81de-cbf009ce08e8,dc0728f8-08cf-446b-89ac-dc7d90eabcd5,2026-03-05T00:57:45.776263,Starter Deal - Sapphire Tech,434263.03,2026-10-23T22:41:06.776279,b0e0e9fd-ef8b-47d5-b426-0e52c2535506,2025-09-02T17:24:46.776263,c5b0aadb-faf1-42c1-9dd1-d8c4c6bf6834
262d366b-c8b7-42f8-8d01-23e63a69038c,fa6b3223-0c9a-40e9-b075-9220ef58763e,b2cca87e-b3d0-419d-822d-39aa29f01331,,3f198622-cd7a-42ae-81de-cbf009ce08e8,dc0728f8-08cf-446b-89ac-dc7d90eabcd5,2026-03-18T07:04:07.776289,Custom Deal - DataFlow Systems,266412.52,2027-01-25T19:57:11.776305,4f5c97d1-2a5a-4459-bb2c-75d59167674a,2026-02-26T14:48:53.776289,056273a6-60a0-4f5f-96b3-0a1f9b494aa8
f18b3f26-0873-402b-933f-2cf936d979a2,fa6b3223-0c9a-40e9-b075-9220ef58763e,577b4edd-f406-445b-9399-0e7dc7d3f112,fdd8d82f-93a6-477a-8d58-59fbcad32d3d,3f198622-cd7a-42ae-81de-cbf009ce08e8,dc0728f8-08cf-446b-89ac-dc7d90eabcd5,2025-12-26T14:48:57.776315,Starter Deal - Forge Industries,421045.66,2027-01-06T01:31:20.776330,d3f2a2a5-f425-4786-ac66-99c3ddb5fe75,2025-08-09T15:17:15.776315,c7ad0281-d620-4eef-92e6-7a52117c0a8e
5feaf1f7-72e2-461d-bd4e-52f31c8f2598,fa6b3223-0c9a-40e9-b075-9220ef58763e,4aba0867-b13c-45c9-82ea-1f6204a60899,,3f198622-cd7a-42ae-81de-cbf009ce08e8,0d661f79-fca3-41a4-a3a6-a2e3a3aea0f4,2026-08-04T21:01:17.776341,Enterprise Deal - Atlas Computing,329294.48,2027-01-27T13:45:53.776356,c7ad0281-d620-4eef-92e6-7a52117c0a8e,2026-06-26T05:17:57.776341,e6daabab-f289-47f2-91c8-de431d5400de
cc81a1ec-6764-4030-ad3a-131f9fc0107d,fa6b3223-0c9a-40e9-b075-9220ef58763e,e5b31dd5-3dbb-4299-939c-6b9ec8797350,,3f198622-cd7a-42ae-81de-cbf009ce08e8,aadbaae0-55ae-4574-bba5-0d12aa573bf5,2026-04-23T01:00:19.776366,Growth Deal - Crystal Clear,351604.13,2026-04-23T23:58:22.776382,40fd4c0b-aaa5-4aad-9d10-5269ef1b800f,2025-11-14T05:59:31.776366,70a1a11d-5ed0-4a43-ae45-a3d2f63e8213
96d19585-919a-4718-8594-7c4f72118e25,fa6b3223-0c9a-40e9-b075-9220ef58763e,,,3f198622-cd7a-42ae-81de-cbf009ce08e8,dc0728f8-08cf-446b-89ac-dc7d90eabcd5,2026-07-21T21:07:21.776391,Enterprise Deal - Silver Stream,228656.4,2026-10-16T10:00:03.776406,d3f2a2a5-f425-4786-ac66-99c3ddb5fe75,2025-10-05T05:40:17.776391,77216429-0c61-4206-8455-fea64c0b6917
6660a1ea-5729-46ef-86b0-61cfbd90f7bc,fa6b3223-0c9a-40e9-b075-9220ef58763e,b875e0cb-82f5-459d-b3ec-1335599d022c,,3f198622-cd7a-42ae-81de-cbf009ce08e8,14d8ebe2-35fa-4bd3-9c90-f94ee02f9955,2026-03-07T15:49:05.776416,Enterprise Deal - NovaTech Solutions,277753.03,2026-08-14T12:02:08.776435,73a569a6-1e94-43c5-ab7e-31c0c0b2a6fb,2025-10-25T11:11:21.776416,77216429-0c61-4206-8455-fea64c0b6917
74875202-3a22-4dd9-af00-c31debba9e56,fa6b3223-0c9a-40e9-b075-9220ef58763e,,,3f198622-cd7a-42ae-81de-cbf009ce08e8,0d661f79-fca3-41a4-a3a6-a2e3a3aea0f4,2026-07-30T06:20:59.776445,Custom Deal - GreenField Capital,89740.82,2026-08-20T09:14:15.776460,d3f2a2a5-f425-4786-ac66-99c3ddb5fe75,2026-07-27T07:48:30.776445,056273a6-60a0-4f5f-96b3-0a1f9b494aa8
48090554-d875-4289-86be-c0dcb7fd6e5c,fa6b3223-0c9a-40e9-b075-9220ef58763e,cc1ad2b0-566e-4e8e-a182-8f5b024afbe2,7a66d1a9-2eb7-4e75-9433-b2d44cd371aa,3f198622-cd7a-42ae-81de-cbf009ce08e8,0d661f79-fca3-41a4-a3a6-a2e3a3aea0f4,2026-01-28T06:17:01.776470,Starter Deal - Topaz Digital,115001.95,2027-01-15T19:17:34.776486,73a569a6-1e94-43c5-ab7e-31c0c0b2a6fb,2025-12-09T05:21:06.776470,c7ad0281-d620-4eef-92e6-7a52117c0a8e
15ce69ab-9f4e-4fd6-a2e6-93643237f474,fa6b3223-0c9a-40e9-b075-9220ef58763e,9b62753d-a08c-437b-ad90-7279032b8d9c,,3f198622-cd7a-42ae-81de-cbf009ce08e8,14d8ebe2-35fa-4bd3-9c90-f94ee02f9955,2026-04-11T06:23:19.776500,Custom Deal - Summit Analytics,107525.44,2027-01-11T22:40:42.776515,3a7a726c-307e-4e71-8d43-f4ec0d020101,2026-03-02T18:36:50.776500,4f5c97d1-2a5a-4459-bb2c-75d59167674a
15b67eb0-d94f-40b0-9403-15bd2c2bcfd1,fa6b3223-0c9a-40e9-b075-9220ef58763e,,,3f198622-cd7a-42ae-81de-cbf009ce08e8,dc0728f8-08cf-446b-89ac-dc7d90eabcd5,2026-07-29T15:14:13.776525,Premium Deal - Pearl Analytics,269126.52,2026-12-25T01:26:33.776540,02aa60b8-30fa-45cc-90ce-706799bfffeb,2026-02-15T18:46:20.776525,40fd4c0b-aaa5-4aad-9d10-5269ef1b800f
c4ea4e7c-b542-4a69-9846-efdff3019efd,fa6b3223-0c9a-40e9-b075-9220ef58763e,1894976a-277c-4389-914d-a867e4008528,cfef8bb0-1fe9-4098-8306-240ab9bb2179,3f198622-cd7a-42ae-81de-cbf009ce08e8,14d8ebe2-35fa-4bd3-9c90-f94ee02f9955,2026-06-06T13:08:54.776554,Starter Deal - Cobalt Systems,265415.93,2026-12-12T15:43:17.776574,c5b0aadb-faf1-42c1-9dd1-d8c4c6bf6834,2026-01-19T18:16:04.776554,b0e0e9fd-ef8b-47d5-b426-0e52c2535506
40a9790c-588c-4b6f-aba2-2d421232c1f3,fa6b3223-0c9a-40e9-b075-9220ef58763e,bc11878f-7a7d-4602-9b74-69d1c3387264,69337f15-a48d-4504-b264-43cf9e0198a6,3f198622-cd7a-42ae-81de-cbf009ce08e8,a4d2b484-1dfe-4c8e-a181-666ce27e300d,2026-07-31T23:05:53.776585,Premium Deal - Iron Mountain,258489.83,2026-09-18T08:38:06.776600,c5b0aadb-faf1-42c1-9dd1-d8c4c6bf6834,2026-06-25T09:03:40.776585,793561a3-4c41-4b4b-9ec6-6527903d3e02
cbb8b814-ad26-46ad-a839-8876ebbd585f,fa6b3223-0c9a-40e9-b075-9220ef58763e,91bb128b-32ac-4e08-854e-dda6b43ca70f,,3f198622-cd7a-42ae-81de-cbf009ce08e8,aadbaae0-55ae-4574-bba5-0d12aa573bf5,2025-09-19T09:22:34.776610,Custom Deal - Iron Mountain,204076.87,2026-06-16T02:58:21.776624,c5b0aadb-faf1-42c1-9dd1-d8c4c6bf6834,2025-09-11T14:54:50.776610,73a569a6-1e94-43c5-ab7e-31c0c0b2a6fb
f0448567-4e73-48ec-91f7-235f3986bcd6,fa6b3223-0c9a-40e9-b075-9220ef58763e,c1d010de-4889-4ac0-9d4c-185a16a41bf6,8f73215c-ae9e-4570-a229-c2e0790f427b,3f198622-cd7a-42ae-81de-cbf009ce08e8,0d661f79-fca3-41a4-a3a6-a2e3a3aea0f4,2026-08-04T01:24:08.776635,Premium Deal - Iron Mountain,449390.62,2026-11-05T05:01:04.776660,e4a0f782-d61b-4052-849d-5679c682e6e0,2026-07-28T12:46:01.776635,3a7a726c-307e-4e71-8d43-f4ec0d020101
22d70ec4-9fdd-4fcb-aedc-b80ca37f93c6,fa6b3223-0c9a-40e9-b075-9220ef58763e,cdcaaf1a-6336-4efc-89fb-f00d9afd932c,daebc005-f174-46aa-8dc4-c595c0e32047,3f198622-cd7a-42ae-81de-cbf009ce08e8,aadbaae0-55ae-4574-bba5-0d12aa573bf5,2026-08-07T00:44:55.776671,Enterprise Deal - NexGen Software,288772.32,2026-05-02T23:44:57.776686,3a7a726c-307e-4e71-8d43-f4ec0d020101,2026-08-04T04:01:29.776671,e4a0f782-d61b-4052-849d-5679c682e6e0
9115c857-24ca-49d0-8ba4-4a561d026f31,fa6b3223-0c9a-40e9-b075-9220ef58763e,,,3f198622-cd7a-42ae-81de-cbf009ce08e8,14d8ebe2-35fa-4bd3-9c90-f94ee02f9955,2026-06-03T11:32:23.776696,Premium Deal - Apex Health,351195.22,2026-09-21T22:32:56.776711,b0e0e9fd-ef8b-47d5-b426-0e52c2535506,2026-06-03T09:42:27.776696,c5b0aadb-faf1-42c1-9dd1-d8c4c6bf6834
aa3144fe-e3f6-45bd-be34-1bc193ffdd9e,fa6b3223-0c9a-40e9-b075-9220ef58763e,bbc6bf58-3110-4967-8ccb-2847e49614f9,,3f198622-cd7a-42ae-81de-cbf009ce08e8,0d661f79-fca3-41a4-a3a6-a2e3a3aea0f4,2026-04-12T17:17:53.776721,Custom Deal - Crystal Clear,165420.91,2026-12-26T03:30:55.776736,d3f2a2a5-f425-4786-ac66-99c3ddb5fe75,2026-03-04T09:41:13.776721,c7ad0281-d620-4eef-92e6-7a52117c0a8e
5e189cd6-aeaa-42e4-b9cf-1de810163205,fa6b3223-0c9a-40e9-b075-9220ef58763e,0deaa9e3-73e0-476d-8399-48854ad0f18f,,3f198622-cd7a-42ae-81de-cbf009ce08e8,0d661f79-fca3-41a4-a3a6-a2e3a3aea0f4,2026-07-04T18:57:37.776747,Starter Deal - NexGen Software,80163.41,2026-10-20T07:17:23.776766,056273a6-60a0-4f5f-96b3-0a1f9b494aa8,2026-01-24T23:39:17.776747,02aa60b8-30fa-45cc-90ce-706799bfffeb
e41c0680-6828-433f-bb03-4a5273b3d965,fa6b3223-0c9a-40e9-b075-9220ef58763e,46a8d2c2-43f2-453d-ad03-74c6f11ad322,,3f198622-cd7a-42ae-81de-cbf009ce08e8,dc0728f8-08cf-446b-89ac-dc7d90eabcd5,2026-08-06T18:00:24.776779,Enterprise Deal - Horizon Media,462071.56,2026-12-07T15:20:07.776793,77216429-0c61-4206-8455-fea64c0b6917,2026-08-06T18:00:24.776779,3a7a726c-307e-4e71-8d43-f4ec0d020101
79f9706b-0e72-4d10-80d0-d7524e3fba89,fa6b3223-0c9a-40e9-b075-9220ef58763e,e1857bfa-cce5-495e-b356-87c0b59b744f,,3f198622-cd7a-42ae-81de-cbf009ce08e8,dc0728f8-08cf-446b-89ac-dc7d90eabcd5,2025-12-12T04:28:55.776810,Starter Deal - Prism Technologies,483497.02,2026-09-13T19:53:12.776825,793561a3-4c41-4b4b-9ec6-6527903d3e02,2025-09-04T18:15:52.776810,73a569a6-1e94-43c5-ab7e-31c0c0b2a6fb
eaf41111-3639-423e-9725-54bd3afc1a6e,fa6b3223-0c9a-40e9-b075-9220ef58763e,9a18edbe-09a1-4898-b181-9f2f6bbcf52a,,3f198622-cd7a-42ae-81de-cbf009ce08e8,8b84fce2-33e6-4421-9357-cf96231edc43,2026-04-19T05:11:51.776835,Growth Deal - Diamond Edge,272431.83,2026-04-19T06:31:41.776850,77216429-0c61-4206-8455-fea64c0b6917,2025-08-23T06:15:36.776835,793561a3-4c41-4b4b-9ec6-6527903d3e02
8f352e28-16fd-4e48-931b-1a37e89fe5a6,fa6b3223-0c9a-40e9-b075-9220ef58763e,,79f9b0a5-4319-4c47-9756-e1100a330c70,3f198622-cd7a-42ae-81de-cbf009ce08e8,aadbaae0-55ae-4574-bba5-0d12aa573bf5,2026-08-03T17:43:18.776860,Starter Deal - Prism Technologies,163238.07,2026-06-08T08:27:47.776876,793561a3-4c41-4b4b-9ec6-6527903d3e02,2026-05-04T12:38:33.776860,c5b0aadb-faf1-42c1-9dd1-d8c4c6bf6834
99cc8010-a12b-4119-a2e6-458b89481410,fa6b3223-0c9a-40e9-b075-9220ef58763e,,,3f198622-cd7a-42ae-81de-cbf009ce08e8,dc0728f8-08cf-446b-89ac-dc7d90eabcd5,2026-05-06T15:33:04.776885,Premium Deal - Crystal Clear,184700.91,2027-02-02T07:03:51.776900,73a569a6-1e94-43c5-ab7e-31c0c0b2a6fb,2025-08-26T15:04:56.776885,b0e0e9fd-ef8b-47d5-b426-0e52c2535506
d05f3342-2e9c-4602-8b44-c26919f44b36,fa6b3223-0c9a-40e9-b075-9220ef58763e,db6452df-9e9c-4737-84b4-c42d9d05a442,a728316f-7058-4057-9374-00175ed29382,3f198622-cd7a-42ae-81de-cbf009ce08e8,a4d2b484-1dfe-4c8e-a181-666ce27e300d,2026-03-27T09:37:58.776911,Premium Deal - Crystal Corp,416180.22,2026-08-25T05:14:45.776927,73a569a6-1e94-43c5-ab7e-31c0c0b2a6fb,2026-02-27T10:31:51.776911,02aa60b8-30fa-45cc-90ce-706799bfffeb
57171b3d-96f7-49ff-ae26-7473784ef62d,fa6b3223-0c9a-40e9-b075-9220ef58763e,c19cfd68-8b9c-4286-af3e-1cf5e14275ea,,3f198622-cd7a-42ae-81de-cbf009ce08e8,dc0728f8-08cf-446b-89ac-dc7d90eabcd5,2025-10-28T05:33:43.776937,Growth Deal - Forge Industries,142666.42,2026-09-30T18:29:12.776952,793561a3-4c41-4b4b-9ec6-6527903d3e02,2025-09-06T11:03:22.776937,3a7a726c-307e-4e71-8d43-f4ec0d020101
b653c897-3adc-4e59-a009-99b8f1fe97bd,7179207a-0cc9-48e0-87e1-8cd7d2f9f721,,e3061b89-5937-489b-8589-75f82a8ad37d,4ce83c9d-842a-4e12-8d19-adbf86176f14,0f3f5077-3722-492e-9597-b731770ec559,2026-05-15T17:56:54.780490,Custom Deal - Atlas Computing,163028.35,2026-11-07T20:22:47.780564,b76f0d06-487f-4c14-97a4-859d3404b661,2026-01-29T20:54:20.780490,02fc8d0f-48ca-4ab5-95da-9f2f51d44e5b
081344e9-dbad-4f2a-82b5-54f009dc630f,7179207a-0cc9-48e0-87e1-8cd7d2f9f721,bd8f8248-354b-434b-b9c6-c14828b2a630,,4ce83c9d-842a-4e12-8d19-adbf86176f14,0f3f5077-3722-492e-9597-b731770ec559,2026-07-31T22:15:51.780584,Premium Deal - RedRock Ventures,190921.0,2026-12-16T02:01:39.780606,8c00e028-41da-4e2c-91bf-e06c6f74595b,2025-11-04T07:54:17.780584,46cb662a-e863-4194-99df-ab55ff22701c
ae35f1fe-7202-4567-bff0-0db86671e576,7179207a-0cc9-48e0-87e1-8cd7d2f9f721,efec7465-2c87-4e0e-853a-b7b875f0fd6c,,4ce83c9d-842a-4e12-8d19-adbf86176f14,91718b5b-2d79-4152-84fa-45b6bf72a72b,2026-07-19T03:08:47.780619,Custom Deal - BlueShift Labs,213156.83,2026-05-20T02:45:33.780637,ece82b98-28d8-4c7e-94ba-1bb820731ba5,2025-09-10T11:14:01.780619,1773f9d2-3516-4ff5-9acc-3b6a7b2ce872
7bd44fe2-d9fa-4fae-8b7c-796f23965d4d,7179207a-0cc9-48e0-87e1-8cd7d2f9f721,4e88122f-7f5a-4948-b690-fef97d696046,4c878815-39d3-4b6b-86a7-b94449914ca9,4ce83c9d-842a-4e12-8d19-adbf86176f14,91718b5b-2d79-4152-84fa-45b6bf72a72b,2026-07-02T03:43:26.780659,Starter Deal - Summit Analytics,122429.52,2026-05-11T09:53:10.780677,e16f7e8e-9f87-481c-a95f-799224a1dd30,2026-06-29T13:37:48.780659,bebdbef1-3be2-4351-a13f-43e46af2a5a2
f98797bc-5bcb-4b96-ad26-1149751562c5,7179207a-0cc9-48e0-87e1-8cd7d2f9f721,bac9fca9-dcd2-40a1-8305-7ada9aa2e1f9,ee8b44da-e14e-4ff5-a9e6-7c13eef301d9,4ce83c9d-842a-4e12-8d19-adbf86176f14,0f3f5077-3722-492e-9597-b731770ec559,2026-03-19T05:12:00.780688,Starter Deal - RedRock Ventures,206236.23,2027-02-05T04:15:41.780705,ded2cebc-b69e-4191-9d44-4929e9d428d1,2025-10-28T07:20:02.780688,b76f0d06-487f-4c14-97a4-859d3404b661
184be003-39a5-4d64-8de4-bada83b5d783,7179207a-0cc9-48e0-87e1-8cd7d2f9f721,f15568da-dced-4c38-b133-b791bf34d031,,4ce83c9d-842a-4e12-8d19-adbf86176f14,163c8694-7cb3-4521-a5a0-ca5e793bd56e,2026-03-02T20:14:25.780716,Growth Deal - Summit Analytics,445259.08,2026-09-21T08:28:29.780732,02fc8d0f-48ca-4ab5-95da-9f2f51d44e5b,2025-12-08T04:56:58.780716,bebdbef1-3be2-4351-a13f-43e46af2a5a2
90e319ea-9ac3-4194-9217-287a63d974c6,7179207a-0cc9-48e0-87e1-8cd7d2f9f721,9ef91afe-f682-4120-b022-08d15d3b7ec9,,4ce83c9d-842a-4e12-8d19-adbf86176f14,6ee979bb-8c4e-4255-b39a-ef56528a94f4,2026-05-29T12:24:44.780742,Growth Deal - Ruby Software,42808.65,2026-11-12T05:49:19.780758,de2d46fb-a956-4b96-bc60-115ccf0715a6,2026-04-06T20:11:46.780742,7d137f66-8604-40bf-ba81-6af4667de5ac
d52703f9-28ad-40c3-96a5-ee69bf104074,7179207a-0cc9-48e0-87e1-8cd7d2f9f721,cd46a393-9e9f-467f-8f5f-a89de1eb1111,8053dbd2-d8d5-489c-b81f-8b5dcd0b03a8,4ce83c9d-842a-4e12-8d19-adbf86176f14,adf111f0-9f7b-42a3-b8d2-509d4f2cc58d,2026-01-27T05:57:52.780774,Custom Deal - Nimbus Networks,177958.71,2026-10-03T20:46:16.780791,ded2cebc-b69e-4191-9d44-4929e9d428d1,2025-11-27T03:26:06.780774,e52849ba-01bf-4e30-a6ad-e02749ff23a9
e9047e13-edef-4ca7-bc35-96817bda1a56,7179207a-0cc9-48e0-87e1-8cd7d2f9f721,bb300901-cb46-4d68-9104-83b5325c1c25,,4ce83c9d-842a-4e12-8d19-adbf86176f14,adf111f0-9f7b-42a3-b8d2-509d4f2cc58d,2026-05-13T19:06:50.780801,Enterprise Deal - Pulse Digital,220062.8,2026-12-18T22:18:13.780816,02fc8d0f-48ca-4ab5-95da-9f2f51d44e5b,2026-01-23T12:14:10.780801,b76f0d06-487f-4c14-97a4-859d3404b661
bd0d6bfc-6e4b-4e43-8802-ac22344a8693,7179207a-0cc9-48e0-87e1-8cd7d2f9f721,,,4ce83c9d-842a-4e12-8d19-adbf86176f14,adf111f0-9f7b-42a3-b8d2-509d4f2cc58d,2026-07-30T07:22:06.780827,Premium Deal - Catalyst Group,200998.31,2027-01-08T09:56:15.780842,b76f0d06-487f-4c14-97a4-859d3404b661,2025-10-13T21:52:34.780827,e52849ba-01bf-4e30-a6ad-e02749ff23a9
51eb1d8a-33b7-4548-82c9-6c3c4da1e55e,7179207a-0cc9-48e0-87e1-8cd7d2f9f721,bc1cb52b-0f8f-4aa7-b1cc-7ef798730e10,,4ce83c9d-842a-4e12-8d19-adbf86176f14,91718b5b-2d79-4152-84fa-45b6bf72a72b,2026-06-07T20:42:24.780853,Premium Deal - Prism Technologies,92743.54,2026-04-28T11:52:05.780869,de2d46fb-a956-4b96-bc60-115ccf0715a6,2026-03-07T06:42:45.780853,0002ada9-8f33-49a6-b9b4-7aa4a8a79084
28d6e476-e9ac-4bdc-9677-d9f675c634e4,7179207a-0cc9-48e0-87e1-8cd7d2f9f721,0abb7f8e-abfd-4998-81f8-a52207d41a62,271045cd-04c0-41a0-b6b6-924b0a561cb1,4ce83c9d-842a-4e12-8d19-adbf86176f14,adf111f0-9f7b-42a3-b8d2-509d4f2cc58d,2026-07-09T08:33:49.780879,Growth Deal - Forge Industries,285700.85,2026-10-08T23:54:26.780895,02fc8d0f-48ca-4ab5-95da-9f2f51d44e5b,2026-06-05T17:36:36.780879,1773f9d2-3516-4ff5-9acc-3b6a7b2ce872
29100c18-276c-459e-a56f-c0408197116c,7179207a-0cc9-48e0-87e1-8cd7d2f9f721,e71b2cbe-3e35-4481-8124-e10db9f0cac7,66976ba2-38e9-4a46-aac4-363db0c457d3,4ce83c9d-842a-4e12-8d19-adbf86176f14,0f3f5077-3722-492e-9597-b731770ec559,2026-01-11T15:48:34.780905,Starter Deal - IronClad Security,120735.89,2026-10-04T10:32:32.780921,ece82b98-28d8-4c7e-94ba-1bb820731ba5,2025-11-17T21:27:17.780905,46cb662a-e863-4194-99df-ab55ff22701c
f7f1a3cf-7588-4c11-a601-8068eaa18886,7179207a-0cc9-48e0-87e1-8cd7d2f9f721,be1c149f-bb99-4914-80a8-3de4a1f37a52,,4ce83c9d-842a-4e12-8d19-adbf86176f14,163c8694-7cb3-4521-a5a0-ca5e793bd56e,2026-02-01T05:45:19.780935,Premium Deal - BrightStar Inc,342930.76,2026-09-10T00:16:47.780951,0002ada9-8f33-49a6-b9b4-7aa4a8a79084,2025-12-06T07:04:28.780935,b76f0d06-487f-4c14-97a4-859d3404b661
25612010-2c7d-4c1e-bc6f-e85137db1409,7179207a-0cc9-48e0-87e1-8cd7d2f9f721,4fb86e78-114e-4b02-ab02-a15fa05fadc1,3ef1de54-9996-4fb6-8764-1d0bf830dfb6,4ce83c9d-842a-4e12-8d19-adbf86176f14,0f3f5077-3722-492e-9597-b731770ec559,2026-07-01T11:38:09.780962,Premium Deal - Velocity Labs,449233.1,2026-10-22T01:15:21.780978,1773f9d2-3516-4ff5-9acc-3b6a7b2ce872,2025-11-14T12:14:53.780962,a120de43-c4d0-46d0-8c1a-3b6044216650
b2e3e1ff-4548-4faf-b0cf-4adb119233d7,7179207a-0cc9-48e0-87e1-8cd7d2f9f721,,,4ce83c9d-842a-4e12-8d19-adbf86176f14,adf111f0-9f7b-42a3-b8d2-509d4f2cc58d,2025-12-31T21:22:49.780987,Custom Deal - Iron Mountain,354059.24,2026-10-31T07:06:31.781002,ded2cebc-b69e-4191-9d44-4929e9d428d1,2025-11-04T13:55:58.780987,de2d46fb-a956-4b96-bc60-115ccf0715a6
1b4f98c4-2967-4218-a4a3-6428f403f69f,7179207a-0cc9-48e0-87e1-8cd7d2f9f721,77446f84-5733-4d70-82ae-d84ad586e4a7,,4ce83c9d-842a-4e12-8d19-adbf86176f14,6ee979bb-8c4e-4255-b39a-ef56528a94f4,2025-09-26T12:45:41.781012,Starter Deal - Pearl Analytics,379152.22,2027-01-27T05:42:35.781037,bebdbef1-3be2-4351-a13f-43e46af2a5a2,2025-09-10T19:57:37.781012,e16f7e8e-9f87-481c-a95f-799224a1dd30
d4cde6e8-f554-4083-a5de-8d50f35b0a01,7179207a-0cc9-48e0-87e1-8cd7d2f9f721,,,4ce83c9d-842a-4e12-8d19-adbf86176f14,44fcc00f-594d-4ff5-a461-9d3ac82ca711,2026-05-20T22:32:23.781070,Growth Deal - Ruby Software,474402.96,2026-06-24T15:54:05.781099,e16f7e8e-9f87-481c-a95f-799224a1dd30,2025-08-07T06:42:15.781070,02fc8d0f-48ca-4ab5-95da-9f2f51d44e5b
adf44606-ab7e-4cc2-9551-0fc122794f65,7179207a-0cc9-48e0-87e1-8cd7d2f9f721,,,4ce83c9d-842a-4e12-8d19-adbf86176f14,6ee979bb-8c4e-4255-b39a-ef56528a94f4,2026-04-06T07:58:59.781109,Enterprise Deal - DataFlow Systems,390148.04,2027-01-04T13:53:21.781125,46cb662a-e863-4194-99df-ab55ff22701c,2026-02-09T15:34:51.781109,b76f0d06-487f-4c14-97a4-859d3404b661
e2cb8853-4f61-4e24-98d2-21c1d518ce02,7179207a-0cc9-48e0-87e1-8cd7d2f9f721,,8ee1ce07-19db-4109-ad18-4054f35c038a,4ce83c9d-842a-4e12-8d19-adbf86176f14,0f3f5077-3722-492e-9597-b731770ec559,2026-08-04T11:56:43.781135,Growth Deal - BrightStar Inc,307187.23,2026-10-07T21:43:32.781151,34cd9ae9-7de1-4193-9109-53462c16ece9,2026-08-01T23:21:00.781135,e52849ba-01bf-4e30-a6ad-e02749ff23a9
84715d17-3522-4675-ae77-84b5943cb552,7179207a-0cc9-48e0-87e1-8cd7d2f9f721,ef1f32e2-82d0-438d-9188-8197f2604ee4,2ccd76b4-7369-42f5-a85b-702f929e5ce5,4ce83c9d-842a-4e12-8d19-adbf86176f14,44fcc00f-594d-4ff5-a461-9d3ac82ca711,2026-08-02T16:41:01.781161,Enterprise Deal - Crystal Corp,231512.53,2026-06-24T15:58:47.781177,02fc8d0f-48ca-4ab5-95da-9f2f51d44e5b,2026-04-28T10:02:27.781161,a120de43-c4d0-46d0-8c1a-3b6044216650
dd603ca3-dbcd-4bed-98fc-91dae460ad65,7179207a-0cc9-48e0-87e1-8cd7d2f9f721,,,4ce83c9d-842a-4e12-8d19-adbf86176f14,0f3f5077-3722-492e-9597-b731770ec559,2026-05-05T13:28:15.781192,Growth Deal - Pulse Digital,192765.4,2026-11-23T18:23:31.781207,e52849ba-01bf-4e30-a6ad-e02749ff23a9,2026-03-25T20:05:15.781192,bebdbef1-3be2-4351-a13f-43e46af2a5a2
d6825056-d719-43a2-8b95-2569809da582,7179207a-0cc9-48e0-87e1-8cd7d2f9f721,,,4ce83c9d-842a-4e12-8d19-adbf86176f14,163c8694-7cb3-4521-a5a0-ca5e793bd56e,2026-04-25T22:28:31.781217,Enterprise Deal - Amber Industries,54062.33,2026-08-23T08:34:10.781232,1773f9d2-3516-4ff5-9acc-3b6a7b2ce872,2026-02-15T14:22:07.781217,7d137f66-8604-40bf-ba81-6af4667de5ac
6dd29266-33ea-4642-8fa8-020d2324ab9e,7179207a-0cc9-48e0-87e1-8cd7d2f9f721,83478fed-f964-43ee-8899-36020a60e4bf,,4ce83c9d-842a-4e12-8d19-adbf86176f14,6ee979bb-8c4e-4255-b39a-ef56528a94f4,2026-01-06T15:06:20.781246,Starter Deal - Jade Consulting,485906.89,2026-08-13T07:16:33.781262,b76f0d06-487f-4c14-97a4-859d3404b661,2025-10-24T13:57:42.781246,46cb662a-e863-4194-99df-ab55ff22701c
7ca4e6ea-479a-40e9-8b4a-7b81af62912d,7179207a-0cc9-48e0-87e1-8cd7d2f9f721,,77b1067b-e95d-4a21-be33-52bec97b1c8c,4ce83c9d-842a-4e12-8d19-adbf86176f14,44fcc00f-594d-4ff5-a461-9d3ac82ca711,2026-07-22T15:24:21.781273,Starter Deal - Onyx Data,137326.61,2026-05-02T00:47:00.781288,ece82b98-28d8-4c7e-94ba-1bb820731ba5,2026-04-25T17:33:05.781273,02fc8d0f-48ca-4ab5-95da-9f2f51d44e5b
a949d770-f2a6-4550-89aa-1c5333dd0706,7179207a-0cc9-48e0-87e1-8cd7d2f9f721,,,4ce83c9d-842a-4e12-8d19-adbf86176f14,44fcc00f-594d-4ff5-a461-9d3ac82ca711,2026-07-31T05:05:24.781298,Starter Deal - BrightStar Inc,196473.59,2026-05-06T12:51:59.781313,b76f0d06-487f-4c14-97a4-859d3404b661,2026-07-21T18:22:59.781298,7d137f66-8604-40bf-ba81-6af4667de5ac
07e8b0d5-ddb4-4b45-9fb6-5e9b6be8d04b,7179207a-0cc9-48e0-87e1-8cd7d2f9f721,2cba7a0f-44f6-4331-893c-16161a286fd0,,4ce83c9d-842a-4e12-8d19-adbf86176f14,91718b5b-2d79-4152-84fa-45b6bf72a72b,2026-07-27T16:53:37.781323,Enterprise Deal - Forge Industries,450913.55,2026-07-03T23:23:38.781339,1773f9d2-3516-4ff5-9acc-3b6a7b2ce872,2026-07-23T08:11:13.781323,e52849ba-01bf-4e30-a6ad-e02749ff23a9
02d7a971-9a48-4f30-b1e9-a603b8f231d3,7179207a-0cc9-48e0-87e1-8cd7d2f9f721,85580496-3898-4d8c-ad09-2bb7dc728377,c18c3f04-97ba-465f-916e-10051a4c81d9,4ce83c9d-842a-4e12-8d19-adbf86176f14,6ee979bb-8c4e-4255-b39a-ef56528a94f4,2026-07-29T19:57:31.781350,Premium Deal - Cobalt Systems,297020.86,2026-08-20T01:12:41.781374,de2d46fb-a956-4b96-bc60-115ccf0715a6,2026-07-16T10:41:03.781350,0002ada9-8f33-49a6-b9b4-7aa4a8a79084
fbb79c75-2c86-4524-bce3-ff85c27bb181,7179207a-0cc9-48e0-87e1-8cd7d2f9f721,6814fd59-10eb-4ed4-99a5-789ccd3660fb,e233713f-7bcd-401a-869d-d61cc5106754,4ce83c9d-842a-4e12-8d19-adbf86176f14,adf111f0-9f7b-42a3-b8d2-509d4f2cc58d,2026-06-28T13:22:51.781385,Growth Deal - Iron Mountain,493983.57,2026-09-06T02:19:37.781401,7d137f66-8604-40bf-ba81-6af4667de5ac,2026-02-10T07:28:46.781385,8c00e028-41da-4e2c-91bf-e06c6f74595b
fd3d4c60-a162-4b63-8d68-15a4d0318b78,7179207a-0cc9-48e0-87e1-8cd7d2f9f721,fc46634b-4bcd-4b1f-a0f0-a42e9d2c4d92,,4ce83c9d-842a-4e12-8d19-adbf86176f14,163c8694-7cb3-4521-a5a0-ca5e793bd56e,2026-05-15T15:20:11.781411,Premium Deal - Atlas Computing,40246.44,2026-10-27T08:18:05.781426,34cd9ae9-7de1-4193-9109-53462c16ece9,2026-02-26T17:24:24.781411,8c00e028-41da-4e2c-91bf-e06c6f74595b
263e8650-e9b8-4c5f-b51f-648d289c2baa,7179207a-0cc9-48e0-87e1-8cd7d2f9f721,,9ba0b040-52b7-49b9-ba62-48b920c913e9,4ce83c9d-842a-4e12-8d19-adbf86176f14,6ee979bb-8c4e-4255-b39a-ef56528a94f4,2026-04-18T21:27:07.781436,Starter Deal - BrightStar Inc,56416.26,2026-08-24T01:27:06.781451,b76f0d06-487f-4c14-97a4-859d3404b661,2025-10-04T14:31:23.781436,0002ada9-8f33-49a6-b9b4-7aa4a8a79084
3b19c72b-ff93-4a42-b866-f1b5338e2cec,7179207a-0cc9-48e0-87e1-8cd7d2f9f721,862e8471-8da3-4bb7-87aa-f2d2f1d13d99,,4ce83c9d-842a-4e12-8d19-adbf86176f14,44fcc00f-594d-4ff5-a461-9d3ac82ca711,2026-06-28T13:05:14.781461,Premium Deal - Crystal Corp,210610.26,2026-04-26T00:00:29.781477,02fc8d0f-48ca-4ab5-95da-9f2f51d44e5b,2025-12-09T11:09:09.781461,de2d46fb-a956-4b96-bc60-115ccf0715a6
fd08a872-7aea-4afa-806f-a267cb0ec4b3,7179207a-0cc9-48e0-87e1-8cd7d2f9f721,a3b3dadf-e40b-4b15-b497-e1b542770176,e0f788d4-3fed-4fef-bd44-b606123535e9,4ce83c9d-842a-4e12-8d19-adbf86176f14,0f3f5077-3722-492e-9597-b731770ec559,2026-04-19T11:48:35.781488,Growth Deal - CloudPeak Analytics,404445.96,2026-08-21T11:31:33.781504,de2d46fb-a956-4b96-bc60-115ccf0715a6,2026-03-24T09:38:34.781488,b76f0d06-487f-4c14-97a4-859d3404b661
d7852db3-623b-4197-9e30-0e6bdb0b4b0e,7179207a-0cc9-48e0-87e1-8cd7d2f9f721,,fc98371e-20fd-466f-8375-cbda4460de59,4ce83c9d-842a-4e12-8d19-adbf86176f14,6ee979bb-8c4e-4255-b39a-ef56528a94f4,2026-07-19T16:12:07.781519,Enterprise Deal - Cobalt Systems,369520.48,2026-12-15T06:41:47.781544,02fc8d0f-48ca-4ab5-95da-9f2f51d44e5b,2026-07-09T04:56:53.781519,8c00e028-41da-4e2c-91bf-e06c6f74595b
ea33c202-7ce7-46d3-8a73-bf1bb93e3e77,7179207a-0cc9-48e0-87e1-8cd7d2f9f721,27517cc9-f2c9-4611-87c5-4568ab1f8291,,4ce83c9d-842a-4e12-8d19-adbf86176f14,163c8694-7cb3-4521-a5a0-ca5e793bd56e,2026-03-27T06:16:27.781556,Premium Deal - Sterling Finance,371395.46,2026-08-14T01:45:34.781577,de2d46fb-a956-4b96-bc60-115ccf0715a6,2026-03-18T18:37:17.781556,0002ada9-8f33-49a6-b9b4-7aa4a8a79084
e04337b5-2e25-46fd-bdcc-4e5829c9d13e,7179207a-0cc9-48e0-87e1-8cd7d2f9f721,c0797a38-9923-4bbe-b191-1b712c0354f8,,4ce83c9d-842a-4e12-8d19-adbf86176f14,0f3f5077-3722-492e-9597-b731770ec559,2026-05-31T19:20:34.781587,Growth Deal - Velocity Labs,110379.83,2026-11-10T15:21:46.781603,34cd9ae9-7de1-4193-9109-53462c16ece9,2026-04-29T19:09:23.781587,ded2cebc-b69e-4191-9d44-4929e9d428d1
3ae09b2c-e7ab-410c-b016-d5f664e8869c,7179207a-0cc9-48e0-87e1-8cd7d2f9f721,0014ddb7-2637-4121-a378-2bc4aafbc7a2,18c64105-f097-4bc5-a7dc-f2875cdec4a6,4ce83c9d-842a-4e12-8d19-adbf86176f14,0f3f5077-3722-492e-9597-b731770ec559,2026-03-27T05:26:16.781613,Growth Deal - NexGen Software,306781.63,2027-01-15T11:52:00.781629,ded2cebc-b69e-4191-9d44-4929e9d428d1,2025-10-29T10:00:34.781613,de2d46fb-a956-4b96-bc60-115ccf0715a6
df80466e-cc3f-4f68-bbc6-84a6625a2199,7179207a-0cc9-48e0-87e1-8cd7d2f9f721,b8033598-ecaa-4f16-8368-001b09805d30,65069e59-6114-45d2-9fb2-17f343cf0809,4ce83c9d-842a-4e12-8d19-adbf86176f14,adf111f0-9f7b-42a3-b8d2-509d4f2cc58d,2026-07-02T04:52:42.781639,Enterprise Deal - Atlas Computing,217352.58,2026-08-31T10:23:18.781655,ece82b98-28d8-4c7e-94ba-1bb820731ba5,2025-12-24T00:43:58.781639,0002ada9-8f33-49a6-b9b4-7aa4a8a79084
d254cad7-f48a-4211-b651-80617be115e9,7179207a-0cc9-48e0-87e1-8cd7d2f9f721,,,4ce83c9d-842a-4e12-8d19-adbf86176f14,6ee979bb-8c4e-4255-b39a-ef56528a94f4,2026-04-04T06:34:49.781664,Growth Deal - ClearView Corp,409116.82,2026-10-11T16:21:03.781679,0002ada9-8f33-49a6-b9b4-7aa4a8a79084,2026-01-27T06:02:33.781664,ded2cebc-b69e-4191-9d44-4929e9d428d1
9dec375e-bab4-49f3-98d4-c796166ec3de,7179207a-0cc9-48e0-87e1-8cd7d2f9f721,,0df82a12-8318-452b-be01-c4615eece3b2,4ce83c9d-842a-4e12-8d19-adbf86176f14,44fcc00f-594d-4ff5-a461-9d3ac82ca711,2026-01-24T15:50:45.781689,Premium Deal - RedRock Ventures,396055.78,2026-06-18T01:38:02.781704,e52849ba-01bf-4e30-a6ad-e02749ff23a9,2026-01-18T19:35:13.781689,34cd9ae9-7de1-4193-9109-53462c16ece9
89fb927c-0b70-42c8-b8d4-6dbafe200b25,7179207a-0cc9-48e0-87e1-8cd7d2f9f721,,,4ce83c9d-842a-4e12-8d19-adbf86176f14,6ee979bb-8c4e-4255-b39a-ef56528a94f4,2026-06-05T23:56:58.781714,Enterprise Deal - Golden Ratio,127580.53,2026-11-10T10:48:14.781729,1773f9d2-3516-4ff5-9acc-3b6a7b2ce872,2025-08-14T22:25:33.781714,0002ada9-8f33-49a6-b9b4-7aa4a8a79084
73a044a9-2818-4af3-bc41-fd41b47757ba,7179207a-0cc9-48e0-87e1-8cd7d2f9f721,,,4ce83c9d-842a-4e12-8d19-adbf86176f14,6ee979bb-8c4e-4255-b39a-ef56528a94f4,2026-06-30T09:03:34.781759,Enterprise Deal - Copper Systems,447517.47,2026-09-14T14:30:26.781774,0002ada9-8f33-49a6-b9b4-7aa4a8a79084,2026-06-09T11:30:29.781759,e16f7e8e-9f87-481c-a95f-799224a1dd30
e98f8410-94ac-47e8-a729-294f28502238,7179207a-0cc9-48e0-87e1-8cd7d2f9f721,4311069a-76e3-433d-ac85-eb8c2bb9e586,d723fc70-2400-45a7-b1d4-2c349a97bc2e,4ce83c9d-842a-4e12-8d19-adbf86176f14,163c8694-7cb3-4521-a5a0-ca5e793bd56e,2026-04-07T09:20:22.781785,Enterprise Deal - Golden Ratio,349142.96,2026-08-30T16:05:37.781801,e16f7e8e-9f87-481c-a95f-799224a1dd30,2026-02-12T16:25:02.781785,e16f7e8e-9f87-481c-a95f-799224a1dd30
26b3706a-e920-48c5-9aea-01cebf1f4f80,7179207a-0cc9-48e0-87e1-8cd7d2f9f721,,e252f0d5-efa2-488a-83ed-23eabfe340f8,4ce83c9d-842a-4e12-8d19-adbf86176f14,91718b5b-2d79-4152-84fa-45b6bf72a72b,2026-07-03T15:48:29.781815,Premium Deal - Ember Labs,401264.79,2026-06-13T13:03:15.781831,ece82b98-28d8-4c7e-94ba-1bb820731ba5,2026-04-13T03:30:16.781815,02fc8d0f-48ca-4ab5-95da-9f2f51d44e5b
8c59e48a-27b4-4d48-bd24-fcfa033366fc,7179207a-0cc9-48e0-87e1-8cd7d2f9f721,119587d6-8200-4ba7-b1a3-245c62cc1dbe,,4ce83c9d-842a-4e12-8d19-adbf86176f14,adf111f0-9f7b-42a3-b8d2-509d4f2cc58d,2026-01-21T02:59:18.781841,Growth Deal - Horizon Media,5128.18,2026-08-21T12:08:21.781856,8c00e028-41da-4e2c-91bf-e06c6f74595b,2025-12-03T19:16:44.781841,02fc8d0f-48ca-4ab5-95da-9f2f51d44e5b
128f3172-9601-42ca-9770-b1b06e4e0e4b,7179207a-0cc9-48e0-87e1-8cd7d2f9f721,039267db-f82e-42aa-96a2-16541bc3055a,,4ce83c9d-842a-4e12-8d19-adbf86176f14,6ee979bb-8c4e-4255-b39a-ef56528a94f4,2026-06-08T15:26:09.781866,Starter Deal - Prism Technologies,156344.87,2027-01-18T15:39:00.781882,7d137f66-8604-40bf-ba81-6af4667de5ac,2026-04-15T23:07:48.781866,02fc8d0f-48ca-4ab5-95da-9f2f51d44e5b
e2247824-4e3e-42c6-8193-587e2838f9d8,7179207a-0cc9-48e0-87e1-8cd7d2f9f721,67cb437a-f45e-4ef6-94e3-017ebc4f47f2,5fec04c3-9108-4cf4-9f76-2e9d15049e8b,4ce83c9d-842a-4e12-8d19-adbf86176f14,adf111f0-9f7b-42a3-b8d2-509d4f2cc58d,2026-03-23T09:29:54.781892,Custom Deal - Apex Health,404607.13,2026-08-16T23:25:18.781913,ece82b98-28d8-4c7e-94ba-1bb820731ba5,2026-02-20T23:21:24.781892,a120de43-c4d0-46d0-8c1a-3b6044216650
982cafaf-253a-4e91-a816-8d342fd747b2,7179207a-0cc9-48e0-87e1-8cd7d2f9f721,c6fa8381-a285-4685-ba84-2081cbfbbb85,7783b5f3-2e53-4adf-a826-0a38597b49da,4ce83c9d-842a-4e12-8d19-adbf86176f14,163c8694-7cb3-4521-a5a0-ca5e793bd56e,2026-04-03T20:31:45.781927,Premium Deal - Apex Health,29547.91,2026-11-11T05:17:33.781943,ece82b98-28d8-4c7e-94ba-1bb820731ba5,2026-03-19T20:31:23.781927,46cb662a-e863-4194-99df-ab55ff22701c
fa244dfa-465c-4710-ae5a-70d97094e8e3,7179207a-0cc9-48e0-87e1-8cd7d2f9f721,,e0f788d4-3fed-4fef-bd44-b606123535e9,4ce83c9d-842a-4e12-8d19-adbf86176f14,163c8694-7cb3-4521-a5a0-ca5e793bd56e,2026-04-04T10:21:32.781957,Custom Deal - Forge Industries,246744.81,2027-01-24T02:13:10.781973,0002ada9-8f33-49a6-b9b4-7aa4a8a79084,2025-11-05T18:54:27.781957,02fc8d0f-48ca-4ab5-95da-9f2f51d44e5b
4236403d-ce21-40b9-8e83-dc584da3b669,7179207a-0cc9-48e0-87e1-8cd7d2f9f721,55c5f3e2-04e6-4e4d-8046-89119999d497,,4ce83c9d-842a-4e12-8d19-adbf86176f14,0f3f5077-3722-492e-9597-b731770ec559,2026-01-06T11:55:53.781983,Premium Deal - Pearl Analytics,16342.6,2026-08-25T19:56:59.781999,de2d46fb-a956-4b96-bc60-115ccf0715a6,2025-09-25T02:55:40.781983,1773f9d2-3516-4ff5-9acc-3b6a7b2ce872
82ed8c51-5d8f-4fcd-8c8d-a6ca62000984,7179207a-0cc9-48e0-87e1-8cd7d2f9f721,701d938b-b459-43f6-b3ec-c52d7c833b2a,cc24500c-aefb-4f79-95b3-ee69f9682028,4ce83c9d-842a-4e12-8d19-adbf86176f14,0f3f5077-3722-492e-9597-b731770ec559,2026-06-17T18:09:48.782009,Enterprise Deal - Sterling Finance,329521.97,2027-01-20T12:04:00.782032,b76f0d06-487f-4c14-97a4-859d3404b661,2026-06-02T16:34:09.782009,1773f9d2-3516-4ff5-9acc-3b6a7b2ce872
09451a2b-56f8-4c09-bd15-2d30a8aa8183,7179207a-0cc9-48e0-87e1-8cd7d2f9f721,23cf06f9-3d2a-4066-9da5-5ca8a6662342,,4ce83c9d-842a-4e12-8d19-adbf86176f14,0f3f5077-3722-492e-9597-b731770ec559,2026-07-11T18:05:51.782042,Premium Deal - RedRock Ventures,39255.03,2026-08-28T11:58:11.782058,0002ada9-8f33-49a6-b9b4-7aa4a8a79084,2026-07-11T02:28:18.782042,46cb662a-e863-4194-99df-ab55ff22701c
6d6ea998-359b-466f-bb14-416ea5185889,7179207a-0cc9-48e0-87e1-8cd7d2f9f721,e6539299-3a19-4b0d-988b-6d1497c2486b,,4ce83c9d-842a-4e12-8d19-adbf86176f14,adf111f0-9f7b-42a3-b8d2-509d4f2cc58d,2026-07-23T01:37:17.782069,Growth Deal - ClearView Corp,499453.63,2026-11-08T07:15:56.782089,1773f9d2-3516-4ff5-9acc-3b6a7b2ce872,2026-02-01T07:38:05.782069,34cd9ae9-7de1-4193-9109-53462c16ece9
3261916a-98e7-4547-8c25-311283e06d2c,7179207a-0cc9-48e0-87e1-8cd7d2f9f721,,8bc17f17-4004-480a-8de0-9ca1c992619f,4ce83c9d-842a-4e12-8d19-adbf86176f14,91718b5b-2d79-4152-84fa-45b6bf72a72b,2025-09-16T21:38:51.782102,Starter Deal - Silver Stream,188225.29,2026-07-01T11:33:30.782118,34cd9ae9-7de1-4193-9109-53462c16ece9,2025-08-20T04:25:01.782102,e16f7e8e-9f87-481c-a95f-799224a1dd30
3650512f-a8f5-498b-b1e0-c441b117bf52,7179207a-0cc9-48e0-87e1-8cd7d2f9f721,,1bdda867-a371-43c6-8538-afa7d4065bad,4ce83c9d-842a-4e12-8d19-adbf86176f14,163c8694-7cb3-4521-a5a0-ca5e793bd56e,2026-01-30T04:11:41.782128,Growth Deal - ClearView Corp,54714.06,2026-11-03T05:45:26.782143,a120de43-c4d0-46d0-8c1a-3b6044216650,2025-08-30T22:42:10.782128,de2d46fb-a956-4b96-bc60-115ccf0715a6
d2bcd7f9-9a21-45ac-b32c-7e892c82545d,7179207a-0cc9-48e0-87e1-8cd7d2f9f721,626cc250-2293-4d4f-9926-14e05d43e8bd,cc5290ea-6b67-484d-9985-b1d98a5e87a6,4ce83c9d-842a-4e12-8d19-adbf86176f14,6ee979bb-8c4e-4255-b39a-ef56528a94f4,2026-04-12T02:56:04.782154,Enterprise Deal - Cobalt Systems,180753.34,2026-11-15T05:34:25.782170,ece82b98-28d8-4c7e-94ba-1bb820731ba5,2026-01-06T18:32:12.782154,ded2cebc-b69e-4191-9d44-4929e9d428d1
17a38606-85b7-41b1-81ee-5f9e48f129b5,7179207a-0cc9-48e0-87e1-8cd7d2f9f721,04899f4c-77db-499c-8f15-3b5d3dd784da,fb7419d1-5893-46bf-ae8a-891444659e75,4ce83c9d-842a-4e12-8d19-adbf86176f14,44fcc00f-594d-4ff5-a461-9d3ac82ca711,2026-02-08T06:51:41.782181,Enterprise Deal - Sapphire Tech,191401.23,2026-07-16T04:46:32.782198,34cd9ae9-7de1-4193-9109-53462c16ece9,2026-01-29T00:20:00.782181,ece82b98-28d8-4c7e-94ba-1bb820731ba5
4d28490b-4b33-4bad-878a-04fd8df78b8b,7179207a-0cc9-48e0-87e1-8cd7d2f9f721,cdefe87d-b711-4e38-b8ce-89b7c249804b,69a347d6-61cc-4280-a42d-a4184d98e2a0,4ce83c9d-842a-4e12-8d19-adbf86176f14,91718b5b-2d79-4152-84fa-45b6bf72a72b,2026-07-14T00:10:43.782209,Custom Deal - Ruby Software,82369.45,2026-05-30T05:00:07.782226,7d137f66-8604-40bf-ba81-6af4667de5ac,2026-03-22T04:25:25.782209,b76f0d06-487f-4c14-97a4-859d3404b661
f1bdf48b-92bb-4c5b-93cd-8d332baf7776,7179207a-0cc9-48e0-87e1-8cd7d2f9f721,aeb000b2-3824-42c7-be1d-ee72ce7071c2,9069136b-d357-452a-9e3d-7a8d94cba155,4ce83c9d-842a-4e12-8d19-adbf86176f14,6ee979bb-8c4e-4255-b39a-ef56528a94f4,2026-07-28T15:17:39.782237,Enterprise Deal - EverGreen Solutions,114476.54,2026-10-03T23:17:25.782253,a120de43-c4d0-46d0-8c1a-3b6044216650,2026-05-31T03:23:11.782237,ded2cebc-b69e-4191-9d44-4929e9d428d1
232e0305-0037-4399-949e-63b86e5a1208,7179207a-0cc9-48e0-87e1-8cd7d2f9f721,c17f168b-d768-42a5-8c8a-02ed8541d9b3,fc98371e-20fd-466f-8375-cbda4460de59,4ce83c9d-842a-4e12-8d19-adbf86176f14,adf111f0-9f7b-42a3-b8d2-509d4f2cc58d,2026-07-16T22:44:32.782264,Premium Deal - Horizon Media,47612.05,2026-12-28T06:01:58.782279,0002ada9-8f33-49a6-b9b4-7aa4a8a79084,2026-03-14T14:57:10.782264,de2d46fb-a956-4b96-bc60-115ccf0715a6
e88c777d-e933-4b8e-bf52-ae5c07c18f0e,7179207a-0cc9-48e0-87e1-8cd7d2f9f721,679e9402-04a2-4e96-8e75-2673c38fea3e,,4ce83c9d-842a-4e12-8d19-adbf86176f14,44fcc00f-594d-4ff5-a461-9d3ac82ca711,2026-07-21T19:26:31.782289,Premium Deal - Summit Analytics,139412.36,2026-06-09T06:25:23.782305,ece82b98-28d8-4c7e-94ba-1bb820731ba5,2026-03-17T18:37:08.782289,bebdbef1-3be2-4351-a13f-43e46af2a5a2
91986ed3-6718-4c48-870c-ddb939e2a955,7179207a-0cc9-48e0-87e1-8cd7d2f9f721,4ddf159d-fb19-476c-98a8-67754d9a74eb,,4ce83c9d-842a-4e12-8d19-adbf86176f14,6ee979bb-8c4e-4255-b39a-ef56528a94f4,2026-06-24T10:17:15.782315,Enterprise Deal - Iron Mountain,321227.69,2026-09-12T22:36:12.782336,1773f9d2-3516-4ff5-9acc-3b6a7b2ce872,2026-05-08T16:25:33.782315,a120de43-c4d0-46d0-8c1a-3b6044216650
8aaa1950-043a-4b0a-8a25-223b4e76601c,7179207a-0cc9-48e0-87e1-8cd7d2f9f721,,,4ce83c9d-842a-4e12-8d19-adbf86176f14,44fcc00f-594d-4ff5-a461-9d3ac82ca711,2026-03-12T12:55:42.782345,Premium Deal - Coral Health,322391.38,2026-04-29T00:46:28.782364,34cd9ae9-7de1-4193-9109-53462c16ece9,2026-03-11T14:07:32.782345,b76f0d06-487f-4c14-97a4-859d3404b661
dfb39fd9-6f0a-4b5f-8de3-0bb47f6e9811,7179207a-0cc9-48e0-87e1-8cd7d2f9f721,c1e32cba-384a-4d7a-9ea3-3360cd36e838,,4ce83c9d-842a-4e12-8d19-adbf86176f14,0f3f5077-3722-492e-9597-b731770ec559,2026-07-12T23:25:53.782378,Starter Deal - Copper Systems,423738.44,2026-11-03T22:33:40.782394,a120de43-c4d0-46d0-8c1a-3b6044216650,2026-06-24T13:01:39.782378,46cb662a-e863-4194-99df-ab55ff22701c
c1851ab9-a803-42d8-9d6f-88b97c05e32a,7179207a-0cc9-48e0-87e1-8cd7d2f9f721,,9f63a126-289a-436d-b3c0-21f6c4fc938e,4ce83c9d-842a-4e12-8d19-adbf86176f14,0f3f5077-3722-492e-9597-b731770ec559,2026-07-04T11:13:15.782404,Premium Deal - IronClad Security,92319.16,2026-09-29T10:26:39.782419,de2d46fb-a956-4b96-bc60-115ccf0715a6,2026-01-18T20:38:34.782404,ece82b98-28d8-4c7e-94ba-1bb820731ba5
8fe9c65c-a1a1-44e5-9f35-a7600abc3c76,7179207a-0cc9-48e0-87e1-8cd7d2f9f721,47af5911-8e56-46a8-8e51-99398839ca6e,de2b29b6-971f-47fc-8ce7-cf18f0f5ffb9,4ce83c9d-842a-4e12-8d19-adbf86176f14,163c8694-7cb3-4521-a5a0-ca5e793bd56e,2026-07-12T11:39:36.782429,Growth Deal - Steel Bridge,462112.6,2026-12-10T14:32:31.782444,b76f0d06-487f-4c14-97a4-859d3404b661,2026-03-25T23:29:51.782429,34cd9ae9-7de1-4193-9109-53462c16ece9
42213dd2-0133-49a7-8e76-e882dce61740,7179207a-0cc9-48e0-87e1-8cd7d2f9f721,,ec7ab146-e354-4aa1-8886-6a55c1083ea5,4ce83c9d-842a-4e12-8d19-adbf86176f14,163c8694-7cb3-4521-a5a0-ca5e793bd56e,2026-06-26T12:07:20.782454,Starter Deal - Bronze Gate,203543.93,2026-11-14T12:15:52.782469,7d137f66-8604-40bf-ba81-6af4667de5ac,2025-09-13T02:53:23.782454,8c00e028-41da-4e2c-91bf-e06c6f74595b
96c1d743-dfc3-4b8f-a450-d6e1a38ddc9a,7179207a-0cc9-48e0-87e1-8cd7d2f9f721,5225a208-b2c1-4ab6-a273-c6e8ebfce093,b3bcf1e5-aafc-4af0-be6b-c8faa8815587,4ce83c9d-842a-4e12-8d19-adbf86176f14,6ee979bb-8c4e-4255-b39a-ef56528a94f4,2026-08-06T18:36:14.782480,Custom Deal - Titan Industries,123330.55,2026-09-07T05:08:50.782496,b76f0d06-487f-4c14-97a4-859d3404b661,2026-06-05T01:58:46.782480,8c00e028-41da-4e2c-91bf-e06c6f74595b
b936feb1-709a-4f6b-81e6-426f0912a2ea,7179207a-0cc9-48e0-87e1-8cd7d2f9f721,581e80dc-817f-42c6-8676-54f24649c072,522beb3a-87bc-4e22-9b81-fd70c9b443af,4ce83c9d-842a-4e12-8d19-adbf86176f14,44fcc00f-594d-4ff5-a461-9d3ac82ca711,2026-03-17T08:19:28.782507,Custom Deal - Silver Stream,78141.21,2026-08-03T03:09:18.782525,de2d46fb-a956-4b96-bc60-115ccf0715a6,2026-03-14T12:15:04.782507,0002ada9-8f33-49a6-b9b4-7aa4a8a79084
335fd0a3-3e83-4581-ac23-947893b3f77e,7179207a-0cc9-48e0-87e1-8cd7d2f9f721,1fdb441d-b358-4d08-8435-34cc55efd236,01119dec-c620-4bed-b27f-ee40ff29f39d,4ce83c9d-842a-4e12-8d19-adbf86176f14,44fcc00f-594d-4ff5-a461-9d3ac82ca711,2026-07-01T12:21:16.782536,Starter Deal - Jade Consulting,199626.8,2026-05-18T07:26:22.782551,e16f7e8e-9f87-481c-a95f-799224a1dd30,2026-06-20T06:46:02.782536,0002ada9-8f33-49a6-b9b4-7aa4a8a79084
95a74f2e-963e-4df1-b8d2-3ffe46f030bc,7179207a-0cc9-48e0-87e1-8cd7d2f9f721,,affc07d0-d22d-455c-bad5-e8d6407663e7,4ce83c9d-842a-4e12-8d19-adbf86176f14,44fcc00f-594d-4ff5-a461-9d3ac82ca711,2026-08-06T14:20:02.782562,Enterprise Deal - Crystal Clear,139120.39,2026-06-02T19:23:50.782576,34cd9ae9-7de1-4193-9109-53462c16ece9,2026-05-05T22:41:25.782562,de2d46fb-a956-4b96-bc60-115ccf0715a6
4e4190da-78cf-4d9a-b5c8-1dabbe388ad3,7179207a-0cc9-48e0-87e1-8cd7d2f9f721,,b426edd1-ea9a-4bfa-ab40-fd5f23b23def,4ce83c9d-842a-4e12-8d19-adbf86176f14,6ee979bb-8c4e-4255-b39a-ef56528a94f4,2026-01-05T01:09:15.782586,Enterprise Deal - Vanguard Systems,8769.92,2027-02-04T12:07:04.782602,bebdbef1-3be2-4351-a13f-43e46af2a5a2,2025-11-13T20:26:29.782586,ece82b98-28d8-4c7e-94ba-1bb820731ba5
4b4a4d5b-c2a2-4290-9cf5-241676a2a36f,7179207a-0cc9-48e0-87e1-8cd7d2f9f721,,dfd79864-d9dd-4f60-b538-0cd59b3733a9,4ce83c9d-842a-4e12-8d19-adbf86176f14,91718b5b-2d79-4152-84fa-45b6bf72a72b,2026-07-09T18:54:21.782612,Custom Deal - Onyx Data,220390.21,2026-05-16T23:21:36.782627,ded2cebc-b69e-4191-9d44-4929e9d428d1,2026-05-23T07:19:07.782612,0002ada9-8f33-49a6-b9b4-7aa4a8a79084
12fc0c3f-5e85-44d9-9609-4bc656dda264,7179207a-0cc9-48e0-87e1-8cd7d2f9f721,,,4ce83c9d-842a-4e12-8d19-adbf86176f14,163c8694-7cb3-4521-a5a0-ca5e793bd56e,2026-06-10T00:38:50.782648,Starter Deal - Sterling Finance,96971.45,2026-12-04T02:26:45.782664,de2d46fb-a956-4b96-bc60-115ccf0715a6,2026-04-16T01:29:30.782648,8c00e028-41da-4e2c-91bf-e06c6f74595b
8a0c1726-7874-42dc-b012-f02c11757c84,7179207a-0cc9-48e0-87e1-8cd7d2f9f721,35e6f67e-dc28-4d0b-be46-77de8322f53d,,4ce83c9d-842a-4e12-8d19-adbf86176f14,adf111f0-9f7b-42a3-b8d2-509d4f2cc58d,2026-04-14T03:31:10.782674,Custom Deal - Cobalt Systems,421547.97,2026-09-01T13:17:22.782689,ded2cebc-b69e-4191-9d44-4929e9d428d1,2026-03-14T06:15:45.782674,8c00e028-41da-4e2c-91bf-e06c6f74595b
15e369ff-f2dc-4b9d-8b64-bde351a2aab8,7179207a-0cc9-48e0-87e1-8cd7d2f9f721,f23847d0-7360-4dcb-a689-715aeb02d323,98bfa1dd-7abb-4f8e-9a72-5b0aba010bf5,4ce83c9d-842a-4e12-8d19-adbf86176f14,163c8694-7cb3-4521-a5a0-ca5e793bd56e,2026-02-24T02:11:30.782721,Starter Deal - Steel Bridge,317664.27,2027-01-19T09:01:59.782738,0002ada9-8f33-49a6-b9b4-7aa4a8a79084,2026-02-10T02:25:16.782721,7d137f66-8604-40bf-ba81-6af4667de5ac
4e2835be-9f92-4c9f-9e6d-b551971555ed,7179207a-0cc9-48e0-87e1-8cd7d2f9f721,,d4f6677d-4b82-41d3-8f1a-50fc86324b97,4ce83c9d-842a-4e12-8d19-adbf86176f14,6ee979bb-8c4e-4255-b39a-ef56528a94f4,2026-06-21T12:11:32.782748,Enterprise Deal - Atlas Computing,157136.13,2027-01-26T18:08:15.782764,0002ada9-8f33-49a6-b9b4-7aa4a8a79084,2026-02-25T07:08:35.782748,7d137f66-8604-40bf-ba81-6af4667de5ac
b634d332-45b4-4428-a0b1-e8dd7e619f53,7179207a-0cc9-48e0-87e1-8cd7d2f9f721,69b540b5-4d72-4581-9c00-9a41d2d53ea0,,4ce83c9d-842a-4e12-8d19-adbf86176f14,adf111f0-9f7b-42a3-b8d2-509d4f2cc58d,2026-02-01T14:19:07.782774,Starter Deal - Iron Mountain,216558.81,2026-09-06T13:50:10.782789,ece82b98-28d8-4c7e-94ba-1bb820731ba5,2025-09-09T05:50:53.782774,a120de43-c4d0-46d0-8c1a-3b6044216650
da72d38a-9f3d-49b8-af89-ab85f6148d30,7179207a-0cc9-48e0-87e1-8cd7d2f9f721,10ab2f15-6c5d-4c8e-adb6-8ea6b3260dae,3b4822f7-0a3c-4d86-ac8c-66a59a394d32,4ce83c9d-842a-4e12-8d19-adbf86176f14,91718b5b-2d79-4152-84fa-45b6bf72a72b,2026-03-11T11:00:58.782800,Premium Deal - Forge Industries,307358.29,2026-07-22T13:11:39.782815,bebdbef1-3be2-4351-a13f-43e46af2a5a2,2025-10-24T03:10:02.782800,0002ada9-8f33-49a6-b9b4-7aa4a8a79084
82d5b509-3c58-4569-89f0-21aba47aad72,7179207a-0cc9-48e0-87e1-8cd7d2f9f721,9f0c6d33-d88b-4b35-9a3d-58a042b679c3,,4ce83c9d-842a-4e12-8d19-adbf86176f14,91718b5b-2d79-4152-84fa-45b6bf72a72b,2026-07-13T18:13:39.782825,Enterprise Deal - Fusion Analytics,108124.63,2026-06-19T09:16:41.782841,0002ada9-8f33-49a6-b9b4-7aa4a8a79084,2026-06-30T00:40:36.782825,8c00e028-41da-4e2c-91bf-e06c6f74595b
1c041aa1-cdfb-4085-8c6e-6f8f69b135f0,7179207a-0cc9-48e0-87e1-8cd7d2f9f721,33cc487d-42d7-4873-beaf-380ebf5ed6c7,,4ce83c9d-842a-4e12-8d19-adbf86176f14,0f3f5077-3722-492e-9597-b731770ec559,2026-05-02T04:20:34.782850,Starter Deal - Catalyst Group,236419.9,2026-08-22T02:12:34.782866,0002ada9-8f33-49a6-b9b4-7aa4a8a79084,2025-10-05T20:20:49.782850,e52849ba-01bf-4e30-a6ad-e02749ff23a9
2c200eb2-74c7-4917-b87f-f9072a06d575,7179207a-0cc9-48e0-87e1-8cd7d2f9f721,7c4ec16b-9dfa-4332-bc83-b5465912fdd5,,4ce83c9d-842a-4e12-8d19-adbf86176f14,91718b5b-2d79-4152-84fa-45b6bf72a72b,2026-01-22T15:36:55.782876,Starter Deal - Prism Technologies,487243.18,2026-07-11T08:58:16.782892,ece82b98-28d8-4c7e-94ba-1bb820731ba5,2026-01-16T00:46:48.782876,b76f0d06-487f-4c14-97a4-859d3404b661
0daaa0db-9f96-4ee2-82b9-e2178086e9d1,7179207a-0cc9-48e0-87e1-8cd7d2f9f721,8fa39fc3-e244-435d-a292-58855fe77232,,4ce83c9d-842a-4e12-8d19-adbf86176f14,44fcc00f-594d-4ff5-a461-9d3ac82ca711,2026-06-01T15:04:34.782902,Starter Deal - Sterling Finance,466870.54,2026-07-04T18:50:37.782917,1773f9d2-3516-4ff5-9acc-3b6a7b2ce872,2025-11-28T13:56:32.782902,e16f7e8e-9f87-481c-a95f-799224a1dd30
6e99f22a-dc55-4a72-a858-038ca46bc34f,7179207a-0cc9-48e0-87e1-8cd7d2f9f721,57489129-e327-4035-8601-8cd63a945dd9,778434b4-eafc-4a7c-aa81-482488038822,4ce83c9d-842a-4e12-8d19-adbf86176f14,44fcc00f-594d-4ff5-a461-9d3ac82ca711,2026-08-04T03:14:08.782932,Premium Deal - Zenith Partners,350048.03,2026-04-26T10:01:18.782949,02fc8d0f-48ca-4ab5-95da-9f2f51d44e5b,2026-08-02T15:02:01.782932,8c00e028-41da-4e2c-91bf-e06c6f74595b
ba4b07e9-2e02-407a-8e47-a25ad9ed7cda,7179207a-0cc9-48e0-87e1-8cd7d2f9f721,,,4ce83c9d-842a-4e12-8d19-adbf86176f14,6ee979bb-8c4e-4255-b39a-ef56528a94f4,2026-04-16T18:15:26.782959,Custom Deal - Iron Mountain,237625.68,2026-11-01T05:36:48.782974,7d137f66-8604-40bf-ba81-6af4667de5ac,2026-01-04T10:14:59.782959,ece82b98-28d8-4c7e-94ba-1bb820731ba5
d635c7fc-3319-4e9f-98a4-402f5829061f,7179207a-0cc9-48e0-87e1-8cd7d2f9f721,55352d3c-de8e-436b-a647-86c0b758ab43,,4ce83c9d-842a-4e12-8d19-adbf86176f14,44fcc00f-594d-4ff5-a461-9d3ac82ca711,2026-03-26T12:35:27.782985,Custom Deal - Apex Innovations,193805.0,2026-04-25T13:08:13.783000,0002ada9-8f33-49a6-b9b4-7aa4a8a79084,2025-12-30T23:43:05.782985,34cd9ae9-7de1-4193-9109-53462c16ece9
6c17be22-2890-41cb-8407-130d006907ac,7179207a-0cc9-48e0-87e1-8cd7d2f9f721,c18dff1d-67a3-425c-b339-0570b11b6f3c,,4ce83c9d-842a-4e12-8d19-adbf86176f14,44fcc00f-594d-4ff5-a461-9d3ac82ca711,2026-03-22T21:47:11.783010,Starter Deal - ClearView Corp,64116.44,2026-05-15T07:42:42.783033,1773f9d2-3516-4ff5-9acc-3b6a7b2ce872,2025-11-26T01:08:27.783010,02fc8d0f-48ca-4ab5-95da-9f2f51d44e5b
f87d9fb4-13cd-4498-8259-26a6dcd5d4c8,7179207a-0cc9-48e0-87e1-8cd7d2f9f721,941b920f-3a7b-4403-93a6-5083a04f68fa,,4ce83c9d-842a-4e12-8d19-adbf86176f14,6ee979bb-8c4e-4255-b39a-ef56528a94f4,2026-05-22T07:32:55.783044,Enterprise Deal - Sterling Finance,474532.81,2026-09-04T13:05:47.783059,46cb662a-e863-4194-99df-ab55ff22701c,2025-12-13T12:00:59.783044,02fc8d0f-48ca-4ab5-95da-9f2f51d44e5b
2062186d-b535-45cf-b22f-3c10cb2dbeed,7179207a-0cc9-48e0-87e1-8cd7d2f9f721,2f913e95-f86e-4e82-9fa8-cb2781773f43,30f7a49e-c851-4904-b109-c2e3c1d85778,4ce83c9d-842a-4e12-8d19-adbf86176f14,0f3f5077-3722-492e-9597-b731770ec559,2026-07-10T00:42:56.783070,Premium Deal - Coral Health,491489.0,2026-12-07T23:38:44.783089,0002ada9-8f33-49a6-b9b4-7aa4a8a79084,2026-07-06T00:22:12.783070,ded2cebc-b69e-4191-9d44-4929e9d428d1
3afcaa09-2daa-4c26-9470-3a10ce161127,7179207a-0cc9-48e0-87e1-8cd7d2f9f721,1534681b-5301-4c75-8e8b-611b6145802e,88894dde-fe91-4c68-875b-025b7ad59de3,4ce83c9d-842a-4e12-8d19-adbf86176f14,0f3f5077-3722-492e-9597-b731770ec559,2026-08-03T11:58:49.783100,Premium Deal - Forge Industries,230709.29,2026-09-23T13:20:19.783116,bebdbef1-3be2-4351-a13f-43e46af2a5a2,2025-12-24T03:34:36.783100,7d137f66-8604-40bf-ba81-6af4667de5ac
85bd1053-ac79-4766-8b29-cf54180a9fd3,7179207a-0cc9-48e0-87e1-8cd7d2f9f721,c42e894c-059c-4544-b989-43088255f272,,4ce83c9d-842a-4e12-8d19-adbf86176f14,0f3f5077-3722-492e-9597-b731770ec559,2026-05-01T18:53:48.783126,Growth Deal - Topaz Digital,268087.82,2026-11-08T08:49:27.783141,0002ada9-8f33-49a6-b9b4-7aa4a8a79084,2026-04-27T13:38:16.783126,46cb662a-e863-4194-99df-ab55ff22701c
313436d5-1805-4a62-b594-692b55daca2e,7179207a-0cc9-48e0-87e1-8cd7d2f9f721,bb05b700-3f4d-42de-9d36-56d68b07a1d1,,4ce83c9d-842a-4e12-8d19-adbf86176f14,6ee979bb-8c4e-4255-b39a-ef56528a94f4,2026-06-18T15:53:33.783151,Premium Deal - Titan Industries,368722.5,2026-12-25T11:46:15.783166,34cd9ae9-7de1-4193-9109-53462c16ece9,2026-06-02T14:17:28.783151,de2d46fb-a956-4b96-bc60-115ccf0715a6
d7122ac9-da17-4b51-be1c-2fa55a588006,7179207a-0cc9-48e0-87e1-8cd7d2f9f721,7a6c2fbb-9280-4e7f-9393-9b67a90f45dd,3cd0126d-d728-4b5d-b90d-216bb015f4cc,4ce83c9d-842a-4e12-8d19-adbf86176f14,0f3f5077-3722-492e-9597-b731770ec559,2026-05-17T08:27:53.783177,Growth Deal - Sterling Finance,405951.01,2026-12-18T01:12:33.783192,ded2cebc-b69e-4191-9d44-4929e9d428d1,2025-09-03T09:38:15.783177,34cd9ae9-7de1-4193-9109-53462c16ece9
7ed75a7c-fb0a-475b-83a2-0a69456b8b7f,7179207a-0cc9-48e0-87e1-8cd7d2f9f721,41c35a45-9f1a-498a-866c-e05a059d75a7,,4ce83c9d-842a-4e12-8d19-adbf86176f14,44fcc00f-594d-4ff5-a461-9d3ac82ca711,2026-07-26T16:40:15.783205,Starter Deal - IronClad Security,60287.23,2026-07-16T17:47:00.783221,e52849ba-01bf-4e30-a6ad-e02749ff23a9,2026-06-14T10:13:37.783205,8c00e028-41da-4e2c-91bf-e06c6f74595b
eb1c012d-0842-4207-93ef-7a139c576cef,7179207a-0cc9-48e0-87e1-8cd7d2f9f721,,,4ce83c9d-842a-4e12-8d19-adbf86176f14,6ee979bb-8c4e-4255-b39a-ef56528a94f4,2025-09-27T05:34:13.783231,Custom Deal - Catalyst Group,292695.27,2026-10-12T01:24:36.783246,de2d46fb-a956-4b96-bc60-115ccf0715a6,2025-09-06T20:41:55.783231,ece82b98-28d8-4c7e-94ba-1bb820731ba5
f9e7cda0-df33-4a0c-ba7e-f6be45e85342,7179207a-0cc9-48e0-87e1-8cd7d2f9f721,438fff8d-650f-4fa2-ab8c-ddaa2890fa3b,,4ce83c9d-842a-4e12-8d19-adbf86176f14,91718b5b-2d79-4152-84fa-45b6bf72a72b,2026-06-06T02:21:22.783256,Enterprise Deal - Onyx Data,141860.8,2026-08-01T19:46:34.783272,02fc8d0f-48ca-4ab5-95da-9f2f51d44e5b,2026-04-10T15:22:24.783256,34cd9ae9-7de1-4193-9109-53462c16ece9
994b9a8c-1f69-4e20-b542-6be41bba7f85,7179207a-0cc9-48e0-87e1-8cd7d2f9f721,e326ac79-274d-485b-89f3-70d84e391630,13e89b6a-a51c-4940-afec-9bc1b495cc53,4ce83c9d-842a-4e12-8d19-adbf86176f14,6ee979bb-8c4e-4255-b39a-ef56528a94f4,2026-07-07T02:52:22.783282,Enterprise Deal - Iron Mountain,32451.81,2026-08-06T16:51:56.783298,de2d46fb-a956-4b96-bc60-115ccf0715a6,2025-12-21T23:24:09.783282,ded2cebc-b69e-4191-9d44-4929e9d428d1
1ffe625b-fe3d-4f1f-b6bd-52012579fd6c,7179207a-0cc9-48e0-87e1-8cd7d2f9f721,2435b986-72aa-45a6-a453-4010b160acdc,3018088a-1c7d-4349-8515-8e3647ed5f8e,4ce83c9d-842a-4e12-8d19-adbf86176f14,163c8694-7cb3-4521-a5a0-ca5e793bd56e,2026-04-16T12:12:01.783309,Enterprise Deal - BrightStar Inc,351660.23,2026-12-03T01:56:44.783325,8c00e028-41da-4e2c-91bf-e06c6f74595b,2025-09-24T05:17:26.783309,34cd9ae9-7de1-4193-9109-53462c16ece9
06b9fea2-a51a-4a25-8f94-bcd748c0329d,7179207a-0cc9-48e0-87e1-8cd7d2f9f721,da87f48b-f7d1-411f-9e89-10cf0f48c1c2,004dd914-bc36-4f2e-a8d1-a3733d9aebe7,4ce83c9d-842a-4e12-8d19-adbf86176f14,44fcc00f-594d-4ff5-a461-9d3ac82ca711,2026-06-06T13:48:07.783335,Growth Deal - Cobalt Systems,299399.28,2026-06-08T10:11:34.783358,de2d46fb-a956-4b96-bc60-115ccf0715a6,2026-05-22T15:31:05.783335,8c00e028-41da-4e2c-91bf-e06c6f74595b
724849c6-a8b5-429f-891b-b7d2036c15d0,7179207a-0cc9-48e0-87e1-8cd7d2f9f721,3ebe3390-9175-4295-b028-a1af19fda3c8,5b0db07b-4abb-453e-a071-4950dd6cb15d,4ce83c9d-842a-4e12-8d19-adbf86176f14,44fcc00f-594d-4ff5-a461-9d3ac82ca711,2026-03-04T11:54:03.783369,Starter Deal - Topaz Digital,52315.95,2026-05-20T01:08:37.783385,de2d46fb-a956-4b96-bc60-115ccf0715a6,2025-10-01T00:55:22.783369,02fc8d0f-48ca-4ab5-95da-9f2f51d44e5b
0bd8c150-155a-46a5-a4aa-f66df5f27012,7179207a-0cc9-48e0-87e1-8cd7d2f9f721,c5a4c323-e70c-458a-b8e3-23428b28c03e,,4ce83c9d-842a-4e12-8d19-adbf86176f14,0f3f5077-3722-492e-9597-b731770ec559,2026-05-12T20:01:00.783395,Custom Deal - Crystal Clear,484845.05,2027-01-07T17:24:00.783411,8c00e028-41da-4e2c-91bf-e06c6f74595b,2026-05-08T23:26:40.783395,46cb662a-e863-4194-99df-ab55ff22701c
f043c41b-8abb-413d-90a9-55379b2707a8,7179207a-0cc9-48e0-87e1-8cd7d2f9f721,,bb26ef7e-70f4-4277-8ce3-0c03fb547ea1,4ce83c9d-842a-4e12-8d19-adbf86176f14,163c8694-7cb3-4521-a5a0-ca5e793bd56e,2026-02-04T14:34:55.783421,Growth Deal - Golden Ratio,489461.42,2026-11-02T06:23:19.783440,ece82b98-28d8-4c7e-94ba-1bb820731ba5,2025-11-29T23:21:02.783421,7d137f66-8604-40bf-ba81-6af4667de5ac
1643a07c-5ed6-43ac-8dc2-271794d3910c,7179207a-0cc9-48e0-87e1-8cd7d2f9f721,,,4ce83c9d-842a-4e12-8d19-adbf86176f14,163c8694-7cb3-4521-a5a0-ca5e793bd56e,2026-05-25T01:41:41.783449,Starter Deal - IronClad Security,185468.95,2026-10-08T12:45:40.783465,7d137f66-8604-40bf-ba81-6af4667de5ac,2025-11-15T18:59:24.783449,a120de43-c4d0-46d0-8c1a-3b6044216650
48c36456-4f75-4d21-a265-28fda7cacf1d,7179207a-0cc9-48e0-87e1-8cd7d2f9f721,25579e50-f169-44a9-9696-7665fc9a0b94,,4ce83c9d-842a-4e12-8d19-adbf86176f14,91718b5b-2d79-4152-84fa-45b6bf72a72b,2026-01-30T14:20:43.783478,Premium Deal - Apex Innovations,435354.26,2026-06-27T02:08:00.783494,ece82b98-28d8-4c7e-94ba-1bb820731ba5,2025-11-15T18:16:37.783478,e52849ba-01bf-4e30-a6ad-e02749ff23a9
1fcddc2a-3834-4b01-8000-66b1dd442742,7179207a-0cc9-48e0-87e1-8cd7d2f9f721,,b426edd1-ea9a-4bfa-ab40-fd5f23b23def,4ce83c9d-842a-4e12-8d19-adbf86176f14,6ee979bb-8c4e-4255-b39a-ef56528a94f4,2026-07-06T03:21:05.783504,Custom Deal - BlueShift Labs,219939.92,2026-11-08T11:50:12.783521,ece82b98-28d8-4c7e-94ba-1bb820731ba5,2026-03-20T19:16:25.783504,ded2cebc-b69e-4191-9d44-4929e9d428d1
55ad88eb-b3df-4a21-b5ae-47eaed590814,7179207a-0cc9-48e0-87e1-8cd7d2f9f721,0757e004-1aee-417a-bc8f-d511b128dea8,,4ce83c9d-842a-4e12-8d19-adbf86176f14,163c8694-7cb3-4521-a5a0-ca5e793bd56e,2026-08-05T00:13:32.783531,Enterprise Deal - Platinum Partners,253884.48,2026-09-29T10:36:29.783547,e52849ba-01bf-4e30-a6ad-e02749ff23a9,2026-07-03T06:27:14.783531,ded2cebc-b69e-4191-9d44-4929e9d428d1
8f91a49c-ebf2-4056-b5b8-7755aac5f9f1,7179207a-0cc9-48e0-87e1-8cd7d2f9f721,950ffe97-21dc-4404-96a9-6e7be0171d2a,,4ce83c9d-842a-4e12-8d19-adbf86176f14,44fcc00f-594d-4ff5-a461-9d3ac82ca711,2026-01-09T15:15:27.783557,Growth Deal - Prism Technologies,222142.52,2026-05-10T13:22:12.783573,46cb662a-e863-4194-99df-ab55ff22701c,2025-09-30T07:47:10.783557,b76f0d06-487f-4c14-97a4-859d3404b661
74b76d79-fa9d-42d5-9a92-49000bdec297,7179207a-0cc9-48e0-87e1-8cd7d2f9f721,23395f4f-251f-4957-86eb-36360a2495fc,13354f9f-1516-4810-8cbe-076664cce73f,4ce83c9d-842a-4e12-8d19-adbf86176f14,6ee979bb-8c4e-4255-b39a-ef56528a94f4,2026-07-30T07:11:07.783583,Growth Deal - Steel Bridge,273055.66,2027-02-04T11:49:55.783598,0002ada9-8f33-49a6-b9b4-7aa4a8a79084,2026-07-05T15:53:56.783583,a120de43-c4d0-46d0-8c1a-3b6044216650
426141b7-83d5-4094-b5f3-8ac8a379f3e3,7179207a-0cc9-48e0-87e1-8cd7d2f9f721,27517cc9-f2c9-4611-87c5-4568ab1f8291,,4ce83c9d-842a-4e12-8d19-adbf86176f14,163c8694-7cb3-4521-a5a0-ca5e793bd56e,2025-10-05T09:22:07.783608,Growth Deal - Fusion Analytics,29908.12,2026-12-15T02:34:37.783623,de2d46fb-a956-4b96-bc60-115ccf0715a6,2025-09-07T22:22:54.783608,a120de43-c4d0-46d0-8c1a-3b6044216650
3b08bc94-1902-4462-9dd0-938fd4a8a874,7179207a-0cc9-48e0-87e1-8cd7d2f9f721,,7161b424-97d7-4ac7-8bda-3664ec91a763,4ce83c9d-842a-4e12-8d19-adbf86176f14,0f3f5077-3722-492e-9597-b731770ec559,2026-07-25T17:26:56.783633,Enterprise Deal - Atlas Computing,391575.69,2026-09-12T04:16:35.783648,8c00e028-41da-4e2c-91bf-e06c6f74595b,2026-05-08T04:39:30.783633,ece82b98-28d8-4c7e-94ba-1bb820731ba5
f94e67d4-75f6-4e82-b3da-91c33c2e2158,7179207a-0cc9-48e0-87e1-8cd7d2f9f721,,,4ce83c9d-842a-4e12-8d19-adbf86176f14,163c8694-7cb3-4521-a5a0-ca5e793bd56e,2026-07-02T10:45:53.783658,Growth Deal - Golden Ratio,54960.61,2027-01-22T06:24:46.783672,0002ada9-8f33-49a6-b9b4-7aa4a8a79084,2026-03-13T06:24:56.783658,1773f9d2-3516-4ff5-9acc-3b6a7b2ce872
6b094a83-4216-4ee0-9db7-8bc1766d23e1,7179207a-0cc9-48e0-87e1-8cd7d2f9f721,36d6e5e3-f500-4e19-8cb9-84ae43f95df6,adec4498-8d9a-4b90-bb67-581131b4ae51,4ce83c9d-842a-4e12-8d19-adbf86176f14,44fcc00f-594d-4ff5-a461-9d3ac82ca711,2026-08-04T11:46:34.783682,Premium Deal - Forge Industries,280530.13,2026-05-12T20:33:26.783698,ded2cebc-b69e-4191-9d44-4929e9d428d1,2026-07-25T16:50:57.783682,7d137f66-8604-40bf-ba81-6af4667de5ac
fe142de6-4019-4bab-85e2-e5019824007a,7179207a-0cc9-48e0-87e1-8cd7d2f9f721,,,4ce83c9d-842a-4e12-8d19-adbf86176f14,91718b5b-2d79-4152-84fa-45b6bf72a72b,2026-08-06T14:12:28.783708,Growth Deal - Velocity Labs,26813.33,2026-05-03T10:34:47.783723,34cd9ae9-7de1-4193-9109-53462c16ece9,2026-06-06T13:15:40.783708,de2d46fb-a956-4b96-bc60-115ccf0715a6
b786cb0c-b120-4530-8f7d-bc11aa28d5d9,7179207a-0cc9-48e0-87e1-8cd7d2f9f721,225b6257-b0a5-4dc9-b701-9d5291c6d6b8,1ad94cb1-e67a-4737-9313-ad818f3242e6,4ce83c9d-842a-4e12-8d19-adbf86176f14,6ee979bb-8c4e-4255-b39a-ef56528a94f4,2026-03-01T19:18:31.783738,Starter Deal - Fusion Analytics,130187.1,2026-10-14T23:01:09.783782,0002ada9-8f33-49a6-b9b4-7aa4a8a79084,2025-12-02T01:54:38.783738,7d137f66-8604-40bf-ba81-6af4667de5ac
7fe56ecf-fe1c-48f7-9baa-748d2790eede,7179207a-0cc9-48e0-87e1-8cd7d2f9f721,73b02fc2-4fe2-4093-a8f8-3d3b0627343d,,4ce83c9d-842a-4e12-8d19-adbf86176f14,0f3f5077-3722-492e-9597-b731770ec559,2026-07-22T16:25:50.783794,Growth Deal - Ember Labs,42279.96,2026-11-17T13:10:25.783814,02fc8d0f-48ca-4ab5-95da-9f2f51d44e5b,2026-07-17T04:10:45.783794,e52849ba-01bf-4e30-a6ad-e02749ff23a9
b11eeec4-0cb5-4efd-a507-81b8e3378077,7179207a-0cc9-48e0-87e1-8cd7d2f9f721,,107a793e-cc89-4a1b-bd77-4d40acdaeb06,4ce83c9d-842a-4e12-8d19-adbf86176f14,44fcc00f-594d-4ff5-a461-9d3ac82ca711,2026-03-17T23:28:09.783824,Premium Deal - NexGen Software,279733.59,2026-04-22T07:06:18.783846,ded2cebc-b69e-4191-9d44-4929e9d428d1,2025-08-21T10:58:56.783824,a120de43-c4d0-46d0-8c1a-3b6044216650
03a63027-3a79-4a3d-b45e-b052a921901f,7179207a-0cc9-48e0-87e1-8cd7d2f9f721,5921d4d0-5b34-42c0-aa67-da25eb1127f0,,4ce83c9d-842a-4e12-8d19-adbf86176f14,adf111f0-9f7b-42a3-b8d2-509d4f2cc58d,2026-04-24T00:08:34.783857,Custom Deal - Amber Industries,158810.95,2027-01-16T22:26:04.783872,bebdbef1-3be2-4351-a13f-43e46af2a5a2,2026-02-16T05:18:46.783857,34cd9ae9-7de1-4193-9109-53462c16ece9
93be737a-50bf-4db3-a193-a1a62f01d6ac,7179207a-0cc9-48e0-87e1-8cd7d2f9f721,,617aeb77-7166-4409-bb87-8199a1f04fe8,4ce83c9d-842a-4e12-8d19-adbf86176f14,91718b5b-2d79-4152-84fa-45b6bf72a72b,2025-11-26T00:21:27.783882,Enterprise Deal - SwiftScale,284345.47,2026-07-18T04:18:38.783897,8c00e028-41da-4e2c-91bf-e06c6f74595b,2025-08-17T04:56:57.783882,34cd9ae9-7de1-4193-9109-53462c16ece9
c889dd96-b45b-4cd2-b62d-9925057d3f0d,7179207a-0cc9-48e0-87e1-8cd7d2f9f721,ceeab056-af18-4faf-add1-21084eacd006,,4ce83c9d-842a-4e12-8d19-adbf86176f14,44fcc00f-594d-4ff5-a461-9d3ac82ca711,2026-08-06T12:23:02.783908,Custom Deal - SwiftScale,316658.95,2026-07-21T16:33:11.783923,1773f9d2-3516-4ff5-9acc-3b6a7b2ce872,2026-08-05T04:42:57.783908,1773f9d2-3516-4ff5-9acc-3b6a7b2ce872
1c0e0cd9-bc4a-4741-900d-43600ae8f7c1,7179207a-0cc9-48e0-87e1-8cd7d2f9f721,,,4ce83c9d-842a-4e12-8d19-adbf86176f14,91718b5b-2d79-4152-84fa-45b6bf72a72b,2026-03-31T17:30:17.783932,Enterprise Deal - Sterling Finance,451139.58,2026-06-10T06:32:26.783947,34cd9ae9-7de1-4193-9109-53462c16ece9,2025-12-26T07:48:46.783932,02fc8d0f-48ca-4ab5-95da-9f2f51d44e5b
545e47cc-2b28-45d0-9053-997455c74ba4,7179207a-0cc9-48e0-87e1-8cd7d2f9f721,,,4ce83c9d-842a-4e12-8d19-adbf86176f14,0f3f5077-3722-492e-9597-b731770ec559,2026-04-26T18:40:18.783956,Premium Deal - Cobalt Systems,443272.03,2027-02-02T01:02:32.783971,02fc8d0f-48ca-4ab5-95da-9f2f51d44e5b,2025-12-28T15:32:30.783956,1773f9d2-3516-4ff5-9acc-3b6a7b2ce872
a2b7e999-547c-495d-9ed2-40ffd4b042ee,7179207a-0cc9-48e0-87e1-8cd7d2f9f721,,0df82a12-8318-452b-be01-c4615eece3b2,4ce83c9d-842a-4e12-8d19-adbf86176f14,adf111f0-9f7b-42a3-b8d2-509d4f2cc58d,2025-11-25T11:20:28.783981,Enterprise Deal - RedRock Ventures,335794.75,2026-12-13T04:37:11.783996,34cd9ae9-7de1-4193-9109-53462c16ece9,2025-09-14T06:42:47.783981,e16f7e8e-9f87-481c-a95f-799224a1dd30
ded90279-80bf-4d29-adaa-abece112f8b1,7179207a-0cc9-48e0-87e1-8cd7d2f9f721,,e1920283-c54c-48e7-bd27-0bddb21c81f4,4ce83c9d-842a-4e12-8d19-adbf86176f14,91718b5b-2d79-4152-84fa-45b6bf72a72b,2026-06-10T05:33:04.784007,Custom Deal - Prism Technologies,135486.33,2026-06-07T23:01:43.784027,02fc8d0f-48ca-4ab5-95da-9f2f51d44e5b,2026-02-03T05:26:01.784007,e52849ba-01bf-4e30-a6ad-e02749ff23a9
e4c3b3a5-99f9-4726-92eb-1324526af6b6,7179207a-0cc9-48e0-87e1-8cd7d2f9f721,,fb7419d1-5893-46bf-ae8a-891444659e75,4ce83c9d-842a-4e12-8d19-adbf86176f14,6ee979bb-8c4e-4255-b39a-ef56528a94f4,2026-05-19T04:09:09.784041,Premium Deal - GreenField Capital,239159.25,2026-12-06T01:42:47.784056,de2d46fb-a956-4b96-bc60-115ccf0715a6,2026-04-16T12:32:29.784041,8c00e028-41da-4e2c-91bf-e06c6f74595b
37e84f21-7d48-4361-980e-232f1a5c3d89,7179207a-0cc9-48e0-87e1-8cd7d2f9f721,8367020e-985d-41d7-8583-61632d184b00,,4ce83c9d-842a-4e12-8d19-adbf86176f14,44fcc00f-594d-4ff5-a461-9d3ac82ca711,2026-04-05T08:59:55.784067,Growth Deal - Onyx Data,66931.5,2026-07-19T03:38:30.784082,e16f7e8e-9f87-481c-a95f-799224a1dd30,2026-01-04T07:46:18.784067,46cb662a-e863-4194-99df-ab55ff22701c
e0c931c2-0b2e-42f1-aebb-974ad67e0f47,7179207a-0cc9-48e0-87e1-8cd7d2f9f721,,,4ce83c9d-842a-4e12-8d19-adbf86176f14,adf111f0-9f7b-42a3-b8d2-509d4f2cc58d,2026-07-18T07:28:07.784091,Growth Deal - Bronze Gate,227819.51,2026-10-19T22:07:56.784106,34cd9ae9-7de1-4193-9109-53462c16ece9,2025-11-13T00:51:26.784091,b76f0d06-487f-4c14-97a4-859d3404b661
c09ad40e-c646-43f6-8625-b7772c1c354e,7179207a-0cc9-48e0-87e1-8cd7d2f9f721,f1145455-2ee8-44d5-a2bf-bb6cd0515906,004dd914-bc36-4f2e-a8d1-a3733d9aebe7,4ce83c9d-842a-4e12-8d19-adbf86176f14,adf111f0-9f7b-42a3-b8d2-509d4f2cc58d,2025-12-13T22:10:18.784117,Enterprise Deal - Summit Analytics,1632.61,2026-11-26T17:09:42.784133,1773f9d2-3516-4ff5-9acc-3b6a7b2ce872,2025-11-24T09:53:20.784117,ece82b98-28d8-4c7e-94ba-1bb820731ba5
396e0c9c-c416-40a7-af07-c110ab5a5a77,7179207a-0cc9-48e0-87e1-8cd7d2f9f721,d0091a54-50c5-4aba-b98d-52c8292b094d,,4ce83c9d-842a-4e12-8d19-adbf86176f14,0f3f5077-3722-492e-9597-b731770ec559,2026-08-06T00:28:09.784143,Enterprise Deal - Iron Mountain,286596.56,2026-09-12T12:48:44.784158,7d137f66-8604-40bf-ba81-6af4667de5ac,2026-04-07T23:26:41.784143,02fc8d0f-48ca-4ab5-95da-9f2f51d44e5b
28e83251-8e89-47b4-a974-44446a6402eb,7179207a-0cc9-48e0-87e1-8cd7d2f9f721,,,4ce83c9d-842a-4e12-8d19-adbf86176f14,91718b5b-2d79-4152-84fa-45b6bf72a72b,2026-07-28T02:27:33.784168,Starter Deal - RedRock Ventures,360494.75,2026-04-30T22:37:57.784183,8c00e028-41da-4e2c-91bf-e06c6f74595b,2025-11-02T04:59:08.784168,46cb662a-e863-4194-99df-ab55ff22701c
5527d58b-0b43-4b04-bbc0-0fb215c776ea,7179207a-0cc9-48e0-87e1-8cd7d2f9f721,b2051f21-830b-4126-8deb-b3be6651c6f4,47516a2f-01d3-4eda-8cb3-48c33e1f2116,4ce83c9d-842a-4e12-8d19-adbf86176f14,6ee979bb-8c4e-4255-b39a-ef56528a94f4,2026-05-27T19:50:16.784194,Growth Deal - Ember Labs,387680.35,2026-09-01T12:54:34.784213,bebdbef1-3be2-4351-a13f-43e46af2a5a2,2026-01-27T03:45:46.784194,b76f0d06-487f-4c14-97a4-859d3404b661
fd562c09-9421-4175-a081-efe8927f0849,7179207a-0cc9-48e0-87e1-8cd7d2f9f721,172cde4a-c1b9-4d6b-8890-36ab0f855a80,,4ce83c9d-842a-4e12-8d19-adbf86176f14,6ee979bb-8c4e-4255-b39a-ef56528a94f4,2026-07-09T07:12:12.784224,Growth Deal - Forge Industries,4325.06,2026-08-07T13:45:20.784243,02fc8d0f-48ca-4ab5-95da-9f2f51d44e5b,2026-06-05T11:11:54.784224,1773f9d2-3516-4ff5-9acc-3b6a7b2ce872
80ccc102-f159-43ee-9949-7d66aecbc7b4,7179207a-0cc9-48e0-87e1-8cd7d2f9f721,d6d75b79-2b7f-47c3-88dd-f6ab078fc9a6,,4ce83c9d-842a-4e12-8d19-adbf86176f14,163c8694-7cb3-4521-a5a0-ca5e793bd56e,2025-11-02T18:29:52.784254,Starter Deal - Sapphire Tech,414623.53,2026-08-14T17:35:15.784270,de2d46fb-a956-4b96-bc60-115ccf0715a6,2025-10-01T23:33:47.784254,bebdbef1-3be2-4351-a13f-43e46af2a5a2
cc0802fc-3bce-4646-80f5-2bf51c4007bb,7179207a-0cc9-48e0-87e1-8cd7d2f9f721,ddc7948b-2817-4983-a70d-1b50929e8810,a162539a-e6fc-4ca8-ac12-9f5d5743fa18,4ce83c9d-842a-4e12-8d19-adbf86176f14,91718b5b-2d79-4152-84fa-45b6bf72a72b,2026-03-31T13:54:17.784280,Custom Deal - Quantum Dynamics,317973.63,2026-05-22T22:59:43.784295,34cd9ae9-7de1-4193-9109-53462c16ece9,2025-12-02T00:03:46.784280,1773f9d2-3516-4ff5-9acc-3b6a7b2ce872
6b1fce56-6c98-41e4-9213-bf407c4ea64b,7179207a-0cc9-48e0-87e1-8cd7d2f9f721,d979d27e-6343-407f-896e-ddb2f21b6aba,2113685b-e42c-44c8-8637-8758017c7979,4ce83c9d-842a-4e12-8d19-adbf86176f14,91718b5b-2d79-4152-84fa-45b6bf72a72b,2026-03-30T08:26:52.784310,Starter Deal - SwiftScale,25522.35,2026-08-01T17:02:04.784325,de2d46fb-a956-4b96-bc60-115ccf0715a6,2026-02-23T19:20:34.784310,e16f7e8e-9f87-481c-a95f-799224a1dd30
43dcbbab-911f-4647-889b-c40f28a772bd,7179207a-0cc9-48e0-87e1-8cd7d2f9f721,fcb5df6a-1a56-4334-bed5-b645b98e8b4f,9d6f91f0-7eeb-4a21-a5f2-a33d58de9a1d,4ce83c9d-842a-4e12-8d19-adbf86176f14,6ee979bb-8c4e-4255-b39a-ef56528a94f4,2026-07-13T16:21:11.784336,Custom Deal - DataFlow Systems,140373.57,2026-10-07T23:51:44.784351,ded2cebc-b69e-4191-9d44-4929e9d428d1,2026-02-24T05:40:32.784336,de2d46fb-a956-4b96-bc60-115ccf0715a6
b45d3c70-6274-488c-aaa3-039ba1babcb2,7179207a-0cc9-48e0-87e1-8cd7d2f9f721,f1a56cf2-cf4d-4dea-93b8-72c1fbac7f94,,4ce83c9d-842a-4e12-8d19-adbf86176f14,adf111f0-9f7b-42a3-b8d2-509d4f2cc58d,2026-07-05T21:41:24.784362,Custom Deal - Fusion Analytics,161319.28,2026-12-04T01:14:27.784377,bebdbef1-3be2-4351-a13f-43e46af2a5a2,2026-04-27T20:24:42.784362,8c00e028-41da-4e2c-91bf-e06c6f74595b
a31070a6-8476-4960-bc02-73dae8f364cc,7179207a-0cc9-48e0-87e1-8cd7d2f9f721,719a1cbc-a5f9-4c77-b3f2-705fc9a45322,,4ce83c9d-842a-4e12-8d19-adbf86176f14,163c8694-7cb3-4521-a5a0-ca5e793bd56e,2026-04-17T18:46:35.784387,Premium Deal - Prism Technologies,63357.75,2026-08-17T09:49:27.784402,1773f9d2-3516-4ff5-9acc-3b6a7b2ce872,2025-10-12T07:58:49.784387,46cb662a-e863-4194-99df-ab55ff22701c
bf1d56ca-48f3-4583-a92f-46a98bc8e6a2,7179207a-0cc9-48e0-87e1-8cd7d2f9f721,,,4ce83c9d-842a-4e12-8d19-adbf86176f14,163c8694-7cb3-4521-a5a0-ca5e793bd56e,2026-04-22T21:52:13.784411,Growth Deal - Summit Analytics,375242.29,2026-11-23T15:07:17.784426,b76f0d06-487f-4c14-97a4-859d3404b661,2025-09-27T05:27:31.784411,b76f0d06-487f-4c14-97a4-859d3404b661
93c56c85-6e38-4afa-a940-7656ed80b3b2,7179207a-0cc9-48e0-87e1-8cd7d2f9f721,c4cbf3d2-b3de-423a-8c41-1d142ba52d80,,4ce83c9d-842a-4e12-8d19-adbf86176f14,0f3f5077-3722-492e-9597-b731770ec559,2026-01-10T10:10:38.784435,Enterprise Deal - Apex Innovations,438567.48,2026-08-24T17:00:58.784451,b76f0d06-487f-4c14-97a4-859d3404b661,2025-09-10T01:50:30.784435,bebdbef1-3be2-4351-a13f-43e46af2a5a2
11b3e5b2-f777-4df1-815d-f2127cdf30e4,7179207a-0cc9-48e0-87e1-8cd7d2f9f721,d0c3658c-8e06-4ee2-bcc0-6c3c212374f3,,4ce83c9d-842a-4e12-8d19-adbf86176f14,91718b5b-2d79-4152-84fa-45b6bf72a72b,2026-05-12T07:07:04.784461,Growth Deal - ClearView Corp,309401.11,2026-07-05T13:28:15.784476,ded2cebc-b69e-4191-9d44-4929e9d428d1,2026-03-18T22:49:32.784461,e16f7e8e-9f87-481c-a95f-799224a1dd30
08cc1233-df72-4de8-ad8f-12a9adc57fd5,7179207a-0cc9-48e0-87e1-8cd7d2f9f721,dcdf2e19-69fe-4b40-9f22-a44ee9186fb4,,4ce83c9d-842a-4e12-8d19-adbf86176f14,6ee979bb-8c4e-4255-b39a-ef56528a94f4,2025-10-29T04:38:12.784486,Growth Deal - Copper Systems,262618.05,2026-09-25T05:28:48.784502,ece82b98-28d8-4c7e-94ba-1bb820731ba5,2025-09-10T17:19:34.784486,bebdbef1-3be2-4351-a13f-43e46af2a5a2
8fda1ec0-f016-48ed-8cd5-082e7a2a6504,7179207a-0cc9-48e0-87e1-8cd7d2f9f721,a1d19b8f-f284-4735-b435-f264b721d12e,b384b495-7534-4a5c-bc88-f3db351e6764,4ce83c9d-842a-4e12-8d19-adbf86176f14,163c8694-7cb3-4521-a5a0-ca5e793bd56e,2026-06-24T02:53:36.784512,Enterprise Deal - Ember Labs,248283.07,2027-01-22T22:30:14.784530,b76f0d06-487f-4c14-97a4-859d3404b661,2025-11-25T14:11:24.784512,8c00e028-41da-4e2c-91bf-e06c6f74595b
8acc4948-4c50-49ae-926c-3391465595ee,7179207a-0cc9-48e0-87e1-8cd7d2f9f721,d4e0270b-d016-4a9e-a8f3-0e96c250e178,b7e65f1f-9065-4ca9-be4c-e75afb6f606a,4ce83c9d-842a-4e12-8d19-adbf86176f14,adf111f0-9f7b-42a3-b8d2-509d4f2cc58d,2026-02-20T04:54:51.784541,Custom Deal - Crystal Corp,188911.4,2026-08-06T15:38:34.784560,46cb662a-e863-4194-99df-ab55ff22701c,2025-10-22T03:18:34.784541,8c00e028-41da-4e2c-91bf-e06c6f74595b
eb29c099-3125-4558-96cf-c0feb8011fdd,7179207a-0cc9-48e0-87e1-8cd7d2f9f721,,71094826-c779-43ac-bc13-123d58b8d407,4ce83c9d-842a-4e12-8d19-adbf86176f14,adf111f0-9f7b-42a3-b8d2-509d4f2cc58d,2025-12-09T03:11:46.784574,Custom Deal - Summit Analytics,499193.23,2026-09-13T11:06:37.784589,b76f0d06-487f-4c14-97a4-859d3404b661,2025-12-01T02:39:50.784574,a120de43-c4d0-46d0-8c1a-3b6044216650
ef827716-3df7-433e-8b67-166871c17aa0,7179207a-0cc9-48e0-87e1-8cd7d2f9f721,,,4ce83c9d-842a-4e12-8d19-adbf86176f14,0f3f5077-3722-492e-9597-b731770ec559,2026-04-20T17:32:19.784599,Premium Deal - Velocity Labs,321030.87,2026-10-30T04:34:45.784613,a120de43-c4d0-46d0-8c1a-3b6044216650,2025-12-07T01:01:58.784599,0002ada9-8f33-49a6-b9b4-7aa4a8a79084
7fe09416-3454-4054-9528-cbca1d4a9e3d,7179207a-0cc9-48e0-87e1-8cd7d2f9f721,d3404346-590c-49b3-8575-ff8bf93276ff,,4ce83c9d-842a-4e12-8d19-adbf86176f14,adf111f0-9f7b-42a3-b8d2-509d4f2cc58d,2026-07-30T09:57:27.784623,Custom Deal - Amber Industries,460457.09,2026-08-11T07:45:01.784638,0002ada9-8f33-49a6-b9b4-7aa4a8a79084,2026-05-25T06:03:33.784623,ece82b98-28d8-4c7e-94ba-1bb820731ba5
ecdb83fa-3dc5-4d6b-ad46-6d29a2103275,7179207a-0cc9-48e0-87e1-8cd7d2f9f721,4151e5a6-9e15-4b9d-9943-d6b6b2dec433,ee30c908-7fe3-4371-bf27-005ee0ac123f,4ce83c9d-842a-4e12-8d19-adbf86176f14,44fcc00f-594d-4ff5-a461-9d3ac82ca711,2026-06-15T14:48:00.784649,Premium Deal - Amber Industries,100128.25,2026-08-05T20:11:10.784664,7d137f66-8604-40bf-ba81-6af4667de5ac,2025-12-11T21:10:20.784649,34cd9ae9-7de1-4193-9109-53462c16ece9
96b06db0-245c-41ab-9910-74ccd1d1d090,7179207a-0cc9-48e0-87e1-8cd7d2f9f721,48effb75-170b-44e4-9401-f1f9964f069e,b637f739-f763-41de-8ec4-4a2e1ed4e814,4ce83c9d-842a-4e12-8d19-adbf86176f14,44fcc00f-594d-4ff5-a461-9d3ac82ca711,2026-04-04T13:07:50.784675,Custom Deal - Atlas Computing,9423.86,2026-05-20T22:25:36.784690,8c00e028-41da-4e2c-91bf-e06c6f74595b,2025-12-14T14:03:36.784675,34cd9ae9-7de1-4193-9109-53462c16ece9
eab56520-ebfc-4478-b635-86377cdd6a6b,7179207a-0cc9-48e0-87e1-8cd7d2f9f721,2daaf9dd-e467-4c03-8626-e5b4011c2918,b384b495-7534-4a5c-bc88-f3db351e6764,4ce83c9d-842a-4e12-8d19-adbf86176f14,163c8694-7cb3-4521-a5a0-ca5e793bd56e,2026-05-28T18:58:37.784700,Starter Deal - Cobalt Systems,395314.18,2026-08-31T11:21:26.784715,46cb662a-e863-4194-99df-ab55ff22701c,2025-10-07T12:01:43.784700,b76f0d06-487f-4c14-97a4-859d3404b661
0c81e87f-5797-4362-a5ca-1067749ee492,7179207a-0cc9-48e0-87e1-8cd7d2f9f721,25cc8c6b-3c56-4025-ae20-973298ac14ab,6fd09a47-2143-4822-b6df-41db7775467e,4ce83c9d-842a-4e12-8d19-adbf86176f14,0f3f5077-3722-492e-9597-b731770ec559,2026-07-29T06:37:07.784726,Enterprise Deal - Diamond Edge,472854.06,2027-01-05T11:17:34.784742,e52849ba-01bf-4e30-a6ad-e02749ff23a9,2026-07-25T22:50:50.784726,46cb662a-e863-4194-99df-ab55ff22701c
73fbaf47-7cba-43aa-9c6b-48fd7110a1ac,7179207a-0cc9-48e0-87e1-8cd7d2f9f721,,,4ce83c9d-842a-4e12-8d19-adbf86176f14,44fcc00f-594d-4ff5-a461-9d3ac82ca711,2026-04-07T21:58:59.784752,Starter Deal - Crystal Clear,489811.38,2026-05-08T22:17:21.784827,a120de43-c4d0-46d0-8c1a-3b6044216650,2026-02-13T20:48:48.784752,8c00e028-41da-4e2c-91bf-e06c6f74595b
ec24ce23-d670-463b-937e-3d3b27c1c9a4,7179207a-0cc9-48e0-87e1-8cd7d2f9f721,ae9486ee-22ce-408c-a810-8c00086c56f1,,4ce83c9d-842a-4e12-8d19-adbf86176f14,0f3f5077-3722-492e-9597-b731770ec559,2026-06-18T06:40:17.784852,Custom Deal - Cobalt Systems,44646.22,2026-09-18T07:16:02.784893,ded2cebc-b69e-4191-9d44-4929e9d428d1,2026-02-14T04:53:14.784852,e52849ba-01bf-4e30-a6ad-e02749ff23a9
d6a83a0e-d70b-4f48-ba5e-0b100b05894a,7179207a-0cc9-48e0-87e1-8cd7d2f9f721,0d25a8b7-d49e-42b8-9d42-64d262dd3e09,7783b5f3-2e53-4adf-a826-0a38597b49da,4ce83c9d-842a-4e12-8d19-adbf86176f14,163c8694-7cb3-4521-a5a0-ca5e793bd56e,2025-12-17T11:04:50.784907,Starter Deal - Onyx Data,220513.74,2027-01-22T21:45:11.784925,02fc8d0f-48ca-4ab5-95da-9f2f51d44e5b,2025-12-15T07:48:28.784907,02fc8d0f-48ca-4ab5-95da-9f2f51d44e5b
383a8c96-1997-4e11-9f87-aefbe85886bd,7179207a-0cc9-48e0-87e1-8cd7d2f9f721,,185b519b-e9e2-4ab0-9bdd-8aa470c79117,4ce83c9d-842a-4e12-8d19-adbf86176f14,6ee979bb-8c4e-4255-b39a-ef56528a94f4,2026-06-22T13:21:19.784943,Starter Deal - Quantum Dynamics,443537.34,2027-01-23T05:03:50.784960,a120de43-c4d0-46d0-8c1a-3b6044216650,2026-06-08T16:42:49.784943,34cd9ae9-7de1-4193-9109-53462c16ece9
09df06f8-fa3c-451f-af31-5af50f2fc6cd,7179207a-0cc9-48e0-87e1-8cd7d2f9f721,5ee8b4b1-3948-4d22-bbce-ba6a9d93ae3e,c18c3f04-97ba-465f-916e-10051a4c81d9,4ce83c9d-842a-4e12-8d19-adbf86176f14,91718b5b-2d79-4152-84fa-45b6bf72a72b,2026-03-06T21:43:52.784972,Growth Deal - Golden Ratio,327777.41,2026-07-26T14:42:25.784988,ece82b98-28d8-4c7e-94ba-1bb820731ba5,2025-10-07T02:56:49.784972,0002ada9-8f33-49a6-b9b4-7aa4a8a79084
037fb88f-2ca3-4292-a239-d5241e012d27,7179207a-0cc9-48e0-87e1-8cd7d2f9f721,72ae6572-0ad8-417c-85d9-822679bb7761,1ad7e0d8-5b54-4810-9e9f-95c627b9a1ad,4ce83c9d-842a-4e12-8d19-adbf86176f14,163c8694-7cb3-4521-a5a0-ca5e793bd56e,2025-10-05T05:55:10.785000,Custom Deal - Bronze Gate,166331.27,2026-10-01T00:01:33.785025,34cd9ae9-7de1-4193-9109-53462c16ece9,2025-08-19T03:29:31.785000,a120de43-c4d0-46d0-8c1a-3b6044216650
e86981a1-3181-4be1-9d21-c0490aeec522,7179207a-0cc9-48e0-87e1-8cd7d2f9f721,,,4ce83c9d-842a-4e12-8d19-adbf86176f14,163c8694-7cb3-4521-a5a0-ca5e793bd56e,2026-07-21T09:42:32.785036,Premium Deal - Ember Labs,313884.56,2026-11-17T05:01:42.785053,b76f0d06-487f-4c14-97a4-859d3404b661,2026-06-26T08:50:01.785036,de2d46fb-a956-4b96-bc60-115ccf0715a6
722df1bf-bebb-4c4f-a6da-b0c7227c5780,7179207a-0cc9-48e0-87e1-8cd7d2f9f721,,,4ce83c9d-842a-4e12-8d19-adbf86176f14,44fcc00f-594d-4ff5-a461-9d3ac82ca711,2026-06-07T04:34:30.785063,Enterprise Deal - BrightStar Inc,182036.94,2026-07-29T19:31:01.785078,bebdbef1-3be2-4351-a13f-43e46af2a5a2,2026-01-10T05:24:33.785063,e52849ba-01bf-4e30-a6ad-e02749ff23a9
9a040c42-d9dc-40c4-a3b5-c0e71fdf83a3,7179207a-0cc9-48e0-87e1-8cd7d2f9f721,c42e894c-059c-4544-b989-43088255f272,,4ce83c9d-842a-4e12-8d19-adbf86176f14,44fcc00f-594d-4ff5-a461-9d3ac82ca711,2026-06-20T21:14:11.785088,Custom Deal - TechNova Solutions,185151.52,2026-05-13T23:39:08.785104,de2d46fb-a956-4b96-bc60-115ccf0715a6,2025-12-25T18:16:25.785088,a120de43-c4d0-46d0-8c1a-3b6044216650
ae30fcfe-0979-49d8-ab89-1855e9342357,7179207a-0cc9-48e0-87e1-8cd7d2f9f721,,9067cb0a-7d4a-491d-8285-d1e3809cfce3,4ce83c9d-842a-4e12-8d19-adbf86176f14,91718b5b-2d79-4152-84fa-45b6bf72a72b,2026-06-13T10:56:55.785114,Starter Deal - Onyx Data,192161.77,2026-07-04T18:35:20.785130,de2d46fb-a956-4b96-bc60-115ccf0715a6,2026-06-13T06:57:03.785114,ece82b98-28d8-4c7e-94ba-1bb820731ba5
3016851c-c9e0-452e-bd5a-2f602d8eeaa2,7179207a-0cc9-48e0-87e1-8cd7d2f9f721,6f811479-0417-4c85-b6e0-85dbd7d02d9d,,4ce83c9d-842a-4e12-8d19-adbf86176f14,91718b5b-2d79-4152-84fa-45b6bf72a72b,2026-05-30T21:19:33.785141,Growth Deal - Nimbus Networks,240589.72,2026-08-05T07:42:21.785157,0002ada9-8f33-49a6-b9b4-7aa4a8a79084,2025-08-12T20:53:49.785141,de2d46fb-a956-4b96-bc60-115ccf0715a6
afeeb6e9-7376-4411-8034-1d9a27c5fcef,7179207a-0cc9-48e0-87e1-8cd7d2f9f721,5f4d2bef-699b-485b-9308-acefccd9c7bb,2509ca4d-c2c1-452e-bb07-de956886ebbc,4ce83c9d-842a-4e12-8d19-adbf86176f14,adf111f0-9f7b-42a3-b8d2-509d4f2cc58d,2026-05-15T07:45:23.785167,Custom Deal - Horizon Media,269412.64,2027-01-01T01:18:28.785183,de2d46fb-a956-4b96-bc60-115ccf0715a6,2025-11-06T05:30:30.785167,ece82b98-28d8-4c7e-94ba-1bb820731ba5
b2446c69-6451-4d86-b04d-f03b71d18ec2,7179207a-0cc9-48e0-87e1-8cd7d2f9f721,29f8e4f5-089a-443f-9eef-8034d0533950,2ccd76b4-7369-42f5-a85b-702f929e5ce5,4ce83c9d-842a-4e12-8d19-adbf86176f14,6ee979bb-8c4e-4255-b39a-ef56528a94f4,2026-05-25T17:33:00.785194,Growth Deal - CloudPeak Analytics,466485.39,2026-09-30T17:02:33.785210,e16f7e8e-9f87-481c-a95f-799224a1dd30,2025-10-23T05:53:23.785194,34cd9ae9-7de1-4193-9109-53462c16ece9
ad52ce91-da12-4f4c-ac29-2e236f18486a,7179207a-0cc9-48e0-87e1-8cd7d2f9f721,e9e02d8f-781b-428a-ace0-4ff2aebe3302,42ba9c2e-9baa-44ba-a022-fad80b8fd9c1,4ce83c9d-842a-4e12-8d19-adbf86176f14,0f3f5077-3722-492e-9597-b731770ec559,2026-05-25T19:28:52.785228,Premium Deal - Pearl Analytics,131054.53,2026-09-10T02:50:52.785245,e52849ba-01bf-4e30-a6ad-e02749ff23a9,2026-02-19T03:02:07.785228,46cb662a-e863-4194-99df-ab55ff22701c
0ef33d25-0441-4040-a7f1-c065e8ec631e,7179207a-0cc9-48e0-87e1-8cd7d2f9f721,,,4ce83c9d-842a-4e12-8d19-adbf86176f14,6ee979bb-8c4e-4255-b39a-ef56528a94f4,2026-07-13T04:07:04.785255,Custom Deal - Prism Technologies,224026.56,2026-11-16T23:26:49.785271,ded2cebc-b69e-4191-9d44-4929e9d428d1,2026-05-14T05:32:50.785255,a120de43-c4d0-46d0-8c1a-3b6044216650
c0a20f29-9313-48bc-902a-0d410bde58a7,7179207a-0cc9-48e0-87e1-8cd7d2f9f721,,,4ce83c9d-842a-4e12-8d19-adbf86176f14,adf111f0-9f7b-42a3-b8d2-509d4f2cc58d,2026-07-17T06:05:07.785281,Starter Deal - Golden Ratio,7945.24,2026-11-13T22:42:43.785296,7d137f66-8604-40bf-ba81-6af4667de5ac,2026-03-19T14:51:37.785281,de2d46fb-a956-4b96-bc60-115ccf0715a6
6a1663c1-4254-4e0d-8009-a374d3d89d08,7179207a-0cc9-48e0-87e1-8cd7d2f9f721,bce6a5d3-43b9-4916-ac03-f3d3db55ac2d,378ea9b4-4b21-4866-b53d-bc8f4ff60881,4ce83c9d-842a-4e12-8d19-adbf86176f14,0f3f5077-3722-492e-9597-b731770ec559,2026-03-26T19:27:22.785307,Growth Deal - Pearl Analytics,359122.69,2026-10-30T18:07:41.785327,46cb662a-e863-4194-99df-ab55ff22701c,2026-03-06T19:55:54.785307,e52849ba-01bf-4e30-a6ad-e02749ff23a9
314f4f89-abcf-4668-a81e-ecfdf2fb8733,7179207a-0cc9-48e0-87e1-8cd7d2f9f721,,,4ce83c9d-842a-4e12-8d19-adbf86176f14,6ee979bb-8c4e-4255-b39a-ef56528a94f4,2026-06-23T03:11:39.785337,Custom Deal - Pearl Analytics,172190.84,2026-11-09T10:17:26.785382,ded2cebc-b69e-4191-9d44-4929e9d428d1,2026-05-05T03:47:34.785337,e52849ba-01bf-4e30-a6ad-e02749ff23a9
b0178036-1693-42cb-8181-3b46e44de241,7179207a-0cc9-48e0-87e1-8cd7d2f9f721,3dc64906-4ae6-4705-ad44-5cfc46b61a93,,4ce83c9d-842a-4e12-8d19-adbf86176f14,0f3f5077-3722-492e-9597-b731770ec559,2026-06-24T04:02:59.785401,Custom Deal - Prism Technologies,473525.4,2026-10-06T21:56:52.785427,ded2cebc-b69e-4191-9d44-4929e9d428d1,2025-08-17T12:13:13.785401,46cb662a-e863-4194-99df-ab55ff22701c
de3aeb53-6ca3-4473-969d-52af207ad7b6,7179207a-0cc9-48e0-87e1-8cd7d2f9f721,1aa199a5-f2c1-457b-812a-a17004efa493,811ec65a-a44c-4fc1-9e41-bb70b5494675,4ce83c9d-842a-4e12-8d19-adbf86176f14,adf111f0-9f7b-42a3-b8d2-509d4f2cc58d,2026-07-04T20:56:28.785444,Custom Deal - NexGen Software,287721.79,2026-12-26T17:17:47.785475,bebdbef1-3be2-4351-a13f-43e46af2a5a2,2026-04-07T23:56:32.785444,ded2cebc-b69e-4191-9d44-4929e9d428d1
aa7d1f97-2af5-4528-9486-7fa239c67ba2,7179207a-0cc9-48e0-87e1-8cd7d2f9f721,28aa28df-3b1b-4057-b61d-11b188a73d12,,4ce83c9d-842a-4e12-8d19-adbf86176f14,adf111f0-9f7b-42a3-b8d2-509d4f2cc58d,2026-07-15T16:27:35.785502,Growth Deal - Bronze Gate,445615.04,2026-08-07T10:29:36.785539,1773f9d2-3516-4ff5-9acc-3b6a7b2ce872,2026-03-02T07:44:28.785502,ece82b98-28d8-4c7e-94ba-1bb820731ba5
06a719cb-981f-44a3-989b-608c63169cf5,7179207a-0cc9-48e0-87e1-8cd7d2f9f721,,,4ce83c9d-842a-4e12-8d19-adbf86176f14,0f3f5077-3722-492e-9597-b731770ec559,2026-04-29T08:27:59.785551,Custom Deal - EverGreen Solutions,474735.59,2026-11-11T12:47:47.785568,02fc8d0f-48ca-4ab5-95da-9f2f51d44e5b,2025-12-23T00:55:26.785551,7d137f66-8604-40bf-ba81-6af4667de5ac
5009eb25-ddad-4ca6-bc45-e891cb5ffef4,7179207a-0cc9-48e0-87e1-8cd7d2f9f721,,d723fc70-2400-45a7-b1d4-2c349a97bc2e,4ce83c9d-842a-4e12-8d19-adbf86176f14,0f3f5077-3722-492e-9597-b731770ec559,2026-01-23T19:01:45.785578,Premium Deal - Pulse Digital,148235.73,2026-08-26T05:33:47.785620,1773f9d2-3516-4ff5-9acc-3b6a7b2ce872,2025-10-18T16:44:54.785578,02fc8d0f-48ca-4ab5-95da-9f2f51d44e5b
144f807d-4599-4ec9-b4cb-ce9d5f4cd807,7179207a-0cc9-48e0-87e1-8cd7d2f9f721,,,4ce83c9d-842a-4e12-8d19-adbf86176f14,163c8694-7cb3-4521-a5a0-ca5e793bd56e,2026-06-19T09:32:48.785644,Growth Deal - Diamond Edge,435194.07,2026-08-19T15:26:32.785676,8c00e028-41da-4e2c-91bf-e06c6f74595b,2025-11-19T07:19:05.785644,ece82b98-28d8-4c7e-94ba-1bb820731ba5
fefb11c4-ddd4-45d7-b3ff-9a3f7b118c25,7179207a-0cc9-48e0-87e1-8cd7d2f9f721,,,4ce83c9d-842a-4e12-8d19-adbf86176f14,0f3f5077-3722-492e-9597-b731770ec559,2026-07-29T19:55:23.785696,Custom Deal - Opal Solutions,88264.19,2026-10-11T03:17:00.785723,de2d46fb-a956-4b96-bc60-115ccf0715a6,2026-05-12T20:45:17.785696,0002ada9-8f33-49a6-b9b4-7aa4a8a79084
9423f86d-6388-41b5-811a-e6eeba77c707,7179207a-0cc9-48e0-87e1-8cd7d2f9f721,c2ad78fa-1cb2-4c9c-8fe3-b9f1d5a4d30c,e3061b89-5937-489b-8589-75f82a8ad37d,4ce83c9d-842a-4e12-8d19-adbf86176f14,44fcc00f-594d-4ff5-a461-9d3ac82ca711,2026-08-02T22:21:58.785744,Enterprise Deal - Apex Health,417776.92,2026-07-21T00:21:19.785778,a120de43-c4d0-46d0-8c1a-3b6044216650,2026-06-13T18:41:18.785744,1773f9d2-3516-4ff5-9acc-3b6a7b2ce872
e4efe192-1cec-4bfa-ab2c-f207c4424557,7179207a-0cc9-48e0-87e1-8cd7d2f9f721,e276a3f4-6a36-4375-9633-5c8ef424e8b1,e6cb3154-a14e-4c50-a4de-de1156876ec4,4ce83c9d-842a-4e12-8d19-adbf86176f14,6ee979bb-8c4e-4255-b39a-ef56528a94f4,2026-03-19T02:54:49.785802,Premium Deal - Vanguard Systems,30930.19,2026-10-03T18:33:49.785830,e16f7e8e-9f87-481c-a95f-799224a1dd30,2025-10-17T04:06:26.785802,8c00e028-41da-4e2c-91bf-e06c6f74595b
d5766539-f114-4d30-ba00-b15295a8ffe6,7179207a-0cc9-48e0-87e1-8cd7d2f9f721,5b0ce578-03dd-4ff9-b204-aa817396da5d,6fd09a47-2143-4822-b6df-41db7775467e,4ce83c9d-842a-4e12-8d19-adbf86176f14,adf111f0-9f7b-42a3-b8d2-509d4f2cc58d,2026-04-19T18:31:49.785842,Enterprise Deal - Jade Consulting,282703.21,2027-01-20T13:18:46.785858,a120de43-c4d0-46d0-8c1a-3b6044216650,2025-09-20T11:44:07.785842,de2d46fb-a956-4b96-bc60-115ccf0715a6
7941bac1-7677-43d1-8240-00c15567bdf6,7179207a-0cc9-48e0-87e1-8cd7d2f9f721,,1ad7e0d8-5b54-4810-9e9f-95c627b9a1ad,4ce83c9d-842a-4e12-8d19-adbf86176f14,adf111f0-9f7b-42a3-b8d2-509d4f2cc58d,2026-03-01T05:32:18.785868,Enterprise Deal - Topaz Digital,469882.53,2026-09-11T21:35:37.785885,ded2cebc-b69e-4191-9d44-4929e9d428d1,2026-01-11T09:54:04.785868,0002ada9-8f33-49a6-b9b4-7aa4a8a79084
48572a9f-e5b8-479c-a0f8-610f138abc1a,7179207a-0cc9-48e0-87e1-8cd7d2f9f721,bfe7f52d-4e72-4fc3-bd9a-c9cfaf0bb156,66976ba2-38e9-4a46-aac4-363db0c457d3,4ce83c9d-842a-4e12-8d19-adbf86176f14,adf111f0-9f7b-42a3-b8d2-509d4f2cc58d,2025-10-12T05:07:49.785896,Premium Deal - Opal Solutions,148474.23,2026-11-02T04:16:39.785917,34cd9ae9-7de1-4193-9109-53462c16ece9,2025-09-10T17:15:35.785896,1773f9d2-3516-4ff5-9acc-3b6a7b2ce872
ae5166e0-fa9a-4108-881f-9e81cbbb6af4,7179207a-0cc9-48e0-87e1-8cd7d2f9f721,756f666e-12a2-43c0-a4a7-77dad57ec8e4,,4ce83c9d-842a-4e12-8d19-adbf86176f14,0f3f5077-3722-492e-9597-b731770ec559,2026-07-02T22:06:05.785928,Growth Deal - Apex Innovations,35261.27,2026-10-12T17:34:29.785944,a120de43-c4d0-46d0-8c1a-3b6044216650,2026-05-15T12:39:09.785928,e52849ba-01bf-4e30-a6ad-e02749ff23a9
41b37a48-4b10-4fdc-a95f-2f56ddce1b2d,7179207a-0cc9-48e0-87e1-8cd7d2f9f721,1e5f161a-0224-4386-8ed5-370d87228a34,,4ce83c9d-842a-4e12-8d19-adbf86176f14,163c8694-7cb3-4521-a5a0-ca5e793bd56e,2026-08-06T02:23:56.785954,Custom Deal - Onyx Data,404504.64,2026-09-04T13:51:55.785970,0002ada9-8f33-49a6-b9b4-7aa4a8a79084,2026-08-01T08:46:51.785954,e52849ba-01bf-4e30-a6ad-e02749ff23a9
cb57b2ee-f719-4006-af67-d4460ee5aa7c,7179207a-0cc9-48e0-87e1-8cd7d2f9f721,,2a69bf2e-cb69-4852-a636-117ae9e2d413,4ce83c9d-842a-4e12-8d19-adbf86176f14,6ee979bb-8c4e-4255-b39a-ef56528a94f4,2026-02-20T00:52:39.785980,Growth Deal - Vanguard Systems,465579.81,2027-01-04T11:02:57.785996,1773f9d2-3516-4ff5-9acc-3b6a7b2ce872,2025-11-15T19:56:03.785980,1773f9d2-3516-4ff5-9acc-3b6a7b2ce872
919e7d2e-1a57-489b-bf66-e8f1a95f1df4,7179207a-0cc9-48e0-87e1-8cd7d2f9f721,3af42361-7898-4f51-98f2-391b7b505062,383153b2-c29b-43af-a649-c7c64ba2669d,4ce83c9d-842a-4e12-8d19-adbf86176f14,0f3f5077-3722-492e-9597-b731770ec559,2026-07-28T17:08:49.786021,Growth Deal - Summit Analytics,478868.12,2026-11-04T23:26:13.786039,e52849ba-01bf-4e30-a6ad-e02749ff23a9,2026-07-25T23:29:13.786021,ded2cebc-b69e-4191-9d44-4929e9d428d1
c55f5c88-8c78-47b8-955f-9efb3df985e6,7179207a-0cc9-48e0-87e1-8cd7d2f9f721,,,4ce83c9d-842a-4e12-8d19-adbf86176f14,6ee979bb-8c4e-4255-b39a-ef56528a94f4,2026-07-09T22:00:07.786049,Starter Deal - CloudPeak Analytics,425086.74,2027-02-05T09:17:14.786064,7d137f66-8604-40bf-ba81-6af4667de5ac,2026-05-11T01:17:26.786049,46cb662a-e863-4194-99df-ab55ff22701c
207b4f28-6434-4172-8c63-1920a7203f7f,7179207a-0cc9-48e0-87e1-8cd7d2f9f721,c512e538-d2cc-4511-8a96-fa6be83d8727,,4ce83c9d-842a-4e12-8d19-adbf86176f14,44fcc00f-594d-4ff5-a461-9d3ac82ca711,2026-08-04T03:01:21.786074,Starter Deal - RedRock Ventures,54824.25,2026-07-01T21:05:24.786090,34cd9ae9-7de1-4193-9109-53462c16ece9,2026-08-03T00:09:27.786074,8c00e028-41da-4e2c-91bf-e06c6f74595b
b94e7cec-1c02-433e-add4-98a507587054,7179207a-0cc9-48e0-87e1-8cd7d2f9f721,b4833532-8b14-4b7b-894f-1185fdef58f8,54f1d948-935d-4b94-9948-3986c8d75b57,4ce83c9d-842a-4e12-8d19-adbf86176f14,adf111f0-9f7b-42a3-b8d2-509d4f2cc58d,2026-05-19T10:49:59.786101,Starter Deal - Cobalt Systems,190674.46,2026-10-14T16:33:06.786117,e16f7e8e-9f87-481c-a95f-799224a1dd30,2026-03-25T19:18:50.786101,34cd9ae9-7de1-4193-9109-53462c16ece9
6b0af088-ddc4-4157-8aa3-64774c0c70df,7179207a-0cc9-48e0-87e1-8cd7d2f9f721,b87ffc95-bcf7-4c5f-879c-34579792a747,9e7c7437-7914-4c88-b32d-726169f830d9,4ce83c9d-842a-4e12-8d19-adbf86176f14,91718b5b-2d79-4152-84fa-45b6bf72a72b,2026-07-16T05:31:42.786128,Custom Deal - Vanguard Systems,279579.37,2026-08-04T17:48:45.786143,de2d46fb-a956-4b96-bc60-115ccf0715a6,2026-07-11T09:27:27.786128,1773f9d2-3516-4ff5-9acc-3b6a7b2ce872
6df8edc6-6682-479a-9a80-190ce5af53bb,7179207a-0cc9-48e0-87e1-8cd7d2f9f721,e5f1eeff-2128-4ab8-ba9c-bfdd6ace97b9,1bdda867-a371-43c6-8538-afa7d4065bad,4ce83c9d-842a-4e12-8d19-adbf86176f14,163c8694-7cb3-4521-a5a0-ca5e793bd56e,2026-04-24T20:07:22.786154,Custom Deal - Atlas Computing,121822.18,2026-09-10T04:04:04.786171,0002ada9-8f33-49a6-b9b4-7aa4a8a79084,2026-02-14T05:43:02.786154,e16f7e8e-9f87-481c-a95f-799224a1dd30
c5ae9b18-31dd-4722-a85b-58995678a1a0,7179207a-0cc9-48e0-87e1-8cd7d2f9f721,,,4ce83c9d-842a-4e12-8d19-adbf86176f14,44fcc00f-594d-4ff5-a461-9d3ac82ca711,2026-03-08T05:50:21.786181,Premium Deal - Pearl Analytics,95995.37,2026-05-13T15:23:40.786196,ded2cebc-b69e-4191-9d44-4929e9d428d1,2025-12-23T17:38:25.786181,de2d46fb-a956-4b96-bc60-115ccf0715a6
9111b686-e5c4-4fd8-acfb-cdf08785046f,7179207a-0cc9-48e0-87e1-8cd7d2f9f721,41cd826c-45a9-450a-853e-72dda38a3913,ab059735-3511-4fe6-a296-edc0c031c477,4ce83c9d-842a-4e12-8d19-adbf86176f14,adf111f0-9f7b-42a3-b8d2-509d4f2cc58d,2026-04-30T22:27:07.786207,Starter Deal - NovaTech Solutions,463030.98,2026-12-25T03:20:26.786223,e16f7e8e-9f87-481c-a95f-799224a1dd30,2026-02-17T16:10:09.786207,a120de43-c4d0-46d0-8c1a-3b6044216650
dc6d720e-eeca-47a6-bbf1-7c207cc2654f,7179207a-0cc9-48e0-87e1-8cd7d2f9f721,6f1ed902-61cd-4cb1-a7eb-0d4a22c88723,,4ce83c9d-842a-4e12-8d19-adbf86176f14,163c8694-7cb3-4521-a5a0-ca5e793bd56e,2026-05-04T10:20:36.786233,Starter Deal - Titan Industries,427646.75,2026-12-30T07:46:23.786249,34cd9ae9-7de1-4193-9109-53462c16ece9,2026-03-14T02:31:21.786233,ded2cebc-b69e-4191-9d44-4929e9d428d1
affd119b-a8ed-4f46-8082-f8ae964a8c0b,7179207a-0cc9-48e0-87e1-8cd7d2f9f721,df687010-7f55-45f4-9d37-2b298116f009,,4ce83c9d-842a-4e12-8d19-adbf86176f14,163c8694-7cb3-4521-a5a0-ca5e793bd56e,2026-02-12T21:48:59.786259,Growth Deal - Horizon Media,460135.46,2027-02-02T19:17:43.786275,02fc8d0f-48ca-4ab5-95da-9f2f51d44e5b,2026-01-09T06:05:22.786259,8c00e028-41da-4e2c-91bf-e06c6f74595b
633094e8-3455-40b0-88fc-7743725cf897,7179207a-0cc9-48e0-87e1-8cd7d2f9f721,39f31780-21e5-43e3-a59f-d9e70941353b,a162539a-e6fc-4ca8-ac12-9f5d5743fa18,4ce83c9d-842a-4e12-8d19-adbf86176f14,163c8694-7cb3-4521-a5a0-ca5e793bd56e,2026-03-15T07:13:13.786291,Premium Deal - Iron Mountain,253634.94,2026-10-16T04:41:49.786306,ded2cebc-b69e-4191-9d44-4929e9d428d1,2025-11-14T19:35:34.786291,de2d46fb-a956-4b96-bc60-115ccf0715a6
bacc54da-2cd4-44ee-ac20-9b97b8515a70,7179207a-0cc9-48e0-87e1-8cd7d2f9f721,0f33e586-1a1d-4c5f-82aa-a2f2d67694c0,5e2e6f57-97fa-453a-9d01-69972d053154,4ce83c9d-842a-4e12-8d19-adbf86176f14,6ee979bb-8c4e-4255-b39a-ef56528a94f4,2026-07-08T14:03:06.786317,Growth Deal - Cobalt Systems,195332.93,2026-09-12T07:37:18.786333,e52849ba-01bf-4e30-a6ad-e02749ff23a9,2026-06-09T09:35:02.786317,02fc8d0f-48ca-4ab5-95da-9f2f51d44e5b
31aa9163-21c6-448f-a171-9305598d8bbc,7179207a-0cc9-48e0-87e1-8cd7d2f9f721,8ea7d977-4c93-4240-b6ae-0b565cc6753f,fa36fe7c-3eb6-4bc4-bf5a-db4afd39f1c4,4ce83c9d-842a-4e12-8d19-adbf86176f14,adf111f0-9f7b-42a3-b8d2-509d4f2cc58d,2026-06-21T22:15:46.786344,Premium Deal - Apex Innovations,301708.53,2026-11-19T00:26:35.786360,e52849ba-01bf-4e30-a6ad-e02749ff23a9,2026-05-29T11:30:18.786344,ece82b98-28d8-4c7e-94ba-1bb820731ba5
a87b13ee-a5e2-4423-acf4-e208427c34cb,7179207a-0cc9-48e0-87e1-8cd7d2f9f721,0a2f0488-40a7-4d1f-ae1e-dfba7a05b293,f521cf06-9552-4e4d-b03c-e9e501b1ab36,4ce83c9d-842a-4e12-8d19-adbf86176f14,163c8694-7cb3-4521-a5a0-ca5e793bd56e,2026-06-17T22:45:15.786374,Enterprise Deal - ClearView Corp,32409.3,2026-12-06T03:59:23.786390,ece82b98-28d8-4c7e-94ba-1bb820731ba5,2025-09-23T11:10:00.786374,ece82b98-28d8-4c7e-94ba-1bb820731ba5
99b37e73-41ff-4159-b94b-d0e85e47ccc3,7179207a-0cc9-48e0-87e1-8cd7d2f9f721,,58f5dbc9-efac-4eb8-a7a5-29a44e7c718c,4ce83c9d-842a-4e12-8d19-adbf86176f14,91718b5b-2d79-4152-84fa-45b6bf72a72b,2026-05-03T08:14:06.786400,Growth Deal - Steel Bridge,208391.8,2026-06-14T07:29:25.786416,1773f9d2-3516-4ff5-9acc-3b6a7b2ce872,2025-12-27T19:14:58.786400,46cb662a-e863-4194-99df-ab55ff22701c
8ff6e025-cb4d-4097-b825-e877b20d638c,7179207a-0cc9-48e0-87e1-8cd7d2f9f721,,,4ce83c9d-842a-4e12-8d19-adbf86176f14,6ee979bb-8c4e-4255-b39a-ef56528a94f4,2026-03-04T09:25:12.786426,Starter Deal - Crystal Corp,485176.37,2027-01-28T09:30:25.786441,bebdbef1-3be2-4351-a13f-43e46af2a5a2,2025-10-29T22:38:46.786426,1773f9d2-3516-4ff5-9acc-3b6a7b2ce872
8e8d2060-9f14-49b8-97c5-0250d4559be8,7179207a-0cc9-48e0-87e1-8cd7d2f9f721,be9b5f67-c50b-45cc-912c-12a86c8dff7b,3018088a-1c7d-4349-8515-8e3647ed5f8e,4ce83c9d-842a-4e12-8d19-adbf86176f14,44fcc00f-594d-4ff5-a461-9d3ac82ca711,2026-02-20T22:54:50.786452,Growth Deal - Pearl Analytics,19174.33,2026-07-31T00:28:46.786467,02fc8d0f-48ca-4ab5-95da-9f2f51d44e5b,2025-10-06T12:49:21.786452,de2d46fb-a956-4b96-bc60-115ccf0715a6
ca3f096d-4140-471a-9e29-66479a0c5bda,7179207a-0cc9-48e0-87e1-8cd7d2f9f721,0bf56961-db32-4dab-b8f8-90bc3aa2be9b,cc5290ea-6b67-484d-9985-b1d98a5e87a6,4ce83c9d-842a-4e12-8d19-adbf86176f14,0f3f5077-3722-492e-9597-b731770ec559,2026-07-13T20:26:37.786478,Custom Deal - NovaTech Solutions,418659.53,2026-11-29T14:30:41.786494,a120de43-c4d0-46d0-8c1a-3b6044216650,2025-11-06T17:58:00.786478,e16f7e8e-9f87-481c-a95f-799224a1dd30
6909e955-75e7-48c3-a15e-d1618eb19433,7179207a-0cc9-48e0-87e1-8cd7d2f9f721,,,4ce83c9d-842a-4e12-8d19-adbf86176f14,91718b5b-2d79-4152-84fa-45b6bf72a72b,2026-04-23T07:46:32.786503,Starter Deal - Silver Stream,157425.36,2026-06-22T06:11:23.786518,e52849ba-01bf-4e30-a6ad-e02749ff23a9,2026-04-15T20:08:20.786503,46cb662a-e863-4194-99df-ab55ff22701c
7b728593-6620-4029-9e67-5b57e97feb5f,7179207a-0cc9-48e0-87e1-8cd7d2f9f721,711bb1aa-621e-4fc9-a969-ef6a1d6474b0,,4ce83c9d-842a-4e12-8d19-adbf86176f14,0f3f5077-3722-492e-9597-b731770ec559,2026-06-23T01:47:51.786529,Growth Deal - Copper Systems,379580.3,2026-09-21T13:57:10.786552,de2d46fb-a956-4b96-bc60-115ccf0715a6,2025-11-06T23:23:39.786529,8c00e028-41da-4e2c-91bf-e06c6f74595b
26125a76-eeee-4fa3-9302-7c693f26e86a,7179207a-0cc9-48e0-87e1-8cd7d2f9f721,586a053e-85de-4cb7-b989-b7e1849e5bff,0e3456e1-3d71-449d-bf2f-e06289a2ea29,4ce83c9d-842a-4e12-8d19-adbf86176f14,91718b5b-2d79-4152-84fa-45b6bf72a72b,2026-07-30T19:53:39.786566,Enterprise Deal - Golden Ratio,408681.52,2026-07-20T03:50:57.786582,7d137f66-8604-40bf-ba81-6af4667de5ac,2026-07-25T13:26:48.786566,b76f0d06-487f-4c14-97a4-859d3404b661
44433c0e-4636-42a4-bb83-60bc4b7ccfa0,7179207a-0cc9-48e0-87e1-8cd7d2f9f721,,,4ce83c9d-842a-4e12-8d19-adbf86176f14,91718b5b-2d79-4152-84fa-45b6bf72a72b,2026-07-30T12:28:35.786592,Starter Deal - SwiftScale,108998.26,2026-05-01T08:09:31.786607,ded2cebc-b69e-4191-9d44-4929e9d428d1,2026-07-28T10:33:27.786592,e52849ba-01bf-4e30-a6ad-e02749ff23a9
06948e06-2414-4103-872a-20a7549b971a,7179207a-0cc9-48e0-87e1-8cd7d2f9f721,,,4ce83c9d-842a-4e12-8d19-adbf86176f14,91718b5b-2d79-4152-84fa-45b6bf72a72b,2026-06-16T06:52:15.786617,Starter Deal - Prism Technologies,218198.72,2026-07-25T18:52:09.786633,7d137f66-8604-40bf-ba81-6af4667de5ac,2026-03-23T16:21:18.786617,a120de43-c4d0-46d0-8c1a-3b6044216650
6bc9e54c-de8c-4210-a226-de3d3d600a94,7179207a-0cc9-48e0-87e1-8cd7d2f9f721,b80d5fe4-15a6-4dac-85d0-8e45bc3f1645,,4ce83c9d-842a-4e12-8d19-adbf86176f14,44fcc00f-594d-4ff5-a461-9d3ac82ca711,2026-04-21T22:18:05.786644,Starter Deal - CloudPeak Analytics,469708.71,2026-07-20T01:22:00.786659,1773f9d2-3516-4ff5-9acc-3b6a7b2ce872,2026-04-18T16:24:29.786644,a120de43-c4d0-46d0-8c1a-3b6044216650
deb7c891-0d66-48c7-a2e4-0d56c4c155c4,7179207a-0cc9-48e0-87e1-8cd7d2f9f721,,,4ce83c9d-842a-4e12-8d19-adbf86176f14,adf111f0-9f7b-42a3-b8d2-509d4f2cc58d,2026-07-28T16:35:39.786668,Enterprise Deal - GreenField Capital,434280.15,2026-12-23T02:24:27.786683,8c00e028-41da-4e2c-91bf-e06c6f74595b,2026-01-24T09:33:51.786668,46cb662a-e863-4194-99df-ab55ff22701c
6c7e69f1-1f63-478d-8e04-95f3263b995c,7179207a-0cc9-48e0-87e1-8cd7d2f9f721,fe3e8dd9-f5ba-4a64-a6c7-156ba57aec08,,4ce83c9d-842a-4e12-8d19-adbf86176f14,0f3f5077-3722-492e-9597-b731770ec559,2026-08-01T13:57:15.786693,Enterprise Deal - Ember Labs,160128.19,2026-09-26T05:00:33.786709,e52849ba-01bf-4e30-a6ad-e02749ff23a9,2025-11-02T16:49:36.786693,7d137f66-8604-40bf-ba81-6af4667de5ac
de2aee18-0df0-4a94-aa5a-04eef12fbba3,7179207a-0cc9-48e0-87e1-8cd7d2f9f721,34322dbd-85dd-4aed-92f2-d476f790157c,a162539a-e6fc-4ca8-ac12-9f5d5743fa18,4ce83c9d-842a-4e12-8d19-adbf86176f14,163c8694-7cb3-4521-a5a0-ca5e793bd56e,2026-07-29T15:56:11.786720,Enterprise Deal - Apex Innovations,181295.76,2027-01-20T09:41:12.786735,7d137f66-8604-40bf-ba81-6af4667de5ac,2026-05-11T13:26:47.786720,bebdbef1-3be2-4351-a13f-43e46af2a5a2
8793b0c4-6397-4fb5-8318-63569800917c,7179207a-0cc9-48e0-87e1-8cd7d2f9f721,,,4ce83c9d-842a-4e12-8d19-adbf86176f14,44fcc00f-594d-4ff5-a461-9d3ac82ca711,2026-07-26T05:33:47.786748,Enterprise Deal - Atlas Computing,148093.02,2026-05-05T09:27:12.786764,8c00e028-41da-4e2c-91bf-e06c6f74595b,2025-10-14T03:48:22.786748,e16f7e8e-9f87-481c-a95f-799224a1dd30
84db1ce0-6c4e-4f0b-be9c-d1d76fda545b,7179207a-0cc9-48e0-87e1-8cd7d2f9f721,66be4084-0f63-40bf-a2c9-5037700fad64,d42acc6e-12b7-4e5e-96c1-5f1ac22ce870,4ce83c9d-842a-4e12-8d19-adbf86176f14,6ee979bb-8c4e-4255-b39a-ef56528a94f4,2026-05-18T12:59:09.786774,Growth Deal - Apex Innovations,26122.03,2026-09-09T09:26:27.786790,b76f0d06-487f-4c14-97a4-859d3404b661,2025-10-01T23:47:49.786774,02fc8d0f-48ca-4ab5-95da-9f2f51d44e5b
fea57491-41f8-4eb8-8f05-ff1985f94814,7179207a-0cc9-48e0-87e1-8cd7d2f9f721,5ddbe8da-785d-4d4a-8dae-23bf7f5412bd,30f7a49e-c851-4904-b109-c2e3c1d85778,4ce83c9d-842a-4e12-8d19-adbf86176f14,91718b5b-2d79-4152-84fa-45b6bf72a72b,2026-03-17T02:55:30.786801,Custom Deal - Forge Industries,89240.45,2026-06-26T16:40:18.786817,1773f9d2-3516-4ff5-9acc-3b6a7b2ce872,2026-02-20T05:36:32.786801,46cb662a-e863-4194-99df-ab55ff22701c
5f57f3bd-4735-47b7-aee7-d16ed60c25aa,7179207a-0cc9-48e0-87e1-8cd7d2f9f721,85199dcd-2817-48c7-b941-a997ec3b86f5,378ea9b4-4b21-4866-b53d-bc8f4ff60881,4ce83c9d-842a-4e12-8d19-adbf86176f14,163c8694-7cb3-4521-a5a0-ca5e793bd56e,2026-06-23T12:00:55.786831,Premium Deal - Pearl Analytics,433975.15,2026-09-04T09:46:59.786847,8c00e028-41da-4e2c-91bf-e06c6f74595b,2025-09-04T20:36:13.786831,46cb662a-e863-4194-99df-ab55ff22701c
f1a65f9f-982c-4e90-9983-ae68077c5684,7179207a-0cc9-48e0-87e1-8cd7d2f9f721,ef1f32e2-82d0-438d-9188-8197f2604ee4,1ad94cb1-e67a-4737-9313-ad818f3242e6,4ce83c9d-842a-4e12-8d19-adbf86176f14,0f3f5077-3722-492e-9597-b731770ec559,2026-06-28T10:59:49.786858,Premium Deal - Onyx Data,385416.21,2026-11-10T05:51:48.786873,b76f0d06-487f-4c14-97a4-859d3404b661,2026-03-20T19:29:42.786858,b76f0d06-487f-4c14-97a4-859d3404b661
f980c49e-5e73-4af3-a570-1ccd64e68231,7179207a-0cc9-48e0-87e1-8cd7d2f9f721,c786b6f4-ac71-42f6-9842-0f596ed12a40,,4ce83c9d-842a-4e12-8d19-adbf86176f14,adf111f0-9f7b-42a3-b8d2-509d4f2cc58d,2026-07-15T16:14:40.786884,Growth Deal - BrightStar Inc,301629.95,2026-09-07T21:45:46.786900,8c00e028-41da-4e2c-91bf-e06c6f74595b,2026-07-09T09:39:56.786884,e16f7e8e-9f87-481c-a95f-799224a1dd30
ef4ba4c3-0d91-493d-8d5f-3da783232942,7179207a-0cc9-48e0-87e1-8cd7d2f9f721,71734e1f-5241-4ae3-9da8-a06b40de85d5,,4ce83c9d-842a-4e12-8d19-adbf86176f14,adf111f0-9f7b-42a3-b8d2-509d4f2cc58d,2026-06-16T21:26:03.786910,Enterprise Deal - Amber Industries,333749.23,2026-10-03T02:39:17.786926,bebdbef1-3be2-4351-a13f-43e46af2a5a2,2026-05-12T16:07:37.786910,e52849ba-01bf-4e30-a6ad-e02749ff23a9
ec8d6d15-3f94-4401-b9a3-fd01c5d417b1,7179207a-0cc9-48e0-87e1-8cd7d2f9f721,4e51c09b-d2bb-4f58-b67d-1af4c5eb98a1,35bdbff9-ee7d-44a3-9437-eaea77a12d17,4ce83c9d-842a-4e12-8d19-adbf86176f14,163c8694-7cb3-4521-a5a0-ca5e793bd56e,2026-02-10T10:29:43.786937,Enterprise Deal - Horizon Media,158146.39,2026-11-30T00:37:32.786953,7d137f66-8604-40bf-ba81-6af4667de5ac,2026-02-09T23:50:09.786937,34cd9ae9-7de1-4193-9109-53462c16ece9
626c7062-6545-4318-b088-6b8c0bc6ea6c,7179207a-0cc9-48e0-87e1-8cd7d2f9f721,,4bdd6d9e-de5c-4ff8-acd4-77fabf3d98b5,4ce83c9d-842a-4e12-8d19-adbf86176f14,91718b5b-2d79-4152-84fa-45b6bf72a72b,2026-06-20T23:17:02.786963,Custom Deal - Pearl Analytics,329294.3,2026-06-08T14:29:09.787014,e52849ba-01bf-4e30-a6ad-e02749ff23a9,2026-02-08T10:58:51.786963,7d137f66-8604-40bf-ba81-6af4667de5ac
da583262-930d-42ff-9fa7-b22a7fdaa1a1,7179207a-0cc9-48e0-87e1-8cd7d2f9f721,,24239f29-336a-4570-be2e-af0c3609a718,4ce83c9d-842a-4e12-8d19-adbf86176f14,6ee979bb-8c4e-4255-b39a-ef56528a94f4,2026-07-30T00:38:15.787045,Starter Deal - Platinum Partners,474754.07,2026-12-31T19:58:49.787085,a120de43-c4d0-46d0-8c1a-3b6044216650,2026-06-24T18:48:28.787045,e52849ba-01bf-4e30-a6ad-e02749ff23a9
ecd79a00-ac21-49d3-b6db-9db0198a0154,7179207a-0cc9-48e0-87e1-8cd7d2f9f721,6f887f7e-84ff-43d1-aa99-95d649f42654,3e500625-0f87-4de0-88cf-ba4984e6be1f,4ce83c9d-842a-4e12-8d19-adbf86176f14,44fcc00f-594d-4ff5-a461-9d3ac82ca711,2026-06-14T01:57:49.787123,Enterprise Deal - Onyx Data,170066.14,2026-08-05T03:31:45.787149,02fc8d0f-48ca-4ab5-95da-9f2f51d44e5b,2026-05-12T01:20:52.787123,8c00e028-41da-4e2c-91bf-e06c6f74595b
bbd0c57b-8f39-4a82-b261-db2bc20c2dc1,7179207a-0cc9-48e0-87e1-8cd7d2f9f721,219c711c-bcf5-4402-9d41-2d982b617c65,,4ce83c9d-842a-4e12-8d19-adbf86176f14,91718b5b-2d79-4152-84fa-45b6bf72a72b,2026-06-11T20:46:42.787168,Premium Deal - Fusion Analytics,31567.09,2026-06-13T12:36:44.787197,7d137f66-8604-40bf-ba81-6af4667de5ac,2026-05-29T12:54:21.787168,46cb662a-e863-4194-99df-ab55ff22701c
fd3ce060-5356-467d-8ac6-81e1716b8e09,7179207a-0cc9-48e0-87e1-8cd7d2f9f721,,ca3dadcf-50ac-4d54-9075-5941dccb1715,4ce83c9d-842a-4e12-8d19-adbf86176f14,6ee979bb-8c4e-4255-b39a-ef56528a94f4,2026-03-29T15:13:32.787216,Premium Deal - BlueShift Labs,126533.1,2026-08-19T08:28:32.787244,ece82b98-28d8-4c7e-94ba-1bb820731ba5,2025-11-29T06:56:41.787216,1773f9d2-3516-4ff5-9acc-3b6a7b2ce872
3fdbee2e-d267-47dc-8833-66f4bd83aa74,7179207a-0cc9-48e0-87e1-8cd7d2f9f721,,,4ce83c9d-842a-4e12-8d19-adbf86176f14,163c8694-7cb3-4521-a5a0-ca5e793bd56e,2026-03-02T16:23:37.787269,Enterprise Deal - NexGen Software,380104.5,2026-10-17T03:05:20.787293,46cb662a-e863-4194-99df-ab55ff22701c,2025-08-09T17:23:12.787269,7d137f66-8604-40bf-ba81-6af4667de5ac
5c58f682-4a1f-4905-9686-651407cbc79e,7179207a-0cc9-48e0-87e1-8cd7d2f9f721,,,4ce83c9d-842a-4e12-8d19-adbf86176f14,adf111f0-9f7b-42a3-b8d2-509d4f2cc58d,2026-04-02T11:44:57.787314,Enterprise Deal - Coral Health,411721.15,2027-01-20T23:56:07.787339,bebdbef1-3be2-4351-a13f-43e46af2a5a2,2025-11-24T14:01:56.787314,ece82b98-28d8-4c7e-94ba-1bb820731ba5
b8e3071c-8baa-495c-8f80-36a3ea1e29b9,7179207a-0cc9-48e0-87e1-8cd7d2f9f721,2115e8f9-8e22-467f-bc2c-f49f2f1055c8,83e65d26-3a07-4e79-96b8-0646f171b5d6,4ce83c9d-842a-4e12-8d19-adbf86176f14,44fcc00f-594d-4ff5-a461-9d3ac82ca711,2026-05-21T15:45:20.787357,Starter Deal - Forge Industries,113033.8,2026-05-07T13:45:42.787385,e52849ba-01bf-4e30-a6ad-e02749ff23a9,2026-05-15T00:45:15.787357,1773f9d2-3516-4ff5-9acc-3b6a7b2ce872
55a94c6f-c625-40e0-858d-8c4e663cf4f6,7179207a-0cc9-48e0-87e1-8cd7d2f9f721,8fde2057-51b6-4b29-a415-cb5517cdb9b8,,4ce83c9d-842a-4e12-8d19-adbf86176f14,adf111f0-9f7b-42a3-b8d2-509d4f2cc58d,2026-03-21T03:21:07.787402,Starter Deal - NexGen Software,169623.02,2026-10-13T20:15:03.787430,46cb662a-e863-4194-99df-ab55ff22701c,2025-11-30T00:03:59.787402,7d137f66-8604-40bf-ba81-6af4667de5ac
f91ad49d-e71c-4c2b-94f2-413cba7624df,7179207a-0cc9-48e0-87e1-8cd7d2f9f721,10dca5bf-e254-4830-b8c0-13b6922c5597,f521cf06-9552-4e4d-b03c-e9e501b1ab36,4ce83c9d-842a-4e12-8d19-adbf86176f14,adf111f0-9f7b-42a3-b8d2-509d4f2cc58d,2026-07-22T03:35:22.787449,Starter Deal - BrightStar Inc,383481.58,2027-01-25T10:11:01.787477,e52849ba-01bf-4e30-a6ad-e02749ff23a9,2026-07-19T11:24:48.787449,0002ada9-8f33-49a6-b9b4-7aa4a8a79084
4c71925d-47b8-4680-aac8-6175573f7514,7179207a-0cc9-48e0-87e1-8cd7d2f9f721,1e67cebe-ac17-4a46-8e4e-eff7547a7ce9,,4ce83c9d-842a-4e12-8d19-adbf86176f14,6ee979bb-8c4e-4255-b39a-ef56528a94f4,2026-08-03T16:06:55.787496,Enterprise Deal - Coral Health,285925.81,2026-11-11T02:46:31.787521,bebdbef1-3be2-4351-a13f-43e46af2a5a2,2025-08-16T14:33:12.787496,34cd9ae9-7de1-4193-9109-53462c16ece9
3982a19a-00a4-441b-becb-c96081bf52b5,7179207a-0cc9-48e0-87e1-8cd7d2f9f721,c8674e4c-5408-489c-a681-1d6b97340ccf,,4ce83c9d-842a-4e12-8d19-adbf86176f14,0f3f5077-3722-492e-9597-b731770ec559,2026-07-26T01:08:40.787540,Growth Deal - IronClad Security,33669.21,2027-01-31T00:24:42.787568,46cb662a-e863-4194-99df-ab55ff22701c,2026-07-05T20:01:21.787540,1773f9d2-3516-4ff5-9acc-3b6a7b2ce872
01616277-4e0e-4494-b929-63b4d59898ab,7179207a-0cc9-48e0-87e1-8cd7d2f9f721,,,4ce83c9d-842a-4e12-8d19-adbf86176f14,6ee979bb-8c4e-4255-b39a-ef56528a94f4,2026-06-21T10:26:53.787585,Growth Deal - Velocity Labs,451797.19,2027-01-22T13:26:21.787613,e16f7e8e-9f87-481c-a95f-799224a1dd30,2025-09-29T04:56:37.787585,34cd9ae9-7de1-4193-9109-53462c16ece9
981a1ff6-cd3d-41dc-ae75-9954d45824c7,7179207a-0cc9-48e0-87e1-8cd7d2f9f721,7ffc8677-7162-4efa-b6ec-f418d9dc4360,d036bb77-30fa-4d7d-a3e0-f17f36d4bdd6,4ce83c9d-842a-4e12-8d19-adbf86176f14,91718b5b-2d79-4152-84fa-45b6bf72a72b,2025-10-17T23:48:13.787632,Growth Deal - IronClad Security,431794.79,2026-05-01T06:53:44.787660,34cd9ae9-7de1-4193-9109-53462c16ece9,2025-09-07T00:57:09.787632,8c00e028-41da-4e2c-91bf-e06c6f74595b
91dbf0a3-9cef-42f9-8dcc-ec2423f0fd1c,7179207a-0cc9-48e0-87e1-8cd7d2f9f721,e6539299-3a19-4b0d-988b-6d1497c2486b,,4ce83c9d-842a-4e12-8d19-adbf86176f14,91718b5b-2d79-4152-84fa-45b6bf72a72b,2026-06-13T16:05:30.787679,Premium Deal - Opal Solutions,232109.01,2026-06-19T12:14:24.787706,e16f7e8e-9f87-481c-a95f-799224a1dd30,2026-04-21T02:11:46.787679,de2d46fb-a956-4b96-bc60-115ccf0715a6
0f8b40fe-e355-4293-9d79-144fabecc8e2,7179207a-0cc9-48e0-87e1-8cd7d2f9f721,0766c1d1-86ad-4cf9-9194-a2c11df2de91,0e3456e1-3d71-449d-bf2f-e06289a2ea29,4ce83c9d-842a-4e12-8d19-adbf86176f14,adf111f0-9f7b-42a3-b8d2-509d4f2cc58d,2026-02-03T00:51:52.787737,Enterprise Deal - Apex Health,388668.35,2027-01-31T05:44:15.787791,1773f9d2-3516-4ff5-9acc-3b6a7b2ce872,2025-11-14T03:19:44.787737,0002ada9-8f33-49a6-b9b4-7aa4a8a79084
a152ea0b-1ee9-47a8-b4b4-6eb1a884bdc8,7179207a-0cc9-48e0-87e1-8cd7d2f9f721,ee352535-abf4-4077-afcf-710c9ad5998e,0386d13f-b548-4bec-a77e-da0af8e3edea,4ce83c9d-842a-4e12-8d19-adbf86176f14,6ee979bb-8c4e-4255-b39a-ef56528a94f4,2026-02-17T02:46:29.787811,Enterprise Deal - Platinum Partners,137520.35,2026-09-27T14:17:01.787840,bebdbef1-3be2-4351-a13f-43e46af2a5a2,2025-09-01T14:01:47.787811,b76f0d06-487f-4c14-97a4-859d3404b661
63c55acc-68d1-48ea-867a-be2161b1b688,7179207a-0cc9-48e0-87e1-8cd7d2f9f721,08acbd03-6197-4012-81fe-e0fbb5ac7d27,54f1d948-935d-4b94-9948-3986c8d75b57,4ce83c9d-842a-4e12-8d19-adbf86176f14,91718b5b-2d79-4152-84fa-45b6bf72a72b,2026-03-18T16:31:23.787860,Custom Deal - Ember Labs,199903.78,2026-05-14T10:15:11.787887,0002ada9-8f33-49a6-b9b4-7aa4a8a79084,2025-08-28T02:26:50.787860,34cd9ae9-7de1-4193-9109-53462c16ece9
9e51a780-78db-4af8-ba2b-7e18839a16b2,7179207a-0cc9-48e0-87e1-8cd7d2f9f721,9421470b-2fbb-41dc-8f1c-21411b0f4996,83e65d26-3a07-4e79-96b8-0646f171b5d6,4ce83c9d-842a-4e12-8d19-adbf86176f14,163c8694-7cb3-4521-a5a0-ca5e793bd56e,2026-07-23T02:34:36.787905,Custom Deal - Fusion Analytics,7287.89,2026-09-22T11:10:34.787938,a120de43-c4d0-46d0-8c1a-3b6044216650,2026-01-23T08:08:32.787905,8c00e028-41da-4e2c-91bf-e06c6f74595b
1e19951e-3566-4956-bd4e-706938c3cbca,7179207a-0cc9-48e0-87e1-8cd7d2f9f721,8ea7d977-4c93-4240-b6ae-0b565cc6753f,6c7644e9-5d53-4028-94cf-ac4e329f3e25,4ce83c9d-842a-4e12-8d19-adbf86176f14,91718b5b-2d79-4152-84fa-45b6bf72a72b,2026-05-12T22:56:11.787957,Growth Deal - Atlas Computing,459148.77,2026-06-17T05:10:15.787991,7d137f66-8604-40bf-ba81-6af4667de5ac,2025-11-30T08:10:57.787957,e52849ba-01bf-4e30-a6ad-e02749ff23a9
71d68db6-41df-42a7-9ef8-bd786ce93f4d,7179207a-0cc9-48e0-87e1-8cd7d2f9f721,669db45a-a3a7-45ea-8229-a004d2854b23,89d644a3-e07d-4263-97d3-da1488fe895b,4ce83c9d-842a-4e12-8d19-adbf86176f14,adf111f0-9f7b-42a3-b8d2-509d4f2cc58d,2026-05-29T00:01:53.788010,Enterprise Deal - Sterling Finance,397056.65,2026-11-29T07:30:25.788050,ded2cebc-b69e-4191-9d44-4929e9d428d1,2025-08-18T05:53:13.788010,b76f0d06-487f-4c14-97a4-859d3404b661
b56ef286-9f7c-42bc-84cf-c4020f22c4ba,7179207a-0cc9-48e0-87e1-8cd7d2f9f721,74e485c9-3da5-4ca3-8211-fe5d06cab339,,4ce83c9d-842a-4e12-8d19-adbf86176f14,0f3f5077-3722-492e-9597-b731770ec559,2026-01-18T03:08:47.788069,Growth Deal - Nimbus Networks,118362.8,2026-10-04T13:32:04.788096,e16f7e8e-9f87-481c-a95f-799224a1dd30,2025-11-26T08:56:21.788069,bebdbef1-3be2-4351-a13f-43e46af2a5a2
e2c4dc3b-ea8a-4743-8df1-55329de7fc16,7179207a-0cc9-48e0-87e1-8cd7d2f9f721,,d91b21f2-f91d-4d8d-8fa5-e188730f0390,4ce83c9d-842a-4e12-8d19-adbf86176f14,adf111f0-9f7b-42a3-b8d2-509d4f2cc58d,2026-05-19T20:11:51.788114,Premium Deal - Forge Industries,304314.15,2026-08-28T17:29:45.788142,bebdbef1-3be2-4351-a13f-43e46af2a5a2,2026-01-20T12:37:01.788114,a120de43-c4d0-46d0-8c1a-3b6044216650
b667846b-a50e-4849-a837-3ef6fce335b6,7179207a-0cc9-48e0-87e1-8cd7d2f9f721,823b87f0-c0b9-44ec-b57d-5c4f73714357,,4ce83c9d-842a-4e12-8d19-adbf86176f14,44fcc00f-594d-4ff5-a461-9d3ac82ca711,2026-05-13T20:03:24.788160,Enterprise Deal - Ember Labs,492898.43,2026-04-30T00:52:35.788187,02fc8d0f-48ca-4ab5-95da-9f2f51d44e5b,2026-03-19T20:21:06.788160,46cb662a-e863-4194-99df-ab55ff22701c
78ba44b3-090b-4a3f-b27f-1f7736d40cdf,7179207a-0cc9-48e0-87e1-8cd7d2f9f721,,f3e4630d-d34f-4cf2-808c-c7dd6df817d7,4ce83c9d-842a-4e12-8d19-adbf86176f14,91718b5b-2d79-4152-84fa-45b6bf72a72b,2026-06-25T21:07:56.788205,Enterprise Deal - Steel Bridge,117482.54,2026-06-27T07:34:21.788239,34cd9ae9-7de1-4193-9109-53462c16ece9,2026-04-24T01:33:50.788205,ece82b98-28d8-4c7e-94ba-1bb820731ba5
d3c9cdb2-3285-4e58-8231-1d1102d594df,7179207a-0cc9-48e0-87e1-8cd7d2f9f721,,,4ce83c9d-842a-4e12-8d19-adbf86176f14,6ee979bb-8c4e-4255-b39a-ef56528a94f4,2026-07-28T14:05:32.788258,Starter Deal - Golden Ratio,391036.6,2026-12-22T05:52:46.788289,8c00e028-41da-4e2c-91bf-e06c6f74595b,2026-04-24T17:42:51.788258,bebdbef1-3be2-4351-a13f-43e46af2a5a2
92aea3f7-b14d-4364-9be3-35598a48fb09,7179207a-0cc9-48e0-87e1-8cd7d2f9f721,,,4ce83c9d-842a-4e12-8d19-adbf86176f14,163c8694-7cb3-4521-a5a0-ca5e793bd56e,2026-03-20T17:16:16.788306,Enterprise Deal - Diamond Edge,371927.47,2026-08-13T05:53:05.788332,7d137f66-8604-40bf-ba81-6af4667de5ac,2026-01-13T22:42:26.788306,0002ada9-8f33-49a6-b9b4-7aa4a8a79084
65b88d30-88cb-45fb-8487-8cdce0f4b6ba,7179207a-0cc9-48e0-87e1-8cd7d2f9f721,e2c28340-d2cb-46fc-93cc-945c684056aa,,4ce83c9d-842a-4e12-8d19-adbf86176f14,91718b5b-2d79-4152-84fa-45b6bf72a72b,2026-02-24T05:10:53.788350,Enterprise Deal - Coral Health,352173.41,2026-08-01T03:53:16.788377,34cd9ae9-7de1-4193-9109-53462c16ece9,2025-08-08T16:47:29.788350,0002ada9-8f33-49a6-b9b4-7aa4a8a79084
2edba186-6af6-4d91-98d9-260033d0a627,7179207a-0cc9-48e0-87e1-8cd7d2f9f721,,,4ce83c9d-842a-4e12-8d19-adbf86176f14,91718b5b-2d79-4152-84fa-45b6bf72a72b,2025-11-25T01:00:31.788395,Growth Deal - Amber Industries,228296.0,2026-06-14T17:51:20.788440,46cb662a-e863-4194-99df-ab55ff22701c,2025-10-27T10:44:27.788395,7d137f66-8604-40bf-ba81-6af4667de5ac
c6a4e0a6-0f10-4a09-a348-afb1bf733539,7179207a-0cc9-48e0-87e1-8cd7d2f9f721,,,4ce83c9d-842a-4e12-8d19-adbf86176f14,163c8694-7cb3-4521-a5a0-ca5e793bd56e,2026-06-25T01:07:14.788458,Premium Deal - IronClad Security,303156.75,2026-08-24T06:11:49.788486,46cb662a-e863-4194-99df-ab55ff22701c,2026-02-26T01:04:18.788458,1773f9d2-3516-4ff5-9acc-3b6a7b2ce872
00ab43e6-7987-4ce8-8de8-587698b0fe4d,7179207a-0cc9-48e0-87e1-8cd7d2f9f721,13733d4d-30ca-4229-88ed-23b6099ba25b,185b519b-e9e2-4ab0-9bdd-8aa470c79117,4ce83c9d-842a-4e12-8d19-adbf86176f14,6ee979bb-8c4e-4255-b39a-ef56528a94f4,2026-05-20T15:24:36.788505,Premium Deal - Apex Innovations,494139.68,2027-02-03T01:07:09.788533,b76f0d06-487f-4c14-97a4-859d3404b661,2026-01-18T03:40:18.788505,ece82b98-28d8-4c7e-94ba-1bb820731ba5
538f7eac-b3f9-4ba9-b771-eb4bbdbb76e6,7179207a-0cc9-48e0-87e1-8cd7d2f9f721,cd91e6fc-2286-4b93-9117-04f3edacb728,88894dde-fe91-4c68-875b-025b7ad59de3,4ce83c9d-842a-4e12-8d19-adbf86176f14,6ee979bb-8c4e-4255-b39a-ef56528a94f4,2026-03-30T19:51:36.788553,Enterprise Deal - Iron Mountain,375975.95,2026-12-28T14:15:49.788580,bebdbef1-3be2-4351-a13f-43e46af2a5a2,2025-12-03T23:35:20.788553,b76f0d06-487f-4c14-97a4-859d3404b661
17175b56-3bf4-4517-9b26-83aa1af7dffd,7179207a-0cc9-48e0-87e1-8cd7d2f9f721,4eed05d9-f26c-4fb3-beea-88a44e000df5,23b3956f-3152-4598-a0c1-69fe90f1db93,4ce83c9d-842a-4e12-8d19-adbf86176f14,44fcc00f-594d-4ff5-a461-9d3ac82ca711,2026-06-27T21:31:06.788607,Enterprise Deal - Pearl Analytics,306920.82,2026-07-26T22:33:06.788636,7d137f66-8604-40bf-ba81-6af4667de5ac,2025-12-07T17:05:27.788607,de2d46fb-a956-4b96-bc60-115ccf0715a6
d74b4814-2e8c-4297-902d-40b411d14eb3,7179207a-0cc9-48e0-87e1-8cd7d2f9f721,,,4ce83c9d-842a-4e12-8d19-adbf86176f14,0f3f5077-3722-492e-9597-b731770ec559,2026-04-06T10:25:55.788653,Growth Deal - Apex Innovations,444916.35,2026-11-10T06:57:35.788679,bebdbef1-3be2-4351-a13f-43e46af2a5a2,2026-04-04T06:37:33.788653,1773f9d2-3516-4ff5-9acc-3b6a7b2ce872
ee046887-5e9e-448b-b751-4e16c927742a,7179207a-0cc9-48e0-87e1-8cd7d2f9f721,611edc92-5e72-40f8-860c-b90e6d8fc882,62bb2210-36ae-4880-8ae9-830fd59f5d7d,4ce83c9d-842a-4e12-8d19-adbf86176f14,163c8694-7cb3-4521-a5a0-ca5e793bd56e,2026-07-26T11:28:44.788698,Starter Deal - Pulse Digital,242074.99,2026-08-17T01:05:13.788724,8c00e028-41da-4e2c-91bf-e06c6f74595b,2026-06-02T03:41:42.788698,e16f7e8e-9f87-481c-a95f-799224a1dd30
14f59d51-43e4-4f06-a651-6c1a1faf1f09,7179207a-0cc9-48e0-87e1-8cd7d2f9f721,80878509-a95a-43a5-ba3b-c60bd0eb5962,8666a9fb-e8de-4745-b302-f0d66b444631,4ce83c9d-842a-4e12-8d19-adbf86176f14,0f3f5077-3722-492e-9597-b731770ec559,2026-04-29T22:23:11.788748,Enterprise Deal - Copper Systems,144658.06,2026-10-14T19:43:46.788774,de2d46fb-a956-4b96-bc60-115ccf0715a6,2025-12-17T02:12:26.788748,a120de43-c4d0-46d0-8c1a-3b6044216650
1deb9bca-4039-46ec-92f7-ee6f6321c1fd,7179207a-0cc9-48e0-87e1-8cd7d2f9f721,ccfb91e6-d362-44ca-951c-31540fea0237,5b0db07b-4abb-453e-a071-4950dd6cb15d,4ce83c9d-842a-4e12-8d19-adbf86176f14,adf111f0-9f7b-42a3-b8d2-509d4f2cc58d,2026-08-05T05:41:48.788790,Growth Deal - Titan Industries,104970.27,2026-11-08T16:07:58.788812,b76f0d06-487f-4c14-97a4-859d3404b661,2026-08-02T12:05:17.788790,bebdbef1-3be2-4351-a13f-43e46af2a5a2
585ed280-35eb-498c-b52e-f740d703ca1c,7179207a-0cc9-48e0-87e1-8cd7d2f9f721,1325f06d-0b2e-43d1-a6af-308c393b8eff,bb26ef7e-70f4-4277-8ce3-0c03fb547ea1,4ce83c9d-842a-4e12-8d19-adbf86176f14,44fcc00f-594d-4ff5-a461-9d3ac82ca711,2026-04-24T08:56:55.788828,Custom Deal - EverGreen Solutions,386931.37,2026-05-16T21:12:47.788852,ece82b98-28d8-4c7e-94ba-1bb820731ba5,2026-04-13T06:28:03.788828,b76f0d06-487f-4c14-97a4-859d3404b661
c89efc7c-9599-477a-854d-2bd8debdb53f,7179207a-0cc9-48e0-87e1-8cd7d2f9f721,,,4ce83c9d-842a-4e12-8d19-adbf86176f14,44fcc00f-594d-4ff5-a461-9d3ac82ca711,2026-04-20T06:01:54.788874,Custom Deal - Crystal Clear,470857.42,2026-08-05T14:07:27.788905,b76f0d06-487f-4c14-97a4-859d3404b661,2026-02-20T13:33:51.788874,ece82b98-28d8-4c7e-94ba-1bb820731ba5
081c2412-b9ec-4890-888a-daa1fa3e6d08,7179207a-0cc9-48e0-87e1-8cd7d2f9f721,2daaf9dd-e467-4c03-8626-e5b4011c2918,b50e4c2d-c888-42b4-a615-2a3a2ce0631b,4ce83c9d-842a-4e12-8d19-adbf86176f14,44fcc00f-594d-4ff5-a461-9d3ac82ca711,2026-06-28T08:59:23.788951,Enterprise Deal - Zenith Partners,66508.72,2026-05-20T23:43:52.788992,bebdbef1-3be2-4351-a13f-43e46af2a5a2,2025-12-30T21:18:51.788951,8c00e028-41da-4e2c-91bf-e06c6f74595b
2738a472-3d2f-4f18-b7ee-bbcd518fa66c,7179207a-0cc9-48e0-87e1-8cd7d2f9f721,475c1b23-720a-43df-bcb5-723e2e7a9a27,,4ce83c9d-842a-4e12-8d19-adbf86176f14,91718b5b-2d79-4152-84fa-45b6bf72a72b,2026-01-27T22:01:51.789011,Starter Deal - Copper Systems,490786.7,2026-04-24T00:30:47.789050,e52849ba-01bf-4e30-a6ad-e02749ff23a9,2026-01-12T15:25:51.789011,de2d46fb-a956-4b96-bc60-115ccf0715a6
e9411872-f680-4227-84af-9d094524e2f3,7179207a-0cc9-48e0-87e1-8cd7d2f9f721,ebbc67d9-7126-462c-82bf-9eedbd942336,ee8b44da-e14e-4ff5-a9e6-7c13eef301d9,4ce83c9d-842a-4e12-8d19-adbf86176f14,adf111f0-9f7b-42a3-b8d2-509d4f2cc58d,2026-06-20T00:51:51.789062,Growth Deal - Quantum Dynamics,63444.43,2026-08-23T02:33:10.789080,0002ada9-8f33-49a6-b9b4-7aa4a8a79084,2025-11-25T02:29:06.789062,1773f9d2-3516-4ff5-9acc-3b6a7b2ce872
4275836d-ef82-459e-88b9-f33ac0ce649a,7179207a-0cc9-48e0-87e1-8cd7d2f9f721,a3b3dadf-e40b-4b15-b497-e1b542770176,,4ce83c9d-842a-4e12-8d19-adbf86176f14,44fcc00f-594d-4ff5-a461-9d3ac82ca711,2026-07-27T05:38:12.789091,Enterprise Deal - Cobalt Systems,72071.24,2026-07-13T08:35:35.789108,0002ada9-8f33-49a6-b9b4-7aa4a8a79084,2026-07-05T01:10:10.789091,a120de43-c4d0-46d0-8c1a-3b6044216650
16fd49ca-4942-4e1b-a796-864eec9ecd41,7179207a-0cc9-48e0-87e1-8cd7d2f9f721,21338885-c218-4cb0-be70-095a2aca3095,63147dc7-26c7-4f6c-aada-b1469c1b0170,4ce83c9d-842a-4e12-8d19-adbf86176f14,0f3f5077-3722-492e-9597-b731770ec559,2026-06-06T09:35:38.789119,Premium Deal - Amber Industries,407022.72,2027-01-14T14:26:49.789136,0002ada9-8f33-49a6-b9b4-7aa4a8a79084,2025-12-27T02:32:17.789119,46cb662a-e863-4194-99df-ab55ff22701c
4f79c684-c458-4784-b0e9-57f4dfa8ae2a,7179207a-0cc9-48e0-87e1-8cd7d2f9f721,3608eb67-d420-429c-bc02-b6ffb7741214,6fd09a47-2143-4822-b6df-41db7775467e,4ce83c9d-842a-4e12-8d19-adbf86176f14,91718b5b-2d79-4152-84fa-45b6bf72a72b,2025-12-03T18:44:20.789147,Custom Deal - Fusion Analytics,220433.28,2026-06-03T01:43:01.789163,7d137f66-8604-40bf-ba81-6af4667de5ac,2025-08-09T21:05:18.789147,de2d46fb-a956-4b96-bc60-115ccf0715a6
c537430c-d45e-4235-89bb-c114eb5ae7e6,7179207a-0cc9-48e0-87e1-8cd7d2f9f721,89f9a315-6c7c-49cd-afc7-05d6f3663f11,,4ce83c9d-842a-4e12-8d19-adbf86176f14,0f3f5077-3722-492e-9597-b731770ec559,2025-09-08T08:51:31.789180,Premium Deal - Apex Health,287603.39,2026-08-20T06:26:11.789197,02fc8d0f-48ca-4ab5-95da-9f2f51d44e5b,2025-08-21T05:24:19.789180,02fc8d0f-48ca-4ab5-95da-9f2f51d44e5b
0a9f025c-6d47-4f86-8060-b7913e54eaa8,7179207a-0cc9-48e0-87e1-8cd7d2f9f721,b892e736-cdfb-4ba8-991c-1d12f17bdb2a,,4ce83c9d-842a-4e12-8d19-adbf86176f14,adf111f0-9f7b-42a3-b8d2-509d4f2cc58d,2026-07-24T18:59:09.789212,Starter Deal - Apex Health,365763.5,2026-10-24T14:18:38.789229,b76f0d06-487f-4c14-97a4-859d3404b661,2026-06-10T05:55:33.789212,ece82b98-28d8-4c7e-94ba-1bb820731ba5
71aa2908-6141-4ac4-81ac-77169d23eb13,7179207a-0cc9-48e0-87e1-8cd7d2f9f721,9ea7367c-1f82-498d-bd8b-90a6c110e36a,185b519b-e9e2-4ab0-9bdd-8aa470c79117,4ce83c9d-842a-4e12-8d19-adbf86176f14,44fcc00f-594d-4ff5-a461-9d3ac82ca711,2025-11-14T07:30:48.789240,Custom Deal - BlueShift Labs,79966.46,2026-07-30T03:28:44.789256,0002ada9-8f33-49a6-b9b4-7aa4a8a79084,2025-08-12T05:34:00.789240,02fc8d0f-48ca-4ab5-95da-9f2f51d44e5b
ff044787-9aa1-4e20-9ce7-60631a0c5553,7179207a-0cc9-48e0-87e1-8cd7d2f9f721,4a8b2762-f1d3-484c-a58c-8943363dd793,b426edd1-ea9a-4bfa-ab40-fd5f23b23def,4ce83c9d-842a-4e12-8d19-adbf86176f14,91718b5b-2d79-4152-84fa-45b6bf72a72b,2026-02-01T12:02:49.789267,Premium Deal - Topaz Digital,486498.54,2026-07-28T05:02:40.789284,7d137f66-8604-40bf-ba81-6af4667de5ac,2025-11-12T18:28:34.789267,ece82b98-28d8-4c7e-94ba-1bb820731ba5
2605df0b-e3e9-4ebb-af10-b025a363775b,7179207a-0cc9-48e0-87e1-8cd7d2f9f721,,5ddc9f21-49b9-40a5-b8fc-d740c3030048,4ce83c9d-842a-4e12-8d19-adbf86176f14,6ee979bb-8c4e-4255-b39a-ef56528a94f4,2026-03-28T00:06:41.789294,Starter Deal - Copper Systems,147773.3,2026-09-06T05:28:38.789310,02fc8d0f-48ca-4ab5-95da-9f2f51d44e5b,2026-03-03T07:40:20.789294,8c00e028-41da-4e2c-91bf-e06c6f74595b
fd1adfa1-01dc-4184-a6fe-8cfb4cba6aa9,7179207a-0cc9-48e0-87e1-8cd7d2f9f721,ffaf4df8-3482-491d-a3ae-2a60e60fd8a4,8567e926-6a58-4388-a3fd-e08767acc311,4ce83c9d-842a-4e12-8d19-adbf86176f14,6ee979bb-8c4e-4255-b39a-ef56528a94f4,2026-06-27T16:02:16.789322,Enterprise Deal - Quantum Dynamics,260596.47,2027-01-23T03:42:27.789338,34cd9ae9-7de1-4193-9109-53462c16ece9,2026-02-02T12:40:57.789322,7d137f66-8604-40bf-ba81-6af4667de5ac
5a2a97da-59d0-49be-a479-e6b36f5d89c9,7179207a-0cc9-48e0-87e1-8cd7d2f9f721,0d2b3b69-e87b-406e-b43c-8b98a1c342ce,,4ce83c9d-842a-4e12-8d19-adbf86176f14,163c8694-7cb3-4521-a5a0-ca5e793bd56e,2026-03-17T13:43:15.789349,Premium Deal - Horizon Media,347653.25,2027-01-12T03:55:27.789365,ece82b98-28d8-4c7e-94ba-1bb820731ba5,2026-02-09T22:27:25.789349,e16f7e8e-9f87-481c-a95f-799224a1dd30
afb85c40-8d9f-4631-b6ae-c1debf5b73d5,7179207a-0cc9-48e0-87e1-8cd7d2f9f721,929f9b48-759e-436d-beff-c70502e6315e,,4ce83c9d-842a-4e12-8d19-adbf86176f14,163c8694-7cb3-4521-a5a0-ca5e793bd56e,2026-02-24T11:29:19.789376,Custom Deal - TechNova Solutions,30559.66,2026-11-15T03:49:29.789396,a120de43-c4d0-46d0-8c1a-3b6044216650,2025-11-19T10:47:27.789376,de2d46fb-a956-4b96-bc60-115ccf0715a6
9b78415c-c418-4bea-8be4-a79647d53b46,7179207a-0cc9-48e0-87e1-8cd7d2f9f721,,18c64105-f097-4bc5-a7dc-f2875cdec4a6,4ce83c9d-842a-4e12-8d19-adbf86176f14,adf111f0-9f7b-42a3-b8d2-509d4f2cc58d,2026-04-02T23:25:52.789406,Premium Deal - Titan Industries,64565.77,2026-08-07T11:25:06.789422,ece82b98-28d8-4c7e-94ba-1bb820731ba5,2025-08-23T02:15:32.789406,e52849ba-01bf-4e30-a6ad-e02749ff23a9
64bb5809-a05e-406a-a653-05ad5e17b91b,7179207a-0cc9-48e0-87e1-8cd7d2f9f721,4e1a8557-c5b4-445f-96ec-b1a5b582bf01,e1920283-c54c-48e7-bd27-0bddb21c81f4,4ce83c9d-842a-4e12-8d19-adbf86176f14,6ee979bb-8c4e-4255-b39a-ef56528a94f4,2025-11-27T06:17:38.789433,Enterprise Deal - SwiftScale,458928.64,2026-11-21T05:41:48.789449,e52849ba-01bf-4e30-a6ad-e02749ff23a9,2025-10-25T08:50:09.789433,e16f7e8e-9f87-481c-a95f-799224a1dd30
04e94c26-6a34-40a3-8d28-71885623154a,7179207a-0cc9-48e0-87e1-8cd7d2f9f721,4f69c6cd-81bf-42b7-80d4-a86e51ec10fe,,4ce83c9d-842a-4e12-8d19-adbf86176f14,91718b5b-2d79-4152-84fa-45b6bf72a72b,2026-04-18T23:23:46.789464,Custom Deal - SilverLine Corp,288848.01,2026-07-08T18:12:57.789480,46cb662a-e863-4194-99df-ab55ff22701c,2026-04-13T22:35:51.789464,e52849ba-01bf-4e30-a6ad-e02749ff23a9
27bf766a-2c37-4bf0-af81-ae75a65b7ebb,7179207a-0cc9-48e0-87e1-8cd7d2f9f721,e7f54087-746e-41db-b814-84ba4cfab49e,,4ce83c9d-842a-4e12-8d19-adbf86176f14,adf111f0-9f7b-42a3-b8d2-509d4f2cc58d,2026-02-10T13:17:04.789491,Growth Deal - Prism Technologies,263189.96,2026-10-18T20:25:03.789507,02fc8d0f-48ca-4ab5-95da-9f2f51d44e5b,2025-10-31T09:02:52.789491,1773f9d2-3516-4ff5-9acc-3b6a7b2ce872
7a2317cc-70d9-4472-90eb-e1c6a412f433,7179207a-0cc9-48e0-87e1-8cd7d2f9f721,7296d88a-b620-4175-af07-df1e00b4f287,fc98371e-20fd-466f-8375-cbda4460de59,4ce83c9d-842a-4e12-8d19-adbf86176f14,91718b5b-2d79-4152-84fa-45b6bf72a72b,2026-07-13T15:24:30.789517,Starter Deal - Atlas Computing,314936.53,2026-05-18T03:51:25.789533,bebdbef1-3be2-4351-a13f-43e46af2a5a2,2026-06-26T11:48:43.789517,ece82b98-28d8-4c7e-94ba-1bb820731ba5
e62425b3-e37f-4a65-9713-5acb84c7769c,7179207a-0cc9-48e0-87e1-8cd7d2f9f721,026459b9-ae96-465a-b915-869fd58f1da6,,4ce83c9d-842a-4e12-8d19-adbf86176f14,0f3f5077-3722-492e-9597-b731770ec559,2026-07-02T22:59:49.789544,Growth Deal - Coral Health,328749.02,2027-01-19T23:19:46.789560,a120de43-c4d0-46d0-8c1a-3b6044216650,2026-02-17T08:33:35.789544,34cd9ae9-7de1-4193-9109-53462c16ece9
b120cc70-27b5-464c-bd0a-2209dd9d1cf9,7179207a-0cc9-48e0-87e1-8cd7d2f9f721,3b877521-f64f-4c03-bc0e-630bb9ee4b7d,,4ce83c9d-842a-4e12-8d19-adbf86176f14,adf111f0-9f7b-42a3-b8d2-509d4f2cc58d,2026-07-12T18:36:07.789570,Growth Deal - Pulse Digital,187655.76,2026-10-20T09:41:01.789589,ece82b98-28d8-4c7e-94ba-1bb820731ba5,2026-06-26T06:42:23.789570,7d137f66-8604-40bf-ba81-6af4667de5ac
8e707367-c73e-484d-bf4f-1f00ca5ff850,7179207a-0cc9-48e0-87e1-8cd7d2f9f721,,,4ce83c9d-842a-4e12-8d19-adbf86176f14,91718b5b-2d79-4152-84fa-45b6bf72a72b,2026-06-17T23:14:37.789599,Growth Deal - RedRock Ventures,42695.67,2026-04-27T21:53:31.789615,e16f7e8e-9f87-481c-a95f-799224a1dd30,2026-05-28T06:06:41.789599,1773f9d2-3516-4ff5-9acc-3b6a7b2ce872
4d55dcdd-adc5-4822-b3ab-ef1c444182d9,7179207a-0cc9-48e0-87e1-8cd7d2f9f721,,e523f3c8-7ca5-4e37-ae23-83d43a0d9c7e,4ce83c9d-842a-4e12-8d19-adbf86176f14,163c8694-7cb3-4521-a5a0-ca5e793bd56e,2026-03-16T21:48:37.789625,Starter Deal - Silver Stream,320872.21,2026-11-16T16:37:41.789640,ded2cebc-b69e-4191-9d44-4929e9d428d1,2026-02-02T23:39:58.789625,a120de43-c4d0-46d0-8c1a-3b6044216650
f462710d-7630-4387-8976-42694c5f0aa5,7179207a-0cc9-48e0-87e1-8cd7d2f9f721,54ff2f1f-3b5d-4247-93eb-3aa15db90f09,128ab97e-d866-47b1-bdd5-740699ba5a48,4ce83c9d-842a-4e12-8d19-adbf86176f14,163c8694-7cb3-4521-a5a0-ca5e793bd56e,2026-08-06T09:29:28.789651,Enterprise Deal - Apex Health,445142.38,2026-11-07T16:29:12.789667,1773f9d2-3516-4ff5-9acc-3b6a7b2ce872,2026-08-04T04:59:20.789651,8c00e028-41da-4e2c-91bf-e06c6f74595b
0cfa2fa5-2be8-45b2-87e2-cc1c4b204f71,7179207a-0cc9-48e0-87e1-8cd7d2f9f721,bd3fa879-93e0-4908-9b4b-59d60b4ba4af,,4ce83c9d-842a-4e12-8d19-adbf86176f14,44fcc00f-594d-4ff5-a461-9d3ac82ca711,2026-07-02T16:28:39.789677,Premium Deal - Bronze Gate,175706.05,2026-07-08T03:50:50.789692,b76f0d06-487f-4c14-97a4-859d3404b661,2026-02-24T08:07:38.789677,8c00e028-41da-4e2c-91bf-e06c6f74595b
f2162b76-86c9-4ddb-b095-726aa1a7e0e3,7179207a-0cc9-48e0-87e1-8cd7d2f9f721,,,4ce83c9d-842a-4e12-8d19-adbf86176f14,adf111f0-9f7b-42a3-b8d2-509d4f2cc58d,2026-07-28T13:26:21.789702,Custom Deal - Horizon Media,172037.01,2026-10-09T16:46:31.789717,34cd9ae9-7de1-4193-9109-53462c16ece9,2026-07-21T03:26:11.789702,02fc8d0f-48ca-4ab5-95da-9f2f51d44e5b
8c856211-ab75-4a52-9cb8-0ffb82953713,7179207a-0cc9-48e0-87e1-8cd7d2f9f721,96a2e06b-c1e9-483e-a9a5-5fb0ed1caece,,4ce83c9d-842a-4e12-8d19-adbf86176f14,6ee979bb-8c4e-4255-b39a-ef56528a94f4,2026-07-01T01:33:53.789731,Starter Deal - ClearView Corp,387652.54,2026-09-10T06:19:13.789746,e16f7e8e-9f87-481c-a95f-799224a1dd30,2026-05-30T03:24:44.789731,1773f9d2-3516-4ff5-9acc-3b6a7b2ce872
7f5f86c9-03ef-48da-944f-9c60ebc80696,7179207a-0cc9-48e0-87e1-8cd7d2f9f721,76c5be41-a25b-4356-aa2d-151ecd11dcf3,e8fe3b76-7099-4ae1-8e9c-538d3a1a349c,4ce83c9d-842a-4e12-8d19-adbf86176f14,6ee979bb-8c4e-4255-b39a-ef56528a94f4,2026-06-12T20:09:39.789757,Custom Deal - Platinum Partners,124243.94,2026-12-19T04:43:03.789773,ded2cebc-b69e-4191-9d44-4929e9d428d1,2026-02-03T05:38:51.789757,b76f0d06-487f-4c14-97a4-859d3404b661
dfd486a4-2de9-4c03-b044-179930c46f11,7179207a-0cc9-48e0-87e1-8cd7d2f9f721,81026b9c-4e9f-4f58-9425-86d1b829d09e,,4ce83c9d-842a-4e12-8d19-adbf86176f14,adf111f0-9f7b-42a3-b8d2-509d4f2cc58d,2026-07-01T13:37:53.789783,Custom Deal - EverGreen Solutions,472221.99,2026-12-29T15:19:15.789798,ece82b98-28d8-4c7e-94ba-1bb820731ba5,2026-06-24T06:38:47.789783,1773f9d2-3516-4ff5-9acc-3b6a7b2ce872
1f8800cb-576f-4095-98a9-17fd1bd90b42,7179207a-0cc9-48e0-87e1-8cd7d2f9f721,669db45a-a3a7-45ea-8229-a004d2854b23,9d6f91f0-7eeb-4a21-a5f2-a33d58de9a1d,4ce83c9d-842a-4e12-8d19-adbf86176f14,44fcc00f-594d-4ff5-a461-9d3ac82ca711,2026-06-16T03:40:41.789809,Custom Deal - Ember Labs,94787.19,2026-06-08T11:13:19.789825,a120de43-c4d0-46d0-8c1a-3b6044216650,2025-08-28T16:27:00.789809,1773f9d2-3516-4ff5-9acc-3b6a7b2ce872
cebc7b00-ddbb-4b8d-a3b6-68a2ac20e7b2,7179207a-0cc9-48e0-87e1-8cd7d2f9f721,,3cd0126d-d728-4b5d-b90d-216bb015f4cc,4ce83c9d-842a-4e12-8d19-adbf86176f14,0f3f5077-3722-492e-9597-b731770ec559,2026-06-23T20:26:41.789835,Premium Deal - TechNova Solutions,100119.5,2026-10-23T15:15:34.789850,bebdbef1-3be2-4351-a13f-43e46af2a5a2,2025-12-26T04:13:09.789835,8c00e028-41da-4e2c-91bf-e06c6f74595b
006bc1ce-9bc2-461c-959c-d0ea715e7e01,7179207a-0cc9-48e0-87e1-8cd7d2f9f721,,,4ce83c9d-842a-4e12-8d19-adbf86176f14,adf111f0-9f7b-42a3-b8d2-509d4f2cc58d,2026-07-17T10:21:35.789860,Enterprise Deal - Platinum Partners,34298.04,2026-10-03T07:35:51.789875,de2d46fb-a956-4b96-bc60-115ccf0715a6,2026-06-20T05:55:47.789860,bebdbef1-3be2-4351-a13f-43e46af2a5a2
db890608-ef42-4238-b047-0a67b572c8e1,7179207a-0cc9-48e0-87e1-8cd7d2f9f721,3ac6a81a-5fbf-4b5a-b375-d292e425d8f5,2c304626-aca0-47ad-900d-6a9ddc53befd,4ce83c9d-842a-4e12-8d19-adbf86176f14,6ee979bb-8c4e-4255-b39a-ef56528a94f4,2025-10-21T17:53:46.789886,Growth Deal - Jade Consulting,460490.09,2027-01-07T23:05:18.789902,46cb662a-e863-4194-99df-ab55ff22701c,2025-10-16T21:52:10.789886,bebdbef1-3be2-4351-a13f-43e46af2a5a2
d427393f-1f43-48d9-ab0c-c24452714497,7179207a-0cc9-48e0-87e1-8cd7d2f9f721,aa4bafd5-9486-4161-b3ad-510d315b17b7,01119dec-c620-4bed-b27f-ee40ff29f39d,4ce83c9d-842a-4e12-8d19-adbf86176f14,0f3f5077-3722-492e-9597-b731770ec559,2026-08-04T21:25:59.789912,Starter Deal - BlueShift Labs,203982.5,2027-01-20T23:17:45.789928,bebdbef1-3be2-4351-a13f-43e46af2a5a2,2026-07-31T22:24:05.789912,ded2cebc-b69e-4191-9d44-4929e9d428d1
408d19ea-2a9d-46b8-b3d7-c0802eb691d4,7179207a-0cc9-48e0-87e1-8cd7d2f9f721,,383153b2-c29b-43af-a649-c7c64ba2669d,4ce83c9d-842a-4e12-8d19-adbf86176f14,163c8694-7cb3-4521-a5a0-ca5e793bd56e,2026-06-16T01:47:13.789938,Starter Deal - Vanguard Systems,84674.04,2027-02-02T03:56:03.789958,b76f0d06-487f-4c14-97a4-859d3404b661,2026-01-17T04:21:51.789938,a120de43-c4d0-46d0-8c1a-3b6044216650
af877e3b-401e-4cb5-b019-5debeeb5226a,7179207a-0cc9-48e0-87e1-8cd7d2f9f721,f5806040-8558-4fd7-94a0-d2ce996d8860,,4ce83c9d-842a-4e12-8d19-adbf86176f14,adf111f0-9f7b-42a3-b8d2-509d4f2cc58d,2026-07-01T15:42:24.789969,Premium Deal - Forge Industries,55738.61,2026-11-15T04:56:40.789986,02fc8d0f-48ca-4ab5-95da-9f2f51d44e5b,2025-09-30T20:18:10.789969,de2d46fb-a956-4b96-bc60-115ccf0715a6
0414cee5-a6e5-457f-a742-25fd96e4e668,7179207a-0cc9-48e0-87e1-8cd7d2f9f721,7f56e39f-8b2d-4b7c-9844-842bf2ab6c54,,4ce83c9d-842a-4e12-8d19-adbf86176f14,163c8694-7cb3-4521-a5a0-ca5e793bd56e,2026-06-29T13:45:09.790003,Custom Deal - Apex Health,256877.64,2026-11-30T14:25:37.790025,0002ada9-8f33-49a6-b9b4-7aa4a8a79084,2026-06-20T05:39:26.790003,02fc8d0f-48ca-4ab5-95da-9f2f51d44e5b
cb7b3dd2-f839-4420-baf7-8c5942f688b3,7179207a-0cc9-48e0-87e1-8cd7d2f9f721,59d85eae-31dd-4e3c-8294-58f5c92f4cbb,,4ce83c9d-842a-4e12-8d19-adbf86176f14,91718b5b-2d79-4152-84fa-45b6bf72a72b,2026-05-06T06:24:24.790036,Growth Deal - SwiftScale,402287.46,2026-07-16T18:54:21.790052,e16f7e8e-9f87-481c-a95f-799224a1dd30,2026-03-16T01:59:56.790036,de2d46fb-a956-4b96-bc60-115ccf0715a6
659a406e-3db7-4695-b077-2b7e3d7cf776,7179207a-0cc9-48e0-87e1-8cd7d2f9f721,,,4ce83c9d-842a-4e12-8d19-adbf86176f14,163c8694-7cb3-4521-a5a0-ca5e793bd56e,2026-06-08T07:53:14.790062,Growth Deal - Sterling Finance,164929.43,2026-08-09T07:36:27.790077,a120de43-c4d0-46d0-8c1a-3b6044216650,2026-04-28T21:42:07.790062,a120de43-c4d0-46d0-8c1a-3b6044216650
e6932a4a-bf12-42bc-8e6d-509ed764040b,7179207a-0cc9-48e0-87e1-8cd7d2f9f721,,,4ce83c9d-842a-4e12-8d19-adbf86176f14,adf111f0-9f7b-42a3-b8d2-509d4f2cc58d,2025-10-18T23:45:35.790087,Enterprise Deal - Ruby Software,275459.04,2026-12-13T04:59:07.790102,46cb662a-e863-4194-99df-ab55ff22701c,2025-09-18T02:02:59.790087,de2d46fb-a956-4b96-bc60-115ccf0715a6
322bb56c-9cef-4443-827b-6dc1a407c3a7,7179207a-0cc9-48e0-87e1-8cd7d2f9f721,895f7350-ac3e-430a-b763-19457b9e5d20,216c5cf1-08e2-4e62-aa27-38880a976196,4ce83c9d-842a-4e12-8d19-adbf86176f14,44fcc00f-594d-4ff5-a461-9d3ac82ca711,2026-07-20T08:45:56.790113,Custom Deal - Ember Labs,468707.0,2026-05-11T05:08:16.790128,ded2cebc-b69e-4191-9d44-4929e9d428d1,2025-10-28T16:22:36.790113,46cb662a-e863-4194-99df-ab55ff22701c
7f6e6da0-8077-49e1-a8ba-495e871e1b34,7179207a-0cc9-48e0-87e1-8cd7d2f9f721,be2cfe89-7c5c-403a-a749-61b5d311445c,c4d625b7-d417-4a39-870c-ad66cdbf6286,4ce83c9d-842a-4e12-8d19-adbf86176f14,44fcc00f-594d-4ff5-a461-9d3ac82ca711,2026-07-20T17:26:15.790139,Enterprise Deal - Sterling Finance,152338.96,2026-04-21T00:26:01.790155,e52849ba-01bf-4e30-a6ad-e02749ff23a9,2026-07-11T22:20:12.790139,de2d46fb-a956-4b96-bc60-115ccf0715a6
129af07a-f2ec-47d7-a968-66757c05057c,7179207a-0cc9-48e0-87e1-8cd7d2f9f721,91d96c0d-4ba5-4232-81e0-c10089b64dc1,07af1e4d-82be-4397-91b5-bad8b8679780,4ce83c9d-842a-4e12-8d19-adbf86176f14,0f3f5077-3722-492e-9597-b731770ec559,2026-02-04T17:47:36.790165,Premium Deal - Forge Industries,28687.73,2027-02-02T19:28:13.790181,0002ada9-8f33-49a6-b9b4-7aa4a8a79084,2025-09-28T06:13:56.790165,0002ada9-8f33-49a6-b9b4-7aa4a8a79084
68efd91d-418d-4ae4-8260-24dba488818a,7179207a-0cc9-48e0-87e1-8cd7d2f9f721,c9c942df-091f-44de-89d7-fa6616ec63fd,9ba0b040-52b7-49b9-ba62-48b920c913e9,4ce83c9d-842a-4e12-8d19-adbf86176f14,0f3f5077-3722-492e-9597-b731770ec559,2026-08-01T19:19:47.790191,Starter Deal - EverGreen Solutions,486363.66,2026-08-19T15:42:28.790207,34cd9ae9-7de1-4193-9109-53462c16ece9,2026-03-01T05:30:48.790191,02fc8d0f-48ca-4ab5-95da-9f2f51d44e5b
7ce6bc17-6373-4315-bee6-8ce2f0b842ad,7179207a-0cc9-48e0-87e1-8cd7d2f9f721,3fa606b0-34ec-4f3f-b950-30161e0be3a1,522beb3a-87bc-4e22-9b81-fd70c9b443af,4ce83c9d-842a-4e12-8d19-adbf86176f14,6ee979bb-8c4e-4255-b39a-ef56528a94f4,2026-05-19T10:00:57.790218,Premium Deal - Pulse Digital,488168.62,2026-11-16T00:12:48.790233,b76f0d06-487f-4c14-97a4-859d3404b661,2025-12-24T05:43:03.790218,ded2cebc-b69e-4191-9d44-4929e9d428d1
7094c100-3b4f-407e-a2aa-3dd63686f34c,7179207a-0cc9-48e0-87e1-8cd7d2f9f721,,,4ce83c9d-842a-4e12-8d19-adbf86176f14,91718b5b-2d79-4152-84fa-45b6bf72a72b,2026-05-09T08:10:56.790243,Custom Deal - Pearl Analytics,147722.51,2026-06-04T22:42:01.790258,0002ada9-8f33-49a6-b9b4-7aa4a8a79084,2025-09-12T07:26:05.790243,46cb662a-e863-4194-99df-ab55ff22701c
f56ae05b-63be-4e2d-8f92-86fccab3a27f,7179207a-0cc9-48e0-87e1-8cd7d2f9f721,,c4d625b7-d417-4a39-870c-ad66cdbf6286,4ce83c9d-842a-4e12-8d19-adbf86176f14,44fcc00f-594d-4ff5-a461-9d3ac82ca711,2026-04-23T03:10:37.790272,Custom Deal - Forge Industries,43636.84,2026-06-04T21:07:44.790287,8c00e028-41da-4e2c-91bf-e06c6f74595b,2026-02-07T12:47:07.790272,34cd9ae9-7de1-4193-9109-53462c16ece9
3c0d5897-1923-4377-9c13-38dbc49a2803,7179207a-0cc9-48e0-87e1-8cd7d2f9f721,,db4a033b-5bb9-4eef-8f69-5440055971b9,4ce83c9d-842a-4e12-8d19-adbf86176f14,0f3f5077-3722-492e-9597-b731770ec559,2026-07-28T14:35:10.790298,Premium Deal - Pulse Digital,400702.85,2027-01-27T16:18:37.790317,1773f9d2-3516-4ff5-9acc-3b6a7b2ce872,2025-10-16T04:31:49.790298,bebdbef1-3be2-4351-a13f-43e46af2a5a2
e7e7352b-fe72-4b90-87a9-e45f24c542d8,7179207a-0cc9-48e0-87e1-8cd7d2f9f721,e162a26a-540b-40c9-9ae7-dd415b50cc7e,cc24500c-aefb-4f79-95b3-ee69f9682028,4ce83c9d-842a-4e12-8d19-adbf86176f14,adf111f0-9f7b-42a3-b8d2-509d4f2cc58d,2026-07-01T17:00:41.790328,Custom Deal - Amber Industries,306968.81,2026-09-17T01:23:50.790347,b76f0d06-487f-4c14-97a4-859d3404b661,2026-04-19T23:20:00.790328,ded2cebc-b69e-4191-9d44-4929e9d428d1
386e993b-1d22-46a8-94c5-ed9d34e78e72,7179207a-0cc9-48e0-87e1-8cd7d2f9f721,855e9552-313c-414e-8284-32ce9cd25d3b,5b0db07b-4abb-453e-a071-4950dd6cb15d,4ce83c9d-842a-4e12-8d19-adbf86176f14,163c8694-7cb3-4521-a5a0-ca5e793bd56e,2026-01-26T08:05:14.790358,Premium Deal - Pulse Digital,351946.45,2027-01-31T11:54:34.790373,ece82b98-28d8-4c7e-94ba-1bb820731ba5,2025-08-29T20:09:32.790358,b76f0d06-487f-4c14-97a4-859d3404b661
9083191a-e961-4244-95b9-d0a37265c1e7,7179207a-0cc9-48e0-87e1-8cd7d2f9f721,,,4ce83c9d-842a-4e12-8d19-adbf86176f14,6ee979bb-8c4e-4255-b39a-ef56528a94f4,2026-02-10T22:08:10.790383,Growth Deal - Catalyst Group,57562.43,2026-12-12T22:20:31.790401,ded2cebc-b69e-4191-9d44-4929e9d428d1,2025-10-31T12:04:48.790383,a120de43-c4d0-46d0-8c1a-3b6044216650
c9d4be95-a339-4ced-a536-d8c760e9dca6,7179207a-0cc9-48e0-87e1-8cd7d2f9f721,e1715d35-9e30-4bd1-ab1c-a0cdd72cd3a7,,4ce83c9d-842a-4e12-8d19-adbf86176f14,163c8694-7cb3-4521-a5a0-ca5e793bd56e,2026-05-24T13:55:36.790412,Custom Deal - Forge Industries,250536.73,2026-12-29T09:35:04.790428,0002ada9-8f33-49a6-b9b4-7aa4a8a79084,2025-12-27T12:16:01.790412,b76f0d06-487f-4c14-97a4-859d3404b661
3cec6dfd-136d-44cd-a96f-1f580d25785b,7179207a-0cc9-48e0-87e1-8cd7d2f9f721,6ef576f0-e630-4340-9871-895c400b5abf,,4ce83c9d-842a-4e12-8d19-adbf86176f14,163c8694-7cb3-4521-a5a0-ca5e793bd56e,2026-07-09T12:05:37.790438,Custom Deal - Nimbus Networks,143042.86,2026-09-27T19:45:29.790454,de2d46fb-a956-4b96-bc60-115ccf0715a6,2026-06-13T11:50:06.790438,1773f9d2-3516-4ff5-9acc-3b6a7b2ce872
79f1e6d4-6848-432e-922e-841c82db0a1c,7179207a-0cc9-48e0-87e1-8cd7d2f9f721,,,4ce83c9d-842a-4e12-8d19-adbf86176f14,0f3f5077-3722-492e-9597-b731770ec559,2026-07-23T09:52:34.790464,Starter Deal - Bronze Gate,129374.25,2027-02-01T23:43:44.790479,a120de43-c4d0-46d0-8c1a-3b6044216650,2026-04-19T21:25:29.790464,b76f0d06-487f-4c14-97a4-859d3404b661
a2c0fc31-3199-4125-800e-7f4e5462de0b,7179207a-0cc9-48e0-87e1-8cd7d2f9f721,e44ffdb8-9216-4316-a850-29c5416ec0d6,216c5cf1-08e2-4e62-aa27-38880a976196,4ce83c9d-842a-4e12-8d19-adbf86176f14,163c8694-7cb3-4521-a5a0-ca5e793bd56e,2026-08-06T08:17:31.790490,Premium Deal - Sterling Finance,314516.27,2026-11-20T20:32:51.790506,8c00e028-41da-4e2c-91bf-e06c6f74595b,2026-05-09T20:36:58.790490,de2d46fb-a956-4b96-bc60-115ccf0715a6
dfdb077f-ced1-4aee-a2f1-b11dc9dbc3f1,7179207a-0cc9-48e0-87e1-8cd7d2f9f721,,1a09eac6-5a0c-4256-86ce-682f9d4c61b3,4ce83c9d-842a-4e12-8d19-adbf86176f14,0f3f5077-3722-492e-9597-b731770ec559,2026-08-04T23:10:04.790516,Premium Deal - Amber Industries,466385.36,2027-01-21T13:41:03.790532,46cb662a-e863-4194-99df-ab55ff22701c,2026-07-23T22:34:24.790516,0002ada9-8f33-49a6-b9b4-7aa4a8a79084
849282a3-0764-40a8-a35f-ff1dc2e7bd3a,7179207a-0cc9-48e0-87e1-8cd7d2f9f721,,,4ce83c9d-842a-4e12-8d19-adbf86176f14,adf111f0-9f7b-42a3-b8d2-509d4f2cc58d,2025-12-01T12:31:01.790542,Starter Deal - Crystal Clear,304598.62,2027-01-01T21:04:02.790562,ece82b98-28d8-4c7e-94ba-1bb820731ba5,2025-10-15T12:19:53.790542,02fc8d0f-48ca-4ab5-95da-9f2f51d44e5b
1c40392c-f1dd-4bde-afba-63bb74b1a2f1,7179207a-0cc9-48e0-87e1-8cd7d2f9f721,7e4ce902-3dd8-477d-97cd-c5c520d3374d,378ea9b4-4b21-4866-b53d-bc8f4ff60881,4ce83c9d-842a-4e12-8d19-adbf86176f14,91718b5b-2d79-4152-84fa-45b6bf72a72b,2026-06-12T22:30:19.790572,Custom Deal - Atlas Computing,405781.52,2026-06-10T13:25:14.790588,b76f0d06-487f-4c14-97a4-859d3404b661,2026-03-09T10:16:43.790572,7d137f66-8604-40bf-ba81-6af4667de5ac
651e59ac-be79-41e3-a75f-4c4c1604aa4c,7179207a-0cc9-48e0-87e1-8cd7d2f9f721,aefdd645-ef38-4d58-b1c7-bf4eb9993267,ec7ab146-e354-4aa1-8886-6a55c1083ea5,4ce83c9d-842a-4e12-8d19-adbf86176f14,44fcc00f-594d-4ff5-a461-9d3ac82ca711,2026-07-26T19:33:24.790598,Premium Deal - Amber Industries,460925.53,2026-05-01T06:51:03.790614,b76f0d06-487f-4c14-97a4-859d3404b661,2025-08-28T14:36:32.790598,e16f7e8e-9f87-481c-a95f-799224a1dd30
e46865f7-9e83-4766-83e4-5ac21945a4c8,7179207a-0cc9-48e0-87e1-8cd7d2f9f721,,e1920283-c54c-48e7-bd27-0bddb21c81f4,4ce83c9d-842a-4e12-8d19-adbf86176f14,0f3f5077-3722-492e-9597-b731770ec559,2026-03-08T23:17:20.790624,Growth Deal - Ruby Software,194133.35,2026-11-23T04:02:53.790639,7d137f66-8604-40bf-ba81-6af4667de5ac,2025-10-31T05:43:36.790624,02fc8d0f-48ca-4ab5-95da-9f2f51d44e5b
29912627-7ecf-45ac-b810-5cc4ee2c60f5,7179207a-0cc9-48e0-87e1-8cd7d2f9f721,94f5a401-a1ac-449f-8bb5-f158444e9d8d,f0f46d7e-af39-4755-93fd-64bf6f934e2f,4ce83c9d-842a-4e12-8d19-adbf86176f14,163c8694-7cb3-4521-a5a0-ca5e793bd56e,2026-01-15T09:43:14.790653,Custom Deal - Coral Health,200029.51,2026-10-27T11:52:31.790669,ded2cebc-b69e-4191-9d44-4929e9d428d1,2025-08-21T08:05:26.790653,bebdbef1-3be2-4351-a13f-43e46af2a5a2
faeaa5d6-8710-462e-a822-678dc10eb7d6,7179207a-0cc9-48e0-87e1-8cd7d2f9f721,316976d0-345d-42cc-a7d4-f6887ae898d9,,4ce83c9d-842a-4e12-8d19-adbf86176f14,44fcc00f-594d-4ff5-a461-9d3ac82ca711,2026-01-26T04:48:59.790680,Growth Deal - Velocity Labs,102676.67,2026-08-01T16:27:25.790695,a120de43-c4d0-46d0-8c1a-3b6044216650,2026-01-21T18:14:48.790680,e16f7e8e-9f87-481c-a95f-799224a1dd30
ccafa66f-8052-4f43-9fae-d10a36f5c0f4,7179207a-0cc9-48e0-87e1-8cd7d2f9f721,800ed550-1eba-4768-b491-75f0ebba5e9e,0c2f4731-4fb4-4a0a-a35e-a02facd7c85c,4ce83c9d-842a-4e12-8d19-adbf86176f14,0f3f5077-3722-492e-9597-b731770ec559,2026-03-09T16:48:00.790707,Growth Deal - DataFlow Systems,384048.07,2026-11-11T04:44:22.790723,8c00e028-41da-4e2c-91bf-e06c6f74595b,2026-02-04T12:23:48.790707,34cd9ae9-7de1-4193-9109-53462c16ece9
765600a3-cc5c-41d7-95c5-bb0936cd829a,7179207a-0cc9-48e0-87e1-8cd7d2f9f721,,f3e4630d-d34f-4cf2-808c-c7dd6df817d7,4ce83c9d-842a-4e12-8d19-adbf86176f14,adf111f0-9f7b-42a3-b8d2-509d4f2cc58d,2026-07-18T00:18:14.790733,Starter Deal - Iron Mountain,466159.96,2026-11-26T11:41:46.790747,e52849ba-01bf-4e30-a6ad-e02749ff23a9,2025-12-11T13:01:28.790733,34cd9ae9-7de1-4193-9109-53462c16ece9
b6de1991-af2b-4f0c-a5a5-03ec34030da1,7179207a-0cc9-48e0-87e1-8cd7d2f9f721,c3c89230-945d-447c-873a-3861cd6cf3de,,4ce83c9d-842a-4e12-8d19-adbf86176f14,91718b5b-2d79-4152-84fa-45b6bf72a72b,2026-04-27T14:37:17.790758,Enterprise Deal - Sterling Finance,433372.67,2026-05-26T09:09:46.790773,7d137f66-8604-40bf-ba81-6af4667de5ac,2026-03-28T22:25:36.790758,7d137f66-8604-40bf-ba81-6af4667de5ac
9d1affba-134a-4d12-b727-72e6f59d1cb6,7179207a-0cc9-48e0-87e1-8cd7d2f9f721,,30f7a49e-c851-4904-b109-c2e3c1d85778,4ce83c9d-842a-4e12-8d19-adbf86176f14,0f3f5077-3722-492e-9597-b731770ec559,2026-08-02T03:36:19.790783,Custom Deal - Vanguard Systems,445440.87,2026-12-05T07:40:14.790798,e16f7e8e-9f87-481c-a95f-799224a1dd30,2026-07-01T05:12:11.790783,e52849ba-01bf-4e30-a6ad-e02749ff23a9
04aeb8c7-eaa8-4574-9165-f088647c53b5,7179207a-0cc9-48e0-87e1-8cd7d2f9f721,,c19effcd-c8dd-4d81-a53b-0d2192be7d6b,4ce83c9d-842a-4e12-8d19-adbf86176f14,6ee979bb-8c4e-4255-b39a-ef56528a94f4,2026-08-05T11:32:13.790812,Premium Deal - Apex Health,82196.51,2027-01-14T03:05:45.790827,de2d46fb-a956-4b96-bc60-115ccf0715a6,2026-05-24T00:37:30.790812,46cb662a-e863-4194-99df-ab55ff22701c
9e8e0d34-ba1f-43b0-9434-79cb38132740,7179207a-0cc9-48e0-87e1-8cd7d2f9f721,93d63a1e-a46a-4228-b7f9-22d146f8984e,8053dbd2-d8d5-489c-b81f-8b5dcd0b03a8,4ce83c9d-842a-4e12-8d19-adbf86176f14,163c8694-7cb3-4521-a5a0-ca5e793bd56e,2026-07-06T13:12:27.790838,Custom Deal - GreenField Capital,224584.44,2026-09-05T09:54:32.790854,7d137f66-8604-40bf-ba81-6af4667de5ac,2026-01-15T03:31:41.790838,a120de43-c4d0-46d0-8c1a-3b6044216650
4e47af36-f198-41a7-953f-380e6c841353,7179207a-0cc9-48e0-87e1-8cd7d2f9f721,ceb3cc7d-bb21-4a9a-8fe0-2f96dcc11bec,25054445-aded-4aab-8706-fc1ba6186ec7,4ce83c9d-842a-4e12-8d19-adbf86176f14,6ee979bb-8c4e-4255-b39a-ef56528a94f4,2026-06-10T07:26:31.790864,Growth Deal - Prism Technologies,130140.3,2026-11-30T14:13:34.790880,ded2cebc-b69e-4191-9d44-4929e9d428d1,2025-12-29T03:37:20.790864,de2d46fb-a956-4b96-bc60-115ccf0715a6
68b2ea18-7530-4115-b0a5-8f6125bbffea,7179207a-0cc9-48e0-87e1-8cd7d2f9f721,20dadcae-8916-4580-8896-d42ddfebafbf,,4ce83c9d-842a-4e12-8d19-adbf86176f14,91718b5b-2d79-4152-84fa-45b6bf72a72b,2026-06-08T03:03:53.790890,Premium Deal - Quantum Dynamics,75872.13,2026-05-04T11:00:22.790906,34cd9ae9-7de1-4193-9109-53462c16ece9,2026-06-02T10:57:03.790890,e52849ba-01bf-4e30-a6ad-e02749ff23a9
7a9afb83-8efa-4ec7-bb95-541c0af617ed,7179207a-0cc9-48e0-87e1-8cd7d2f9f721,,,4ce83c9d-842a-4e12-8d19-adbf86176f14,0f3f5077-3722-492e-9597-b731770ec559,2026-05-28T15:22:15.790916,Enterprise Deal - CloudPeak Analytics,330196.8,2026-09-26T00:19:53.790931,0002ada9-8f33-49a6-b9b4-7aa4a8a79084,2026-01-07T03:56:24.790916,8c00e028-41da-4e2c-91bf-e06c6f74595b
906ab50e-ac19-4e65-b9d0-5531cb4bab75,7179207a-0cc9-48e0-87e1-8cd7d2f9f721,55352d3c-de8e-436b-a647-86c0b758ab43,,4ce83c9d-842a-4e12-8d19-adbf86176f14,adf111f0-9f7b-42a3-b8d2-509d4f2cc58d,2026-08-03T12:13:45.790942,Growth Deal - Ruby Software,68115.4,2026-10-30T02:02:27.790957,02fc8d0f-48ca-4ab5-95da-9f2f51d44e5b,2026-05-14T05:20:00.790942,bebdbef1-3be2-4351-a13f-43e46af2a5a2
bd3f972c-21af-4b77-bcb8-44c93448be5f,7179207a-0cc9-48e0-87e1-8cd7d2f9f721,23c59efc-547f-44f2-8f01-83c1c44e1c89,f0f46d7e-af39-4755-93fd-64bf6f934e2f,4ce83c9d-842a-4e12-8d19-adbf86176f14,44fcc00f-594d-4ff5-a461-9d3ac82ca711,2026-05-07T02:44:53.790968,Custom Deal - Apex Innovations,118092.85,2026-07-09T09:59:47.790983,1773f9d2-3516-4ff5-9acc-3b6a7b2ce872,2026-03-03T00:30:58.790968,ded2cebc-b69e-4191-9d44-4929e9d428d1
1cafbba2-688c-41ca-913e-f5d325bfffe0,7179207a-0cc9-48e0-87e1-8cd7d2f9f721,7317ff9e-bc88-44c4-89cd-7a63dd1a977a,9ba0b040-52b7-49b9-ba62-48b920c913e9,4ce83c9d-842a-4e12-8d19-adbf86176f14,0f3f5077-3722-492e-9597-b731770ec559,2025-12-29T08:16:10.790994,Custom Deal - Quantum Dynamics,157161.98,2026-12-30T05:36:22.791009,ded2cebc-b69e-4191-9d44-4929e9d428d1,2025-10-17T03:31:19.790994,8c00e028-41da-4e2c-91bf-e06c6f74595b
9ab28c4a-953b-4dea-8c2f-e2b327977d88,7179207a-0cc9-48e0-87e1-8cd7d2f9f721,,0ea2a53b-3e74-4561-856a-5a0154a7f682,4ce83c9d-842a-4e12-8d19-adbf86176f14,0f3f5077-3722-492e-9597-b731770ec559,2026-01-01T10:02:21.791033,Starter Deal - Steel Bridge,219625.45,2026-12-26T13:50:27.791050,ece82b98-28d8-4c7e-94ba-1bb820731ba5,2025-10-02T15:13:02.791033,b76f0d06-487f-4c14-97a4-859d3404b661
8028f54d-0fad-4958-8dd7-598faecaf757,7179207a-0cc9-48e0-87e1-8cd7d2f9f721,1ae81ba9-7c51-424a-b838-df58f4e36e93,64874d34-07fc-4575-b018-66ff0a73b618,4ce83c9d-842a-4e12-8d19-adbf86176f14,adf111f0-9f7b-42a3-b8d2-509d4f2cc58d,2026-04-06T23:03:39.791060,Custom Deal - Crystal Clear,248906.97,2026-10-16T06:53:52.791076,bebdbef1-3be2-4351-a13f-43e46af2a5a2,2025-12-25T08:34:16.791060,b76f0d06-487f-4c14-97a4-859d3404b661
c5b8c6a6-fb32-48ab-96f3-d3504cce33da,7179207a-0cc9-48e0-87e1-8cd7d2f9f721,62009299-7c6f-4ea2-beb7-778366a16358,,4ce83c9d-842a-4e12-8d19-adbf86176f14,6ee979bb-8c4e-4255-b39a-ef56528a94f4,2026-07-16T07:08:36.791090,Enterprise Deal - Nimbus Networks,103458.79,2027-01-23T14:30:27.791106,46cb662a-e863-4194-99df-ab55ff22701c,2026-06-10T14:46:55.791090,02fc8d0f-48ca-4ab5-95da-9f2f51d44e5b
82b908f3-092d-4ec0-9387-b7919838af3a,7179207a-0cc9-48e0-87e1-8cd7d2f9f721,bcf40362-7976-4e59-a81e-969ea8eed834,,4ce83c9d-842a-4e12-8d19-adbf86176f14,adf111f0-9f7b-42a3-b8d2-509d4f2cc58d,2026-02-27T11:16:12.791116,Growth Deal - ClearView Corp,130926.96,2026-11-22T06:49:29.791131,02fc8d0f-48ca-4ab5-95da-9f2f51d44e5b,2025-09-15T10:07:25.791116,ece82b98-28d8-4c7e-94ba-1bb820731ba5
c9ee87ca-42cb-4cda-a07e-d959f25f68ec,7179207a-0cc9-48e0-87e1-8cd7d2f9f721,6bb5780c-340f-4e6d-8047-aa7510cd43c5,b32f6133-57f5-4800-8e9d-11f2647628ef,4ce83c9d-842a-4e12-8d19-adbf86176f14,6ee979bb-8c4e-4255-b39a-ef56528a94f4,2026-08-01T13:16:00.791142,Growth Deal - DataFlow Systems,478305.97,2027-01-04T16:45:25.791158,7d137f66-8604-40bf-ba81-6af4667de5ac,2026-07-31T06:10:06.791142,ece82b98-28d8-4c7e-94ba-1bb820731ba5
e28b10e7-a273-4a27-8bf0-33c12956bdcf,7179207a-0cc9-48e0-87e1-8cd7d2f9f721,acec36ec-d432-465b-96ef-472888887df2,23bc7169-1ce6-44ac-a6c2-3d2ece8bb956,4ce83c9d-842a-4e12-8d19-adbf86176f14,163c8694-7cb3-4521-a5a0-ca5e793bd56e,2026-05-12T23:40:08.791169,Custom Deal - Pulse Digital,296680.3,2027-01-13T06:42:12.791184,e52849ba-01bf-4e30-a6ad-e02749ff23a9,2025-12-15T06:21:53.791169,7d137f66-8604-40bf-ba81-6af4667de5ac
6cd41d6a-5fbb-45d7-bc41-14f8c7f33989,7179207a-0cc9-48e0-87e1-8cd7d2f9f721,3cdd6c00-ea6e-4f83-a340-27837c077ba6,,4ce83c9d-842a-4e12-8d19-adbf86176f14,adf111f0-9f7b-42a3-b8d2-509d4f2cc58d,2025-10-09T03:11:05.791194,Custom Deal - Sapphire Tech,209524.16,2026-09-25T17:18:07.791210,bebdbef1-3be2-4351-a13f-43e46af2a5a2,2025-08-06T22:38:38.791194,34cd9ae9-7de1-4193-9109-53462c16ece9
d972baec-6053-4ec5-8b0b-798d778ae5f4,7179207a-0cc9-48e0-87e1-8cd7d2f9f721,,ee8b44da-e14e-4ff5-a9e6-7c13eef301d9,4ce83c9d-842a-4e12-8d19-adbf86176f14,6ee979bb-8c4e-4255-b39a-ef56528a94f4,2026-04-30T00:09:04.791220,Custom Deal - TechNova Solutions,118804.91,2027-01-30T23:53:58.791235,e52849ba-01bf-4e30-a6ad-e02749ff23a9,2026-03-18T19:03:50.791220,ded2cebc-b69e-4191-9d44-4929e9d428d1
9b7daae9-b669-4846-9faa-720b2cfc77d5,7179207a-0cc9-48e0-87e1-8cd7d2f9f721,,,4ce83c9d-842a-4e12-8d19-adbf86176f14,91718b5b-2d79-4152-84fa-45b6bf72a72b,2026-06-13T14:17:55.791245,Starter Deal - Vanguard Systems,384864.66,2026-06-17T16:47:17.791260,ded2cebc-b69e-4191-9d44-4929e9d428d1,2026-05-08T22:41:11.791245,7d137f66-8604-40bf-ba81-6af4667de5ac
8e9ed357-6d38-4c60-b485-27c3ee4b7caf,7179207a-0cc9-48e0-87e1-8cd7d2f9f721,,98bfa1dd-7abb-4f8e-9a72-5b0aba010bf5,4ce83c9d-842a-4e12-8d19-adbf86176f14,adf111f0-9f7b-42a3-b8d2-509d4f2cc58d,2026-07-31T13:21:55.791270,Enterprise Deal - Coral Health,191960.2,2026-12-31T10:17:41.791284,7d137f66-8604-40bf-ba81-6af4667de5ac,2025-12-10T02:20:18.791270,e16f7e8e-9f87-481c-a95f-799224a1dd30
dd614398-b41b-4687-b66c-7ec4679880b9,7179207a-0cc9-48e0-87e1-8cd7d2f9f721,d4988ddd-6c1c-438c-a346-6f5adb039a7c,89d644a3-e07d-4263-97d3-da1488fe895b,4ce83c9d-842a-4e12-8d19-adbf86176f14,91718b5b-2d79-4152-84fa-45b6bf72a72b,2026-05-19T21:12:44.791295,Custom Deal - RedRock Ventures,49263.67,2026-06-07T17:47:26.791311,46cb662a-e863-4194-99df-ab55ff22701c,2026-04-04T10:38:02.791295,34cd9ae9-7de1-4193-9109-53462c16ece9
4ca0025b-8a24-4c35-9185-95bc161907cd,7179207a-0cc9-48e0-87e1-8cd7d2f9f721,,,4ce83c9d-842a-4e12-8d19-adbf86176f14,0f3f5077-3722-492e-9597-b731770ec559,2026-06-07T10:48:50.791320,Enterprise Deal - Forge Industries,304666.84,2026-09-09T10:32:46.791339,ded2cebc-b69e-4191-9d44-4929e9d428d1,2025-09-25T07:19:03.791320,e52849ba-01bf-4e30-a6ad-e02749ff23a9
eb76a86b-575a-4f0f-8af5-bac2796e58b5,7179207a-0cc9-48e0-87e1-8cd7d2f9f721,3687b143-de2e-435e-88c2-d5cc56eeb296,823bfd80-d6e3-4a5f-9240-dfb3f6f9e6fe,4ce83c9d-842a-4e12-8d19-adbf86176f14,163c8694-7cb3-4521-a5a0-ca5e793bd56e,2025-12-29T17:52:32.791353,Premium Deal - Pearl Analytics,384005.56,2026-08-22T10:17:58.791404,02fc8d0f-48ca-4ab5-95da-9f2f51d44e5b,2025-09-19T01:55:22.791353,7d137f66-8604-40bf-ba81-6af4667de5ac
2bb4dad8-ae84-46dc-90ec-d0cb7d42fd81,7179207a-0cc9-48e0-87e1-8cd7d2f9f721,77172056-0f4e-4556-9f54-b0001195a067,,4ce83c9d-842a-4e12-8d19-adbf86176f14,91718b5b-2d79-4152-84fa-45b6bf72a72b,2025-12-21T22:09:11.791424,Premium Deal - Horizon Media,102754.08,2026-04-20T06:42:55.791464,ece82b98-28d8-4c7e-94ba-1bb820731ba5,2025-10-04T20:06:27.791424,7d137f66-8604-40bf-ba81-6af4667de5ac
7feb1078-8dd5-4117-bc03-654cae9da5d3,7179207a-0cc9-48e0-87e1-8cd7d2f9f721,5ee8b4b1-3948-4d22-bbce-ba6a9d93ae3e,,4ce83c9d-842a-4e12-8d19-adbf86176f14,0f3f5077-3722-492e-9597-b731770ec559,2026-07-04T08:05:35.791484,Premium Deal - EverGreen Solutions,115335.52,2027-01-31T16:45:41.791501,1773f9d2-3516-4ff5-9acc-3b6a7b2ce872,2026-04-20T00:32:47.791484,7d137f66-8604-40bf-ba81-6af4667de5ac
098dbe72-e829-474c-b9f0-4df7e1b1e469,7179207a-0cc9-48e0-87e1-8cd7d2f9f721,1433dca6-6e5b-49ab-8772-aac7a9aff909,,4ce83c9d-842a-4e12-8d19-adbf86176f14,44fcc00f-594d-4ff5-a461-9d3ac82ca711,2026-07-31T06:35:57.791512,Growth Deal - Golden Ratio,267163.18,2026-05-22T10:22:29.791531,1773f9d2-3516-4ff5-9acc-3b6a7b2ce872,2025-09-29T22:55:30.791512,46cb662a-e863-4194-99df-ab55ff22701c
c70a6512-2e01-49bf-ac7a-beb2a476aa96,7179207a-0cc9-48e0-87e1-8cd7d2f9f721,89a8bc75-2156-4dda-a4d7-05110a5e18f1,,4ce83c9d-842a-4e12-8d19-adbf86176f14,0f3f5077-3722-492e-9597-b731770ec559,2026-05-28T16:09:11.791542,Custom Deal - Amber Industries,156013.22,2026-11-28T11:11:59.791557,46cb662a-e863-4194-99df-ab55ff22701c,2026-05-10T19:16:45.791542,02fc8d0f-48ca-4ab5-95da-9f2f51d44e5b
e1f9377a-bc12-42d4-b706-07afa762fcb8,7179207a-0cc9-48e0-87e1-8cd7d2f9f721,0766c1d1-86ad-4cf9-9194-a2c11df2de91,,4ce83c9d-842a-4e12-8d19-adbf86176f14,adf111f0-9f7b-42a3-b8d2-509d4f2cc58d,2026-06-24T08:23:24.791568,Enterprise Deal - Horizon Media,330165.59,2026-10-09T20:38:30.791583,02fc8d0f-48ca-4ab5-95da-9f2f51d44e5b,2026-06-09T22:52:02.791568,bebdbef1-3be2-4351-a13f-43e46af2a5a2
ab1685f2-acfb-40ca-880f-638fa1a1b3ab,7179207a-0cc9-48e0-87e1-8cd7d2f9f721,e6545fb1-0826-42b4-be08-e99de84bfee0,,4ce83c9d-842a-4e12-8d19-adbf86176f14,91718b5b-2d79-4152-84fa-45b6bf72a72b,2026-06-09T02:50:33.791594,Growth Deal - Onyx Data,367587.93,2026-05-14T11:33:09.791609,02fc8d0f-48ca-4ab5-95da-9f2f51d44e5b,2026-01-07T19:26:40.791594,34cd9ae9-7de1-4193-9109-53462c16ece9
4fc064d0-c086-4466-bf08-f65f83f5d04c,7179207a-0cc9-48e0-87e1-8cd7d2f9f721,2fa6f5e0-0f0f-4313-9324-171bc8333e12,,4ce83c9d-842a-4e12-8d19-adbf86176f14,44fcc00f-594d-4ff5-a461-9d3ac82ca711,2026-04-12T05:05:10.791620,Enterprise Deal - SilverLine Corp,56741.28,2026-06-29T16:55:36.791636,ded2cebc-b69e-4191-9d44-4929e9d428d1,2026-03-21T01:04:58.791620,bebdbef1-3be2-4351-a13f-43e46af2a5a2
b663cf24-8e2a-4f77-a138-10151756d6a7,7179207a-0cc9-48e0-87e1-8cd7d2f9f721,c0ecc801-9f42-4957-ae58-0e7738d219ad,e8fe3b76-7099-4ae1-8e9c-538d3a1a349c,4ce83c9d-842a-4e12-8d19-adbf86176f14,91718b5b-2d79-4152-84fa-45b6bf72a72b,2025-11-12T04:19:39.791647,Starter Deal - Forge Industries,95402.3,2026-05-25T16:02:51.791661,8c00e028-41da-4e2c-91bf-e06c6f74595b,2025-10-07T04:00:14.791647,b76f0d06-487f-4c14-97a4-859d3404b661
65776b97-d853-469f-a1c4-9a26aa241ee5,7179207a-0cc9-48e0-87e1-8cd7d2f9f721,485d6429-a23f-4d29-be83-1fe4353aed2b,f521cf06-9552-4e4d-b03c-e9e501b1ab36,4ce83c9d-842a-4e12-8d19-adbf86176f14,91718b5b-2d79-4152-84fa-45b6bf72a72b,2026-06-08T19:54:21.791672,Custom Deal - Iron Mountain,292740.12,2026-07-19T10:32:37.791688,b76f0d06-487f-4c14-97a4-859d3404b661,2026-03-12T13:27:08.791672,46cb662a-e863-4194-99df-ab55ff22701c
fe44d66a-3886-4820-b265-b2a5a09bf23c,7179207a-0cc9-48e0-87e1-8cd7d2f9f721,2daaf9dd-e467-4c03-8626-e5b4011c2918,1a09eac6-5a0c-4256-86ce-682f9d4c61b3,4ce83c9d-842a-4e12-8d19-adbf86176f14,6ee979bb-8c4e-4255-b39a-ef56528a94f4,2026-08-07T05:05:11.791710,Starter Deal - Golden Ratio,193886.04,2027-02-03T03:22:02.791725,b76f0d06-487f-4c14-97a4-859d3404b661,2026-08-07T05:05:11.791710,b76f0d06-487f-4c14-97a4-859d3404b661
9f0d3c8a-252f-49ab-abd0-fc72d8d6de67,7179207a-0cc9-48e0-87e1-8cd7d2f9f721,ed1259c0-f381-4721-9286-a7efd161e34a,98bfa1dd-7abb-4f8e-9a72-5b0aba010bf5,4ce83c9d-842a-4e12-8d19-adbf86176f14,44fcc00f-594d-4ff5-a461-9d3ac82ca711,2025-12-30T18:02:25.791736,Enterprise Deal - Amber Industries,382255.29,2026-07-25T22:12:35.791752,ded2cebc-b69e-4191-9d44-4929e9d428d1,2025-11-01T04:50:18.791736,46cb662a-e863-4194-99df-ab55ff22701c
373bf451-f10d-4573-8786-e315668514fd,7179207a-0cc9-48e0-87e1-8cd7d2f9f721,0b2da4bf-d5c7-4225-ab1e-ebd8215ba777,8bc17f17-4004-480a-8de0-9ca1c992619f,4ce83c9d-842a-4e12-8d19-adbf86176f14,6ee979bb-8c4e-4255-b39a-ef56528a94f4,2026-06-10T15:48:44.791819,Starter Deal - Copper Systems,154026.29,2026-08-27T00:17:09.791841,34cd9ae9-7de1-4193-9109-53462c16ece9,2026-01-26T19:30:19.791819,1773f9d2-3516-4ff5-9acc-3b6a7b2ce872
153fc8cf-152f-4916-b34f-75961ac60a9e,7179207a-0cc9-48e0-87e1-8cd7d2f9f721,,,4ce83c9d-842a-4e12-8d19-adbf86176f14,163c8694-7cb3-4521-a5a0-ca5e793bd56e,2026-07-02T01:06:20.791851,Growth Deal - Sapphire Tech,205969.79,2026-09-27T12:02:57.791932,34cd9ae9-7de1-4193-9109-53462c16ece9,2026-06-24T09:20:00.791851,1773f9d2-3516-4ff5-9acc-3b6a7b2ce872
6756f7d5-5631-4bdd-b0f6-a998bd9a840f,7179207a-0cc9-48e0-87e1-8cd7d2f9f721,4315f19c-6a1b-4e4c-9d25-39325661de52,d723fc70-2400-45a7-b1d4-2c349a97bc2e,4ce83c9d-842a-4e12-8d19-adbf86176f14,44fcc00f-594d-4ff5-a461-9d3ac82ca711,2026-07-14T08:05:24.791943,Growth Deal - Bronze Gate,223741.17,2026-07-11T04:50:10.791960,ded2cebc-b69e-4191-9d44-4929e9d428d1,2026-03-18T00:14:54.791943,02fc8d0f-48ca-4ab5-95da-9f2f51d44e5b
ada7d77e-132d-439e-92fb-2bd165379b2f,7179207a-0cc9-48e0-87e1-8cd7d2f9f721,eef0df5d-41a2-4cc5-ad11-8952755548ef,,4ce83c9d-842a-4e12-8d19-adbf86176f14,0f3f5077-3722-492e-9597-b731770ec559,2026-08-06T01:24:12.791975,Premium Deal - DataFlow Systems,475452.24,2027-01-24T08:06:36.791992,34cd9ae9-7de1-4193-9109-53462c16ece9,2026-07-30T04:57:17.791975,46cb662a-e863-4194-99df-ab55ff22701c
8e2a9826-311f-474a-a534-3ac58d47fe13,7179207a-0cc9-48e0-87e1-8cd7d2f9f721,bc7e9433-cc93-4362-aeb3-5e4a32e4d597,c19effcd-c8dd-4d81-a53b-0d2192be7d6b,4ce83c9d-842a-4e12-8d19-adbf86176f14,163c8694-7cb3-4521-a5a0-ca5e793bd56e,2026-08-03T16:03:26.792003,Growth Deal - Cobalt Systems,322549.74,2026-09-19T07:37:21.792027,7d137f66-8604-40bf-ba81-6af4667de5ac,2026-05-24T11:19:02.792003,bebdbef1-3be2-4351-a13f-43e46af2a5a2
9bab0cd5-babf-4a1a-84fd-5f2804eb9ace,7179207a-0cc9-48e0-87e1-8cd7d2f9f721,96020ee3-727d-4210-b947-3e4871649eae,e523f3c8-7ca5-4e37-ae23-83d43a0d9c7e,4ce83c9d-842a-4e12-8d19-adbf86176f14,6ee979bb-8c4e-4255-b39a-ef56528a94f4,2026-02-08T12:22:27.792037,Starter Deal - RedRock Ventures,78766.46,2027-01-04T15:30:22.792053,34cd9ae9-7de1-4193-9109-53462c16ece9,2025-10-29T02:47:42.792037,ded2cebc-b69e-4191-9d44-4929e9d428d1
1432118e-7988-4a67-9f10-7cc832cfa20e,7179207a-0cc9-48e0-87e1-8cd7d2f9f721,c7660ac5-aab9-4bd0-b968-91f8decf94eb,e6cb3154-a14e-4c50-a4de-de1156876ec4,4ce83c9d-842a-4e12-8d19-adbf86176f14,6ee979bb-8c4e-4255-b39a-ef56528a94f4,2026-06-02T11:33:49.792063,Starter Deal - Horizon Media,277392.45,2027-01-03T21:57:57.792079,02fc8d0f-48ca-4ab5-95da-9f2f51d44e5b,2025-10-27T23:00:56.792063,1773f9d2-3516-4ff5-9acc-3b6a7b2ce872
8899f0d4-8219-48b0-833a-feac05de7467,7179207a-0cc9-48e0-87e1-8cd7d2f9f721,85580496-3898-4d8c-ad09-2bb7dc728377,,4ce83c9d-842a-4e12-8d19-adbf86176f14,adf111f0-9f7b-42a3-b8d2-509d4f2cc58d,2026-05-02T14:16:50.792089,Custom Deal - Bronze Gate,51135.04,2026-09-28T04:35:22.792105,34cd9ae9-7de1-4193-9109-53462c16ece9,2025-09-05T02:04:01.792089,0002ada9-8f33-49a6-b9b4-7aa4a8a79084
c137bcfb-85e9-4ba3-b014-919f66e87783,7179207a-0cc9-48e0-87e1-8cd7d2f9f721,,,4ce83c9d-842a-4e12-8d19-adbf86176f14,91718b5b-2d79-4152-84fa-45b6bf72a72b,2026-06-19T13:23:17.792122,Custom Deal - EverGreen Solutions,495265.35,2026-05-04T12:49:43.792138,1773f9d2-3516-4ff5-9acc-3b6a7b2ce872,2026-05-06T07:25:53.792122,a120de43-c4d0-46d0-8c1a-3b6044216650
35961a89-64b7-4270-b9be-f788c90a765b,7179207a-0cc9-48e0-87e1-8cd7d2f9f721,,ca41c310-978c-4941-a5d2-79d3762df4aa,4ce83c9d-842a-4e12-8d19-adbf86176f14,adf111f0-9f7b-42a3-b8d2-509d4f2cc58d,2025-10-26T04:51:43.792148,Starter Deal - Summit Analytics,44019.62,2026-10-22T10:01:15.792163,8c00e028-41da-4e2c-91bf-e06c6f74595b,2025-10-07T08:25:34.792148,7d137f66-8604-40bf-ba81-6af4667de5ac
925e1543-4a69-4a57-b519-bfd1e0e06fbe,7179207a-0cc9-48e0-87e1-8cd7d2f9f721,7f570e70-7c01-47e2-ae62-9549b8148b9b,,4ce83c9d-842a-4e12-8d19-adbf86176f14,91718b5b-2d79-4152-84fa-45b6bf72a72b,2026-05-27T19:58:08.792174,Starter Deal - Coral Health,316171.53,2026-07-09T20:06:06.792189,ece82b98-28d8-4c7e-94ba-1bb820731ba5,2026-05-12T08:22:43.792174,b76f0d06-487f-4c14-97a4-859d3404b661
207f591e-821c-4e71-8225-d4ed3681765a,7179207a-0cc9-48e0-87e1-8cd7d2f9f721,bf5aa213-7601-496e-a3dc-53b777278879,,4ce83c9d-842a-4e12-8d19-adbf86176f14,163c8694-7cb3-4521-a5a0-ca5e793bd56e,2026-07-25T00:50:58.792200,Enterprise Deal - Crystal Clear,299823.77,2026-12-18T10:19:42.792215,e52849ba-01bf-4e30-a6ad-e02749ff23a9,2026-02-12T15:56:26.792200,a120de43-c4d0-46d0-8c1a-3b6044216650
d6a705e9-38db-46aa-8bbf-69dbb756c5e5,7179207a-0cc9-48e0-87e1-8cd7d2f9f721,,f521cf06-9552-4e4d-b03c-e9e501b1ab36,4ce83c9d-842a-4e12-8d19-adbf86176f14,adf111f0-9f7b-42a3-b8d2-509d4f2cc58d,2026-02-23T17:35:30.792225,Premium Deal - Sterling Finance,428004.06,2026-12-12T05:20:02.792245,e52849ba-01bf-4e30-a6ad-e02749ff23a9,2025-10-13T11:47:42.792225,de2d46fb-a956-4b96-bc60-115ccf0715a6
09332a46-ee87-4fd0-94f8-2ba06d4b922d,7179207a-0cc9-48e0-87e1-8cd7d2f9f721,4151e5a6-9e15-4b9d-9943-d6b6b2dec433,,4ce83c9d-842a-4e12-8d19-adbf86176f14,44fcc00f-594d-4ff5-a461-9d3ac82ca711,2026-07-28T10:53:29.792255,Growth Deal - Sapphire Tech,287579.52,2026-07-30T12:25:03.792271,7d137f66-8604-40bf-ba81-6af4667de5ac,2026-06-20T13:51:22.792255,46cb662a-e863-4194-99df-ab55ff22701c
4b049140-bf71-49c8-84ba-45821ab8cc80,7179207a-0cc9-48e0-87e1-8cd7d2f9f721,8c6cba3a-d997-4116-954b-bed5ec13ccc9,,4ce83c9d-842a-4e12-8d19-adbf86176f14,91718b5b-2d79-4152-84fa-45b6bf72a72b,2026-07-02T01:01:25.792281,Starter Deal - Sterling Finance,331895.0,2026-06-06T04:53:03.792297,7d137f66-8604-40bf-ba81-6af4667de5ac,2026-02-14T06:33:12.792281,e52849ba-01bf-4e30-a6ad-e02749ff23a9
d45799ab-ebb7-439c-bc1b-03d4ab7ba02d,7179207a-0cc9-48e0-87e1-8cd7d2f9f721,,18c64105-f097-4bc5-a7dc-f2875cdec4a6,4ce83c9d-842a-4e12-8d19-adbf86176f14,6ee979bb-8c4e-4255-b39a-ef56528a94f4,2026-03-03T04:18:30.792307,Enterprise Deal - TechNova Solutions,13055.6,2027-01-24T17:38:10.792327,1773f9d2-3516-4ff5-9acc-3b6a7b2ce872,2025-10-15T04:30:12.792307,8c00e028-41da-4e2c-91bf-e06c6f74595b
93711442-625a-4f20-91cf-846db6da4d21,7179207a-0cc9-48e0-87e1-8cd7d2f9f721,c9cc5457-7cec-4c5a-a3a4-a99d328133c6,,4ce83c9d-842a-4e12-8d19-adbf86176f14,163c8694-7cb3-4521-a5a0-ca5e793bd56e,2026-06-11T19:26:15.792341,Custom Deal - Onyx Data,383838.66,2026-08-08T07:48:32.792357,34cd9ae9-7de1-4193-9109-53462c16ece9,2026-05-01T05:50:34.792341,e52849ba-01bf-4e30-a6ad-e02749ff23a9
c7241aa9-008c-45af-9a4e-8c394788ccb7,7179207a-0cc9-48e0-87e1-8cd7d2f9f721,5c7d7812-7d63-4d8f-8769-052188374dbb,,4ce83c9d-842a-4e12-8d19-adbf86176f14,0f3f5077-3722-492e-9597-b731770ec559,2026-07-13T16:23:27.792368,Enterprise Deal - Diamond Edge,253824.9,2027-01-30T05:02:04.792383,7d137f66-8604-40bf-ba81-6af4667de5ac,2026-03-20T21:40:43.792368,e52849ba-01bf-4e30-a6ad-e02749ff23a9
eca5deda-4337-4ff4-81a8-f7fa11eb427a,7179207a-0cc9-48e0-87e1-8cd7d2f9f721,,,4ce83c9d-842a-4e12-8d19-adbf86176f14,163c8694-7cb3-4521-a5a0-ca5e793bd56e,2026-07-24T06:36:10.792396,Enterprise Deal - Topaz Digital,322008.46,2027-01-28T06:13:23.792411,1773f9d2-3516-4ff5-9acc-3b6a7b2ce872,2025-09-05T01:14:40.792396,bebdbef1-3be2-4351-a13f-43e46af2a5a2
f5706f1a-44f7-4c76-890f-96978ff98268,7179207a-0cc9-48e0-87e1-8cd7d2f9f721,,3fca32c5-616f-478a-aea5-0fdfe0d44e50,4ce83c9d-842a-4e12-8d19-adbf86176f14,91718b5b-2d79-4152-84fa-45b6bf72a72b,2026-07-23T19:07:12.792421,Custom Deal - Onyx Data,59776.45,2026-04-20T12:14:17.792437,8c00e028-41da-4e2c-91bf-e06c6f74595b,2026-05-14T15:50:31.792421,ece82b98-28d8-4c7e-94ba-1bb820731ba5
54206645-9915-445d-b579-c0acfdcc0d78,7179207a-0cc9-48e0-87e1-8cd7d2f9f721,ff051e76-4784-414c-8dd1-6a99b8226cf5,,4ce83c9d-842a-4e12-8d19-adbf86176f14,6ee979bb-8c4e-4255-b39a-ef56528a94f4,2026-04-23T09:19:30.792447,Premium Deal - ClearView Corp,392921.26,2027-01-06T07:24:00.792462,de2d46fb-a956-4b96-bc60-115ccf0715a6,2025-12-19T04:12:02.792447,0002ada9-8f33-49a6-b9b4-7aa4a8a79084
f8c2007c-bf8c-45b9-90e6-4cf6f356943a,7179207a-0cc9-48e0-87e1-8cd7d2f9f721,d9e4a5be-b119-49df-8555-4d7e5abd3c91,,4ce83c9d-842a-4e12-8d19-adbf86176f14,44fcc00f-594d-4ff5-a461-9d3ac82ca711,2026-04-21T03:29:30.792473,Premium Deal - Titan Industries,224001.98,2026-05-21T18:57:22.792525,34cd9ae9-7de1-4193-9109-53462c16ece9,2026-04-20T04:42:53.792473,0002ada9-8f33-49a6-b9b4-7aa4a8a79084
17a275d3-f23e-4391-9f10-59b68a7a1d4d,7179207a-0cc9-48e0-87e1-8cd7d2f9f721,5d58bd83-9950-4b60-9887-986cd0c7d57e,1ad94cb1-e67a-4737-9313-ad818f3242e6,4ce83c9d-842a-4e12-8d19-adbf86176f14,0f3f5077-3722-492e-9597-b731770ec559,2026-06-13T19:05:32.792545,Custom Deal - SilverLine Corp,18906.93,2026-10-02T02:10:27.792577,ded2cebc-b69e-4191-9d44-4929e9d428d1,2026-04-12T19:12:45.792545,de2d46fb-a956-4b96-bc60-115ccf0715a6
b84caa85-7f2d-49f2-8622-dc5c3a312566,7179207a-0cc9-48e0-87e1-8cd7d2f9f721,dc02d15e-8695-4c04-9a7f-d4f90218d7d7,2509ca4d-c2c1-452e-bb07-de956886ebbc,4ce83c9d-842a-4e12-8d19-adbf86176f14,163c8694-7cb3-4521-a5a0-ca5e793bd56e,2026-07-23T19:31:45.792597,Custom Deal - NovaTech Solutions,106271.4,2027-01-07T02:57:37.792615,8c00e028-41da-4e2c-91bf-e06c6f74595b,2026-05-31T04:27:53.792597,a120de43-c4d0-46d0-8c1a-3b6044216650
567f22b3-ea08-48ff-aa07-028a282a53cf,7179207a-0cc9-48e0-87e1-8cd7d2f9f721,,,4ce83c9d-842a-4e12-8d19-adbf86176f14,6ee979bb-8c4e-4255-b39a-ef56528a94f4,2026-05-21T22:36:12.792625,Starter Deal - Summit Analytics,355282.94,2026-09-18T02:08:56.792647,bebdbef1-3be2-4351-a13f-43e46af2a5a2,2026-02-21T06:13:24.792625,e52849ba-01bf-4e30-a6ad-e02749ff23a9
c2c80d66-fdf7-41d2-95de-0900513b623c,7179207a-0cc9-48e0-87e1-8cd7d2f9f721,,,4ce83c9d-842a-4e12-8d19-adbf86176f14,6ee979bb-8c4e-4255-b39a-ef56528a94f4,2026-05-24T15:47:29.792657,Starter Deal - Diamond Edge,147079.49,2026-08-24T03:43:53.792672,46cb662a-e863-4194-99df-ab55ff22701c,2026-01-05T03:08:06.792657,8c00e028-41da-4e2c-91bf-e06c6f74595b
49b410dc-6680-4f2f-92f6-a307ef4e2c54,7179207a-0cc9-48e0-87e1-8cd7d2f9f721,5e6d76d0-c484-433e-b121-991395caf2e5,,4ce83c9d-842a-4e12-8d19-adbf86176f14,6ee979bb-8c4e-4255-b39a-ef56528a94f4,2026-08-07T07:03:11.792682,Custom Deal - Catalyst Group,1852.2,2027-01-10T02:36:39.792698,b76f0d06-487f-4c14-97a4-859d3404b661,2026-08-03T09:08:17.792682,02fc8d0f-48ca-4ab5-95da-9f2f51d44e5b
fcadc666-e7a7-4663-97c8-f5ee8e93400d,7179207a-0cc9-48e0-87e1-8cd7d2f9f721,7df3744f-305f-4c72-96a4-3e4d00358354,de2b29b6-971f-47fc-8ce7-cf18f0f5ffb9,4ce83c9d-842a-4e12-8d19-adbf86176f14,163c8694-7cb3-4521-a5a0-ca5e793bd56e,2026-06-27T13:00:44.792709,Enterprise Deal - Catalyst Group,479655.53,2026-09-06T09:26:36.792725,8c00e028-41da-4e2c-91bf-e06c6f74595b,2025-12-01T11:40:07.792709,bebdbef1-3be2-4351-a13f-43e46af2a5a2
2c0257ae-d4d8-4075-b073-49472be5b017,7179207a-0cc9-48e0-87e1-8cd7d2f9f721,,,4ce83c9d-842a-4e12-8d19-adbf86176f14,44fcc00f-594d-4ff5-a461-9d3ac82ca711,2026-08-05T01:40:35.792738,Enterprise Deal - Fusion Analytics,89410.22,2026-06-28T05:55:47.792754,b76f0d06-487f-4c14-97a4-859d3404b661,2026-07-17T04:02:17.792738,02fc8d0f-48ca-4ab5-95da-9f2f51d44e5b
56f95d38-461e-43ed-aaf4-9adaa0671c73,7179207a-0cc9-48e0-87e1-8cd7d2f9f721,f8e725de-56fb-4599-abad-6b431430b8cf,ee30c908-7fe3-4371-bf27-005ee0ac123f,4ce83c9d-842a-4e12-8d19-adbf86176f14,44fcc00f-594d-4ff5-a461-9d3ac82ca711,2026-05-15T00:17:47.792765,Starter Deal - Apex Innovations,216235.47,2026-05-13T01:06:51.792784,ded2cebc-b69e-4191-9d44-4929e9d428d1,2026-02-16T22:45:05.792765,ded2cebc-b69e-4191-9d44-4929e9d428d1
08b551b0-8133-4971-9bc3-7fa867d8f935,7179207a-0cc9-48e0-87e1-8cd7d2f9f721,,,4ce83c9d-842a-4e12-8d19-adbf86176f14,6ee979bb-8c4e-4255-b39a-ef56528a94f4,2026-05-19T08:31:12.792794,Premium Deal - Bronze Gate,398396.36,2026-08-11T12:37:39.792810,8c00e028-41da-4e2c-91bf-e06c6f74595b,2025-10-04T09:52:39.792794,e52849ba-01bf-4e30-a6ad-e02749ff23a9
08f29b11-09e8-4a1e-9171-735468f55df6,7179207a-0cc9-48e0-87e1-8cd7d2f9f721,f5071970-8384-4b5a-affd-c13147c80a8d,f34173dc-bb21-4c9b-8b46-1c07867af312,4ce83c9d-842a-4e12-8d19-adbf86176f14,0f3f5077-3722-492e-9597-b731770ec559,2026-06-25T17:25:23.792821,Growth Deal - Forge Industries,460688.75,2026-11-05T12:39:32.792837,bebdbef1-3be2-4351-a13f-43e46af2a5a2,2026-05-14T15:18:34.792821,ece82b98-28d8-4c7e-94ba-1bb820731ba5
802a917f-32c1-4bba-8cae-324e9dd699af,7179207a-0cc9-48e0-87e1-8cd7d2f9f721,5e431f59-5a5a-47a2-b30a-2eb616b1c202,,4ce83c9d-842a-4e12-8d19-adbf86176f14,91718b5b-2d79-4152-84fa-45b6bf72a72b,2026-06-13T09:46:05.792847,Starter Deal - TechNova Solutions,444061.81,2026-06-15T07:19:31.792862,de2d46fb-a956-4b96-bc60-115ccf0715a6,2026-01-11T22:15:42.792847,0002ada9-8f33-49a6-b9b4-7aa4a8a79084
4d754ee7-0730-4a2c-9a19-2f86bb48ac60,7179207a-0cc9-48e0-87e1-8cd7d2f9f721,,,4ce83c9d-842a-4e12-8d19-adbf86176f14,44fcc00f-594d-4ff5-a461-9d3ac82ca711,2026-02-23T06:00:19.792872,Premium Deal - Crystal Corp,98357.16,2026-07-18T20:27:42.792887,8c00e028-41da-4e2c-91bf-e06c6f74595b,2025-12-10T20:35:32.792872,e16f7e8e-9f87-481c-a95f-799224a1dd30
e823cd8f-2642-415a-a9f8-e0cfa2b3cef1,7179207a-0cc9-48e0-87e1-8cd7d2f9f721,d0ad813c-ab6f-4ff8-85de-c9f75cb2fcbe,0386d13f-b548-4bec-a77e-da0af8e3edea,4ce83c9d-842a-4e12-8d19-adbf86176f14,91718b5b-2d79-4152-84fa-45b6bf72a72b,2026-07-14T04:28:07.792898,Growth Deal - Jade Consulting,100194.71,2026-07-22T08:55:28.792914,02fc8d0f-48ca-4ab5-95da-9f2f51d44e5b,2025-10-20T10:40:22.792898,0002ada9-8f33-49a6-b9b4-7aa4a8a79084
d7010ce4-319c-41ab-a320-fd15d493525d,7179207a-0cc9-48e0-87e1-8cd7d2f9f721,,,4ce83c9d-842a-4e12-8d19-adbf86176f14,0f3f5077-3722-492e-9597-b731770ec559,2026-06-06T22:34:50.792923,Premium Deal - Fusion Analytics,342666.72,2026-08-30T08:44:27.792938,46cb662a-e863-4194-99df-ab55ff22701c,2026-04-05T05:53:44.792923,8c00e028-41da-4e2c-91bf-e06c6f74595b
58d01f01-0d88-4400-bb5e-4a8bad506eb6,7179207a-0cc9-48e0-87e1-8cd7d2f9f721,,0386d13f-b548-4bec-a77e-da0af8e3edea,4ce83c9d-842a-4e12-8d19-adbf86176f14,adf111f0-9f7b-42a3-b8d2-509d4f2cc58d,2026-03-11T08:00:46.792948,Custom Deal - Jade Consulting,451845.91,2027-01-20T01:03:46.792963,02fc8d0f-48ca-4ab5-95da-9f2f51d44e5b,2025-11-14T17:08:59.792948,de2d46fb-a956-4b96-bc60-115ccf0715a6
61c4b881-aff2-4442-bdf8-2cd7a6b54693,7179207a-0cc9-48e0-87e1-8cd7d2f9f721,,18c64105-f097-4bc5-a7dc-f2875cdec4a6,4ce83c9d-842a-4e12-8d19-adbf86176f14,91718b5b-2d79-4152-84fa-45b6bf72a72b,2026-07-27T15:40:38.792974,Enterprise Deal - NovaTech Solutions,407669.58,2026-05-04T08:21:00.792989,02fc8d0f-48ca-4ab5-95da-9f2f51d44e5b,2026-07-18T20:49:14.792974,0002ada9-8f33-49a6-b9b4-7aa4a8a79084
88948dc8-816e-4440-a7d1-9dd4372cb392,7179207a-0cc9-48e0-87e1-8cd7d2f9f721,4488431a-e700-4ee5-88b2-bd3f474fad21,,4ce83c9d-842a-4e12-8d19-adbf86176f14,6ee979bb-8c4e-4255-b39a-ef56528a94f4,2026-07-26T06:53:11.793003,Starter Deal - SwiftScale,97414.18,2026-12-14T03:21:35.793025,46cb662a-e863-4194-99df-ab55ff22701c,2025-11-04T19:01:47.793003,ded2cebc-b69e-4191-9d44-4929e9d428d1
c22f7dbd-8623-441c-88c5-141e8f279ede,7179207a-0cc9-48e0-87e1-8cd7d2f9f721,8cb21556-a4c6-4e4a-8f90-b3ebca487ecd,,4ce83c9d-842a-4e12-8d19-adbf86176f14,44fcc00f-594d-4ff5-a461-9d3ac82ca711,2026-04-12T12:29:04.793035,Growth Deal - DataFlow Systems,272029.93,2026-06-08T00:44:54.793051,34cd9ae9-7de1-4193-9109-53462c16ece9,2026-03-16T04:48:25.793035,a120de43-c4d0-46d0-8c1a-3b6044216650
65bba1a2-0130-489d-9a6d-a26b6bb9d032,7179207a-0cc9-48e0-87e1-8cd7d2f9f721,9c4d12e9-0879-42df-8338-eee7ecb2a31a,de2b29b6-971f-47fc-8ce7-cf18f0f5ffb9,4ce83c9d-842a-4e12-8d19-adbf86176f14,6ee979bb-8c4e-4255-b39a-ef56528a94f4,2026-04-13T02:47:42.793062,Premium Deal - Catalyst Group,86290.57,2027-01-24T17:25:32.793077,02fc8d0f-48ca-4ab5-95da-9f2f51d44e5b,2025-12-20T14:29:32.793062,bebdbef1-3be2-4351-a13f-43e46af2a5a2
1f5b0622-e247-4025-b418-b087052f0ef6,7179207a-0cc9-48e0-87e1-8cd7d2f9f721,475c1b23-720a-43df-bcb5-723e2e7a9a27,,4ce83c9d-842a-4e12-8d19-adbf86176f14,adf111f0-9f7b-42a3-b8d2-509d4f2cc58d,2026-07-24T00:50:33.793088,Premium Deal - Cobalt Systems,446103.21,2026-12-05T17:41:39.793103,0002ada9-8f33-49a6-b9b4-7aa4a8a79084,2026-05-23T19:18:57.793088,8c00e028-41da-4e2c-91bf-e06c6f74595b
fc19beff-b59f-4b19-8905-bdde2e2b0e57,7179207a-0cc9-48e0-87e1-8cd7d2f9f721,b4833532-8b14-4b7b-894f-1185fdef58f8,,4ce83c9d-842a-4e12-8d19-adbf86176f14,6ee979bb-8c4e-4255-b39a-ef56528a94f4,2026-01-22T21:41:20.793114,Premium Deal - Summit Analytics,108244.36,2027-02-01T18:02:33.793129,ded2cebc-b69e-4191-9d44-4929e9d428d1,2026-01-09T15:52:31.793114,ece82b98-28d8-4c7e-94ba-1bb820731ba5
d6f2d366-85b2-4b57-8935-2c3fbf36d33e,7179207a-0cc9-48e0-87e1-8cd7d2f9f721,,,4ce83c9d-842a-4e12-8d19-adbf86176f14,6ee979bb-8c4e-4255-b39a-ef56528a94f4,2026-01-26T06:26:16.793143,Enterprise Deal - Fusion Analytics,166962.09,2026-10-20T17:06:57.793160,ece82b98-28d8-4c7e-94ba-1bb820731ba5,2025-11-23T05:17:15.793143,46cb662a-e863-4194-99df-ab55ff22701c
0e381dd3-455f-4ab4-9a8f-299c3aaa7eb8,7179207a-0cc9-48e0-87e1-8cd7d2f9f721,a61988f3-3948-4718-904b-561efb1d3193,,4ce83c9d-842a-4e12-8d19-adbf86176f14,0f3f5077-3722-492e-9597-b731770ec559,2026-02-13T00:25:41.793170,Enterprise Deal - Catalyst Group,364751.04,2027-01-04T11:06:12.793186,ded2cebc-b69e-4191-9d44-4929e9d428d1,2025-08-31T07:44:20.793170,e16f7e8e-9f87-481c-a95f-799224a1dd30
28b95950-9718-410e-93f0-1d7e11318134,7179207a-0cc9-48e0-87e1-8cd7d2f9f721,f516d125-57ad-451e-9b8f-b017e56602c0,,4ce83c9d-842a-4e12-8d19-adbf86176f14,163c8694-7cb3-4521-a5a0-ca5e793bd56e,2025-10-29T10:37:09.793197,Enterprise Deal - Bronze Gate,52324.2,2027-01-31T11:03:57.793212,e52849ba-01bf-4e30-a6ad-e02749ff23a9,2025-08-27T08:30:02.793197,bebdbef1-3be2-4351-a13f-43e46af2a5a2
ea4b61a2-5d78-4a3b-8706-50e066c6ad96,7179207a-0cc9-48e0-87e1-8cd7d2f9f721,b7951520-d926-4a05-9003-1cd191a79c2b,bb26ef7e-70f4-4277-8ce3-0c03fb547ea1,4ce83c9d-842a-4e12-8d19-adbf86176f14,44fcc00f-594d-4ff5-a461-9d3ac82ca711,2026-08-03T09:52:32.793223,Enterprise Deal - Jade Consulting,350759.18,2026-06-01T12:11:59.793239,34cd9ae9-7de1-4193-9109-53462c16ece9,2026-04-07T18:48:20.793223,7d137f66-8604-40bf-ba81-6af4667de5ac
b88092d4-9acf-4060-80d3-9370a53fd7f9,7179207a-0cc9-48e0-87e1-8cd7d2f9f721,835d1b63-1768-4a47-bb2f-0bd036151c35,,4ce83c9d-842a-4e12-8d19-adbf86176f14,163c8694-7cb3-4521-a5a0-ca5e793bd56e,2026-06-20T22:17:45.793249,Growth Deal - Platinum Partners,224369.19,2026-11-08T19:40:46.793264,7d137f66-8604-40bf-ba81-6af4667de5ac,2026-05-20T00:28:34.793249,1773f9d2-3516-4ff5-9acc-3b6a7b2ce872
4ee50a11-f175-4b2a-bb42-490ee6b0ac46,7179207a-0cc9-48e0-87e1-8cd7d2f9f721,13733d4d-30ca-4229-88ed-23b6099ba25b,,4ce83c9d-842a-4e12-8d19-adbf86176f14,6ee979bb-8c4e-4255-b39a-ef56528a94f4,2026-05-16T09:50:08.793278,Growth Deal - Atlas Computing,22173.08,2026-12-11T20:08:57.793293,34cd9ae9-7de1-4193-9109-53462c16ece9,2025-12-12T19:41:12.793278,02fc8d0f-48ca-4ab5-95da-9f2f51d44e5b
d9faedf2-b0fe-4d80-8c99-9a0dbfa366f5,7179207a-0cc9-48e0-87e1-8cd7d2f9f721,,fb7419d1-5893-46bf-ae8a-891444659e75,4ce83c9d-842a-4e12-8d19-adbf86176f14,adf111f0-9f7b-42a3-b8d2-509d4f2cc58d,2025-12-04T04:25:03.793303,Premium Deal - Sterling Finance,401548.03,2026-09-28T12:15:36.793319,e16f7e8e-9f87-481c-a95f-799224a1dd30,2025-11-18T16:09:00.793303,e52849ba-01bf-4e30-a6ad-e02749ff23a9
25bfc054-09f7-4106-b4da-4541c7781d71,7179207a-0cc9-48e0-87e1-8cd7d2f9f721,f3f25e5b-76b0-469c-a05e-12e51ae11ca0,,4ce83c9d-842a-4e12-8d19-adbf86176f14,91718b5b-2d79-4152-84fa-45b6bf72a72b,2026-06-12T03:11:37.793329,Growth Deal - Diamond Edge,266157.63,2026-05-07T16:22:04.793345,de2d46fb-a956-4b96-bc60-115ccf0715a6,2026-04-07T14:19:15.793329,bebdbef1-3be2-4351-a13f-43e46af2a5a2
eb585414-cf9b-475c-a1ac-29d60285248b,7179207a-0cc9-48e0-87e1-8cd7d2f9f721,4a8b2762-f1d3-484c-a58c-8943363dd793,affc07d0-d22d-455c-bad5-e8d6407663e7,4ce83c9d-842a-4e12-8d19-adbf86176f14,44fcc00f-594d-4ff5-a461-9d3ac82ca711,2026-07-14T06:39:35.793355,Enterprise Deal - Catalyst Group,241729.19,2026-07-22T07:25:23.793370,e16f7e8e-9f87-481c-a95f-799224a1dd30,2025-11-05T04:20:57.793355,8c00e028-41da-4e2c-91bf-e06c6f74595b
3ef2fe4d-c491-4528-96fa-cde0f8efdbd7,7179207a-0cc9-48e0-87e1-8cd7d2f9f721,f104553d-86ce-4203-a244-080fa8cbcd59,7161b424-97d7-4ac7-8bda-3664ec91a763,4ce83c9d-842a-4e12-8d19-adbf86176f14,44fcc00f-594d-4ff5-a461-9d3ac82ca711,2026-07-27T20:41:56.793381,Custom Deal - Summit Analytics,129095.84,2026-07-19T01:06:11.793397,02fc8d0f-48ca-4ab5-95da-9f2f51d44e5b,2026-04-09T03:44:56.793381,7d137f66-8604-40bf-ba81-6af4667de5ac
b2895e4f-b1f4-4064-b5a8-8e310f916c88,7179207a-0cc9-48e0-87e1-8cd7d2f9f721,d4f0123a-1666-45bf-84bd-14c292c3e061,,4ce83c9d-842a-4e12-8d19-adbf86176f14,91718b5b-2d79-4152-84fa-45b6bf72a72b,2026-04-13T04:06:32.793408,Growth Deal - NovaTech Solutions,328557.7,2026-06-08T09:59:29.793423,0002ada9-8f33-49a6-b9b4-7aa4a8a79084,2026-03-05T21:41:24.793408,0002ada9-8f33-49a6-b9b4-7aa4a8a79084
ae417d90-35ce-4598-8d90-ca41ec189f00,7179207a-0cc9-48e0-87e1-8cd7d2f9f721,dfdf5808-e3e5-4e94-b90c-92054b57b94d,,4ce83c9d-842a-4e12-8d19-adbf86176f14,44fcc00f-594d-4ff5-a461-9d3ac82ca711,2026-05-10T00:16:24.793434,Custom Deal - Iron Mountain,294825.32,2026-08-06T06:17:09.793449,de2d46fb-a956-4b96-bc60-115ccf0715a6,2026-04-19T02:12:15.793434,34cd9ae9-7de1-4193-9109-53462c16ece9
b9e64185-4e66-4f3b-8871-d7ef1dfae900,7179207a-0cc9-48e0-87e1-8cd7d2f9f721,,,4ce83c9d-842a-4e12-8d19-adbf86176f14,44fcc00f-594d-4ff5-a461-9d3ac82ca711,2026-06-28T05:00:26.793458,Custom Deal - Golden Ratio,436889.25,2026-08-07T01:57:52.793473,34cd9ae9-7de1-4193-9109-53462c16ece9,2026-01-29T08:10:53.793458,a120de43-c4d0-46d0-8c1a-3b6044216650
955baee1-8750-4dc7-b611-9032dd770d59,7179207a-0cc9-48e0-87e1-8cd7d2f9f721,05c8e91f-b792-4baa-be3e-ee5416867206,,4ce83c9d-842a-4e12-8d19-adbf86176f14,0f3f5077-3722-492e-9597-b731770ec559,2026-01-17T06:01:53.793483,Growth Deal - Sterling Finance,127417.32,2027-01-22T13:54:34.793503,34cd9ae9-7de1-4193-9109-53462c16ece9,2025-12-25T06:13:52.793483,02fc8d0f-48ca-4ab5-95da-9f2f51d44e5b
d3d5ea7e-419b-4877-bd08-014d23dfa906,7179207a-0cc9-48e0-87e1-8cd7d2f9f721,,,4ce83c9d-842a-4e12-8d19-adbf86176f14,6ee979bb-8c4e-4255-b39a-ef56528a94f4,2026-01-13T05:58:26.793517,Premium Deal - Catalyst Group,417171.32,2027-01-27T09:19:08.793532,7d137f66-8604-40bf-ba81-6af4667de5ac,2025-11-28T04:40:20.793517,e16f7e8e-9f87-481c-a95f-799224a1dd30
f1383802-7a7b-4651-9abe-4e1aeb183263,7179207a-0cc9-48e0-87e1-8cd7d2f9f721,,cc24500c-aefb-4f79-95b3-ee69f9682028,4ce83c9d-842a-4e12-8d19-adbf86176f14,91718b5b-2d79-4152-84fa-45b6bf72a72b,2025-11-29T08:43:09.793545,Enterprise Deal - Titan Industries,237383.66,2026-05-18T09:49:29.793561,e52849ba-01bf-4e30-a6ad-e02749ff23a9,2025-11-12T03:35:40.793545,bebdbef1-3be2-4351-a13f-43e46af2a5a2
14f3674a-4e01-4566-8073-fbfbc8381ead,7179207a-0cc9-48e0-87e1-8cd7d2f9f721,,,4ce83c9d-842a-4e12-8d19-adbf86176f14,0f3f5077-3722-492e-9597-b731770ec559,2026-03-30T08:57:17.793571,Premium Deal - Sterling Finance,144325.38,2026-08-22T21:19:28.793586,46cb662a-e863-4194-99df-ab55ff22701c,2025-09-11T07:34:30.793571,a120de43-c4d0-46d0-8c1a-3b6044216650
43ae17e0-bb5b-45d8-9983-2195eac67341,7179207a-0cc9-48e0-87e1-8cd7d2f9f721,4de036a3-66c3-4b81-b15d-a0c17e5e511a,,4ce83c9d-842a-4e12-8d19-adbf86176f14,91718b5b-2d79-4152-84fa-45b6bf72a72b,2025-12-02T12:13:49.793596,Growth Deal - Titan Industries,206008.7,2026-04-19T07:28:59.793612,bebdbef1-3be2-4351-a13f-43e46af2a5a2,2025-10-03T20:11:28.793596,ece82b98-28d8-4c7e-94ba-1bb820731ba5
80a4f21d-a8c8-400f-bf9d-aa9c8a574c84,7179207a-0cc9-48e0-87e1-8cd7d2f9f721,,,4ce83c9d-842a-4e12-8d19-adbf86176f14,91718b5b-2d79-4152-84fa-45b6bf72a72b,2026-03-05T16:09:30.793621,Growth Deal - Opal Solutions,380385.71,2026-08-01T04:13:16.793637,e16f7e8e-9f87-481c-a95f-799224a1dd30,2025-11-18T05:53:24.793621,bebdbef1-3be2-4351-a13f-43e46af2a5a2
ef8eac98-ee69-4355-8552-e250eb6ce6be,7179207a-0cc9-48e0-87e1-8cd7d2f9f721,,ee30c908-7fe3-4371-bf27-005ee0ac123f,4ce83c9d-842a-4e12-8d19-adbf86176f14,6ee979bb-8c4e-4255-b39a-ef56528a94f4,2026-06-20T12:48:52.793647,Growth Deal - Zenith Partners,200843.78,2026-09-17T03:18:49.793662,ded2cebc-b69e-4191-9d44-4929e9d428d1,2026-03-19T23:13:57.793647,e52849ba-01bf-4e30-a6ad-e02749ff23a9
9a0eac9a-314d-4f75-a1b3-8af97049ebb5,7179207a-0cc9-48e0-87e1-8cd7d2f9f721,,cc5290ea-6b67-484d-9985-b1d98a5e87a6,4ce83c9d-842a-4e12-8d19-adbf86176f14,adf111f0-9f7b-42a3-b8d2-509d4f2cc58d,2026-07-19T11:10:53.793672,Growth Deal - Amber Industries,22751.73,2026-10-22T18:16:05.793687,02fc8d0f-48ca-4ab5-95da-9f2f51d44e5b,2026-01-12T17:43:26.793672,e16f7e8e-9f87-481c-a95f-799224a1dd30
656a89a8-a069-484a-816b-fd08ff71d114,7179207a-0cc9-48e0-87e1-8cd7d2f9f721,,3b4822f7-0a3c-4d86-ac8c-66a59a394d32,4ce83c9d-842a-4e12-8d19-adbf86176f14,adf111f0-9f7b-42a3-b8d2-509d4f2cc58d,2026-01-04T18:43:51.793697,Starter Deal - Fusion Analytics,201470.77,2026-08-20T19:11:44.793712,e52849ba-01bf-4e30-a6ad-e02749ff23a9,2025-09-16T12:51:32.793697,7d137f66-8604-40bf-ba81-6af4667de5ac
efb03554-3437-458b-8724-d8fd55e8eb8a,7179207a-0cc9-48e0-87e1-8cd7d2f9f721,669db45a-a3a7-45ea-8229-a004d2854b23,,4ce83c9d-842a-4e12-8d19-adbf86176f14,0f3f5077-3722-492e-9597-b731770ec559,2026-04-18T19:37:34.793722,Enterprise Deal - BlueShift Labs,229590.92,2026-08-19T10:10:29.793737,e52849ba-01bf-4e30-a6ad-e02749ff23a9,2025-12-03T00:32:06.793722,1773f9d2-3516-4ff5-9acc-3b6a7b2ce872
9aae9c0c-4e45-4d7a-a90b-ba9bcc74a1c8,7179207a-0cc9-48e0-87e1-8cd7d2f9f721,6bcc7389-797b-4576-8749-ae4a9ca000cb,07af1e4d-82be-4397-91b5-bad8b8679780,4ce83c9d-842a-4e12-8d19-adbf86176f14,0f3f5077-3722-492e-9597-b731770ec559,2026-05-23T14:36:09.793747,Starter Deal - DataFlow Systems,198869.17,2026-12-13T22:44:15.793763,b76f0d06-487f-4c14-97a4-859d3404b661,2026-02-02T12:07:45.793747,ece82b98-28d8-4c7e-94ba-1bb820731ba5
5fa08fc6-b7ce-4130-83e0-44e8de7c2794,7179207a-0cc9-48e0-87e1-8cd7d2f9f721,b90ac2ed-f2ed-4667-bec2-4e038e84afda,,4ce83c9d-842a-4e12-8d19-adbf86176f14,adf111f0-9f7b-42a3-b8d2-509d4f2cc58d,2026-08-05T03:52:09.793773,Growth Deal - Copper Systems,466766.05,2026-11-30T10:06:54.793789,0002ada9-8f33-49a6-b9b4-7aa4a8a79084,2026-08-04T17:38:24.793773,46cb662a-e863-4194-99df-ab55ff22701c
6c0f0068-3db4-4ed1-94c6-f384a2ada05f,7179207a-0cc9-48e0-87e1-8cd7d2f9f721,005d0bfb-5914-4294-8a65-8d05c4349705,17b6508a-ad14-4de0-b0c0-6ebd9282805d,4ce83c9d-842a-4e12-8d19-adbf86176f14,91718b5b-2d79-4152-84fa-45b6bf72a72b,2026-05-15T21:10:58.793804,Custom Deal - TechNova Solutions,400394.92,2026-04-20T13:43:38.793820,46cb662a-e863-4194-99df-ab55ff22701c,2026-02-19T06:21:01.793804,1773f9d2-3516-4ff5-9acc-3b6a7b2ce872
ecf1700b-a8e6-4619-acf4-df91f9df142f,7179207a-0cc9-48e0-87e1-8cd7d2f9f721,,0df82a12-8318-452b-be01-c4615eece3b2,4ce83c9d-842a-4e12-8d19-adbf86176f14,0f3f5077-3722-492e-9597-b731770ec559,2026-04-08T01:28:09.793829,Custom Deal - Apex Health,395571.84,2027-01-12T23:15:43.793845,a120de43-c4d0-46d0-8c1a-3b6044216650,2026-02-05T19:42:13.793829,34cd9ae9-7de1-4193-9109-53462c16ece9
002dca70-9286-40a2-bfd4-c5ca6611cd80,7179207a-0cc9-48e0-87e1-8cd7d2f9f721,ff62ae0e-f668-4bd4-870b-7133cb4a1195,811ec65a-a44c-4fc1-9e41-bb70b5494675,4ce83c9d-842a-4e12-8d19-adbf86176f14,44fcc00f-594d-4ff5-a461-9d3ac82ca711,2026-08-06T23:00:37.793855,Growth Deal - Amber Industries,242735.59,2026-05-12T19:16:29.793878,34cd9ae9-7de1-4193-9109-53462c16ece9,2026-07-23T07:09:55.793855,1773f9d2-3516-4ff5-9acc-3b6a7b2ce872
0043d901-b4c1-4e7b-8e9f-babfa46b6bc7,7179207a-0cc9-48e0-87e1-8cd7d2f9f721,b306bb0d-92ae-45ba-b6ab-a7d20a45a878,,4ce83c9d-842a-4e12-8d19-adbf86176f14,6ee979bb-8c4e-4255-b39a-ef56528a94f4,2026-07-16T17:36:18.793889,Growth Deal - IronClad Security,492267.35,2026-11-30T19:09:01.793905,ece82b98-28d8-4c7e-94ba-1bb820731ba5,2026-07-04T18:51:34.793889,0002ada9-8f33-49a6-b9b4-7aa4a8a79084
6eabf8b8-ba23-4829-96d0-ac14cbe5e632,7179207a-0cc9-48e0-87e1-8cd7d2f9f721,6bcc7389-797b-4576-8749-ae4a9ca000cb,f34173dc-bb21-4c9b-8b46-1c07867af312,4ce83c9d-842a-4e12-8d19-adbf86176f14,91718b5b-2d79-4152-84fa-45b6bf72a72b,2026-06-30T19:03:40.793915,Growth Deal - SwiftScale,84195.6,2026-07-24T01:30:50.793930,8c00e028-41da-4e2c-91bf-e06c6f74595b,2025-12-05T15:20:46.793915,ded2cebc-b69e-4191-9d44-4929e9d428d1
29895312-0ab0-4570-be55-f7a3e29bf030,7179207a-0cc9-48e0-87e1-8cd7d2f9f721,,57fb56e7-45a9-449f-bbf6-1d4e184fa71f,4ce83c9d-842a-4e12-8d19-adbf86176f14,44fcc00f-594d-4ff5-a461-9d3ac82ca711,2026-06-24T04:02:15.793940,Growth Deal - Bronze Gate,271642.45,2026-07-10T11:19:59.793956,e52849ba-01bf-4e30-a6ad-e02749ff23a9,2026-05-05T09:58:36.793940,a120de43-c4d0-46d0-8c1a-3b6044216650
7a415a8b-3f5f-4b99-b7e6-688ae8f19dab,7179207a-0cc9-48e0-87e1-8cd7d2f9f721,d4bc0201-34a2-4929-93fe-9a82cea893dd,,4ce83c9d-842a-4e12-8d19-adbf86176f14,0f3f5077-3722-492e-9597-b731770ec559,2026-06-21T04:58:48.793966,Starter Deal - Topaz Digital,1744.64,2026-10-20T14:27:51.793981,bebdbef1-3be2-4351-a13f-43e46af2a5a2,2026-06-03T05:39:20.793966,8c00e028-41da-4e2c-91bf-e06c6f74595b
facf3523-c728-460f-aa59-d33db8af8d20,7179207a-0cc9-48e0-87e1-8cd7d2f9f721,,b50e4c2d-c888-42b4-a615-2a3a2ce0631b,4ce83c9d-842a-4e12-8d19-adbf86176f14,44fcc00f-594d-4ff5-a461-9d3ac82ca711,2026-07-17T02:27:17.793992,Growth Deal - Horizon Media,396674.2,2026-07-14T16:21:32.794007,8c00e028-41da-4e2c-91bf-e06c6f74595b,2025-09-18T19:38:52.793992,0002ada9-8f33-49a6-b9b4-7aa4a8a79084
ab7e386e-4242-4f38-8ab2-4eea4f94944b,7179207a-0cc9-48e0-87e1-8cd7d2f9f721,,,4ce83c9d-842a-4e12-8d19-adbf86176f14,91718b5b-2d79-4152-84fa-45b6bf72a72b,2026-07-02T03:08:43.794023,Custom Deal - Titan Industries,389000.04,2026-04-28T02:32:01.794038,34cd9ae9-7de1-4193-9109-53462c16ece9,2026-01-24T21:43:39.794023,02fc8d0f-48ca-4ab5-95da-9f2f51d44e5b
21972d22-0fc2-4aee-8eab-d4201c137280,7179207a-0cc9-48e0-87e1-8cd7d2f9f721,965fdb39-c145-4994-a3c3-0f8da96fdc96,d723fc70-2400-45a7-b1d4-2c349a97bc2e,4ce83c9d-842a-4e12-8d19-adbf86176f14,91718b5b-2d79-4152-84fa-45b6bf72a72b,2026-04-02T00:15:33.794048,Starter Deal - Iron Mountain,93253.12,2026-07-06T08:21:14.794064,46cb662a-e863-4194-99df-ab55ff22701c,2025-11-05T20:08:13.794048,ece82b98-28d8-4c7e-94ba-1bb820731ba5
665b7b9d-febd-47e0-bbb9-0df6196442ce,7179207a-0cc9-48e0-87e1-8cd7d2f9f721,7173c35e-358d-4c64-8ec1-e4b42ccbd746,,4ce83c9d-842a-4e12-8d19-adbf86176f14,163c8694-7cb3-4521-a5a0-ca5e793bd56e,2026-07-07T07:40:39.794078,Growth Deal - Onyx Data,231872.78,2026-09-23T02:49:04.794094,0002ada9-8f33-49a6-b9b4-7aa4a8a79084,2026-07-06T15:00:30.794078,02fc8d0f-48ca-4ab5-95da-9f2f51d44e5b
713b7a44-d7f9-40b3-a1fb-3679a19f6462,7179207a-0cc9-48e0-87e1-8cd7d2f9f721,604f785d-3651-4e9f-95a0-1e366f361128,8567e926-6a58-4388-a3fd-e08767acc311,4ce83c9d-842a-4e12-8d19-adbf86176f14,6ee979bb-8c4e-4255-b39a-ef56528a94f4,2026-08-04T11:31:34.794105,Starter Deal - NexGen Software,202993.89,2026-11-05T12:20:04.794125,8c00e028-41da-4e2c-91bf-e06c6f74595b,2026-03-26T15:37:54.794105,ece82b98-28d8-4c7e-94ba-1bb820731ba5
687d0c36-ff4a-499e-9f0e-fa21110bc781,7179207a-0cc9-48e0-87e1-8cd7d2f9f721,,58f5dbc9-efac-4eb8-a7a5-29a44e7c718c,4ce83c9d-842a-4e12-8d19-adbf86176f14,163c8694-7cb3-4521-a5a0-ca5e793bd56e,2026-08-04T22:46:35.794135,Enterprise Deal - Ruby Software,491077.7,2027-01-23T18:58:48.794150,a120de43-c4d0-46d0-8c1a-3b6044216650,2025-11-24T15:44:35.794135,ded2cebc-b69e-4191-9d44-4929e9d428d1
6eef9d14-fdac-433c-8d46-6339d6a817cf,7179207a-0cc9-48e0-87e1-8cd7d2f9f721,659b3c7b-dacd-4cde-ab03-bcd65411e2ef,206fc912-d36a-4e9c-9db6-a9ccc220bce5,4ce83c9d-842a-4e12-8d19-adbf86176f14,44fcc00f-594d-4ff5-a461-9d3ac82ca711,2026-06-28T21:47:48.794160,Custom Deal - TechNova Solutions,127034.32,2026-04-23T18:01:41.794175,7d137f66-8604-40bf-ba81-6af4667de5ac,2026-04-19T04:53:53.794160,02fc8d0f-48ca-4ab5-95da-9f2f51d44e5b
64ef00ce-61a6-4185-9775-3a32fc5c88c5,7179207a-0cc9-48e0-87e1-8cd7d2f9f721,045c1a64-e5c8-41d5-b50f-413fbdc42086,,4ce83c9d-842a-4e12-8d19-adbf86176f14,163c8694-7cb3-4521-a5a0-ca5e793bd56e,2026-07-20T11:11:37.794186,Premium Deal - Pulse Digital,477708.44,2026-10-01T04:33:54.794200,e16f7e8e-9f87-481c-a95f-799224a1dd30,2026-01-31T17:19:46.794186,a120de43-c4d0-46d0-8c1a-3b6044216650
c0804469-bb75-425a-a8b6-1d96097da6aa,7179207a-0cc9-48e0-87e1-8cd7d2f9f721,7ccd708c-c38d-4c37-861f-5408d6e6e0fc,84615ba7-45d8-414c-b957-eb111f7e06ed,4ce83c9d-842a-4e12-8d19-adbf86176f14,44fcc00f-594d-4ff5-a461-9d3ac82ca711,2026-01-16T20:13:22.794211,Growth Deal - Atlas Computing,125328.83,2026-07-05T23:10:19.794230,ded2cebc-b69e-4191-9d44-4929e9d428d1,2026-01-04T15:03:22.794211,02fc8d0f-48ca-4ab5-95da-9f2f51d44e5b
bfd541bc-4e86-445c-a52e-ed89c31b489f,7179207a-0cc9-48e0-87e1-8cd7d2f9f721,,edf42169-971e-48f5-a573-44f4df24b6c6,4ce83c9d-842a-4e12-8d19-adbf86176f14,6ee979bb-8c4e-4255-b39a-ef56528a94f4,2026-07-08T06:33:17.794240,Enterprise Deal - NexGen Software,14521.9,2026-09-01T00:47:45.794256,b76f0d06-487f-4c14-97a4-859d3404b661,2025-08-26T12:34:11.794240,b76f0d06-487f-4c14-97a4-859d3404b661
c961eefb-4826-4af4-9c76-82e3ef680f0c,7179207a-0cc9-48e0-87e1-8cd7d2f9f721,d3404346-590c-49b3-8575-ff8bf93276ff,206fc912-d36a-4e9c-9db6-a9ccc220bce5,4ce83c9d-842a-4e12-8d19-adbf86176f14,163c8694-7cb3-4521-a5a0-ca5e793bd56e,2026-06-22T04:31:56.794266,Custom Deal - Pulse Digital,81199.56,2027-01-09T23:58:10.794281,e52849ba-01bf-4e30-a6ad-e02749ff23a9,2025-11-07T06:01:30.794266,46cb662a-e863-4194-99df-ab55ff22701c
13708df6-46f2-47c0-ab3f-8640bf3be4c9,7179207a-0cc9-48e0-87e1-8cd7d2f9f721,91f4d1b5-4835-4d3c-8bef-96b8441b89f3,,4ce83c9d-842a-4e12-8d19-adbf86176f14,0f3f5077-3722-492e-9597-b731770ec559,2026-04-14T21:03:53.794292,Growth Deal - Velocity Labs,141804.1,2027-01-28T19:37:43.794307,34cd9ae9-7de1-4193-9109-53462c16ece9,2025-12-26T14:03:51.794292,46cb662a-e863-4194-99df-ab55ff22701c
5f4f46a3-4ac2-41fa-9cd1-b978e9bf84c7,7179207a-0cc9-48e0-87e1-8cd7d2f9f721,,4c878815-39d3-4b6b-86a7-b94449914ca9,4ce83c9d-842a-4e12-8d19-adbf86176f14,163c8694-7cb3-4521-a5a0-ca5e793bd56e,2026-05-17T22:29:47.794317,Enterprise Deal - Vanguard Systems,180813.96,2026-10-15T19:06:50.794332,b76f0d06-487f-4c14-97a4-859d3404b661,2026-04-10T11:22:42.794317,a120de43-c4d0-46d0-8c1a-3b6044216650
9fb78f7b-bf18-4180-b598-990917fdbcc1,7179207a-0cc9-48e0-87e1-8cd7d2f9f721,fa9695b2-fe03-4118-ae61-3183d88efc77,fa36fe7c-3eb6-4bc4-bf5a-db4afd39f1c4,4ce83c9d-842a-4e12-8d19-adbf86176f14,163c8694-7cb3-4521-a5a0-ca5e793bd56e,2026-07-24T22:30:39.794346,Custom Deal - Zenith Partners,84102.95,2026-08-12T05:10:56.794362,0002ada9-8f33-49a6-b9b4-7aa4a8a79084,2025-10-25T16:25:02.794346,de2d46fb-a956-4b96-bc60-115ccf0715a6
db67e223-92e6-4c74-acea-bf4583f24dda,7179207a-0cc9-48e0-87e1-8cd7d2f9f721,e93887c6-b98c-4ab9-8ff2-9244dccc8484,e4458b85-783c-43a1-aa01-c388cd3e5159,4ce83c9d-842a-4e12-8d19-adbf86176f14,6ee979bb-8c4e-4255-b39a-ef56528a94f4,2026-01-29T20:16:07.794372,Enterprise Deal - TechNova Solutions,217117.43,2027-01-07T09:41:19.794388,a120de43-c4d0-46d0-8c1a-3b6044216650,2025-11-21T06:38:23.794372,b76f0d06-487f-4c14-97a4-859d3404b661
af339c93-1a2a-4b64-b87f-8a42e861eb2a,7179207a-0cc9-48e0-87e1-8cd7d2f9f721,3c5e52ce-edaa-4957-b217-775d92ff5111,3865882c-3eea-42ba-96a0-1804058d8bfa,4ce83c9d-842a-4e12-8d19-adbf86176f14,44fcc00f-594d-4ff5-a461-9d3ac82ca711,2026-07-24T11:07:04.794398,Starter Deal - ClearView Corp,363855.05,2026-08-06T01:23:01.794414,1773f9d2-3516-4ff5-9acc-3b6a7b2ce872,2026-06-08T07:23:56.794398,46cb662a-e863-4194-99df-ab55ff22701c
52373fdd-0690-4a9a-a66d-5c5bb080f160,7179207a-0cc9-48e0-87e1-8cd7d2f9f721,4c024c87-77a9-4eff-a259-401d5a03b545,0c2f4731-4fb4-4a0a-a35e-a02facd7c85c,4ce83c9d-842a-4e12-8d19-adbf86176f14,163c8694-7cb3-4521-a5a0-ca5e793bd56e,2025-12-02T08:05:45.794425,Starter Deal - Atlas Computing,13538.49,2026-09-01T15:24:25.794444,de2d46fb-a956-4b96-bc60-115ccf0715a6,2025-08-17T16:01:53.794425,7d137f66-8604-40bf-ba81-6af4667de5ac
5f45cd2f-22b7-4334-b922-8c279f786c71,7179207a-0cc9-48e0-87e1-8cd7d2f9f721,16a03f28-7e9d-429b-90ac-0664ecf87441,,4ce83c9d-842a-4e12-8d19-adbf86176f14,adf111f0-9f7b-42a3-b8d2-509d4f2cc58d,2026-06-01T00:37:28.794454,Premium Deal - Topaz Digital,410439.68,2026-12-30T23:43:11.794470,46cb662a-e863-4194-99df-ab55ff22701c,2026-01-17T20:15:51.794454,8c00e028-41da-4e2c-91bf-e06c6f74595b
51bcd50d-a435-44d8-98c2-754f0f56d300,7179207a-0cc9-48e0-87e1-8cd7d2f9f721,46ecca17-4c43-4721-ac01-24472c1a674c,23bc7169-1ce6-44ac-a6c2-3d2ece8bb956,4ce83c9d-842a-4e12-8d19-adbf86176f14,44fcc00f-594d-4ff5-a461-9d3ac82ca711,2026-04-19T04:58:40.794480,Enterprise Deal - RedRock Ventures,451150.83,2026-06-26T05:47:12.794496,02fc8d0f-48ca-4ab5-95da-9f2f51d44e5b,2026-02-13T04:28:00.794480,8c00e028-41da-4e2c-91bf-e06c6f74595b
c4155201-3e24-4616-bb1d-211cff77ea2a,7179207a-0cc9-48e0-87e1-8cd7d2f9f721,3af42361-7898-4f51-98f2-391b7b505062,5c9b13b2-d5d0-46be-8e8c-19a20e78f7d9,4ce83c9d-842a-4e12-8d19-adbf86176f14,6ee979bb-8c4e-4255-b39a-ef56528a94f4,2026-07-18T02:47:57.794506,Enterprise Deal - Silver Stream,332314.99,2026-08-08T16:42:27.794523,e52849ba-01bf-4e30-a6ad-e02749ff23a9,2026-06-16T02:49:26.794506,e16f7e8e-9f87-481c-a95f-799224a1dd30
7cbfb689-2096-4139-8984-7945058925a0,7179207a-0cc9-48e0-87e1-8cd7d2f9f721,,,4ce83c9d-842a-4e12-8d19-adbf86176f14,adf111f0-9f7b-42a3-b8d2-509d4f2cc58d,2026-07-16T14:59:38.794533,Enterprise Deal - Onyx Data,129515.45,2026-08-24T07:53:01.794547,b76f0d06-487f-4c14-97a4-859d3404b661,2025-08-07T15:17:57.794533,a120de43-c4d0-46d0-8c1a-3b6044216650
26a09646-ad2e-4e20-b0b4-400f35466e47,7179207a-0cc9-48e0-87e1-8cd7d2f9f721,9a1c6457-c33c-4076-a06e-7ae7cf515251,dce7834e-01dc-449f-9db6-1392e74c1746,4ce83c9d-842a-4e12-8d19-adbf86176f14,44fcc00f-594d-4ff5-a461-9d3ac82ca711,2026-06-28T19:35:36.794558,Premium Deal - Prism Technologies,331331.14,2026-08-05T12:21:49.794573,de2d46fb-a956-4b96-bc60-115ccf0715a6,2026-04-02T20:54:20.794558,ece82b98-28d8-4c7e-94ba-1bb820731ba5
8e5d80cb-e19a-43ed-89ef-d012be448324,7179207a-0cc9-48e0-87e1-8cd7d2f9f721,1faafadf-57ab-4800-9a79-0c6272d5c4f0,b38f66e2-469b-474d-85a8-7a2213d32f99,4ce83c9d-842a-4e12-8d19-adbf86176f14,0f3f5077-3722-492e-9597-b731770ec559,2026-03-06T21:31:17.794584,Growth Deal - Amber Industries,17376.92,2026-08-08T19:50:15.794603,ded2cebc-b69e-4191-9d44-4929e9d428d1,2026-01-20T10:12:46.794584,ded2cebc-b69e-4191-9d44-4929e9d428d1
7f0e8e1f-608b-4838-ba64-f85b96d2eebc,7179207a-0cc9-48e0-87e1-8cd7d2f9f721,b7646dc6-3301-41a7-8f62-27e46f908cb0,,4ce83c9d-842a-4e12-8d19-adbf86176f14,44fcc00f-594d-4ff5-a461-9d3ac82ca711,2026-07-15T04:02:04.794617,Enterprise Deal - BrightStar Inc,199904.43,2026-04-26T21:39:43.794633,e16f7e8e-9f87-481c-a95f-799224a1dd30,2026-07-11T00:51:38.794617,8c00e028-41da-4e2c-91bf-e06c6f74595b
fb905f67-d5c3-4746-ad58-1207d481569d,7179207a-0cc9-48e0-87e1-8cd7d2f9f721,a3873755-ed24-4e9b-942f-c9d35de9a5f9,cc24500c-aefb-4f79-95b3-ee69f9682028,4ce83c9d-842a-4e12-8d19-adbf86176f14,44fcc00f-594d-4ff5-a461-9d3ac82ca711,2026-08-07T10:14:48.794643,Custom Deal - TechNova Solutions,418031.5,2026-07-06T21:34:29.794660,ece82b98-28d8-4c7e-94ba-1bb820731ba5,2026-08-06T10:17:47.794643,7d137f66-8604-40bf-ba81-6af4667de5ac
808f57c5-a989-45db-90d9-03b2163c6197,7179207a-0cc9-48e0-87e1-8cd7d2f9f721,0711b551-afa2-4d57-9fd8-bb0d57d6b9cb,,4ce83c9d-842a-4e12-8d19-adbf86176f14,0f3f5077-3722-492e-9597-b731770ec559,2026-03-29T05:14:38.794670,Growth Deal - Velocity Labs,450412.98,2026-10-23T09:55:09.794686,e52849ba-01bf-4e30-a6ad-e02749ff23a9,2026-02-01T09:42:58.794670,46cb662a-e863-4194-99df-ab55ff22701c
551539f7-d633-41b3-b7b7-6acf26925517,7179207a-0cc9-48e0-87e1-8cd7d2f9f721,,,4ce83c9d-842a-4e12-8d19-adbf86176f14,adf111f0-9f7b-42a3-b8d2-509d4f2cc58d,2026-05-08T16:03:12.794695,Custom Deal - BrightStar Inc,37013.88,2026-11-05T01:15:56.794710,de2d46fb-a956-4b96-bc60-115ccf0715a6,2026-04-09T20:08:31.794695,b76f0d06-487f-4c14-97a4-859d3404b661
5b1e1e1d-734e-491a-938a-7a732c0eca46,7179207a-0cc9-48e0-87e1-8cd7d2f9f721,,08e2c083-5688-4c8b-9905-c92cb5524187,4ce83c9d-842a-4e12-8d19-adbf86176f14,44fcc00f-594d-4ff5-a461-9d3ac82ca711,2025-10-20T20:09:04.794720,Premium Deal - Amber Industries,135777.94,2026-05-04T21:52:13.794735,bebdbef1-3be2-4351-a13f-43e46af2a5a2,2025-10-03T02:20:27.794720,34cd9ae9-7de1-4193-9109-53462c16ece9
26eed6b1-24ed-4278-be8e-dc590ff57158,7179207a-0cc9-48e0-87e1-8cd7d2f9f721,f5aceb43-e019-43e7-87e7-f42c37571f3f,,4ce83c9d-842a-4e12-8d19-adbf86176f14,adf111f0-9f7b-42a3-b8d2-509d4f2cc58d,2026-01-12T15:32:03.794745,Enterprise Deal - Steel Bridge,202076.13,2026-09-02T13:18:29.794760,bebdbef1-3be2-4351-a13f-43e46af2a5a2,2025-12-11T20:24:01.794745,1773f9d2-3516-4ff5-9acc-3b6a7b2ce872
f88ef14c-66a5-478f-ba2b-d3d5b9dff1ec,7179207a-0cc9-48e0-87e1-8cd7d2f9f721,6403929e-e9e1-4fc7-bfc5-67cacc109d55,e233713f-7bcd-401a-869d-d61cc5106754,4ce83c9d-842a-4e12-8d19-adbf86176f14,163c8694-7cb3-4521-a5a0-ca5e793bd56e,2026-07-12T08:58:39.794771,Growth Deal - NovaTech Solutions,64492.3,2026-09-28T03:29:18.794786,1773f9d2-3516-4ff5-9acc-3b6a7b2ce872,2025-09-07T06:21:27.794771,e16f7e8e-9f87-481c-a95f-799224a1dd30
98c80dd1-b2b3-4165-97c1-d54a338cfe22,7179207a-0cc9-48e0-87e1-8cd7d2f9f721,b6ffc335-f3a3-4e16-abf6-e5a8d2e81148,,4ce83c9d-842a-4e12-8d19-adbf86176f14,163c8694-7cb3-4521-a5a0-ca5e793bd56e,2026-03-26T23:14:25.794796,Enterprise Deal - Opal Solutions,370596.4,2027-02-01T01:48:36.794811,e52849ba-01bf-4e30-a6ad-e02749ff23a9,2025-11-14T21:37:05.794796,7d137f66-8604-40bf-ba81-6af4667de5ac
5a3ac62e-13f2-40af-b900-8e3281b5be5c,7179207a-0cc9-48e0-87e1-8cd7d2f9f721,0eba9948-850a-46ed-a72e-44489d19df0c,,4ce83c9d-842a-4e12-8d19-adbf86176f14,6ee979bb-8c4e-4255-b39a-ef56528a94f4,2026-07-22T01:52:49.794821,Custom Deal - Coral Health,56623.32,2027-01-23T21:55:22.794837,7d137f66-8604-40bf-ba81-6af4667de5ac,2026-05-29T01:29:20.794821,34cd9ae9-7de1-4193-9109-53462c16ece9
706fb710-ffec-4c8d-b13c-db3293f91924,7179207a-0cc9-48e0-87e1-8cd7d2f9f721,5b0ebfee-8bad-4a67-8794-792cf8601e6d,,4ce83c9d-842a-4e12-8d19-adbf86176f14,44fcc00f-594d-4ff5-a461-9d3ac82ca711,2026-07-22T18:14:41.794847,Premium Deal - Bronze Gate,383885.28,2026-05-30T23:51:31.794862,bebdbef1-3be2-4351-a13f-43e46af2a5a2,2026-07-13T02:02:55.794847,a120de43-c4d0-46d0-8c1a-3b6044216650
689b21ed-7012-4f32-a59c-0fea6174fa0d,7179207a-0cc9-48e0-87e1-8cd7d2f9f721,84f3eafb-1b9e-4581-ac80-6a370e780534,da228045-c0bd-4599-b5e9-02e99256cf9b,4ce83c9d-842a-4e12-8d19-adbf86176f14,adf111f0-9f7b-42a3-b8d2-509d4f2cc58d,2026-04-02T23:36:57.794876,Custom Deal - Onyx Data,386406.51,2027-01-16T01:04:00.794892,e16f7e8e-9f87-481c-a95f-799224a1dd30,2026-03-08T23:49:12.794876,e52849ba-01bf-4e30-a6ad-e02749ff23a9
dfa1fff1-370d-4794-b8c1-29720aaf6f64,7179207a-0cc9-48e0-87e1-8cd7d2f9f721,,,4ce83c9d-842a-4e12-8d19-adbf86176f14,163c8694-7cb3-4521-a5a0-ca5e793bd56e,2026-07-04T02:29:57.794901,Growth Deal - NovaTech Solutions,460211.61,2026-11-29T15:54:12.794916,34cd9ae9-7de1-4193-9109-53462c16ece9,2026-06-27T08:39:15.794901,46cb662a-e863-4194-99df-ab55ff22701c
152075fd-db7f-46b1-b779-69479cd66a91,7179207a-0cc9-48e0-87e1-8cd7d2f9f721,,dbcd7de0-ed40-49ef-b80c-07b4444fd325,4ce83c9d-842a-4e12-8d19-adbf86176f14,adf111f0-9f7b-42a3-b8d2-509d4f2cc58d,2026-07-22T03:40:53.794926,Premium Deal - Atlas Computing,461270.38,2026-11-13T01:01:53.794941,a120de43-c4d0-46d0-8c1a-3b6044216650,2026-07-18T02:55:35.794926,e52849ba-01bf-4e30-a6ad-e02749ff23a9
90d8115f-8253-48ec-8637-160d4f5b9dfb,7179207a-0cc9-48e0-87e1-8cd7d2f9f721,d3efd5ee-9a76-41be-9ddb-35329934046d,3e500625-0f87-4de0-88cf-ba4984e6be1f,4ce83c9d-842a-4e12-8d19-adbf86176f14,0f3f5077-3722-492e-9597-b731770ec559,2026-03-11T04:44:24.794951,Custom Deal - Onyx Data,402843.06,2026-08-13T16:22:09.794971,7d137f66-8604-40bf-ba81-6af4667de5ac,2026-03-05T15:18:40.794951,ece82b98-28d8-4c7e-94ba-1bb820731ba5
85c110aa-5314-4b21-a51d-3838e663eae6,7179207a-0cc9-48e0-87e1-8cd7d2f9f721,76e3753c-260c-49f8-9b56-586b984a0662,008c7be4-4aea-4980-8e16-8cec2993fc2d,4ce83c9d-842a-4e12-8d19-adbf86176f14,0f3f5077-3722-492e-9597-b731770ec559,2026-02-03T07:11:05.794981,Premium Deal - Catalyst Group,190787.39,2026-11-18T07:08:51.794997,8c00e028-41da-4e2c-91bf-e06c6f74595b,2026-01-15T20:05:35.794981,bebdbef1-3be2-4351-a13f-43e46af2a5a2
70ad8447-93f9-41df-a427-911aecbc7291,7179207a-0cc9-48e0-87e1-8cd7d2f9f721,b2a83901-01f5-402a-9745-a97b24d741da,,4ce83c9d-842a-4e12-8d19-adbf86176f14,44fcc00f-594d-4ff5-a461-9d3ac82ca711,2026-06-04T09:57:20.795008,Enterprise Deal - Diamond Edge,421582.47,2026-07-11T10:45:46.795029,1773f9d2-3516-4ff5-9acc-3b6a7b2ce872,2026-05-27T16:09:16.795008,8c00e028-41da-4e2c-91bf-e06c6f74595b
65314f51-d495-4ba3-ba74-e725f8777eb3,7179207a-0cc9-48e0-87e1-8cd7d2f9f721,,,4ce83c9d-842a-4e12-8d19-adbf86176f14,adf111f0-9f7b-42a3-b8d2-509d4f2cc58d,2025-12-13T09:37:32.795038,Growth Deal - Ruby Software,490182.62,2027-01-07T08:12:54.795053,e52849ba-01bf-4e30-a6ad-e02749ff23a9,2025-11-20T21:06:34.795038,a120de43-c4d0-46d0-8c1a-3b6044216650
3c8fe98b-6675-40db-9010-900c2117fa1e,7179207a-0cc9-48e0-87e1-8cd7d2f9f721,cb4dbdaf-e969-45d5-a927-aa3f5daf9f9c,,4ce83c9d-842a-4e12-8d19-adbf86176f14,adf111f0-9f7b-42a3-b8d2-509d4f2cc58d,2026-05-10T14:15:16.795064,Enterprise Deal - Zenith Partners,245632.68,2026-09-11T08:48:00.795079,46cb662a-e863-4194-99df-ab55ff22701c,2026-03-27T06:44:25.795064,ece82b98-28d8-4c7e-94ba-1bb820731ba5
c2a7ee47-ddbc-4cf9-b607-7f46b7c62766,7179207a-0cc9-48e0-87e1-8cd7d2f9f721,,ff4179b4-9b9d-40e3-9ec3-1e0bea70b2df,4ce83c9d-842a-4e12-8d19-adbf86176f14,6ee979bb-8c4e-4255-b39a-ef56528a94f4,2026-04-05T06:37:17.795089,Premium Deal - SwiftScale,343717.44,2026-08-26T06:51:56.795105,02fc8d0f-48ca-4ab5-95da-9f2f51d44e5b,2026-02-21T02:00:21.795089,46cb662a-e863-4194-99df-ab55ff22701c
9d337f7a-a567-4fe7-ac0c-d3efae0e4e81,7179207a-0cc9-48e0-87e1-8cd7d2f9f721,c337b666-3d3d-40f2-8d31-3fffea7ab847,,4ce83c9d-842a-4e12-8d19-adbf86176f14,0f3f5077-3722-492e-9597-b731770ec559,2025-12-25T10:27:31.795114,Custom Deal - Crystal Clear,475275.37,2026-08-15T11:00:41.795130,46cb662a-e863-4194-99df-ab55ff22701c,2025-11-22T12:19:07.795114,02fc8d0f-48ca-4ab5-95da-9f2f51d44e5b
6f660be6-0b38-4b70-bb27-a51674d02c8a,7179207a-0cc9-48e0-87e1-8cd7d2f9f721,a821d337-42ef-42d1-8ec2-30d30b3e5ca7,,4ce83c9d-842a-4e12-8d19-adbf86176f14,0f3f5077-3722-492e-9597-b731770ec559,2026-06-04T18:07:51.795146,Custom Deal - Opal Solutions,389834.47,2026-11-09T17:56:21.795163,1773f9d2-3516-4ff5-9acc-3b6a7b2ce872,2026-05-01T23:04:46.795146,bebdbef1-3be2-4351-a13f-43e46af2a5a2
68d79381-faaf-4927-8b70-46f1e64e59ad,7179207a-0cc9-48e0-87e1-8cd7d2f9f721,4d73a347-e781-4abd-98c5-2929937ec2de,,4ce83c9d-842a-4e12-8d19-adbf86176f14,0f3f5077-3722-492e-9597-b731770ec559,2026-04-16T06:42:06.795173,Growth Deal - Amber Industries,386797.87,2026-10-28T23:09:02.795188,0002ada9-8f33-49a6-b9b4-7aa4a8a79084,2026-03-17T13:34:42.795173,ece82b98-28d8-4c7e-94ba-1bb820731ba5
0b7679fc-4e6d-4232-9321-e1d71ff3020e,7179207a-0cc9-48e0-87e1-8cd7d2f9f721,a5d78dc3-b777-4b07-8082-f44755fa7770,6fd09a47-2143-4822-b6df-41db7775467e,4ce83c9d-842a-4e12-8d19-adbf86176f14,adf111f0-9f7b-42a3-b8d2-509d4f2cc58d,2026-04-22T09:21:09.795198,Enterprise Deal - Topaz Digital,268167.71,2027-01-11T02:51:09.795214,46cb662a-e863-4194-99df-ab55ff22701c,2026-03-12T12:51:02.795198,1773f9d2-3516-4ff5-9acc-3b6a7b2ce872
56f1a53c-2112-4b7e-8f19-44d8628e89ea,7179207a-0cc9-48e0-87e1-8cd7d2f9f721,c1c9fc80-db0d-48f1-ab5b-53b741b480c7,58f5dbc9-efac-4eb8-a7a5-29a44e7c718c,4ce83c9d-842a-4e12-8d19-adbf86176f14,44fcc00f-594d-4ff5-a461-9d3ac82ca711,2026-01-21T19:56:23.795225,Growth Deal - Apex Innovations,233598.68,2026-07-19T01:19:10.795240,7d137f66-8604-40bf-ba81-6af4667de5ac,2025-08-27T21:20:19.795225,e16f7e8e-9f87-481c-a95f-799224a1dd30
8d92300c-b20a-4afe-a5f8-c4fee834fa4d,7179207a-0cc9-48e0-87e1-8cd7d2f9f721,a8380bdd-6628-45df-ba43-04c8ca022844,,4ce83c9d-842a-4e12-8d19-adbf86176f14,163c8694-7cb3-4521-a5a0-ca5e793bd56e,2025-11-29T20:45:52.795251,Custom Deal - EverGreen Solutions,376448.58,2026-12-08T01:56:56.795266,a120de43-c4d0-46d0-8c1a-3b6044216650,2025-11-22T08:19:10.795251,7d137f66-8604-40bf-ba81-6af4667de5ac
355bf839-f7d5-4c9c-a691-2b2713ff5539,7179207a-0cc9-48e0-87e1-8cd7d2f9f721,,0ea2a53b-3e74-4561-856a-5a0154a7f682,4ce83c9d-842a-4e12-8d19-adbf86176f14,adf111f0-9f7b-42a3-b8d2-509d4f2cc58d,2026-07-14T13:07:29.795276,Premium Deal - IronClad Security,74169.65,2027-01-24T02:58:30.795291,1773f9d2-3516-4ff5-9acc-3b6a7b2ce872,2025-11-20T01:44:15.795276,bebdbef1-3be2-4351-a13f-43e46af2a5a2
73cb7c99-1a30-44af-8f9e-65183e7bdafa,7179207a-0cc9-48e0-87e1-8cd7d2f9f721,6facbf99-2e9f-4b6a-9f0a-f7624bd03fdf,dbcd7de0-ed40-49ef-b80c-07b4444fd325,4ce83c9d-842a-4e12-8d19-adbf86176f14,163c8694-7cb3-4521-a5a0-ca5e793bd56e,2026-07-05T17:55:45.795301,Enterprise Deal - Platinum Partners,281089.25,2026-09-18T04:48:36.795321,ece82b98-28d8-4c7e-94ba-1bb820731ba5,2026-05-08T14:21:03.795301,02fc8d0f-48ca-4ab5-95da-9f2f51d44e5b
7c636f72-b910-4754-97af-92ccee3f7cd2,7179207a-0cc9-48e0-87e1-8cd7d2f9f721,7d45f617-33b0-48bb-b955-8a6337093661,81b11d4f-9c38-44f7-9683-ffa6d79128ce,4ce83c9d-842a-4e12-8d19-adbf86176f14,6ee979bb-8c4e-4255-b39a-ef56528a94f4,2026-01-16T22:38:52.795336,Starter Deal - Fusion Analytics,291367.48,2026-12-06T09:19:37.795352,1773f9d2-3516-4ff5-9acc-3b6a7b2ce872,2025-11-22T15:57:48.795336,34cd9ae9-7de1-4193-9109-53462c16ece9
d7cfc48a-8ba9-4329-b226-2ba8e60b8b44,7179207a-0cc9-48e0-87e1-8cd7d2f9f721,5640c895-9b74-4069-94bb-bf4c1e2f5048,d42acc6e-12b7-4e5e-96c1-5f1ac22ce870,4ce83c9d-842a-4e12-8d19-adbf86176f14,6ee979bb-8c4e-4255-b39a-ef56528a94f4,2025-12-23T07:21:17.795362,Starter Deal - Platinum Partners,451047.66,2026-11-26T00:01:18.795377,b76f0d06-487f-4c14-97a4-859d3404b661,2025-11-26T15:32:54.795362,8c00e028-41da-4e2c-91bf-e06c6f74595b
2d80020a-ca1a-4767-9e00-b33d5ccb2abb,7179207a-0cc9-48e0-87e1-8cd7d2f9f721,7d1747e0-ffaf-4a61-b5e4-fa761000f707,f521cf06-9552-4e4d-b03c-e9e501b1ab36,4ce83c9d-842a-4e12-8d19-adbf86176f14,6ee979bb-8c4e-4255-b39a-ef56528a94f4,2026-04-21T18:10:12.795387,Premium Deal - Ruby Software,38816.29,2026-09-07T16:54:17.795403,e16f7e8e-9f87-481c-a95f-799224a1dd30,2026-03-18T12:31:33.795387,a120de43-c4d0-46d0-8c1a-3b6044216650
d8f93ed6-a481-4fc7-8823-4fa85f08b18a,7179207a-0cc9-48e0-87e1-8cd7d2f9f721,fa01fc5d-ffbe-48cb-ab34-a819544baf5f,,4ce83c9d-842a-4e12-8d19-adbf86176f14,adf111f0-9f7b-42a3-b8d2-509d4f2cc58d,2026-07-11T20:42:49.795416,Growth Deal - Prism Technologies,490634.53,2027-01-16T14:26:48.795432,e16f7e8e-9f87-481c-a95f-799224a1dd30,2026-01-22T06:44:48.795416,8c00e028-41da-4e2c-91bf-e06c6f74595b
ca51c996-47a5-41aa-b128-3b6177f282b2,7179207a-0cc9-48e0-87e1-8cd7d2f9f721,60e45b45-79ed-446a-8bad-e8abc3ba2f60,008c7be4-4aea-4980-8e16-8cec2993fc2d,4ce83c9d-842a-4e12-8d19-adbf86176f14,6ee979bb-8c4e-4255-b39a-ef56528a94f4,2026-07-27T11:00:25.795443,Premium Deal - RedRock Ventures,274197.68,2026-11-21T05:41:35.795458,de2d46fb-a956-4b96-bc60-115ccf0715a6,2026-06-19T08:47:31.795443,b76f0d06-487f-4c14-97a4-859d3404b661
73320695-8aaa-4fec-9a9b-304bcdfd6b28,7179207a-0cc9-48e0-87e1-8cd7d2f9f721,,8053dbd2-d8d5-489c-b81f-8b5dcd0b03a8,4ce83c9d-842a-4e12-8d19-adbf86176f14,6ee979bb-8c4e-4255-b39a-ef56528a94f4,2026-01-28T10:38:10.795468,Premium Deal - Cobalt Systems,114809.19,2026-11-25T09:38:36.795483,34cd9ae9-7de1-4193-9109-53462c16ece9,2025-10-24T08:06:53.795468,b76f0d06-487f-4c14-97a4-859d3404b661
f548eb2a-6cb1-454d-bde9-22e0b26b9cac,7179207a-0cc9-48e0-87e1-8cd7d2f9f721,977fca4f-5374-49fd-9861-08b008cee971,7ded945e-3181-44f4-a622-270df46969a5,4ce83c9d-842a-4e12-8d19-adbf86176f14,91718b5b-2d79-4152-84fa-45b6bf72a72b,2026-05-24T00:45:19.795494,Custom Deal - Forge Industries,196682.14,2026-06-03T12:22:16.795509,de2d46fb-a956-4b96-bc60-115ccf0715a6,2025-10-27T23:23:08.795494,a120de43-c4d0-46d0-8c1a-3b6044216650
0cef661b-528f-4c8e-ad18-52fb9ca121b2,7179207a-0cc9-48e0-87e1-8cd7d2f9f721,d2641627-22e4-42c5-9c8e-567e9c22adc9,,4ce83c9d-842a-4e12-8d19-adbf86176f14,adf111f0-9f7b-42a3-b8d2-509d4f2cc58d,2025-11-05T04:51:24.795520,Enterprise Deal - Jade Consulting,89900.33,2026-11-02T12:31:09.795535,02fc8d0f-48ca-4ab5-95da-9f2f51d44e5b,2025-09-19T11:17:27.795520,1773f9d2-3516-4ff5-9acc-3b6a7b2ce872
7130e864-ae03-4e7f-80c4-ec1b139318d0,7179207a-0cc9-48e0-87e1-8cd7d2f9f721,,2c304626-aca0-47ad-900d-6a9ddc53befd,4ce83c9d-842a-4e12-8d19-adbf86176f14,163c8694-7cb3-4521-a5a0-ca5e793bd56e,2026-05-03T06:08:02.795545,Enterprise Deal - Coral Health,86750.69,2026-11-18T08:01:44.795560,ece82b98-28d8-4c7e-94ba-1bb820731ba5,2026-02-19T02:05:05.795545,34cd9ae9-7de1-4193-9109-53462c16ece9
6b58d8e1-5a38-4f02-81ec-c8b8428e0e63,7179207a-0cc9-48e0-87e1-8cd7d2f9f721,4f11d639-6d95-40d8-8426-6eaa538657b3,,4ce83c9d-842a-4e12-8d19-adbf86176f14,0f3f5077-3722-492e-9597-b731770ec559,2026-04-24T02:11:46.795570,Starter Deal - Ember Labs,16812.16,2026-10-20T19:16:37.795586,02fc8d0f-48ca-4ab5-95da-9f2f51d44e5b,2026-01-18T04:54:25.795570,de2d46fb-a956-4b96-bc60-115ccf0715a6
77da28ec-27bd-4599-bbe1-a2d4bc13ca82,7179207a-0cc9-48e0-87e1-8cd7d2f9f721,,5e2e6f57-97fa-453a-9d01-69972d053154,4ce83c9d-842a-4e12-8d19-adbf86176f14,163c8694-7cb3-4521-a5a0-ca5e793bd56e,2026-08-04T06:43:07.795596,Custom Deal - SilverLine Corp,200102.75,2026-12-25T00:02:11.795611,a120de43-c4d0-46d0-8c1a-3b6044216650,2026-05-13T19:37:50.795596,b76f0d06-487f-4c14-97a4-859d3404b661
4caf741a-e130-4f65-bca2-02b64f10598f,7179207a-0cc9-48e0-87e1-8cd7d2f9f721,0de6a185-b2ec-4152-91d9-b4250eb4e362,,4ce83c9d-842a-4e12-8d19-adbf86176f14,adf111f0-9f7b-42a3-b8d2-509d4f2cc58d,2026-05-12T21:50:19.795621,Growth Deal - Crystal Clear,392639.18,2026-11-19T21:47:25.795636,bebdbef1-3be2-4351-a13f-43e46af2a5a2,2025-12-03T23:59:01.795621,02fc8d0f-48ca-4ab5-95da-9f2f51d44e5b
d335c33d-bac3-4cb3-a99a-65daec5d8158,7179207a-0cc9-48e0-87e1-8cd7d2f9f721,d7832fd5-f561-43ee-ba57-2328f8b31e1d,,4ce83c9d-842a-4e12-8d19-adbf86176f14,6ee979bb-8c4e-4255-b39a-ef56528a94f4,2026-06-07T09:13:36.795646,Enterprise Deal - Prism Technologies,377011.74,2026-10-28T05:14:34.795661,ded2cebc-b69e-4191-9d44-4929e9d428d1,2026-03-11T11:34:16.795646,0002ada9-8f33-49a6-b9b4-7aa4a8a79084
f6ccd650-d4f2-4e49-a9dd-48bbc98abb99,7179207a-0cc9-48e0-87e1-8cd7d2f9f721,,fc7212d9-0d9c-4597-91d1-b0cdedc6a344,4ce83c9d-842a-4e12-8d19-adbf86176f14,91718b5b-2d79-4152-84fa-45b6bf72a72b,2026-02-26T05:53:10.795695,Custom Deal - CloudPeak Analytics,209257.65,2026-05-12T01:29:38.795712,7d137f66-8604-40bf-ba81-6af4667de5ac,2026-01-27T02:54:25.795695,0002ada9-8f33-49a6-b9b4-7aa4a8a79084
9e62e65c-4cdf-4400-95f6-b03a352642e6,7179207a-0cc9-48e0-87e1-8cd7d2f9f721,b0b5f243-1b6e-43ea-a3f3-99d6ffb17152,9ba0b040-52b7-49b9-ba62-48b920c913e9,4ce83c9d-842a-4e12-8d19-adbf86176f14,adf111f0-9f7b-42a3-b8d2-509d4f2cc58d,2026-05-30T22:28:14.795729,Custom Deal - Atlas Computing,57967.64,2027-01-07T08:01:17.795745,e16f7e8e-9f87-481c-a95f-799224a1dd30,2025-11-01T11:36:06.795729,02fc8d0f-48ca-4ab5-95da-9f2f51d44e5b
5c8bda4b-b9a1-4290-b17c-6ab2ba3f419e,7179207a-0cc9-48e0-87e1-8cd7d2f9f721,146d42a0-702f-4292-9ddc-77d90c6742c9,,4ce83c9d-842a-4e12-8d19-adbf86176f14,163c8694-7cb3-4521-a5a0-ca5e793bd56e,2026-08-05T13:25:33.795808,Custom Deal - RedRock Ventures,45899.24,2026-09-21T01:19:27.795847,8c00e028-41da-4e2c-91bf-e06c6f74595b,2025-12-26T16:00:35.795808,a120de43-c4d0-46d0-8c1a-3b6044216650
3dbdd091-71ed-4087-a20f-01fa4c01572c,7179207a-0cc9-48e0-87e1-8cd7d2f9f721,3ad75c2d-6921-4b89-826a-963a848b1d25,,4ce83c9d-842a-4e12-8d19-adbf86176f14,44fcc00f-594d-4ff5-a461-9d3ac82ca711,2026-05-18T05:00:33.795859,Starter Deal - Silver Stream,449890.84,2026-05-14T23:50:20.795875,46cb662a-e863-4194-99df-ab55ff22701c,2026-04-01T05:20:07.795859,a120de43-c4d0-46d0-8c1a-3b6044216650
d2570b6b-3ca2-491f-8b8c-423aec89da65,7179207a-0cc9-48e0-87e1-8cd7d2f9f721,,3e500625-0f87-4de0-88cf-ba4984e6be1f,4ce83c9d-842a-4e12-8d19-adbf86176f14,163c8694-7cb3-4521-a5a0-ca5e793bd56e,2026-02-19T02:17:34.795885,Growth Deal - Sterling Finance,101253.01,2026-08-31T14:58:55.795900,8c00e028-41da-4e2c-91bf-e06c6f74595b,2026-01-22T07:25:32.795885,bebdbef1-3be2-4351-a13f-43e46af2a5a2
6fe5ca92-5618-4530-8032-70e178ade3a2,7179207a-0cc9-48e0-87e1-8cd7d2f9f721,81e3c152-cd7b-41a7-b1b9-2db19bc7e759,2c304626-aca0-47ad-900d-6a9ddc53befd,4ce83c9d-842a-4e12-8d19-adbf86176f14,163c8694-7cb3-4521-a5a0-ca5e793bd56e,2026-05-02T04:36:02.795912,Custom Deal - Platinum Partners,481229.84,2026-12-24T17:51:54.795931,1773f9d2-3516-4ff5-9acc-3b6a7b2ce872,2025-12-13T03:29:11.795912,8c00e028-41da-4e2c-91bf-e06c6f74595b
849d1087-5a65-4940-a54f-d4a5a4afd221,7179207a-0cc9-48e0-87e1-8cd7d2f9f721,3474a288-0219-4fbf-89db-68a9ba55c0c7,,4ce83c9d-842a-4e12-8d19-adbf86176f14,6ee979bb-8c4e-4255-b39a-ef56528a94f4,2026-07-18T17:14:47.795941,Growth Deal - Horizon Media,67671.7,2026-12-27T09:42:58.795957,7d137f66-8604-40bf-ba81-6af4667de5ac,2025-11-06T22:47:49.795941,0002ada9-8f33-49a6-b9b4-7aa4a8a79084
