id,tenant_id,contact_id,company_id,invoice_number,title,status,issue_date,due_date,sent_at,paid_at,subtotal,tax_rate,tax_amount,total_amount,amount_paid,balance_due,currency,notes,deal_id,created_at,created_by
e2dc0301-5066-4dd3-9559-267a8dab9a7e,6e2684b5-dd18-4549-8440-7276b577d2b5,351e99a3-4bd1-47fb-babd-78be7c06e40f,,INV-000001,Invoice for Products,paid,2025-12-29,2027-01-04,2026-03-04T23:04:15.294307,2026-05-01T13:47:55.294315,15857.35,15,2378.6,18235.95,18235.95,0,USD,Thank you for your business!,ce945e74-8186-4a66-a329-7d82c511c2e8,2026-04-03T12:25:15.294324,
ac81a18f-dc4b-4073-bc38-2300c6cade6a,6e2684b5-dd18-4549-8440-7276b577d2b5,87e21d33-65e0-4e6e-860b-b800f12c05f3,2d8d64a3-6c97-4b0d-b85e-8ac092bf57a2,INV-000002,Invoice for Support,cancelled,2025-12-27,2026-11-14,2026-04-12T11:26:37.294363,,55409.55,20,11081.91,66491.46,0,66491.46,USD,,f11df604-5513-489d-92ec-c699e194b4d0,2026-07-11T16:18:53.294371,
4b1c5b6e-403b-4730-9a04-388bac933633,6e2684b5-dd18-4549-8440-7276b577d2b5,1ea4e9c5-8770-4b4d-90ef-f0f1c32c9dce,761b19ac-ba7b-4c51-9962-76627ebf2a68,INV-000003,Invoice for Support,sent,2026-05-15,2026-11-09,2026-06-12T05:18:58.294404,,6651.59,5,332.58,6984.17,0,6984.17,USD,,,2025-12-21T05:21:35.294411,
44911cd9-bf2e-40de-afc7-28f6f6f084b7,6e2684b5-dd18-4549-8440-7276b577d2b5,,337909c4-a41f-41e2-8439-8492f3575057,INV-000004,Invoice for Consulting,cancelled,2025-10-13,2027-02-03,2026-06-27T09:31:15.294441,,34147.93,0,0.0,34147.93,0,34147.93,USD,Thank you for your business!,,2026-04-05T20:23:24.294457,
10389a90-d7f4-4d58-8fdc-4e78b6c042f4,6e2684b5-dd18-4549-8440-7276b577d2b5,,,INV-000005,Invoice for Products,partial,2025-11-27,2026-08-21,2026-06-13T02:34:59.294485,,57673.96,15,8651.09,66325.05,33162.525,33162.525,USD,,,2025-09-07T08:25:19.294492,
8c2eff46-2e05-4674-b7e3-2bc1f8689994,6e2684b5-dd18-4549-8440-7276b577d2b5,,,INV-000006,Invoice for Products,draft,2026-07-27,2026-12-04,,,4823.32,20,964.66,5787.98,0,5787.98,USD,Thank you for your business!,,2026-04-15T03:35:09.294522,
2252b577-74ed-49aa-b0ce-5cdca545e7d5,6e2684b5-dd18-4549-8440-7276b577d2b5,be07e934-6e44-40ac-b535-ae9932920e60,59147001-5885-4696-8b40-6ad538b9654e,INV-000007,Invoice for Support,paid,2026-03-17,2026-10-10,2026-04-24T06:30:13.294553,2026-06-03T17:20:08.294559,29738.8,0,0.0,29738.8,29738.8,0,USD,,95ec267f-7174-4e0d-9fea-cd3ee343197f,2025-09-26T07:32:30.294566,
693930b9-7b0a-443d-9130-1ace86bf1279,6e2684b5-dd18-4549-8440-7276b577d2b5,,,INV-000008,Invoice for Consulting,viewed,2025-09-18,2026-10-04,2026-03-22T22:01:41.294605,,28156.52,8,2252.52,30409.04,0,30409.04,USD,Thank you for your business!,,2025-08-14T06:47:06.294611,
43750c0d-1f2e-4361-8abb-0c1ffc0019dc,6e2684b5-dd18-4549-8440-7276b577d2b5,549d0f9a-6df4-49f0-9d02-07d0be199e91,,INV-000009,Invoice for Services,overdue,2026-02-08,2026-10-07,2026-02-18T17:39:02.294642,,18792.16,20,3758.43,22550.59,0,22550.59,USD,Thank you for your business!,,2026-02-27T00:51:05.294649,
e3a57b64-fca7-4cef-a57d-d6e14827005f,6e2684b5-dd18-4549-8440-7276b577d2b5,,,INV-000010,Invoice for Consulting,draft,2025-09-09,2026-12-04,,,91231.55,20,18246.31,109477.86,0,109477.86,USD,Thank you for your business!,,2026-04-17T20:29:50.294677,
e20012ad-591b-4c7a-9941-e2fa4db22412,6e2684b5-dd18-4549-8440-7276b577d2b5,bdcafb79-1bea-4677-aca4-844409b84df7,f23b36be-4195-47bf-9834-21cb07ea153a,INV-000011,Invoice for Support,draft,2026-03-28,2026-11-17,,,95770.46,10,9577.05,105347.51,0,105347.51,USD,,,2025-09-22T21:10:17.294708,
315fc754-d45b-43a8-9eda-626b09023521,6e2684b5-dd18-4549-8440-7276b577d2b5,a9b353b0-9c6b-411f-8724-e3ee669f971f,f622b1bc-12e3-45d2-830a-6236b4572c59,INV-000012,Invoice for Consulting,viewed,2026-08-07,2026-11-17,2026-02-10T00:45:30.294737,,9738.75,8,779.1,10517.85,0,10517.85,USD,Thank you for your business!,8485e91c-863b-478c-ac69-0347e42321c1,2026-05-22T21:51:06.294745,
bd6309a1-1c9f-4515-9c5b-bb54b7515289,6e2684b5-dd18-4549-8440-7276b577d2b5,ddd71966-a373-44fa-97e2-af2949d3a469,946866ba-69f9-4f60-8f10-3d15e73e9a77,INV-000013,Invoice for Subscription,partial,2026-05-16,2027-01-17,2026-02-15T04:20:37.294773,,1527.98,5,76.4,1604.38,802.19,802.19,USD,,a4614494-0ac8-4e90-b1ef-0d59d9887569,2025-09-11T19:16:32.294794,
e2044106-05fd-486b-b5e1-8e7740cfa175,6e2684b5-dd18-4549-8440-7276b577d2b5,,,INV-000014,Invoice for Subscription,viewed,2026-06-25,2026-10-06,2026-03-02T07:13:58.294822,,86900.94,20,17380.19,104281.13,0,104281.13,USD,Thank you for your business!,,2025-10-14T09:59:01.294828,
8449e0dd-7925-448a-9f92-e92e2e24f96c,6e2684b5-dd18-4549-8440-7276b577d2b5,f93948c9-bac9-4a14-8ae8-c506b60f2c92,,INV-000015,Invoice for Support,paid,2025-10-19,2026-11-13,2026-02-07T05:20:21.294855,2026-08-06T04:52:22.294861,30736.88,15,4610.53,35347.41,35347.41,0,USD,Thank you for your business!,,2026-01-25T17:22:39.294867,
15a036b6-8471-4cb9-8df9-89a54a68b83e,6e2684b5-dd18-4549-8440-7276b577d2b5,,,INV-000016,Invoice for Support,cancelled,2026-03-02,2026-09-10,2026-04-12T04:57:28.294896,,33757.49,15,5063.62,38821.11,0,38821.11,USD,,,2026-05-02T21:16:37.294902,
4fd2ef1c-3085-40b3-8a92-465fd71e1769,6e2684b5-dd18-4549-8440-7276b577d2b5,,,INV-000017,Invoice for Services,paid,2026-04-19,2026-12-13,2026-08-03T17:33:31.294933,2026-05-16T21:40:10.294938,42670.45,8,3413.64,46084.09,46084.09,0,USD,,8477f768-f06d-451d-874e-c73bab195681,2026-02-26T08:04:36.294944,
b4430cd4-342a-4a11-ba3a-2b0081be95eb,6e2684b5-dd18-4549-8440-7276b577d2b5,432cc84e-ff25-414d-a65f-a6e6e035beac,,INV-000018,Invoice for Consulting,cancelled,2025-11-07,2027-02-01,2026-08-05T02:00:33.294972,,87023.42,5,4351.17,91374.59,0,91374.59,USD,Thank you for your business!,6f025c8f-bbf4-4ad9-b8a8-cf2d9fa8a15b,2026-01-23T06:35:22.294979,
b2e12197-3fa0-4554-874d-2fd94b392705,6e2684b5-dd18-4549-8440-7276b577d2b5,ddd61e47-cd4b-4ad8-991e-2d55fc48b155,ad9a280d-fbd8-480c-aa40-8b5cb910a46d,INV-000019,Invoice for Consulting,paid,2026-06-08,2026-11-21,2026-04-24T11:24:14.295008,2026-04-28T01:56:09.295013,96177.1,0,0.0,96177.1,96177.1,0,USD,,,2026-03-11T07:57:58.295019,
8b4ce929-5bb1-4a35-a1b0-9bc911446089,6e2684b5-dd18-4549-8440-7276b577d2b5,,,INV-000020,Invoice for Support,paid,2025-08-15,2026-11-22,2026-07-02T16:36:07.295044,2026-04-26T17:37:05.295050,87096.56,7.5,6532.24,93628.8,93628.8,0,USD,Thank you for your business!,,2025-08-25T02:18:01.295055,
38f5d2bb-dd2a-465d-8068-343456966300,6e2684b5-dd18-4549-8440-7276b577d2b5,1af72ef1-e1eb-4f24-a7a4-d83518861ef9,,INV-000021,Invoice for Consulting,overdue,2025-08-24,2026-11-16,2026-06-02T06:12:08.295082,,15748.68,5,787.43,16536.11,0,16536.11,USD,Thank you for your business!,,2026-07-06T07:28:18.295088,
fb1f3794-3aa8-4a43-b271-48c25936771f,6e2684b5-dd18-4549-8440-7276b577d2b5,,978890c1-29da-4d53-b8e1-b3da2c6dd03c,INV-000022,Invoice for Consulting,draft,2025-10-15,2026-10-24,,,52051.67,5,2602.58,54654.25,0,54654.25,USD,,,2026-07-26T20:50:56.295115,
a3356208-6914-40fb-a580-d3c5aa676203,6e2684b5-dd18-4549-8440-7276b577d2b5,,,INV-000023,Invoice for Products,draft,2026-01-12,2026-11-30,,,63005.81,10,6300.58,69306.39,0,69306.39,USD,Thank you for your business!,,2026-07-15T19:25:45.295141,
8f811ae9-15e9-4469-abbe-874ce09bf30c,6e2684b5-dd18-4549-8440-7276b577d2b5,05a1ee9e-2fb1-45ee-8336-603a519a95a0,c244bb6a-aae2-4c38-a178-9d130f6b3782,INV-000024,Invoice for Subscription,overdue,2026-03-30,2027-02-03,2026-02-25T00:32:05.295168,,76598.08,15,11489.71,88087.79,0,88087.79,USD,Thank you for your business!,,2026-04-19T08:34:06.295174,
b3d32942-7ca7-47e2-95bb-430bdeaa1669,6e2684b5-dd18-4549-8440-7276b577d2b5,eec170a8-9fdb-4a66-8fe5-3f325746b843,,INV-000025,Invoice for Consulting,partial,2025-10-19,2027-01-04,2026-06-04T16:45:59.295200,,25267.35,7.5,1895.05,27162.4,13581.2,13581.2,USD,Thank you for your business!,,2026-02-18T20:20:13.295206,
878c0d60-22f3-4cad-bb57-ca55eb4a05c7,6e2684b5-dd18-4549-8440-7276b577d2b5,04760c87-898c-4abc-8e26-3c826027ba48,,INV-000026,Invoice for Support,cancelled,2026-05-21,2026-10-24,2026-04-01T03:36:11.295233,,47874.64,20,9574.93,57449.57,0,57449.57,USD,Thank you for your business!,,2026-01-18T05:06:23.295239,
2e74121e-1af4-46e5-ba0a-bb4dc5431a4b,6e2684b5-dd18-4549-8440-7276b577d2b5,,,INV-000027,Invoice for Support,sent,2026-05-28,2027-01-25,2026-04-14T20:39:18.295264,,83281.04,15,12492.16,95773.2,0,95773.2,USD,Thank you for your business!,,2025-09-26T02:36:46.295271,
2f73c408-143c-410a-b089-c72835c3f085,6e2684b5-dd18-4549-8440-7276b577d2b5,,,INV-000028,Invoice for Products,partial,2025-09-06,2027-01-29,2026-02-17T11:06:48.295296,,15383.19,20,3076.64,18459.83,9229.915,9229.915,USD,Thank you for your business!,,2026-07-27T14:11:11.295302,
d5d47d9a-eff3-41d7-9093-427371002fed,6e2684b5-dd18-4549-8440-7276b577d2b5,97d3ece4-f0af-4c20-ae57-51d9657dde74,,INV-000029,Invoice for Products,paid,2026-06-15,2026-10-30,2026-03-21T14:46:37.295329,2026-07-01T12:51:45.295334,34833.39,10,3483.34,38316.73,38316.73,0,USD,Thank you for your business!,,2026-02-01T20:05:34.295344,
90845ed2-f1b9-43b0-8692-78d3a583d53c,6e2684b5-dd18-4549-8440-7276b577d2b5,720d0919-e684-4e39-a0b4-f1f26d9d82a0,,INV-000030,Invoice for Services,partial,2025-12-01,2026-10-06,2026-05-21T10:57:51.295371,,7671.57,20,1534.31,9205.88,4602.94,4602.94,USD,Thank you for your business!,08583efa-96e7-4df4-bf43-b3edcf208435,2026-01-24T22:48:16.295377,
f0c43896-cdb0-4611-8068-e46379422a09,6e2684b5-dd18-4549-8440-7276b577d2b5,,,INV-000031,Invoice for Support,cancelled,2026-01-26,2026-11-19,2026-04-20T04:36:47.295402,,91907.35,8,7352.59,99259.94,0,99259.94,USD,Thank you for your business!,,2026-01-09T12:14:12.295409,
e701a4f4-d776-4895-be41-264a20629153,6e2684b5-dd18-4549-8440-7276b577d2b5,,59147001-5885-4696-8b40-6ad538b9654e,INV-000032,Invoice for Services,paid,2026-04-30,2026-10-19,2026-06-01T11:34:48.295438,2026-06-02T03:20:23.295443,88388.54,10,8838.85,97227.39,97227.39,0,USD,Thank you for your business!,,2026-01-01T22:36:37.295455,
be52930a-095e-4f8d-a022-16374080a36f,6e2684b5-dd18-4549-8440-7276b577d2b5,df6185fa-d304-43c1-a313-a0ac2bcda2b5,,INV-000033,Invoice for Products,sent,2026-04-27,2026-08-09,2026-06-02T04:56:50.295483,,44171.62,20,8834.32,53005.94,0,53005.94,USD,Thank you for your business!,d086b9c6-6743-47fe-bad3-1464e579fc2d,2026-07-27T04:23:22.295490,
279d246f-e1fc-4673-9daf-0a9d6e70bfec,6e2684b5-dd18-4549-8440-7276b577d2b5,,e0b92913-5a14-44a2-9a62-8b07fa229d72,INV-000034,Invoice for Subscription,viewed,2025-08-14,2026-10-28,2026-03-24T03:32:18.295517,,83245.68,8,6659.65,89905.33,0,89905.33,USD,Thank you for your business!,2ab19b11-a072-4689-9f38-da9d486239e6,2026-05-13T02:22:09.295524,
65f2b018-270b-41d8-9703-147df3c4ef92,6e2684b5-dd18-4549-8440-7276b577d2b5,ddbeface-b7bb-464d-a99c-cc8f0e137d29,,INV-000035,Invoice for Products,partial,2026-04-17,2026-12-26,2026-06-01T03:43:56.295551,,24316.27,0,0.0,24316.27,12158.135,12158.135,USD,,,2025-12-11T06:28:21.295557,
aebe4c34-c4df-472e-9417-07275dbb4b5c,6e2684b5-dd18-4549-8440-7276b577d2b5,4fe0ef2a-9134-4bb6-8503-4823304aa291,,INV-000036,Invoice for Services,paid,2026-05-16,2026-11-15,2026-07-07T01:03:02.295584,2026-07-17T18:40:25.295589,39922.98,15,5988.45,45911.43,45911.43,0,USD,,,2026-05-05T23:10:31.295595,
29be55c3-0dc7-4564-bfb7-393b20974e26,6e2684b5-dd18-4549-8440-7276b577d2b5,1962fb86-9ed2-4ab5-b524-6c26793c468d,,INV-000037,Invoice for Services,partial,2025-10-21,2026-08-12,2026-03-11T10:30:02.295621,,39069.21,20,7813.84,46883.05,23441.525,23441.525,USD,Thank you for your business!,,2025-11-21T11:00:07.295627,
bb648c0a-e459-4415-8e71-769032921ce4,6e2684b5-dd18-4549-8440-7276b577d2b5,41f3a9ea-8b14-47fd-8258-b76ffe286056,b94f9688-e7d0-462f-b6f8-54ff566da376,INV-000038,Invoice for Services,sent,2026-01-11,2026-12-13,2026-04-03T23:50:06.295660,,66488.0,20,13297.6,79785.6,0,79785.6,USD,,36dbdfce-9e96-48b7-b810-e4d884b35f19,2026-05-13T16:15:11.295666,
a3090775-3a7f-4fbe-9bd3-0cb5b63f2752,6e2684b5-dd18-4549-8440-7276b577d2b5,,86bdc4ca-1819-4b62-b999-7adfcaba9f4a,INV-000039,Invoice for Support,overdue,2026-03-15,2026-12-25,2026-07-09T07:35:31.295692,,58040.59,10,5804.06,63844.65,0,63844.65,USD,Thank you for your business!,,2026-01-20T06:09:47.295699,
26fb665b-5b2a-4b7b-add2-22da2b4cae5d,6e2684b5-dd18-4549-8440-7276b577d2b5,,a556b077-0c31-44cc-b5af-201781a75f8d,INV-000040,Invoice for Consulting,overdue,2026-07-09,2026-10-31,2026-03-27T00:50:37.295725,,73130.94,0,0.0,73130.94,0,73130.94,USD,Thank you for your business!,,2026-07-13T23:06:48.295731,
734386fb-4fc9-409d-914a-66b6cfdd87e6,6e2684b5-dd18-4549-8440-7276b577d2b5,,,INV-000041,Invoice for Support,partial,2026-05-15,2026-11-26,2026-07-22T11:45:10.295781,,83887.47,20,16777.49,100664.96,50332.48,50332.48,USD,Thank you for your business!,fd91ca40-5530-4a9a-9a6f-43eb6e42c371,2025-12-10T06:58:11.295788,
e4642150-1432-4a05-acc3-747d7b1aad6d,6e2684b5-dd18-4549-8440-7276b577d2b5,b78d9a01-eed2-4893-a0e4-7dd5b46a28de,,INV-000042,Invoice for Services,partial,2025-08-30,2026-12-19,2026-05-09T06:08:47.295816,,48805.5,20,9761.1,58566.6,29283.3,29283.3,USD,,d9b7731f-f463-428c-bcea-1cf929f2ae03,2026-04-22T06:38:40.295823,
2c5016e3-10da-44a9-90ba-c222caac0a54,6e2684b5-dd18-4549-8440-7276b577d2b5,,946866ba-69f9-4f60-8f10-3d15e73e9a77,INV-000043,Invoice for Support,overdue,2025-08-16,2026-12-18,2026-03-01T05:29:12.295896,,12932.49,0,0.0,12932.49,0,12932.49,USD,Thank you for your business!,,2026-04-04T07:51:20.295908,
9c54f6a4-f1bc-434c-ba26-7016fff69d04,6e2684b5-dd18-4549-8440-7276b577d2b5,f92e5ac5-50e0-4fd9-841e-21583956c96d,f98d4b47-761c-47b0-b962-fa7f8e102ad0,INV-000044,Invoice for Services,draft,2026-02-27,2027-01-09,,,5301.39,8,424.11,5725.5,0,5725.5,USD,,153129ed-e7e0-4201-ad41-5a03d56d2fce,2026-07-26T19:38:42.295968,
fc3bad3e-08ea-44cf-8782-83dddd7dc669,6e2684b5-dd18-4549-8440-7276b577d2b5,140861f2-c32b-473b-8427-1239b92e30c5,348fb924-00ad-4daa-b665-13e5836e2f29,INV-000045,Invoice for Support,partial,2026-03-16,2026-10-20,2026-04-12T17:55:53.296012,,83197.82,5,4159.89,87357.71,43678.855,43678.855,USD,Thank you for your business!,,2026-03-19T07:13:33.296019,
bd05598a-8161-476d-81f9-21c8eedce08a,6e2684b5-dd18-4549-8440-7276b577d2b5,695bc090-4938-4a2f-8626-f49a5a3d1b48,,INV-000046,Invoice for Services,viewed,2025-10-13,2026-08-17,2026-02-25T13:12:56.296052,,80402.4,5,4020.12,84422.52,0,84422.52,USD,Thank you for your business!,,2026-07-05T22:26:40.296058,
56ca012d-0708-47ad-a3b0-55d5a46c0836,6e2684b5-dd18-4549-8440-7276b577d2b5,150d7a23-448c-437e-b2e3-98b85cb3757b,,INV-000047,Invoice for Services,partial,2025-09-09,2026-11-04,2026-03-01T12:06:50.296090,,24947.36,7.5,1871.05,26818.41,13409.205,13409.205,USD,Thank you for your business!,fd9794c2-84f2-470d-8b33-1a08c1322994,2025-12-19T20:45:32.296097,
cc4deff4-2c2c-4f9b-9eec-a860686a313f,6e2684b5-dd18-4549-8440-7276b577d2b5,51306db0-cd6a-4e20-bce6-aa4ce95a5182,,INV-000048,Invoice for Services,partial,2026-02-11,2026-09-12,2026-06-08T02:48:29.296133,,71487.67,20,14297.53,85785.2,42892.6,42892.6,USD,,,2026-02-09T19:38:58.296139,
80d8c9b2-8474-40ed-8ed9-9ca55f959c94,6e2684b5-dd18-4549-8440-7276b577d2b5,c4c59c67-fd27-4ba3-b5bc-b9555448523d,,INV-000049,Invoice for Support,paid,2025-12-23,2026-11-14,2026-05-24T16:17:27.296167,2026-07-09T19:05:51.296173,12476.5,7.5,935.74,13412.24,13412.24,0,USD,Thank you for your business!,,2026-04-21T08:51:38.296178,
d7da8695-c813-4d3d-a3c5-9f70d118b938,6e2684b5-dd18-4549-8440-7276b577d2b5,91d82b62-0c53-4440-a514-7288b8d4faad,25ddab4f-17af-4a60-8271-5e51c32a0af7,INV-000050,Invoice for Support,overdue,2025-10-02,2026-12-12,2026-06-10T09:18:17.296206,,12511.48,15,1876.72,14388.2,0,14388.2,USD,,90b2a694-9f22-4847-b089-0ec19c62e325,2026-06-29T10:12:03.296213,
9f2796d4-dedb-481f-8b6e-e55e613a9c99,6e2684b5-dd18-4549-8440-7276b577d2b5,,,INV-000051,Invoice for Services,viewed,2026-07-05,2027-01-05,2026-03-19T03:07:54.296239,,42593.09,7.5,3194.48,45787.57,0,45787.57,USD,,,2026-02-24T05:58:10.296245,
e6efa3c4-56a8-4298-bef7-b92699d52fdb,6e2684b5-dd18-4549-8440-7276b577d2b5,,52f725a3-cefe-4cec-935a-b61b01d08922,INV-000052,Invoice for Support,sent,2025-10-03,2027-01-02,2026-04-21T14:13:19.296282,,53277.33,15,7991.6,61268.93,0,61268.93,USD,,,2025-09-19T02:59:07.296288,
12c08ea6-25d0-47b8-a7ce-559ba486df8c,6e2684b5-dd18-4549-8440-7276b577d2b5,,72ca8fdb-e86e-42e4-8393-b92185669c77,INV-000053,Invoice for Subscription,overdue,2026-05-29,2026-08-20,2026-04-04T09:23:17.296314,,5005.0,10,500.5,5505.5,0,5505.5,USD,,,2025-08-13T04:34:13.296321,
55cfc131-daba-4daf-8340-d55a3c2a6316,6e2684b5-dd18-4549-8440-7276b577d2b5,,10cbe0e5-c28f-4888-8fb5-d20d1b47ca21,INV-000054,Invoice for Support,overdue,2025-12-29,2026-10-09,2026-06-02T12:54:10.296348,,85616.3,10,8561.63,94177.93,0,94177.93,USD,Thank you for your business!,,2026-07-31T14:07:43.296354,
238d6c44-e631-457c-8faf-0b13c66f4062,6e2684b5-dd18-4549-8440-7276b577d2b5,29e9ed49-573a-47a4-8fc0-643f05f5be4d,,INV-000055,Invoice for Support,draft,2025-10-03,2026-11-22,,,55710.66,5,2785.53,58496.19,0,58496.19,USD,Thank you for your business!,,2025-11-19T09:48:51.296381,
d5c9a41f-af4e-486f-ac1b-0344f5bd228d,6e2684b5-dd18-4549-8440-7276b577d2b5,,ec963396-c369-46f5-a2f3-e5b54425a954,INV-000056,Invoice for Consulting,paid,2026-04-29,2027-01-02,2026-03-14T04:05:49.296407,2026-05-19T22:20:32.296413,71942.6,5,3597.13,75539.73,75539.73,0,USD,Thank you for your business!,9bd4f202-47c3-4578-8964-6ebc286b8299,2025-11-08T19:03:59.296420,
87416fd4-8ef0-46ef-affe-68a00b214f31,6e2684b5-dd18-4549-8440-7276b577d2b5,,946866ba-69f9-4f60-8f10-3d15e73e9a77,INV-000057,Invoice for Products,sent,2026-02-12,2026-09-16,2026-05-29T23:54:56.296455,,2211.13,7.5,165.83,2376.96,0,2376.96,USD,Thank you for your business!,,2026-03-14T06:04:28.296461,
5e4efbd3-8706-421e-988d-12674b64455e,6e2684b5-dd18-4549-8440-7276b577d2b5,,946866ba-69f9-4f60-8f10-3d15e73e9a77,INV-000058,Invoice for Subscription,sent,2026-07-15,2026-11-28,2026-07-07T09:02:10.296487,,58130.4,10,5813.04,63943.44,0,63943.44,USD,Thank you for your business!,e8b8a819-3f2e-44df-a12f-3651b0758414,2026-04-21T10:27:56.296494,
d200c152-85c2-4c87-90a1-a8230da2f4f9,6e2684b5-dd18-4549-8440-7276b577d2b5,4437a833-7104-49f6-a0cb-cdfbcb19a86e,d7003fe5-c3c1-43c7-8052-37244074228e,INV-000059,Invoice for Support,draft,2025-12-31,2026-10-14,,,34373.03,7.5,2577.98,36951.01,0,36951.01,USD,Thank you for your business!,,2025-08-27T07:24:21.296525,
d6b9bef6-1c82-4862-ac2a-4f653d251694,6e2684b5-dd18-4549-8440-7276b577d2b5,,,INV-000060,Invoice for Consulting,draft,2026-01-30,2026-11-16,,,51835.95,0,0.0,51835.95,0,51835.95,USD,Thank you for your business!,,2026-02-15T12:10:54.296551,
415db6da-afcf-478e-98fa-ceaac8cd90d0,6e2684b5-dd18-4549-8440-7276b577d2b5,61349005-06b9-4aff-93dc-40dd86a69c3a,2d8d64a3-6c97-4b0d-b85e-8ac092bf57a2,INV-000061,Invoice for Support,paid,2025-10-20,2026-08-10,2026-03-11T18:52:15.296579,2026-07-11T17:45:03.296584,71734.67,8,5738.77,77473.44,77473.44,0,USD,Thank you for your business!,bfd2b4e3-eee5-4c92-a619-36311bdb34db,2026-01-01T10:01:42.296591,
c6532132-b0a0-4a5a-b7fa-f4f53057fc2d,6e2684b5-dd18-4549-8440-7276b577d2b5,7647d815-6e76-4b57-9a5c-a249c7b8aa46,,INV-000062,Invoice for Services,sent,2026-03-08,2026-09-10,2026-06-27T00:36:05.296621,,78811.25,5,3940.56,82751.81,0,82751.81,USD,,,2026-06-22T21:34:49.296628,
b3f06599-ac88-4006-9dee-e0089b9dc90c,6e2684b5-dd18-4549-8440-7276b577d2b5,1bb97d23-9e6f-4b65-93ec-707b0debdc77,,INV-000063,Invoice for Products,sent,2025-10-06,2026-08-06,2026-03-09T11:49:12.296655,,52382.73,7.5,3928.7,56311.43,0,56311.43,USD,,c2e048be-1f6a-4aa5-b68d-ca35f16ef113,2026-06-05T23:39:16.296666,
c662bcb7-83ac-43ba-88ac-f2ac207c807d,6e2684b5-dd18-4549-8440-7276b577d2b5,c7912396-74d0-4f3c-8c0e-ae9820a54956,,INV-000064,Invoice for Consulting,paid,2025-12-11,2026-10-05,2026-07-20T16:59:36.296698,2026-06-05T11:41:28.296703,36446.71,10,3644.67,40091.38,40091.38,0,USD,Thank you for your business!,,2025-11-10T02:20:40.296709,
70633778-200d-4993-aab6-723bf9c6ccd3,6e2684b5-dd18-4549-8440-7276b577d2b5,428864d6-4b9d-41a5-a8db-1f3606d6f271,,INV-000065,Invoice for Support,paid,2026-03-01,2026-08-15,2026-04-11T04:43:52.296736,2026-07-19T08:48:34.296741,50986.76,20,10197.35,61184.11,61184.11,0,USD,Thank you for your business!,,2026-02-25T08:54:16.296747,
005abcc0-ee9d-44d3-8b6f-3febd6ee99d7,6e2684b5-dd18-4549-8440-7276b577d2b5,b19d5868-8f82-4bfc-beb9-cb8982b1065b,f622b1bc-12e3-45d2-830a-6236b4572c59,INV-000066,Invoice for Support,draft,2025-12-25,2026-09-24,,,65764.0,5,3288.2,69052.2,0,69052.2,USD,,,2026-03-05T17:20:54.296778,
c88b7d44-1969-4105-8b38-834a65b28e38,6e2684b5-dd18-4549-8440-7276b577d2b5,,,INV-000067,Invoice for Products,paid,2026-03-22,2026-12-09,2026-02-15T05:11:39.296803,2026-07-17T19:26:56.296808,70772.91,10,7077.29,77850.2,77850.2,0,USD,,,2026-02-16T15:07:52.296814,
7ef29f7c-f4d2-420d-a0fe-7b4a540af5e9,6e2684b5-dd18-4549-8440-7276b577d2b5,,b94f9688-e7d0-462f-b6f8-54ff566da376,INV-000068,Invoice for Subscription,sent,2025-09-25,2026-08-21,2026-05-19T04:51:20.296843,,93142.8,15,13971.42,107114.22,0,107114.22,USD,,,2026-06-21T04:36:53.296849,
394b715d-e034-4b11-8ca3-cbfa7246189f,6e2684b5-dd18-4549-8440-7276b577d2b5,19c07d6e-64bd-4b61-9c2e-a36a6e1ffa46,50e1f99c-b099-47c4-8af5-6780bbd0174e,INV-000069,Invoice for Support,sent,2026-07-20,2026-11-07,2026-02-22T05:18:42.296876,,34786.05,7.5,2608.95,37395.0,0,37395.0,USD,Thank you for your business!,b28bfd7a-31df-4c91-8346-9642541d0459,2026-02-11T20:46:59.296883,
f9717806-a12d-415e-9103-bb3039892010,6e2684b5-dd18-4549-8440-7276b577d2b5,,d939d182-e848-4287-999c-cf7c2f137044,INV-000070,Invoice for Services,overdue,2026-04-23,2026-08-29,2026-08-07T01:51:23.296909,,2175.94,8,174.08,2350.02,0,2350.02,USD,Thank you for your business!,,2025-10-11T05:24:06.296915,
58b36d5d-2341-4e33-a024-1ee8bb0eb4e7,6e2684b5-dd18-4549-8440-7276b577d2b5,a3f64091-4486-42c0-a609-51090538cadb,1529f048-a09b-4953-8f31-3363ef1d64b0,INV-000071,Invoice for Support,sent,2025-09-13,2026-11-21,2026-05-23T20:24:51.296941,,82940.58,5,4147.03,87087.61,0,87087.61,USD,Thank you for your business!,,2026-02-23T14:08:32.296947,
ca377bf0-df3e-47ba-9f44-f0e6676e6d59,6e2684b5-dd18-4549-8440-7276b577d2b5,,,INV-000072,Invoice for Consulting,draft,2026-05-02,2027-01-04,,,39240.88,8,3139.27,42380.15,0,42380.15,USD,Thank you for your business!,2b6ec4a4-bd1a-4183-baae-59a0e4e93c54,2026-06-29T21:38:08.296974,
a2782e26-74cc-4c81-ae0b-ee4dd66105ec,6e2684b5-dd18-4549-8440-7276b577d2b5,,,INV-000073,Invoice for Support,partial,2026-07-15,2026-08-20,2026-03-07T03:55:51.297003,,37067.21,20,7413.44,44480.65,22240.325,22240.325,USD,,,2026-05-02T01:09:46.297009,
6b6cc2a4-72d3-4de3-b800-69e3e84bcf8a,6e2684b5-dd18-4549-8440-7276b577d2b5,,c11229b1-7955-498e-b57c-bde24fa7b8ca,INV-000074,Invoice for Support,overdue,2026-04-15,2026-10-09,2026-02-15T06:57:46.297034,,82118.6,8,6569.49,88688.09,0,88688.09,USD,,,2025-10-09T18:09:13.297040,
5d19993d-97bb-4196-b9aa-7bfdf8ffa8f8,6e2684b5-dd18-4549-8440-7276b577d2b5,,,INV-000075,Invoice for Subscription,viewed,2026-04-27,2026-11-29,2026-04-21T21:33:40.297065,,45972.83,10,4597.28,50570.11,0,50570.11,USD,,b90fbd04-cd1b-4ba6-a0d7-e347673a931f,2026-01-06T11:18:53.297072,
a93b79f5-a5c7-48bd-8984-96925b537c26,6e2684b5-dd18-4549-8440-7276b577d2b5,,,INV-000076,Invoice for Support,paid,2026-03-08,2027-01-28,2026-05-08T21:25:54.297102,2026-05-15T14:19:11.297107,74414.22,7.5,5581.07,79995.29,79995.29,0,USD,Thank you for your business!,,2026-06-13T13:09:10.297114,
57615eb8-9bc7-4582-b3c2-8522a3015a78,6e2684b5-dd18-4549-8440-7276b577d2b5,,baee4767-f7ce-4ea3-973a-a2f0c0e5f156,INV-000077,Invoice for Products,cancelled,2025-12-16,2026-10-12,2026-05-19T04:37:40.297142,,87977.15,7.5,6598.29,94575.44,0,94575.44,USD,Thank you for your business!,,2026-07-27T07:32:13.297148,
4e957dce-0d6c-4bba-a6ab-b455b53073b7,6e2684b5-dd18-4549-8440-7276b577d2b5,e8acfc68-8c36-40a2-bed5-52eff47c5c40,,INV-000078,Invoice for Support,overdue,2025-10-12,2026-10-22,2026-06-12T00:26:15.297180,,65613.46,20,13122.69,78736.15,0,78736.15,USD,,,2026-08-01T11:14:45.297187,
934ab912-82f2-4df6-b6f8-2d871a626143,6e2684b5-dd18-4549-8440-7276b577d2b5,e6175eb1-f188-4e08-857c-802a5795573d,,INV-000079,Invoice for Support,overdue,2026-04-30,2026-12-29,2026-04-01T22:15:53.297213,,71000.69,15,10650.1,81650.79,0,81650.79,USD,Thank you for your business!,,2026-07-04T01:31:48.297222,
c0faea1e-7dec-4c0f-acc7-c0ece951f646,6e2684b5-dd18-4549-8440-7276b577d2b5,6dad627f-498b-4f3e-a9c0-44b4144b8a0b,eb7bfd8d-c392-4b67-86fd-eeb7b9733441,INV-000080,Invoice for Subscription,overdue,2026-02-24,2026-09-29,2026-05-16T09:33:09.297255,,26233.15,10,2623.32,28856.47,0,28856.47,USD,,,2025-08-24T22:24:51.297261,
1603e9a8-ac6a-4a60-a46e-789c8f5f9153,6e2684b5-dd18-4549-8440-7276b577d2b5,74d8d3ad-7b89-40a1-8269-212f8bc33440,,INV-000081,Invoice for Support,sent,2025-12-03,2026-10-14,2026-04-20T00:47:46.297287,,62822.79,7.5,4711.71,67534.5,0,67534.5,USD,Thank you for your business!,,2026-07-14T01:39:53.297293,
5920298c-0d60-4e42-bd6b-2f8c85c35cc6,6e2684b5-dd18-4549-8440-7276b577d2b5,,05f46af1-fa53-4b19-9e05-afb343d4537a,INV-000082,Invoice for Support,viewed,2026-04-27,2027-01-26,2026-05-06T08:18:35.297319,,47055.18,0,0.0,47055.18,0,47055.18,USD,Thank you for your business!,,2026-08-04T22:02:39.297325,
d8ded036-f4f1-45bc-9a15-3595712c6457,6e2684b5-dd18-4549-8440-7276b577d2b5,,,INV-000083,Invoice for Products,overdue,2026-05-28,2026-10-07,2026-03-30T09:08:28.297354,,17871.43,5,893.57,18765.0,0,18765.0,USD,Thank you for your business!,,2026-02-03T23:47:25.297360,
82c79bbf-8d49-4ec2-879b-8213c08b116d,6e2684b5-dd18-4549-8440-7276b577d2b5,a01d2539-fa9f-409d-94a6-7b7baea865ab,,INV-000084,Invoice for Products,paid,2025-09-27,2026-11-05,2026-05-01T02:21:24.297386,2026-06-08T02:40:14.297392,35917.63,10,3591.76,39509.39,39509.39,0,USD,Thank you for your business!,fa57f739-4e31-4fa2-85c8-6a8637b4a896,2026-01-16T19:01:36.297398,
52926eac-7935-4a6b-a143-c71be8db0f23,6e2684b5-dd18-4549-8440-7276b577d2b5,,,INV-000085,Invoice for Support,paid,2025-10-03,2026-12-03,2026-06-19T19:44:28.297423,2026-04-23T07:13:46.297429,30195.12,10,3019.51,33214.63,33214.63,0,USD,Thank you for your business!,,2025-12-22T23:05:31.297434,
8e266df0-c547-4e80-8f12-42c8e117c580,6e2684b5-dd18-4549-8440-7276b577d2b5,25b9da82-aa03-4eed-8744-fe8f89780106,,INV-000086,Invoice for Consulting,draft,2025-11-19,2026-08-16,,,16245.41,0,0.0,16245.41,0,16245.41,USD,Thank you for your business!,,2026-05-31T17:51:04.297469,
abb32acb-dd14-4961-8d80-125a1aa7d84e,6e2684b5-dd18-4549-8440-7276b577d2b5,,be729519-e553-48ad-b650-10a2f88022f3,INV-000087,Invoice for Support,draft,2025-12-14,2027-01-28,,,59642.55,0,0.0,59642.55,0,59642.55,USD,,,2025-11-16T19:19:20.297495,
4e11e6b5-9825-4f15-8640-20c9af1ffe48,6e2684b5-dd18-4549-8440-7276b577d2b5,8e8c488b-2412-4e1d-bd67-3b2a47bf31b2,de4edcae-9b07-49d0-aa0a-2fe6914adee8,INV-000088,Invoice for Subscription,draft,2026-02-16,2026-11-01,,,14527.06,7.5,1089.53,15616.59,0,15616.59,USD,,,2026-01-12T11:04:10.297523,
1b90dad2-9471-476b-8dc2-eeca15a62a1f,6e2684b5-dd18-4549-8440-7276b577d2b5,1abea3c7-f9bd-4ef9-aa34-b0ad86c6e48a,,INV-000089,Invoice for Services,sent,2026-05-19,2026-08-09,2026-05-21T20:30:59.297554,,71076.35,7.5,5330.73,76407.08,0,76407.08,USD,,,2026-04-16T22:06:03.297560,
f874b28e-8470-4907-973f-1da3c7186617,6e2684b5-dd18-4549-8440-7276b577d2b5,,c885bf03-4053-4b29-a66d-1ea58e84e3cc,INV-000090,Invoice for Subscription,overdue,2026-02-20,2027-01-30,2026-02-06T18:46:28.297586,,55133.65,10,5513.36,60647.01,0,60647.01,USD,Thank you for your business!,,2026-05-05T02:01:17.297592,
af21cd5f-5723-4e61-ab35-1b2aee112d4f,6e2684b5-dd18-4549-8440-7276b577d2b5,ac310632-46da-4914-8d02-b3d9830c8d4e,,INV-000091,Invoice for Services,partial,2026-06-28,2026-09-24,2026-06-06T22:17:55.297618,,31616.09,0,0.0,31616.09,15808.045,15808.045,USD,Thank you for your business!,,2025-08-22T01:39:34.297624,
fcc80785-84e8-4389-a1e9-0eb336946e9c,6e2684b5-dd18-4549-8440-7276b577d2b5,725f0ab0-8923-43d5-864f-a5b3cfc19af9,bc1008f4-5529-4232-9ece-3d33047da864,INV-000092,Invoice for Services,sent,2026-02-19,2026-10-13,2026-04-19T15:29:02.297652,,32723.01,5,1636.15,34359.16,0,34359.16,USD,,,2025-09-02T11:17:48.297658,
79504d9f-1128-45c9-92cb-1da79e25ca4f,6e2684b5-dd18-4549-8440-7276b577d2b5,,,INV-000093,Invoice for Products,sent,2025-11-20,2026-10-23,2026-05-25T14:42:48.297683,,26592.22,7.5,1994.42,28586.64,0,28586.64,USD,,,2025-09-28T16:01:26.297689,
bdd80509-01c5-4dd7-99e3-7d1df133cd6a,6e2684b5-dd18-4549-8440-7276b577d2b5,db5f03e0-a6e9-478e-b9e2-8c4bbd93fe0c,3f3af6ca-69ae-4018-928a-eaabbbfc9cb8,INV-000094,Invoice for Consulting,paid,2025-09-16,2026-11-07,2026-04-20T22:25:48.297722,2026-06-20T08:15:00.297728,21850.78,15,3277.62,25128.4,25128.4,0,USD,,,2026-02-18T17:59:21.297733,
43fdb6eb-433b-4d15-a8fb-a7105a6eeedf,6e2684b5-dd18-4549-8440-7276b577d2b5,,,INV-000095,Invoice for Products,sent,2025-09-07,2026-11-19,2026-06-15T17:04:25.297758,,83969.18,7.5,6297.69,90266.87,0,90266.87,USD,,79e9cda6-3e24-4654-9de2-9d05cde31d2e,2026-07-07T17:39:44.297765,
fc080fa5-183a-4129-92c0-014559f109e7,6e2684b5-dd18-4549-8440-7276b577d2b5,b64dbec7-c024-4f34-a5c8-e9e21f09ebb1,,INV-000096,Invoice for Support,partial,2025-12-26,2026-12-28,2026-04-04T10:59:10.297795,,35508.34,5,1775.42,37283.76,18641.88,18641.88,USD,Thank you for your business!,,2025-09-10T07:42:12.297804,
ac92da9d-2bb8-43f3-a4c6-4c1d810922ac,6e2684b5-dd18-4549-8440-7276b577d2b5,4b1bb987-ccb7-46ef-8222-7464b40d42fd,,INV-000097,Invoice for Services,viewed,2026-01-11,2026-10-02,2026-05-25T06:35:00.297830,,62023.56,8,4961.88,66985.44,0,66985.44,USD,,,2026-06-11T20:28:11.297836,
10a0c993-9d27-417a-907b-7a0138ac3975,6e2684b5-dd18-4549-8440-7276b577d2b5,029a3f42-f75d-455c-b0a0-1edca9a73146,72ca8fdb-e86e-42e4-8393-b92185669c77,INV-000098,Invoice for Consulting,viewed,2026-07-01,2027-02-03,2026-05-20T04:54:28.297867,,17824.84,7.5,1336.86,19161.7,0,19161.7,USD,Thank you for your business!,,2026-04-10T06:30:13.297873,
9acbc49b-8351-4d20-9f52-82164f96d8a2,6e2684b5-dd18-4549-8440-7276b577d2b5,b52bdf8c-954d-4c34-9bab-597ad6773efd,,INV-000099,Invoice for Products,draft,2026-05-16,2027-01-07,,,5860.94,5,293.05,6153.99,0,6153.99,USD,,,2026-05-07T19:05:21.297900,
917f8086-7cca-41a6-a4bd-55655c5f1dc7,6e2684b5-dd18-4549-8440-7276b577d2b5,480cdbb1-0498-4fe7-b9d2-de897078463e,,INV-000100,Invoice for Support,cancelled,2026-05-22,2026-10-13,2026-07-02T15:56:19.297927,,30334.31,7.5,2275.07,32609.38,0,32609.38,USD,Thank you for your business!,,2026-06-14T06:11:13.297933,
790bec8c-5c6b-4d38-847d-ba7f7b160839,6e2684b5-dd18-4549-8440-7276b577d2b5,eb601688-6d07-4a43-8770-10d54b8ac7f3,d70698ca-9664-42f9-80a4-102bf575839f,INV-000101,Invoice for Support,paid,2026-05-25,2026-08-11,2026-02-12T08:00:10.297966,2026-06-17T20:31:25.297971,34424.2,5,1721.21,36145.41,36145.41,0,USD,,,2025-12-19T16:12:38.297977,
8636ec0f-3091-49be-8c6e-688a2968ef66,6e2684b5-dd18-4549-8440-7276b577d2b5,8dac206a-35f2-408c-aa67-ce89f824b5b8,684f48af-e1f1-4e74-860e-56023d095675,INV-000102,Invoice for Products,viewed,2025-12-21,2026-08-12,2026-05-13T18:05:13.298005,,6869.77,0,0.0,6869.77,0,6869.77,USD,Thank you for your business!,,2026-01-27T14:53:09.298011,
c8835b8f-2f15-444c-9ec5-2e3c147c5fb1,6e2684b5-dd18-4549-8440-7276b577d2b5,,,INV-000103,Invoice for Support,sent,2025-11-25,2026-08-29,2026-05-04T00:06:39.298040,,55890.97,15,8383.65,64274.62,0,64274.62,USD,Thank you for your business!,432d2b2f-84e8-499d-b982-6da580f35e9a,2025-12-04T19:44:11.298047,
8368218c-096f-4c08-baf3-c24dcd62fa67,6e2684b5-dd18-4549-8440-7276b577d2b5,,fae7ec60-78e7-47ae-9003-51b26df6f180,INV-000104,Invoice for Support,overdue,2025-11-09,2026-10-15,2026-05-18T15:48:42.298073,,3704.42,8,296.35,4000.77,0,4000.77,USD,Thank you for your business!,,2025-10-12T12:00:36.298079,
294c8f01-9190-4e68-834f-323ed2f8fa67,6e2684b5-dd18-4549-8440-7276b577d2b5,,,INV-000105,Invoice for Products,overdue,2026-02-17,2027-01-06,2026-06-01T11:46:59.298104,,88285.73,7.5,6621.43,94907.16,0,94907.16,USD,Thank you for your business!,,2026-01-06T17:12:02.298109,
b14134ae-db4f-4236-a0ee-89297ca90806,6e2684b5-dd18-4549-8440-7276b577d2b5,4acaa135-0ec6-422e-b3bf-206c6d264467,,INV-000106,Invoice for Consulting,cancelled,2025-12-05,2026-10-06,2026-05-07T08:27:03.298135,,13774.82,5,688.74,14463.56,0,14463.56,USD,,,2025-11-11T03:37:01.298141,
50574623-c03d-4f93-98dd-66c6304659f6,6e2684b5-dd18-4549-8440-7276b577d2b5,f08abbf7-594d-4217-a2f1-1fb2e28ea00f,,INV-000107,Invoice for Support,overdue,2026-02-07,2026-10-07,2026-04-25T16:16:54.298167,,33967.93,0,0.0,33967.93,0,33967.93,USD,,,2025-08-07T05:58:56.298174,
59a28412-afb2-4a1f-98ed-3b39a3841cba,6e2684b5-dd18-4549-8440-7276b577d2b5,,,INV-000108,Invoice for Products,paid,2025-09-09,2026-08-20,2026-05-29T09:05:27.298202,2026-05-11T12:59:26.298207,66522.74,5,3326.14,69848.88,69848.88,0,USD,,,2026-02-11T18:21:17.298213,
54dd3fa0-54d0-4622-9651-dd781dc7f7c8,6e2684b5-dd18-4549-8440-7276b577d2b5,,,INV-000109,Invoice for Consulting,cancelled,2025-12-04,2026-10-25,2026-04-02T07:21:20.298238,,56466.17,7.5,4234.96,60701.13,0,60701.13,USD,,,2026-01-16T10:54:10.298243,
a1fb43ee-4c44-4ff2-a28f-397a1d6f195c,6e2684b5-dd18-4549-8440-7276b577d2b5,117cc15f-0de5-4a2c-a7cf-61d97fafbaa0,,INV-000110,Invoice for Products,partial,2026-06-05,2026-09-08,2026-03-15T09:48:59.298270,,59697.41,0,0.0,59697.41,29848.705,29848.705,USD,,,2025-12-18T19:14:54.298276,
15a48e65-89a9-44ce-9146-ab1bf1fbef7f,6e2684b5-dd18-4549-8440-7276b577d2b5,,,INV-000111,Invoice for Subscription,draft,2025-12-16,2026-09-26,,,32007.95,5,1600.4,33608.35,0,33608.35,USD,,,2025-09-07T19:56:43.298302,
17d23e96-ae5b-49bc-ab88-f3ae36385019,6e2684b5-dd18-4549-8440-7276b577d2b5,a9a309f6-59d8-4996-b839-dec6e0c8ec16,,INV-000112,Invoice for Support,sent,2026-06-26,2026-08-14,2026-05-17T15:06:41.298333,,42497.08,20,8499.42,50996.5,0,50996.5,USD,Thank you for your business!,,2026-05-02T21:52:02.298340,
0a0cd965-901f-42aa-9d87-7eebfcf7c8be,6e2684b5-dd18-4549-8440-7276b577d2b5,,,INV-000113,Invoice for Services,draft,2026-01-15,2026-11-28,,,58447.48,0,0.0,58447.48,0,58447.48,USD,,,2026-01-15T05:10:33.298389,
bdd4ed85-4049-4eed-9aa8-a1745232d7a8,6e2684b5-dd18-4549-8440-7276b577d2b5,,,INV-000114,Invoice for Products,overdue,2026-02-19,2026-10-14,2026-03-12T07:10:28.298419,,30087.57,5,1504.38,31591.95,0,31591.95,USD,,,2025-10-23T13:13:05.298425,
e44bc466-b2b4-415f-8e31-6a91f5d19f79,6e2684b5-dd18-4549-8440-7276b577d2b5,cf46c5ca-3e5e-4188-b06c-19b5d979a157,,INV-000115,Invoice for Subscription,paid,2025-08-15,2026-08-31,2026-02-12T02:40:25.298459,2026-06-24T18:29:12.298464,29314.27,7.5,2198.57,31512.84,31512.84,0,USD,,17a3837e-2cf7-4e76-81a5-5e5426d77705,2026-03-18T15:33:19.298471,
c485ee53-3eb0-4de6-97e1-94c59710cd15,6e2684b5-dd18-4549-8440-7276b577d2b5,c4a2d14c-37e5-45c2-92df-74e394024fb8,72ca8fdb-e86e-42e4-8393-b92185669c77,INV-000116,Invoice for Support,overdue,2025-08-27,2026-12-04,2026-03-26T16:15:05.298502,,57416.68,8,4593.33,62010.01,0,62010.01,USD,,,2026-01-28T08:02:19.298508,
f691caf8-b9e9-4b5e-855a-2ce513e98ae4,6e2684b5-dd18-4549-8440-7276b577d2b5,325c6fac-7125-4d16-9ce4-6129d4f1f757,,INV-000117,Invoice for Consulting,overdue,2026-05-09,2026-09-25,2026-05-13T12:10:55.298534,,76030.89,5,3801.54,79832.43,0,79832.43,USD,Thank you for your business!,,2026-06-17T03:12:06.298540,
a7943626-da52-418c-9aca-7c43fb4c724b,6e2684b5-dd18-4549-8440-7276b577d2b5,,,INV-000118,Invoice for Services,draft,2026-02-10,2026-10-04,,,99493.51,10,9949.35,109442.86,0,109442.86,USD,,690dbd1d-b24e-423d-a4c5-c8c8a129a86d,2026-06-17T01:38:38.298570,
35e2c7d7-ddc0-4abb-8683-a7ca48911144,6e2684b5-dd18-4549-8440-7276b577d2b5,03f22b3e-f421-430c-949c-14b4556fd6fe,,INV-000119,Invoice for Subscription,partial,2026-02-19,2027-01-24,2026-05-05T08:34:24.298596,,44245.59,5,2212.28,46457.87,23228.935,23228.935,USD,,,2025-09-21T12:05:15.298602,
01793406-8e7b-43f9-be6c-08fd7f4d7719,6e2684b5-dd18-4549-8440-7276b577d2b5,caf34ec8-0684-4aaa-94b1-d9374d7d32b2,a556b077-0c31-44cc-b5af-201781a75f8d,INV-000120,Invoice for Products,partial,2026-06-26,2027-02-03,2026-02-20T12:22:00.298630,,12401.0,0,0.0,12401.0,6200.5,6200.5,USD,,8485e91c-863b-478c-ac69-0347e42321c1,2025-10-20T21:06:04.298637,
b76f4ba8-4c0f-47ae-b415-98ee8fc27577,6e2684b5-dd18-4549-8440-7276b577d2b5,42640d0a-4296-41db-9948-ae109900ea2d,3753c5e4-9ef7-491f-b450-c21ca0735454,INV-000121,Invoice for Products,overdue,2025-11-10,2026-08-29,2026-02-25T16:31:10.298665,,53109.25,0,0.0,53109.25,0,53109.25,USD,Thank you for your business!,,2026-02-19T19:18:07.298671,
7e3ce937-6300-4d6a-91ba-1b10695a4afd,6e2684b5-dd18-4549-8440-7276b577d2b5,5c3e2302-b0bb-4ee9-9a85-bd394f188ed3,,INV-000122,Invoice for Products,draft,2026-03-17,2026-10-20,,,41121.3,5,2056.07,43177.37,0,43177.37,USD,,,2025-08-26T19:31:03.298699,
e6fcfb5a-648e-48e6-abdd-3a75eeabdb8c,6e2684b5-dd18-4549-8440-7276b577d2b5,,,INV-000123,Invoice for Support,viewed,2026-02-06,2026-09-04,2026-08-01T10:04:42.298725,,79751.93,20,15950.39,95702.32,0,95702.32,USD,Thank you for your business!,,2025-08-07T12:48:14.298731,
a1412952-bab2-4c86-9bfd-ce2f50d4e49e,6e2684b5-dd18-4549-8440-7276b577d2b5,cc16b17a-98e7-4a8b-b94b-2a1ac15faeed,,INV-000124,Invoice for Services,paid,2026-08-03,2026-12-06,2026-08-06T01:14:56.298761,2026-04-25T14:19:28.298766,68468.72,20,13693.74,82162.46,82162.46,0,USD,,4527d267-9590-416f-a30f-273755ad69d0,2026-01-06T14:55:07.298773,
19fac982-ea6b-491a-9b70-1719d6c4e36c,6e2684b5-dd18-4549-8440-7276b577d2b5,58752773-0e2c-4053-87bc-1d02ad83f7af,56b83acc-13a1-45a4-b942-6a153d7d5cda,INV-000125,Invoice for Consulting,draft,2026-03-19,2026-09-30,,,79974.91,15,11996.24,91971.15,0,91971.15,USD,,5f376963-5124-4a49-bcce-c20ff22ea845,2026-03-16T08:01:11.298802,
3e4eca70-152e-4e30-abb0-8cc1758c29ed,6e2684b5-dd18-4549-8440-7276b577d2b5,3c4d930a-4ba9-436b-a64a-94c9da3a3803,,INV-000126,Invoice for Services,cancelled,2025-08-31,2026-11-02,2026-03-16T11:29:53.298828,,15564.86,5,778.24,16343.1,0,16343.1,USD,Thank you for your business!,,2025-10-21T08:26:46.298834,
f31b5a5d-308a-4df9-819d-cbdab1b289d4,6e2684b5-dd18-4549-8440-7276b577d2b5,,,INV-000127,Invoice for Support,cancelled,2026-03-01,2026-09-06,2026-02-08T07:38:32.298859,,51863.69,0,0.0,51863.69,0,51863.69,USD,Thank you for your business!,,2026-05-09T10:39:01.298865,
70863127-b73d-4e00-a1be-9afa8ec80b4a,6e2684b5-dd18-4549-8440-7276b577d2b5,,,INV-000128,Invoice for Subscription,sent,2026-08-06,2026-08-10,2026-06-12T17:17:42.298894,,27927.87,20,5585.57,33513.44,0,33513.44,USD,Thank you for your business!,,2025-08-26T03:46:02.298900,
f3b384ad-bc02-4ce1-be96-69b93fd993d0,6e2684b5-dd18-4549-8440-7276b577d2b5,,cfdfb271-373e-48aa-be1d-f0aabe7ab2fb,INV-000129,Invoice for Support,overdue,2026-03-09,2026-12-10,2026-05-28T17:42:40.298930,,71127.37,7.5,5334.55,76461.92,0,76461.92,USD,Thank you for your business!,6ed24a7a-f70a-4f08-977d-47ad71b38e80,2026-03-18T19:28:42.298937,
ea4129f5-331e-4d53-8e89-3f4d9fe6f6c8,6e2684b5-dd18-4549-8440-7276b577d2b5,,,INV-000130,Invoice for Consulting,sent,2026-05-16,2027-01-09,2026-02-07T20:08:14.298963,,10237.9,10,1023.79,11261.69,0,11261.69,USD,,221683cf-345a-497d-9fe6-8e58b4158bbe,2025-08-06T16:23:51.298970,
ecf6b61d-9304-4288-a3bc-c0c1826fbb5c,6e2684b5-dd18-4549-8440-7276b577d2b5,6c6476d7-7930-42de-a1bb-8dbd397c0f48,840a6d20-e4ee-4156-9597-318b2c8eb398,INV-000131,Invoice for Support,cancelled,2026-02-03,2027-01-14,2026-03-28T11:34:24.298998,,58486.55,0,0.0,58486.55,0,58486.55,USD,,,2026-07-14T15:28:05.299009,
4ffc94c2-a503-41a9-aedb-2faa21d68aaa,6e2684b5-dd18-4549-8440-7276b577d2b5,4f6af695-8bfd-411a-95c0-b4e23f86e722,59147001-5885-4696-8b40-6ad538b9654e,INV-000132,Invoice for Subscription,cancelled,2026-03-08,2026-08-25,2026-07-27T17:36:18.299038,,68031.8,8,5442.54,73474.34,0,73474.34,USD,Thank you for your business!,,2026-06-28T00:38:55.299044,
5af95b80-8faa-4f3d-a207-b852ed7481b2,6e2684b5-dd18-4549-8440-7276b577d2b5,,5e7fb560-56ba-46d6-88f6-8b3886d84448,INV-000133,Invoice for Support,cancelled,2026-04-13,2026-11-06,2026-06-10T20:59:26.299070,,37588.4,0,0.0,37588.4,0,37588.4,USD,,,2025-11-02T10:02:54.299076,
9f222d8f-098b-4a60-9c2c-6a733d9909c0,6e2684b5-dd18-4549-8440-7276b577d2b5,7c872e4b-8dcd-4a9e-b0bb-282086b65732,,INV-000134,Invoice for Products,viewed,2026-07-08,2026-09-20,2026-04-19T20:42:04.299105,,7228.84,20,1445.77,8674.61,0,8674.61,USD,Thank you for your business!,,2026-02-02T02:51:26.299111,
59a973ac-61e5-4d3f-bc90-8b844b0855f3,6e2684b5-dd18-4549-8440-7276b577d2b5,bc62f756-f51e-42f3-8395-714b913c7c5b,,INV-000135,Invoice for Products,viewed,2026-06-28,2026-11-28,2026-06-18T10:27:12.299137,,36806.96,15,5521.04,42328.0,0,42328.0,USD,Thank you for your business!,,2026-02-02T19:53:47.299143,
6775a371-5b54-42be-bb6d-0cc392404a33,6e2684b5-dd18-4549-8440-7276b577d2b5,40a577a5-1053-402a-ae74-69bf486531c5,,INV-000136,Invoice for Products,viewed,2026-06-09,2026-11-17,2026-02-10T15:13:51.299169,,53417.21,8,4273.38,57690.59,0,57690.59,USD,,,2026-03-22T07:06:51.299174,
4bf5ee1a-a2c8-4a45-8508-35ee99850c75,6e2684b5-dd18-4549-8440-7276b577d2b5,f0e30426-3b70-4917-ad95-5e62458b5355,c11229b1-7955-498e-b57c-bde24fa7b8ca,INV-000137,Invoice for Products,cancelled,2026-07-05,2027-01-11,2026-04-20T21:25:14.299201,,21405.39,8,1712.43,23117.82,0,23117.82,USD,,,2026-02-17T06:29:22.299207,
051ddccd-4233-4276-a06f-8d6616154e26,6e2684b5-dd18-4549-8440-7276b577d2b5,76d40577-ea9f-41c9-92b1-ba0d14097494,8eeae569-4ee7-4277-8ea9-cab565c5a0aa,INV-000138,Invoice for Services,viewed,2026-07-10,2027-01-21,2026-07-29T13:08:50.299234,,4798.93,5,239.95,5038.88,0,5038.88,USD,Thank you for your business!,,2025-12-28T10:43:57.299240,
bdb869e6-4b53-4249-916a-d16a0fd54bd0,6e2684b5-dd18-4549-8440-7276b577d2b5,,,INV-000139,Invoice for Support,draft,2026-05-19,2027-01-14,,,55848.36,15,8377.25,64225.61,0,64225.61,USD,,dd30b18c-a3f7-404a-91e5-5599a81cf08e,2025-08-08T13:43:18.299271,
2f6e64b9-a862-4cfa-a120-b77bbd7dbf5b,6e2684b5-dd18-4549-8440-7276b577d2b5,,,INV-000140,Invoice for Consulting,paid,2026-08-07,2027-01-14,2026-02-28T02:54:28.299296,2026-06-09T18:32:37.299301,75110.33,5,3755.52,78865.85,78865.85,0,USD,Thank you for your business!,,2025-09-18T09:22:01.299307,
25acad34-b142-41d0-846d-5e9b77b8931a,6e2684b5-dd18-4549-8440-7276b577d2b5,c9b146a4-7997-4f2e-a258-05912c055d8c,,INV-000141,Invoice for Support,draft,2026-04-02,2026-12-05,,,92080.66,20,18416.13,110496.79,0,110496.79,USD,Thank you for your business!,,2026-07-30T12:42:57.299333,
30620204-757e-4360-b988-d753a0ac04ed,6e2684b5-dd18-4549-8440-7276b577d2b5,c12b466d-29bb-4938-9606-48cc4bd71d14,,INV-000142,Invoice for Consulting,draft,2026-03-03,2026-08-19,,,28324.05,7.5,2124.3,30448.35,0,30448.35,USD,Thank you for your business!,,2025-11-14T17:20:51.299360,
b1d4ae8a-03e7-436a-b281-6dc5f7f135ec,6e2684b5-dd18-4549-8440-7276b577d2b5,,,INV-000143,Invoice for Products,paid,2025-10-15,2026-09-29,2026-07-22T18:25:32.299384,2026-04-27T06:22:43.299390,34457.14,8,2756.57,37213.71,37213.71,0,USD,,,2025-09-09T05:45:18.299396,
7ba5b1ea-63e9-4220-948f-b287fbf92728,6e2684b5-dd18-4549-8440-7276b577d2b5,89fdd3a5-bf6a-42f9-a67a-6a24e2d662be,,INV-000144,Invoice for Services,partial,2025-11-08,2026-09-29,2026-07-23T19:59:15.299431,,41487.79,5,2074.39,43562.18,21781.09,21781.09,USD,Thank you for your business!,,2026-01-10T00:06:17.299437,
276682cd-79f0-4172-a11b-deeb23a484f1,6e2684b5-dd18-4549-8440-7276b577d2b5,6ef34e4e-4aa8-44b9-958c-a2a64618f298,1b8256e0-5c7c-44b6-a86a-2be5dffb32c0,INV-000145,Invoice for Subscription,paid,2025-11-08,2026-11-13,2026-03-24T12:14:38.299470,2026-04-26T23:40:35.299476,86981.23,5,4349.06,91330.29,91330.29,0,USD,,,2026-02-02T09:24:05.299481,
74a23925-28af-4c1a-9047-4aadf747cbdf,6e2684b5-dd18-4549-8440-7276b577d2b5,,,INV-000146,Invoice for Subscription,paid,2025-09-24,2027-01-11,2026-04-25T02:21:27.299522,2026-07-16T05:05:05.299527,83241.87,20,16648.37,99890.24,99890.24,0,USD,Thank you for your business!,,2026-03-16T15:11:34.299533,
99c07a85-4ac4-44e7-86b8-9a1a82e30b4a,6e2684b5-dd18-4549-8440-7276b577d2b5,d6057ab2-3d3f-4ae2-ad96-4ae01bfb08b5,,INV-000147,Invoice for Subscription,draft,2026-06-27,2026-09-11,,,98726.2,10,9872.62,108598.82,0,108598.82,USD,,,2025-10-23T23:25:50.299561,
6472da51-3725-46e5-be83-dcf031c03cb2,6e2684b5-dd18-4549-8440-7276b577d2b5,,dea72029-1ba1-4b5d-9e6d-592951f4bc65,INV-000148,Invoice for Services,draft,2026-07-08,2027-01-31,,,70157.45,20,14031.49,84188.94,0,84188.94,USD,Thank you for your business!,,2026-07-26T18:38:12.299591,
42835894-c955-4380-886f-bf7cbde7e07d,6e2684b5-dd18-4549-8440-7276b577d2b5,8f685b99-2986-4391-9a78-8bea522325ea,3000df05-cf42-468a-bbf7-323afb9bc7c9,INV-000149,Invoice for Services,partial,2026-04-13,2026-12-31,2026-04-12T03:25:55.299623,,66066.79,8,5285.34,71352.13,35676.065,35676.065,USD,Thank you for your business!,,2026-05-10T11:22:20.299629,
95643ae1-95eb-45ee-b24a-a49fa5f0a57d,6e2684b5-dd18-4549-8440-7276b577d2b5,6e5cf90a-ed31-422e-a44d-b35142dae2a2,,INV-000150,Invoice for Products,sent,2026-06-20,2027-01-07,2026-02-12T20:45:05.299655,,83850.32,8,6708.03,90558.35,0,90558.35,USD,,,2025-12-26T09:49:09.299661,
256aa564-6930-4664-93de-3ff895f9a876,6e2684b5-dd18-4549-8440-7276b577d2b5,52f98c48-ed0b-4ba6-84a2-3a27fe3e97b0,f622b1bc-12e3-45d2-830a-6236b4572c59,INV-000151,Invoice for Products,draft,2026-07-07,2026-09-11,,,71303.0,10,7130.3,78433.3,0,78433.3,USD,Thank you for your business!,,2025-11-08T07:35:33.299690,
0caa94a8-c35e-45d8-a4a5-74f086598e1c,6e2684b5-dd18-4549-8440-7276b577d2b5,2fcfbcb7-621e-466a-a858-67a8ad0dae05,,INV-000152,Invoice for Products,paid,2026-01-17,2026-09-16,2026-07-31T12:23:40.299716,2026-05-22T01:46:27.299721,87104.95,20,17420.99,104525.94,104525.94,0,USD,,,2026-04-24T07:02:31.299727,
62af7192-455f-4764-b62b-6e93dbbcedaa,6e2684b5-dd18-4549-8440-7276b577d2b5,fe9246fc-b2a1-4ad1-9c3c-b32012a3259d,,INV-000153,Invoice for Services,draft,2025-12-05,2026-09-17,,,6685.51,7.5,501.41,7186.92,0,7186.92,USD,,,2026-01-27T08:05:25.299812,
2d796904-a365-4ee3-9071-86282ebf9a68,6e2684b5-dd18-4549-8440-7276b577d2b5,202bd062-53d0-4e44-82ca-1e00eed7bcf6,,INV-000154,Invoice for Services,paid,2026-05-15,2027-01-01,2026-06-22T07:45:15.299876,2026-07-28T01:34:50.299882,24645.54,8,1971.64,26617.18,26617.18,0,USD,,,2026-06-02T00:29:43.299887,
72d5af51-8fcf-4dac-8020-1c93692dafbc,6e2684b5-dd18-4549-8440-7276b577d2b5,b44544b1-daf8-49da-9b34-ed121c61a89d,,INV-000155,Invoice for Subscription,overdue,2026-05-20,2026-10-09,2026-06-23T14:56:53.299916,,50560.8,7.5,3792.06,54352.86,0,54352.86,USD,,0b935285-8544-45e1-a4c2-1f0573234709,2025-12-23T16:00:08.299923,
b2ad3aa9-5ab8-411d-a120-9fb717256c26,6e2684b5-dd18-4549-8440-7276b577d2b5,51d2d20b-4300-4d3b-baa1-52fcf5670fbb,,INV-000156,Invoice for Services,overdue,2026-03-24,2026-11-17,2026-07-07T16:11:09.299954,,47680.87,0,0.0,47680.87,0,47680.87,USD,Thank you for your business!,,2026-01-02T13:28:05.299960,
dd43cf85-2af5-4a38-a557-596fd6172e18,6e2684b5-dd18-4549-8440-7276b577d2b5,1e4d9980-41dd-48bd-a446-5da78a026496,8eeae569-4ee7-4277-8ea9-cab565c5a0aa,INV-000157,Invoice for Services,sent,2026-03-16,2026-09-26,2026-06-22T21:40:05.299988,,52177.35,10,5217.73,57395.08,0,57395.08,USD,,,2026-05-13T22:48:28.299994,
29260ac9-28e2-4c89-8303-38ee08103bde,6e2684b5-dd18-4549-8440-7276b577d2b5,271399dc-463e-4e13-9ec3-aac4e45a6f59,4002f4bf-10ab-4384-ae33-6e350c43547e,INV-000158,Invoice for Subscription,viewed,2025-09-09,2026-12-18,2026-04-27T13:06:08.300021,,73523.05,20,14704.61,88227.66,0,88227.66,USD,,34178a3a-2bc5-4cd3-a083-42ef0f2fd7f7,2025-12-19T21:38:47.300028,
0405c4bb-b589-46b4-a637-2a3e0a690c51,6e2684b5-dd18-4549-8440-7276b577d2b5,3d9b28ee-0b64-490f-b514-fc93aeacc2d5,,INV-000159,Invoice for Support,partial,2026-06-25,2027-01-26,2026-06-12T06:35:19.300058,,19934.3,20,3986.86,23921.16,11960.58,11960.58,USD,,,2025-11-04T01:52:41.300064,
4c91e1d9-e208-4087-9cf6-f108639a03e1,6e2684b5-dd18-4549-8440-7276b577d2b5,,fae7ec60-78e7-47ae-9003-51b26df6f180,INV-000160,Invoice for Products,partial,2025-12-10,2026-12-17,2026-04-30T18:56:13.300094,,55650.42,20,11130.08,66780.5,33390.25,33390.25,USD,Thank you for your business!,39b1d929-5523-4574-b91e-01a63fe5af16,2026-06-24T05:14:03.300101,
ffc0b19c-0f6e-4f71-a5a5-43732677de1a,6e2684b5-dd18-4549-8440-7276b577d2b5,,41b12654-1264-4986-bd69-82d47e005c81,INV-000161,Invoice for Products,overdue,2026-06-15,2026-12-02,2026-04-08T08:02:40.300128,,48338.28,20,9667.66,58005.94,0,58005.94,USD,Thank you for your business!,54094614-b6cc-4678-93d8-493ab875a3f3,2026-01-17T17:47:18.300135,
f1ce6a4b-6134-41bb-93d3-7e2d8fdc66d6,6e2684b5-dd18-4549-8440-7276b577d2b5,73753277-9669-4e2c-8677-1f919c223553,d3c55619-3bc3-49f3-9460-10da085f7527,INV-000162,Invoice for Consulting,sent,2026-05-30,2026-10-07,2026-03-21T09:18:02.300162,,39158.06,0,0.0,39158.06,0,39158.06,USD,,,2025-12-28T06:59:03.300168,
c80b0df4-6f6f-48c8-8029-732fe096a4bd,6e2684b5-dd18-4549-8440-7276b577d2b5,,,INV-000163,Invoice for Consulting,paid,2026-07-21,2026-11-30,2026-05-07T05:53:07.300193,2026-08-06T12:48:15.300198,33851.88,0,0.0,33851.88,33851.88,0,USD,,9a667ce0-81ff-47da-855c-d345f497f3da,2026-06-20T15:25:57.300205,
ff77b2ce-8441-4106-afda-0ef61474f60f,6e2684b5-dd18-4549-8440-7276b577d2b5,,,INV-000164,Invoice for Consulting,cancelled,2026-06-03,2026-09-26,2026-07-15T19:09:11.300235,,87688.94,15,13153.34,100842.28,0,100842.28,USD,Thank you for your business!,,2026-02-04T06:02:40.300241,
bcf26a78-f992-490a-b7c2-780770929fca,6e2684b5-dd18-4549-8440-7276b577d2b5,,,INV-000165,Invoice for Subscription,paid,2026-02-23,2026-10-14,2026-06-29T15:41:42.300270,2026-05-30T21:28:59.300275,96139.9,20,19227.98,115367.88,115367.88,0,USD,Thank you for your business!,2963bcbe-bb3a-4a44-838b-f226090e6084,2026-01-12T16:11:27.300282,
71aad695-1c52-4ee0-8734-999cc3356306,6e2684b5-dd18-4549-8440-7276b577d2b5,f12bb17c-216b-4531-afa0-972a60b2c6b1,f23b36be-4195-47bf-9834-21cb07ea153a,INV-000166,Invoice for Products,cancelled,2026-05-28,2026-08-11,2026-03-06T04:17:44.300310,,92351.01,10,9235.1,101586.11,0,101586.11,USD,Thank you for your business!,,2026-02-25T06:17:04.300316,
d7ecfafc-456f-4af5-910d-72632439048e,6e2684b5-dd18-4549-8440-7276b577d2b5,,54e27a40-2f7e-4e86-9dd3-16846665f101,INV-000167,Invoice for Products,paid,2025-12-09,2026-10-31,2026-02-22T23:07:16.300342,2026-06-12T03:22:33.300347,15895.96,20,3179.19,19075.15,19075.15,0,USD,,,2026-02-05T15:44:29.300353,
ba40a3d7-4cce-47ec-868f-cb3d5fab1efd,6e2684b5-dd18-4549-8440-7276b577d2b5,,,INV-000168,Invoice for Products,overdue,2026-01-16,2026-11-25,2026-07-25T10:04:05.300378,,52726.42,5,2636.32,55362.74,0,55362.74,USD,Thank you for your business!,,2026-02-28T06:06:46.300384,
7ff51f01-9df1-47e2-b080-fb64c047f62b,6e2684b5-dd18-4549-8440-7276b577d2b5,cb868b4a-eb49-4c78-bbeb-76fbfa7f9b00,,INV-000169,Invoice for Consulting,viewed,2026-03-27,2026-11-30,2026-06-21T16:51:45.300414,,90145.39,15,13521.81,103667.2,0,103667.2,USD,,,2026-05-09T07:12:38.300420,
63d8c04e-04e1-49cd-afb6-6c3391ff55ac,6e2684b5-dd18-4549-8440-7276b577d2b5,33b6d19f-6f5f-49ea-a8a1-8b0196b87bfc,,INV-000170,Invoice for Support,cancelled,2026-04-02,2026-10-01,2026-03-25T17:20:48.300453,,84243.61,8,6739.49,90983.1,0,90983.1,USD,Thank you for your business!,,2025-11-18T16:01:57.300459,
f142ee1e-21d5-4f93-a5ba-025e8e2c1400,6e2684b5-dd18-4549-8440-7276b577d2b5,4ec62727-4bc4-46c3-9105-d738ba374b3a,,INV-000171,Invoice for Consulting,paid,2026-08-04,2026-08-25,2026-03-28T13:34:53.300485,2026-05-14T17:15:59.300491,74248.96,10,7424.9,81673.86,81673.86,0,USD,Thank you for your business!,,2026-06-08T16:48:03.300496,
842af7af-1a52-468f-b6d1-e5f2859ff10d,6e2684b5-dd18-4549-8440-7276b577d2b5,737e0a14-6272-4499-b432-a3b1d245ae18,,INV-000172,Invoice for Services,paid,2026-04-27,2026-12-20,2026-05-04T09:40:09.300523,2026-07-01T08:29:19.300528,5511.91,5,275.6,5787.51,5787.51,0,USD,,09249d2c-abe2-4497-bb5e-30ce9b75060e,2026-07-17T02:26:00.300536,
e0205cdd-e699-47ba-8ecd-b74a802240ee,6e2684b5-dd18-4549-8440-7276b577d2b5,,912a43f6-c2e9-4813-8478-6326cd752971,INV-000173,Invoice for Subscription,partial,2025-09-02,2027-01-14,2026-05-26T08:23:11.300562,,3606.96,0,0.0,3606.96,1803.48,1803.48,USD,,,2026-02-24T07:04:34.300568,
dbfa3645-74d1-406f-adb9-ac2417f17ad4,6e2684b5-dd18-4549-8440-7276b577d2b5,4903ee4f-d44e-4291-afff-952ff1f9bec9,,INV-000174,Invoice for Services,sent,2025-10-03,2026-08-14,2026-06-30T07:41:03.300602,,31592.12,20,6318.42,37910.54,0,37910.54,USD,Thank you for your business!,,2025-08-16T06:47:17.300608,
653f477f-a434-4f83-a5a8-ad4bf247d673,6e2684b5-dd18-4549-8440-7276b577d2b5,e60c632f-9771-425e-8a7f-bff0f8cf07b0,,INV-000175,Invoice for Services,viewed,2026-06-18,2026-09-26,2026-06-15T22:20:02.300635,,51700.22,8,4136.02,55836.24,0,55836.24,USD,Thank you for your business!,,2026-04-19T04:42:04.300641,
ac8702c0-6b00-461b-8031-ce6ebdcaf08c,6e2684b5-dd18-4549-8440-7276b577d2b5,725f0ab0-8923-43d5-864f-a5b3cfc19af9,3753c5e4-9ef7-491f-b450-c21ca0735454,INV-000176,Invoice for Support,overdue,2026-01-26,2026-12-10,2026-07-30T17:53:44.300674,,28309.81,0,0.0,28309.81,0,28309.81,USD,,,2026-03-30T12:19:51.300680,
56c573b2-cb36-43ef-8246-6ec2674681fe,6e2684b5-dd18-4549-8440-7276b577d2b5,c1ffc38d-f84d-4174-b620-aae655c56df2,,INV-000177,Invoice for Consulting,partial,2025-08-20,2026-09-11,2026-07-15T04:54:38.300707,,15456.85,0,0.0,15456.85,7728.425,7728.425,USD,Thank you for your business!,,2026-04-06T04:15:41.300713,
c00d9df5-87ab-400e-b337-26a8941f6349,6e2684b5-dd18-4549-8440-7276b577d2b5,fd214f46-3e6d-4652-ae2a-f16d5b42280a,f06d5004-19c8-4e3e-938b-61b4c819f1aa,INV-000178,Invoice for Support,paid,2026-03-27,2026-10-30,2026-07-26T07:12:12.300739,2026-05-24T21:45:32.300745,58851.88,10,5885.19,64737.07,64737.07,0,USD,Thank you for your business!,,2025-09-05T22:57:30.300751,
93e84338-b2a5-47ab-9894-97cd8166c358,6e2684b5-dd18-4549-8440-7276b577d2b5,,bc999246-7fca-4ed5-b9c1-35fba9d72bd9,INV-000179,Invoice for Subscription,overdue,2026-07-28,2026-09-28,2026-07-27T20:06:28.300781,,1894.44,15,284.17,2178.61,0,2178.61,USD,,,2026-03-27T21:45:04.300787,
c7ee9b66-b0b9-4b35-a633-830e342c989e,6e2684b5-dd18-4549-8440-7276b577d2b5,c5c89178-ab08-4b1e-a51a-72e9494fdfa1,,INV-000180,Invoice for Subscription,paid,2025-12-14,2026-08-15,2026-08-05T10:50:08.300813,2026-06-20T19:51:52.300821,9143.78,5,457.19,9600.97,9600.97,0,USD,Thank you for your business!,,2026-04-10T05:21:20.300827,
97c2a5a7-ba66-4398-9e2a-355bb3b07c3f,6e2684b5-dd18-4549-8440-7276b577d2b5,b6b1030e-862d-4df9-9243-a350931ef418,346ebd52-ba14-4643-b914-bab80cf1e7db,INV-000181,Invoice for Consulting,sent,2025-09-15,2026-10-03,2026-07-09T06:16:49.300855,,18993.27,7.5,1424.5,20417.77,0,20417.77,USD,,,2026-05-08T07:41:40.300861,
3baff617-c432-4753-8f78-59d1e93ae60b,6e2684b5-dd18-4549-8440-7276b577d2b5,54c72754-c4bb-4dd8-bf11-18c0c400f393,ef32987c-2b70-4c50-ac02-f1af0e14ce56,INV-000182,Invoice for Consulting,cancelled,2025-12-15,2027-02-04,2026-05-25T02:07:18.300888,,64812.96,10,6481.3,71294.26,0,71294.26,USD,,,2025-09-11T09:23:04.300894,
f55b5ced-b1c4-46a5-a7cb-e4d8ed733d96,6e2684b5-dd18-4549-8440-7276b577d2b5,d6439e9e-4d9d-4e8c-974b-9210a00fd4e0,,INV-000183,Invoice for Consulting,sent,2026-06-25,2026-10-19,2026-03-29T01:56:57.300920,,24882.66,15,3732.4,28615.06,0,28615.06,USD,,,2025-12-11T21:22:52.300926,
36f418ac-e592-4b36-968a-31362fc758cc,6e2684b5-dd18-4549-8440-7276b577d2b5,154e516f-16dd-4b1b-aa04-5992c4456d65,,INV-000184,Invoice for Support,overdue,2025-08-20,2026-10-23,2026-05-30T04:43:48.300956,,34838.53,20,6967.71,41806.24,0,41806.24,USD,,,2025-12-05T17:11:51.300962,
24043da8-fc2b-4781-8902-96b258366d78,6e2684b5-dd18-4549-8440-7276b577d2b5,81b74ec9-b197-46cb-9f42-a092a5025b4b,,INV-000185,Invoice for Products,draft,2025-11-25,2027-01-09,,,65290.45,8,5223.24,70513.69,0,70513.69,USD,Thank you for your business!,e6ce2913-88ce-438c-a626-ff423237bd43,2025-09-30T10:20:37.300990,
d3052db3-c223-4c04-9512-d34cd368f3e8,6e2684b5-dd18-4549-8440-7276b577d2b5,dc10b59a-761f-4ab8-a2a7-1aa48e8f7539,,INV-000186,Invoice for Products,overdue,2026-04-26,2026-11-16,2026-03-19T16:17:14.301016,,10349.72,7.5,776.23,11125.95,0,11125.95,USD,Thank you for your business!,,2026-07-28T18:50:37.301022,
7f54d4a3-ba2e-41bf-9f58-c893321e4d27,6e2684b5-dd18-4549-8440-7276b577d2b5,,848a1845-563a-442e-81af-56cf082e899a,INV-000187,Invoice for Services,sent,2025-11-09,2026-10-20,2026-05-06T22:43:42.301052,,69329.96,7.5,5199.75,74529.71,0,74529.71,USD,,,2026-07-11T01:00:46.301058,
7282da97-1edb-447d-8cb5-99badebc8233,6e2684b5-dd18-4549-8440-7276b577d2b5,24333ffa-2e0b-4519-8dea-8194e94478e8,,INV-000188,Invoice for Support,sent,2026-02-19,2026-08-07,2026-04-19T14:58:02.301085,,76792.64,5,3839.63,80632.27,0,80632.27,USD,Thank you for your business!,,2026-03-29T23:16:49.301090,
313123ff-0e7f-4061-9b2b-39da6e48cd7f,6e2684b5-dd18-4549-8440-7276b577d2b5,,a253dd8a-967f-44e8-b564-3bd597d3206d,INV-000189,Invoice for Support,sent,2026-02-28,2027-01-27,2026-06-18T13:55:09.301120,,18447.34,20,3689.47,22136.81,0,22136.81,USD,,70415a6e-1844-42e6-85e3-64c7bae94d3f,2025-10-06T14:43:26.301127,
a2262b34-bbbc-4692-9689-bc6cef9a3810,6e2684b5-dd18-4549-8440-7276b577d2b5,,,INV-000190,Invoice for Products,sent,2025-08-16,2026-11-21,2026-03-10T09:39:03.301152,,90578.07,5,4528.9,95106.97,0,95106.97,USD,Thank you for your business!,,2026-01-27T21:58:17.301158,
860af76f-2303-420e-9465-db1f8ed81aa2,6e2684b5-dd18-4549-8440-7276b577d2b5,c0f40d60-3b1d-40c6-ab05-c7b906466d94,3dcfad1d-76f8-4bae-87a2-eb67d31fbdaa,INV-000191,Invoice for Services,paid,2026-02-03,2026-12-14,2026-03-31T04:04:28.301189,2026-06-29T13:44:51.301195,29091.5,0,0.0,29091.5,29091.5,0,USD,Thank you for your business!,516570e9-b136-46fb-b7da-0e9acade6594,2025-10-13T02:22:08.301201,
8324ea6c-3399-422d-99aa-fe25f75bb5be,6e2684b5-dd18-4549-8440-7276b577d2b5,,,INV-000192,Invoice for Consulting,cancelled,2025-12-10,2027-01-20,2026-02-11T20:47:13.301227,,67871.66,8,5429.73,73301.39,0,73301.39,USD,,4454f828-8984-4d36-94f2-56e7ea4d950c,2025-11-30T19:58:14.301233,
090b1c1d-05b2-46b5-b541-aa64c6ef2e3d,6e2684b5-dd18-4549-8440-7276b577d2b5,,1785b2a6-f8f1-44bc-a2e0-410d4846811e,INV-000193,Invoice for Products,partial,2026-01-19,2026-10-11,2026-06-30T10:22:22.301259,,19371.97,7.5,1452.9,20824.87,10412.435,10412.435,USD,Thank you for your business!,,2025-11-20T08:39:50.301265,
63cda30e-8b36-4d62-90a3-73fd300edd51,6e2684b5-dd18-4549-8440-7276b577d2b5,55864491-cc6d-46e6-be40-3b60c93042a8,,INV-000194,Invoice for Services,sent,2026-06-29,2026-08-28,2026-05-25T18:21:03.301295,,31568.94,10,3156.89,34725.83,0,34725.83,USD,,,2025-08-29T22:52:35.301302,
a964dcce-b70f-49b0-828f-3e15c65a057c,6e2684b5-dd18-4549-8440-7276b577d2b5,,0e8738be-e744-4412-a9eb-10054ab50887,INV-000195,Invoice for Services,sent,2026-05-17,2026-08-26,2026-03-29T21:58:45.301344,,67379.9,15,10106.98,77486.88,0,77486.88,USD,,,2026-02-15T08:14:23.301350,
7049e85f-9516-4920-aed7-63fef01c4636,6e2684b5-dd18-4549-8440-7276b577d2b5,982ccea4-0d2b-4965-8e7b-f2e90acf26e6,,INV-000196,Invoice for Services,partial,2026-02-15,2026-08-16,2026-07-14T23:46:28.301376,,69610.34,15,10441.55,80051.89,40025.945,40025.945,USD,,,2026-05-26T10:57:28.301382,
e260dc76-66a0-4c90-aef8-bba5ee95636f,6e2684b5-dd18-4549-8440-7276b577d2b5,,,INV-000197,Invoice for Consulting,viewed,2025-12-30,2026-08-13,2026-04-27T01:07:09.301408,,9507.24,5,475.36,9982.6,0,9982.6,USD,Thank you for your business!,,2026-06-17T23:24:24.301418,
da5ebfe1-909a-49a7-9ee7-7aab907d60f3,6e2684b5-dd18-4549-8440-7276b577d2b5,974ac201-1fc7-45f7-86c3-b521f81394db,d939d182-e848-4287-999c-cf7c2f137044,INV-000198,Invoice for Support,draft,2026-04-08,2026-10-19,,,71418.28,0,0.0,71418.28,0,71418.28,USD,,8f0637b4-25ba-4775-a2bd-566b671840c3,2026-01-23T06:51:58.301455,
95e77c38-dc09-4c01-ab5f-df3d153b2e4e,6e2684b5-dd18-4549-8440-7276b577d2b5,2962fd8a-1a58-449a-a2a4-d13de4a49f72,,INV-000199,Invoice for Services,cancelled,2025-08-11,2026-10-24,2026-02-17T06:34:23.301482,,94734.91,5,4736.75,99471.66,0,99471.66,USD,Thank you for your business!,,2025-08-21T23:20:40.301488,
def1eac7-2d4d-462a-a44e-61b23238f197,6e2684b5-dd18-4549-8440-7276b577d2b5,,,INV-000200,Invoice for Products,sent,2026-02-08,2026-08-12,2026-03-04T16:46:24.301517,,71398.68,5,3569.93,74968.61,0,74968.61,USD,Thank you for your business!,,2026-08-03T11:28:09.301523,
52b485fc-19ea-46c5-ace8-1095aa3c3551,6e2684b5-dd18-4549-8440-7276b577d2b5,9378c233-ccf1-41fe-aba6-d84a00c8b0e3,,INV-000201,Invoice for Support,draft,2026-06-16,2026-08-10,,,60978.17,8,4878.25,65856.42,0,65856.42,USD,,,2026-02-18T09:41:43.301550,
8486f6a4-227c-41f3-8ea7-63d531bbc580,6e2684b5-dd18-4549-8440-7276b577d2b5,,,INV-000202,Invoice for Support,cancelled,2026-05-23,2026-09-09,2026-04-05T15:15:38.301576,,90213.64,10,9021.36,99235.0,0,99235.0,USD,,,2025-11-07T14:28:24.301582,
2ff6b511-ed6e-43f6-ad88-f1e9d91d89d5,6e2684b5-dd18-4549-8440-7276b577d2b5,75e1a081-4889-4b37-9236-9312e6b6286c,,INV-000203,Invoice for Support,partial,2026-06-18,2027-01-20,2026-02-23T08:06:33.301609,,2885.71,5,144.29,3030.0,1515.0,1515.0,USD,Thank you for your business!,,2026-07-18T06:41:35.301615,
11c59b85-872b-4447-8168-6ecf7c30efb2,6e2684b5-dd18-4549-8440-7276b577d2b5,,,INV-000204,Invoice for Support,draft,2025-11-11,2027-02-01,,,4956.04,0,0.0,4956.04,0,4956.04,USD,Thank you for your business!,,2026-06-18T04:35:32.301641,
ce652f30-718c-4a48-bad1-ff224adaebd2,6e2684b5-dd18-4549-8440-7276b577d2b5,3852754b-1353-4741-ba24-00586cbfd9bc,,INV-000205,Invoice for Support,sent,2026-01-15,2026-11-23,2026-07-16T19:04:52.301672,,92169.62,0,0.0,92169.62,0,92169.62,USD,,,2025-10-19T00:58:51.301678,
ecc4ca70-f61e-4f66-a4a0-1faf7ebea1b5,6e2684b5-dd18-4549-8440-7276b577d2b5,8d8e49a6-36f6-4ca6-8c91-7c8db1ef52e8,,INV-000206,Invoice for Subscription,paid,2026-05-11,2026-12-10,2026-06-09T01:45:17.301703,2026-06-05T18:25:35.301709,89072.76,10,8907.28,97980.04,97980.04,0,USD,,,2026-05-24T14:07:13.301714,
d7dd8ec9-ec85-4140-9f23-a21c035b0592,6e2684b5-dd18-4549-8440-7276b577d2b5,,72e47958-40e5-4702-ad88-2f00742b91d6,INV-000207,Invoice for Support,overdue,2026-02-19,2026-12-04,2026-02-12T20:41:47.301745,,52596.07,20,10519.21,63115.28,0,63115.28,USD,,,2025-12-08T07:24:45.301751,
7e5b6f8a-8110-44e9-824e-f1aeacb70685,6e2684b5-dd18-4549-8440-7276b577d2b5,,,INV-000208,Invoice for Services,paid,2026-04-29,2026-08-12,2026-06-15T08:46:59.301777,2026-07-02T22:44:50.301782,30912.16,8,2472.97,33385.13,33385.13,0,USD,Thank you for your business!,,2026-07-03T20:23:51.301787,
18af4ce9-f022-4ddb-af0f-e0aac3f075cf,6e2684b5-dd18-4549-8440-7276b577d2b5,,a2bfe998-19bc-4700-9edd-dbb9c87f8958,INV-000209,Invoice for Subscription,overdue,2026-06-30,2026-08-14,2026-03-26T22:37:52.301813,,78658.5,7.5,5899.39,84557.89,0,84557.89,USD,Thank you for your business!,,2025-10-03T21:51:41.301819,
d89691a5-499c-49cd-9115-19ef1e6d2e47,6e2684b5-dd18-4549-8440-7276b577d2b5,eda8e36a-d935-4bb1-ad91-ba7d06020329,,INV-000210,Invoice for Subscription,partial,2025-12-21,2026-11-10,2026-04-24T23:12:13.301852,,45074.67,10,4507.47,49582.14,24791.07,24791.07,USD,Thank you for your business!,,2026-04-20T08:55:09.301857,
c230cc51-42e8-4300-8530-fd6c7ac48621,6e2684b5-dd18-4549-8440-7276b577d2b5,9a9d93c0-c3f6-4091-a3a3-93c1e4ce4868,,INV-000211,Invoice for Consulting,sent,2025-09-15,2026-09-02,2026-07-25T11:27:53.301884,,40772.75,0,0.0,40772.75,0,40772.75,USD,,,2026-06-18T09:30:34.301890,
d2aee59e-e2b5-42ed-864b-da6bf9170498,6e2684b5-dd18-4549-8440-7276b577d2b5,ee8300ff-04eb-4339-ac44-eb8d1e82b811,,INV-000212,Invoice for Support,paid,2025-09-11,2026-09-28,2026-06-14T10:42:56.301916,2026-07-19T20:07:15.301921,15220.99,20,3044.2,18265.19,18265.19,0,USD,,,2026-08-03T16:16:50.301927,
7addf787-449a-4944-b6cb-01ffc351c9aa,6e2684b5-dd18-4549-8440-7276b577d2b5,c2602c97-dc72-4682-bcb7-07c72d1166e9,,INV-000213,Invoice for Services,partial,2025-10-15,2026-09-05,2026-06-02T17:58:04.301953,,66646.86,8,5331.75,71978.61,35989.305,35989.305,USD,,,2025-08-21T12:32:37.301959,
a1085c05-abe6-41bd-b39f-025f4aa0ed11,6e2684b5-dd18-4549-8440-7276b577d2b5,987498d4-d97b-44af-89e6-a99f5ccbb818,27cee455-fe2f-4af6-b2d4-cb3e29f5068c,INV-000214,Invoice for Services,overdue,2025-12-31,2027-01-24,2026-03-02T05:49:22.301989,,91126.56,15,13668.98,104795.54,0,104795.54,USD,Thank you for your business!,74549336-ae71-455e-9419-96455bdacd51,2025-10-13T14:51:33.301996,
beb6b602-7d82-499f-9a64-faf031da4ea6,6e2684b5-dd18-4549-8440-7276b577d2b5,,,INV-000215,Invoice for Support,cancelled,2026-06-07,2026-12-14,2026-07-19T20:01:01.302024,,60109.77,8,4808.78,64918.55,0,64918.55,USD,,,2025-11-30T15:36:13.302030,
726faa2e-c189-4778-a12f-54aa7f61c220,6e2684b5-dd18-4549-8440-7276b577d2b5,,,INV-000216,Invoice for Services,sent,2025-10-31,2026-08-09,2026-05-05T23:25:06.302055,,62846.62,15,9426.99,72273.61,0,72273.61,USD,Thank you for your business!,,2026-03-30T02:11:08.302061,
c939899e-6e07-48d9-a5d2-e21d02f1f1c5,6e2684b5-dd18-4549-8440-7276b577d2b5,72c94768-9fd5-4f96-b1e4-63c3f4b46b23,54e27a40-2f7e-4e86-9dd3-16846665f101,INV-000217,Invoice for Support,overdue,2025-12-16,2027-01-08,2026-08-01T11:36:22.302088,,70850.84,8,5668.07,76518.91,0,76518.91,USD,Thank you for your business!,30146416-ee10-44c9-8d39-de12c3c86219,2026-01-16T19:34:58.302094,
86521dab-293f-4b08-b54b-83bc4553a1ef,6e2684b5-dd18-4549-8440-7276b577d2b5,fa10ac16-5296-477e-83eb-629f76f8765f,cfdfb271-373e-48aa-be1d-f0aabe7ab2fb,INV-000218,Invoice for Products,viewed,2026-05-19,2027-02-03,2026-04-12T06:13:59.302122,,335.7,5,16.79,352.49,0,352.49,USD,Thank you for your business!,,2026-01-16T14:53:50.302128,
c9e69d23-c558-479f-bcba-27ff5fc5b1dd,6e2684b5-dd18-4549-8440-7276b577d2b5,a0a70342-96ce-477b-8345-a194ff987493,761b19ac-ba7b-4c51-9962-76627ebf2a68,INV-000219,Invoice for Services,viewed,2026-03-29,2026-11-08,2026-04-11T10:17:18.302154,,66524.38,8,5321.95,71846.33,0,71846.33,USD,,,2026-04-15T05:30:30.302160,
2d40ecf7-b987-4239-b1d2-bd3bd73b7789,6e2684b5-dd18-4549-8440-7276b577d2b5,,,INV-000220,Invoice for Consulting,cancelled,2025-11-21,2027-01-23,2026-06-24T06:02:39.302188,,50677.29,5,2533.86,53211.15,0,53211.15,USD,Thank you for your business!,da35f0a0-7132-4238-8b86-7cce479381cb,2025-11-08T10:11:11.302195,
88736cbb-9fb4-4601-abea-0352063e2a90,6e2684b5-dd18-4549-8440-7276b577d2b5,faf7edfd-6259-4eb0-af6e-850ce4f8c76f,6a505888-9ce9-42a9-86a2-413b37e0de7d,INV-000221,Invoice for Products,sent,2026-01-06,2026-10-17,2026-03-02T21:33:34.302222,,83899.35,20,16779.87,100679.22,0,100679.22,USD,Thank you for your business!,,2025-10-11T14:42:17.302228,
ee42ded9-4bd3-43b5-a2d3-fb1815cea412,6e2684b5-dd18-4549-8440-7276b577d2b5,,,INV-000222,Invoice for Subscription,partial,2025-11-28,2026-12-06,2026-03-03T17:34:17.302253,,64408.26,0,0.0,64408.26,32204.13,32204.13,USD,Thank you for your business!,,2026-04-05T07:24:15.302259,
edbfc935-8674-407c-b9b7-9269c37618e9,6e2684b5-dd18-4549-8440-7276b577d2b5,,,INV-000223,Invoice for Products,overdue,2025-12-24,2026-12-27,2026-03-15T03:09:20.302295,,92600.52,20,18520.1,111120.62,0,111120.62,USD,,,2026-07-31T23:54:24.302301,
e191b84a-894a-4478-8a16-0488016927f8,6e2684b5-dd18-4549-8440-7276b577d2b5,,d78017ac-0dd4-4f65-923f-5f5508b31a07,INV-000224,Invoice for Products,cancelled,2026-04-04,2026-12-05,2026-02-12T06:52:31.302327,,31606.59,8,2528.53,34135.12,0,34135.12,USD,,,2026-04-03T02:45:44.302333,
0bb0de18-3fca-4ddb-bdf2-027ca44fc799,6e2684b5-dd18-4549-8440-7276b577d2b5,50d23c70-7b5a-4c7a-a278-2ebb3300ebf4,,INV-000225,Invoice for Subscription,partial,2026-02-15,2026-12-31,2026-05-01T03:18:34.302364,,73762.16,20,14752.43,88514.59,44257.295,44257.295,USD,,,2025-09-09T14:10:03.302370,
91156577-be68-4932-b355-5c24ea419c4f,6e2684b5-dd18-4549-8440-7276b577d2b5,a497a481-59ef-491a-a269-cda7ddbe192b,,INV-000226,Invoice for Products,partial,2025-11-11,2026-09-16,2026-04-25T13:43:00.302396,,2732.44,10,273.24,3005.68,1502.84,1502.84,USD,Thank you for your business!,28c66521-ddb5-4c67-98a8-f185b6a69cd4,2025-08-16T17:21:02.302403,
d1a841fc-fd93-42a5-888e-48c2aada6f78,6e2684b5-dd18-4549-8440-7276b577d2b5,76c91fcc-c128-4f5a-b5f9-9b499e8c8253,,INV-000227,Invoice for Consulting,cancelled,2026-04-14,2027-02-04,2026-02-11T17:07:36.302429,,81203.11,8,6496.25,87699.36,0,87699.36,USD,Thank you for your business!,,2025-12-02T19:06:36.302434,
3ebc8027-f8a4-4f5c-992a-7baf7c91fbb0,6e2684b5-dd18-4549-8440-7276b577d2b5,2114a188-0b73-40d1-92a5-d3cb7accda07,,INV-000228,Invoice for Consulting,draft,2025-11-14,2026-09-28,,,70089.14,5,3504.46,73593.6,0,73593.6,USD,,,2025-08-28T08:36:53.302467,
b46da2f4-e3b4-430a-8a34-21564c9c4f8f,6e2684b5-dd18-4549-8440-7276b577d2b5,,,INV-000229,Invoice for Consulting,cancelled,2026-06-17,2026-12-10,2026-06-01T22:36:29.302496,,12309.78,20,2461.96,14771.74,0,14771.74,USD,,f42cdbd8-f24b-43e2-8ef1-b48b3f4b697b,2026-07-22T05:54:53.302503,
bbf6d1ee-cc1c-4bac-ac8e-d734abeaf44e,6e2684b5-dd18-4549-8440-7276b577d2b5,a1cd2279-0587-43df-a5fe-1b103c7e3e45,,INV-000230,Invoice for Services,viewed,2026-07-21,2026-08-11,2026-02-17T20:10:51.302529,,92493.35,20,18498.67,110992.02,0,110992.02,USD,,,2026-08-03T18:07:06.302535,
6b0ebf54-e3eb-4763-8a5e-8c1c23d20c2a,6e2684b5-dd18-4549-8440-7276b577d2b5,,,INV-000231,Invoice for Services,viewed,2025-09-16,2027-02-01,2026-06-06T02:43:18.302564,,19560.82,7.5,1467.06,21027.88,0,21027.88,USD,,8701e653-306a-48fa-a244-81dcae163f14,2026-03-24T07:17:36.302574,
67bddc38-fd8a-480a-92b8-d50be68a8a5e,6e2684b5-dd18-4549-8440-7276b577d2b5,,,INV-000232,Invoice for Consulting,viewed,2026-04-26,2026-09-01,2026-05-07T22:16:59.302600,,6930.46,15,1039.57,7970.03,0,7970.03,USD,Thank you for your business!,,2025-10-24T15:26:57.302606,
30bebab2-9165-458a-ae63-c2aa0b510a8d,6e2684b5-dd18-4549-8440-7276b577d2b5,8fd1425b-a8e6-4dd0-a183-0e7b5100401b,,INV-000233,Invoice for Support,sent,2026-05-13,2026-10-29,2026-04-10T20:09:28.302636,,55820.23,7.5,4186.52,60006.75,0,60006.75,USD,,,2026-07-19T10:43:40.302642,
a29689e9-1d21-4d31-9843-ac27e084c226,6e2684b5-dd18-4549-8440-7276b577d2b5,,acb072b8-736c-4479-b469-55ece4bba04e,INV-000234,Invoice for Products,overdue,2026-06-05,2026-12-15,2026-03-29T21:09:19.302676,,76423.23,15,11463.48,87886.71,0,87886.71,USD,,a389d8c1-21e2-4f98-83f2-939313688349,2025-10-10T11:26:52.302684,
0efea541-034e-4993-ad8a-ab1bac6ad88a,6e2684b5-dd18-4549-8440-7276b577d2b5,,7cdd0858-8a40-4144-a7ff-1cef66d8f36d,INV-000235,Invoice for Products,partial,2026-03-22,2026-10-31,2026-05-15T08:41:26.302712,,82630.02,15,12394.5,95024.52,47512.26,47512.26,USD,Thank you for your business!,e6755016-4558-4306-9bd4-9e8943820b6d,2026-02-03T17:22:29.302719,
32a7aa4b-f3e9-47b9-a678-44467ce5725e,6e2684b5-dd18-4549-8440-7276b577d2b5,,,INV-000236,Invoice for Support,cancelled,2026-04-29,2026-10-10,2026-03-27T00:06:43.302744,,19621.14,8,1569.69,21190.83,0,21190.83,USD,Thank you for your business!,4aee1835-aba3-4a87-a5de-6728178f1b2d,2025-12-14T13:14:44.302751,
c2504226-37a5-4861-ae01-b5e51e65b2b1,6e2684b5-dd18-4549-8440-7276b577d2b5,2b7ee662-af25-4344-97ca-05667f4bc0cf,c11229b1-7955-498e-b57c-bde24fa7b8ca,INV-000237,Invoice for Support,overdue,2026-03-29,2027-01-11,2026-06-15T10:56:27.302779,,32551.04,8,2604.08,35155.12,0,35155.12,USD,Thank you for your business!,,2025-08-23T15:09:36.302785,
2f64ec49-dd7d-419b-9945-f3f8f4b0e1e5,6e2684b5-dd18-4549-8440-7276b577d2b5,4f6af695-8bfd-411a-95c0-b4e23f86e722,,INV-000238,Invoice for Subscription,paid,2025-08-19,2026-12-24,2026-08-04T02:38:32.302811,2026-04-21T11:32:10.302816,68219.87,5,3410.99,71630.86,71630.86,0,USD,Thank you for your business!,,2026-05-25T12:51:46.302821,
2bf692d9-ad37-4984-8cb0-304641f649f6,6e2684b5-dd18-4549-8440-7276b577d2b5,96d0a41e-b996-48ce-a151-1addeb467255,,INV-000239,Invoice for Consulting,overdue,2026-06-24,2026-12-24,2026-06-27T04:55:58.302851,,67219.13,8,5377.53,72596.66,0,72596.66,USD,Thank you for your business!,,2026-04-30T02:15:38.302857,
fabaaccd-8712-42d6-becf-5487f8d623e7,6e2684b5-dd18-4549-8440-7276b577d2b5,,d629e687-d5c8-419b-a20b-46b31bf6a45e,INV-000240,Invoice for Subscription,overdue,2025-08-22,2026-08-19,2026-07-03T09:09:59.302888,,2304.8,8,184.38,2489.18,0,2489.18,USD,Thank you for your business!,,2026-07-23T06:53:40.302894,
b6d5e907-e0d5-45d4-9218-b310f9d3ac51,6e2684b5-dd18-4549-8440-7276b577d2b5,e882c25d-927f-42ef-9f9b-a8814bee3720,,INV-000241,Invoice for Subscription,partial,2026-05-19,2027-01-08,2026-05-16T13:50:16.302921,,18508.55,5,925.43,19433.98,9716.99,9716.99,USD,Thank you for your business!,,2025-12-16T07:55:57.302927,
77cf8516-f9ab-48b8-b62f-2212fd46b307,6e2684b5-dd18-4549-8440-7276b577d2b5,9263fc58-2391-45a6-81d8-082c269bd2f0,,INV-000242,Invoice for Services,viewed,2026-06-02,2027-01-08,2026-07-27T18:42:35.302954,,54363.27,20,10872.65,65235.92,0,65235.92,USD,Thank you for your business!,,2025-12-22T05:22:14.302960,
d3a4444d-dc33-47bb-86b2-167640a5df1c,6e2684b5-dd18-4549-8440-7276b577d2b5,f32bdb7d-cc98-43a2-aae7-90f8f5252e7d,,INV-000243,Invoice for Subscription,cancelled,2026-05-27,2026-10-01,2026-04-30T11:30:44.302986,,99706.91,5,4985.35,104692.26,0,104692.26,USD,Thank you for your business!,,2026-04-26T07:08:32.303018,
5906d722-ac64-46ee-9711-0d936995caa6,6e2684b5-dd18-4549-8440-7276b577d2b5,27c385f1-0520-4ac2-bccd-13aa25a55ad9,69de1c1d-70ea-4d51-a7c9-3295839b6dbf,INV-000244,Invoice for Consulting,sent,2026-05-14,2026-12-31,2026-02-13T19:58:24.303080,,59467.13,8,4757.37,64224.5,0,64224.5,USD,,294f2cd7-7c78-43da-bb94-6492a6c755d9,2025-12-07T07:09:59.303088,
250066c3-7f54-47f0-b87e-f013b6ce9285,6e2684b5-dd18-4549-8440-7276b577d2b5,,,INV-000245,Invoice for Subscription,partial,2026-04-06,2026-11-24,2026-07-05T11:33:55.303116,,43962.76,20,8792.55,52755.31,26377.655,26377.655,USD,,,2025-09-09T14:47:13.303122,
2a568cf9-753c-459a-9e86-de1870c10100,6e2684b5-dd18-4549-8440-7276b577d2b5,16729ee9-3da3-4a35-ad1a-08967f5b40c3,baee4767-f7ce-4ea3-973a-a2f0c0e5f156,INV-000246,Invoice for Support,viewed,2025-09-12,2026-10-15,2026-03-04T23:42:35.303155,,89925.76,15,13488.86,103414.62,0,103414.62,USD,,,2025-08-31T09:56:35.303161,
245777a9-0f69-4915-8ff5-8cd0b4fe4026,6e2684b5-dd18-4549-8440-7276b577d2b5,baeb1abc-d285-44e1-b41f-2bad6459d8b3,,INV-000247,Invoice for Consulting,paid,2026-05-07,2026-12-26,2026-06-30T13:24:28.303188,2026-07-10T12:06:28.303193,72079.89,0,0.0,72079.89,72079.89,0,USD,,3dc3c9fd-c13a-4b6b-b3bd-9322b436be84,2025-09-13T23:26:51.303200,
72ee8974-8dd0-4664-8ea5-df7d3bd60776,6e2684b5-dd18-4549-8440-7276b577d2b5,99097324-aff9-451a-a9dd-eeb9636a3ff8,,INV-000248,Invoice for Consulting,sent,2026-06-07,2026-08-22,2026-02-26T05:22:35.303231,,19002.09,7.5,1425.16,20427.25,0,20427.25,USD,,,2026-06-18T16:03:16.303237,
c25676f0-1f5c-4750-a4e8-77f7381e483c,6e2684b5-dd18-4549-8440-7276b577d2b5,,2fe5e7c3-546c-4ffa-89d8-46ed4a55a754,INV-000249,Invoice for Support,cancelled,2026-01-03,2027-01-23,2026-06-21T03:20:04.303264,,78051.48,20,15610.3,93661.78,0,93661.78,USD,,,2026-01-27T21:04:37.303270,
4f720336-6db6-41b9-8d3e-43f6ae96b7ed,6e2684b5-dd18-4549-8440-7276b577d2b5,,,INV-000250,Invoice for Consulting,sent,2026-02-02,2026-10-09,2026-04-25T04:26:21.303295,,63841.1,10,6384.11,70225.21,0,70225.21,USD,Thank you for your business!,,2026-01-15T15:20:29.303301,
a159e75e-265f-49e7-961f-05efeab7ae8e,6e2684b5-dd18-4549-8440-7276b577d2b5,74d8d3ad-7b89-40a1-8269-212f8bc33440,,INV-000251,Invoice for Consulting,viewed,2026-01-25,2026-10-19,2026-03-15T08:43:26.303334,,22937.74,15,3440.66,26378.4,0,26378.4,USD,,,2025-08-13T20:24:40.303340,
f48d4aea-632b-4ab9-8f97-5bd674d16e75,6e2684b5-dd18-4549-8440-7276b577d2b5,178f892e-2640-4534-b77c-ae99d8d235df,,INV-000252,Invoice for Support,viewed,2026-03-06,2026-12-26,2026-06-09T21:50:38.303366,,96712.95,5,4835.65,101548.6,0,101548.6,USD,,,2025-12-14T21:33:33.303371,
aa073bf0-dfc8-4d71-b6d4-d5be2da8ee40,6e2684b5-dd18-4549-8440-7276b577d2b5,,,INV-000253,Invoice for Consulting,partial,2025-11-18,2027-02-01,2026-05-13T06:23:18.303397,,80531.17,7.5,6039.84,86571.01,43285.505,43285.505,USD,,,2026-01-27T14:19:04.303403,
9fbf013d-6f1e-45b2-9671-918d71b321d2,6e2684b5-dd18-4549-8440-7276b577d2b5,6b6e159f-ab73-4523-a610-c715340f47c9,,INV-000254,Invoice for Products,partial,2026-03-06,2026-11-14,2026-04-13T23:59:35.303428,,94728.91,7.5,7104.67,101833.58,50916.79,50916.79,USD,Thank you for your business!,,2025-09-09T18:36:31.303434,
b467f271-fa1d-4fd2-9dd5-7007daf5b09c,6e2684b5-dd18-4549-8440-7276b577d2b5,ed446b44-3718-48d0-8d39-9d67db0d4924,,INV-000255,Invoice for Consulting,sent,2026-03-29,2026-12-08,2026-05-25T07:25:22.303471,,98948.24,10,9894.82,108843.06,0,108843.06,USD,,,2026-02-13T03:45:43.303477,
5a1cd2f8-5d34-4df3-823a-8c71737128c3,6e2684b5-dd18-4549-8440-7276b577d2b5,6105d90d-9195-428c-a07a-c001fe9bddd7,,INV-000256,Invoice for Consulting,viewed,2026-07-23,2026-09-23,2026-06-27T04:30:28.303508,,51774.93,8,4141.99,55916.92,0,55916.92,USD,Thank you for your business!,dad483e7-9d46-4750-9a53-7a2c0ecb995f,2025-12-06T22:37:06.303514,
cfac9702-4950-4a85-84e2-0ddf42a2017a,6e2684b5-dd18-4549-8440-7276b577d2b5,01f1ba8e-39ad-477d-8a56-9a82522d7c00,,INV-000257,Invoice for Consulting,sent,2026-05-10,2026-12-12,2026-06-18T08:11:22.303541,,69031.71,7.5,5177.38,74209.09,0,74209.09,USD,Thank you for your business!,,2026-08-05T21:26:29.303546,
738bd1df-be14-42f7-8926-89b8fdf59b67,6e2684b5-dd18-4549-8440-7276b577d2b5,,a253dd8a-967f-44e8-b564-3bd597d3206d,INV-000258,Invoice for Support,partial,2026-04-05,2027-02-05,2026-08-03T11:35:19.303574,,41850.35,10,4185.03,46035.38,23017.69,23017.69,USD,Thank you for your business!,,2026-08-01T09:42:39.303580,
f0349f55-ee51-4600-af33-bb4381a10ca6,6e2684b5-dd18-4549-8440-7276b577d2b5,dd96546f-19f7-4786-a7af-b6a27fb84836,,INV-000259,Invoice for Services,partial,2025-10-26,2026-08-22,2026-05-19T03:34:16.303606,,74918.97,8,5993.52,80912.49,40456.245,40456.245,USD,Thank you for your business!,,2026-07-16T13:23:57.303612,
d002f9ba-d0bf-4754-8891-dfddb8978a7b,6e2684b5-dd18-4549-8440-7276b577d2b5,3afd4bf9-76c5-4477-a3a1-5138256da4ff,9c92fd72-ba5b-4015-910c-0f20f78c0ce1,INV-000260,Invoice for Subscription,cancelled,2026-04-06,2026-09-29,2026-02-12T04:04:00.303639,,81019.72,0,0.0,81019.72,0,81019.72,USD,Thank you for your business!,,2026-07-19T02:32:45.303645,
f2c0c874-71db-4cf2-bfcb-af6d6ece3cf8,6e2684b5-dd18-4549-8440-7276b577d2b5,13b30eac-b579-4dd8-85ff-6f4a3829787f,1fdfa7e5-4664-449f-a4e0-e7f42be775dc,INV-000261,Invoice for Services,draft,2026-06-09,2027-01-24,,,91887.46,7.5,6891.56,98779.02,0,98779.02,USD,Thank you for your business!,,2026-05-28T14:25:08.303678,
b61c98c4-c06f-49c9-9f42-b3097961c6b8,6e2684b5-dd18-4549-8440-7276b577d2b5,,,INV-000262,Invoice for Products,sent,2026-02-07,2027-02-04,2026-04-16T22:30:15.303704,,39581.45,20,7916.29,47497.74,0,47497.74,USD,Thank you for your business!,,2025-11-11T14:19:53.303730,
8cc801ea-0f5e-45b3-94ae-8fac5d7d0542,6e2684b5-dd18-4549-8440-7276b577d2b5,5da2298e-5f0c-4285-8f46-abd247b0d326,,INV-000263,Invoice for Subscription,overdue,2025-09-21,2026-08-15,2026-05-15T17:29:07.303804,,48554.06,10,4855.41,53409.47,0,53409.47,USD,Thank you for your business!,,2026-06-08T17:35:57.303822,
d9dd9472-c76d-4a0e-a09f-080e7224ab15,6e2684b5-dd18-4549-8440-7276b577d2b5,,f921c896-a095-4b65-a378-809705a23d70,INV-000264,Invoice for Services,draft,2025-12-06,2026-08-20,,,67309.63,10,6730.96,74040.59,0,74040.59,USD,Thank you for your business!,45f89163-8ff8-4b71-ac7d-6219e1e478bd,2025-09-11T08:28:01.303857,
da73b64b-c0af-48f2-b80b-a5837935e9bb,6e2684b5-dd18-4549-8440-7276b577d2b5,ba72e658-56bf-4e85-8f86-c54ca4148a91,0bfc8bce-2cd4-4b5e-8ad3-a6136f6d3676,INV-000265,Invoice for Products,draft,2026-07-22,2027-01-25,,,58287.23,10,5828.72,64115.95,0,64115.95,USD,Thank you for your business!,,2025-12-06T18:57:39.303887,
5cb0aee7-dfce-455d-8feb-79f66b45eaa0,6e2684b5-dd18-4549-8440-7276b577d2b5,c2fc1af6-b701-4900-96bc-3989ef562c47,,INV-000266,Invoice for Support,partial,2026-05-30,2026-08-16,2026-06-23T05:18:55.303924,,25756.93,10,2575.69,28332.62,14166.31,14166.31,USD,Thank you for your business!,,2025-10-14T03:54:58.303931,
cabd5d21-4031-4cdd-a455-869507b6b677,6e2684b5-dd18-4549-8440-7276b577d2b5,46b2fbcf-b19d-4856-991c-8a4b9b138349,,INV-000267,Invoice for Support,overdue,2025-11-07,2026-08-17,2026-07-14T12:37:13.303959,,67422.52,10,6742.25,74164.77,0,74164.77,USD,Thank you for your business!,,2026-01-01T00:55:20.303965,
ba649dba-f894-4e46-ac9a-6c4898db9fc2,6e2684b5-dd18-4549-8440-7276b577d2b5,812e7774-9f00-4e98-9efd-5487fbf5f493,,INV-000268,Invoice for Consulting,cancelled,2026-04-20,2026-10-05,2026-03-07T15:41:20.303991,,22743.18,20,4548.64,27291.82,0,27291.82,USD,Thank you for your business!,aaf47521-bfcc-4ab8-9922-0510739c5e9c,2025-10-11T02:45:31.303999,
54262526-e03a-458c-a134-e5291a1e723b,6e2684b5-dd18-4549-8440-7276b577d2b5,fa3d2bcd-312f-42a6-96f1-60db0afbdd36,,INV-000269,Invoice for Products,viewed,2025-09-13,2026-10-07,2026-07-15T08:11:57.304025,,79036.82,0,0.0,79036.82,0,79036.82,USD,,,2026-04-29T09:49:53.304031,
df336171-d741-4f53-aacb-438eded220de,6e2684b5-dd18-4549-8440-7276b577d2b5,b8f6d5d3-38a6-4793-ba69-32f69a6d450d,,INV-000270,Invoice for Services,sent,2026-05-07,2027-01-11,2026-07-07T17:16:37.304067,,5426.75,7.5,407.01,5833.76,0,5833.76,USD,,,2026-01-30T06:59:37.304073,
de7dc336-769a-4388-820e-530371f3e6d5,6e2684b5-dd18-4549-8440-7276b577d2b5,,,INV-000271,Invoice for Products,cancelled,2026-03-10,2027-01-04,2026-04-25T00:10:22.304107,,82555.78,0,0.0,82555.78,0,82555.78,USD,Thank you for your business!,,2026-01-19T08:00:07.304113,
b8d937ef-267d-4990-8d98-aca2f044720a,6e2684b5-dd18-4549-8440-7276b577d2b5,,1f4c4a8a-7aa6-4d63-a72e-a8ad16cf83d2,INV-000272,Invoice for Support,draft,2026-04-18,2026-12-04,,,74424.23,8,5953.94,80378.17,0,80378.17,USD,Thank you for your business!,2618e1f8-2b8b-4657-ae59-9a5120959b1a,2025-12-05T00:02:43.304142,
80e1d284-eaa3-42b4-a6ab-0084911cb767,6e2684b5-dd18-4549-8440-7276b577d2b5,862e2903-de88-453f-a75a-92b2d761fd59,,INV-000273,Invoice for Products,cancelled,2025-12-12,2026-09-24,2026-03-10T13:05:33.304169,,532.6,5,26.63,559.23,0,559.23,USD,,,2026-06-27T06:21:45.304175,
96f4b187-4fab-4cf3-8e97-908ac2fb0a72,6e2684b5-dd18-4549-8440-7276b577d2b5,,,INV-000274,Invoice for Consulting,overdue,2025-09-03,2026-08-09,2026-06-12T01:56:02.304200,,47980.14,5,2399.01,50379.15,0,50379.15,USD,,,2025-11-20T11:18:59.304206,
9a3efdba-2bae-4ad7-9bf8-a04713334b2b,6e2684b5-dd18-4549-8440-7276b577d2b5,a02be696-b152-4081-8d16-69752e98fdca,5f4e3e20-eddb-4f9f-b39d-2f53e9c7c7a0,INV-000275,Invoice for Services,paid,2026-05-06,2026-09-24,2026-03-24T20:23:54.304233,2026-06-12T14:42:48.304238,30612.07,7.5,2295.91,32907.98,32907.98,0,USD,Thank you for your business!,,2026-01-10T15:48:02.304244,
2218f46e-dd8a-4ed3-8cde-4718c834b5ac,6e2684b5-dd18-4549-8440-7276b577d2b5,0a2893f5-b12b-428a-b406-397bd643e0e4,3753c5e4-9ef7-491f-b450-c21ca0735454,INV-000276,Invoice for Support,cancelled,2026-07-28,2026-08-24,2026-05-13T03:21:37.304276,,73603.17,20,14720.63,88323.8,0,88323.8,USD,,45f89163-8ff8-4b71-ac7d-6219e1e478bd,2025-08-12T23:20:43.304282,
b6ccb422-d598-4dcc-8819-e6c54883c431,6e2684b5-dd18-4549-8440-7276b577d2b5,,,INV-000277,Invoice for Services,viewed,2025-12-02,2027-01-03,2026-07-15T00:04:37.304308,,12125.37,20,2425.07,14550.44,0,14550.44,USD,Thank you for your business!,,2026-06-07T10:22:20.304314,
bd335282-e14b-411e-b9c2-b68a5307c2d0,6e2684b5-dd18-4549-8440-7276b577d2b5,,d629e687-d5c8-419b-a20b-46b31bf6a45e,INV-000278,Invoice for Subscription,sent,2026-06-09,2026-12-30,2026-07-24T22:38:56.304339,,74914.41,7.5,5618.58,80532.99,0,80532.99,USD,,,2026-05-05T21:10:30.304345,
70ac829f-105c-488f-8332-e45539c43ab5,6e2684b5-dd18-4549-8440-7276b577d2b5,,4931bcf4-ccd7-4a71-b677-495f9845efd8,INV-000279,Invoice for Services,viewed,2026-05-30,2026-11-15,2026-08-06T10:32:22.304371,,89109.97,15,13366.5,102476.47,0,102476.47,USD,,,2025-09-21T00:27:21.304377,
fef42c25-1bea-4f12-b9b3-db0d5e45dfaf,6e2684b5-dd18-4549-8440-7276b577d2b5,785b11dd-2bfe-48de-ba91-e319262603ef,59426c92-1418-476a-b553-fe47037776ac,INV-000280,Invoice for Subscription,draft,2025-08-22,2026-10-24,,,7886.5,7.5,591.49,8477.99,0,8477.99,USD,,,2026-06-08T11:04:18.304405,
7dc5a25f-8abc-4b0f-9bc7-eb9e3ed1d326,6e2684b5-dd18-4549-8440-7276b577d2b5,b78d9a01-eed2-4893-a0e4-7dd5b46a28de,,INV-000281,Invoice for Support,viewed,2026-01-10,2026-10-22,2026-05-20T14:10:52.304456,,69013.33,10,6901.33,75914.66,0,75914.66,USD,,,2026-03-08T08:20:17.304462,
7cb15623-cae4-4009-b079-f7860975f1a2,6e2684b5-dd18-4549-8440-7276b577d2b5,,,INV-000282,Invoice for Support,partial,2026-01-08,2026-08-15,2026-02-24T07:13:04.304488,,32859.01,0,0.0,32859.01,16429.505,16429.505,USD,Thank you for your business!,,2025-10-14T09:35:33.304494,
a5b20e0b-3d7e-4a95-bc61-5b40d0a230a7,6e2684b5-dd18-4549-8440-7276b577d2b5,,,INV-000283,Invoice for Products,paid,2026-03-08,2026-10-29,2026-02-16T07:12:49.304523,2026-07-29T14:44:09.304529,74422.58,7.5,5581.69,80004.27,80004.27,0,USD,Thank you for your business!,,2026-05-05T00:52:34.304534,
029a47dc-bf09-4cc9-aeed-282b2f824036,6e2684b5-dd18-4549-8440-7276b577d2b5,,e64b2218-d49a-4e05-bda0-cedd6fb4d2fa,INV-000284,Invoice for Subscription,partial,2026-04-13,2027-01-14,2026-07-14T23:40:09.304562,,38951.06,8,3116.08,42067.14,21033.57,21033.57,USD,Thank you for your business!,,2025-11-10T19:11:45.304568,
9b0a8c2d-28f0-4e59-897a-be0193222668,6e2684b5-dd18-4549-8440-7276b577d2b5,208ebf72-6cdd-464b-b3e1-33570f0e433b,b4fb2118-94f0-4d1f-85d8-ffaa945069dc,INV-000285,Invoice for Services,cancelled,2025-11-23,2026-12-24,2026-02-25T18:13:09.304595,,53961.95,7.5,4047.15,58009.1,0,58009.1,USD,Thank you for your business!,,2026-07-28T22:31:00.304601,
c52b2f10-5cbf-4556-ac99-3fee7a9f7086,6e2684b5-dd18-4549-8440-7276b577d2b5,,,INV-000286,Invoice for Support,draft,2025-09-15,2026-10-25,,,60574.58,7.5,4543.09,65117.67,0,65117.67,USD,,dbc4950f-6fa0-4443-8772-be729f205a5b,2026-03-19T12:09:46.304632,
bd38783d-a332-481d-9de5-fb541a69f708,6e2684b5-dd18-4549-8440-7276b577d2b5,d0817359-7c82-48f2-822b-9c1fa9d0b182,43d3fff4-d952-4323-a5ae-0014228f24d2,INV-000287,Invoice for Support,sent,2026-01-04,2026-11-24,2026-07-18T10:41:29.304664,,26521.99,0,0.0,26521.99,0,26521.99,USD,Thank you for your business!,aaf04c48-2bd4-48f3-aa20-8a76eeefbc7e,2025-10-02T14:57:14.304671,
2a642fc1-3c99-4d96-bc47-7260f3c3c033,6e2684b5-dd18-4549-8440-7276b577d2b5,,,INV-000288,Invoice for Subscription,viewed,2025-11-19,2026-11-05,2026-06-03T20:41:02.304697,,201.56,10,20.16,221.72,0,221.72,USD,Thank you for your business!,,2026-04-28T15:13:35.304703,
acc487b2-f684-4af5-b025-ec76f65230a6,6e2684b5-dd18-4549-8440-7276b577d2b5,390249ef-6fa6-4b4b-93f9-e47ebae1a444,,INV-000289,Invoice for Products,cancelled,2026-01-11,2026-09-29,2026-05-21T02:08:59.304778,,50044.98,15,7506.75,57551.73,0,57551.73,USD,Thank you for your business!,,2025-11-03T08:16:49.304794,
1149839a-b84e-4e11-baaf-abac04bfe93a,6e2684b5-dd18-4549-8440-7276b577d2b5,57cc0006-2f2a-4b77-980c-ace925c94b5a,,INV-000290,Invoice for Products,sent,2026-01-21,2026-08-25,2026-06-22T16:46:55.304828,,39770.7,5,1988.54,41759.24,0,41759.24,USD,,,2026-01-19T19:13:38.304834,
795a6a4d-0f65-471b-ab3a-832134312f10,6e2684b5-dd18-4549-8440-7276b577d2b5,,72e47958-40e5-4702-ad88-2f00742b91d6,INV-000291,Invoice for Support,overdue,2026-07-08,2026-12-11,2026-07-01T13:16:21.304869,,85987.87,5,4299.39,90287.26,0,90287.26,USD,Thank you for your business!,,2025-10-31T05:32:54.304875,
f2f518b7-a6a0-42b9-b6ad-dee583dc069f,6e2684b5-dd18-4549-8440-7276b577d2b5,,,INV-000292,Invoice for Support,sent,2026-07-11,2026-08-23,2026-04-19T04:13:46.304901,,81537.93,0,0.0,81537.93,0,81537.93,USD,,428fa01e-0c56-4bfd-92e7-4631d9a35d73,2026-05-09T17:31:06.304908,
0effdda5-3079-4886-ab12-7f2799809636,6e2684b5-dd18-4549-8440-7276b577d2b5,,eb7bfd8d-c392-4b67-86fd-eeb7b9733441,INV-000293,Invoice for Subscription,partial,2026-04-05,2027-01-11,2026-03-03T00:59:28.304936,,49034.98,20,9807.0,58841.98,29420.99,29420.99,USD,Thank you for your business!,,2026-01-02T17:30:15.304942,
8fe9d6b6-1335-46fd-a0e0-beead3ab1384,6e2684b5-dd18-4549-8440-7276b577d2b5,60224556-e283-4d41-a791-b2a9c587b5a2,1fdfa7e5-4664-449f-a4e0-e7f42be775dc,INV-000294,Invoice for Consulting,viewed,2025-12-01,2026-08-14,2026-04-29T23:58:30.304970,,56750.36,5,2837.52,59587.88,0,59587.88,USD,Thank you for your business!,,2025-11-18T03:56:07.304976,
d41c126a-cd85-450f-af2c-706b5ae09ec1,6e2684b5-dd18-4549-8440-7276b577d2b5,,b94f9688-e7d0-462f-b6f8-54ff566da376,INV-000295,Invoice for Consulting,viewed,2025-09-29,2026-09-15,2026-03-24T16:34:21.305002,,17320.69,20,3464.14,20784.83,0,20784.83,USD,Thank you for your business!,,2026-06-14T21:51:14.305008,
aacd2094-fd11-4010-a7e4-aec2626eabd8,6e2684b5-dd18-4549-8440-7276b577d2b5,19b0563b-b79b-43d5-a0cc-7a422dce3ea7,497e49ac-a5cc-4f23-a4d5-2e65403e2f74,INV-000296,Invoice for Subscription,paid,2025-09-29,2026-08-30,2026-07-28T23:07:04.305036,2026-06-11T04:24:43.305042,61920.35,7.5,4644.03,66564.38,66564.38,0,USD,,,2026-03-03T04:00:43.305047,
560178ca-d67d-4fce-a5d4-454bb09f6324,6e2684b5-dd18-4549-8440-7276b577d2b5,,6ebce9ee-be64-4374-aab5-3a28d2f5963f,INV-000297,Invoice for Products,cancelled,2025-08-30,2026-10-16,2026-02-23T23:09:25.305078,,86170.11,10,8617.01,94787.12,0,94787.12,USD,Thank you for your business!,,2026-06-02T06:52:23.305084,
eed39326-5124-43fb-9d28-1b5791bf5dc1,6e2684b5-dd18-4549-8440-7276b577d2b5,1dbf7607-e4bf-4244-ac24-52827e364215,f06d5004-19c8-4e3e-938b-61b4c819f1aa,INV-000298,Invoice for Support,sent,2025-12-27,2026-08-12,2026-07-14T19:04:32.305111,,47433.7,0,0.0,47433.7,0,47433.7,USD,,,2026-01-26T14:03:40.305117,
0af5e367-ed69-4a38-9407-9fd9ab795c81,6e2684b5-dd18-4549-8440-7276b577d2b5,e3989ca8-0638-4617-812c-d91438b3986d,b893931c-eca7-45f8-b1e4-21b6b380a8f5,INV-000299,Invoice for Services,draft,2026-01-01,2026-11-02,,,59245.15,15,8886.77,68131.92,0,68131.92,USD,Thank you for your business!,,2026-02-01T12:54:27.305146,
bcd23ee3-782b-4e6e-a818-c18e494342e5,6e2684b5-dd18-4549-8440-7276b577d2b5,bbba7133-1190-4d94-b2d6-591678436f8e,dd119659-17c8-478f-a44b-f7850917ab50,INV-000300,Invoice for Consulting,cancelled,2025-12-16,2026-12-19,2026-08-01T15:32:21.305177,,12418.67,5,620.93,13039.6,0,13039.6,USD,Thank you for your business!,,2026-08-01T16:50:45.305183,
47da3007-58c9-4d61-9f64-f35396224fc4,6e2684b5-dd18-4549-8440-7276b577d2b5,,9c92fd72-ba5b-4015-910c-0f20f78c0ce1,INV-000301,Invoice for Products,viewed,2026-03-10,2027-01-29,2026-06-17T12:42:29.305209,,39429.33,20,7885.87,47315.2,0,47315.2,USD,,,2025-10-30T18:22:36.305215,
f70ab6a2-1cb3-4be9-83a8-de5618c9d060,6e2684b5-dd18-4549-8440-7276b577d2b5,,,INV-000302,Invoice for Products,overdue,2025-12-10,2026-11-24,2026-07-10T05:22:23.305243,,2049.58,8,163.97,2213.55,0,2213.55,USD,Thank you for your business!,,2025-11-23T21:33:20.305249,
23c998ee-b021-40eb-bb43-36d96029c5ee,6e2684b5-dd18-4549-8440-7276b577d2b5,,57e081b1-29e0-44d4-aa34-b18b1c8ca753,INV-000303,Invoice for Products,sent,2026-04-08,2026-10-27,2026-02-16T21:43:29.305278,,49504.68,0,0.0,49504.68,0,49504.68,USD,,,2025-09-09T23:04:35.305285,
9d491942-2c93-4d32-95d8-e8b2a885c708,6e2684b5-dd18-4549-8440-7276b577d2b5,4c915838-c2aa-4ed9-9cd9-201b3bf3d4b8,,INV-000304,Invoice for Support,partial,2026-03-27,2026-10-11,2026-04-30T16:51:06.305313,,24184.79,10,2418.48,26603.27,13301.635,13301.635,USD,Thank you for your business!,4ff4d407-f3b3-407e-a2e2-f2a8bd998ecd,2026-01-17T15:22:59.305320,
64f36392-0793-47e6-8fe1-97fe6a8d2100,6e2684b5-dd18-4549-8440-7276b577d2b5,99b2edbc-d9eb-4ee4-a2c7-f1417aeab8f0,,INV-000305,Invoice for Subscription,overdue,2026-05-09,2026-08-29,2026-04-11T23:00:12.305346,,15286.12,0,0.0,15286.12,0,15286.12,USD,Thank you for your business!,,2026-07-12T13:07:52.305352,
2f598ea4-6f2d-4edf-bed8-7e61565729c0,6e2684b5-dd18-4549-8440-7276b577d2b5,,,INV-000306,Invoice for Services,partial,2026-07-14,2026-09-27,2026-06-23T06:51:26.305378,,32404.01,7.5,2430.3,34834.31,17417.155,17417.155,USD,Thank you for your business!,,2025-08-15T21:57:09.305384,
afdf2012-1464-4184-baa6-8cf82cde5106,6e2684b5-dd18-4549-8440-7276b577d2b5,7f9505cd-9cb7-4cf2-821a-4a065a9f21d7,,INV-000307,Invoice for Products,overdue,2025-12-07,2026-11-04,2026-05-05T01:43:49.305414,,55590.94,0,0.0,55590.94,0,55590.94,USD,Thank you for your business!,,2026-02-19T07:49:19.305420,
1e444a02-4c59-4398-ab50-bf780fb7fab1,6e2684b5-dd18-4549-8440-7276b577d2b5,a1a1fcf9-a5fe-4e5f-a909-9d6e97b2e30b,,INV-000308,Invoice for Products,draft,2026-01-01,2026-11-07,,,69326.94,8,5546.16,74873.1,0,74873.1,USD,,,2026-06-27T12:13:33.305453,
e8086ff7-09a5-49ef-9d6e-b0eaa116c81d,6e2684b5-dd18-4549-8440-7276b577d2b5,3e4f156c-9fd6-4b5c-9d40-68df769b2f9d,2243036d-30f5-4114-afc5-0f338177ea92,INV-000309,Invoice for Consulting,overdue,2025-09-09,2026-09-01,2026-07-17T22:49:55.305486,,34246.95,10,3424.7,37671.65,0,37671.65,USD,,,2025-11-14T20:32:56.305492,
188efcec-8e09-4ab6-8438-5db576fa48d5,6e2684b5-dd18-4549-8440-7276b577d2b5,805885f5-80fe-461c-9e5e-6ef6364484d2,,INV-000310,Invoice for Consulting,partial,2026-01-07,2026-10-30,2026-03-18T08:18:45.305523,,7079.62,8,566.37,7645.99,3822.995,3822.995,USD,Thank you for your business!,,2026-05-30T04:46:26.305529,
8fa4001c-d693-4f17-adcc-0fd88a39c3cf,6e2684b5-dd18-4549-8440-7276b577d2b5,,,INV-000311,Invoice for Services,viewed,2026-06-08,2026-09-10,2026-02-19T23:27:21.305555,,90666.24,15,13599.94,104266.18,0,104266.18,USD,,,2025-11-01T10:36:31.305560,
1fa89117-0ebb-4bd0-b95d-fb8dd6fbcc72,6e2684b5-dd18-4549-8440-7276b577d2b5,d4650ef7-057f-4fdf-b875-8a093c0609ad,4931bcf4-ccd7-4a71-b677-495f9845efd8,INV-000312,Invoice for Support,paid,2026-08-02,2026-09-19,2026-07-13T22:27:30.305588,2026-07-10T12:22:58.305593,27611.13,20,5522.23,33133.36,33133.36,0,USD,,,2025-08-21T00:58:31.305626,
86b952ea-1348-4f82-bffb-709d3fa971a7,6e2684b5-dd18-4549-8440-7276b577d2b5,,dd016af4-a992-40e0-b161-0b8b75494333,INV-000313,Invoice for Services,partial,2025-10-12,2026-12-08,2026-04-21T17:11:36.305675,,96937.94,0,0.0,96937.94,48468.97,48468.97,USD,Thank you for your business!,,2026-02-11T15:14:02.305681,
b2abbb1d-d368-49aa-9346-23f8a4a4e1c1,6e2684b5-dd18-4549-8440-7276b577d2b5,939685c0-2a92-469f-963c-4c6aa31453cc,,INV-000314,Invoice for Products,cancelled,2026-07-01,2026-10-08,2026-02-20T03:46:32.305715,,61579.83,20,12315.97,73895.8,0,73895.8,USD,,,2025-09-29T12:59:46.305720,
d9ee303f-f8d2-446d-b2ff-c3dd9fcea86a,6e2684b5-dd18-4549-8440-7276b577d2b5,,3f3af6ca-69ae-4018-928a-eaabbbfc9cb8,INV-000315,Invoice for Support,partial,2025-08-16,2027-01-10,2026-07-05T22:14:08.305748,,30192.46,0,0.0,30192.46,15096.23,15096.23,USD,Thank you for your business!,,2025-09-15T00:41:44.305754,
cc724d08-863b-48b0-9fc8-9fa7b1dd6bea,6e2684b5-dd18-4549-8440-7276b577d2b5,,,INV-000316,Invoice for Consulting,partial,2026-07-29,2026-08-13,2026-03-11T22:13:25.305780,,64828.59,8,5186.29,70014.88,35007.44,35007.44,USD,Thank you for your business!,,2026-03-13T10:43:13.305785,
4192ad37-22e8-41a1-9c42-41b3a5d7d436,6e2684b5-dd18-4549-8440-7276b577d2b5,,,INV-000317,Invoice for Consulting,sent,2025-11-01,2026-08-24,2026-07-04T12:49:46.305819,,6592.48,7.5,494.44,7086.92,0,7086.92,USD,,,2025-10-18T19:49:05.305825,
f8ab919c-ac78-4a98-9c9f-fa34383ef5c3,6e2684b5-dd18-4549-8440-7276b577d2b5,d692b1ea-5e9f-4701-a982-e7cad3e7a81d,,INV-000318,Invoice for Support,sent,2026-05-23,2026-12-05,2026-03-21T07:11:39.305853,,76692.57,7.5,5751.94,82444.51,0,82444.51,USD,Thank you for your business!,,2025-12-09T05:37:40.305859,
d0f0bdf8-d15e-46df-9a7c-a3e2c0e81bd9,6e2684b5-dd18-4549-8440-7276b577d2b5,cd91c3d4-f59e-404a-a3b6-d2215749d580,b1823e3c-a569-48e9-881f-da6d26132684,INV-000319,Invoice for Services,draft,2026-02-25,2027-01-06,,,55224.3,8,4417.94,59642.24,0,59642.24,USD,Thank you for your business!,,2026-04-13T03:31:55.305891,
3ea03e3e-39d2-451a-9545-5c96fcee3e39,6e2684b5-dd18-4549-8440-7276b577d2b5,,,INV-000320,Invoice for Services,viewed,2025-09-15,2027-01-27,2026-05-30T17:42:39.305916,,99934.1,10,9993.41,109927.51,0,109927.51,USD,,e0614b0f-43ee-4a53-b906-3f53fd035bc9,2025-11-18T15:29:47.305924,
826f21de-3907-4373-bb56-c7b8b6fad68e,6e2684b5-dd18-4549-8440-7276b577d2b5,,,INV-000321,Invoice for Support,viewed,2026-07-22,2026-08-09,2026-05-11T03:18:33.305949,,46384.44,0,0.0,46384.44,0,46384.44,USD,,,2026-02-06T22:20:44.305955,
5d7c472a-40eb-4b76-8293-a121747913f8,6e2684b5-dd18-4549-8440-7276b577d2b5,,,INV-000322,Invoice for Subscription,partial,2026-02-11,2026-12-18,2026-04-29T03:15:26.305984,,72188.73,0,0.0,72188.73,36094.365,36094.365,USD,Thank you for your business!,3dc3c9fd-c13a-4b6b-b3bd-9322b436be84,2026-02-28T15:59:35.305991,
0b3757c5-9b5a-4222-bf4c-6f8dd226288a,6e2684b5-dd18-4549-8440-7276b577d2b5,,56b1ecc1-5357-4e8f-b57b-b2ea58c8c675,INV-000323,Invoice for Support,draft,2026-07-08,2026-11-07,,,81146.08,0,0.0,81146.08,0,81146.08,USD,,,2025-10-10T18:47:22.306019,
2726ddaf-b8ca-4534-abf6-090a9e4d0546,6e2684b5-dd18-4549-8440-7276b577d2b5,692095d8-788d-46d3-8322-af2528809ee6,59147001-5885-4696-8b40-6ad538b9654e,INV-000324,Invoice for Consulting,partial,2026-06-14,2027-01-14,2026-03-01T14:28:35.306047,,6735.01,8,538.8,7273.81,3636.905,3636.905,USD,,c94d4a08-8c44-4754-adc5-822dc5f3c197,2026-04-04T06:57:54.306054,
8db22ccc-e635-4af4-847e-47a919831426,6e2684b5-dd18-4549-8440-7276b577d2b5,,,INV-000325,Invoice for Support,draft,2026-07-10,2026-12-27,,,19047.38,15,2857.11,21904.49,0,21904.49,USD,Thank you for your business!,,2025-09-24T02:48:05.306081,
d37b626b-cfd0-4b71-90b2-ed9c9571180f,6e2684b5-dd18-4549-8440-7276b577d2b5,f21ec36b-5f72-49a6-864f-23a2dfb0ff75,,INV-000326,Invoice for Consulting,overdue,2026-06-30,2026-12-15,2026-07-22T12:00:11.306107,,15594.5,10,1559.45,17153.95,0,17153.95,USD,,477ce31c-a7c6-4599-b7cc-228cd5f3f376,2026-03-08T15:43:36.306114,
5a9f3550-2ec9-4cf8-a1e0-4728d54f52f2,6e2684b5-dd18-4549-8440-7276b577d2b5,7ddeb7b9-e4ad-4001-b27b-414d50a7b3e1,,INV-000327,Invoice for Consulting,sent,2025-11-07,2026-11-27,2026-03-30T02:30:40.306145,,97676.49,8,7814.12,105490.61,0,105490.61,USD,Thank you for your business!,,2026-02-15T07:06:42.306151,
fc424862-3145-47cd-9d57-330366b4fa11,6e2684b5-dd18-4549-8440-7276b577d2b5,8edc390d-d58f-45e0-bbba-a0f3e3564cfe,7cdd0858-8a40-4144-a7ff-1cef66d8f36d,INV-000328,Invoice for Consulting,cancelled,2026-03-21,2026-10-29,2026-04-03T08:55:18.306178,,7984.69,20,1596.94,9581.63,0,9581.63,USD,Thank you for your business!,,2026-03-30T09:55:05.306184,
94573635-d284-403c-be78-24fd474187d7,6e2684b5-dd18-4549-8440-7276b577d2b5,85d752db-a83b-41ab-a0f0-b2b693c6dbd3,b20927d7-c6e6-4e68-843c-32f7456ac90d,INV-000329,Invoice for Consulting,cancelled,2026-07-12,2026-10-06,2026-02-12T18:46:08.306212,,86952.56,5,4347.63,91300.19,0,91300.19,USD,,,2025-10-14T03:03:28.306218,
c02dc702-6de5-4c8a-8309-8bf5d97c03e7,6e2684b5-dd18-4549-8440-7276b577d2b5,894cec95-d2dc-4180-887f-2a9ad31f5bf3,,INV-000330,Invoice for Products,draft,2026-04-04,2026-09-13,,,6098.45,20,1219.69,7318.14,0,7318.14,USD,Thank you for your business!,,2025-10-05T01:56:23.306244,
0add7bab-a190-493b-9369-4437304befe9,6e2684b5-dd18-4549-8440-7276b577d2b5,64871839-624e-43f6-b360-1a4f4786be8f,978890c1-29da-4d53-b8e1-b3da2c6dd03c,INV-000331,Invoice for Subscription,draft,2026-07-25,2027-01-02,,,47787.25,20,9557.45,57344.7,0,57344.7,USD,,,2025-12-20T22:37:58.306272,
aa5d1e87-4aac-4b31-a780-17095ac31b30,6e2684b5-dd18-4549-8440-7276b577d2b5,cdb3b73f-4956-47ee-8f9c-7e4cdf9b17a1,,INV-000332,Invoice for Services,draft,2026-07-09,2026-11-29,,,16546.02,0,0.0,16546.02,0,16546.02,USD,,,2025-08-21T03:16:27.306299,
1e0e43fd-4783-4df2-a9af-e56f705b6a51,6e2684b5-dd18-4549-8440-7276b577d2b5,,b9c93874-2c07-4e86-acaa-8f57a1a5157d,INV-000333,Invoice for Consulting,partial,2026-06-27,2027-02-04,2026-03-16T16:25:33.306330,,65121.69,20,13024.34,78146.03,39073.015,39073.015,USD,,,2026-04-25T18:49:47.306336,
cc96fab2-815f-45c0-bdb5-b6b900fe019b,6e2684b5-dd18-4549-8440-7276b577d2b5,,54e27a40-2f7e-4e86-9dd3-16846665f101,INV-000334,Invoice for Support,partial,2026-01-05,2026-08-16,2026-06-03T14:02:03.306362,,76861.3,20,15372.26,92233.56,46116.78,46116.78,USD,,,2026-06-24T07:51:28.306368,
e2c7f492-7c7d-4ef3-9939-4adfeee5fbaf,6e2684b5-dd18-4549-8440-7276b577d2b5,,,INV-000335,Invoice for Services,paid,2025-08-19,2027-01-19,2026-03-18T09:34:12.306399,2026-07-11T07:00:37.306404,46008.74,15,6901.31,52910.05,52910.05,0,USD,,,2025-08-24T05:18:18.306410,
6d8b0189-63bd-4e30-b38e-905d59238ae5,6e2684b5-dd18-4549-8440-7276b577d2b5,105da872-c5bc-4aa0-bb3b-9e86cecf25fb,,INV-000336,Invoice for Consulting,overdue,2026-04-04,2026-08-13,2026-06-26T12:12:36.306443,,3960.1,7.5,297.01,4257.11,0,4257.11,USD,,,2025-12-12T20:51:28.306455,
298f6d03-55ba-4d14-961a-12c22f797a22,6e2684b5-dd18-4549-8440-7276b577d2b5,,,INV-000337,Invoice for Services,paid,2026-04-13,2026-09-03,2026-05-15T16:34:54.306482,2026-05-09T18:24:22.306487,64315.18,7.5,4823.64,69138.82,69138.82,0,USD,Thank you for your business!,,2026-07-13T20:51:16.306493,
7eda200a-c3b5-4fb1-8a76-061927770b45,6e2684b5-dd18-4549-8440-7276b577d2b5,b8623603-9a35-40a9-81bc-43ccde4c60d8,35ee847f-9c60-4ff4-9f34-24394f27738f,INV-000338,Invoice for Products,cancelled,2026-02-28,2027-01-28,2026-06-24T12:34:53.306524,,713.16,8,57.05,770.21,0,770.21,USD,,,2026-06-19T09:38:19.306530,
89e265ac-bab8-4edc-bd0f-64d44159cd2a,6e2684b5-dd18-4549-8440-7276b577d2b5,,,INV-000339,Invoice for Services,viewed,2026-03-01,2026-11-08,2026-03-05T08:11:25.306555,,88847.95,8,7107.84,95955.79,0,95955.79,USD,Thank you for your business!,,2025-11-10T14:06:26.306561,
a6d2a981-ef9e-4d90-a8d8-20f57ff277a4,6e2684b5-dd18-4549-8440-7276b577d2b5,,,INV-000340,Invoice for Products,cancelled,2025-08-26,2027-01-30,2026-02-10T20:49:32.306586,,92009.04,20,18401.81,110410.85,0,110410.85,USD,Thank you for your business!,,2026-04-24T06:26:14.306592,
c1e45db6-9da9-4966-aae6-f752c46d6cdc,6e2684b5-dd18-4549-8440-7276b577d2b5,,,INV-000341,Invoice for Services,draft,2026-06-27,2026-10-23,,,35399.97,20,7079.99,42479.96,0,42479.96,USD,Thank you for your business!,,2026-04-22T01:09:16.306617,
ae72c316-48e7-43ac-806c-80b6e077b1c9,6e2684b5-dd18-4549-8440-7276b577d2b5,7ee842c5-a528-42c1-82f9-0b49c4db4df3,cfdfb271-373e-48aa-be1d-f0aabe7ab2fb,INV-000342,Invoice for Products,viewed,2026-03-11,2026-09-26,2026-03-25T06:45:41.306645,,90955.52,20,18191.1,109146.62,0,109146.62,USD,Thank you for your business!,,2025-12-25T21:58:59.306650,
5d007f2a-be50-43b4-8686-9847254b7cb5,6e2684b5-dd18-4549-8440-7276b577d2b5,795f72db-4269-471e-8b33-95c2cec3e8e4,,INV-000343,Invoice for Products,cancelled,2026-07-29,2026-11-27,2026-07-25T13:35:29.306681,,94868.63,20,18973.73,113842.36,0,113842.36,USD,,,2025-08-09T13:37:17.306686,
e31eafff-c37b-4b4c-bb16-7a3d3e450bf8,6e2684b5-dd18-4549-8440-7276b577d2b5,,,INV-000344,Invoice for Consulting,draft,2026-03-16,2026-08-16,,,14868.06,0,0.0,14868.06,0,14868.06,USD,Thank you for your business!,,2026-08-06T11:27:12.306712,
b0672a27-66fe-4819-8a52-66ac8a98f9b1,6e2684b5-dd18-4549-8440-7276b577d2b5,83959589-8b74-45e1-9cdb-24e06b6afe31,,INV-000345,Invoice for Support,paid,2026-06-16,2026-08-28,2026-04-14T22:18:30.306739,2026-07-28T16:41:14.306744,74484.6,20,14896.92,89381.52,89381.52,0,USD,,,2026-07-16T18:53:54.306756,
08edd1b4-4b5a-4195-b4b0-17beb396a481,6e2684b5-dd18-4549-8440-7276b577d2b5,e367610b-bbbd-4039-bd08-55ba0f9877d2,,INV-000346,Invoice for Support,sent,2025-10-20,2026-12-13,2026-05-21T04:11:15.306790,,88372.5,15,13255.88,101628.38,0,101628.38,USD,Thank you for your business!,,2025-09-29T04:05:27.306796,
60a91cd3-ba38-45ba-a67d-ffc71f0700bb,6e2684b5-dd18-4549-8440-7276b577d2b5,,,INV-000347,Invoice for Products,overdue,2026-07-27,2026-11-24,2026-06-11T03:41:05.306821,,47873.08,5,2393.65,50266.73,0,50266.73,USD,,,2025-11-19T17:19:44.306827,
e0436741-6dbe-411f-853c-a66efc2c3c08,6e2684b5-dd18-4549-8440-7276b577d2b5,c4c59c67-fd27-4ba3-b5bc-b9555448523d,5373fb0b-43be-4446-9719-8a7d9ad8b50d,INV-000348,Invoice for Consulting,paid,2026-01-12,2027-01-05,2026-06-30T02:07:14.306858,2026-05-12T10:05:34.306863,33516.17,7.5,2513.71,36029.88,36029.88,0,USD,,,2026-05-23T10:41:38.306869,
d9fda08a-280d-4e70-b07b-e06dbd5237c3,6e2684b5-dd18-4549-8440-7276b577d2b5,8dac206a-35f2-408c-aa67-ce89f824b5b8,9b5f2080-123b-4a4b-b631-73cdfb21e7a0,INV-000349,Invoice for Consulting,sent,2025-12-22,2027-02-04,2026-05-22T05:40:03.306896,,28237.13,15,4235.57,32472.7,0,32472.7,USD,Thank you for your business!,,2026-07-11T16:45:01.306902,
eed9d82f-d743-4def-b3f0-afd20817d882,6e2684b5-dd18-4549-8440-7276b577d2b5,3097fbeb-794a-4427-a555-d35864e4cbf2,52543ee3-6d90-4a89-9386-2f60319d6b3d,INV-000350,Invoice for Support,partial,2025-10-04,2026-11-07,2026-07-12T13:09:02.306929,,1768.17,10,176.82,1944.99,972.495,972.495,USD,,,2025-08-29T21:12:57.306935,
8a9a0b03-4850-4566-9b04-33d167c0c8b9,6e2684b5-dd18-4549-8440-7276b577d2b5,419b3b22-ccef-4b5f-b199-3e24d89cd370,2602d07a-905a-44c6-9967-13357a05e41c,INV-000351,Invoice for Subscription,sent,2026-03-29,2026-09-03,2026-06-30T18:52:27.306965,,97319.72,5,4865.99,102185.71,0,102185.71,USD,,,2026-05-09T12:04:24.306970,
aabc215e-7d63-4209-88c2-4816e8eadb91,6e2684b5-dd18-4549-8440-7276b577d2b5,,,INV-000352,Invoice for Support,partial,2025-09-27,2026-09-29,2026-04-26T13:23:20.306995,,66178.85,7.5,4963.41,71142.26,35571.13,35571.13,USD,,,2026-04-23T17:03:48.307005,
21a375df-ecac-4bd5-aec3-710186b8c927,6e2684b5-dd18-4549-8440-7276b577d2b5,,,INV-000353,Invoice for Subscription,cancelled,2025-11-16,2027-01-06,2026-07-20T08:34:14.307030,,40413.55,7.5,3031.02,43444.57,0,43444.57,USD,Thank you for your business!,,2026-07-13T09:37:26.307036,
598bbba3-97d2-4366-bf84-50a92467b2e5,6e2684b5-dd18-4549-8440-7276b577d2b5,5f8dbcad-860c-4d2c-8277-792241b22e9c,,INV-000354,Invoice for Consulting,overdue,2025-10-19,2026-10-31,2026-07-10T00:03:08.307068,,66291.86,15,9943.78,76235.64,0,76235.64,USD,Thank you for your business!,,2026-05-29T05:05:02.307074,
912757f7-2c39-48c8-8cc6-8ead4059ef22,6e2684b5-dd18-4549-8440-7276b577d2b5,c60d613f-1193-4ef1-b3fc-75c1efb617bb,497e49ac-a5cc-4f23-a4d5-2e65403e2f74,INV-000355,Invoice for Consulting,partial,2025-08-24,2026-10-08,2026-07-28T15:35:39.307100,,37804.96,15,5670.74,43475.7,21737.85,21737.85,USD,,f2a5cf14-acc8-4679-9b93-d65d3060f265,2026-05-27T07:03:22.307107,
d1ee0d2d-3991-4b4a-aa5a-d752154df365,6e2684b5-dd18-4549-8440-7276b577d2b5,,,INV-000356,Invoice for Support,overdue,2026-01-19,2026-10-27,2026-06-27T23:49:44.307133,,90947.42,7.5,6821.06,97768.48,0,97768.48,USD,,,2026-04-23T17:35:53.307139,
7c32b9b8-53de-40e9-97f5-0052c092b3f3,6e2684b5-dd18-4549-8440-7276b577d2b5,,,INV-000357,Invoice for Subscription,cancelled,2025-08-27,2026-08-10,2026-02-09T09:26:45.307168,,1700.38,10,170.04,1870.42,0,1870.42,USD,,,2025-12-24T18:48:50.307174,
bb80fc3e-dc1d-4c43-952e-322fd99e23de,6e2684b5-dd18-4549-8440-7276b577d2b5,,840a6d20-e4ee-4156-9597-318b2c8eb398,INV-000358,Invoice for Consulting,draft,2025-10-26,2026-09-14,,,57863.46,5,2893.17,60756.63,0,60756.63,USD,,,2026-06-30T21:51:33.307204,
974d2123-bebc-47a6-9133-5edf12ddb5af,6e2684b5-dd18-4549-8440-7276b577d2b5,,9c92fd72-ba5b-4015-910c-0f20f78c0ce1,INV-000359,Invoice for Services,cancelled,2026-01-01,2027-01-11,2026-03-23T22:37:23.307230,,48322.07,10,4832.21,53154.28,0,53154.28,USD,Thank you for your business!,,2026-07-25T17:30:57.307236,
1cf8536c-8653-46ae-93ff-2edf762f6c45,6e2684b5-dd18-4549-8440-7276b577d2b5,860f91a4-ce29-4ca3-a5a3-5748343dae9b,,INV-000360,Invoice for Products,overdue,2026-04-04,2027-01-19,2026-03-19T18:20:12.307262,,9655.43,20,1931.09,11586.52,0,11586.52,USD,Thank you for your business!,34178a3a-2bc5-4cd3-a083-42ef0f2fd7f7,2025-10-26T16:20:49.307269,
d7413107-95ac-4fe0-a805-d720be33449c,6e2684b5-dd18-4549-8440-7276b577d2b5,,,INV-000361,Invoice for Consulting,viewed,2025-11-13,2026-08-27,2026-03-17T06:22:08.307294,,27792.32,5,1389.62,29181.94,0,29181.94,USD,,,2026-08-03T12:39:25.307300,
b590eaef-6e4c-4a55-aa34-155e607c1d62,6e2684b5-dd18-4549-8440-7276b577d2b5,,,INV-000362,Invoice for Products,paid,2026-06-03,2026-10-27,2026-06-09T04:51:50.307325,2026-07-18T10:31:40.307330,42563.39,0,0.0,42563.39,42563.39,0,USD,Thank you for your business!,,2025-08-14T07:43:45.307336,
1bd937f1-16f0-45f0-8f8b-f9356df154c7,6e2684b5-dd18-4549-8440-7276b577d2b5,8544160c-9132-45fc-b00d-0480b4621a9b,,INV-000363,Invoice for Services,draft,2026-06-01,2026-10-07,,,94198.44,5,4709.92,98908.36,0,98908.36,USD,,a2ea2bfe-f1c1-4405-96eb-ca69807ac92f,2026-01-30T10:41:54.307368,
0eee0832-bd9c-46a1-b196-5227f9b25d47,6e2684b5-dd18-4549-8440-7276b577d2b5,4cd699ec-f357-4659-97e6-ee5dc3f7dc3d,0bfc8bce-2cd4-4b5e-8ad3-a6136f6d3676,INV-000364,Invoice for Support,overdue,2025-08-11,2026-10-29,2026-03-12T02:08:44.307396,,64459.72,5,3222.99,67682.71,0,67682.71,USD,Thank you for your business!,,2026-02-20T06:17:16.307402,
a7c8bbcd-7ff9-4349-a843-b8debc66690c,6e2684b5-dd18-4549-8440-7276b577d2b5,2aaab331-85eb-436f-b3df-8dc43647a12d,,INV-000365,Invoice for Support,partial,2025-10-09,2026-11-15,2026-05-26T16:27:39.307428,,10887.23,5,544.36,11431.59,5715.795,5715.795,USD,Thank you for your business!,,2026-01-15T04:50:15.307434,
7a3dce5f-d0b1-4bbf-a177-7c33d627e6f3,6e2684b5-dd18-4549-8440-7276b577d2b5,,,INV-000366,Invoice for Consulting,partial,2026-04-07,2026-11-14,2026-03-29T15:29:31.307466,,72466.31,0,0.0,72466.31,36233.155,36233.155,USD,Thank you for your business!,,2026-06-19T07:02:06.307472,
fb1a09e6-11b6-44f7-b2dd-a7539df0a323,6e2684b5-dd18-4549-8440-7276b577d2b5,,59426c92-1418-476a-b553-fe47037776ac,INV-000367,Invoice for Subscription,viewed,2025-12-19,2026-08-15,2026-08-06T11:48:01.307502,,24660.03,20,4932.01,29592.04,0,29592.04,USD,,,2026-01-12T11:20:53.307509,
4b6ec206-f151-4bc6-bd24-496cabe7a761,6e2684b5-dd18-4549-8440-7276b577d2b5,,,INV-000368,Invoice for Products,partial,2026-02-16,2026-10-07,2026-08-01T21:14:39.307538,,11872.99,0,0.0,11872.99,5936.495,5936.495,USD,Thank you for your business!,7aea6f79-8a55-4687-98c8-cca8787d2dfa,2026-02-03T03:46:40.307546,
13209960-889a-4527-8c56-85f146112e75,6e2684b5-dd18-4549-8440-7276b577d2b5,57d3baf6-d19f-45d7-8908-efca3838290d,bc1008f4-5529-4232-9ece-3d33047da864,INV-000369,Invoice for Subscription,overdue,2025-09-18,2027-01-24,2026-02-25T21:19:24.307574,,23307.85,10,2330.78,25638.63,0,25638.63,USD,,,2026-04-28T05:51:14.307580,
76d3401b-e19d-40d0-993b-ca1a42211dbb,6e2684b5-dd18-4549-8440-7276b577d2b5,5fe61f0e-8534-46be-94b7-a282abb01ee7,,INV-000370,Invoice for Subscription,paid,2025-11-03,2026-12-19,2026-05-29T12:42:52.307611,2026-05-11T18:30:35.307616,1788.84,5,89.44,1878.28,1878.28,0,USD,,,2025-11-18T16:49:15.307622,
3a294162-9b01-4c05-b4f3-07ea18f071c9,6e2684b5-dd18-4549-8440-7276b577d2b5,42f67c11-c590-47c8-bed0-6576944abd87,,INV-000371,Invoice for Support,viewed,2025-11-16,2026-09-09,2026-05-28T10:08:48.307647,,39507.03,15,5926.05,45433.08,0,45433.08,USD,,,2025-11-30T18:40:22.307653,
7cace26b-cfd5-4ff9-8ac0-49df160a9e61,6e2684b5-dd18-4549-8440-7276b577d2b5,,348fb924-00ad-4daa-b665-13e5836e2f29,INV-000372,Invoice for Services,cancelled,2026-04-24,2026-12-12,2026-08-02T01:35:35.307678,,91553.71,10,9155.37,100709.08,0,100709.08,USD,,74c1c7c5-3a05-4322-be7b-7ed666197215,2026-07-22T15:33:31.307685,
67923f9f-ebf4-4fc1-a213-25048448a6bb,6e2684b5-dd18-4549-8440-7276b577d2b5,acf8e04d-cf1c-4691-8411-840a01623041,d90d67e4-48d6-4f52-ae1b-e6192c6f74cc,INV-000373,Invoice for Support,draft,2025-09-17,2026-10-21,,,18500.11,0,0.0,18500.11,0,18500.11,USD,,,2026-03-26T21:37:51.307719,
a2108cfd-0ae1-4ee9-bf1b-017377ce5c61,6e2684b5-dd18-4549-8440-7276b577d2b5,11225ff3-bb95-4f14-a047-c9bfbe378e6a,66d64b82-b1ff-4d56-9b57-757acb74ca05,INV-000374,Invoice for Products,draft,2025-09-17,2026-12-31,,,51661.39,20,10332.28,61993.67,0,61993.67,USD,,,2025-11-05T18:46:17.307746,
5cecffb4-9556-4990-9eb8-4ac1428f360e,6e2684b5-dd18-4549-8440-7276b577d2b5,d0bf0c17-affc-4581-a0ca-6cb1149f6af2,,INV-000375,Invoice for Consulting,paid,2026-01-16,2026-11-11,2026-05-07T05:38:34.307857,2026-06-25T05:58:48.307872,82884.6,15,12432.69,95317.29,95317.29,0,USD,Thank you for your business!,,2025-09-07T20:03:26.307880,
7c375587-f41c-4caf-af3f-1926ee9a04ef,6e2684b5-dd18-4549-8440-7276b577d2b5,,ad9a280d-fbd8-480c-aa40-8b5cb910a46d,INV-000376,Invoice for Subscription,partial,2026-01-13,2026-12-17,2026-06-08T16:22:42.307911,,89024.75,20,17804.95,106829.7,53414.85,53414.85,USD,,,2025-12-05T16:13:12.307917,
a46fecd3-3949-4698-abfa-1ac5cc05e91a,6e2684b5-dd18-4549-8440-7276b577d2b5,,,INV-000377,Invoice for Consulting,cancelled,2025-11-08,2026-12-22,2026-04-10T16:30:05.307943,,76337.08,8,6106.97,82444.05,0,82444.05,USD,,,2025-12-23T14:10:01.307952,
212c323d-3337-49d2-8e97-43a0ba47ed49,6e2684b5-dd18-4549-8440-7276b577d2b5,f0cdf44a-60df-4322-8b42-6e98502a7110,,INV-000378,Invoice for Products,sent,2026-05-23,2026-09-23,2026-07-28T04:37:10.307980,,64743.97,20,12948.79,77692.76,0,77692.76,USD,Thank you for your business!,,2025-10-03T10:32:09.307986,
3716b914-bbd2-48d4-a6b5-0bad38e2aaf5,6e2684b5-dd18-4549-8440-7276b577d2b5,,e0b92913-5a14-44a2-9a62-8b07fa229d72,INV-000379,Invoice for Products,paid,2025-08-28,2026-08-09,2026-05-31T14:43:30.308019,2026-06-11T01:34:17.308024,49366.84,0,0.0,49366.84,49366.84,0,USD,,,2026-02-22T19:56:30.308030,
4f628559-5c1a-47ed-86b4-1cb7c711175b,6e2684b5-dd18-4549-8440-7276b577d2b5,a8b14d6f-3e8b-4263-8e02-c9174b6f050f,,INV-000380,Invoice for Services,sent,2025-08-15,2027-01-28,2026-05-13T20:41:25.308057,,86461.47,8,6916.92,93378.39,0,93378.39,USD,,4527d267-9590-416f-a30f-273755ad69d0,2025-12-12T12:16:46.308064,
22b7c4c5-a7cc-476b-9c4c-d087fbaef08b,6e2684b5-dd18-4549-8440-7276b577d2b5,55ca3dba-1048-4c9b-95c4-7d951ea7767a,30537498-9609-490b-a479-ad586daa77ab,INV-000381,Invoice for Services,sent,2026-03-09,2026-08-22,2026-05-08T11:19:30.308092,,21196.28,15,3179.44,24375.72,0,24375.72,USD,,,2026-02-17T15:19:27.308099,
d60f2d4a-7a29-406c-ba5b-7041965999f4,6e2684b5-dd18-4549-8440-7276b577d2b5,,,INV-000382,Invoice for Subscription,cancelled,2026-03-25,2026-10-31,2026-03-13T12:42:03.308124,,8747.24,8,699.78,9447.02,0,9447.02,USD,Thank you for your business!,6fe1bf69-0b4c-4842-8ae3-8dfdfc2e80a1,2025-10-09T02:15:09.308132,
6b211be4-d759-4590-9dc2-19431de4cc35,6e2684b5-dd18-4549-8440-7276b577d2b5,b8623603-9a35-40a9-81bc-43ccde4c60d8,dfe00094-a810-463d-b052-5528c1c1f6b3,INV-000383,Invoice for Support,overdue,2026-02-11,2026-09-29,2026-03-27T07:52:34.308164,,96165.49,20,19233.1,115398.59,0,115398.59,USD,,,2025-10-28T15:54:13.308169,
52cc6a06-6465-49eb-a345-452eda5ae05a,6e2684b5-dd18-4549-8440-7276b577d2b5,b0fc6ebc-bf8b-4a72-8564-a98ee22a32e9,,INV-000384,Invoice for Support,sent,2026-03-26,2026-08-15,2026-05-20T11:25:44.308204,,11918.21,0,0.0,11918.21,0,11918.21,USD,Thank you for your business!,,2025-08-27T23:49:09.308210,
64a4bd8a-7378-43cc-91ad-e63a59107c87,6e2684b5-dd18-4549-8440-7276b577d2b5,,acb072b8-736c-4479-b469-55ece4bba04e,INV-000385,Invoice for Subscription,sent,2025-10-21,2026-11-30,2026-05-11T18:08:19.308239,,82480.25,15,12372.04,94852.29,0,94852.29,USD,Thank you for your business!,,2026-02-25T08:13:47.308245,
5bdd6c65-ea31-4ff1-b2a3-45b67e2da012,6e2684b5-dd18-4549-8440-7276b577d2b5,,a684758b-9d7d-4a70-84ec-0a5207fc1efb,INV-000386,Invoice for Subscription,cancelled,2025-10-09,2027-02-05,2026-03-29T10:29:42.308273,,80436.15,8,6434.89,86871.04,0,86871.04,USD,,,2025-12-15T23:08:03.308282,
aa38aba4-eb84-4797-9a47-0fd27f5b19db,6e2684b5-dd18-4549-8440-7276b577d2b5,,,INV-000387,Invoice for Products,paid,2026-06-14,2026-09-12,2026-03-26T21:20:05.308309,2026-05-20T17:44:47.308314,48660.14,8,3892.81,52552.95,52552.95,0,USD,,,2026-01-11T17:39:19.308320,
1e5f7583-4808-49bf-9844-75fafbeabf0b,6e2684b5-dd18-4549-8440-7276b577d2b5,,,INV-000388,Invoice for Products,overdue,2025-10-25,2026-08-21,2026-03-01T00:10:16.308344,,63252.72,10,6325.27,69577.99,0,69577.99,USD,Thank you for your business!,,2026-02-08T17:15:15.308350,
ef0a587f-3d37-4931-b878-c4d0f93bd831,6e2684b5-dd18-4549-8440-7276b577d2b5,432cc84e-ff25-414d-a65f-a6e6e035beac,371fa42b-ac5f-4eb8-9e1b-4494a40404b4,INV-000389,Invoice for Support,viewed,2026-03-19,2026-09-23,2026-04-28T03:36:41.308381,,39155.93,15,5873.39,45029.32,0,45029.32,USD,Thank you for your business!,,2025-09-17T18:59:54.308386,
81070336-45bf-41a5-9d6d-34314c337040,6e2684b5-dd18-4549-8440-7276b577d2b5,90f8d6dc-8ada-4b89-9a90-a2b17e1496c2,,INV-000390,Invoice for Services,sent,2026-06-06,2026-09-20,2026-02-26T03:31:59.308427,,36247.31,5,1812.37,38059.68,0,38059.68,USD,,,2025-12-09T10:56:26.308433,
7b84dfbf-c2c0-4a12-b35c-3c867c9da0f9,6e2684b5-dd18-4549-8440-7276b577d2b5,e2fa3ced-2fac-455b-b5ee-2fb0380edc27,51799094-b05c-4065-8cb7-c74a325090ce,INV-000391,Invoice for Consulting,viewed,2026-03-28,2026-09-07,2026-05-17T18:30:21.308466,,54545.64,0,0.0,54545.64,0,54545.64,USD,,,2025-12-28T16:34:10.308472,
caa139a1-6fda-4ac0-8a29-c67374f41bcc,6e2684b5-dd18-4549-8440-7276b577d2b5,bed1b741-8232-46b7-ad24-2fd9e8f7ba36,,INV-000392,Invoice for Consulting,overdue,2026-07-30,2026-10-31,2026-04-17T16:20:59.308499,,85487.39,15,12823.11,98310.5,0,98310.5,USD,,,2025-12-25T16:18:53.308504,
20a2b51c-49d5-445d-9326-1df7af9de22d,6e2684b5-dd18-4549-8440-7276b577d2b5,4047e81a-f5b9-44b7-b955-59fe0d591c8c,,INV-000393,Invoice for Support,cancelled,2026-03-27,2026-12-29,2026-07-30T07:21:16.308530,,87379.89,5,4368.99,91748.88,0,91748.88,USD,,,2026-03-24T12:34:15.308536,
9d3986b5-33e2-4a0f-a587-0364cb7e1cf7,6e2684b5-dd18-4549-8440-7276b577d2b5,918fae07-ee2e-48e0-94e8-dd9661290d11,cfdfb271-373e-48aa-be1d-f0aabe7ab2fb,INV-000394,Invoice for Support,overdue,2026-02-14,2026-12-25,2026-05-21T14:01:48.308575,,95928.59,8,7674.29,103602.88,0,103602.88,USD,,4e16d65c-abb6-4a39-abc0-569c968b74fa,2026-06-11T18:21:38.308582,
b1bc1915-bc87-41a7-8538-22ea090e6523,6e2684b5-dd18-4549-8440-7276b577d2b5,663193aa-3133-4cb8-a2b1-e7a5a3fdb576,,INV-000395,Invoice for Consulting,sent,2025-08-12,2026-10-25,2026-02-11T20:55:04.308608,,43665.83,7.5,3274.94,46940.77,0,46940.77,USD,Thank you for your business!,,2026-06-25T16:34:36.308614,
1aaeb2d8-34e8-4669-a03d-7f5b3e2da68b,6e2684b5-dd18-4549-8440-7276b577d2b5,182b0bf9-246f-4ef8-93d9-e81f2750fc36,9f0fadba-1c00-4c53-95ea-575d853d86fd,INV-000396,Invoice for Services,paid,2026-05-20,2026-12-14,2026-07-27T23:50:11.308642,2026-05-20T00:24:43.308647,12884.63,8,1030.77,13915.4,13915.4,0,USD,Thank you for your business!,,2026-08-02T09:51:56.308653,
e29423f6-4400-4d6b-96dc-4f5042a78ccb,6e2684b5-dd18-4549-8440-7276b577d2b5,,,INV-000397,Invoice for Consulting,paid,2025-09-02,2026-12-29,2026-05-09T05:36:35.308677,2026-07-04T06:34:46.308683,83801.66,7.5,6285.12,90086.78,90086.78,0,USD,Thank you for your business!,,2026-05-22T21:21:30.308688,
e4d30122-efca-4273-aa16-508ac8ab7d7b,6e2684b5-dd18-4549-8440-7276b577d2b5,b31fef4b-b99e-484e-b915-6454b4152a34,,INV-000398,Invoice for Products,cancelled,2026-07-01,2026-09-09,2026-05-05T05:29:39.308714,,49085.99,7.5,3681.45,52767.44,0,52767.44,USD,,,2026-06-15T19:00:38.308720,
097a13e4-dddd-4570-a37f-401d38b77762,6e2684b5-dd18-4549-8440-7276b577d2b5,,7cdd0858-8a40-4144-a7ff-1cef66d8f36d,INV-000399,Invoice for Consulting,overdue,2025-08-15,2027-01-18,2026-05-05T01:08:02.308756,,80367.33,20,16073.47,96440.8,0,96440.8,USD,,d845310d-3431-4a7c-8a5c-639e476c6fb5,2026-06-05T01:05:40.308763,
7653f452-cad8-432c-aba0-f1646bbb2066,6e2684b5-dd18-4549-8440-7276b577d2b5,6caa2645-80f8-4145-89ff-a825b55617c6,724f6b34-6a69-48c1-b40d-5c7ad4fa9216,INV-000400,Invoice for Services,viewed,2026-04-15,2026-08-07,2026-06-26T07:14:50.308791,,7610.64,15,1141.6,8752.24,0,8752.24,USD,Thank you for your business!,,2025-10-18T10:29:47.308797,
ebcd043a-4d93-4658-bf65-8e45f497b8ef,6e2684b5-dd18-4549-8440-7276b577d2b5,5dffcb2b-af38-4109-8a6f-de5e74fa78e9,,INV-000401,Invoice for Subscription,draft,2026-07-30,2026-11-08,,,71115.45,0,0.0,71115.45,0,71115.45,USD,Thank you for your business!,,2026-01-21T09:14:30.308824,
40799beb-a918-4751-98f2-070933cf56ea,6e2684b5-dd18-4549-8440-7276b577d2b5,,505377a0-7f5d-4cad-aa63-cf6dc70ea780,INV-000402,Invoice for Services,draft,2026-06-06,2026-10-17,,,35006.29,15,5250.94,40257.23,0,40257.23,USD,Thank you for your business!,,2026-07-09T17:54:18.308855,
4bc1ccc8-e139-4eda-be98-b3412a615249,6e2684b5-dd18-4549-8440-7276b577d2b5,,,INV-000403,Invoice for Support,draft,2026-05-06,2026-08-17,,,25705.5,5,1285.28,26990.78,0,26990.78,USD,,,2025-09-04T14:05:37.308882,
060eefec-e1a7-4f20-993c-9c4e6aeb5768,6e2684b5-dd18-4549-8440-7276b577d2b5,,,INV-000404,Invoice for Products,viewed,2026-04-05,2026-09-28,2026-02-05T05:32:11.308912,,153.84,7.5,11.54,165.38,0,165.38,USD,,,2026-04-20T13:07:54.308918,
caf04448-fdac-4f7a-ab22-88a91485be7e,6e2684b5-dd18-4549-8440-7276b577d2b5,,,INV-000405,Invoice for Services,viewed,2025-08-27,2026-09-21,2026-02-27T16:29:32.308943,,77664.67,8,6213.17,83877.84,0,83877.84,USD,Thank you for your business!,458d1c17-8678-4a02-bb06-1408fb625500,2025-10-25T21:58:44.308953,
4c545edb-5707-4c1a-be37-e541b1f6a907,6e2684b5-dd18-4549-8440-7276b577d2b5,,912a43f6-c2e9-4813-8478-6326cd752971,INV-000406,Invoice for Subscription,overdue,2026-02-17,2026-11-16,2026-06-18T08:37:47.308980,,81617.42,0,0.0,81617.42,0,81617.42,USD,,,2026-02-12T16:40:40.308986,
3deee4a6-0395-429e-90a4-e5eb42d095c3,6e2684b5-dd18-4549-8440-7276b577d2b5,6e7ccd25-880a-4863-8c50-df2415d0be40,,INV-000407,Invoice for Products,viewed,2026-03-29,2026-08-27,2026-03-25T11:59:28.309012,,87251.1,8,6980.09,94231.19,0,94231.19,USD,,,2026-01-15T18:08:00.309018,
4479c02f-8ce2-4312-bb94-b6d5b3ef91f9,6e2684b5-dd18-4549-8440-7276b577d2b5,10850647-be46-4e95-8bec-63056be1885b,be729519-e553-48ad-b650-10a2f88022f3,INV-000408,Invoice for Services,paid,2026-01-03,2026-08-15,2026-06-08T00:44:03.309046,2026-06-09T10:57:40.309051,23060.38,0,0.0,23060.38,23060.38,0,USD,,,2026-04-11T22:14:03.309057,
3529d1cc-8515-4d5f-835b-9ade01082518,6e2684b5-dd18-4549-8440-7276b577d2b5,ee0b2713-4dc7-40d1-bbc5-adfe64bdcbf6,e28f16f6-7bba-4a59-a1ce-f3935e09ba36,INV-000409,Invoice for Subscription,viewed,2025-09-03,2026-11-12,2026-04-15T01:22:46.309089,,35549.95,7.5,2666.25,38216.2,0,38216.2,USD,Thank you for your business!,c783d61d-3f22-44d5-996d-4adec3ad1f30,2025-11-19T20:02:46.309096,
97234f3f-2c5f-466e-b272-a10193608cac,6e2684b5-dd18-4549-8440-7276b577d2b5,,b1823e3c-a569-48e9-881f-da6d26132684,INV-000410,Invoice for Consulting,paid,2025-10-30,2026-09-12,2026-06-13T17:35:30.309121,2026-04-21T12:01:44.309126,44881.54,8,3590.52,48472.06,48472.06,0,USD,Thank you for your business!,,2026-06-12T20:18:15.309132,
c1ef2726-df34-4198-a14a-6525e158fd52,6e2684b5-dd18-4549-8440-7276b577d2b5,,1e0bef27-abae-4ac0-b406-9504780a15af,INV-000411,Invoice for Consulting,overdue,2026-03-08,2027-02-03,2026-05-08T03:15:45.309158,,90536.33,10,9053.63,99589.96,0,99589.96,USD,,,2026-08-02T19:47:14.309164,
667902cc-19d8-4ea2-8d9a-c862ddbba471,6e2684b5-dd18-4549-8440-7276b577d2b5,f502b643-79f7-4a50-a6a2-150f9835d9d3,e28f16f6-7bba-4a59-a1ce-f3935e09ba36,INV-000412,Invoice for Support,viewed,2026-05-06,2027-01-23,2026-04-12T13:44:41.309190,,42234.91,8,3378.79,45613.7,0,45613.7,USD,Thank you for your business!,,2025-09-10T12:48:56.309195,
d103a768-b9c3-4cf9-9a0c-37826f407294,6e2684b5-dd18-4549-8440-7276b577d2b5,13fa98fc-d412-4dca-b7a4-c6f6fad01afb,e406f5f5-ab6d-41f0-b7ed-2dba5500dc21,INV-000413,Invoice for Consulting,viewed,2025-10-22,2026-09-10,2026-02-23T09:09:20.309222,,65036.71,7.5,4877.75,69914.46,0,69914.46,USD,,28ae993d-9e0b-4527-b724-32aa245d0e22,2026-02-21T06:43:06.309230,
902c0c4d-f2c7-452e-ad95-c7fc5a12d326,6e2684b5-dd18-4549-8440-7276b577d2b5,d6c8e8ca-0c5c-4fd7-a073-5edb8d56117c,,INV-000414,Invoice for Support,sent,2026-07-28,2026-12-06,2026-03-05T06:19:55.309260,,38723.23,7.5,2904.24,41627.47,0,41627.47,USD,Thank you for your business!,,2026-03-01T00:32:03.309265,
495694c3-6393-4678-8d39-8732dae03f27,6e2684b5-dd18-4549-8440-7276b577d2b5,74098cf0-3948-4ade-9f56-376e96c13b2a,ca0e7933-1638-4f8e-94e0-1f08b7051d22,INV-000415,Invoice for Services,partial,2025-09-28,2026-09-25,2026-05-12T04:56:48.309298,,88313.85,20,17662.77,105976.62,52988.31,52988.31,USD,,d81f953a-a8ba-48e3-bb19-5f0b40afb809,2026-05-16T10:31:52.309306,
bb035efe-7cf0-42fd-b68f-89f145e9c5ec,6e2684b5-dd18-4549-8440-7276b577d2b5,,,INV-000416,Invoice for Subscription,cancelled,2026-04-17,2027-01-19,2026-07-01T07:13:35.309331,,50271.14,15,7540.67,57811.81,0,57811.81,USD,,c2965216-b16b-4295-9a2b-a1e78ac85736,2026-06-20T19:36:47.309338,
5f27ae16-a711-4b2c-a1f2-6ace85b34cd2,6e2684b5-dd18-4549-8440-7276b577d2b5,,,INV-000417,Invoice for Consulting,sent,2026-06-23,2026-08-20,2026-05-08T21:45:41.309362,,55566.05,10,5556.6,61122.65,0,61122.65,USD,Thank you for your business!,,2025-10-25T15:51:52.309368,
496a7ee0-b854-4761-838e-53de219d013f,6e2684b5-dd18-4549-8440-7276b577d2b5,,,INV-000418,Invoice for Subscription,paid,2025-10-26,2027-01-13,2026-03-30T14:10:35.309393,2026-07-10T14:02:17.309398,92640.67,20,18528.13,111168.8,111168.8,0,USD,,,2026-07-20T21:40:10.309404,
fc334bd9-4178-43c2-9d0f-7a01d34a72a0,6e2684b5-dd18-4549-8440-7276b577d2b5,,,INV-000419,Invoice for Products,viewed,2026-07-24,2026-11-12,2026-02-14T19:10:04.309430,,76153.25,10,7615.32,83768.57,0,83768.57,USD,,fd91ca40-5530-4a9a-9a6f-43eb6e42c371,2025-11-23T10:11:07.309440,
9ecd9332-1601-4978-b439-92ce4167bf12,6e2684b5-dd18-4549-8440-7276b577d2b5,,34482421-116b-466c-9b36-d3a69b03d6c7,INV-000420,Invoice for Consulting,viewed,2025-12-06,2026-08-22,2026-05-02T00:35:01.309476,,14718.55,8,1177.48,15896.03,0,15896.03,USD,,0250bbd3-1c35-4745-bbd1-2ffa59d5d37a,2025-10-27T23:39:26.309483,
4393520d-b152-434c-b9fc-c20ff2356a79,6e2684b5-dd18-4549-8440-7276b577d2b5,3e774ef3-f313-45d6-bda5-e2f9cf41f219,f3a76e83-0a6d-49fe-968b-dffeae388cab,INV-000421,Invoice for Support,partial,2025-10-14,2026-10-07,2026-04-01T13:24:37.309509,,86996.03,5,4349.8,91345.83,45672.915,45672.915,USD,Thank you for your business!,,2026-06-03T17:06:45.309515,
9751bb52-43fd-4c43-81a8-42bc06088b17,6e2684b5-dd18-4549-8440-7276b577d2b5,,bce60fe5-da87-4cf1-acdb-a342b0b27ba7,INV-000422,Invoice for Services,draft,2025-10-25,2026-12-30,,,73576.02,0,0.0,73576.02,0,73576.02,USD,Thank you for your business!,,2026-03-22T14:40:22.309542,
8a23f6fc-570b-4c2b-80e2-bafa5f830dc0,6e2684b5-dd18-4549-8440-7276b577d2b5,,848a1845-563a-442e-81af-56cf082e899a,INV-000423,Invoice for Consulting,cancelled,2025-09-28,2026-11-27,2026-07-25T21:24:02.309568,,58684.13,20,11736.83,70420.96,0,70420.96,USD,,,2025-09-28T02:21:50.309574,
4f0e2812-90fe-4add-a2df-db2c185e9a42,6e2684b5-dd18-4549-8440-7276b577d2b5,,,INV-000424,Invoice for Support,viewed,2025-11-01,2027-01-09,2026-07-09T03:18:59.309598,,72700.89,15,10905.13,83606.02,0,83606.02,USD,Thank you for your business!,,2025-12-12T09:56:50.309604,
808fd531-f947-4698-9c93-77298fd1bcc7,6e2684b5-dd18-4549-8440-7276b577d2b5,cdb3b73f-4956-47ee-8f9c-7e4cdf9b17a1,b41bb409-e1da-4ce2-9f82-d4328210c2fa,INV-000425,Invoice for Subscription,viewed,2026-03-12,2026-11-27,2026-08-05T04:49:00.309639,,69772.84,0,0.0,69772.84,0,69772.84,USD,,,2025-09-04T12:52:54.309645,
3bdbfdd5-5ed3-4879-9e13-be8cb1c894a6,6e2684b5-dd18-4549-8440-7276b577d2b5,0cf99252-5696-46da-bbea-1a25d0b0c955,,INV-000426,Invoice for Products,sent,2025-08-23,2026-08-15,2026-07-30T22:23:42.309671,,91879.38,8,7350.35,99229.73,0,99229.73,USD,,9baeefef-01a9-4e9a-b8e6-26b828ba75c6,2025-10-13T08:25:19.309678,
2b7face2-5284-474d-b418-226a999a17eb,6e2684b5-dd18-4549-8440-7276b577d2b5,,,INV-000427,Invoice for Consulting,partial,2026-04-13,2026-12-19,2026-06-10T13:18:01.309703,,13982.6,10,1398.26,15380.86,7690.43,7690.43,USD,,,2026-04-12T07:07:14.309709,
e1dd13b8-6782-4ffb-9a81-5c723f98beca,6e2684b5-dd18-4549-8440-7276b577d2b5,b3c7dc12-d59d-4a20-80b5-e445e410a0f7,,INV-000428,Invoice for Services,overdue,2026-02-22,2027-02-05,2026-03-04T14:51:05.309812,,80716.18,8,6457.29,87173.47,0,87173.47,USD,,,2025-08-30T02:12:33.309818,
bca6baa5-a54f-458f-bd7f-d8b83f653d1a,6e2684b5-dd18-4549-8440-7276b577d2b5,,,INV-000429,Invoice for Subscription,partial,2026-05-10,2026-09-26,2026-08-02T14:30:40.309846,,92817.02,0,0.0,92817.02,46408.51,46408.51,USD,,6ef20b8c-c060-42a3-99ed-071b657c70f0,2025-09-29T09:45:00.309854,
4c813945-01a4-4f23-a6ee-5cab3344d50f,6e2684b5-dd18-4549-8440-7276b577d2b5,411303fb-72d1-4140-9532-2d4431e86155,30537498-9609-490b-a479-ad586daa77ab,INV-000430,Invoice for Products,sent,2026-08-03,2026-11-12,2026-04-28T00:44:08.309886,,5019.85,8,401.59,5421.44,0,5421.44,USD,,e2a2c509-4bff-4e1d-9e3b-a9bc12ce65b4,2026-06-28T07:50:37.309893,
ee9de08d-7690-49f9-9a48-4676f2f024de,6e2684b5-dd18-4549-8440-7276b577d2b5,,ea0f9ef8-baf3-4e9d-b070-f68292801da0,INV-000431,Invoice for Consulting,cancelled,2026-05-02,2026-10-06,2026-04-20T02:12:27.309924,,27396.38,7.5,2054.73,29451.11,0,29451.11,USD,Thank you for your business!,,2026-03-03T15:37:44.309930,
a45afef2-74fb-40e6-a601-ad75f6f7f72d,6e2684b5-dd18-4549-8440-7276b577d2b5,,c7bcd921-d295-46ba-abcc-9e23f6834d26,INV-000432,Invoice for Subscription,overdue,2025-08-14,2026-08-07,2026-02-10T03:37:12.309963,,96977.4,0,0.0,96977.4,0,96977.4,USD,Thank you for your business!,,2025-09-23T09:20:07.309969,
dc15feba-5f84-4d3a-8a6f-7c9c050e7c06,6e2684b5-dd18-4549-8440-7276b577d2b5,,,INV-000433,Invoice for Products,draft,2025-11-17,2026-12-09,,,18278.71,8,1462.3,19741.01,0,19741.01,USD,Thank you for your business!,,2026-04-28T16:41:52.309995,
4695903b-800a-4992-9a37-3d5c0250f7eb,6e2684b5-dd18-4549-8440-7276b577d2b5,38ddf9ca-4459-4024-9f4f-a7e983f1d1f8,27cee455-fe2f-4af6-b2d4-cb3e29f5068c,INV-000434,Invoice for Products,sent,2026-02-19,2026-08-09,2026-04-30T00:35:58.310022,,39371.15,15,5905.67,45276.82,0,45276.82,USD,,9f0d02b2-d23c-4b8d-8f50-aa5df53a4f01,2026-04-06T08:21:38.310029,
e73ddf07-80a3-45e2-b352-ad0dee2e66af,6e2684b5-dd18-4549-8440-7276b577d2b5,7a365a94-4be6-403b-8ee5-26f2d9ad5460,912a43f6-c2e9-4813-8478-6326cd752971,INV-000435,Invoice for Services,cancelled,2025-08-14,2026-09-22,2026-04-22T10:46:43.310059,,62355.69,15,9353.35,71709.04,0,71709.04,USD,Thank you for your business!,,2025-08-07T17:24:10.310065,
623b8138-0f0c-4fea-86bf-1bd43affc068,6e2684b5-dd18-4549-8440-7276b577d2b5,,,INV-000436,Invoice for Products,cancelled,2025-09-22,2026-08-10,2026-06-13T13:29:04.310089,,50234.85,8,4018.79,54253.64,0,54253.64,USD,,,2025-10-18T08:52:07.310095,
fd914205-2412-4747-a378-d3fbc43934c8,6e2684b5-dd18-4549-8440-7276b577d2b5,,,INV-000437,Invoice for Consulting,viewed,2025-12-25,2026-09-11,2026-07-20T15:45:27.310124,,91401.32,7.5,6855.1,98256.42,0,98256.42,USD,,,2025-09-20T05:12:53.310130,
bdd72330-5646-4e1f-a4e9-809699d0c852,6e2684b5-dd18-4549-8440-7276b577d2b5,60d1473d-99c8-4495-92cd-a86dceedd720,,INV-000438,Invoice for Subscription,sent,2026-03-08,2026-09-06,2026-03-24T19:38:34.310156,,99776.96,7.5,7483.27,107260.23,0,107260.23,USD,Thank you for your business!,,2026-06-01T08:30:00.310162,
08c48785-2977-4206-a301-c347e5f88397,6e2684b5-dd18-4549-8440-7276b577d2b5,,,INV-000439,Invoice for Subscription,partial,2026-04-28,2026-09-18,2026-04-27T18:52:50.310188,,26828.25,7.5,2012.12,28840.37,14420.185,14420.185,USD,,,2025-08-17T06:57:01.310194,
28ae9913-ab17-445e-80d5-a09a68b958cf,6e2684b5-dd18-4549-8440-7276b577d2b5,48ff26cc-42ba-45c8-9ac4-020b9a823c7e,,INV-000440,Invoice for Services,cancelled,2026-07-03,2027-01-25,2026-07-01T08:44:11.310220,,20787.48,10,2078.75,22866.23,0,22866.23,USD,,,2026-05-28T11:04:09.310226,
7d19a959-6a4b-491b-815c-831a995acc5d,6e2684b5-dd18-4549-8440-7276b577d2b5,734e1b38-e267-4216-a246-bffe0ac3c252,c4462773-4d88-46ab-95d6-5f1ebeecd42c,INV-000441,Invoice for Subscription,paid,2026-01-21,2026-10-26,2026-08-05T23:56:05.310259,2026-07-06T13:23:55.310265,92597.92,15,13889.69,106487.61,106487.61,0,USD,Thank you for your business!,,2025-12-15T13:33:40.310271,
5dca98e2-3ae5-4b49-86bc-2429e335d1ce,6e2684b5-dd18-4549-8440-7276b577d2b5,,,INV-000442,Invoice for Support,overdue,2026-08-01,2026-08-31,2026-06-04T01:18:35.310295,,60870.61,7.5,4565.3,65435.91,0,65435.91,USD,,,2026-04-10T23:28:24.310301,
a86d7d13-6a5d-482b-8a45-78b1cea3058a,6e2684b5-dd18-4549-8440-7276b577d2b5,,4002f4bf-10ab-4384-ae33-6e350c43547e,INV-000443,Invoice for Services,paid,2026-03-18,2026-12-31,2026-03-07T02:11:39.310327,2026-06-10T22:36:00.310332,19671.29,10,1967.13,21638.42,21638.42,0,USD,Thank you for your business!,,2025-08-21T15:04:07.310337,
71e09a8e-1b44-4ecc-9949-bb8c138c1bc1,6e2684b5-dd18-4549-8440-7276b577d2b5,,,INV-000444,Invoice for Subscription,draft,2025-12-03,2026-08-09,,,13011.52,7.5,975.86,13987.38,0,13987.38,USD,Thank you for your business!,,2026-06-06T09:43:45.310363,
82d8faf2-d690-46fc-a185-7c90e5219df5,6e2684b5-dd18-4549-8440-7276b577d2b5,,,INV-000445,Invoice for Services,sent,2025-09-03,2026-10-05,2026-02-25T09:10:15.310388,,43272.75,0,0.0,43272.75,0,43272.75,USD,,ab99a42d-112d-4c47-a646-7386f296299c,2026-01-27T21:03:35.310395,
6ae52601-769d-49be-af7e-0a18b700ad96,6e2684b5-dd18-4549-8440-7276b577d2b5,,,INV-000446,Invoice for Support,paid,2025-12-06,2026-12-25,2026-05-12T07:15:55.310430,2026-05-11T16:10:12.310435,57324.42,20,11464.88,68789.3,68789.3,0,USD,,,2026-05-22T11:14:39.310440,
e9cf72ce-14a4-4738-82fd-313ac8c3db9e,6e2684b5-dd18-4549-8440-7276b577d2b5,0d165180-50f7-4d2c-89d9-958f5a6d80bd,,INV-000447,Invoice for Consulting,viewed,2025-12-13,2026-09-13,2026-04-08T01:28:36.310477,,92643.49,7.5,6948.26,99591.75,0,99591.75,USD,,,2026-03-30T07:31:24.310482,
9c9c43a4-3928-4b78-9ccf-cc186df32c19,6e2684b5-dd18-4549-8440-7276b577d2b5,,,INV-000448,Invoice for Products,paid,2025-08-07,2026-10-07,2026-06-10T13:11:24.310507,2026-06-26T20:48:33.310512,8899.45,15,1334.92,10234.37,10234.37,0,USD,Thank you for your business!,,2026-04-09T20:01:19.310518,
bc67fc9f-ed86-4f1c-97a5-31ab6f08c82e,6e2684b5-dd18-4549-8440-7276b577d2b5,51927e4c-394d-4756-9b11-caee860dcefc,,INV-000449,Invoice for Subscription,overdue,2026-03-30,2026-08-19,2026-06-23T01:23:32.310544,,5687.4,0,0.0,5687.4,0,5687.4,USD,,34e2e1f4-8ca7-4b82-9150-3976fe62d9e1,2026-05-29T17:17:48.310550,
bb076af1-ec17-4342-af46-a2baf53251b1,6e2684b5-dd18-4549-8440-7276b577d2b5,4903ee4f-d44e-4291-afff-952ff1f9bec9,ce0d981f-b498-4143-a9ce-a2bd998c9f91,INV-000450,Invoice for Products,cancelled,2026-02-02,2026-11-25,2026-07-26T06:07:45.310576,,57359.36,10,5735.94,63095.3,0,63095.3,USD,,,2025-11-26T14:44:22.310582,
2f9c35da-eff2-4722-ad86-7e8e9c3b95d2,6e2684b5-dd18-4549-8440-7276b577d2b5,,a85375e1-e6d3-4c09-9f60-72605e2f471b,INV-000451,Invoice for Services,cancelled,2025-10-25,2026-11-21,2026-05-08T09:18:37.310626,,65641.81,15,9846.27,75488.08,0,75488.08,USD,,,2025-12-09T23:46:49.310632,
00b70fc9-3c71-4201-ab42-f5e697480d8e,6e2684b5-dd18-4549-8440-7276b577d2b5,16729ee9-3da3-4a35-ad1a-08967f5b40c3,c7bcd921-d295-46ba-abcc-9e23f6834d26,INV-000452,Invoice for Support,partial,2025-11-28,2027-02-04,2026-03-10T06:56:49.310660,,16032.65,0,0.0,16032.65,8016.325,8016.325,USD,,,2026-02-02T19:54:50.310666,
20019a41-5cc5-4066-88eb-2977b5ccbed4,6e2684b5-dd18-4549-8440-7276b577d2b5,ee6a5eab-dcee-45cd-a189-6eaf5c58c7a5,3620c053-7943-4e32-9e69-c83f90f67ca3,INV-000453,Invoice for Support,cancelled,2026-03-17,2026-08-19,2026-02-23T15:12:05.310697,,72916.41,0,0.0,72916.41,0,72916.41,USD,Thank you for your business!,42985b14-8a19-437c-97d1-c491f103d4d4,2026-01-08T11:42:03.310704,
39609afc-440c-41d4-98b2-9ae70affa924,6e2684b5-dd18-4549-8440-7276b577d2b5,,a684758b-9d7d-4a70-84ec-0a5207fc1efb,INV-000454,Invoice for Support,partial,2026-02-28,2027-01-27,2026-04-10T03:24:41.310730,,71988.77,10,7198.88,79187.65,39593.825,39593.825,USD,Thank you for your business!,,2025-12-01T21:51:17.310736,
c4859745-d702-4d98-a387-efb3ad107a7d,6e2684b5-dd18-4549-8440-7276b577d2b5,,354c92ee-b7a7-4582-a9c5-e727027ac048,INV-000455,Invoice for Subscription,partial,2026-08-03,2026-10-26,2026-07-09T20:02:36.310762,,55984.98,8,4478.8,60463.78,30231.89,30231.89,USD,,,2026-04-06T06:55:37.310768,
9a0ce664-311b-4c78-ae4f-6d7fa7e76f6d,6e2684b5-dd18-4549-8440-7276b577d2b5,ed5a72d6-ea00-41ea-b5c5-4bc513730b17,,INV-000456,Invoice for Consulting,viewed,2025-12-20,2026-10-12,2026-03-10T14:50:42.310800,,93299.03,8,7463.92,100762.95,0,100762.95,USD,,,2025-09-11T20:09:40.310806,
d7698a11-8087-49fb-8f9b-d44fdbce8a9d,6e2684b5-dd18-4549-8440-7276b577d2b5,549dda8e-475c-42f7-a5bb-1db8b48c8481,,INV-000457,Invoice for Consulting,cancelled,2025-11-21,2027-01-24,2026-06-02T12:50:05.310833,,52890.76,20,10578.15,63468.91,0,63468.91,USD,,,2025-11-07T07:26:14.310838,
0ebc659f-67a6-4e6f-8c7c-4aa23eb6fcad,6e2684b5-dd18-4549-8440-7276b577d2b5,1f1e355d-93aa-4bcc-8388-00dff719f147,,INV-000458,Invoice for Consulting,cancelled,2026-03-16,2026-08-21,2026-03-18T10:19:56.310870,,85630.31,0,0.0,85630.31,0,85630.31,USD,,,2026-07-10T15:21:03.310876,
a5e6c752-bdbd-4e18-a10b-d2fd9d833f5f,6e2684b5-dd18-4549-8440-7276b577d2b5,,,INV-000459,Invoice for Products,viewed,2026-05-10,2027-01-01,2026-02-17T19:41:37.310901,,86451.28,15,12967.69,99418.97,0,99418.97,USD,Thank you for your business!,,2026-01-23T13:28:57.310907,
e8f4a12b-f0e4-4323-90fc-2cdf8e1c4a3f,6e2684b5-dd18-4549-8440-7276b577d2b5,dd96546f-19f7-4786-a7af-b6a27fb84836,,INV-000460,Invoice for Products,draft,2026-06-28,2027-01-21,,,54326.12,10,5432.61,59758.73,0,59758.73,USD,,,2026-03-09T03:36:43.310933,
e6cd7add-ea11-44bb-8c29-1bc3bb20dd82,6e2684b5-dd18-4549-8440-7276b577d2b5,,,INV-000461,Invoice for Services,cancelled,2026-04-01,2026-12-31,2026-07-10T07:52:45.310958,,56139.39,20,11227.88,67367.27,0,67367.27,USD,,,2025-10-02T02:37:44.310964,
661ba4de-200e-4b16-a609-5f59ad942c10,6e2684b5-dd18-4549-8440-7276b577d2b5,c3be5103-37f7-43e4-94b0-b82515819ca8,,INV-000462,Invoice for Support,cancelled,2026-06-26,2026-09-30,2026-05-31T02:25:28.310993,,8171.08,10,817.11,8988.19,0,8988.19,USD,,,2025-09-17T04:05:20.310999,
2dd297f3-f3ae-483b-b006-543a00324637,6e2684b5-dd18-4549-8440-7276b577d2b5,,,INV-000463,Invoice for Support,cancelled,2025-08-15,2027-01-16,2026-06-06T07:40:05.311024,,98337.32,7.5,7375.3,105712.62,0,105712.62,USD,,,2026-07-25T20:08:38.311030,
f4092ca1-ccbd-40ff-b5fb-55da370f8560,6e2684b5-dd18-4549-8440-7276b577d2b5,154e516f-16dd-4b1b-aa04-5992c4456d65,,INV-000464,Invoice for Subscription,paid,2026-01-21,2026-12-15,2026-02-07T17:02:11.311061,2026-06-27T23:46:47.311066,48137.7,15,7220.65,55358.35,55358.35,0,USD,,,2026-07-13T21:56:36.311072,
77772942-2cfc-4002-82f4-e88979d23be0,6e2684b5-dd18-4549-8440-7276b577d2b5,1817d96e-c782-4a43-926c-718e1f893764,,INV-000465,Invoice for Services,paid,2026-06-12,2026-11-20,2026-08-02T04:17:23.311101,2026-05-27T07:22:33.311106,43959.83,0,0.0,43959.83,43959.83,0,USD,Thank you for your business!,,2026-06-25T22:08:59.311112,
95be5e88-9df2-4041-aec9-6de3733d7b0d,6e2684b5-dd18-4549-8440-7276b577d2b5,c9f5629c-758d-4785-958e-d8744b621e29,,INV-000466,Invoice for Products,partial,2025-11-12,2027-01-25,2026-06-06T14:23:12.311138,,93498.24,20,18699.65,112197.89,56098.945,56098.945,USD,Thank you for your business!,,2026-03-27T18:17:07.311144,
bf84e3e8-7e1e-47fe-8cc3-41f009a06e07,6e2684b5-dd18-4549-8440-7276b577d2b5,6b509428-99fe-4382-afa0-f25e73748125,,INV-000467,Invoice for Products,partial,2025-12-06,2026-12-22,2026-02-06T11:29:31.311169,,59514.1,20,11902.82,71416.92,35708.46,35708.46,USD,Thank you for your business!,,2025-08-21T20:01:37.311175,
2698cbf5-370d-4a38-baae-7b7a774b5057,6e2684b5-dd18-4549-8440-7276b577d2b5,987b969c-22a8-4b8f-bfc7-0c680e3d166f,,INV-000468,Invoice for Support,overdue,2025-09-28,2026-08-27,2026-07-19T15:47:04.311201,,54357.89,20,10871.58,65229.47,0,65229.47,USD,Thank you for your business!,,2025-12-28T01:48:27.311207,
733f6f44-ce03-415f-9b8d-ad0fedcd86a5,6e2684b5-dd18-4549-8440-7276b577d2b5,a867f9e6-a516-4a79-a4fb-4e4683ce88af,,INV-000469,Invoice for Products,overdue,2026-02-08,2026-11-18,2026-03-20T07:15:15.311233,,791.36,7.5,59.35,850.71,0,850.71,USD,Thank you for your business!,,2025-11-12T18:35:52.311239,
ff56f2b1-ea9d-4035-b879-5c0f108acc1b,6e2684b5-dd18-4549-8440-7276b577d2b5,,0cabe014-7693-496f-88b7-a9c351cb352d,INV-000470,Invoice for Subscription,cancelled,2026-08-01,2027-01-01,2026-07-13T20:58:31.311270,,1920.89,8,153.67,2074.56,0,2074.56,USD,Thank you for your business!,,2026-01-07T03:20:06.311276,
922cb61f-6e19-4092-bb25-a6df6afb4286,6e2684b5-dd18-4549-8440-7276b577d2b5,,,INV-000471,Invoice for Services,cancelled,2025-09-23,2026-11-03,2026-03-05T04:27:30.311306,,47298.31,7.5,3547.37,50845.68,0,50845.68,USD,,2f2d1100-2258-4615-bd70-239bc586fb9b,2026-02-03T22:44:04.311313,
1fd0d62a-88a4-49ef-a1b7-e1480e5e0172,6e2684b5-dd18-4549-8440-7276b577d2b5,be0745e6-6565-48af-bfb2-db277027d9ee,,INV-000472,Invoice for Subscription,cancelled,2025-10-16,2026-12-28,2026-04-18T16:25:24.311339,,75763.33,8,6061.07,81824.4,0,81824.4,USD,,,2025-10-09T21:59:39.311345,
9cc8a630-e2c8-4674-98f6-149ed09b9dd5,6e2684b5-dd18-4549-8440-7276b577d2b5,211912c3-604f-4ef4-be16-78752370c859,,INV-000473,Invoice for Services,draft,2026-02-17,2026-09-15,,,53809.79,7.5,4035.73,57845.52,0,57845.52,USD,,,2026-04-28T01:08:52.311372,
ab47c623-9eca-4554-a42a-8f145cb51dc4,6e2684b5-dd18-4549-8440-7276b577d2b5,,1fdfa7e5-4664-449f-a4e0-e7f42be775dc,INV-000474,Invoice for Subscription,overdue,2026-03-07,2026-12-23,2026-03-25T18:01:14.311397,,49230.83,0,0.0,49230.83,0,49230.83,USD,,,2025-09-24T17:13:36.311403,
7ea997e7-814b-4e2e-a26f-ea770413a2ee,6e2684b5-dd18-4549-8440-7276b577d2b5,4f5e84c3-f7f8-48e4-9a7a-c486144c7ed2,,INV-000475,Invoice for Consulting,overdue,2025-12-04,2026-12-23,2026-02-08T06:30:02.311428,,85160.04,5,4258.0,89418.04,0,89418.04,USD,,,2026-01-03T10:37:50.311434,
05e036b3-1c8c-4680-b98f-190f24aa1fdf,6e2684b5-dd18-4549-8440-7276b577d2b5,f39cfa8b-f0a4-480f-9168-c2c93672a44d,5373fb0b-43be-4446-9719-8a7d9ad8b50d,INV-000476,Invoice for Consulting,overdue,2026-02-11,2027-01-12,2026-02-18T11:52:37.311473,,42563.51,20,8512.7,51076.21,0,51076.21,USD,,,2025-08-30T15:14:04.311478,
c1808b10-ffb6-41cf-97e8-7f8f8ad27574,6e2684b5-dd18-4549-8440-7276b577d2b5,7c0983b6-74de-43c7-bd97-63e687c57b98,51799094-b05c-4065-8cb7-c74a325090ce,INV-000477,Invoice for Products,partial,2025-08-13,2026-12-09,2026-08-02T03:48:07.311505,,6293.57,15,944.04,7237.61,3618.805,3618.805,USD,Thank you for your business!,,2026-04-14T23:43:26.311512,
cd06b0ee-419a-458f-b6c1-15e2e4ee4031,6e2684b5-dd18-4549-8440-7276b577d2b5,,,INV-000478,Invoice for Subscription,sent,2026-07-30,2026-11-24,2026-04-29T06:46:32.311540,,98145.6,8,7851.65,105997.25,0,105997.25,USD,Thank you for your business!,,2026-05-03T16:37:15.311546,
c36f712d-a9cf-4774-89e8-d5104e30a73e,6e2684b5-dd18-4549-8440-7276b577d2b5,098984e3-4d60-455e-865c-6c8126f8b5c5,7cf2bc74-bb0b-407b-bc27-a8d4fc1a9a66,INV-000479,Invoice for Products,draft,2025-08-26,2026-12-22,,,32120.99,7.5,2409.07,34530.06,0,34530.06,USD,,76e425d6-175b-4e95-b7dd-7888356d8617,2025-09-06T01:51:36.311575,
486c9753-fea9-4f14-9b56-157ef8e818b2,6e2684b5-dd18-4549-8440-7276b577d2b5,8dac206a-35f2-408c-aa67-ce89f824b5b8,5e7fb560-56ba-46d6-88f6-8b3886d84448,INV-000480,Invoice for Subscription,cancelled,2025-09-07,2026-10-11,2026-05-23T02:19:37.311602,,79988.55,10,7998.85,87987.4,0,87987.4,USD,,,2026-04-10T09:59:01.311608,
955b66a9-40ef-4324-b6ce-215d5c49ec91,6e2684b5-dd18-4549-8440-7276b577d2b5,dc1d785d-7087-4e1f-97d8-3c722843f61f,e941ff61-a488-41cf-8318-4c8c37d49f6b,INV-000481,Invoice for Services,viewed,2025-09-16,2026-09-16,2026-02-12T04:14:53.311639,,71944.63,8,5755.57,77700.2,0,77700.2,USD,Thank you for your business!,f6863922-bad4-42f8-8b9b-c4c42f669477,2025-12-06T23:08:12.311646,
e30d3c6c-a6b6-4a8c-887c-85d432011b0c,6e2684b5-dd18-4549-8440-7276b577d2b5,,,INV-000482,Invoice for Services,partial,2026-02-06,2026-11-10,2026-08-04T21:32:03.311670,,26223.64,8,2097.89,28321.53,14160.765,14160.765,USD,Thank you for your business!,,2026-02-19T01:23:33.311676,
20b3ccfb-56f9-4e4a-a285-b956599bd635,6e2684b5-dd18-4549-8440-7276b577d2b5,a05f71da-7829-4a5a-bfec-9d7ddb91e163,9c92fd72-ba5b-4015-910c-0f20f78c0ce1,INV-000483,Invoice for Subscription,paid,2025-10-20,2026-09-10,2026-07-04T06:57:05.311703,2026-06-07T12:44:19.311709,59099.07,10,5909.91,65008.98,65008.98,0,USD,,,2026-07-10T02:36:56.311714,
d44923b6-f98c-4a68-9f37-f8821f85bd7a,6e2684b5-dd18-4549-8440-7276b577d2b5,,acb072b8-736c-4479-b469-55ece4bba04e,INV-000484,Invoice for Support,draft,2026-08-04,2026-09-17,,,52659.62,15,7898.94,60558.56,0,60558.56,USD,,,2025-08-06T22:36:27.311745,
52b1ac84-b273-4653-a06e-5622abc18dab,6e2684b5-dd18-4549-8440-7276b577d2b5,,,INV-000485,Invoice for Products,paid,2025-10-26,2026-12-09,2026-07-09T03:30:08.311842,2026-04-27T15:19:56.311848,81461.05,5,4073.05,85534.1,85534.1,0,USD,Thank you for your business!,,2025-12-25T03:23:46.311853,
dbdd6a9c-ed06-4bcc-aebd-b2042b93a6e8,6e2684b5-dd18-4549-8440-7276b577d2b5,34c393f3-9e96-4c8f-abdc-84f04629ade0,56b1ecc1-5357-4e8f-b57b-b2ea58c8c675,INV-000486,Invoice for Subscription,paid,2026-06-23,2026-11-06,2026-05-17T06:32:33.311888,2026-04-24T06:09:23.311893,39372.58,10,3937.26,43309.84,43309.84,0,USD,,,2026-06-15T12:31:24.311899,
2804f84a-756a-4086-a5b1-509a565e2e4f,6e2684b5-dd18-4549-8440-7276b577d2b5,1b4272f5-c762-4d1f-a3a0-a4ca875dbb37,,INV-000487,Invoice for Subscription,cancelled,2026-06-22,2026-12-03,2026-07-11T14:38:38.311930,,37161.81,8,2972.94,40134.75,0,40134.75,USD,Thank you for your business!,c69a7314-3bc7-4df7-b15f-28991c104f4f,2025-08-15T15:20:46.311936,
19f30670-dd3e-4c7c-91a7-634a606cf2d5,6e2684b5-dd18-4549-8440-7276b577d2b5,b6eeb406-cb60-4e7e-804c-b8a67f621f5e,,INV-000488,Invoice for Support,overdue,2026-06-30,2026-09-11,2026-05-19T16:53:17.311963,,89107.14,20,17821.43,106928.57,0,106928.57,USD,Thank you for your business!,,2025-11-15T06:05:20.311969,
38ac49cc-ab96-44aa-b9da-20d429642f41,6e2684b5-dd18-4549-8440-7276b577d2b5,34ecc4cb-88a7-4dfb-9209-4632044ce670,,INV-000489,Invoice for Services,sent,2025-12-16,2026-10-22,2026-03-14T00:20:18.311996,,63063.1,5,3153.16,66216.26,0,66216.26,USD,,,2026-03-08T02:52:22.312002,
e676fd7d-aa6a-4071-add2-bf797b534ca4,6e2684b5-dd18-4549-8440-7276b577d2b5,ac310632-46da-4914-8d02-b3d9830c8d4e,,INV-000490,Invoice for Services,partial,2026-01-21,2026-11-21,2026-02-07T20:37:56.312028,,95187.31,10,9518.73,104706.04,52353.02,52353.02,USD,,,2025-12-12T01:45:41.312034,
343c333b-74df-41aa-ba57-f1edf2def06a,6e2684b5-dd18-4549-8440-7276b577d2b5,,,INV-000491,Invoice for Consulting,draft,2026-05-03,2026-11-06,,,73026.63,20,14605.33,87631.96,0,87631.96,USD,,,2025-12-10T07:58:11.312064,
407cd00c-d22f-4bf2-845e-4e3c7c281081,6e2684b5-dd18-4549-8440-7276b577d2b5,cdbbf0f3-dd17-4be6-9368-cc744decb4e2,35b66c5e-d4d4-4048-82ae-5c5f3effbc2d,INV-000492,Invoice for Subscription,overdue,2026-03-21,2026-10-06,2026-02-24T15:27:16.312092,,23179.19,8,1854.34,25033.53,0,25033.53,USD,Thank you for your business!,,2026-03-04T00:59:22.312098,
c29b3c87-5210-477f-bb02-b2b4def324d7,6e2684b5-dd18-4549-8440-7276b577d2b5,,b2d0f96b-1c04-4a12-9352-7ddbfc9904e0,INV-000493,Invoice for Support,overdue,2025-11-10,2026-10-18,2026-02-27T13:38:48.312123,,82262.81,10,8226.28,90489.09,0,90489.09,USD,Thank you for your business!,,2026-03-03T06:14:47.312129,
d0ccec1c-9615-4592-b5ea-ac05cccbeff5,6e2684b5-dd18-4549-8440-7276b577d2b5,,505377a0-7f5d-4cad-aa63-cf6dc70ea780,INV-000494,Invoice for Support,cancelled,2026-05-28,2026-11-15,2026-06-11T13:16:09.312159,,93533.4,15,14030.01,107563.41,0,107563.41,USD,Thank you for your business!,,2026-01-06T19:39:35.312165,
cc826156-43ab-422e-bca2-56b69deb6c8f,6e2684b5-dd18-4549-8440-7276b577d2b5,51306db0-cd6a-4e20-bce6-aa4ce95a5182,,INV-000495,Invoice for Products,sent,2026-03-05,2027-01-10,2026-04-23T16:20:12.312193,,61439.86,7.5,4607.99,66047.85,0,66047.85,USD,,,2025-12-01T22:35:20.312199,
d10dc88c-209c-40ec-8aa6-4192cba8b98a,6e2684b5-dd18-4549-8440-7276b577d2b5,76a44358-c8a0-4a94-9c03-c36b151c7747,0bfc8bce-2cd4-4b5e-8ad3-a6136f6d3676,INV-000496,Invoice for Consulting,cancelled,2026-02-11,2026-10-05,2026-06-24T22:49:58.312226,,65821.88,10,6582.19,72404.07,0,72404.07,USD,Thank you for your business!,34e2e1f4-8ca7-4b82-9150-3976fe62d9e1,2026-07-10T21:48:48.312232,
e8d1a255-e780-41a0-94c6-942d8be4ee7d,6e2684b5-dd18-4549-8440-7276b577d2b5,,,INV-000497,Invoice for Consulting,sent,2026-01-15,2026-11-11,2026-08-03T18:15:47.312264,,59830.44,8,4786.44,64616.88,0,64616.88,USD,,,2026-07-08T21:03:33.312270,
8320c76d-be5a-428b-8c00-fd5d3e68c40e,6e2684b5-dd18-4549-8440-7276b577d2b5,,ca0e7933-1638-4f8e-94e0-1f08b7051d22,INV-000498,Invoice for Subscription,sent,2025-11-21,2027-01-02,2026-04-04T09:46:07.312296,,15937.15,0,0.0,15937.15,0,15937.15,USD,Thank you for your business!,,2025-10-23T07:34:34.312302,
dca34c9e-b512-4473-a38f-eeb2949f3fb1,6e2684b5-dd18-4549-8440-7276b577d2b5,695bc090-4938-4a2f-8626-f49a5a3d1b48,,INV-000499,Invoice for Consulting,partial,2026-08-03,2026-11-24,2026-05-24T07:03:42.312329,,17635.2,10,1763.52,19398.72,9699.36,9699.36,USD,Thank you for your business!,,2026-04-01T10:46:56.312335,
b99df0a4-ffac-47e3-be5e-00b7bf97d962,6e2684b5-dd18-4549-8440-7276b577d2b5,,,INV-000500,Invoice for Subscription,sent,2025-08-12,2026-08-27,2026-04-06T05:57:01.312360,,88661.21,8,7092.9,95754.11,0,95754.11,USD,Thank you for your business!,,2026-07-13T13:29:26.312366,
88a96837-ead8-4f61-866b-b6715a18a426,6e2684b5-dd18-4549-8440-7276b577d2b5,7a1fbf80-f2d0-42df-88a3-81d74dbf89e8,10cbe0e5-c28f-4888-8fb5-d20d1b47ca21,INV-000501,Invoice for Consulting,viewed,2026-01-14,2026-10-13,2026-02-18T20:26:11.312393,,71179.38,8,5694.35,76873.73,0,76873.73,USD,,,2026-04-27T20:20:23.312399,
990b9d78-ef20-4ecc-bc1d-96922cad5827,6e2684b5-dd18-4549-8440-7276b577d2b5,,,INV-000502,Invoice for Support,draft,2025-09-05,2026-12-19,,,8005.86,10,800.59,8806.45,0,8806.45,USD,Thank you for your business!,,2026-06-07T23:56:57.312432,
bc8a1b8e-861c-45ae-9e75-f909a7275da8,6e2684b5-dd18-4549-8440-7276b577d2b5,f92d91e5-e2dc-4c26-94e3-79b40bc04ec8,,INV-000503,Invoice for Consulting,partial,2026-01-27,2026-09-01,2026-05-23T16:16:33.312466,,80225.32,8,6418.03,86643.35,43321.675,43321.675,USD,Thank you for your business!,,2026-05-10T14:54:14.312472,
35bef99b-336a-44da-859f-0d8653feb450,6e2684b5-dd18-4549-8440-7276b577d2b5,225a9423-00dd-475c-b7e9-3e1dd3757763,,INV-000504,Invoice for Services,overdue,2025-12-31,2026-09-02,2026-04-25T08:56:11.312498,,9047.46,0,0.0,9047.46,0,9047.46,USD,,93ad970f-371f-433e-acfd-ce35245bcb5a,2026-06-19T11:03:39.312509,
410c0012-dfdc-4e4b-93e4-5f8547ddc84e,6e2684b5-dd18-4549-8440-7276b577d2b5,38a1d7da-3a9e-4f07-928a-eff2000a7133,,INV-000505,Invoice for Services,overdue,2025-10-09,2027-01-18,2026-04-06T12:56:15.312536,,60177.63,0,0.0,60177.63,0,60177.63,USD,Thank you for your business!,,2025-10-14T08:07:18.312542,
bbb12980-f2cf-4bdb-8f0b-ec440f772fe3,6e2684b5-dd18-4549-8440-7276b577d2b5,,36cf0ea3-25a4-438d-a1b5-2557396a0d72,INV-000506,Invoice for Products,overdue,2026-04-05,2026-11-09,2026-06-27T22:02:44.312567,,55985.27,5,2799.26,58784.53,0,58784.53,USD,Thank you for your business!,,2025-08-08T15:18:18.312573,
3c84c3da-b328-40e5-8d4d-27166252eddb,6e2684b5-dd18-4549-8440-7276b577d2b5,24e7ffe7-54d3-4e9d-9fc5-5ea852dccea5,,INV-000507,Invoice for Subscription,draft,2026-02-01,2026-11-19,,,93945.55,7.5,7045.92,100991.47,0,100991.47,USD,,,2025-12-22T15:58:57.312604,
3431ac04-a64e-430a-9ea0-5286282e7023,6e2684b5-dd18-4549-8440-7276b577d2b5,,6bf1f439-07e8-4f86-856f-2d5f0ac28d6c,INV-000508,Invoice for Consulting,cancelled,2025-08-18,2027-02-04,2026-07-11T05:50:00.312630,,67083.3,20,13416.66,80499.96,0,80499.96,USD,,,2025-11-23T10:12:31.312636,
94f8af97-10fb-47eb-afb7-b26a3fbdbaf1,6e2684b5-dd18-4549-8440-7276b577d2b5,fbfe3b9d-f054-4fe4-ac2a-115bf17c004f,32126395-6934-41e8-8e5f-b716aaa83cc1,INV-000509,Invoice for Services,draft,2025-08-28,2026-12-26,,,38389.05,0,0.0,38389.05,0,38389.05,USD,Thank you for your business!,,2026-05-16T15:54:12.312663,
1332ac02-ba80-4c10-ab9c-fb64bb1d95df,6e2684b5-dd18-4549-8440-7276b577d2b5,a763a43c-d1b3-4fb8-8e21-3670bfc4f6d9,,INV-000510,Invoice for Products,sent,2025-12-05,2026-09-09,2026-07-10T00:16:21.312694,,31306.87,5,1565.34,32872.21,0,32872.21,USD,,,2026-07-25T10:47:37.312700,
892f0b93-5dfd-4e25-b633-51615932df27,6e2684b5-dd18-4549-8440-7276b577d2b5,072f78c1-2862-40f7-8c81-07bb770c9349,ad9a280d-fbd8-480c-aa40-8b5cb910a46d,INV-000511,Invoice for Support,partial,2026-04-16,2026-09-03,2026-06-14T07:26:07.312726,,86071.13,7.5,6455.33,92526.46,46263.23,46263.23,USD,,84eb380f-7df3-4d14-83c2-91514b7be142,2026-03-10T11:32:31.312733,
fb530cc8-ed01-41ff-8cbd-5bef4b237208,6e2684b5-dd18-4549-8440-7276b577d2b5,851194d8-4f44-49dc-a4e9-fda6d20a396b,,INV-000512,Invoice for Consulting,partial,2026-04-20,2026-11-07,2026-03-28T15:58:52.312763,,50584.81,5,2529.24,53114.05,26557.025,26557.025,USD,,,2026-01-28T08:09:55.312769,
504d4ba4-2da7-46a5-9477-b6cbf8726cc6,6e2684b5-dd18-4549-8440-7276b577d2b5,20c7b0e0-6af1-40cf-a3e8-c4938bc0f84f,bfd3a28b-28ab-496c-a86c-c6c733c446d6,INV-000513,Invoice for Subscription,cancelled,2026-01-04,2027-01-17,2026-06-19T05:51:58.312796,,78272.7,15,11740.91,90013.61,0,90013.61,USD,,,2026-01-03T12:46:02.312802,
33dee55a-048e-4ff3-bc25-b01cb07a330a,6e2684b5-dd18-4549-8440-7276b577d2b5,0d9f8d66-9e73-4a72-8bd3-f06601137ff1,,INV-000514,Invoice for Services,cancelled,2026-01-22,2026-11-15,2026-08-04T18:16:05.312829,,12044.81,15,1806.72,13851.53,0,13851.53,USD,Thank you for your business!,,2026-02-18T19:39:44.312834,
cea09cab-5300-4e4c-b2da-b4ad86dedb89,6e2684b5-dd18-4549-8440-7276b577d2b5,6d6fea50-3737-4d8e-9c49-1f85141c45aa,8eeae569-4ee7-4277-8ea9-cab565c5a0aa,INV-000515,Invoice for Services,cancelled,2026-07-16,2027-01-06,2026-02-16T06:32:25.312862,,26858.76,10,2685.88,29544.64,0,29544.64,USD,,,2026-01-02T13:12:19.312867,
7eaa27c9-30d0-4a56-a904-ab1879f72191,6e2684b5-dd18-4549-8440-7276b577d2b5,255ab0d5-5c0b-4645-8ff7-27e879f7a354,769f3ed6-7aa6-49de-bae7-de0239921a6a,INV-000516,Invoice for Subscription,draft,2025-12-28,2027-01-12,,,5810.55,7.5,435.79,6246.34,0,6246.34,USD,,,2026-04-22T05:17:18.312895,
8a9e109b-83dd-4c6a-8406-1c1409e9636f,6e2684b5-dd18-4549-8440-7276b577d2b5,,,INV-000517,Invoice for Products,viewed,2026-01-05,2026-11-07,2026-06-25T18:40:47.312920,,51816.97,0,0.0,51816.97,0,51816.97,USD,,,2026-06-28T02:58:44.312926,
17bcf9cd-e15f-4802-ad5a-c526923ce9c1,6e2684b5-dd18-4549-8440-7276b577d2b5,,,INV-000518,Invoice for Consulting,partial,2025-11-02,2026-09-15,2026-03-28T12:05:05.312955,,98801.68,20,19760.34,118562.02,59281.01,59281.01,USD,Thank you for your business!,4cb1cc9a-a76a-47d6-974c-17d7de62902a,2025-09-06T21:22:14.312962,
46648247-165d-4c63-938f-7d262273d4e8,6e2684b5-dd18-4549-8440-7276b577d2b5,c21d93a3-d47c-4003-90c9-b855449c31af,d939d182-e848-4287-999c-cf7c2f137044,INV-000519,Invoice for Subscription,paid,2026-02-13,2027-01-11,2026-02-08T15:42:03.312989,2026-06-17T09:46:40.312995,14650.65,8,1172.05,15822.7,15822.7,0,USD,Thank you for your business!,,2026-05-05T16:24:02.313000,
f5a1e57f-8a41-4957-88fc-ae951c627485,6e2684b5-dd18-4549-8440-7276b577d2b5,,,INV-000520,Invoice for Services,draft,2025-12-25,2026-10-14,,,35616.5,10,3561.65,39178.15,0,39178.15,USD,,250a3a68-63a9-4806-a3c3-eb2cd3eba47e,2026-03-11T23:42:46.313027,
e26827f9-a689-49b3-b1e9-e8d06413774c,6e2684b5-dd18-4549-8440-7276b577d2b5,0cf2142c-98fe-44e6-8a13-e058c5974e36,e28f16f6-7bba-4a59-a1ce-f3935e09ba36,INV-000521,Invoice for Consulting,partial,2026-02-16,2026-09-12,2026-05-21T20:37:07.313054,,67092.81,5,3354.64,70447.45,35223.725,35223.725,USD,Thank you for your business!,,2026-03-01T05:26:04.313061,
f67d3a2f-7008-48aa-b893-ff5f77b6d99a,6e2684b5-dd18-4549-8440-7276b577d2b5,42f67c11-c590-47c8-bed0-6576944abd87,848a1845-563a-442e-81af-56cf082e899a,INV-000522,Invoice for Products,viewed,2025-12-14,2026-11-13,2026-06-11T11:32:55.313096,,84940.53,10,8494.05,93434.58,0,93434.58,USD,Thank you for your business!,,2025-12-13T07:02:34.313105,
94e6caaf-eee3-4cb3-941f-519d0f8ff473,6e2684b5-dd18-4549-8440-7276b577d2b5,d94d6098-e3c9-4696-8828-d9ff2fb29369,01cd5d4c-65ef-4cbf-b25b-84a0c4bd39d2,INV-000523,Invoice for Products,viewed,2026-04-06,2026-10-20,2026-04-22T13:57:13.313132,,95831.46,7.5,7187.36,103018.82,0,103018.82,USD,Thank you for your business!,,2025-08-08T22:16:38.313138,
5795d28e-f4fd-477f-832a-e720a61e5057,6e2684b5-dd18-4549-8440-7276b577d2b5,f0eb0b94-3ee0-4050-ba06-3ddb5bcf02fc,337909c4-a41f-41e2-8439-8492f3575057,INV-000524,Invoice for Consulting,draft,2026-07-05,2026-08-26,,,43612.52,20,8722.5,52335.02,0,52335.02,USD,,,2026-07-12T16:45:10.313165,
041af6cd-63fe-448b-9326-4c300473969c,6e2684b5-dd18-4549-8440-7276b577d2b5,48ff26cc-42ba-45c8-9ac4-020b9a823c7e,,INV-000525,Invoice for Subscription,cancelled,2026-01-02,2026-11-04,2026-02-16T04:48:35.313191,,19610.31,15,2941.55,22551.86,0,22551.86,USD,Thank you for your business!,8e3c7bac-bb8e-40d6-b5ca-2ae1901e20f8,2025-12-05T19:03:25.313198,
e122b9ce-3d10-49af-95ac-4140504aebed,6e2684b5-dd18-4549-8440-7276b577d2b5,,,INV-000526,Invoice for Consulting,cancelled,2025-11-01,2026-12-23,2026-04-14T17:33:55.313227,,84425.65,7.5,6331.92,90757.57,0,90757.57,USD,Thank you for your business!,,2026-05-02T11:35:45.313233,
a21845bf-9244-4e7e-a667-79093fac34a7,6e2684b5-dd18-4549-8440-7276b577d2b5,,,INV-000527,Invoice for Services,partial,2025-12-30,2027-01-30,2026-04-17T12:40:34.313263,,51543.81,10,5154.38,56698.19,28349.095,28349.095,USD,Thank you for your business!,,2026-04-16T14:56:43.313268,
96a6b435-b5ce-4876-8563-d57f9f353549,6e2684b5-dd18-4549-8440-7276b577d2b5,796fe08e-d6df-4b10-a7e8-7ef8e281831c,,INV-000528,Invoice for Services,sent,2025-09-21,2026-10-07,2026-04-04T19:10:48.313296,,72774.67,0,0.0,72774.67,0,72774.67,USD,Thank you for your business!,,2026-07-11T10:58:54.313302,
be02c8bc-5284-478f-8072-664d7e592026,6e2684b5-dd18-4549-8440-7276b577d2b5,,ce0d981f-b498-4143-a9ce-a2bd998c9f91,INV-000529,Invoice for Services,sent,2026-01-10,2026-08-31,2026-06-24T22:07:34.313328,,15052.62,5,752.63,15805.25,0,15805.25,USD,,,2026-04-13T15:52:31.313334,
cb2aa926-2e0a-426a-b97b-dd14a4af3bf2,6e2684b5-dd18-4549-8440-7276b577d2b5,48ff26cc-42ba-45c8-9ac4-020b9a823c7e,,INV-000530,Invoice for Products,overdue,2026-05-02,2027-01-14,2026-05-26T01:46:04.313359,,15675.68,10,1567.57,17243.25,0,17243.25,USD,,ca68b9f5-a646-4cdb-b369-f60401327f0e,2026-07-12T09:01:26.313367,
67825633-3764-4a2c-a788-8b5a0f9d8121,6e2684b5-dd18-4549-8440-7276b577d2b5,621cee4e-5785-4dc0-ac57-4351dfcc7b14,7cf2bc74-bb0b-407b-bc27-a8d4fc1a9a66,INV-000531,Invoice for Subscription,overdue,2025-08-15,2026-12-19,2026-05-16T00:58:49.313393,,34948.2,20,6989.64,41937.84,0,41937.84,USD,,,2025-08-19T11:55:32.313399,
c0d5626e-4b66-4f04-ac75-417252b9a24b,6e2684b5-dd18-4549-8440-7276b577d2b5,055096c0-4854-4cee-9c73-3c83a0b8c39a,,INV-000532,Invoice for Subscription,overdue,2025-11-29,2026-11-28,2026-05-08T04:08:51.313428,,44766.17,15,6714.93,51481.1,0,51481.1,USD,,,2026-06-13T12:01:42.313434,
de84f7f9-de7e-47cc-bdb3-b954b3869850,6e2684b5-dd18-4549-8440-7276b577d2b5,942dc75b-cbbe-40cc-8e71-aef04e5f739c,,INV-000533,Invoice for Products,sent,2026-02-07,2026-11-05,2026-05-06T14:54:15.313467,,44595.43,10,4459.54,49054.97,0,49054.97,USD,,6dd97da6-2006-47b5-bdc2-386f5d7e7f5d,2025-11-08T03:45:53.313474,
fca13d0c-0953-4021-8136-58c7d64903aa,6e2684b5-dd18-4549-8440-7276b577d2b5,4c44debc-1d95-4374-96d1-c992285ea0e1,,INV-000534,Invoice for Services,viewed,2026-04-18,2026-11-24,2026-02-10T06:25:32.313500,,47641.17,5,2382.06,50023.23,0,50023.23,USD,Thank you for your business!,,2025-11-03T14:09:57.313506,
98a24612-fb76-40c7-81da-305b18d71264,6e2684b5-dd18-4549-8440-7276b577d2b5,fd257129-b2d8-4af7-b8b0-809d6a7b5b0e,,INV-000535,Invoice for Subscription,cancelled,2026-06-02,2027-01-18,2026-02-22T08:34:09.313532,,4947.83,10,494.78,5442.61,0,5442.61,USD,,4aee1835-aba3-4a87-a5de-6728178f1b2d,2025-11-22T09:50:10.313539,
8d81980c-bc0b-429d-bb02-ac15bf90108a,6e2684b5-dd18-4549-8440-7276b577d2b5,,34482421-116b-466c-9b36-d3a69b03d6c7,INV-000536,Invoice for Subscription,overdue,2026-04-13,2027-01-24,2026-07-20T08:57:39.313565,,48226.97,7.5,3617.02,51843.99,0,51843.99,USD,Thank you for your business!,,2026-06-01T11:20:10.313571,
ac7614e6-2c47-4f4e-95a0-a3b5915b89e8,6e2684b5-dd18-4549-8440-7276b577d2b5,,,INV-000537,Invoice for Support,sent,2026-05-21,2026-10-03,2026-04-04T07:23:01.313600,,54157.19,20,10831.44,64988.63,0,64988.63,USD,,4e16d65c-abb6-4a39-abc0-569c968b74fa,2026-06-11T19:19:09.313606,
bc083125-fb41-4c47-9084-4356ce4a77a0,6e2684b5-dd18-4549-8440-7276b577d2b5,,e941ff61-a488-41cf-8318-4c8c37d49f6b,INV-000538,Invoice for Products,paid,2026-01-26,2026-09-22,2026-05-30T03:27:52.313632,2026-05-15T12:00:13.313637,11911.02,8,952.88,12863.9,12863.9,0,USD,,,2026-04-01T18:39:29.313643,
87c14b56-5873-4dd2-8798-7c5f5c76b1fa,6e2684b5-dd18-4549-8440-7276b577d2b5,56add2be-8a5c-4034-b5dd-177a479dba42,59147001-5885-4696-8b40-6ad538b9654e,INV-000539,Invoice for Consulting,partial,2026-01-21,2026-12-20,2026-02-11T05:37:54.313670,,61144.49,7.5,4585.84,65730.33,32865.165,32865.165,USD,Thank you for your business!,,2026-02-07T21:58:33.313676,
18f79db8-7ed2-475c-b41f-5c923c6cf4ae,6e2684b5-dd18-4549-8440-7276b577d2b5,,79d80a07-d056-4f71-bdf2-f1aacd322184,INV-000540,Invoice for Support,paid,2025-09-29,2026-11-06,2026-03-04T04:42:41.313714,2026-07-05T08:38:09.313720,40317.58,5,2015.88,42333.46,42333.46,0,USD,Thank you for your business!,,2026-05-21T11:57:20.313726,
c02121da-c4a8-4c10-9ad8-ba776d164cae,6e2684b5-dd18-4549-8440-7276b577d2b5,873dc8b9-40ca-4398-bd93-6c69713d1509,,INV-000541,Invoice for Support,overdue,2026-01-09,2026-11-20,2026-05-28T16:10:13.313755,,25310.91,8,2024.87,27335.78,0,27335.78,USD,Thank you for your business!,,2026-03-04T11:12:13.313761,
35a65961-5c4f-4d8d-8475-d1e75e3949e2,6e2684b5-dd18-4549-8440-7276b577d2b5,1d0be6e9-b84e-49d1-b3fa-c1180bfc7ed9,,INV-000542,Invoice for Subscription,cancelled,2026-03-11,2026-10-06,2026-03-30T21:20:57.313793,,82504.4,10,8250.44,90754.84,0,90754.84,USD,,,2026-02-04T19:22:30.313799,
92c75db9-91c9-411c-b3ce-9f897fa59067,6e2684b5-dd18-4549-8440-7276b577d2b5,feb9929b-06a0-46e6-aba5-c0ea8a59ce42,3753c5e4-9ef7-491f-b450-c21ca0735454,INV-000543,Invoice for Services,cancelled,2026-04-19,2026-12-23,2026-03-21T07:11:31.313831,,68041.01,7.5,5103.08,73144.09,0,73144.09,USD,,,2026-04-28T19:36:20.313836,
3e9d25ee-f44a-4235-8ad3-da3e7cdaad48,6e2684b5-dd18-4549-8440-7276b577d2b5,,,INV-000544,Invoice for Services,paid,2026-04-22,2027-01-13,2026-05-25T19:50:47.313862,2026-05-11T17:46:12.313868,9716.51,20,1943.3,11659.81,11659.81,0,USD,Thank you for your business!,,2026-04-18T01:51:03.313873,
65b3f226-f1ed-414f-b7c2-4c3d017661e5,6e2684b5-dd18-4549-8440-7276b577d2b5,aac21d70-3e3e-4680-9029-89b3733c3a81,,INV-000545,Invoice for Services,paid,2026-08-07,2026-11-09,2026-04-01T11:35:17.313899,2026-08-02T10:43:11.313905,42015.81,15,6302.37,48318.18,48318.18,0,USD,Thank you for your business!,,2026-01-11T03:35:21.313910,
163895e7-f488-4a37-9581-eec83996a156,6e2684b5-dd18-4549-8440-7276b577d2b5,,,INV-000546,Invoice for Support,cancelled,2025-08-16,2026-10-31,2026-07-26T12:50:59.313935,,89135.07,20,17827.01,106962.08,0,106962.08,USD,,fadc909d-6eb2-4a1a-a579-fdb333064dfc,2026-05-16T22:07:37.313942,
7a561d12-30fa-48e3-b130-5b27683db4a0,6e2684b5-dd18-4549-8440-7276b577d2b5,21188515-291d-4991-8a72-d5065e585d7b,b893931c-eca7-45f8-b1e4-21b6b380a8f5,INV-000547,Invoice for Support,cancelled,2026-01-24,2026-08-29,2026-04-11T21:11:51.313970,,31797.85,10,3179.78,34977.63,0,34977.63,USD,Thank you for your business!,,2026-06-05T13:55:51.313976,
bc3d629b-3ed2-473c-b7a5-0eb3fd4d697c,6e2684b5-dd18-4549-8440-7276b577d2b5,b409b05a-8c38-4cb5-8452-add8fe7b0a02,758f5ef9-b984-43da-8002-2029e0316f70,INV-000548,Invoice for Consulting,draft,2025-11-11,2027-02-04,,,98934.44,20,19786.89,118721.33,0,118721.33,USD,,,2025-10-01T07:58:49.314007,
f25caf34-a228-4a22-8cd7-e7eaad13c639,6e2684b5-dd18-4549-8440-7276b577d2b5,f83210e4-ecf9-4b5d-b262-a0cf3bfd54fc,778a2a74-3345-4733-802f-915ad23a1352,INV-000549,Invoice for Products,cancelled,2026-06-09,2026-10-29,2026-04-28T09:16:48.314033,,50963.54,5,2548.18,53511.72,0,53511.72,USD,Thank you for your business!,,2025-12-08T13:42:04.314038,
830d0930-c6ce-42a8-81b6-246df4fc8334,6e2684b5-dd18-4549-8440-7276b577d2b5,4a310833-3f95-476c-86e1-19389d1c6d55,62514d73-9fc4-48fd-a4d9-50852cdaf0b0,INV-000550,Invoice for Support,viewed,2025-08-07,2026-12-25,2026-03-01T08:44:53.314065,,7626.12,5,381.31,8007.43,0,8007.43,USD,,,2026-02-10T06:52:18.314071,
28ed2242-5e7a-4a90-b82a-f01a6a1a9071,6e2684b5-dd18-4549-8440-7276b577d2b5,,,INV-000551,Invoice for Subscription,partial,2025-10-16,2026-10-25,2026-02-21T23:29:47.314096,,59045.58,0,0.0,59045.58,29522.79,29522.79,USD,Thank you for your business!,,2026-02-11T13:46:20.314102,
91bb22c2-65bd-448e-b0da-418993d33202,6e2684b5-dd18-4549-8440-7276b577d2b5,e3172428-d22c-44e0-85d3-a5e3a1bcc033,be000205-61a3-4954-a995-27696124ec52,INV-000552,Invoice for Subscription,paid,2025-09-29,2026-12-01,2026-07-01T16:10:47.314129,2026-05-19T10:45:56.314134,61344.63,15,9201.69,70546.32,70546.32,0,USD,,7b379f70-937b-4c47-900d-cd8bfc7ad750,2026-01-27T02:34:25.314141,
4cac99db-d46a-442d-9143-da34f2b5633f,6e2684b5-dd18-4549-8440-7276b577d2b5,2e4f038d-0870-40cf-b8dc-b849e811b9b3,62514d73-9fc4-48fd-a4d9-50852cdaf0b0,INV-000553,Invoice for Subscription,viewed,2025-08-22,2026-08-27,2026-07-18T06:14:45.314172,,92045.33,10,9204.53,101249.86,0,101249.86,USD,Thank you for your business!,,2026-06-27T22:50:27.314178,
e24ac970-e20f-4e74-b11f-dfb0b92cf833,6e2684b5-dd18-4549-8440-7276b577d2b5,351e99a3-4bd1-47fb-babd-78be7c06e40f,5e7fb560-56ba-46d6-88f6-8b3886d84448,INV-000554,Invoice for Support,draft,2025-09-03,2026-08-30,,,13989.87,20,2797.97,16787.84,0,16787.84,USD,Thank you for your business!,0028bd21-a4bc-4a04-8a90-9079cc1a8a9e,2026-03-24T07:34:32.314205,
88f3a1b9-b2d4-422d-a3a5-7a0e37534b4f,6e2684b5-dd18-4549-8440-7276b577d2b5,c4bd3f53-b897-41ef-97cb-64b9169642bf,2602d07a-905a-44c6-9967-13357a05e41c,INV-000555,Invoice for Products,paid,2026-03-23,2026-08-24,2026-07-31T13:57:25.314232,2026-05-31T17:43:37.314237,13781.74,0,0.0,13781.74,13781.74,0,USD,Thank you for your business!,,2026-05-25T12:03:52.314246,
2e1a8274-b6d9-4dc1-9301-da1c471fe3b9,6e2684b5-dd18-4549-8440-7276b577d2b5,,,INV-000556,Invoice for Consulting,overdue,2025-08-06,2026-11-15,2026-02-11T06:15:55.314271,,26850.87,20,5370.17,32221.04,0,32221.04,USD,Thank you for your business!,,2026-01-14T11:48:21.314277,
230adda7-1b3f-491e-a6ca-bc2a73c3646d,6e2684b5-dd18-4549-8440-7276b577d2b5,,,INV-000557,Invoice for Services,cancelled,2026-01-09,2026-11-22,2026-06-16T13:16:32.314301,,65261.89,10,6526.19,71788.08,0,71788.08,USD,,,2026-06-15T07:22:52.314307,
0cde2454-8572-4afb-8e95-a35532bf02e0,6e2684b5-dd18-4549-8440-7276b577d2b5,,10cbe0e5-c28f-4888-8fb5-d20d1b47ca21,INV-000558,Invoice for Subscription,draft,2025-11-05,2026-09-14,,,91792.1,8,7343.37,99135.47,0,99135.47,USD,Thank you for your business!,,2026-07-24T21:02:43.314341,
e43bbc2c-f9c0-4c67-bc68-b4d4c2c4ae35,6e2684b5-dd18-4549-8440-7276b577d2b5,,a253dd8a-967f-44e8-b564-3bd597d3206d,INV-000559,Invoice for Products,sent,2026-06-11,2026-08-23,2026-06-27T14:48:52.314368,,66415.39,10,6641.54,73056.93,0,73056.93,USD,Thank you for your business!,,2026-06-16T02:36:58.314374,
544aa71b-d5a9-413c-9cef-382562691069,6e2684b5-dd18-4549-8440-7276b577d2b5,cac81ddf-7f94-4671-bc8b-159c52c24514,,INV-000560,Invoice for Products,sent,2026-01-28,2026-12-10,2026-06-01T18:10:53.314400,,25714.3,20,5142.86,30857.16,0,30857.16,USD,,,2025-12-18T22:20:02.314406,
0592e6ec-6db2-4729-9989-c7b20032d9e7,6e2684b5-dd18-4549-8440-7276b577d2b5,d9c59ecf-90ed-492f-8466-5817fb07c491,ea0f9ef8-baf3-4e9d-b070-f68292801da0,INV-000561,Invoice for Support,draft,2026-02-03,2026-10-22,,,64285.84,15,9642.88,73928.72,0,73928.72,USD,,,2026-06-11T06:02:09.314433,
38636ecf-b746-4824-bb7c-e31de69eda38,6e2684b5-dd18-4549-8440-7276b577d2b5,01419d19-11af-4cfe-9cd2-060e531152d3,,INV-000562,Invoice for Subscription,draft,2026-07-31,2026-11-30,,,93412.88,10,9341.29,102754.17,0,102754.17,USD,Thank you for your business!,,2026-04-09T20:26:40.314465,
0463c85d-a6fc-4f81-812d-a5604e4e830a,6e2684b5-dd18-4549-8440-7276b577d2b5,16729ee9-3da3-4a35-ad1a-08967f5b40c3,0bfc8bce-2cd4-4b5e-8ad3-a6136f6d3676,INV-000563,Invoice for Consulting,draft,2025-10-28,2026-10-23,,,36070.43,15,5410.56,41480.99,0,41480.99,USD,,,2025-09-19T18:02:45.314492,
ccd3d253-a9a8-47bf-80bb-cc327860346c,6e2684b5-dd18-4549-8440-7276b577d2b5,5fe61f0e-8534-46be-94b7-a282abb01ee7,fc781a68-5a43-466c-a52d-5c85535ea4da,INV-000564,Invoice for Products,draft,2026-03-15,2027-01-09,,,92969.02,10,9296.9,102265.92,0,102265.92,USD,Thank you for your business!,,2026-05-15T15:34:24.314523,
9966e58a-5344-4f2b-98ab-e1ca1b4577a1,6e2684b5-dd18-4549-8440-7276b577d2b5,5e1c67a9-a1a4-4e15-9250-687eb7fc8520,,INV-000565,Invoice for Services,cancelled,2026-01-05,2026-08-22,2026-06-04T14:35:59.314548,,30126.82,8,2410.15,32536.97,0,32536.97,USD,,,2026-04-10T20:57:39.314555,
f6c5119a-7692-42fe-8f6c-dc9d99b4f501,6e2684b5-dd18-4549-8440-7276b577d2b5,6b0a3e0e-becc-4e9e-bd48-4d459436ed63,,INV-000566,Invoice for Support,overdue,2026-03-19,2026-09-18,2026-06-08T11:12:15.314579,,81932.06,15,12289.81,94221.87,0,94221.87,USD,,,2026-05-21T10:20:21.314585,
d42069f4-d2df-44f0-b0e8-803b30efa70d,6e2684b5-dd18-4549-8440-7276b577d2b5,85519c0b-9437-48d6-991e-8b0c041c079c,,INV-000567,Invoice for Subscription,cancelled,2026-01-28,2026-08-12,2026-07-28T05:53:50.314612,,98071.43,7.5,7355.36,105426.79,0,105426.79,USD,,,2025-09-13T20:16:52.314617,
6cb15b88-95b7-4c7b-b9c0-8d728038dc33,6e2684b5-dd18-4549-8440-7276b577d2b5,,,INV-000568,Invoice for Services,draft,2026-04-21,2026-12-11,,,25097.85,5,1254.89,26352.74,0,26352.74,USD,,c981c674-9f36-478b-8434-7b1c1e678f6c,2025-10-10T13:36:08.314643,
133caf0f-a767-466c-b2c3-26f76b765341,6e2684b5-dd18-4549-8440-7276b577d2b5,bf6a8be4-f5b5-471b-b049-22980c910666,,INV-000569,Invoice for Consulting,sent,2025-10-03,2026-09-04,2026-06-12T10:33:36.314683,,70802.42,8,5664.19,76466.61,0,76466.61,USD,Thank you for your business!,0fe40a13-6fa3-4f65-8fb7-f6bb41f80757,2026-04-14T17:20:23.314690,
d64ef63e-74ed-4b40-9dac-5f081009a602,6e2684b5-dd18-4549-8440-7276b577d2b5,ef30a90c-41d8-411b-a2bd-d368d45c9487,,INV-000570,Invoice for Services,overdue,2025-08-16,2026-09-22,2026-06-21T09:54:15.314716,,7027.77,5,351.39,7379.16,0,7379.16,USD,Thank you for your business!,278517dc-3c70-4dff-ae2d-d6a2abf7f947,2026-04-18T15:46:49.314723,
dc9239e8-6cc3-40dd-9100-026263ef45bb,6e2684b5-dd18-4549-8440-7276b577d2b5,62293498-5a4a-4bc8-8db6-18e5a58a2caf,,INV-000571,Invoice for Services,paid,2026-03-06,2026-12-05,2026-02-08T00:10:34.314748,2026-07-17T18:15:35.314753,45359.56,0,0.0,45359.56,45359.56,0,USD,,,2026-05-03T01:12:35.314759,
8346094c-b5f8-4d9f-a563-1ed5e08bea65,6e2684b5-dd18-4549-8440-7276b577d2b5,,,INV-000572,Invoice for Products,cancelled,2026-06-10,2026-08-14,2026-02-15T01:10:15.314784,,55238.55,15,8285.78,63524.33,0,63524.33,USD,,,2025-11-07T21:21:56.314790,
b7c2cd4e-bb72-4c59-8e20-2a5a77a0fe7c,6e2684b5-dd18-4549-8440-7276b577d2b5,0c200800-b1f1-4ec2-9409-3aa3d34e0d21,978890c1-29da-4d53-b8e1-b3da2c6dd03c,INV-000573,Invoice for Services,cancelled,2025-09-16,2026-10-24,2026-04-20T00:53:51.314816,,77400.17,10,7740.02,85140.19,0,85140.19,USD,,,2026-02-03T07:17:46.314822,
70c4553f-c40d-4396-9bcb-296b5a981d1a,6e2684b5-dd18-4549-8440-7276b577d2b5,,,INV-000574,Invoice for Services,sent,2025-08-25,2026-11-11,2026-02-17T16:41:07.314858,,83093.5,15,12464.02,95557.52,0,95557.52,USD,Thank you for your business!,,2025-08-28T11:41:51.314864,
2a9b2ccd-aaf4-42a8-92e9-9c8c2a71d518,6e2684b5-dd18-4549-8440-7276b577d2b5,c825fe45-56ed-457c-be38-afd509254b9d,ea0f9ef8-baf3-4e9d-b070-f68292801da0,INV-000575,Invoice for Subscription,draft,2026-02-22,2027-01-08,,,767.6,10,76.76,844.36,0,844.36,USD,,,2026-06-20T04:39:40.314891,
8c22b117-8b1e-4905-8a90-57be9915063e,6e2684b5-dd18-4549-8440-7276b577d2b5,,,INV-000576,Invoice for Subscription,viewed,2025-10-10,2026-11-14,2026-02-22T03:05:20.314916,,33461.03,10,3346.1,36807.13,0,36807.13,USD,,,2025-09-21T05:36:17.314922,
8cf8978e-4321-4162-a95f-509c9cd7d447,6e2684b5-dd18-4549-8440-7276b577d2b5,60fdbabb-0e20-40ea-811a-85609ed4c43d,,INV-000577,Invoice for Support,partial,2026-06-08,2026-12-14,2026-06-25T04:14:25.314947,,43803.34,20,8760.67,52564.01,26282.005,26282.005,USD,Thank you for your business!,,2025-10-18T20:11:02.314953,
0d23f3e6-ae06-4f4b-9202-24ea86cc916b,6e2684b5-dd18-4549-8440-7276b577d2b5,255ab0d5-5c0b-4645-8ff7-27e879f7a354,,INV-000578,Invoice for Consulting,partial,2026-02-26,2026-10-29,2026-03-28T03:02:35.314979,,45399.07,8,3631.93,49031.0,24515.5,24515.5,USD,,,2026-06-09T00:43:17.314985,
699a7e94-f6c6-4224-ba7b-71671163555d,6e2684b5-dd18-4549-8440-7276b577d2b5,15292499-a9b1-467f-8c62-3ecd813fae72,3f3af6ca-69ae-4018-928a-eaabbbfc9cb8,INV-000579,Invoice for Consulting,paid,2026-05-06,2027-02-01,2026-02-26T19:44:07.315019,2026-07-22T19:17:55.315024,71500.62,20,14300.12,85800.74,85800.74,0,USD,,,2026-02-01T02:48:49.315030,
a23a03f8-ac91-4d83-bc6b-0a3f4a7f7adb,6e2684b5-dd18-4549-8440-7276b577d2b5,,1f4c4a8a-7aa6-4d63-a72e-a8ad16cf83d2,INV-000580,Invoice for Consulting,overdue,2026-03-12,2026-09-12,2026-05-09T02:04:03.315059,,35748.58,5,1787.43,37536.01,0,37536.01,USD,Thank you for your business!,bbf275a7-9910-4b9c-8633-bd1239bfb068,2026-06-29T03:21:29.315066,
bdfe8ff5-7fb1-4cfc-b188-b9f298cd752c,6e2684b5-dd18-4549-8440-7276b577d2b5,0a5fc3e0-36db-42b2-8520-344f2de13eff,e81caa7d-d624-4f61-a640-8ecbd25e6fe0,INV-000581,Invoice for Subscription,sent,2026-02-02,2026-12-29,2026-05-06T22:12:02.315093,,80596.13,5,4029.81,84625.94,0,84625.94,USD,Thank you for your business!,,2025-11-15T01:22:45.315099,
f9fbcb6d-e1b7-420a-ab60-8f0f7675af62,6e2684b5-dd18-4549-8440-7276b577d2b5,a8f1f5aa-ace4-42e3-82e1-36061c6ab825,,INV-000582,Invoice for Services,overdue,2026-02-28,2027-01-14,2026-07-24T01:21:09.315125,,18716.28,8,1497.3,20213.58,0,20213.58,USD,Thank you for your business!,,2025-12-25T20:56:26.315131,
68e632c4-8489-47c2-901c-c3c7edcf5c5c,6e2684b5-dd18-4549-8440-7276b577d2b5,4cc31c2e-a627-46e6-980e-da0bb2a6e17a,01cd5d4c-65ef-4cbf-b25b-84a0c4bd39d2,INV-000583,Invoice for Products,sent,2025-10-09,2026-12-30,2026-05-26T16:32:44.315157,,65345.65,7.5,4900.92,70246.57,0,70246.57,USD,,,2025-10-31T02:11:55.315163,
4d250f5e-36e0-479d-823a-647b5de90528,6e2684b5-dd18-4549-8440-7276b577d2b5,,,INV-000584,Invoice for Products,cancelled,2025-10-10,2027-01-31,2026-05-18T17:58:10.315191,,52220.53,15,7833.08,60053.61,0,60053.61,USD,Thank you for your business!,,2026-05-21T00:24:55.315197,
890b100b-852c-4001-ba5f-ddfffadb3d65,6e2684b5-dd18-4549-8440-7276b577d2b5,,,INV-000585,Invoice for Subscription,partial,2026-07-08,2026-09-24,2026-07-01T02:14:08.315221,,30695.53,7.5,2302.16,32997.69,16498.845,16498.845,USD,Thank you for your business!,,2025-09-07T09:38:24.315227,
f17a0914-5014-4db6-b761-c0cec659bb0a,6e2684b5-dd18-4549-8440-7276b577d2b5,19cd06df-a9ef-4c97-a4d6-75eb4f563db1,,INV-000586,Invoice for Products,viewed,2026-04-08,2026-12-11,2026-03-15T12:33:27.315253,,93311.8,20,18662.36,111974.16,0,111974.16,USD,,7c4df25b-f22c-4d31-bc3b-700d36c84eb7,2026-07-05T00:02:42.315260,
5c3182fd-3afa-47c2-ba7c-f9f99397370b,6e2684b5-dd18-4549-8440-7276b577d2b5,ad12cb1d-256d-4cae-969d-098820e9c9ba,dea72029-1ba1-4b5d-9e6d-592951f4bc65,INV-000587,Invoice for Products,partial,2026-01-06,2027-01-05,2026-05-03T13:08:00.315288,,64518.85,15,9677.83,74196.68,37098.34,37098.34,USD,Thank you for your business!,,2026-03-01T23:31:56.315295,
620fb81a-4491-494a-842c-beb2cce20ddb,6e2684b5-dd18-4549-8440-7276b577d2b5,17e82c08-0253-4a3d-b748-23b84164c7a6,,INV-000588,Invoice for Products,overdue,2025-10-23,2026-10-15,2026-06-05T08:30:30.315320,,4353.29,8,348.26,4701.55,0,4701.55,USD,,,2025-10-27T21:05:25.315326,
116ccb0b-9de9-4e75-8572-5074d31e3d2a,6e2684b5-dd18-4549-8440-7276b577d2b5,4bcad4b3-1d3a-4696-acfc-f10ab2ddcb10,,INV-000589,Invoice for Services,overdue,2026-03-28,2026-10-08,2026-05-31T18:36:51.315352,,82005.94,0,0.0,82005.94,0,82005.94,USD,,,2026-06-01T22:41:08.315358,
3125d47a-39ce-4afb-a4f1-f68b75ec7da4,6e2684b5-dd18-4549-8440-7276b577d2b5,09b675ae-a6c2-4c43-b6f7-a94b28d8693b,,INV-000590,Invoice for Support,draft,2026-04-16,2026-12-27,,,12062.58,0,0.0,12062.58,0,12062.58,USD,,478270b2-34b0-44d0-af42-e2a381f67cbe,2026-06-13T19:31:06.315393,
4dc84aad-7fe5-4bb8-b84a-1dc636584fa2,6e2684b5-dd18-4549-8440-7276b577d2b5,,946866ba-69f9-4f60-8f10-3d15e73e9a77,INV-000591,Invoice for Services,overdue,2026-03-03,2026-10-15,2026-07-25T03:52:42.315418,,39981.75,15,5997.26,45979.01,0,45979.01,USD,,,2025-08-30T20:37:52.315427,
6843bbe2-a11d-4551-8a94-86f008eff624,6e2684b5-dd18-4549-8440-7276b577d2b5,4c767217-9ddf-4c29-a8e4-991c78584d40,497e49ac-a5cc-4f23-a4d5-2e65403e2f74,INV-000592,Invoice for Subscription,partial,2026-02-22,2026-11-06,2026-04-10T11:18:58.315460,,2052.05,0,0.0,2052.05,1026.025,1026.025,USD,Thank you for your business!,,2026-01-13T08:05:56.315466,
f2b0da31-7a31-46b8-93ad-1ecf71bbb9be,6e2684b5-dd18-4549-8440-7276b577d2b5,,,INV-000593,Invoice for Products,paid,2025-09-25,2027-01-15,2026-05-17T12:30:06.315491,2026-04-25T21:48:28.315496,9360.42,7.5,702.03,10062.45,10062.45,0,USD,,,2025-11-09T20:41:31.315502,
16d3014e-e2ae-4475-8edd-63b36ed30559,6e2684b5-dd18-4549-8440-7276b577d2b5,,57e081b1-29e0-44d4-aa34-b18b1c8ca753,INV-000594,Invoice for Services,cancelled,2025-12-03,2027-01-15,2026-04-14T08:38:44.315536,,18077.78,15,2711.67,20789.45,0,20789.45,USD,Thank you for your business!,,2025-11-06T00:07:51.315541,
e7d24488-ab3e-4bf0-b815-5caf0b42c40a,6e2684b5-dd18-4549-8440-7276b577d2b5,,758f5ef9-b984-43da-8002-2029e0316f70,INV-000595,Invoice for Products,paid,2025-09-05,2026-11-08,2026-07-27T18:58:34.315567,2026-07-23T08:05:57.315572,84181.1,7.5,6313.58,90494.68,90494.68,0,USD,,,2026-05-11T06:59:48.315578,
4ad526cd-7508-456a-903f-77fb96bcd0ff,6e2684b5-dd18-4549-8440-7276b577d2b5,bad2e4bc-ff65-47c4-bafd-870aef02f011,,INV-000596,Invoice for Support,overdue,2026-04-06,2027-01-28,2026-02-24T05:26:11.315604,,33602.23,15,5040.33,38642.56,0,38642.56,USD,Thank you for your business!,,2026-04-18T17:13:00.315610,
a5aaf47d-892c-49c2-a67f-8bb327b1b51a,6e2684b5-dd18-4549-8440-7276b577d2b5,1bb97d23-9e6f-4b65-93ec-707b0debdc77,bfd3a28b-28ab-496c-a86c-c6c733c446d6,INV-000597,Invoice for Consulting,overdue,2026-03-03,2027-02-02,2026-05-16T11:33:21.315637,,90508.64,8,7240.69,97749.33,0,97749.33,USD,,,2025-09-11T08:30:28.315643,
e66c5fd9-52cc-4827-bdd8-6faf8ad2163d,6e2684b5-dd18-4549-8440-7276b577d2b5,,,INV-000598,Invoice for Support,cancelled,2025-10-18,2026-09-14,2026-06-12T02:12:20.315668,,62435.23,8,4994.82,67430.05,0,67430.05,USD,Thank you for your business!,,2025-08-18T01:42:35.315674,
df331f56-e47b-478a-a05c-c872c00066b9,6e2684b5-dd18-4549-8440-7276b577d2b5,4b4f9bd1-9f4b-4135-be50-3a10bc0dd1f4,2fe5e7c3-546c-4ffa-89d8-46ed4a55a754,INV-000599,Invoice for Consulting,viewed,2026-01-27,2026-12-01,2026-04-16T00:36:25.315701,,71036.04,20,14207.21,85243.25,0,85243.25,USD,,,2026-05-05T23:39:01.315706,
39acd985-5f6e-43a1-8319-ce2382c7499b,6e2684b5-dd18-4549-8440-7276b577d2b5,05a1ee9e-2fb1-45ee-8336-603a519a95a0,6fb72bb6-da33-4927-be47-c2599602d780,INV-000600,Invoice for Subscription,paid,2026-06-10,2026-09-18,2026-07-25T23:03:05.315734,2026-04-29T02:08:51.315739,70440.55,10,7044.06,77484.61,77484.61,0,USD,Thank you for your business!,,2026-05-03T03:18:14.315745,
fc8cd270-3c37-48c9-9da5-35c2a0caa984,7319bb38-0e1a-42a0-a1a3-c170af371232,,e9e4b356-0033-4be0-ab40-c201a4892c51,INV-000601,Invoice for Subscription,paid,2026-04-20,2026-11-26,2026-02-22T01:19:54.319685,2026-06-12T13:52:55.319693,7104.06,10,710.41,7814.47,7814.47,0,USD,,,2025-11-15T00:00:04.319699,
656fa280-4eb1-4406-aa56-6d9d87d29465,7319bb38-0e1a-42a0-a1a3-c170af371232,,c6bc0a13-c0f0-48ea-879b-adac924a6d2b,INV-000602,Invoice for Services,draft,2025-10-18,2027-01-22,,,69629.28,8,5570.34,75199.62,0,75199.62,USD,Thank you for your business!,,2026-02-17T02:11:32.319735,
fee7a193-d836-4b05-87da-a0102e7050c0,7319bb38-0e1a-42a0-a1a3-c170af371232,2b62e1e9-1546-4873-9dec-799acfc9198f,3297cf90-f282-4e3b-92a8-1486947ea316,INV-000603,Invoice for Services,overdue,2025-08-14,2027-01-20,2026-04-18T22:23:16.319824,,50546.28,0,0.0,50546.28,0,50546.28,USD,,44f3b066-7c0d-4b78-82df-cb88afca68db,2026-07-14T07:04:53.319834,
133c5358-47d6-4ccf-89f2-8d44b7a2b6b5,7319bb38-0e1a-42a0-a1a3-c170af371232,60de69b0-e36a-4870-8055-3c7e23e949db,,INV-000604,Invoice for Consulting,cancelled,2026-02-04,2026-12-09,2026-02-13T14:30:22.319866,,79393.8,8,6351.5,85745.3,0,85745.3,USD,,,2026-02-08T01:02:41.319872,
27a14ea3-1945-4a05-b13e-8aa69f0f0446,7319bb38-0e1a-42a0-a1a3-c170af371232,980aa01e-1194-486d-9786-a0afde1fea99,118fd458-481e-469b-b2ea-bdfe893f5766,INV-000605,Invoice for Consulting,viewed,2026-01-01,2026-09-11,2026-03-17T19:39:59.319941,,10817.83,7.5,811.34,11629.17,0,11629.17,USD,,,2025-12-22T18:12:58.319950,
d94665c3-88ff-4cd6-b2a2-a4f2adee9cd6,7319bb38-0e1a-42a0-a1a3-c170af371232,,,INV-000606,Invoice for Consulting,draft,2025-11-13,2027-01-24,,,60040.6,15,9006.09,69046.69,0,69046.69,USD,,,2025-08-29T05:17:44.320004,
8fb0c4b0-4e81-4981-9a6d-9551699ad74a,7319bb38-0e1a-42a0-a1a3-c170af371232,f3e774d3-1365-45a3-9417-c7a842f13852,,INV-000607,Invoice for Support,partial,2026-07-17,2026-12-28,2026-08-07T00:12:11.320059,,56666.19,5,2833.31,59499.5,29749.75,29749.75,USD,,cfbf9661-9469-46e8-88a1-de3fb7bdfff2,2026-04-11T04:04:11.320077,
cd9c1a17-2b47-4c3e-9cee-9e221b125625,7319bb38-0e1a-42a0-a1a3-c170af371232,3f31f814-fb69-45ad-b923-a27a9f654fc6,,INV-000608,Invoice for Products,sent,2025-08-28,2026-08-31,2026-04-21T18:40:02.320138,,82588.32,7.5,6194.12,88782.44,0,88782.44,USD,,,2026-04-22T17:52:00.320149,
aba2ebca-758d-4791-9805-9ad1a5796c1f,7319bb38-0e1a-42a0-a1a3-c170af371232,4c9aaa7d-aea8-49c7-9fc6-dd774d31271c,83589f6c-f29a-4d80-a3b7-7523fb0b27d3,INV-000609,Invoice for Products,partial,2026-06-07,2026-12-12,2026-04-14T22:28:48.320199,,34785.87,5,1739.29,36525.16,18262.58,18262.58,USD,,,2025-08-11T13:00:34.320208,
995df10d-de54-4b95-9b62-5543399b97e5,7319bb38-0e1a-42a0-a1a3-c170af371232,,cbd5bf4f-ae9c-4de4-aa39-c55ab8bacb83,INV-000610,Invoice for Subscription,sent,2025-12-19,2027-01-08,2026-07-20T18:33:02.320250,,18806.3,5,940.32,19746.62,0,19746.62,USD,Thank you for your business!,,2025-11-18T02:06:25.320259,
8b4c932a-fb34-47b2-9e8f-48f0c6d4e3f7,7319bb38-0e1a-42a0-a1a3-c170af371232,,db636165-9a35-4fb9-8561-6ad3e67d3dc8,INV-000611,Invoice for Services,sent,2026-01-05,2026-11-27,2026-02-15T10:06:38.320304,,31408.61,10,3140.86,34549.47,0,34549.47,USD,Thank you for your business!,,2026-04-19T22:40:29.320313,
4c6d9862-204f-4d20-b26f-2c038b5526e6,7319bb38-0e1a-42a0-a1a3-c170af371232,,8d0da783-96c4-48be-97a0-519a33ecea23,INV-000612,Invoice for Subscription,viewed,2025-11-17,2026-12-21,2026-07-06T06:29:15.320357,,1487.89,15,223.18,1711.07,0,1711.07,USD,Thank you for your business!,,2026-06-23T04:48:13.320365,
8404a1d8-f40a-4d16-bb62-301a943493d0,7319bb38-0e1a-42a0-a1a3-c170af371232,92eefa23-08b0-49d2-a21b-3cb4bf494334,57f12e67-2f19-4a9c-a140-dfc575cfe0f6,INV-000613,Invoice for Support,cancelled,2026-01-25,2027-01-07,2026-02-26T01:39:49.320420,,9392.09,10,939.21,10331.3,0,10331.3,USD,Thank you for your business!,,2026-04-25T10:38:14.320430,
a5d7e6a0-2bab-4393-ac9c-64e5cbcb6765,7319bb38-0e1a-42a0-a1a3-c170af371232,bbe4fe9a-fb40-48ea-8901-2f45c6e0bdbb,,INV-000614,Invoice for Support,partial,2025-10-26,2026-08-07,2026-08-06T02:35:37.320509,,44070.0,7.5,3305.25,47375.25,23687.625,23687.625,USD,Thank you for your business!,b6ca1dcb-5fea-4f86-956a-b3f7af239747,2025-09-09T23:28:06.320521,
7f715cf9-4ca6-4c34-9fe7-36a81c06dfab,7319bb38-0e1a-42a0-a1a3-c170af371232,6f9630f2-1491-432a-96be-57c128980aff,8a9f0f64-7b1e-47e3-8f2c-40b6ac2426f5,INV-000615,Invoice for Support,partial,2026-06-10,2027-01-13,2026-06-18T02:43:57.320567,,7342.09,0,0.0,7342.09,3671.045,3671.045,USD,,0f28131f-b339-4c8c-9694-940504805290,2026-05-13T10:09:29.320578,
0106936f-892d-4971-abea-6b27254df809,7319bb38-0e1a-42a0-a1a3-c170af371232,79d3eac3-47d9-4ca9-91c8-6e531c1ce5e6,de300efe-6f42-4241-a009-316d00764fed,INV-000616,Invoice for Support,draft,2025-12-13,2026-10-12,,,12091.82,20,2418.36,14510.18,0,14510.18,USD,Thank you for your business!,,2026-01-18T23:25:41.320637,
6108a425-ce27-4c68-a10c-dc696f4c82a3,7319bb38-0e1a-42a0-a1a3-c170af371232,20c2b3f1-9dca-4c83-9414-31955a0a4a3c,,INV-000617,Invoice for Subscription,draft,2025-09-13,2026-09-23,,,77773.18,7.5,5832.99,83606.17,0,83606.17,USD,Thank you for your business!,,2026-03-27T10:58:07.320685,
64556ca7-5ae0-4244-97d7-ba3069b07913,7319bb38-0e1a-42a0-a1a3-c170af371232,,,INV-000618,Invoice for Services,overdue,2026-07-25,2027-01-10,2026-05-31T23:25:20.320732,,2544.26,15,381.64,2925.9,0,2925.9,USD,,,2026-03-15T06:41:46.320739,
92126463-c5e1-4be8-8426-b81a50dea155,7319bb38-0e1a-42a0-a1a3-c170af371232,bfc6b963-6146-47b1-88ad-6433ee7093e7,,INV-000619,Invoice for Support,viewed,2026-04-21,2026-08-12,2026-03-28T20:11:10.320766,,79894.15,20,15978.83,95872.98,0,95872.98,USD,,,2025-12-25T04:52:14.320772,
0fa6c881-7c21-4fcb-bcb0-643ea24f4594,7319bb38-0e1a-42a0-a1a3-c170af371232,d319e9e5-4fc2-4927-ab4b-1025dbf8bfb1,,INV-000620,Invoice for Subscription,paid,2026-06-08,2026-11-28,2026-05-21T21:03:35.320800,2026-04-20T00:57:45.320805,87409.79,8,6992.78,94402.57,94402.57,0,USD,Thank you for your business!,8058bfeb-c450-4fa2-b222-10bea37387c4,2026-06-10T19:33:43.320813,
f9ae7085-5b0a-4704-b093-5100e171f150,7319bb38-0e1a-42a0-a1a3-c170af371232,f9fae607-09fd-48b7-8a1c-e64b43a86426,,INV-000621,Invoice for Subscription,cancelled,2026-07-24,2027-01-03,2026-05-31T11:42:21.320841,,54330.39,20,10866.08,65196.47,0,65196.47,USD,,,2025-08-20T04:38:34.320847,
7d87e6a9-3a5d-4da3-8181-373a72400abc,7319bb38-0e1a-42a0-a1a3-c170af371232,a328aa63-3ec3-4669-b6b6-dca202b239e9,cb554b95-a1a6-4bc8-b3de-39e2770f3d9a,INV-000622,Invoice for Consulting,viewed,2026-05-10,2026-09-20,2026-03-26T04:39:51.320880,,78882.74,15,11832.41,90715.15,0,90715.15,USD,,,2026-02-22T11:20:31.320886,
4ffee8b4-f83d-4279-bfa8-abfd9b7ded3e,7319bb38-0e1a-42a0-a1a3-c170af371232,,,INV-000623,Invoice for Services,viewed,2026-08-05,2026-11-21,2026-06-09T14:57:41.320913,,76958.96,0,0.0,76958.96,0,76958.96,USD,,,2026-06-14T11:59:03.320919,
0425aa55-cc61-446d-bd9e-28dc3b8569e7,7319bb38-0e1a-42a0-a1a3-c170af371232,3e2cf2b5-c62f-4d4a-91c6-dc7ecd7eb911,,INV-000624,Invoice for Consulting,draft,2025-10-08,2026-10-09,,,97966.6,8,7837.33,105803.93,0,105803.93,USD,,,2026-04-20T17:34:11.320951,
72e80df8-60d8-4848-a330-c245f7d93733,7319bb38-0e1a-42a0-a1a3-c170af371232,c62bdb8c-85db-49e1-946d-fe74c523f9e1,,INV-000625,Invoice for Products,draft,2026-03-24,2026-12-16,,,68761.68,5,3438.08,72199.76,0,72199.76,USD,,,2026-03-31T10:24:30.320980,
f73dbf76-78c3-4aed-aa3b-d56f333fd3cc,7319bb38-0e1a-42a0-a1a3-c170af371232,0f29f467-42a0-4346-b25a-21f4e8052910,28615c98-bd70-494f-b3d7-4eea6dee4878,INV-000626,Invoice for Services,viewed,2026-05-11,2026-11-18,2026-02-19T16:03:28.321011,,93114.37,5,4655.72,97770.09,0,97770.09,USD,,,2026-05-31T05:34:50.321017,
2a616de4-cc5f-4499-b9b8-dcd6ea914a70,7319bb38-0e1a-42a0-a1a3-c170af371232,,ca011c11-1161-40e5-89b9-fbd5123abdc5,INV-000627,Invoice for Subscription,viewed,2025-11-19,2027-01-22,2026-06-15T11:13:20.321044,,75022.1,20,15004.42,90026.52,0,90026.52,USD,,,2026-04-01T05:18:10.321050,
a1999871-518f-4a42-bd87-f8911f9301b5,7319bb38-0e1a-42a0-a1a3-c170af371232,,,INV-000628,Invoice for Subscription,paid,2026-01-07,2026-08-29,2026-06-28T11:50:51.321076,2026-07-18T09:48:05.321081,42213.08,8,3377.05,45590.13,45590.13,0,USD,,,2026-06-15T11:50:04.321087,
4dfca87b-173a-4913-b32e-ba4416fff00f,7319bb38-0e1a-42a0-a1a3-c170af371232,c8064334-491f-4486-91a4-b287cf6f2149,20a79fcd-4c30-422e-9efd-19bde2d9f8d4,INV-000629,Invoice for Products,viewed,2025-10-07,2026-09-14,2026-02-28T02:48:52.321120,,32272.51,10,3227.25,35499.76,0,35499.76,USD,,,2026-05-14T07:10:23.321125,
7ca56015-60c1-4cfc-988e-3f4e83660534,7319bb38-0e1a-42a0-a1a3-c170af371232,298be7c2-e00d-4605-b38a-88954a7fd13a,,INV-000630,Invoice for Subscription,cancelled,2026-01-28,2027-01-10,2026-06-15T07:29:14.321153,,21192.26,10,2119.23,23311.49,0,23311.49,USD,Thank you for your business!,,2025-08-08T11:42:12.321159,
b2bbbb53-a022-4bcd-9f15-0c18db904e6b,7319bb38-0e1a-42a0-a1a3-c170af371232,a28e8910-8b06-4257-b520-a6a99b6ebd9f,,INV-000631,Invoice for Subscription,sent,2026-07-17,2026-09-28,2026-06-28T21:59:50.321186,,39233.8,10,3923.38,43157.18,0,43157.18,USD,Thank you for your business!,,2026-01-26T21:08:57.321192,
ef6a841d-ba22-46e7-b559-534200f3eb0f,7319bb38-0e1a-42a0-a1a3-c170af371232,,,INV-000632,Invoice for Support,partial,2025-11-05,2026-12-12,2026-07-22T17:26:30.321217,,15573.62,8,1245.89,16819.51,8409.755,8409.755,USD,,,2025-10-19T17:35:17.321223,
0bdafc62-56c3-482a-9dea-58e3804e5d5c,7319bb38-0e1a-42a0-a1a3-c170af371232,,e222e117-55d9-437b-94c3-3db41f09400b,INV-000633,Invoice for Services,cancelled,2025-09-15,2026-09-23,2026-05-31T03:14:04.321250,,38307.68,8,3064.61,41372.29,0,41372.29,USD,,,2025-10-26T06:52:35.321256,
3de42c7c-c344-4a64-ac08-5877505e5c47,7319bb38-0e1a-42a0-a1a3-c170af371232,f2894ebe-7a6e-4b76-9022-13a0b4e83191,de723927-e986-44e8-ab08-8ca02615340d,INV-000634,Invoice for Support,overdue,2026-05-22,2026-10-16,2026-05-23T13:30:57.321283,,81210.23,20,16242.05,97452.28,0,97452.28,USD,Thank you for your business!,,2026-04-09T17:42:22.321289,
f2b9d9f4-7cb9-414c-8c8e-29951674482f,7319bb38-0e1a-42a0-a1a3-c170af371232,,e1314932-d291-4995-ad24-d29644d18363,INV-000635,Invoice for Support,sent,2025-09-19,2026-12-07,2026-04-12T23:45:27.321316,,64201.28,0,0.0,64201.28,0,64201.28,USD,Thank you for your business!,,2025-09-10T18:28:20.321322,
68c617bc-f4a3-4a79-a6b9-5fc9805dcccc,7319bb38-0e1a-42a0-a1a3-c170af371232,,,INV-000636,Invoice for Services,sent,2025-11-14,2026-10-19,2026-07-24T12:17:03.321348,,69256.14,20,13851.23,83107.37,0,83107.37,USD,Thank you for your business!,,2025-12-30T13:44:53.321354,
0a8bedaa-1537-47bc-af87-8c2958b56f46,7319bb38-0e1a-42a0-a1a3-c170af371232,f7cd7d6e-cc59-47b0-bf96-75018e6e24aa,d84d86f7-40e4-412d-b5ad-e170922198d5,INV-000637,Invoice for Services,viewed,2025-08-18,2026-10-14,2026-02-23T09:24:02.321383,,14738.42,15,2210.76,16949.18,0,16949.18,USD,Thank you for your business!,e529d572-f604-47ed-a110-16416c0a9fbe,2025-09-18T10:39:56.321390,
7cc5cf19-663b-4989-bdd2-3791383ad55d,7319bb38-0e1a-42a0-a1a3-c170af371232,,,INV-000638,Invoice for Products,draft,2026-05-09,2026-08-18,,,89746.49,10,8974.65,98721.14,0,98721.14,USD,Thank you for your business!,,2026-02-14T13:40:36.321419,
3f983dd7-9f9c-4097-8f78-b742e9ccff00,7319bb38-0e1a-42a0-a1a3-c170af371232,d26f7771-3af8-4a94-b5c2-7f5cd74988b3,,INV-000639,Invoice for Services,cancelled,2025-11-14,2026-08-20,2026-05-06T20:22:16.321459,,23424.76,8,1873.98,25298.74,0,25298.74,USD,,,2026-01-04T20:40:11.321465,
756c1572-5c79-474c-8801-efc320d5ded7,7319bb38-0e1a-42a0-a1a3-c170af371232,,,INV-000640,Invoice for Support,partial,2025-08-31,2026-12-06,2026-02-07T19:59:13.321491,,95351.09,10,9535.11,104886.2,52443.1,52443.1,USD,,ee26d419-0649-4799-b83e-f94c7b6b34c1,2026-07-18T12:17:15.321498,
0d565164-d3e5-462f-bb63-3ca7b30e8e04,7319bb38-0e1a-42a0-a1a3-c170af371232,d349583f-f4f9-4a74-a675-15d9beec2af5,209a29ab-b0ab-40e6-b951-2cc6ab1e18be,INV-000641,Invoice for Support,viewed,2025-09-11,2026-09-21,2026-08-04T07:33:56.321525,,6417.1,7.5,481.28,6898.38,0,6898.38,USD,Thank you for your business!,,2026-06-20T19:00:53.321531,
1f289f0f-90b3-4b2b-bcad-d9b33cc195a4,7319bb38-0e1a-42a0-a1a3-c170af371232,838661a4-f073-48d4-88d8-33e0694368e0,,INV-000642,Invoice for Products,cancelled,2026-02-08,2026-10-02,2026-07-01T15:51:58.321559,,216.65,10,21.66,238.31,0,238.31,USD,,4082b02c-2f8e-439c-a0ba-c80598711b9f,2025-12-14T21:45:53.321565,
153798bf-0953-48fc-a447-c36a85c75283,7319bb38-0e1a-42a0-a1a3-c170af371232,,,INV-000643,Invoice for Services,viewed,2026-03-27,2026-09-22,2026-06-21T17:55:32.321596,,62871.05,20,12574.21,75445.26,0,75445.26,USD,Thank you for your business!,,2026-05-31T07:50:52.321602,
b0ee546b-98d2-4071-8166-5cb0aca0202b,7319bb38-0e1a-42a0-a1a3-c170af371232,,,INV-000644,Invoice for Support,cancelled,2026-03-26,2026-10-29,2026-03-19T19:36:22.321627,,46678.22,7.5,3500.87,50179.09,0,50179.09,USD,,6f8cd2c4-d7d7-43b6-bdef-a8aeb6175db4,2025-09-10T23:32:47.321635,
ea3217df-de04-4324-9606-75073914ab96,7319bb38-0e1a-42a0-a1a3-c170af371232,,36f73f44-9498-4d0c-84da-d57b3aeaa848,INV-000645,Invoice for Consulting,draft,2025-12-19,2026-11-05,,,30311.99,15,4546.8,34858.79,0,34858.79,USD,Thank you for your business!,,2025-12-05T13:59:28.321666,
a0df4d32-05e4-43a5-a25e-2f19bd5ab49c,7319bb38-0e1a-42a0-a1a3-c170af371232,,29d44821-7bf8-40a8-b87d-6e0552278397,INV-000646,Invoice for Products,partial,2025-09-22,2026-09-22,2026-06-10T12:47:19.321692,,60526.0,20,12105.2,72631.2,36315.6,36315.6,USD,Thank you for your business!,,2025-11-25T05:02:40.321698,
6fa69af3-39ed-4ee4-abfa-c06cc1a256dd,7319bb38-0e1a-42a0-a1a3-c170af371232,ce12c842-902f-47ca-b64f-b12eef192db9,,INV-000647,Invoice for Subscription,viewed,2025-09-13,2026-08-23,2026-05-13T08:31:20.321724,,47905.39,8,3832.43,51737.82,0,51737.82,USD,Thank you for your business!,,2026-03-15T08:07:29.321730,
2de6669a-a6e3-46f3-a733-35e916a8c050,7319bb38-0e1a-42a0-a1a3-c170af371232,86343c96-1e96-476a-9aa3-c1ad323565b3,36f73f44-9498-4d0c-84da-d57b3aeaa848,INV-000648,Invoice for Products,cancelled,2026-03-04,2026-10-05,2026-03-25T11:18:51.321757,,52390.14,15,7858.52,60248.66,0,60248.66,USD,,,2025-12-11T08:32:39.321763,
a1111c88-eab3-4651-ab19-14e08e195968,7319bb38-0e1a-42a0-a1a3-c170af371232,,,INV-000649,Invoice for Subscription,draft,2025-09-08,2026-12-26,,,35887.89,8,2871.03,38758.92,0,38758.92,USD,,,2026-04-01T17:52:41.321789,
338e32a7-c574-43d3-a33b-36b05df1b769,7319bb38-0e1a-42a0-a1a3-c170af371232,bb6c1151-50c1-4212-9365-b97112c096ce,dc857e49-4db2-4daa-8645-82c032525502,INV-000650,Invoice for Support,partial,2025-09-19,2027-02-02,2026-05-18T19:28:33.321821,,32139.45,7.5,2410.46,34549.91,17274.955,17274.955,USD,Thank you for your business!,,2025-11-19T07:20:20.321827,
76630460-a290-4ca8-bebe-8c9567ad7c84,7319bb38-0e1a-42a0-a1a3-c170af371232,5c72dc1e-135c-4297-83af-8e4a27315c0a,2989b84a-bfd5-46cf-bc59-36102cc325e1,INV-000651,Invoice for Services,draft,2026-03-05,2026-08-26,,,73894.1,20,14778.82,88672.92,0,88672.92,USD,Thank you for your business!,,2026-06-21T03:23:27.321855,
3a9e7afe-e934-4c43-ba13-dd881cbe5b57,7319bb38-0e1a-42a0-a1a3-c170af371232,,442b42d8-5729-423a-9f7d-463086abe4ea,INV-000652,Invoice for Support,cancelled,2025-12-22,2026-10-06,2026-05-21T19:24:26.321882,,22382.18,0,0.0,22382.18,0,22382.18,USD,Thank you for your business!,,2025-09-03T22:29:46.321909,
ac5e2a35-7ace-4cd8-8790-a87f3d73a463,7319bb38-0e1a-42a0-a1a3-c170af371232,,,INV-000653,Invoice for Services,paid,2025-09-23,2026-08-23,2026-04-03T21:39:34.321970,2026-07-10T23:09:27.321980,15623.24,7.5,1171.74,16794.98,16794.98,0,USD,Thank you for your business!,,2026-06-16T14:04:40.321991,
159a0502-5b58-48bf-8a0a-13534744a160,7319bb38-0e1a-42a0-a1a3-c170af371232,d6b86993-dcc4-4580-b51f-a23619508b24,716e614a-5934-4d9d-a7f4-767b2e743ecc,INV-000654,Invoice for Support,draft,2026-06-18,2026-10-18,,,80595.35,8,6447.63,87042.98,0,87042.98,USD,,,2025-08-26T16:35:22.322054,
1ed44730-6e3a-4bd6-86a2-5830ea8cfe3d,7319bb38-0e1a-42a0-a1a3-c170af371232,,9557e36a-89fd-4eaa-8118-893c1f73e5c3,INV-000655,Invoice for Products,cancelled,2026-05-25,2026-11-28,2026-02-26T14:55:20.322086,,61589.32,8,4927.15,66516.47,0,66516.47,USD,Thank you for your business!,c051f7f9-dd06-4010-b85b-d710464faa11,2026-05-25T17:15:16.322093,
9f1090b1-f751-445d-9c2a-1c4687c9ed7a,7319bb38-0e1a-42a0-a1a3-c170af371232,,,INV-000656,Invoice for Support,sent,2025-11-17,2027-01-05,2026-05-26T05:03:56.322121,,70294.37,8,5623.55,75917.92,0,75917.92,USD,Thank you for your business!,,2025-09-22T10:00:53.322127,
9ec2f002-2359-43ee-93a4-5fab69384e66,7319bb38-0e1a-42a0-a1a3-c170af371232,9f155849-d049-4c0c-ae7f-09d51a84931c,929dface-f231-44fe-b190-73ddd4490fb4,INV-000657,Invoice for Support,overdue,2025-10-07,2026-09-08,2026-02-09T09:14:17.322156,,50294.85,7.5,3772.11,54066.96,0,54066.96,USD,,,2026-02-09T23:29:53.322162,
ad39fa4d-7785-4450-976e-eb421be3d1d8,7319bb38-0e1a-42a0-a1a3-c170af371232,,,INV-000658,Invoice for Subscription,partial,2026-05-09,2026-10-09,2026-05-25T01:27:44.322192,,80307.08,20,16061.42,96368.5,48184.25,48184.25,USD,,4dc2c124-ddb6-495a-bdb2-df23a4643bf2,2025-12-10T10:37:50.322200,
e846b574-87bd-4fdf-a589-24fe18577dfe,7319bb38-0e1a-42a0-a1a3-c170af371232,,8040b766-cc52-450c-83c2-a805791e3ade,INV-000659,Invoice for Subscription,sent,2025-08-17,2026-09-23,2026-05-11T14:47:23.322273,,3310.47,5,165.52,3475.99,0,3475.99,USD,,,2025-10-11T17:05:26.322288,
6c8c7ef8-a126-4cd3-94c6-5d0240334c45,7319bb38-0e1a-42a0-a1a3-c170af371232,,,INV-000660,Invoice for Subscription,partial,2025-10-26,2026-12-24,2026-03-06T16:05:42.322321,,46914.66,5,2345.73,49260.39,24630.195,24630.195,USD,Thank you for your business!,,2025-10-21T22:46:08.322327,
9331fe87-c9bc-4db0-894d-32285c3814ac,7319bb38-0e1a-42a0-a1a3-c170af371232,,f90cc863-ed38-4d6f-82f8-a3f91ce89384,INV-000661,Invoice for Services,cancelled,2026-05-12,2026-11-30,2026-02-20T10:01:40.322359,,25111.78,10,2511.18,27622.96,0,27622.96,USD,,,2025-11-11T19:43:21.322365,
0939f063-1b7a-43b4-b69c-5412f8bf6bee,7319bb38-0e1a-42a0-a1a3-c170af371232,b7d7977c-b431-4e46-a8ed-2b8fa0a31df6,aaab7100-5a73-4ca1-87c2-66ca8e1c5cc7,INV-000662,Invoice for Subscription,viewed,2026-06-02,2026-12-06,2026-05-19T08:49:54.322393,,35140.67,20,7028.13,42168.8,0,42168.8,USD,Thank you for your business!,,2025-08-11T02:09:20.322399,
46c2df80-5f92-4dfe-bc00-167687d41c50,7319bb38-0e1a-42a0-a1a3-c170af371232,,,INV-000663,Invoice for Subscription,draft,2025-08-16,2026-11-30,,,90062.76,7.5,6754.71,96817.47,0,96817.47,USD,,,2026-07-14T09:19:34.322424,
548bbffe-a62c-4e3e-9bad-a436198969b8,7319bb38-0e1a-42a0-a1a3-c170af371232,8f8effb6-982e-4110-ba39-8e20fc975346,,INV-000664,Invoice for Support,partial,2026-04-04,2026-11-23,2026-03-23T14:07:25.322460,,70061.91,20,14012.38,84074.29,42037.145,42037.145,USD,Thank you for your business!,,2026-04-21T19:01:38.322466,
1db71b2c-0746-4e1f-aa91-7c524fe9184c,7319bb38-0e1a-42a0-a1a3-c170af371232,,,INV-000665,Invoice for Services,draft,2026-04-08,2027-01-20,,,69172.27,15,10375.84,79548.11,0,79548.11,USD,Thank you for your business!,,2026-05-08T01:14:06.322493,
d666bcab-9e04-46e4-88cd-7e3ea3839c62,7319bb38-0e1a-42a0-a1a3-c170af371232,,,INV-000666,Invoice for Subscription,viewed,2026-05-22,2026-11-28,2026-07-18T18:57:46.322523,,24894.58,8,1991.57,26886.15,0,26886.15,USD,Thank you for your business!,,2026-03-14T15:47:38.322529,
8b39e306-7940-4533-9a9d-a4a978285b9e,7319bb38-0e1a-42a0-a1a3-c170af371232,c9106562-4259-43cc-870d-48753272915b,f90cc863-ed38-4d6f-82f8-a3f91ce89384,INV-000667,Invoice for Subscription,viewed,2026-04-02,2026-11-05,2026-06-30T23:58:40.322556,,9188.39,20,1837.68,11026.07,0,11026.07,USD,,,2026-01-09T16:35:52.322562,
9ca7b7d6-4c44-4eb4-9ad4-87efaed5a432,7319bb38-0e1a-42a0-a1a3-c170af371232,f45bba15-a035-4b73-8826-abb7270326c1,,INV-000668,Invoice for Services,sent,2026-05-06,2026-08-07,2026-02-12T18:04:37.322589,,76498.04,8,6119.84,82617.88,0,82617.88,USD,Thank you for your business!,302d3433-bc6c-4af7-abf0-2900ec36b3ae,2026-03-14T01:43:52.322596,
88b496b8-ceb1-4861-b855-9bf840ad5386,7319bb38-0e1a-42a0-a1a3-c170af371232,,,INV-000669,Invoice for Subscription,cancelled,2026-07-05,2027-01-19,2026-06-12T09:48:52.322622,,70355.58,10,7035.56,77391.14,0,77391.14,USD,,,2026-04-25T12:06:52.322627,
5880cf25-0704-40f9-be43-18cc1dd4b891,7319bb38-0e1a-42a0-a1a3-c170af371232,c5617c9e-cfac-4f08-b106-f5c6cb5c9123,61fae7b4-a1af-45ad-bdac-fe5195e4631a,INV-000670,Invoice for Subscription,cancelled,2026-05-22,2026-08-30,2026-02-15T21:41:32.322659,,78836.41,5,3941.82,82778.23,0,82778.23,USD,Thank you for your business!,,2026-06-09T06:57:35.322664,
47c63a39-4d69-46b1-b6e9-20659a7f7308,7319bb38-0e1a-42a0-a1a3-c170af371232,,b5b7e151-f3cf-4a55-ad85-c67a33232b0b,INV-000671,Invoice for Support,partial,2025-09-20,2026-12-06,2026-07-07T13:52:30.322695,,23923.21,5,1196.16,25119.37,12559.685,12559.685,USD,,,2025-11-26T17:10:35.322701,
abf0aa51-a0ae-4661-bfc9-5d5d45085ccb,7319bb38-0e1a-42a0-a1a3-c170af371232,c91b60fd-fdcd-45ba-a66a-f2f3cbc09156,bd97cf94-81c9-438e-a93a-4b18d1814b29,INV-000672,Invoice for Subscription,viewed,2026-04-02,2026-09-28,2026-03-08T08:17:54.322729,,95619.03,20,19123.81,114742.84,0,114742.84,USD,,,2026-07-18T03:42:33.322735,
df7d88ac-f07c-4a03-bb12-91f0c6497555,7319bb38-0e1a-42a0-a1a3-c170af371232,66cb1654-ad5b-4802-9412-af9ac24411eb,cd680f6f-7943-49e7-9131-272d486cad9e,INV-000673,Invoice for Consulting,partial,2026-02-21,2026-11-08,2026-07-28T08:13:23.322763,,37962.95,15,5694.44,43657.39,21828.695,21828.695,USD,,,2025-12-31T23:56:58.322769,
8e0fe466-5b82-4787-82fe-1084f9cc7a6c,7319bb38-0e1a-42a0-a1a3-c170af371232,,5b34720d-fb2c-463d-a3eb-211ad51f9b37,INV-000674,Invoice for Support,draft,2026-02-16,2026-12-14,,,41985.83,5,2099.29,44085.12,0,44085.12,USD,,,2026-01-01T09:51:25.322805,
228d6fdd-e495-46c9-8c93-c97fe5336d12,7319bb38-0e1a-42a0-a1a3-c170af371232,380330af-b782-4a39-b3d9-ab1b62a40cf6,,INV-000675,Invoice for Products,overdue,2025-09-20,2026-10-10,2026-02-25T04:17:04.322832,,26874.2,10,2687.42,29561.62,0,29561.62,USD,Thank you for your business!,,2026-02-26T20:44:15.322838,
5a622416-34eb-4cad-ba11-aec6ade9c06f,7319bb38-0e1a-42a0-a1a3-c170af371232,68f774e1-86e7-4e39-bee8-f69bae2087f1,20a79fcd-4c30-422e-9efd-19bde2d9f8d4,INV-000676,Invoice for Services,paid,2026-01-26,2026-10-10,2026-03-03T22:22:19.322866,2026-05-01T17:59:07.322871,61572.08,5,3078.6,64650.68,64650.68,0,USD,,,2026-05-21T10:28:11.322877,
46ae823c-03c9-4bbc-935d-d66b2b0f9e2f,7319bb38-0e1a-42a0-a1a3-c170af371232,2e457406-ad20-4346-ab41-df3049b23f3e,,INV-000677,Invoice for Products,draft,2026-01-29,2026-10-17,,,95309.4,10,9530.94,104840.34,0,104840.34,USD,Thank you for your business!,,2026-01-28T03:32:43.322903,
92a94fe9-0a4c-4a36-aced-0f8e230c0b38,7319bb38-0e1a-42a0-a1a3-c170af371232,8164e375-3866-4a49-b1f4-122fefd2bd40,,INV-000678,Invoice for Subscription,sent,2026-02-26,2026-11-07,2026-06-06T02:11:45.322930,,51613.03,7.5,3870.98,55484.01,0,55484.01,USD,Thank you for your business!,,2026-06-04T20:04:39.322936,
3016a951-7f83-46bf-8b31-de3f0d49fcdc,7319bb38-0e1a-42a0-a1a3-c170af371232,,,INV-000679,Invoice for Support,paid,2026-01-08,2026-12-12,2026-02-07T17:53:15.322970,2026-05-25T06:05:39.322975,84490.33,5,4224.52,88714.85,88714.85,0,USD,Thank you for your business!,,2026-06-16T13:32:14.322981,
5a918a1c-b82e-48af-953b-2b3a04dbb19d,7319bb38-0e1a-42a0-a1a3-c170af371232,,,INV-000680,Invoice for Subscription,sent,2025-11-09,2026-10-24,2026-05-13T07:29:44.323008,,68721.82,7.5,5154.14,73875.96,0,73875.96,USD,Thank you for your business!,,2026-01-08T14:55:45.323014,
5a76894c-2c33-438c-a2f7-3ecafd428b02,7319bb38-0e1a-42a0-a1a3-c170af371232,a2842743-5a4a-4d97-b0bf-25830d3278b2,,INV-000681,Invoice for Products,sent,2026-03-29,2026-11-15,2026-06-26T04:23:06.323041,,54199.05,7.5,4064.93,58263.98,0,58263.98,USD,Thank you for your business!,,2025-11-17T15:00:08.323047,
682f4026-f800-477e-8f8b-143b56a09d85,7319bb38-0e1a-42a0-a1a3-c170af371232,722f72c1-c532-4615-9db3-8a8dbceb23cd,,INV-000682,Invoice for Products,overdue,2025-09-09,2026-10-01,2026-02-20T10:44:58.323073,,11747.55,20,2349.51,14097.06,0,14097.06,USD,Thank you for your business!,,2025-09-12T21:28:29.323079,
0d1b3f9e-7b97-4183-9548-3a98890a06af,7319bb38-0e1a-42a0-a1a3-c170af371232,62fc914b-acdc-4dcd-910c-f44063551574,88611444-583e-4cf1-8946-6306ba1a4d19,INV-000683,Invoice for Services,paid,2026-04-23,2026-11-24,2026-07-19T11:57:50.323108,2026-08-06T08:47:02.323113,76475.16,0,0.0,76475.16,76475.16,0,USD,,,2025-12-28T06:40:16.323119,
94fddd2c-6a07-4341-b6a1-a233ff1d0f9b,7319bb38-0e1a-42a0-a1a3-c170af371232,,69edc368-e348-4acd-9c94-208bdc331bf6,INV-000684,Invoice for Services,sent,2026-07-11,2026-12-12,2026-04-24T16:12:32.323146,,62815.76,8,5025.26,67841.02,0,67841.02,USD,Thank you for your business!,,2026-03-05T09:16:35.323151,
61c3d9ae-1c28-4d70-a623-99126314dad0,7319bb38-0e1a-42a0-a1a3-c170af371232,,2a946104-b085-49f1-86db-047456cc4cb0,INV-000685,Invoice for Services,partial,2025-09-17,2026-11-21,2026-06-02T06:51:05.323182,,89706.95,5,4485.35,94192.3,47096.15,47096.15,USD,,09e20c61-e248-4b8b-8d6c-d58a3b114861,2025-08-25T20:52:07.323189,
39e75dd2-660f-4188-bc18-d9c17b8f4ab1,7319bb38-0e1a-42a0-a1a3-c170af371232,2c991aaa-d4c3-427c-a416-a38403cb920d,,INV-000686,Invoice for Products,viewed,2025-12-28,2026-09-06,2026-07-04T21:27:24.323237,,12880.95,0,0.0,12880.95,0,12880.95,USD,,,2026-05-01T15:04:21.323243,
ac335f54-000b-4a2a-a286-4cfe3c05ec7c,7319bb38-0e1a-42a0-a1a3-c170af371232,,,INV-000687,Invoice for Subscription,paid,2026-06-04,2026-11-08,2026-07-28T23:51:47.323269,2026-05-08T22:44:44.323274,84280.1,20,16856.02,101136.12,101136.12,0,USD,,,2026-01-30T09:29:04.323280,
2550e442-77a3-47e5-9382-d248b81ac696,7319bb38-0e1a-42a0-a1a3-c170af371232,c7c4d7f8-858a-4116-8d90-20237b686302,,INV-000688,Invoice for Services,cancelled,2025-11-13,2026-11-23,2026-07-20T11:49:37.323306,,41266.76,15,6190.01,47456.77,0,47456.77,USD,,,2026-06-01T05:55:40.323312,
fc603184-2223-426e-99dd-c689561c720e,7319bb38-0e1a-42a0-a1a3-c170af371232,4435c4a9-b9cf-4b07-9a84-b9f5b3b5e252,,INV-000689,Invoice for Subscription,paid,2026-04-28,2026-10-12,2026-03-24T13:43:08.323339,2026-05-11T19:35:08.323344,85333.83,8,6826.71,92160.54,92160.54,0,USD,,,2025-10-01T09:30:12.323350,
5f31710e-5674-4937-98d1-80732ac17657,7319bb38-0e1a-42a0-a1a3-c170af371232,a5d0dcad-98f0-4e69-a38c-c25442bb2f5f,bfed0e4c-fb4f-4fc9-9cfb-f808e49286bf,INV-000690,Invoice for Support,draft,2026-01-07,2026-08-23,,,72765.84,10,7276.58,80042.42,0,80042.42,USD,,,2026-02-17T07:41:01.323382,
53e00b1b-791e-4e68-a2f2-9f3c86ba6dd1,7319bb38-0e1a-42a0-a1a3-c170af371232,575b75d7-f508-4e1a-bbd6-337960f6accf,,INV-000691,Invoice for Products,paid,2026-02-16,2026-08-13,2026-04-02T02:57:03.323409,2026-06-18T03:27:21.323415,20875.9,10,2087.59,22963.49,22963.49,0,USD,,,2025-10-18T07:25:25.323421,
e1e0a0e1-8857-411f-9a6e-f5a3c09d2182,7319bb38-0e1a-42a0-a1a3-c170af371232,0ecd9a3c-1a33-4b85-a925-538767b0c673,,INV-000692,Invoice for Consulting,cancelled,2025-09-07,2027-01-12,2026-03-18T13:29:32.323453,,49007.89,0,0.0,49007.89,0,49007.89,USD,,e8b40e71-4338-4e9e-ae68-12c00e5dd3d2,2025-08-25T01:32:21.323461,
567bf23b-f06e-49ae-868c-ee74c4037b70,7319bb38-0e1a-42a0-a1a3-c170af371232,,,INV-000693,Invoice for Consulting,cancelled,2026-03-11,2027-01-26,2026-03-07T09:14:39.323487,,59921.19,5,2996.06,62917.25,0,62917.25,USD,,,2026-01-24T21:16:53.323493,
014ead65-334f-4cf6-b67e-0ff7c8e635c6,7319bb38-0e1a-42a0-a1a3-c170af371232,,,INV-000694,Invoice for Services,partial,2025-10-31,2026-09-27,2026-03-21T22:27:14.323519,,11062.6,8,885.01,11947.61,5973.805,5973.805,USD,,,2026-07-02T04:04:13.323528,
7c0de4e1-ae42-437b-b19c-4c2fe4a95b7d,7319bb38-0e1a-42a0-a1a3-c170af371232,fe880529-f17b-4716-944e-e5a9711873bf,9ac707c7-74b1-4841-8a83-35effa9130b3,INV-000695,Invoice for Products,partial,2026-04-02,2026-10-14,2026-03-18T01:07:54.323563,,21985.32,0,0.0,21985.32,10992.66,10992.66,USD,,af182302-3828-43e7-b6c9-73b2f53de698,2025-09-05T16:47:38.323570,
d49aa1a3-6244-429f-8523-3e623d12a403,7319bb38-0e1a-42a0-a1a3-c170af371232,1e16413c-549b-41fc-9218-93a9e99bfdf9,,INV-000696,Invoice for Subscription,cancelled,2026-07-04,2026-09-29,2026-06-15T23:33:26.323605,,18238.05,10,1823.81,20061.86,0,20061.86,USD,,6f8cd2c4-d7d7-43b6-bdef-a8aeb6175db4,2025-11-17T08:06:38.323612,
17cd25be-db4f-4e1f-993c-87bf5626227b,7319bb38-0e1a-42a0-a1a3-c170af371232,5ac03a8f-9aac-4f52-94b6-95d0d288dc07,,INV-000697,Invoice for Services,draft,2026-07-23,2026-10-22,,,66560.31,10,6656.03,73216.34,0,73216.34,USD,,569f9322-fd81-434e-9772-e3d7fc96233a,2026-06-10T16:11:15.323647,
0eb58769-11d8-4de5-b9c0-49906d3e7130,7319bb38-0e1a-42a0-a1a3-c170af371232,d07429ef-0de5-4791-93ae-e604be81a2a9,,INV-000698,Invoice for Subscription,viewed,2025-09-07,2026-09-05,2026-04-16T07:48:09.323675,,79249.51,7.5,5943.71,85193.22,0,85193.22,USD,Thank you for your business!,,2026-04-01T20:30:04.323681,
11255fda-c220-4f0a-8333-2ba46b69aa97,7319bb38-0e1a-42a0-a1a3-c170af371232,,,INV-000699,Invoice for Support,partial,2026-03-24,2026-08-16,2026-05-16T02:00:26.323707,,59613.67,8,4769.09,64382.76,32191.38,32191.38,USD,,,2025-09-01T12:46:41.323713,
fd6b528b-bcab-4bd9-a3db-cb1c9cc0aa92,7319bb38-0e1a-42a0-a1a3-c170af371232,1abef2d9-6b7d-4353-9c3e-5a62bdcb86bf,83119fa2-d428-473c-8f5a-5add53b73dd5,INV-000700,Invoice for Consulting,overdue,2026-07-11,2026-10-28,2026-02-16T02:20:40.323744,,53528.23,20,10705.65,64233.88,0,64233.88,USD,,,2025-11-06T00:24:56.323750,
dfc3918e-859f-4f85-b958-2fbf8f37e70c,7319bb38-0e1a-42a0-a1a3-c170af371232,f5c0e82a-d34d-4087-966b-0b9da0d8a90f,,INV-000701,Invoice for Support,viewed,2025-12-24,2026-08-18,2026-05-09T09:20:13.323865,,86942.67,8,6955.41,93898.08,0,93898.08,USD,,,2025-11-20T09:38:18.323871,
b0381b4c-af7c-4e4f-9f3b-9ad2083bda74,7319bb38-0e1a-42a0-a1a3-c170af371232,,,INV-000702,Invoice for Subscription,overdue,2026-07-23,2027-01-01,2026-05-10T21:40:27.323900,,19543.59,7.5,1465.77,21009.36,0,21009.36,USD,,1de92428-d268-40a1-bf4d-6318834b5d44,2025-09-25T01:17:21.323907,
8b12815e-543c-4a91-aab0-86da57258388,7319bb38-0e1a-42a0-a1a3-c170af371232,,8863caad-291d-45f7-9b2e-d21c7cb8e958,INV-000703,Invoice for Consulting,overdue,2025-10-23,2026-11-14,2026-06-20T13:03:04.323934,,28175.56,15,4226.33,32401.89,0,32401.89,USD,Thank you for your business!,52ec42ce-3073-45bb-b7fc-e2a254399297,2026-05-02T23:10:31.323941,
d5b8a689-8bbb-4757-8daf-dade58442952,7319bb38-0e1a-42a0-a1a3-c170af371232,0a0c7d45-ed14-491c-9f35-2bd1ccf1ea51,,INV-000704,Invoice for Services,cancelled,2026-06-06,2026-08-08,2026-08-01T08:51:25.323972,,28919.03,7.5,2168.93,31087.96,0,31087.96,USD,Thank you for your business!,,2025-09-30T07:00:59.323978,
261fe3b5-0d70-4002-b683-a0c0ff549cf9,7319bb38-0e1a-42a0-a1a3-c170af371232,eb358649-7168-46a1-9fa6-3de384e5b3ee,756c1661-3e19-48e0-a925-97cc05d4200f,INV-000705,Invoice for Products,overdue,2026-05-14,2026-12-12,2026-06-13T23:25:43.324005,,50757.24,20,10151.45,60908.69,0,60908.69,USD,,,2026-01-01T10:28:55.324011,
a817c37f-46bb-44cc-b80d-6e69697795a1,7319bb38-0e1a-42a0-a1a3-c170af371232,a2e0c304-d501-4f26-85dd-34b618df5766,c990188c-18fc-4b68-8095-d2954596f48c,INV-000706,Invoice for Support,draft,2025-09-06,2026-12-05,,,17591.07,20,3518.21,21109.28,0,21109.28,USD,Thank you for your business!,,2025-12-30T12:11:57.324044,
7c44691d-71d8-4114-bd14-39e77b4a49e4,7319bb38-0e1a-42a0-a1a3-c170af371232,,,INV-000707,Invoice for Subscription,partial,2025-11-28,2026-11-03,2026-03-10T03:34:00.324071,,48811.62,7.5,3660.87,52472.49,26236.245,26236.245,USD,,,2026-07-09T02:56:36.324078,
fe6b0104-cc9d-47be-81c3-06e7d214d21b,7319bb38-0e1a-42a0-a1a3-c170af371232,,,INV-000708,Invoice for Services,draft,2026-06-27,2026-08-29,,,12134.43,8,970.75,13105.18,0,13105.18,USD,,,2026-03-16T20:38:34.324105,
e454e5ea-6eb4-42ce-9f4f-f935f752231d,7319bb38-0e1a-42a0-a1a3-c170af371232,,,INV-000709,Invoice for Subscription,partial,2025-12-23,2027-01-11,2026-07-11T06:27:44.324130,,42720.45,10,4272.05,46992.5,23496.25,23496.25,USD,,,2026-05-22T22:20:39.324136,
e53f9197-5b51-40a3-9d81-98a82ba969d9,7319bb38-0e1a-42a0-a1a3-c170af371232,05c41c19-5fcc-43a6-b680-ab99cc1e1bbb,,INV-000710,Invoice for Subscription,partial,2026-01-30,2026-09-25,2026-07-29T02:44:00.324162,,18004.5,10,1800.45,19804.95,9902.475,9902.475,USD,Thank you for your business!,,2026-04-01T23:55:40.324168,
5dc0b172-c8a1-48ef-bcc1-07a88d84ed09,7319bb38-0e1a-42a0-a1a3-c170af371232,,,INV-000711,Invoice for Support,viewed,2025-12-01,2026-12-10,2026-07-21T07:20:18.324197,,29926.82,8,2394.15,32320.97,0,32320.97,USD,,7ef1c60d-1760-46f4-b1e0-74687dbbd801,2025-08-13T11:45:44.324205,
5f3d3d4c-5ee6-47ae-b00f-b4e225b21e2d,7319bb38-0e1a-42a0-a1a3-c170af371232,,,INV-000712,Invoice for Support,partial,2026-04-22,2026-12-05,2026-03-29T20:53:01.324231,,44031.89,20,8806.38,52838.27,26419.135,26419.135,USD,,,2025-09-30T09:51:20.324240,
18723f21-e5e9-4544-95e1-5c544f1b6108,7319bb38-0e1a-42a0-a1a3-c170af371232,,,INV-000713,Invoice for Support,overdue,2025-11-22,2026-12-23,2026-06-30T14:05:42.324267,,47519.37,15,7127.91,54647.28,0,54647.28,USD,,,2026-04-28T03:55:28.324273,
dcfc3335-9bf6-4366-953b-b901b971586e,7319bb38-0e1a-42a0-a1a3-c170af371232,,,INV-000714,Invoice for Products,draft,2026-07-08,2026-12-06,,,95097.23,5,4754.86,99852.09,0,99852.09,USD,Thank you for your business!,,2026-05-01T02:11:17.324299,
26281eac-f1c7-4011-bd60-0d4ace98d96e,7319bb38-0e1a-42a0-a1a3-c170af371232,43a30cda-edfa-478e-a0f3-9a0f8f1b0648,,INV-000715,Invoice for Subscription,partial,2025-12-30,2027-01-15,2026-02-19T22:45:34.324325,,64902.69,7.5,4867.7,69770.39,34885.195,34885.195,USD,Thank you for your business!,,2026-06-04T03:51:42.324331,
c04ca0ae-34d7-4973-aafe-4e4acd051a01,7319bb38-0e1a-42a0-a1a3-c170af371232,,0cd6c2f3-3a3e-454d-8d65-53e3f23852a6,INV-000716,Invoice for Services,draft,2026-05-11,2026-12-29,,,90353.01,8,7228.24,97581.25,0,97581.25,USD,,,2025-10-08T23:53:15.324362,
badff836-d897-4fc5-84d5-b3afae2081ee,7319bb38-0e1a-42a0-a1a3-c170af371232,8d098601-63c9-43ac-867c-b71e1a37c508,,INV-000717,Invoice for Subscription,viewed,2026-06-07,2026-11-17,2026-02-25T16:21:51.324394,,49540.43,7.5,3715.53,53255.96,0,53255.96,USD,Thank you for your business!,,2025-12-19T10:36:15.324400,
c4b9faa2-d13f-4300-b896-b78bd909ac46,7319bb38-0e1a-42a0-a1a3-c170af371232,,,INV-000718,Invoice for Consulting,paid,2026-06-07,2027-01-14,2026-05-17T16:51:18.324426,2026-05-13T18:29:37.324431,95132.67,0,0.0,95132.67,95132.67,0,USD,,,2025-09-02T11:54:41.324437,
e4f93fb0-a619-4e14-b9a2-c54491da9e01,7319bb38-0e1a-42a0-a1a3-c170af371232,f9e1d0d6-b3be-401d-a950-b0de61205c6e,,INV-000719,Invoice for Subscription,sent,2026-06-26,2026-08-20,2026-07-12T15:07:05.324471,,36283.88,20,7256.78,43540.66,0,43540.66,USD,,,2025-12-12T03:57:45.324477,
706db486-e835-4805-b699-334bde2d811b,7319bb38-0e1a-42a0-a1a3-c170af371232,216bd8d5-1d57-438b-80b5-3b703b0c5728,,INV-000720,Invoice for Consulting,partial,2025-11-22,2026-12-25,2026-07-16T09:08:05.324504,,74059.86,0,0.0,74059.86,37029.93,37029.93,USD,,,2026-02-13T08:23:34.324510,
52241b90-997c-44e3-9d28-2632279b04bc,7319bb38-0e1a-42a0-a1a3-c170af371232,8fc4e3fc-9e09-4a46-b03b-514c70f88917,,INV-000721,Invoice for Products,draft,2026-07-10,2027-01-13,,,42182.08,7.5,3163.66,45345.74,0,45345.74,USD,,dddaacfb-0d00-40ba-ae51-1749bd2f8b06,2026-05-20T12:28:32.324543,
cb6259f1-cf0f-419f-81e7-6d22d2be7b3c,7319bb38-0e1a-42a0-a1a3-c170af371232,1ea71dbc-003d-4987-978b-9cf47472a404,,INV-000722,Invoice for Services,paid,2026-02-21,2026-12-30,2026-03-04T05:43:05.324570,2026-07-15T22:20:10.324575,81699.83,7.5,6127.49,87827.32,87827.32,0,USD,Thank you for your business!,,2025-11-29T02:20:37.324581,
27a0c679-ec00-470f-8d89-cd0a6054f128,7319bb38-0e1a-42a0-a1a3-c170af371232,89e0aa3e-f162-4434-a01e-b30bd9f06522,,INV-000723,Invoice for Support,draft,2026-04-26,2026-12-26,,,82989.76,5,4149.49,87139.25,0,87139.25,USD,,,2026-05-06T20:27:54.324609,
e868275b-381b-49d4-a192-d77f31030d99,7319bb38-0e1a-42a0-a1a3-c170af371232,,b9ad0ce4-2350-4a2a-a7ce-e3e9280c5c2a,INV-000724,Invoice for Consulting,cancelled,2026-06-19,2026-08-19,2026-03-29T06:48:13.324635,,97548.57,7.5,7316.14,104864.71,0,104864.71,USD,,dae1f156-deba-4b24-9aa4-0551f37ffacc,2025-10-08T06:31:55.324643,
04426cf3-281c-4f59-8dad-9e020b1caca4,7319bb38-0e1a-42a0-a1a3-c170af371232,8447328a-95af-465c-bc98-e51a01d8327e,,INV-000725,Invoice for Services,overdue,2026-02-03,2026-10-05,2026-07-14T11:00:48.324670,,2133.18,0,0.0,2133.18,0,2133.18,USD,,68b15a67-18d2-4974-9b78-79f67edf46b6,2026-04-07T23:16:06.324677,
11ece4e4-abac-41a8-b991-ec633483c870,7319bb38-0e1a-42a0-a1a3-c170af371232,,,INV-000726,Invoice for Services,partial,2025-09-24,2027-02-05,2026-05-20T08:10:19.324702,,59021.31,20,11804.26,70825.57,35412.785,35412.785,USD,,,2025-10-07T14:55:01.324708,
0b47917e-5178-4948-a79f-137281cc2cce,7319bb38-0e1a-42a0-a1a3-c170af371232,95bbe959-3d62-4ec2-83c6-39e6f6e3a8d6,,INV-000727,Invoice for Products,cancelled,2026-03-20,2026-10-15,2026-07-30T18:30:40.324739,,74009.14,20,14801.83,88810.97,0,88810.97,USD,Thank you for your business!,,2025-10-28T17:24:46.324745,
1c1ac3fa-7324-43fb-b1e3-d3366c71b81b,7319bb38-0e1a-42a0-a1a3-c170af371232,0b8bd8fb-7fdb-484b-8fc4-a4b0c1022ed2,,INV-000728,Invoice for Consulting,sent,2026-07-11,2026-11-02,2026-07-06T23:28:11.324772,,17061.08,0,0.0,17061.08,0,17061.08,USD,Thank you for your business!,ad817176-2ea8-4932-bba9-ea077622a2b5,2026-07-13T21:41:30.324779,
64483dc5-6e0b-4037-921a-306212d460ed,7319bb38-0e1a-42a0-a1a3-c170af371232,64250472-b2be-4730-9a0f-711fbbb7418f,,INV-000729,Invoice for Products,draft,2026-06-08,2026-08-12,,,452.32,15,67.85,520.17,0,520.17,USD,Thank you for your business!,,2026-03-18T01:02:24.324807,
8fa297ef-970c-42c0-b2cb-8d7fbcc6aa6c,7319bb38-0e1a-42a0-a1a3-c170af371232,,29dbcc5c-f0d1-4f5b-9906-7cd01a1c4689,INV-000730,Invoice for Consulting,paid,2026-04-07,2026-08-27,2026-07-31T15:23:33.324833,2026-06-12T10:08:17.324842,1236.36,20,247.27,1483.63,1483.63,0,USD,Thank you for your business!,,2026-08-07T08:51:07.324848,
b8f62e43-83f4-4edc-ba49-b7532618e875,7319bb38-0e1a-42a0-a1a3-c170af371232,387abb7a-c831-4ec6-a223-610fa21b3d3d,ec56b9ec-aa38-4dc6-8f61-45dfea5e8410,INV-000731,Invoice for Support,paid,2026-01-02,2026-08-26,2026-03-29T03:20:38.324876,2026-08-03T10:39:24.324881,13625.41,10,1362.54,14987.95,14987.95,0,USD,Thank you for your business!,,2026-01-24T03:43:44.324887,
3aa37644-4e9c-4084-a23b-f7d9b667dfb2,7319bb38-0e1a-42a0-a1a3-c170af371232,,,INV-000732,Invoice for Services,overdue,2026-02-19,2026-09-18,2026-04-25T04:46:42.324915,,47016.55,0,0.0,47016.55,0,47016.55,USD,,,2026-03-31T18:58:55.324921,
aaf2b127-cde1-46ce-b8a2-63a176785516,7319bb38-0e1a-42a0-a1a3-c170af371232,,a1ce9e3b-c7c0-43c5-9894-e2655e83186e,INV-000733,Invoice for Consulting,overdue,2026-01-02,2026-08-30,2026-07-26T23:30:34.324956,,21092.76,20,4218.55,25311.31,0,25311.31,USD,,,2025-11-03T11:15:51.324962,
5c28bfe3-6842-43a6-920c-cc8b73df8b2d,7319bb38-0e1a-42a0-a1a3-c170af371232,34897752-6ba1-4003-bba0-5428677e5e6c,9379c0b2-b2f4-446e-bdcf-fa312506a448,INV-000734,Invoice for Products,draft,2025-08-25,2026-12-07,,,34974.58,5,1748.73,36723.31,0,36723.31,USD,Thank you for your business!,,2025-09-14T08:08:04.324991,
6659328a-a734-49fe-9f65-ce80827a3d85,7319bb38-0e1a-42a0-a1a3-c170af371232,,9cccbe66-7256-4dab-a1e3-cd2fee07cdf9,INV-000735,Invoice for Consulting,cancelled,2026-06-26,2026-09-30,2026-02-11T12:14:11.325017,,23472.11,7.5,1760.41,25232.52,0,25232.52,USD,Thank you for your business!,36c1383b-1f9b-4dea-8940-2efb886219cc,2026-02-25T16:35:32.325025,
fee4bbbd-4cde-4795-b45c-ffaed5bbef0b,7319bb38-0e1a-42a0-a1a3-c170af371232,1ea71dbc-003d-4987-978b-9cf47472a404,,INV-000736,Invoice for Subscription,draft,2026-03-13,2026-12-04,,,20903.86,20,4180.77,25084.63,0,25084.63,USD,Thank you for your business!,,2026-04-20T09:19:05.325051,
9b5f47f4-6c1b-45d4-a71b-64e66a701d6b,7319bb38-0e1a-42a0-a1a3-c170af371232,2d49b919-38c3-4643-a4a6-97ddfbec166f,,INV-000737,Invoice for Support,draft,2026-06-22,2026-12-12,,,38915.64,7.5,2918.67,41834.31,0,41834.31,USD,,,2025-08-10T09:37:46.325091,
732d179a-9334-463d-a08f-3e08ecb49ff8,7319bb38-0e1a-42a0-a1a3-c170af371232,,,INV-000738,Invoice for Subscription,cancelled,2026-06-08,2027-01-10,2026-05-11T16:22:47.325116,,61644.83,15,9246.72,70891.55,0,70891.55,USD,Thank you for your business!,,2026-05-05T12:06:24.325122,
0b316453-d0e5-47dc-8472-e1a9089e76e7,7319bb38-0e1a-42a0-a1a3-c170af371232,,0e6ee708-2e1b-4aa3-95bf-c1f65ff178c9,INV-000739,Invoice for Consulting,paid,2026-06-04,2026-10-30,2026-04-18T10:49:33.325153,2026-08-02T04:48:17.325158,56036.5,20,11207.3,67243.8,67243.8,0,USD,,,2026-03-11T16:45:25.325163,
40162531-a22d-4054-bc6e-42ab69cf8aa7,7319bb38-0e1a-42a0-a1a3-c170af371232,ee42d0f2-da19-4dec-950d-9a294af428ea,,INV-000740,Invoice for Services,sent,2026-05-26,2026-12-18,2026-06-18T06:08:46.325190,,27413.69,20,5482.74,32896.43,0,32896.43,USD,Thank you for your business!,,2026-02-26T04:49:12.325196,
35a69ece-3c69-45ca-b9d3-296fda5e542b,7319bb38-0e1a-42a0-a1a3-c170af371232,65acf9cb-6b16-4f3c-947f-4af5e1c3e432,8c0dd002-f93c-4b6b-8fa8-284320101b75,INV-000741,Invoice for Support,paid,2026-06-24,2026-12-19,2026-07-20T19:47:25.325223,2026-05-31T10:35:43.325228,74849.4,10,7484.94,82334.34,82334.34,0,USD,Thank you for your business!,,2025-10-26T04:13:38.325234,
f4fe842f-1d03-43e1-b119-8f033b1c66f9,7319bb38-0e1a-42a0-a1a3-c170af371232,,9557e36a-89fd-4eaa-8118-893c1f73e5c3,INV-000742,Invoice for Support,paid,2026-06-27,2026-08-21,2026-08-01T23:46:40.325264,2026-07-18T18:13:09.325269,39964.51,7.5,2997.34,42961.85,42961.85,0,USD,,,2025-11-14T23:11:49.325275,
8b73700d-0f4d-4546-9f24-7e5f8714742d,7319bb38-0e1a-42a0-a1a3-c170af371232,afa8b96b-47d3-4520-919f-432e4f842cfc,,INV-000743,Invoice for Support,overdue,2025-08-29,2026-10-17,2026-02-27T15:48:34.325301,,77096.78,5,3854.84,80951.62,0,80951.62,USD,Thank you for your business!,,2025-10-07T22:25:42.325307,
368a2bea-100f-4696-869f-20f4d9c273a4,7319bb38-0e1a-42a0-a1a3-c170af371232,,,INV-000744,Invoice for Products,cancelled,2026-07-23,2026-08-20,2026-07-17T04:54:08.325332,,25700.63,10,2570.06,28270.69,0,28270.69,USD,,,2026-01-08T12:42:55.325339,
e83f47e3-8672-48fe-b468-e5881a87348f,7319bb38-0e1a-42a0-a1a3-c170af371232,,,INV-000745,Invoice for Products,partial,2026-01-24,2026-08-08,2026-07-09T19:34:25.325365,,1584.75,10,158.47,1743.22,871.61,871.61,USD,,,2025-12-07T04:34:34.325371,
086754b8-0a3c-4926-92a1-7f824d4e1b83,7319bb38-0e1a-42a0-a1a3-c170af371232,fb321db1-f961-4ccd-b9c5-90647ab873f9,eec87d8d-55da-4f1c-8755-d4fce350f4d1,INV-000746,Invoice for Products,partial,2025-10-18,2026-11-13,2026-07-14T21:44:06.325398,,33027.59,8,2642.21,35669.8,17834.9,17834.9,USD,Thank you for your business!,,2026-01-06T11:39:34.325404,
1fef97a9-1be4-403f-8fe2-dd947461cbfb,7319bb38-0e1a-42a0-a1a3-c170af371232,,,INV-000747,Invoice for Support,viewed,2026-07-22,2027-01-29,2026-03-08T17:29:30.325438,,97232.2,10,9723.22,106955.42,0,106955.42,USD,Thank you for your business!,,2026-04-07T01:25:07.325450,
908ed6cc-c193-4b90-bb42-deaa0e0022aa,7319bb38-0e1a-42a0-a1a3-c170af371232,,c945793d-948b-4877-8841-5e90547aaca3,INV-000748,Invoice for Subscription,viewed,2026-05-15,2026-08-17,2026-06-05T16:38:41.325477,,21307.12,5,1065.36,22372.48,0,22372.48,USD,,,2026-05-15T10:00:06.325483,
5e6ddf4c-eed4-47ff-ab01-d04ff7b64693,7319bb38-0e1a-42a0-a1a3-c170af371232,972dcf26-cd3d-4340-b3f0-41f6a7c571f5,489d5b9c-66b6-4d83-bf5c-f6f5846c2201,INV-000749,Invoice for Services,sent,2026-02-02,2026-12-23,2026-05-08T06:46:26.325514,,88686.48,7.5,6651.49,95337.97,0,95337.97,USD,,,2025-09-04T02:44:16.325520,
620d4fb8-ee9b-4bd8-9121-d5f73601a23e,7319bb38-0e1a-42a0-a1a3-c170af371232,33fc77fb-2f7b-4c59-a9ed-fed6d6bfd0b2,5b84aa07-ed27-489c-b90b-8ef14c23e729,INV-000750,Invoice for Subscription,overdue,2026-03-22,2026-11-17,2026-03-02T02:13:25.325550,,46259.63,8,3700.77,49960.4,0,49960.4,USD,,,2025-11-20T18:50:05.325556,
99a955f2-6afe-435e-a6ef-b4cfda23b736,7319bb38-0e1a-42a0-a1a3-c170af371232,,,INV-000751,Invoice for Consulting,cancelled,2026-06-10,2026-10-15,2026-04-20T16:59:41.325581,,64694.68,7.5,4852.1,69546.78,0,69546.78,USD,Thank you for your business!,,2025-10-29T07:08:59.325587,
551e544a-4a29-4d36-b9a2-f0054483d37a,7319bb38-0e1a-42a0-a1a3-c170af371232,7e78f147-4999-40cf-8ecb-5e8bc6bac03d,,INV-000752,Invoice for Subscription,sent,2026-05-31,2026-11-26,2026-04-19T00:55:42.325614,,64520.37,0,0.0,64520.37,0,64520.37,USD,Thank you for your business!,,2025-11-20T17:08:04.325620,
4b5663b3-2d1f-41d8-a8a4-e9559cc60ed9,7319bb38-0e1a-42a0-a1a3-c170af371232,,,INV-000753,Invoice for Services,draft,2025-10-24,2026-12-20,,,5223.97,8,417.92,5641.89,0,5641.89,USD,,,2025-09-05T21:40:16.325650,
6fff62a6-ea2a-4add-9e94-8e58072c98f1,7319bb38-0e1a-42a0-a1a3-c170af371232,,1a017dff-0a24-4f2a-b0b4-42650a48ad51,INV-000754,Invoice for Support,viewed,2025-12-13,2026-08-24,2026-08-06T17:27:29.325677,,45498.68,5,2274.93,47773.61,0,47773.61,USD,Thank you for your business!,,2026-04-05T04:47:55.325683,
7fc27fc8-8179-4f7d-8327-f480475b0c28,7319bb38-0e1a-42a0-a1a3-c170af371232,,3edadcca-2476-47ad-bff2-971966418e62,INV-000755,Invoice for Support,cancelled,2026-06-19,2026-10-29,2026-03-22T13:55:25.325709,,19902.77,5,995.14,20897.91,0,20897.91,USD,Thank you for your business!,,2026-04-01T18:58:22.325715,
53be630d-c397-4ff3-867a-708b1cb63afa,7319bb38-0e1a-42a0-a1a3-c170af371232,b06c5326-ed13-4fcc-9770-aafb60dfc6ea,43cd9a6f-269b-49d8-8fe4-39a8cb741310,INV-000756,Invoice for Consulting,viewed,2025-12-19,2026-12-28,2026-04-18T18:06:35.325743,,55945.35,15,8391.8,64337.15,0,64337.15,USD,Thank you for your business!,,2026-07-11T02:53:59.325749,
6f54f6c0-c468-4152-8615-d2f3d104e1e2,7319bb38-0e1a-42a0-a1a3-c170af371232,,,INV-000757,Invoice for Subscription,overdue,2025-09-28,2027-01-05,2026-03-07T13:05:11.325773,,98116.48,15,14717.47,112833.95,0,112833.95,USD,,,2026-05-06T14:02:49.325779,
8245d473-ece7-4537-b311-cafb9a133a79,7319bb38-0e1a-42a0-a1a3-c170af371232,74fec890-4b01-44a3-9cbe-5e4879fdc932,8863caad-291d-45f7-9b2e-d21c7cb8e958,INV-000758,Invoice for Consulting,paid,2025-09-07,2026-11-10,2026-03-14T07:54:06.325810,2026-07-14T02:57:33.325816,50260.64,0,0.0,50260.64,50260.64,0,USD,,,2026-07-12T03:12:56.325821,
1b2775cf-a5b8-43a8-aaf5-183ecca4e653,7319bb38-0e1a-42a0-a1a3-c170af371232,9b77922d-6d68-4500-934a-0f04855fcb64,,INV-000759,Invoice for Consulting,cancelled,2025-09-25,2026-12-06,2026-05-01T21:48:17.325848,,97215.93,7.5,7291.19,104507.12,0,104507.12,USD,Thank you for your business!,,2025-12-05T13:50:47.325854,
651228d8-a121-4582-91fc-64ce30935d93,7319bb38-0e1a-42a0-a1a3-c170af371232,,8863caad-291d-45f7-9b2e-d21c7cb8e958,INV-000760,Invoice for Services,sent,2026-01-04,2026-09-12,2026-07-12T11:50:18.325879,,45166.02,15,6774.9,51940.92,0,51940.92,USD,Thank you for your business!,3849afad-08d9-421d-af57-794aa76f17fc,2026-02-07T20:16:37.325886,
717d5822-b8a5-4e44-bf77-10090283481a,7319bb38-0e1a-42a0-a1a3-c170af371232,,,INV-000761,Invoice for Consulting,viewed,2026-04-04,2026-09-03,2026-07-02T13:20:54.325910,,80957.02,5,4047.85,85004.87,0,85004.87,USD,Thank you for your business!,,2025-12-20T20:37:57.325916,
ba55f8e7-4920-4142-8c89-226d034da901,7319bb38-0e1a-42a0-a1a3-c170af371232,88d96a7b-9646-4616-97c1-65cdd9e88e0d,,INV-000762,Invoice for Consulting,sent,2026-01-17,2026-11-24,2026-05-12T04:28:21.325951,,60582.12,5,3029.11,63611.23,0,63611.23,USD,,,2026-01-13T11:42:00.325957,
2d098b5d-1daa-4378-8e8e-c87977f2bd83,7319bb38-0e1a-42a0-a1a3-c170af371232,f8b220c1-6e26-49f2-a384-6c184872f770,,INV-000763,Invoice for Products,overdue,2025-09-26,2026-10-18,2026-04-26T03:28:16.325983,,64167.72,0,0.0,64167.72,0,64167.72,USD,,7b053573-2c79-4f6d-9027-36d2a47f5169,2026-01-27T14:27:58.325990,
8086a094-a5e2-4182-b042-5d115614b401,7319bb38-0e1a-42a0-a1a3-c170af371232,ddb0e63c-7e36-4bfb-89df-e26c8817b156,,INV-000764,Invoice for Products,cancelled,2025-09-29,2026-08-30,2026-03-09T07:34:10.326021,,21228.0,8,1698.24,22926.24,0,22926.24,USD,,,2026-02-18T09:13:07.326026,
e256108b-0ac5-4f09-9edd-af4d4e482f90,7319bb38-0e1a-42a0-a1a3-c170af371232,70828132-537c-4c96-99fe-4bb2d27801c1,,INV-000765,Invoice for Consulting,paid,2025-10-25,2026-11-22,2026-04-18T07:05:38.326056,2026-05-31T22:45:06.326061,86440.98,0,0.0,86440.98,86440.98,0,USD,,,2026-03-17T05:58:13.326067,
656eab18-2a6a-4b4f-8c8c-1d63b5e0e492,7319bb38-0e1a-42a0-a1a3-c170af371232,,a9cd8fcc-42cd-4abf-b5a7-5e35dc979742,INV-000766,Invoice for Services,sent,2026-01-16,2026-08-16,2026-03-30T00:49:28.326094,,95759.75,8,7660.78,103420.53,0,103420.53,USD,Thank you for your business!,,2025-09-06T05:36:51.326100,
babdc008-3a7d-4f9b-a685-09b573de88f7,7319bb38-0e1a-42a0-a1a3-c170af371232,0e72f618-4910-47be-af21-05642d2d287a,,INV-000767,Invoice for Products,paid,2025-12-15,2026-08-27,2026-02-23T10:29:42.326126,2026-04-23T22:51:57.326132,45337.38,0,0.0,45337.38,45337.38,0,USD,Thank you for your business!,,2026-08-07T04:20:48.326137,
f93f1458-2bd5-4bc6-9590-323a0c835dc5,7319bb38-0e1a-42a0-a1a3-c170af371232,,,INV-000768,Invoice for Support,partial,2026-01-29,2026-08-22,2026-02-07T23:19:44.326163,,81994.84,8,6559.59,88554.43,44277.215,44277.215,USD,Thank you for your business!,b970fe51-37da-4347-9e16-5c28f202d7c7,2025-10-31T18:42:34.326170,
ba0b44a5-39bf-4b60-b772-69a43a7aa904,7319bb38-0e1a-42a0-a1a3-c170af371232,e515e735-c8e4-4770-9ec3-0873b991c975,6a0c063e-84a3-4fbb-8916-2024a5dc1239,INV-000769,Invoice for Services,paid,2026-02-13,2026-11-17,2026-02-17T21:36:33.326198,2026-04-19T08:42:46.326203,16960.64,5,848.03,17808.67,17808.67,0,USD,,,2026-04-18T03:54:44.326209,
bac1739d-d1f9-4011-b681-cccfb36b6b64,7319bb38-0e1a-42a0-a1a3-c170af371232,eefddf3a-0833-41fc-a877-eadd9c8d4e70,,INV-000770,Invoice for Products,cancelled,2026-03-03,2026-09-06,2026-02-26T21:56:58.326236,,53537.84,0,0.0,53537.84,0,53537.84,USD,,,2026-06-30T01:51:10.326242,
bf9c3ae8-5cda-4d65-8f06-7b6cddcd3ab5,7319bb38-0e1a-42a0-a1a3-c170af371232,,83119fa2-d428-473c-8f5a-5add53b73dd5,INV-000771,Invoice for Services,partial,2025-08-17,2026-10-27,2026-03-21T14:53:24.326268,,61280.09,15,9192.01,70472.1,35236.05,35236.05,USD,Thank you for your business!,,2026-01-19T14:00:40.326274,
ffa231de-8f9b-4124-91b4-41025bb020c5,7319bb38-0e1a-42a0-a1a3-c170af371232,f9be5636-1feb-4a15-a9a9-e300ca78d834,,INV-000772,Invoice for Services,viewed,2025-10-03,2027-01-02,2026-03-25T02:47:06.326304,,24510.49,7.5,1838.29,26348.78,0,26348.78,USD,,,2026-02-23T02:36:58.326310,
2d9f13f4-1edb-4f8e-9dee-25ac127a63d4,7319bb38-0e1a-42a0-a1a3-c170af371232,6089db31-18aa-47e3-bcf4-52a41621e134,,INV-000773,Invoice for Subscription,cancelled,2025-12-01,2027-01-09,2026-07-26T22:10:02.326341,,59122.41,20,11824.48,70946.89,0,70946.89,USD,Thank you for your business!,d2690b1c-6ef1-4579-bb1a-5a61188b7128,2026-06-09T02:26:43.326348,
1a0add76-19ef-4f8b-9a04-a0ca4472314b,7319bb38-0e1a-42a0-a1a3-c170af371232,20d6e3d5-f91d-4b87-bf16-14d37095493b,,INV-000774,Invoice for Consulting,viewed,2025-12-19,2027-01-30,2026-07-29T21:03:13.326374,,85066.93,7.5,6380.02,91446.95,0,91446.95,USD,,453d5760-18ec-4aff-9748-e1235af185d6,2026-06-13T05:17:18.326380,
1a50ba9d-899e-4837-a5b3-5d1a950cd388,7319bb38-0e1a-42a0-a1a3-c170af371232,fcac05cb-436e-46c0-8980-27fb0bdc1b81,,INV-000775,Invoice for Services,viewed,2026-07-06,2027-01-14,2026-04-02T03:17:27.326408,,78308.63,0,0.0,78308.63,0,78308.63,USD,Thank you for your business!,,2026-04-24T06:18:57.326414,
fea927e5-9103-4690-985b-2da4e5e661ea,7319bb38-0e1a-42a0-a1a3-c170af371232,,,INV-000776,Invoice for Consulting,overdue,2026-02-22,2026-11-02,2026-04-15T13:19:58.326439,,1155.64,8,92.45,1248.09,0,1248.09,USD,Thank you for your business!,,2026-02-27T17:38:35.326450,
b6d2e5f1-42ea-4b1b-af26-e7c39a78c8b1,7319bb38-0e1a-42a0-a1a3-c170af371232,d555e8d5-7693-4eca-9968-beb58ddc82d7,,INV-000777,Invoice for Support,viewed,2026-05-27,2026-08-22,2026-07-12T08:46:34.326484,,88561.24,15,13284.19,101845.43,0,101845.43,USD,,,2025-09-24T00:38:39.326489,
0a1f2be6-709b-4a8b-b7d1-3f3eef9b6ffb,7319bb38-0e1a-42a0-a1a3-c170af371232,c18891ac-a052-49c7-b64c-658bfa9a0cdd,,INV-000778,Invoice for Services,sent,2026-01-30,2026-09-04,2026-04-20T13:53:47.326517,,26745.16,20,5349.03,32094.19,0,32094.19,USD,Thank you for your business!,,2025-11-09T00:20:55.326522,
dd70f6a0-6ec5-4c6d-a1e4-95d4125003d0,7319bb38-0e1a-42a0-a1a3-c170af371232,0606e655-f198-4568-8890-2f6a38e89f33,,INV-000779,Invoice for Products,overdue,2025-11-14,2026-08-11,2026-02-23T14:19:27.326549,,94569.96,15,14185.49,108755.45,0,108755.45,USD,,,2026-06-15T13:49:28.326555,
09da561b-9905-4921-801c-9e05161294eb,7319bb38-0e1a-42a0-a1a3-c170af371232,c8064334-491f-4486-91a4-b287cf6f2149,,INV-000780,Invoice for Products,cancelled,2026-04-19,2026-10-31,2026-05-06T14:38:25.326586,,23361.61,5,1168.08,24529.69,0,24529.69,USD,Thank you for your business!,,2026-06-13T21:55:09.326591,
c8b88133-e3ba-42f5-b971-1e23c8c43209,7319bb38-0e1a-42a0-a1a3-c170af371232,387abb7a-c831-4ec6-a223-610fa21b3d3d,,INV-000781,Invoice for Consulting,cancelled,2025-11-12,2026-08-19,2026-03-13T13:50:02.326624,,39595.88,10,3959.59,43555.47,0,43555.47,USD,Thank you for your business!,,2026-05-23T12:27:19.326630,
a0af2b14-a7fd-4907-91f5-d16df90ee0c6,7319bb38-0e1a-42a0-a1a3-c170af371232,de69b7a9-fd61-4a06-8763-9046ab0a8395,,INV-000782,Invoice for Consulting,overdue,2025-12-04,2026-09-08,2026-06-29T10:30:04.326660,,43297.72,20,8659.54,51957.26,0,51957.26,USD,,,2026-04-25T13:13:14.326666,
8eef1387-66b7-4614-8049-279385f0656d,7319bb38-0e1a-42a0-a1a3-c170af371232,0e3aa613-e26e-4368-a468-29370df4aea0,bdfe74de-067e-480a-971a-6f7f4f75216a,INV-000783,Invoice for Services,sent,2026-04-14,2027-01-30,2026-03-25T07:58:36.326694,,51046.77,20,10209.35,61256.12,0,61256.12,USD,Thank you for your business!,,2026-07-27T03:04:07.326699,
69a69886-b95b-4b70-8b61-e2640e06e93a,7319bb38-0e1a-42a0-a1a3-c170af371232,f5b446fc-5b62-4fa9-8854-69673858fb03,756c1661-3e19-48e0-a925-97cc05d4200f,INV-000784,Invoice for Consulting,sent,2025-10-31,2026-12-03,2026-04-13T16:10:47.326726,,64578.45,7.5,4843.38,69421.83,0,69421.83,USD,,,2025-10-17T10:03:17.326733,
6418e93c-780c-444c-bbfd-0d29b1424805,7319bb38-0e1a-42a0-a1a3-c170af371232,75f4a2cb-4a78-4091-b1d2-2148658d181f,,INV-000785,Invoice for Services,draft,2026-03-16,2026-12-08,,,36053.63,10,3605.36,39658.99,0,39658.99,USD,Thank you for your business!,de917a83-87db-4654-bd48-6db036f9b7c4,2025-09-02T09:13:55.326761,
159def3b-9efb-45ae-93d6-f4d7245b86f4,7319bb38-0e1a-42a0-a1a3-c170af371232,48add5b0-d244-403d-b468-cdfb839932af,,INV-000786,Invoice for Products,overdue,2026-04-06,2026-10-16,2026-04-17T18:42:53.326787,,89939.49,15,13490.92,103430.41,0,103430.41,USD,,,2025-12-08T01:28:30.326793,
5cde522c-fc49-4150-8280-b1da035f1b9a,7319bb38-0e1a-42a0-a1a3-c170af371232,,,INV-000787,Invoice for Services,draft,2025-10-24,2026-09-12,,,46669.01,5,2333.45,49002.46,0,49002.46,USD,,30c7f1a4-dc57-4d92-93ba-d2d984092d08,2026-06-30T00:54:42.326839,
16de05fe-d669-4087-a872-b4db6db6d567,7319bb38-0e1a-42a0-a1a3-c170af371232,,bea70fff-bd16-4e5f-834d-0ee5989d2c32,INV-000788,Invoice for Products,paid,2025-08-18,2026-10-11,2026-07-08T13:48:36.326865,2026-07-19T23:49:21.326871,25063.61,5,1253.18,26316.79,26316.79,0,USD,,50d831bd-dc3b-4050-b584-dc883254d1d4,2026-05-19T15:40:42.326878,
7cdc9466-8f56-48ea-9ca1-e98b231595b0,7319bb38-0e1a-42a0-a1a3-c170af371232,03c49907-7d1f-4a8d-853f-29838a2b4342,,INV-000789,Invoice for Products,overdue,2025-12-30,2026-12-16,2026-04-22T08:07:35.326904,,42502.45,8,3400.2,45902.65,0,45902.65,USD,,,2025-11-24T00:39:10.326910,
9b247135-130f-4519-af3f-ef5fcbf1394e,7319bb38-0e1a-42a0-a1a3-c170af371232,47413eef-9511-4b83-b8d2-879876384fab,,INV-000790,Invoice for Services,draft,2026-04-26,2026-12-29,,,74011.5,0,0.0,74011.5,0,74011.5,USD,Thank you for your business!,,2026-05-11T16:44:27.326937,
4b3849a0-24df-4222-946e-0d5f8cfa7996,7319bb38-0e1a-42a0-a1a3-c170af371232,358fdda8-31ac-4710-804b-cbc3c1bae960,,INV-000791,Invoice for Products,partial,2026-05-17,2026-09-27,2026-07-03T20:50:22.326964,,3584.42,0,0.0,3584.42,1792.21,1792.21,USD,Thank you for your business!,,2026-03-28T23:47:34.326970,
77719c5e-e531-42d4-9ea5-c31d3f1157d7,7319bb38-0e1a-42a0-a1a3-c170af371232,c7daa626-ea7d-4b6f-bb74-872fd9e28a8e,dc857e49-4db2-4daa-8645-82c032525502,INV-000792,Invoice for Consulting,paid,2026-04-01,2026-12-15,2026-04-04T17:07:32.326996,2026-05-19T19:26:19.327002,65478.11,0,0.0,65478.11,65478.11,0,USD,,,2025-10-10T03:17:32.327008,
957ffe91-89ab-4b7c-a1be-d6c2d514a062,7319bb38-0e1a-42a0-a1a3-c170af371232,202a9741-6c5a-49e0-ba19-afb77018a3cd,,INV-000793,Invoice for Subscription,partial,2025-12-27,2027-01-19,2026-03-18T07:38:42.327039,,28397.04,0,0.0,28397.04,14198.52,14198.52,USD,Thank you for your business!,,2026-05-28T17:00:29.327045,
77c2648f-e2b1-47fc-9fba-906331e83889,7319bb38-0e1a-42a0-a1a3-c170af371232,027972bc-159d-40f7-9171-b85aa357658c,db636165-9a35-4fb9-8561-6ad3e67d3dc8,INV-000794,Invoice for Products,viewed,2026-01-09,2026-09-01,2026-06-11T11:28:53.327072,,82714.05,0,0.0,82714.05,0,82714.05,USD,Thank you for your business!,,2026-04-14T06:53:02.327078,
1b5c1805-0d7d-4a98-b866-54390902a49b,7319bb38-0e1a-42a0-a1a3-c170af371232,93317a73-3e9a-49a2-a0b9-0b40bf22d410,,INV-000795,Invoice for Products,overdue,2026-06-26,2027-01-16,2026-04-28T02:37:55.327105,,20134.64,10,2013.46,22148.1,0,22148.1,USD,,,2026-04-03T09:40:25.327111,
df84832c-3df3-4179-a479-ea4d4016624a,7319bb38-0e1a-42a0-a1a3-c170af371232,4f86bb86-c99b-45fe-8417-3dba86903eef,,INV-000796,Invoice for Subscription,overdue,2026-07-04,2027-01-01,2026-07-02T06:21:21.327137,,68295.17,15,10244.28,78539.45,0,78539.45,USD,Thank you for your business!,,2026-06-09T09:02:15.327143,
d0120f0a-e87d-488b-af62-8a6464592541,7319bb38-0e1a-42a0-a1a3-c170af371232,,552b203c-06fd-49ec-ac6a-eeb26b7914dd,INV-000797,Invoice for Subscription,paid,2025-11-04,2026-09-18,2026-04-17T19:38:44.327179,2026-05-09T13:53:02.327184,39433.93,8,3154.71,42588.64,42588.64,0,USD,,,2025-12-26T08:50:58.327190,
f2ef8c32-ae10-447c-aaa8-43ac688eea28,7319bb38-0e1a-42a0-a1a3-c170af371232,a178522e-97ed-42eb-a5f6-fa195acdbe4f,,INV-000798,Invoice for Products,viewed,2025-10-01,2026-10-24,2026-04-26T11:07:49.327220,,83141.5,5,4157.07,87298.57,0,87298.57,USD,,,2025-09-28T08:34:30.327226,
6035b790-646c-422a-b56f-2294dc16042b,7319bb38-0e1a-42a0-a1a3-c170af371232,4b1f58c8-0ba1-4c23-b653-1da701728e9a,,INV-000799,Invoice for Subscription,draft,2026-07-16,2027-01-22,,,94435.12,8,7554.81,101989.93,0,101989.93,USD,,,2026-04-30T10:09:47.327253,
5dc0e06e-dcd3-4a5d-97ab-e97552fe4d2e,7319bb38-0e1a-42a0-a1a3-c170af371232,163b4637-507e-4b98-9516-13d9d4ab1eaf,,INV-000800,Invoice for Services,paid,2025-12-26,2027-01-03,2026-03-16T04:12:19.327279,2026-06-24T10:10:18.327284,59487.97,5,2974.4,62462.37,62462.37,0,USD,,,2025-11-10T18:16:39.327290,
24192a07-363d-4c1a-a4c3-263b6ca6b562,7319bb38-0e1a-42a0-a1a3-c170af371232,08f188a4-cbfc-4d84-8577-c8453f658c84,,INV-000801,Invoice for Services,overdue,2026-01-23,2026-08-08,2026-04-06T08:05:48.327316,,47459.66,10,4745.97,52205.63,0,52205.63,USD,Thank you for your business!,,2025-08-31T01:57:08.327322,
e579f982-91fe-4264-a4af-8f6dc5e86186,7319bb38-0e1a-42a0-a1a3-c170af371232,75d51542-9f02-4e54-94ad-3da2ff16903f,4aa11d34-fe51-4197-a81d-1e8d971e92e9,INV-000802,Invoice for Products,paid,2026-08-03,2026-10-14,2026-05-27T03:00:14.327349,2026-05-18T02:54:47.327354,32057.51,10,3205.75,35263.26,35263.26,0,USD,Thank you for your business!,,2025-09-18T16:15:59.327359,
1a2445e5-4884-4830-88a2-3a20e2aa31fa,7319bb38-0e1a-42a0-a1a3-c170af371232,9a2e0b5f-6229-4fa8-94eb-580f3627d42d,,INV-000803,Invoice for Subscription,overdue,2026-01-20,2026-10-25,2026-07-10T09:00:33.327389,,59511.18,10,5951.12,65462.3,0,65462.3,USD,Thank you for your business!,86d8a0a9-673f-4c43-8ebc-1a3403b4639e,2026-03-27T19:08:38.327396,
b0adba0a-8f0f-40b6-aff6-1ae53c63975d,7319bb38-0e1a-42a0-a1a3-c170af371232,c479e4d8-ac62-4296-ba07-dca3778f3d61,,INV-000804,Invoice for Subscription,partial,2026-03-04,2026-11-20,2026-03-11T14:48:44.327422,,23629.5,0,0.0,23629.5,11814.75,11814.75,USD,Thank you for your business!,,2026-02-22T04:44:27.327427,
f52df838-7512-431f-94b3-52303af590a3,7319bb38-0e1a-42a0-a1a3-c170af371232,f05f3d8e-5926-4bf2-a83a-28dd49af1dbc,e222e117-55d9-437b-94c3-3db41f09400b,INV-000805,Invoice for Subscription,viewed,2025-12-16,2026-12-05,2026-02-10T22:31:49.327461,,78117.9,15,11717.68,89835.58,0,89835.58,USD,Thank you for your business!,,2026-05-15T05:09:45.327467,
3b138e9b-2c89-4bc1-bc58-030a93c7d696,7319bb38-0e1a-42a0-a1a3-c170af371232,766de1ea-a649-4d55-bca8-5399c4bb9ba2,4d374c11-25f5-4115-9aec-03c1ef9707da,INV-000806,Invoice for Support,viewed,2025-09-26,2026-12-10,2026-08-03T00:13:00.327494,,37164.51,0,0.0,37164.51,0,37164.51,USD,Thank you for your business!,,2026-06-28T09:20:23.327500,
bdffae91-351e-4090-b654-1c24f00f5dc4,7319bb38-0e1a-42a0-a1a3-c170af371232,bb7f1875-aa87-49cb-9904-3c4402d8d30e,,INV-000807,Invoice for Services,cancelled,2026-06-07,2026-11-02,2026-03-20T01:51:06.327526,,92007.03,15,13801.05,105808.08,0,105808.08,USD,,,2025-08-29T21:23:36.327532,
d6ca621c-4b30-4ed8-a1da-b5187228bc76,7319bb38-0e1a-42a0-a1a3-c170af371232,09e9d8b2-9acb-4332-945f-522e9f7dafcd,,INV-000808,Invoice for Consulting,overdue,2026-08-05,2026-10-19,2026-07-12T19:59:58.327561,,55963.56,10,5596.36,61559.92,0,61559.92,USD,Thank you for your business!,7feddacb-6dc0-4642-beef-439ccff6d242,2026-08-01T22:24:06.327568,
4b0a6aee-e98d-4454-b551-629560449e4a,7319bb38-0e1a-42a0-a1a3-c170af371232,9a22410f-4797-44e0-a2d3-7cd22465ebec,304764c5-2a1e-4d8e-ab16-84fbb68bf2bc,INV-000809,Invoice for Support,overdue,2026-05-04,2026-11-27,2026-03-27T12:43:46.327594,,79878.87,5,3993.94,83872.81,0,83872.81,USD,Thank you for your business!,,2026-05-24T16:13:42.327600,
3643d5fd-3a29-4e7f-986f-aec7bd432234,7319bb38-0e1a-42a0-a1a3-c170af371232,27b29709-48f6-491a-abd6-aeb8b62da4d1,,INV-000810,Invoice for Services,sent,2026-05-18,2026-09-01,2026-05-12T02:14:08.327627,,2928.05,8,234.24,3162.29,0,3162.29,USD,Thank you for your business!,,2025-09-27T04:58:22.327633,
cd9bd8f0-e20c-4282-a933-c05b3afc6b67,7319bb38-0e1a-42a0-a1a3-c170af371232,45094540-4188-4a6e-91b2-72fc8a927afe,,INV-000811,Invoice for Services,partial,2026-01-21,2026-08-20,2026-04-28T00:28:52.327658,,81980.47,0,0.0,81980.47,40990.235,40990.235,USD,Thank you for your business!,,2026-06-03T04:14:14.327664,
04a56a44-2530-455a-8b16-cc5adcc951b1,7319bb38-0e1a-42a0-a1a3-c170af371232,,05d8ba91-2e92-4680-af3a-00376177b593,INV-000812,Invoice for Services,draft,2025-12-12,2027-01-10,,,59085.4,7.5,4431.4,63516.8,0,63516.8,USD,Thank you for your business!,1f9d3230-90c6-4348-b651-c72ea8ab7b73,2025-11-20T10:46:49.327692,
b8b0feee-83da-4ca8-83fd-ba020d195fb6,7319bb38-0e1a-42a0-a1a3-c170af371232,,,INV-000813,Invoice for Services,cancelled,2026-01-25,2026-08-31,2026-05-04T06:56:23.327724,,36144.56,0,0.0,36144.56,0,36144.56,USD,Thank you for your business!,70b48c83-47d2-48f8-9314-7c0ece6799f7,2025-12-08T17:12:28.327732,
b886e6e4-beff-424d-85f9-9707ebfe7e05,7319bb38-0e1a-42a0-a1a3-c170af371232,e16e33fb-10fe-4fdf-b49f-57c0cdb28145,ca011c11-1161-40e5-89b9-fbd5123abdc5,INV-000814,Invoice for Products,cancelled,2026-03-27,2026-12-15,2026-02-12T14:23:42.327845,,5916.31,20,1183.26,7099.57,0,7099.57,USD,Thank you for your business!,,2026-02-09T04:36:39.327852,
3fff6b86-cc0e-485c-9ff4-17aca21b4bff,7319bb38-0e1a-42a0-a1a3-c170af371232,,,INV-000815,Invoice for Subscription,sent,2026-02-21,2026-09-06,2026-07-24T17:31:44.327884,,20828.43,20,4165.69,24994.12,0,24994.12,USD,,,2026-06-24T16:37:09.327890,
6a3eeec6-3314-4d18-abca-f72c50635bc5,7319bb38-0e1a-42a0-a1a3-c170af371232,93f72a47-1481-4630-8ed4-7f698ed5d7dc,,INV-000816,Invoice for Subscription,paid,2025-11-19,2026-09-30,2026-05-17T05:51:08.327918,2026-04-21T13:13:13.327923,92143.81,20,18428.76,110572.57,110572.57,0,USD,,,2025-11-28T19:51:20.327928,
d4522710-191d-48ef-8c8d-bfd5dc7a8868,7319bb38-0e1a-42a0-a1a3-c170af371232,f91c4ea1-6ccc-4140-8724-ef4a5302777a,,INV-000817,Invoice for Subscription,partial,2025-09-11,2026-10-23,2026-06-26T16:01:17.327958,,28364.81,10,2836.48,31201.29,15600.645,15600.645,USD,,,2026-02-25T19:23:49.327964,
9e0bcb35-d3f1-49df-b4bc-994b23795b99,7319bb38-0e1a-42a0-a1a3-c170af371232,,,INV-000818,Invoice for Support,partial,2026-05-08,2027-01-31,2026-05-27T19:33:07.327990,,51044.6,0,0.0,51044.6,25522.3,25522.3,USD,,,2025-09-11T20:02:27.327996,
4040ac0f-5935-4564-bd40-f91b8d935641,7319bb38-0e1a-42a0-a1a3-c170af371232,7a406049-ad1a-4e08-9b76-4a70c0549ca4,,INV-000819,Invoice for Services,cancelled,2026-02-09,2026-09-16,2026-05-19T01:50:23.328026,,50765.19,5,2538.26,53303.45,0,53303.45,USD,,89a99434-56ea-46aa-9944-8764ddc648a5,2025-11-10T21:20:18.328034,
3590cf4b-2b2c-4601-ac41-b074083341df,7319bb38-0e1a-42a0-a1a3-c170af371232,,4ad765f0-140f-4d4f-a0da-6102b730c15c,INV-000820,Invoice for Subscription,paid,2026-01-09,2026-12-07,2026-04-05T13:44:42.328060,2026-06-23T18:50:20.328065,17241.47,5,862.07,18103.54,18103.54,0,USD,Thank you for your business!,,2025-12-26T04:08:00.328071,
68a1935f-f635-435c-bbf0-f492672bcbf7,7319bb38-0e1a-42a0-a1a3-c170af371232,167e67f5-9e72-4353-a7dd-b7dae665e431,6159fe3a-ab95-41ce-8cd1-fc6f727d0406,INV-000821,Invoice for Consulting,sent,2025-08-23,2026-09-06,2026-03-18T19:05:46.328098,,43659.83,5,2182.99,45842.82,0,45842.82,USD,Thank you for your business!,dee5c399-2cce-41ee-b174-0ac2abcbde20,2026-01-21T02:43:13.328105,
5be76569-997d-4fe2-b8bf-2388b3ed9ffe,7319bb38-0e1a-42a0-a1a3-c170af371232,,627b09a6-16a6-4c2d-936c-a98146c2fb05,INV-000822,Invoice for Products,cancelled,2025-11-04,2026-12-03,2026-03-21T22:47:21.328131,,40992.36,5,2049.62,43041.98,0,43041.98,USD,,,2025-08-30T13:28:09.328137,
c7e079f1-557b-432c-9957-2f6171e0d36f,7319bb38-0e1a-42a0-a1a3-c170af371232,eb6c565f-e4fe-4aa3-829e-c4ba4d960a83,c6bc0a13-c0f0-48ea-879b-adac924a6d2b,INV-000823,Invoice for Consulting,sent,2026-04-04,2026-09-13,2026-05-31T18:06:19.328164,,86518.1,0,0.0,86518.1,0,86518.1,USD,Thank you for your business!,,2026-06-18T12:00:59.328170,
0875da6c-479b-4d58-9306-265d0ba7ded5,7319bb38-0e1a-42a0-a1a3-c170af371232,,4ad765f0-140f-4d4f-a0da-6102b730c15c,INV-000824,Invoice for Subscription,viewed,2025-08-25,2026-10-31,2026-02-19T05:09:40.328204,,2229.81,0,0.0,2229.81,0,2229.81,USD,,,2026-05-03T13:33:41.328209,
b4b8f692-2d19-475a-82af-f3f8e0cb5b01,7319bb38-0e1a-42a0-a1a3-c170af371232,2a84989f-c4e3-45e1-b40f-176a0a4ba6aa,2989b84a-bfd5-46cf-bc59-36102cc325e1,INV-000825,Invoice for Support,cancelled,2026-08-05,2026-11-17,2026-07-10T23:26:10.328236,,65540.68,20,13108.14,78648.82,0,78648.82,USD,,,2026-08-04T13:32:51.328242,
1728cbeb-7719-4a24-a9c1-f5dfdf55abe0,7319bb38-0e1a-42a0-a1a3-c170af371232,7c7ff230-d38e-46c8-a99c-8280c036e29f,,INV-000826,Invoice for Subscription,cancelled,2026-02-09,2027-01-22,2026-03-28T18:12:42.328269,,86184.98,10,8618.5,94803.48,0,94803.48,USD,Thank you for your business!,,2025-08-28T21:32:01.328275,
f1179865-389c-482b-9889-434e56b41e9d,7319bb38-0e1a-42a0-a1a3-c170af371232,,,INV-000827,Invoice for Support,overdue,2026-05-19,2026-09-05,2026-06-03T22:53:43.328300,,23108.3,15,3466.24,26574.54,0,26574.54,USD,Thank you for your business!,,2025-08-25T04:53:38.328306,
3b8d3a91-813c-421b-b1e3-3b5f05603d1f,7319bb38-0e1a-42a0-a1a3-c170af371232,6c745d66-c10c-470e-9dd1-c630e46cae35,,INV-000828,Invoice for Support,partial,2025-12-27,2027-02-03,2026-03-13T01:04:21.328332,,3064.19,0,0.0,3064.19,1532.095,1532.095,USD,,,2026-01-03T10:08:40.328337,
7dfce557-058d-4e2d-8c19-109c8121ee6d,7319bb38-0e1a-42a0-a1a3-c170af371232,,a9cd8fcc-42cd-4abf-b5a7-5e35dc979742,INV-000829,Invoice for Products,viewed,2026-03-20,2026-08-26,2026-03-28T18:33:35.328370,,44897.98,8,3591.84,48489.82,0,48489.82,USD,Thank you for your business!,,2025-11-10T07:51:12.328376,
88393a23-6a8a-4934-8cc0-5e28ee9a882a,7319bb38-0e1a-42a0-a1a3-c170af371232,,,INV-000830,Invoice for Consulting,sent,2025-10-16,2026-12-26,2026-03-09T07:37:16.328418,,82461.93,8,6596.95,89058.88,0,89058.88,USD,Thank you for your business!,,2026-03-02T01:27:04.328424,
1415f8d3-0e98-4858-8036-17200d6d2d6d,7319bb38-0e1a-42a0-a1a3-c170af371232,c8494aa8-b7da-4b1c-9aff-aa8a77d02e48,5cb9a2ec-b302-4967-ab43-a9a08283c1ad,INV-000831,Invoice for Support,sent,2026-04-16,2026-09-15,2026-04-06T03:23:22.328459,,61702.6,5,3085.13,64787.73,0,64787.73,USD,,,2026-03-23T02:11:42.328465,
034ac8aa-b989-4943-8906-e20bc75d135d,7319bb38-0e1a-42a0-a1a3-c170af371232,,01f4d583-87d5-455a-8340-45a6c95b98c2,INV-000832,Invoice for Products,cancelled,2026-01-09,2026-11-29,2026-07-06T04:01:32.328492,,76725.76,7.5,5754.43,82480.19,0,82480.19,USD,Thank you for your business!,,2025-10-18T04:25:08.328498,
e742f712-5be6-4342-9100-47c83c328407,7319bb38-0e1a-42a0-a1a3-c170af371232,1446eda7-d529-4c9b-b4dc-ec776b1fcc75,7cab2a2a-56fe-4aca-9dc0-ec5ded3f7749,INV-000833,Invoice for Consulting,draft,2026-04-04,2026-09-06,,,85697.28,7.5,6427.3,92124.58,0,92124.58,USD,,,2026-05-09T22:53:46.328526,
a1384668-065d-42c9-90f0-72d2e010a08d,7319bb38-0e1a-42a0-a1a3-c170af371232,3f0b99d1-0bcd-41d8-84d3-0539bf264aaa,,INV-000834,Invoice for Support,viewed,2026-07-21,2027-01-14,2026-02-18T11:36:41.328557,,18738.57,10,1873.86,20612.43,0,20612.43,USD,,,2026-01-20T15:19:19.328563,
f6418d06-26e4-42b5-8207-06e7151549bd,7319bb38-0e1a-42a0-a1a3-c170af371232,,,INV-000835,Invoice for Support,overdue,2026-02-04,2026-08-29,2026-04-25T02:34:55.328588,,95245.95,8,7619.68,102865.63,0,102865.63,USD,,,2025-12-02T19:41:48.328594,
bdeac792-d595-4b59-9839-7c9ac00c66bc,7319bb38-0e1a-42a0-a1a3-c170af371232,73ca5c34-1195-4faf-bd79-56ca851001f4,,INV-000836,Invoice for Consulting,partial,2026-02-11,2027-01-21,2026-04-21T13:28:16.328620,,93585.38,5,4679.27,98264.65,49132.325,49132.325,USD,Thank you for your business!,,2025-09-13T04:01:08.328626,
fdeff35e-1e7e-45ef-b99f-5dade1270a51,7319bb38-0e1a-42a0-a1a3-c170af371232,808ac6fd-086c-41c1-8359-62da967b58e7,2a7a9439-e288-4c5f-9d70-757e2dd3a56d,INV-000837,Invoice for Products,draft,2026-07-06,2026-11-28,,,82014.55,0,0.0,82014.55,0,82014.55,USD,Thank you for your business!,60df0fae-aef0-4ea5-94cb-edca05f82224,2026-05-28T13:37:11.328655,
c8db4566-e9fb-4dff-af27-ace52d9a8fe0,7319bb38-0e1a-42a0-a1a3-c170af371232,,,INV-000838,Invoice for Support,viewed,2025-10-25,2026-12-18,2026-07-21T22:50:51.328680,,58927.82,5,2946.39,61874.21,0,61874.21,USD,Thank you for your business!,,2025-12-04T11:28:02.328686,
de00058f-7639-4c9f-92d7-8fa532ee4ef9,7319bb38-0e1a-42a0-a1a3-c170af371232,298be7c2-e00d-4605-b38a-88954a7fd13a,,INV-000839,Invoice for Services,paid,2026-02-09,2026-11-20,2026-05-04T20:01:08.328711,2026-04-28T19:20:05.328717,52914.63,10,5291.46,58206.09,58206.09,0,USD,,,2026-07-25T02:11:46.328723,
8e8f569b-5670-4c2d-9d70-95404f019a3a,7319bb38-0e1a-42a0-a1a3-c170af371232,,,INV-000840,Invoice for Services,paid,2025-10-29,2027-01-20,2026-04-03T03:43:01.328752,2026-04-25T08:44:29.328757,49306.67,5,2465.33,51772.0,51772.0,0,USD,,,2025-08-30T20:07:18.328763,
197980a8-a9e3-4b39-8ab4-2451719cad5d,7319bb38-0e1a-42a0-a1a3-c170af371232,9e27943d-c807-4665-89d7-a2cde84d8e2a,0577e21e-b688-49f6-915d-eb2e3d43a3f4,INV-000841,Invoice for Services,partial,2025-10-18,2026-11-10,2026-02-20T19:34:04.328791,,39909.69,8,3192.78,43102.47,21551.235,21551.235,USD,,e0f35d6b-048c-4b4c-882e-3e0b5065580d,2025-11-26T21:56:34.328798,
6dcd0899-e07b-48f9-bc8b-3954d3e7ed13,7319bb38-0e1a-42a0-a1a3-c170af371232,16148b35-c139-41e7-b7ba-0bf50e1d34b2,,INV-000842,Invoice for Support,viewed,2026-04-27,2026-12-27,2026-04-18T12:48:46.328824,,58906.44,0,0.0,58906.44,0,58906.44,USD,Thank you for your business!,,2026-04-29T02:46:50.328830,
9819e044-5057-47ae-adce-519d21d5a83d,7319bb38-0e1a-42a0-a1a3-c170af371232,,,INV-000843,Invoice for Support,paid,2026-03-29,2027-01-17,2026-02-17T06:16:29.328854,2026-05-10T03:15:29.328860,72352.22,0,0.0,72352.22,72352.22,0,USD,Thank you for your business!,,2026-02-23T16:01:30.328865,
19eec7a1-27ad-4d2f-a56f-c76ad8b8e8f2,7319bb38-0e1a-42a0-a1a3-c170af371232,,6a0c063e-84a3-4fbb-8916-2024a5dc1239,INV-000844,Invoice for Services,sent,2026-03-15,2027-01-28,2026-04-25T01:16:37.328891,,40093.07,15,6013.96,46107.03,0,46107.03,USD,Thank you for your business!,,2026-07-04T09:50:25.328897,
54382212-421a-4482-8f48-507e1a883780,7319bb38-0e1a-42a0-a1a3-c170af371232,,,INV-000845,Invoice for Products,paid,2025-08-07,2026-11-26,2026-02-11T04:17:36.328929,2026-07-20T08:00:21.328934,19446.59,20,3889.32,23335.91,23335.91,0,USD,,,2026-04-24T12:01:24.328940,
0b6df9fd-8a94-4692-82f9-808baf6fa662,7319bb38-0e1a-42a0-a1a3-c170af371232,ce4f04c4-9154-4315-982d-31804cd42f94,929dface-f231-44fe-b190-73ddd4490fb4,INV-000846,Invoice for Products,cancelled,2026-01-20,2026-11-06,2026-07-10T15:10:10.328968,,85745.11,15,12861.77,98606.88,0,98606.88,USD,Thank you for your business!,,2025-12-31T21:14:40.328977,
473e717f-e6a4-4be8-82b2-58b171ef6732,7319bb38-0e1a-42a0-a1a3-c170af371232,74ba0a17-b612-44cb-a015-488528d4ddd4,552b203c-06fd-49ec-ac6a-eeb26b7914dd,INV-000847,Invoice for Support,partial,2025-11-26,2026-11-26,2026-05-14T08:19:09.329004,,22931.04,5,1146.55,24077.59,12038.795,12038.795,USD,,affb8550-da69-4fc4-bec9-eb9aae29264d,2026-07-28T02:36:54.329011,
5072e630-01e1-4611-bfa1-2c7ce074e79b,7319bb38-0e1a-42a0-a1a3-c170af371232,f4d7654e-8fe7-467c-8237-2e3b3c5826c1,,INV-000848,Invoice for Support,cancelled,2025-10-17,2026-10-03,2026-05-05T22:54:11.329039,,74934.85,10,7493.48,82428.33,0,82428.33,USD,Thank you for your business!,d1d3e532-65db-4dd7-bdac-93a3b7db8bdf,2026-06-28T10:59:09.329046,
709b7299-28ab-4372-809c-1760e7ac490d,7319bb38-0e1a-42a0-a1a3-c170af371232,,b9ab76b5-9fc6-463c-8a6f-589448ae5992,INV-000849,Invoice for Support,draft,2026-07-19,2026-08-18,,,59623.94,10,5962.39,65586.33,0,65586.33,USD,Thank you for your business!,,2026-01-25T18:09:07.329073,
ca057c87-79f4-4346-8f6c-5131983e223a,7319bb38-0e1a-42a0-a1a3-c170af371232,,8e47ca5c-8d7e-44e4-b66c-16d73529d858,INV-000850,Invoice for Services,sent,2026-04-05,2027-01-18,2026-03-25T05:30:38.329103,,41815.94,5,2090.8,43906.74,0,43906.74,USD,,,2026-04-08T15:04:01.329109,
2a045172-b17b-4c20-bb7e-e18f28e76354,7319bb38-0e1a-42a0-a1a3-c170af371232,1d24ceee-8319-46eb-aefa-4fa2009b438e,,INV-000851,Invoice for Subscription,cancelled,2025-10-25,2026-08-08,2026-02-08T08:28:41.329140,,54358.8,10,5435.88,59794.68,0,59794.68,USD,Thank you for your business!,,2026-06-14T09:18:56.329146,
d04962f6-e7ba-42bd-83d9-e9cf449a5f89,7319bb38-0e1a-42a0-a1a3-c170af371232,,,INV-000852,Invoice for Services,viewed,2026-04-09,2026-11-25,2026-02-19T00:40:23.329174,,36925.95,0,0.0,36925.95,0,36925.95,USD,Thank you for your business!,,2025-09-29T01:52:06.329180,
1b190d19-f101-46c3-bff6-6a07616e3cf2,7319bb38-0e1a-42a0-a1a3-c170af371232,e3771b88-3199-4d5a-bbdd-06a71eafa82a,,INV-000853,Invoice for Products,sent,2025-10-09,2027-01-03,2026-06-13T22:26:35.329207,,58310.52,8,4664.84,62975.36,0,62975.36,USD,Thank you for your business!,,2026-02-23T09:54:14.329213,
9a333ae0-9d46-44de-8563-11fc65151b0e,7319bb38-0e1a-42a0-a1a3-c170af371232,,a2d5367e-dc5c-43fa-99a7-3b8f40432f07,INV-000854,Invoice for Consulting,partial,2025-09-17,2026-11-16,2026-03-03T01:58:01.329239,,93556.19,0,0.0,93556.19,46778.095,46778.095,USD,Thank you for your business!,569f9322-fd81-434e-9772-e3d7fc96233a,2025-11-02T09:20:25.329246,
1a184079-5d07-4a59-825e-d6d95daff498,7319bb38-0e1a-42a0-a1a3-c170af371232,e01b3a74-f086-4ac1-9569-dfdb057a381b,bd97cf94-81c9-438e-a93a-4b18d1814b29,INV-000855,Invoice for Consulting,sent,2025-09-04,2026-10-16,2026-07-31T02:48:42.329277,,28056.83,10,2805.68,30862.51,0,30862.51,USD,Thank you for your business!,,2026-06-24T23:50:23.329283,
240ac225-e731-493c-9a06-883875ef143e,7319bb38-0e1a-42a0-a1a3-c170af371232,203cdb0a-ddb7-474c-b690-01a82a4f8c24,,INV-000856,Invoice for Support,overdue,2026-08-03,2026-11-06,2026-02-20T12:31:28.329309,,52606.14,8,4208.49,56814.63,0,56814.63,USD,,,2025-09-27T07:21:12.329315,
b17768c5-8f99-433a-89d0-400195b5b432,7319bb38-0e1a-42a0-a1a3-c170af371232,c002da58-ec3c-4cfd-8b22-a51c41ee6ae5,,INV-000857,Invoice for Support,overdue,2026-03-06,2026-12-23,2026-05-15T00:50:53.329341,,83063.85,0,0.0,83063.85,0,83063.85,USD,,,2025-11-07T18:40:58.329347,
f3fcae00-4022-4028-aa34-fc8ecc4296a8,7319bb38-0e1a-42a0-a1a3-c170af371232,,,INV-000858,Invoice for Services,sent,2026-02-19,2026-12-21,2026-03-21T05:36:20.329372,,19718.52,0,0.0,19718.52,0,19718.52,USD,,,2025-09-20T16:30:18.329378,
3baa8b29-8a61-418c-9d3a-8d59d8d87394,7319bb38-0e1a-42a0-a1a3-c170af371232,4202e943-682c-4bc3-a998-a8e58f9eb527,,INV-000859,Invoice for Support,cancelled,2026-03-29,2026-09-18,2026-06-21T16:53:02.329404,,76277.49,7.5,5720.81,81998.3,0,81998.3,USD,,,2025-08-07T18:59:39.329409,
5ecf8bca-60ec-4d83-908d-88289ee2c7ee,7319bb38-0e1a-42a0-a1a3-c170af371232,,,INV-000860,Invoice for Products,viewed,2025-12-18,2026-10-21,2026-06-15T16:19:10.329434,,62184.51,5,3109.23,65293.74,0,65293.74,USD,,,2026-01-01T14:06:09.329440,
2c145331-07ad-43ce-a2db-f132fb578cae,7319bb38-0e1a-42a0-a1a3-c170af371232,56964a19-ff10-4023-8542-519463c0100a,,INV-000861,Invoice for Services,cancelled,2025-12-22,2026-08-26,2026-07-02T19:17:14.329482,,7534.53,0,0.0,7534.53,0,7534.53,USD,,5f2da91e-4cbb-41e8-ae7d-a5fe681e16b4,2026-02-11T11:13:11.329490,
5bd9d4ba-d27d-4c54-8df5-b73097c6ef21,7319bb38-0e1a-42a0-a1a3-c170af371232,78a42532-467f-41de-b805-5c20e47adadc,,INV-000862,Invoice for Consulting,partial,2026-04-28,2026-09-09,2026-04-12T06:26:51.329524,,67055.53,7.5,5029.16,72084.69,36042.345,36042.345,USD,,,2026-04-22T16:45:24.329530,
9e598124-33c4-4ac9-b8c8-99b5cd4b61f3,7319bb38-0e1a-42a0-a1a3-c170af371232,,,INV-000863,Invoice for Consulting,viewed,2026-03-27,2026-11-02,2026-07-06T00:46:13.329556,,59738.79,15,8960.82,68699.61,0,68699.61,USD,,,2026-03-15T13:19:46.329562,
b3fdb205-0c5f-480e-bae5-29f5691d544d,7319bb38-0e1a-42a0-a1a3-c170af371232,,,INV-000864,Invoice for Subscription,draft,2026-01-12,2026-12-28,,,62443.33,20,12488.67,74932.0,0,74932.0,USD,,,2025-12-25T13:28:36.329591,
e04836a0-fe35-42b7-873b-353bac6a067c,7319bb38-0e1a-42a0-a1a3-c170af371232,,a3ed7aca-88c7-4c2f-b517-a1185cde6a9f,INV-000865,Invoice for Services,viewed,2026-01-11,2027-01-18,2026-06-06T14:27:39.329617,,18721.6,8,1497.73,20219.33,0,20219.33,USD,,,2026-07-06T04:47:00.329623,
0b15f863-8fbb-4513-935e-2c74c7f35a90,7319bb38-0e1a-42a0-a1a3-c170af371232,,,INV-000866,Invoice for Products,sent,2026-07-02,2026-10-07,2026-02-07T07:35:10.329648,,78421.99,15,11763.3,90185.29,0,90185.29,USD,,,2026-06-29T20:41:22.329654,
bd468bf4-0791-4e8c-a7d3-42d39632824f,7319bb38-0e1a-42a0-a1a3-c170af371232,f1c681ee-4b28-4a82-b84a-42f14ba9d200,,INV-000867,Invoice for Services,draft,2025-09-21,2026-12-09,,,23470.64,15,3520.6,26991.24,0,26991.24,USD,Thank you for your business!,,2026-07-01T07:28:33.329685,
0b20224f-9fe1-412f-9b5b-d18e5ce714b1,7319bb38-0e1a-42a0-a1a3-c170af371232,8525504f-0adc-416f-8ad8-e5cd85cc9d98,5c4c67cb-328b-48f9-a871-85038dc481f2,INV-000868,Invoice for Support,partial,2026-07-11,2027-01-14,2026-07-05T11:24:52.329713,,50123.34,5,2506.17,52629.51,26314.755,26314.755,USD,Thank you for your business!,,2026-03-22T16:07:48.329719,
30f6d3e3-fea1-4231-bb86-d031a0034532,7319bb38-0e1a-42a0-a1a3-c170af371232,484b38c9-4f3b-4d1c-af7e-a2ff9676dd48,,INV-000869,Invoice for Subscription,viewed,2026-04-04,2026-10-20,2026-06-07T06:39:06.329745,,48983.52,5,2449.18,51432.7,0,51432.7,USD,,,2025-10-24T05:53:42.329751,
916ea87d-f261-4ddf-b52f-cc19142c67e1,7319bb38-0e1a-42a0-a1a3-c170af371232,,8f0c00a2-632a-43e9-ad90-03612388d065,INV-000870,Invoice for Services,partial,2026-07-12,2027-02-05,2026-07-16T10:05:52.329777,,52377.65,15,7856.65,60234.3,30117.15,30117.15,USD,Thank you for your business!,,2026-07-06T09:50:53.329783,
43a1c8a9-100a-4cae-9cd2-8a3611e05176,7319bb38-0e1a-42a0-a1a3-c170af371232,53ecf042-15ef-4b89-b9bc-cee256eaed35,,INV-000871,Invoice for Support,draft,2026-06-14,2027-01-16,,,38230.12,10,3823.01,42053.13,0,42053.13,USD,,,2025-11-29T01:47:47.329811,
abd06922-8e28-4c55-8908-5575fad00dbb,7319bb38-0e1a-42a0-a1a3-c170af371232,,8cda1538-d149-42f0-a420-617458b6eab4,INV-000872,Invoice for Products,paid,2025-10-13,2026-10-20,2026-03-08T03:46:55.329837,2026-06-27T18:45:03.329843,97797.28,0,0.0,97797.28,97797.28,0,USD,Thank you for your business!,,2026-05-13T20:37:15.329848,
939eea52-8dd5-4b66-8836-b876818fd92e,7319bb38-0e1a-42a0-a1a3-c170af371232,b8dfca13-c45e-44dc-9a50-732f26735bc1,56351de4-2ee1-4bd1-be46-b4b502db900c,INV-000873,Invoice for Products,draft,2026-06-01,2026-10-22,,,29607.49,10,2960.75,32568.24,0,32568.24,USD,,,2025-08-27T20:25:57.329877,
17bff907-e2d0-453d-b170-e85aecbcc2b6,7319bb38-0e1a-42a0-a1a3-c170af371232,701535ca-a725-402a-85c7-c3090c812093,83119fa2-d428-473c-8f5a-5add53b73dd5,INV-000874,Invoice for Services,cancelled,2026-01-11,2026-09-10,2026-04-27T11:57:29.329908,,21533.95,0,0.0,21533.95,0,21533.95,USD,Thank you for your business!,,2026-06-17T21:27:48.329914,
9726a1f4-f0b4-43e4-b2bb-cca4b5ac98e1,7319bb38-0e1a-42a0-a1a3-c170af371232,1c13ed55-e415-465e-be63-cfd713f33609,effac21d-589c-4a03-a56e-f56633f30e48,INV-000875,Invoice for Products,viewed,2026-05-23,2027-02-05,2026-02-26T18:19:04.329941,,42134.96,0,0.0,42134.96,0,42134.96,USD,,,2026-03-19T02:10:01.329947,
5b54b8d9-3d1b-49c4-9b39-197722b4a7d0,7319bb38-0e1a-42a0-a1a3-c170af371232,,,INV-000876,Invoice for Products,viewed,2026-01-04,2026-12-31,2026-04-21T06:02:55.329972,,74285.78,7.5,5571.43,79857.21,0,79857.21,USD,Thank you for your business!,,2026-01-19T22:44:52.329978,
5a7b31ef-a2d7-4101-9894-23cd2f06d687,7319bb38-0e1a-42a0-a1a3-c170af371232,cfb00514-0499-4046-a863-828fcfa47ec4,,INV-000877,Invoice for Products,draft,2025-12-02,2026-12-21,,,96417.99,10,9641.8,106059.79,0,106059.79,USD,,,2026-07-07T22:36:24.330008,
66717e1b-c723-477e-982c-137db20392cd,7319bb38-0e1a-42a0-a1a3-c170af371232,,,INV-000878,Invoice for Services,cancelled,2026-01-21,2027-01-28,2026-05-03T04:30:46.330035,,70764.42,0,0.0,70764.42,0,70764.42,USD,,,2026-07-22T04:41:26.330041,
88b23692-8bf0-44e0-81ac-c9eed8078697,7319bb38-0e1a-42a0-a1a3-c170af371232,202a9741-6c5a-49e0-ba19-afb77018a3cd,,INV-000879,Invoice for Support,viewed,2025-08-08,2027-01-04,2026-02-24T12:50:12.330067,,97216.96,5,4860.85,102077.81,0,102077.81,USD,Thank you for your business!,,2026-04-07T10:55:10.330073,
2944fb71-13bd-43cf-9063-4f0f110234ef,7319bb38-0e1a-42a0-a1a3-c170af371232,ee0d07b4-6d11-4b8d-9e72-2b4d6a19dd89,,INV-000880,Invoice for Services,overdue,2026-07-16,2026-10-18,2026-06-23T22:36:20.330103,,14634.05,8,1170.72,15804.77,0,15804.77,USD,,,2025-09-05T04:50:42.330109,
e9e4d8f8-e2e5-4816-a6eb-56f0a5172ab4,7319bb38-0e1a-42a0-a1a3-c170af371232,6f1b452a-2799-47ec-b353-409270f2a41e,,INV-000881,Invoice for Support,viewed,2025-10-20,2026-12-09,2026-07-13T09:40:30.330135,,2346.24,0,0.0,2346.24,0,2346.24,USD,Thank you for your business!,,2025-09-01T05:41:37.330140,
676ee14c-4053-4559-877c-5e3766a4b007,7319bb38-0e1a-42a0-a1a3-c170af371232,ee0d07b4-6d11-4b8d-9e72-2b4d6a19dd89,,INV-000882,Invoice for Subscription,paid,2025-09-02,2026-11-13,2026-03-25T17:38:33.330166,2026-06-04T11:08:05.330175,99164.38,8,7933.15,107097.53,107097.53,0,USD,Thank you for your business!,,2025-12-31T19:28:22.330182,
2f2a9034-be10-4a1e-ad2c-fd52281d7b40,7319bb38-0e1a-42a0-a1a3-c170af371232,,,INV-000883,Invoice for Support,sent,2025-10-22,2026-09-23,2026-02-06T00:08:59.330206,,81673.37,20,16334.67,98008.04,0,98008.04,USD,,,2026-06-16T06:14:12.330213,
babc1fe5-b60c-43dc-a93d-1d3b4b7d581c,7319bb38-0e1a-42a0-a1a3-c170af371232,01a45079-a1b7-4c7b-a40d-449a54011e2a,,INV-000884,Invoice for Subscription,sent,2025-10-05,2026-11-25,2026-04-29T07:40:26.330239,,84554.62,0,0.0,84554.62,0,84554.62,USD,,,2025-12-15T22:44:29.330245,
0b6cf21d-1b63-431c-835f-3518fb5629c2,7319bb38-0e1a-42a0-a1a3-c170af371232,897010f0-966c-4168-b945-39a6abdbeae3,b5f1ee44-ae07-4410-a5ab-062a88607db0,INV-000885,Invoice for Products,sent,2026-05-26,2026-08-10,2026-06-21T10:37:37.330276,,58482.03,8,4678.56,63160.59,0,63160.59,USD,,aa3ac0ea-be52-4548-8808-aa94fe375754,2026-02-26T20:19:51.330284,
497e54c6-97f9-4d4e-ba36-df3fa099fe37,7319bb38-0e1a-42a0-a1a3-c170af371232,20038ee3-151a-405a-8adf-56fdfe2e2ec6,aaab7100-5a73-4ca1-87c2-66ca8e1c5cc7,INV-000886,Invoice for Support,viewed,2025-12-10,2026-12-10,2026-07-05T18:08:25.330311,,84615.6,0,0.0,84615.6,0,84615.6,USD,Thank you for your business!,,2025-12-06T18:32:41.330317,
7e1e59f2-69ec-4c93-90af-9ec9d3f8287c,7319bb38-0e1a-42a0-a1a3-c170af371232,,,INV-000887,Invoice for Subscription,cancelled,2026-06-07,2026-09-07,2026-05-08T07:04:06.330342,,10588.9,15,1588.34,12177.24,0,12177.24,USD,Thank you for your business!,8dfa5ac6-19c7-472b-8fe1-7e0efa43e541,2026-01-19T22:50:07.330350,
5ee8d89a-e87c-40a3-80c1-8ea8a84897f8,7319bb38-0e1a-42a0-a1a3-c170af371232,,,INV-000888,Invoice for Services,viewed,2026-01-11,2027-01-17,2026-05-05T21:48:03.330375,,76146.98,10,7614.7,83761.68,0,83761.68,USD,Thank you for your business!,,2026-07-23T14:54:03.330381,
933a3441-c599-4bfa-a207-9e67086af03a,7319bb38-0e1a-42a0-a1a3-c170af371232,,,INV-000889,Invoice for Support,paid,2026-07-25,2026-11-18,2026-06-21T10:42:49.330406,2026-07-02T08:09:05.330411,47210.7,7.5,3540.8,50751.5,50751.5,0,USD,,,2026-06-08T15:23:39.330417,
49bbb264-e6e5-4264-8b1d-0c6470aa85e8,7319bb38-0e1a-42a0-a1a3-c170af371232,4b1f58c8-0ba1-4c23-b653-1da701728e9a,,INV-000890,Invoice for Products,paid,2026-01-04,2026-08-28,2026-03-09T23:55:53.330457,2026-07-20T20:18:37.330462,82553.15,20,16510.63,99063.78,99063.78,0,USD,,,2025-12-03T05:00:11.330468,
73394327-06ca-4709-bc9d-00013bb621bb,7319bb38-0e1a-42a0-a1a3-c170af371232,,,INV-000891,Invoice for Subscription,overdue,2026-03-17,2026-10-27,2026-06-20T03:34:52.330494,,67590.07,15,10138.51,77728.58,0,77728.58,USD,Thank you for your business!,,2026-05-16T05:30:05.330500,
9ea14a0c-4756-4722-af8f-88f17976f43e,7319bb38-0e1a-42a0-a1a3-c170af371232,e30729cf-d54d-45d2-af32-2147ec725831,eec87d8d-55da-4f1c-8755-d4fce350f4d1,INV-000892,Invoice for Support,sent,2026-05-01,2026-11-19,2026-04-19T06:21:06.330527,,40527.58,20,8105.52,48633.1,0,48633.1,USD,,,2025-12-24T12:46:35.330533,
69f68659-ac04-4eda-a088-4352c8d607df,7319bb38-0e1a-42a0-a1a3-c170af371232,,,INV-000893,Invoice for Products,draft,2025-11-13,2026-12-26,,,35697.33,0,0.0,35697.33,0,35697.33,USD,,,2026-05-12T16:06:35.330562,
3c522c6a-cceb-4820-b2d1-ab57cd8e9007,7319bb38-0e1a-42a0-a1a3-c170af371232,,,INV-000894,Invoice for Products,partial,2026-02-25,2026-08-08,2026-02-23T02:44:50.330587,,55690.88,15,8353.63,64044.51,32022.255,32022.255,USD,Thank you for your business!,,2026-08-05T09:44:55.330593,
adcc019c-7c76-479e-8f92-9cf0b1cc15d4,7319bb38-0e1a-42a0-a1a3-c170af371232,f205cd29-71ee-4f09-9514-f412f5553858,,INV-000895,Invoice for Consulting,paid,2025-09-26,2026-11-29,2026-06-13T16:04:22.330622,2026-08-07T02:35:22.330627,43005.05,20,8601.01,51606.06,51606.06,0,USD,Thank you for your business!,2292a6fb-3366-41a7-81e3-3e8c355e0526,2026-01-27T21:47:48.330634,
d3b76b92-7a21-44d7-9652-84809f0aa432,7319bb38-0e1a-42a0-a1a3-c170af371232,d7667051-f27c-4935-8a87-bbb283f2b554,de300efe-6f42-4241-a009-316d00764fed,INV-000896,Invoice for Subscription,draft,2025-08-28,2027-01-13,,,24891.9,0,0.0,24891.9,0,24891.9,USD,Thank you for your business!,d5a52594-32f9-4db2-bae7-a0da01adb34f,2025-08-21T16:10:31.330664,
4fe9e0ac-6dac-4f8b-9e11-1f575cb84015,7319bb38-0e1a-42a0-a1a3-c170af371232,,,INV-000897,Invoice for Support,partial,2026-07-10,2026-12-01,2026-07-31T16:27:08.330689,,80769.53,0,0.0,80769.53,40384.765,40384.765,USD,,2829163f-33e4-4cd1-a931-91c5435fcc36,2026-03-26T17:50:30.330696,
38508c6b-f39d-4fb8-9381-41593e86b870,7319bb38-0e1a-42a0-a1a3-c170af371232,93f72a47-1481-4630-8ed4-7f698ed5d7dc,,INV-000898,Invoice for Consulting,paid,2025-08-30,2026-09-18,2026-07-12T08:39:22.330722,2026-04-27T04:03:34.330732,44103.03,15,6615.45,50718.48,50718.48,0,USD,,,2026-02-09T16:32:42.330738,
dade89bf-61fe-4ce5-8635-a46afd04a466,7319bb38-0e1a-42a0-a1a3-c170af371232,7f59082d-a45e-456b-8c34-6b7066e096fc,e6460460-c757-4199-868f-60785389d26e,INV-000899,Invoice for Products,viewed,2025-08-20,2026-12-13,2026-04-19T22:11:36.330765,,57548.53,7.5,4316.14,61864.67,0,61864.67,USD,,51134ce1-bd6d-4d66-91bd-31a0dcefa741,2026-06-30T21:26:33.330772,
ba873530-ccfb-450a-b5d5-776775159744,7319bb38-0e1a-42a0-a1a3-c170af371232,,,INV-000900,Invoice for Support,viewed,2025-12-31,2026-10-27,2026-04-11T12:51:12.330801,,30444.7,20,6088.94,36533.64,0,36533.64,USD,Thank you for your business!,,2025-09-14T05:32:02.330807,
43dee03d-a088-46b9-ab07-1b7a661065fb,7319bb38-0e1a-42a0-a1a3-c170af371232,,,INV-000901,Invoice for Support,overdue,2026-03-06,2026-09-13,2026-07-31T15:14:20.330832,,45405.52,20,9081.1,54486.62,0,54486.62,USD,Thank you for your business!,,2026-07-27T01:46:37.330838,
3859b274-d924-478d-96ae-c388cd6c4dee,7319bb38-0e1a-42a0-a1a3-c170af371232,,,INV-000902,Invoice for Consulting,sent,2025-10-19,2026-10-21,2026-03-04T04:32:57.330862,,92757.39,8,7420.59,100177.98,0,100177.98,USD,,,2026-07-24T01:36:08.330868,
ba59651e-821a-4f00-b15d-4e6d1c6624cf,7319bb38-0e1a-42a0-a1a3-c170af371232,167e67f5-9e72-4353-a7dd-b7dae665e431,,INV-000903,Invoice for Services,overdue,2025-10-29,2027-01-25,2026-05-19T14:58:11.330894,,27406.14,20,5481.23,32887.37,0,32887.37,USD,Thank you for your business!,,2025-10-17T18:05:30.330900,
9d292f69-97de-4f8f-a49f-2356abe2fcaa,7319bb38-0e1a-42a0-a1a3-c170af371232,be43b50b-1e96-4fb4-8fb6-bff8c8e5eda7,,INV-000904,Invoice for Support,cancelled,2025-10-28,2026-09-25,2026-02-21T19:24:31.330925,,45251.11,20,9050.22,54301.33,0,54301.33,USD,Thank you for your business!,,2025-10-15T02:31:11.330930,
fb8d3f8c-3e65-4d87-86f5-eea5de4c1300,7319bb38-0e1a-42a0-a1a3-c170af371232,,7cc03d59-c61d-4047-894a-c0e45d07bbef,INV-000905,Invoice for Products,viewed,2026-02-20,2026-10-30,2026-05-17T09:45:39.330957,,80975.75,0,0.0,80975.75,0,80975.75,USD,Thank you for your business!,,2026-03-02T18:23:52.330962,
67b07e7d-3769-4731-9817-de54ac8ff276,7319bb38-0e1a-42a0-a1a3-c170af371232,8d098601-63c9-43ac-867c-b71e1a37c508,49fcbbab-a1e1-4778-9c64-c5216c0821a1,INV-000906,Invoice for Products,viewed,2026-01-26,2026-08-24,2026-03-13T19:08:03.330993,,5598.56,0,0.0,5598.56,0,5598.56,USD,Thank you for your business!,,2025-09-13T05:36:40.330999,
fee92c2d-37af-40ef-9236-0806e39d653f,7319bb38-0e1a-42a0-a1a3-c170af371232,5349a3b7-bb51-4b67-95be-b8a51eb0f525,,INV-000907,Invoice for Services,cancelled,2025-09-17,2026-09-11,2026-04-25T18:24:35.331026,,9380.86,0,0.0,9380.86,0,9380.86,USD,Thank you for your business!,e425fb4a-da55-4cce-8786-f011ada82556,2025-11-12T08:46:00.331032,
636c7430-f164-40f2-8dd0-386321b1c07a,7319bb38-0e1a-42a0-a1a3-c170af371232,,,INV-000908,Invoice for Products,partial,2026-03-26,2027-01-30,2026-02-08T09:13:25.331057,,1168.86,5,58.44,1227.3,613.65,613.65,USD,,,2026-02-01T10:11:44.331063,
91ef6f57-aea7-4f18-b4ae-f9f2c7d95a61,7319bb38-0e1a-42a0-a1a3-c170af371232,2d89cc26-106c-4654-a3b5-a4c02b186c3f,b9ee37a5-2b73-4ffd-867c-16b8103630bd,INV-000909,Invoice for Services,draft,2025-09-07,2026-11-28,,,18603.36,20,3720.67,22324.03,0,22324.03,USD,Thank you for your business!,,2025-09-04T01:40:12.331105,
d3462464-dd4a-475a-8513-f31cae458be7,7319bb38-0e1a-42a0-a1a3-c170af371232,,611a73dc-1032-4ee2-a152-09c26768784f,INV-000910,Invoice for Consulting,paid,2026-01-06,2026-10-13,2026-03-25T12:22:12.331132,2026-06-22T06:53:18.331137,74245.23,8,5939.62,80184.85,80184.85,0,USD,,919501ec-9356-48f4-8318-cd1db299aedd,2026-06-15T23:28:54.331144,
0230d583-1587-403d-91dd-c51404a848d5,7319bb38-0e1a-42a0-a1a3-c170af371232,ac6c7fd9-a4fc-4b4c-b8c6-8049ebf7e9b0,,INV-000911,Invoice for Support,partial,2025-12-08,2026-12-24,2026-03-20T16:59:02.331174,,21005.21,8,1680.42,22685.63,11342.815,11342.815,USD,Thank you for your business!,926f1f36-01bc-40e3-bba8-432fd22f7f97,2025-12-23T00:42:40.331181,
7dd1b163-74ac-41fb-9efe-0352a475a883,7319bb38-0e1a-42a0-a1a3-c170af371232,,,INV-000912,Invoice for Products,overdue,2025-08-23,2027-01-03,2026-08-04T16:46:11.331206,,66715.35,20,13343.07,80058.42,0,80058.42,USD,,,2026-05-23T03:32:06.331212,
499302c5-7947-4fa4-8db3-b04d7cde74bf,7319bb38-0e1a-42a0-a1a3-c170af371232,8e684853-71c0-4464-aa76-6e4b69725ebe,,INV-000913,Invoice for Support,overdue,2025-08-31,2026-11-02,2026-04-19T02:21:56.331238,,50662.28,5,2533.11,53195.39,0,53195.39,USD,,,2026-07-24T02:14:50.331244,
f0b2f14c-d910-4a97-8c80-9cf62b6265a3,7319bb38-0e1a-42a0-a1a3-c170af371232,2a802a06-8eb3-4a27-bc78-acab7f1e5423,83f06350-d1eb-4c7d-9fbe-86368e9f97cf,INV-000914,Invoice for Services,viewed,2026-08-01,2026-11-23,2026-02-05T14:46:56.331271,,56571.92,20,11314.38,67886.3,0,67886.3,USD,Thank you for your business!,dcff5eae-fb1d-4ef7-85f8-b8055f3d5a38,2025-11-02T11:39:57.331278,
ae49d819-41b6-482f-8a8d-07697e913f7b,7319bb38-0e1a-42a0-a1a3-c170af371232,,,INV-000915,Invoice for Subscription,viewed,2026-06-08,2026-10-04,2026-03-04T15:23:47.331307,,20696.49,7.5,1552.24,22248.73,0,22248.73,USD,Thank you for your business!,,2026-05-11T07:32:43.331313,
293f0796-08ea-4a1d-9ca3-7840f99f9266,7319bb38-0e1a-42a0-a1a3-c170af371232,6a2c1362-f436-4a0c-b5be-88ca30d5bf01,00048d53-0d80-47cf-9052-abfc0e4f53a2,INV-000916,Invoice for Services,paid,2026-03-29,2026-08-27,2026-02-10T13:13:53.331344,2026-07-19T00:55:30.331349,64329.83,5,3216.49,67546.32,67546.32,0,USD,Thank you for your business!,,2026-03-16T10:25:26.331355,
276b131e-0558-4246-baa8-272a9aaca698,7319bb38-0e1a-42a0-a1a3-c170af371232,,,INV-000917,Invoice for Services,overdue,2026-07-17,2026-08-29,2026-05-01T03:09:59.331379,,23713.94,5,1185.7,24899.64,0,24899.64,USD,,,2026-07-20T21:22:27.331385,
0f6f9a83-eb4f-4f13-914c-6a30afe16e76,7319bb38-0e1a-42a0-a1a3-c170af371232,d08b9975-49ab-4428-9b80-d27c990e2778,,INV-000918,Invoice for Services,paid,2026-04-07,2026-09-02,2026-02-08T21:15:00.331411,2026-07-12T05:22:59.331417,87716.13,10,8771.61,96487.74,96487.74,0,USD,Thank you for your business!,c11adf14-2d19-4609-87f5-2894ae2b2f09,2026-06-26T17:35:09.331424,
859095c9-4f94-4719-b0ae-48942f9f5fcc,7319bb38-0e1a-42a0-a1a3-c170af371232,,,INV-000919,Invoice for Products,sent,2026-03-26,2027-01-07,2026-04-04T11:12:48.331454,,14318.91,15,2147.84,16466.75,0,16466.75,USD,Thank you for your business!,,2026-03-23T23:39:23.331460,
46b5019e-5b0f-4ca1-95bd-da2e18bc6d5e,7319bb38-0e1a-42a0-a1a3-c170af371232,,,INV-000920,Invoice for Support,partial,2026-03-12,2026-09-17,2026-04-22T03:03:22.331485,,25561.03,8,2044.88,27605.91,13802.955,13802.955,USD,Thank you for your business!,,2026-01-06T11:52:40.331491,
ca594a13-904d-4e67-9425-c800c7ba8786,7319bb38-0e1a-42a0-a1a3-c170af371232,ce605101-366c-4bf9-b649-f9e08c3f4e78,,INV-000921,Invoice for Support,partial,2026-03-01,2027-01-02,2026-07-20T16:37:55.331522,,51857.66,7.5,3889.32,55746.98,27873.49,27873.49,USD,Thank you for your business!,9a71b4f3-6d6a-4a49-964a-477ef289538f,2025-11-19T09:33:01.331529,
7e394b9c-e2f6-4b7c-a889-a59e7195bbec,7319bb38-0e1a-42a0-a1a3-c170af371232,,,INV-000922,Invoice for Support,cancelled,2026-04-14,2027-01-06,2026-06-15T05:59:51.331554,,3078.39,15,461.76,3540.15,0,3540.15,USD,Thank you for your business!,,2026-04-01T17:34:54.331560,
6641d5cf-9dc1-47cf-a950-2c5e6aefc6a3,7319bb38-0e1a-42a0-a1a3-c170af371232,a9c7cbd0-3940-40ac-8633-fa920b2dbdcd,,INV-000923,Invoice for Products,draft,2026-04-03,2026-08-19,,,45360.07,20,9072.01,54432.08,0,54432.08,USD,Thank you for your business!,d388df63-d85d-49e8-a124-0ee5e8034e54,2026-06-26T16:56:44.331588,
95788218-5ec3-47a1-a7b3-01ad77353a32,7319bb38-0e1a-42a0-a1a3-c170af371232,,a22926c4-db25-41f9-b441-34d4af69559b,INV-000924,Invoice for Products,viewed,2026-02-15,2026-11-10,2026-07-21T12:35:34.331614,,74071.29,8,5925.7,79996.99,0,79996.99,USD,,5a28b73f-b3de-49ba-aa5f-979aa1cccfd2,2026-07-27T05:04:27.331621,
61958896-f404-48f3-9cf0-9b25350b62f1,7319bb38-0e1a-42a0-a1a3-c170af371232,ec5bbf20-217e-465d-8e4e-eb1c9ab7fe5f,,INV-000925,Invoice for Services,viewed,2026-03-11,2027-01-03,2026-05-16T02:31:07.331651,,89868.54,10,8986.85,98855.39,0,98855.39,USD,,,2026-05-16T04:22:13.331657,
984d70ab-7d43-4d5b-99ea-b50a1f143860,7319bb38-0e1a-42a0-a1a3-c170af371232,,,INV-000926,Invoice for Services,sent,2025-11-09,2026-10-15,2026-04-22T19:13:11.331682,,98543.51,10,9854.35,108397.86,0,108397.86,USD,,2d294ca3-efe7-40f9-854f-09323d56647d,2026-02-16T15:29:40.331688,
f67689ad-323a-4e27-8844-eb36b1c8c07c,7319bb38-0e1a-42a0-a1a3-c170af371232,,,INV-000927,Invoice for Consulting,paid,2026-05-06,2026-09-26,2026-05-08T13:56:48.331717,2026-06-12T12:44:26.331722,36254.56,20,7250.91,43505.47,43505.47,0,USD,Thank you for your business!,,2026-03-17T09:07:28.331728,
c3d34702-99f4-43af-8e1b-e6b73dd037eb,7319bb38-0e1a-42a0-a1a3-c170af371232,0da54d8f-9c6b-41ea-b526-6c8ef4e68b8d,,INV-000928,Invoice for Services,paid,2026-04-15,2026-11-02,2026-06-07T07:42:55.331814,2026-05-10T08:14:27.331830,97426.63,7.5,7307.0,104733.63,104733.63,0,USD,,,2025-11-15T11:17:22.331837,
d304c27e-5074-4e0e-ac25-038f82854959,7319bb38-0e1a-42a0-a1a3-c170af371232,,,INV-000929,Invoice for Consulting,paid,2026-01-15,2026-10-28,2026-06-17T09:44:53.331874,2026-06-23T18:17:02.331879,80888.78,20,16177.76,97066.54,97066.54,0,USD,,,2026-03-24T08:13:26.331885,
3ac16234-e330-4f4c-8566-0bf1df1cde56,7319bb38-0e1a-42a0-a1a3-c170af371232,95d05fe7-6560-4591-903b-257475b5c377,,INV-000930,Invoice for Support,viewed,2025-11-22,2026-11-14,2026-02-16T00:21:50.331913,,71533.9,0,0.0,71533.9,0,71533.9,USD,,,2026-08-07T11:19:29.331919,
9421ba4b-0c5a-49d2-abce-75b7ca6a1f9b,7319bb38-0e1a-42a0-a1a3-c170af371232,d26f7771-3af8-4a94-b5c2-7f5cd74988b3,cd680f6f-7943-49e7-9131-272d486cad9e,INV-000931,Invoice for Consulting,cancelled,2025-10-09,2027-01-06,2026-02-12T11:03:57.331952,,65817.33,15,9872.6,75689.93,0,75689.93,USD,,27910699-7a65-48c7-a8ae-06ec690e4d1b,2025-08-16T20:13:16.331959,
8202866d-a1c9-4949-8988-5583f284d98f,7319bb38-0e1a-42a0-a1a3-c170af371232,97a6b164-8c7a-46d0-8ced-fec946ddd38b,,INV-000932,Invoice for Subscription,viewed,2025-09-07,2026-12-25,2026-07-17T19:09:15.331989,,37520.12,7.5,2814.01,40334.13,0,40334.13,USD,Thank you for your business!,,2026-04-30T00:46:00.331995,
8a2cec59-7406-4ecb-a8d3-4f52cb6b3edc,7319bb38-0e1a-42a0-a1a3-c170af371232,c6b1e99d-d64b-4138-b316-3a523de25d3f,,INV-000933,Invoice for Subscription,partial,2026-05-15,2026-10-08,2026-04-14T01:16:59.332021,,30537.15,15,4580.57,35117.72,17558.86,17558.86,USD,,,2026-03-13T03:47:08.332027,
91006068-3dd1-41c4-88d1-d97973e63141,7319bb38-0e1a-42a0-a1a3-c170af371232,6bc36b37-143e-481d-bf16-ebc093204bb7,,INV-000934,Invoice for Subscription,viewed,2026-01-18,2027-01-05,2026-03-13T05:27:10.332054,,80119.58,8,6409.57,86529.15,0,86529.15,USD,,,2026-04-21T08:27:56.332060,
f2df99cd-91fc-4e18-9a86-05741c0639ef,7319bb38-0e1a-42a0-a1a3-c170af371232,adff4827-1f9c-48d1-a5d3-e09889b5e636,36f73f44-9498-4d0c-84da-d57b3aeaa848,INV-000935,Invoice for Consulting,paid,2025-11-16,2026-09-18,2026-04-09T23:03:00.332087,2026-07-19T07:34:00.332092,71691.38,8,5735.31,77426.69,77426.69,0,USD,,,2025-11-02T05:01:10.332098,
8f09e436-19f1-4380-8395-10398c961524,7319bb38-0e1a-42a0-a1a3-c170af371232,,,INV-000936,Invoice for Consulting,viewed,2025-09-10,2026-08-24,2026-03-24T20:53:30.332123,,49405.31,8,3952.42,53357.73,0,53357.73,USD,Thank you for your business!,,2026-03-22T20:00:52.332129,
ae49a319-76be-4608-a7a4-f794bf58fee1,7319bb38-0e1a-42a0-a1a3-c170af371232,,,INV-000937,Invoice for Support,draft,2026-07-17,2026-12-20,,,46769.04,15,7015.36,53784.4,0,53784.4,USD,Thank you for your business!,,2025-09-13T02:17:46.332159,
0c058dec-ab8c-4fe3-9b81-c771fd503e02,7319bb38-0e1a-42a0-a1a3-c170af371232,8766c127-5bf8-452b-961f-da4a8928f1dc,df74b84a-7dee-476f-b308-e9e76fb40d25,INV-000938,Invoice for Support,sent,2025-12-26,2027-01-21,2026-05-17T08:47:44.332187,,4909.99,10,491.0,5400.99,0,5400.99,USD,Thank you for your business!,,2025-08-26T12:08:08.332193,
0d94d383-16ad-4e5d-a651-0f05940b3019,7319bb38-0e1a-42a0-a1a3-c170af371232,,,INV-000939,Invoice for Subscription,overdue,2025-10-21,2026-09-04,2026-06-02T18:24:38.332218,,34945.43,8,2795.63,37741.06,0,37741.06,USD,Thank you for your business!,b9a81227-2211-4831-b17d-1ff9949a7761,2025-12-12T00:59:18.332226,
d25e9249-3887-4d21-b1d4-4e7138121a2d,7319bb38-0e1a-42a0-a1a3-c170af371232,,,INV-000940,Invoice for Services,draft,2026-01-12,2026-09-06,,,88033.75,20,17606.75,105640.5,0,105640.5,USD,,,2025-12-17T07:15:24.332252,
ea9326db-0b36-4342-b5ff-23e7ac42c964,7319bb38-0e1a-42a0-a1a3-c170af371232,d4c5faf8-dbc0-4b87-ad3a-1a3a57f1cb59,,INV-000941,Invoice for Products,sent,2025-10-10,2027-01-22,2026-06-07T21:41:26.332286,,92130.52,10,9213.05,101343.57,0,101343.57,USD,Thank you for your business!,,2026-05-13T17:12:47.332292,
3816282e-310d-4223-ada2-ed50cac92513,7319bb38-0e1a-42a0-a1a3-c170af371232,e2dfc4de-aa65-40a1-b495-45050c601494,391dab62-9faf-4cbc-acab-51a6ca1bf78d,INV-000942,Invoice for Consulting,sent,2026-05-11,2026-09-21,2026-02-27T02:49:35.332324,,6144.66,7.5,460.85,6605.51,0,6605.51,USD,Thank you for your business!,,2026-04-30T15:45:21.332330,
8a1ec3bf-206a-4963-99d1-c165f28f81d5,7319bb38-0e1a-42a0-a1a3-c170af371232,9c765199-20b2-4caf-ad50-72a90aa0c958,,INV-000943,Invoice for Services,cancelled,2025-10-28,2026-10-07,2026-04-06T02:24:20.332356,,75575.11,7.5,5668.13,81243.24,0,81243.24,USD,,,2026-07-15T05:02:48.332362,
2ce52c55-30c6-4bdd-80cd-cd3db691e541,7319bb38-0e1a-42a0-a1a3-c170af371232,,20a79fcd-4c30-422e-9efd-19bde2d9f8d4,INV-000944,Invoice for Support,viewed,2026-04-16,2026-08-19,2026-03-05T14:13:39.332388,,74984.6,20,14996.92,89981.52,0,89981.52,USD,Thank you for your business!,,2025-12-26T17:03:48.332394,
8f3c8d52-8100-46ab-8217-a45b170c46e1,7319bb38-0e1a-42a0-a1a3-c170af371232,,,INV-000945,Invoice for Consulting,cancelled,2026-02-14,2026-12-14,2026-02-10T12:55:02.332419,,2299.06,10,229.91,2528.97,0,2528.97,USD,Thank you for your business!,,2026-03-14T15:31:02.332425,
3ded26fb-2d2e-4165-b270-8bd885775d7f,7319bb38-0e1a-42a0-a1a3-c170af371232,a8f7803e-88f3-4834-854f-dfd3291e5172,abdaeddd-7a95-4663-b854-869042cb51f0,INV-000946,Invoice for Support,draft,2026-03-05,2027-01-10,,,82783.16,0,0.0,82783.16,0,82783.16,USD,Thank you for your business!,,2026-06-30T06:11:56.332460,
49bf047e-9179-4131-bf4c-c87a91986141,7319bb38-0e1a-42a0-a1a3-c170af371232,bf981263-e334-4d10-b274-b7a09c587595,,INV-000947,Invoice for Consulting,cancelled,2025-11-09,2027-02-01,2026-06-30T18:02:01.332492,,34277.05,10,3427.7,37704.75,0,37704.75,USD,Thank you for your business!,,2026-03-22T02:14:15.332498,
945da882-ba52-4aeb-aca0-b0ca65bb44ea,7319bb38-0e1a-42a0-a1a3-c170af371232,c90e5b8d-bfde-401d-91f5-51da25149fb7,e222e117-55d9-437b-94c3-3db41f09400b,INV-000948,Invoice for Consulting,paid,2025-09-27,2026-12-11,2026-03-02T14:33:22.332526,2026-05-04T04:28:32.332531,17217.26,8,1377.38,18594.64,18594.64,0,USD,,,2026-01-01T23:02:48.332541,
c0426733-e9a7-4ff6-85eb-2e91921406d7,7319bb38-0e1a-42a0-a1a3-c170af371232,,,INV-000949,Invoice for Subscription,overdue,2026-02-14,2026-11-20,2026-05-22T04:51:38.332567,,79655.87,0,0.0,79655.87,0,79655.87,USD,,,2026-07-08T06:17:41.332573,
c4cc31c6-f401-46b4-9933-9fc24f1ec4fc,7319bb38-0e1a-42a0-a1a3-c170af371232,,c6bc0a13-c0f0-48ea-879b-adac924a6d2b,INV-000950,Invoice for Services,overdue,2025-12-17,2027-01-24,2026-06-24T18:39:15.332599,,24634.87,7.5,1847.62,26482.49,0,26482.49,USD,,,2026-01-23T10:08:15.332605,
f6af51d3-e481-4f0a-8fde-b426465a0a31,7319bb38-0e1a-42a0-a1a3-c170af371232,,8d370a79-497f-4194-a461-de8aea74ee7b,INV-000951,Invoice for Support,overdue,2026-05-05,2027-01-22,2026-04-03T14:11:01.332635,,95991.34,20,19198.27,115189.61,0,115189.61,USD,,4a700889-195a-4e64-a1b8-b19c7da5d482,2026-04-30T12:32:32.332641,
f3b50a63-784f-4ff0-b617-a06a2662d1fe,7319bb38-0e1a-42a0-a1a3-c170af371232,,de300efe-6f42-4241-a009-316d00764fed,INV-000952,Invoice for Services,paid,2026-01-26,2026-09-20,2026-05-20T18:55:37.332667,2026-05-31T15:15:09.332673,63651.9,8,5092.15,68744.05,68744.05,0,USD,,,2025-10-27T16:01:34.332678,
28218acf-62c3-4b6e-9b5f-83a3766197b6,7319bb38-0e1a-42a0-a1a3-c170af371232,897d419a-71a7-4da6-bf30-5d100eaf85ad,,INV-000953,Invoice for Subscription,sent,2025-11-02,2026-12-31,2026-07-13T23:14:28.332709,,15891.67,8,1271.33,17163.0,0,17163.0,USD,Thank you for your business!,,2026-08-02T11:45:57.332715,
fa29c17d-c42a-4911-ac16-d670e546b562,7319bb38-0e1a-42a0-a1a3-c170af371232,,,INV-000954,Invoice for Products,draft,2025-11-28,2027-01-07,,,25684.86,8,2054.79,27739.65,0,27739.65,USD,,488aef0f-a6f9-4a5a-9dad-fda36cc6c1ef,2025-09-19T11:21:44.332742,
520a235b-8d3b-4a31-912a-91e8bdabcb31,7319bb38-0e1a-42a0-a1a3-c170af371232,60de69b0-e36a-4870-8055-3c7e23e949db,a22926c4-db25-41f9-b441-34d4af69559b,INV-000955,Invoice for Services,draft,2026-06-24,2026-08-31,,,61569.52,5,3078.48,64648.0,0,64648.0,USD,Thank you for your business!,,2026-04-03T06:48:21.332770,
953af0a4-e13f-431c-bb4c-ceb7d8e2a4bd,7319bb38-0e1a-42a0-a1a3-c170af371232,c002da58-ec3c-4cfd-8b22-a51c41ee6ae5,3297cf90-f282-4e3b-92a8-1486947ea316,INV-000956,Invoice for Products,paid,2025-10-31,2026-08-31,2026-07-08T02:30:24.332800,2026-06-25T08:56:54.332806,65812.35,15,9871.85,75684.2,75684.2,0,USD,Thank you for your business!,,2025-08-26T02:42:24.332811,
e15c5bd3-2876-4e72-97e6-4bb1afa116a2,7319bb38-0e1a-42a0-a1a3-c170af371232,,,INV-000957,Invoice for Consulting,paid,2025-11-29,2026-09-27,2026-06-16T11:09:07.332837,2026-04-25T01:36:16.332842,42386.04,5,2119.3,44505.34,44505.34,0,USD,Thank you for your business!,,2025-12-25T23:31:49.332848,
98188633-8a06-4c9f-8512-2df861919e52,7319bb38-0e1a-42a0-a1a3-c170af371232,,,INV-000958,Invoice for Subscription,draft,2025-11-24,2026-09-06,,,32426.97,0,0.0,32426.97,0,32426.97,USD,Thank you for your business!,,2026-05-15T14:42:31.332890,
9d285419-49a5-4685-8110-94057cf1ce30,7319bb38-0e1a-42a0-a1a3-c170af371232,,e1314932-d291-4995-ad24-d29644d18363,INV-000959,Invoice for Consulting,draft,2026-01-03,2026-12-01,,,92150.99,15,13822.65,105973.64,0,105973.64,USD,Thank you for your business!,,2025-12-16T09:14:28.332917,
cb392be6-029c-4467-a38a-018afa908e40,7319bb38-0e1a-42a0-a1a3-c170af371232,411506d8-b58f-4169-bc53-53d9174ffe17,,INV-000960,Invoice for Consulting,overdue,2026-05-18,2026-09-19,2026-06-11T01:58:31.332943,,94928.84,5,4746.44,99675.28,0,99675.28,USD,Thank you for your business!,,2026-07-20T12:41:34.332949,
879fa161-abf0-429f-bda3-9b8dad620ef8,7319bb38-0e1a-42a0-a1a3-c170af371232,29d044e3-ea7d-4e32-83f1-63e61ce8be63,,INV-000961,Invoice for Products,sent,2026-08-05,2027-01-13,2026-04-06T04:13:11.332975,,49118.15,8,3929.45,53047.6,0,53047.6,USD,Thank you for your business!,,2025-12-06T05:10:52.332981,
57968017-fe19-4abb-adee-5d6b8b36ec2d,7319bb38-0e1a-42a0-a1a3-c170af371232,73851801-38e5-49fb-b2c4-af354ab71ba6,,INV-000962,Invoice for Products,overdue,2025-08-28,2027-01-02,2026-06-29T16:10:19.333008,,93176.0,10,9317.6,102493.6,0,102493.6,USD,Thank you for your business!,,2025-08-21T20:30:52.333014,
91368ae9-ce6a-4e6d-8327-08b01a7c09fe,7319bb38-0e1a-42a0-a1a3-c170af371232,,9f5eaa71-cee0-4500-af4b-66b312c4e823,INV-000963,Invoice for Support,sent,2025-11-10,2027-01-12,2026-06-21T20:04:38.333043,,74138.93,8,5931.11,80070.04,0,80070.04,USD,Thank you for your business!,,2026-04-26T00:53:20.333049,
2f7366db-c10d-4de7-998d-6dddf7e37365,7319bb38-0e1a-42a0-a1a3-c170af371232,65bc49f1-b86b-46eb-877e-97473c7a4da2,e1314932-d291-4995-ad24-d29644d18363,INV-000964,Invoice for Support,overdue,2026-04-04,2027-01-09,2026-06-04T14:35:14.333076,,90881.36,7.5,6816.1,97697.46,0,97697.46,USD,,,2026-01-29T14:24:07.333082,
95f40197-4869-421a-989e-7e06df535330,7319bb38-0e1a-42a0-a1a3-c170af371232,,,INV-000965,Invoice for Subscription,cancelled,2026-01-27,2026-09-18,2026-02-27T08:57:55.333108,,68351.72,0,0.0,68351.72,0,68351.72,USD,,71cdc77b-1920-4f54-a156-094eb3fe3710,2025-11-15T19:37:50.333119,
37f58730-d762-4715-a94a-d39b9b0f6224,7319bb38-0e1a-42a0-a1a3-c170af371232,,,INV-000966,Invoice for Support,sent,2026-02-09,2027-01-30,2026-07-15T13:17:43.333146,,44289.16,7.5,3321.69,47610.85,0,47610.85,USD,,,2026-05-15T04:13:17.333151,
7e66e6f3-1d23-4936-ac69-781cbe89f510,7319bb38-0e1a-42a0-a1a3-c170af371232,,216d22e8-f791-4f14-9a90-6d6bdfa534f1,INV-000967,Invoice for Support,partial,2025-11-23,2026-12-21,2026-08-01T02:56:26.333177,,51397.03,20,10279.41,61676.44,30838.22,30838.22,USD,Thank you for your business!,,2026-05-07T16:28:15.333183,
3edb1d31-9e04-4549-823e-787cb1e163ea,7319bb38-0e1a-42a0-a1a3-c170af371232,9f69e2fc-f97d-4b4a-944b-cb34a02612cc,,INV-000968,Invoice for Consulting,overdue,2025-11-07,2026-11-26,2026-06-17T07:37:09.333214,,23500.66,8,1880.05,25380.71,0,25380.71,USD,Thank you for your business!,,2026-05-07T19:08:18.333220,
2a3b69de-d6e9-4e0d-80e6-d3f06a2288e9,7319bb38-0e1a-42a0-a1a3-c170af371232,34d13ece-8061-4142-9a1e-eec007e74229,,INV-000969,Invoice for Consulting,partial,2026-07-27,2027-01-22,2026-07-11T05:07:03.333246,,80401.78,20,16080.36,96482.14,48241.07,48241.07,USD,Thank you for your business!,,2026-08-01T00:14:22.333252,
14e61a31-1ab4-45a0-8262-6c38b745634e,7319bb38-0e1a-42a0-a1a3-c170af371232,,,INV-000970,Invoice for Products,draft,2026-06-09,2026-10-21,,,64598.03,8,5167.84,69765.87,0,69765.87,USD,Thank you for your business!,86d8a0a9-673f-4c43-8ebc-1a3403b4639e,2025-12-25T02:09:27.333283,
bb6b1ab1-9875-4a35-8615-7226319ca417,7319bb38-0e1a-42a0-a1a3-c170af371232,,,INV-000971,Invoice for Services,paid,2026-06-05,2026-12-17,2026-03-01T00:16:05.333308,2026-07-03T01:15:38.333314,53672.65,20,10734.53,64407.18,64407.18,0,USD,Thank you for your business!,,2026-06-07T22:54:18.333319,
b4f6fcfb-3885-404d-b539-beac0a6652d5,7319bb38-0e1a-42a0-a1a3-c170af371232,1acd00f4-2f0e-4219-a416-6aa27519c68f,,INV-000972,Invoice for Consulting,cancelled,2026-07-20,2026-09-26,2026-07-04T06:46:43.333351,,96288.63,0,0.0,96288.63,0,96288.63,USD,,,2026-06-07T08:09:04.333357,
5e0cdaf1-79c4-4aa7-a951-7997c1db4c10,7319bb38-0e1a-42a0-a1a3-c170af371232,,c2460213-ba65-4713-b701-7b3ab3e20f2d,INV-000973,Invoice for Services,draft,2026-05-18,2026-10-11,,,34876.4,20,6975.28,41851.68,0,41851.68,USD,,,2026-06-09T01:26:48.333384,
37d48848-93be-4d04-9cc7-d456c4c3cace,7319bb38-0e1a-42a0-a1a3-c170af371232,e3771b88-3199-4d5a-bbdd-06a71eafa82a,6a0c063e-84a3-4fbb-8916-2024a5dc1239,INV-000974,Invoice for Consulting,cancelled,2025-08-21,2026-11-03,2026-07-19T11:07:52.333425,,2523.6,5,126.18,2649.78,0,2649.78,USD,Thank you for your business!,,2025-12-18T16:42:40.333430,
127fd36b-a034-4f48-b99b-d855275fbf5f,7319bb38-0e1a-42a0-a1a3-c170af371232,c2d2b30f-0ae2-46f2-9ba3-89b3fbd290ed,,INV-000975,Invoice for Support,sent,2026-06-17,2026-09-10,2026-07-04T15:55:03.333464,,50721.67,15,7608.25,58329.92,0,58329.92,USD,Thank you for your business!,91cd413c-bfbc-429e-9ce9-d2b2061bed35,2026-05-18T14:04:04.333471,
183f871a-d896-4d70-8fe2-735ec2d9be78,7319bb38-0e1a-42a0-a1a3-c170af371232,,,INV-000976,Invoice for Consulting,draft,2026-05-12,2026-08-18,,,53247.18,8,4259.77,57506.95,0,57506.95,USD,,,2025-12-20T07:15:48.333497,
fea7d286-3582-41b6-a6ac-997c38e5fd76,7319bb38-0e1a-42a0-a1a3-c170af371232,,9ac707c7-74b1-4841-8a83-35effa9130b3,INV-000977,Invoice for Consulting,paid,2025-09-12,2027-01-25,2026-07-14T13:08:58.333523,2026-06-04T23:08:44.333529,19581.72,0,0.0,19581.72,19581.72,0,USD,Thank you for your business!,,2026-06-28T03:52:22.333535,
f3a6aa91-599d-4cae-94cd-91947554880c,7319bb38-0e1a-42a0-a1a3-c170af371232,5560722e-c042-485c-b6b0-12de0ee4ba8d,,INV-000978,Invoice for Subscription,viewed,2026-03-16,2027-01-16,2026-03-22T17:52:26.333562,,29307.39,5,1465.37,30772.76,0,30772.76,USD,,9a747dce-986b-4c26-89aa-2d2a14d83946,2025-10-02T00:20:54.333569,
c4a9d21c-030a-4ac7-8f76-f943e6b334d1,7319bb38-0e1a-42a0-a1a3-c170af371232,,,INV-000979,Invoice for Products,overdue,2025-12-08,2026-10-29,2026-06-01T11:03:17.333594,,59626.67,5,2981.33,62608.0,0,62608.0,USD,,,2026-01-17T15:37:09.333600,
f6e75635-ed55-49f0-9b0b-849e70a1f8a8,7319bb38-0e1a-42a0-a1a3-c170af371232,,6e3a0d47-8b18-42b8-bd55-e047f9daf4f4,INV-000980,Invoice for Services,partial,2026-01-05,2027-01-15,2026-06-27T02:09:51.333627,,73318.02,10,7331.8,80649.82,40324.91,40324.91,USD,,,2025-10-27T04:50:20.333633,
ae66179c-a721-414b-a8f3-52c98ef30072,7319bb38-0e1a-42a0-a1a3-c170af371232,f3ce06ae-2566-4f09-a809-2c94137249e0,,INV-000981,Invoice for Products,viewed,2026-07-23,2026-09-19,2026-03-04T20:25:20.333660,,71772.33,15,10765.85,82538.18,0,82538.18,USD,,60ff5fea-cdd1-477f-8801-15bae35d3e81,2025-10-14T09:07:56.333667,
dc182b6c-b492-4dee-80db-e999e79e41d5,7319bb38-0e1a-42a0-a1a3-c170af371232,3c57fa86-8913-4e79-bf6d-1f450cf149bf,56351de4-2ee1-4bd1-be46-b4b502db900c,INV-000982,Invoice for Subscription,cancelled,2026-05-23,2026-08-17,2026-06-26T10:01:59.333696,,78095.62,5,3904.78,82000.4,0,82000.4,USD,,6ef6cdb8-3fdb-42a0-a56f-df7bf5b86119,2026-02-05T23:37:03.333703,
706bd589-312c-42e4-9414-e75608f4e574,7319bb38-0e1a-42a0-a1a3-c170af371232,70510f2e-4b45-4eb3-9af9-54d499b679f9,756c1661-3e19-48e0-a925-97cc05d4200f,INV-000983,Invoice for Consulting,cancelled,2026-05-19,2026-11-04,2026-05-03T22:11:20.333735,,16392.91,20,3278.58,19671.49,0,19671.49,USD,,,2026-07-17T22:44:33.333741,
9ab5c1e1-910b-4dd8-9a8a-e1da5d1e4dcf,7319bb38-0e1a-42a0-a1a3-c170af371232,,,INV-000984,Invoice for Consulting,sent,2025-08-19,2026-10-24,2026-02-08T01:55:32.333768,,82147.21,0,0.0,82147.21,0,82147.21,USD,,70d67e25-5694-49e6-a688-c5e096ae7d52,2026-05-14T22:23:30.333775,
b4151d5e-88ff-416e-9a72-d69f75a540b1,7319bb38-0e1a-42a0-a1a3-c170af371232,,,INV-000985,Invoice for Consulting,overdue,2026-06-09,2027-01-21,2026-06-30T11:12:43.333801,,52939.82,10,5293.98,58233.8,0,58233.8,USD,,f6d0a431-dda3-4b1f-9621-9f59e3dfbc58,2025-10-10T12:11:01.333808,
c0024207-1ecd-4e24-a99d-60cf0682f3e6,7319bb38-0e1a-42a0-a1a3-c170af371232,,eec87d8d-55da-4f1c-8755-d4fce350f4d1,INV-000986,Invoice for Support,cancelled,2026-08-04,2026-11-26,2026-05-10T23:12:35.333836,,85834.51,15,12875.18,98709.69,0,98709.69,USD,,b66427cc-6ea7-44eb-9e06-04cd4f050999,2026-04-23T10:55:09.333843,
d01cd8a9-62e8-4e64-82db-f6472f032a46,7319bb38-0e1a-42a0-a1a3-c170af371232,2cfb17cf-fde8-4a11-adb8-1ed09d8e9a55,c6bc0a13-c0f0-48ea-879b-adac924a6d2b,INV-000987,Invoice for Consulting,viewed,2026-03-24,2026-10-08,2026-03-10T16:21:44.333876,,45370.5,20,9074.1,54444.6,0,54444.6,USD,,7fd26f0e-deea-4f86-b405-1f6d8262f8e6,2025-10-08T22:17:25.333882,
758bfc16-531d-47fb-a1ec-ab2e079857b2,7319bb38-0e1a-42a0-a1a3-c170af371232,a2842743-5a4a-4d97-b0bf-25830d3278b2,,INV-000988,Invoice for Subscription,paid,2025-11-10,2027-01-11,2026-07-12T18:44:49.333913,2026-04-30T21:57:31.333918,84491.15,0,0.0,84491.15,84491.15,0,USD,,b9a81227-2211-4831-b17d-1ff9949a7761,2026-08-01T14:10:51.333925,
7601b1d7-9b5e-4d8e-843e-71edf37758c9,7319bb38-0e1a-42a0-a1a3-c170af371232,6167e67a-b85e-43f7-a455-63ed54c9e235,9995af27-9726-4781-8a4c-232f305ad00a,INV-000989,Invoice for Support,sent,2026-02-08,2026-11-11,2026-03-22T10:18:16.333954,,67528.48,20,13505.7,81034.18,0,81034.18,USD,Thank you for your business!,ad817176-2ea8-4932-bba9-ea077622a2b5,2026-04-20T22:09:43.333962,
7b30ffb1-a978-4fe1-8e45-3c8a7fdb3c15,7319bb38-0e1a-42a0-a1a3-c170af371232,800691ac-ead1-4bd5-8ee3-cc79d8927579,,INV-000990,Invoice for Support,cancelled,2025-08-30,2026-10-01,2026-05-07T03:03:59.333990,,83565.3,5,4178.27,87743.57,0,87743.57,USD,Thank you for your business!,,2026-07-04T16:42:48.333996,
63eb2782-d9ee-40cd-8856-f62202edf831,7319bb38-0e1a-42a0-a1a3-c170af371232,fd314282-bc07-407d-8ece-2129b99e464d,,INV-000991,Invoice for Consulting,partial,2026-04-08,2027-02-02,2026-04-06T19:18:41.334023,,11037.32,5,551.87,11589.19,5794.595,5794.595,USD,Thank you for your business!,,2026-07-12T07:19:19.334029,
aacee6ab-50e2-4be5-8c28-078feff3ccec,7319bb38-0e1a-42a0-a1a3-c170af371232,,,INV-000992,Invoice for Products,cancelled,2026-01-15,2026-10-02,2026-05-01T09:38:59.334060,,45811.47,0,0.0,45811.47,0,45811.47,USD,,,2026-05-21T07:37:11.334066,
e317e4d4-d24b-4374-b65e-9003ea2d6040,7319bb38-0e1a-42a0-a1a3-c170af371232,,,INV-000993,Invoice for Services,overdue,2026-02-02,2026-12-10,2026-04-09T07:56:13.334091,,54367.53,20,10873.51,65241.04,0,65241.04,USD,,,2026-07-21T05:45:02.334097,
7d5ec82d-848c-4f7e-9f35-1e3733da5618,7319bb38-0e1a-42a0-a1a3-c170af371232,,756c1661-3e19-48e0-a925-97cc05d4200f,INV-000994,Invoice for Services,sent,2025-10-02,2027-01-07,2026-06-03T06:54:00.334128,,47125.5,7.5,3534.41,50659.91,0,50659.91,USD,,,2026-03-02T13:39:55.334134,
fa82f6e2-1ba2-4ea8-b1d5-db751e0df023,7319bb38-0e1a-42a0-a1a3-c170af371232,6d89adc2-a6aa-4b71-965a-26a25d3ad48e,,INV-000995,Invoice for Services,cancelled,2026-02-13,2027-01-27,2026-07-18T15:09:02.334161,,34100.66,10,3410.07,37510.73,0,37510.73,USD,Thank you for your business!,,2026-06-09T23:41:01.334167,
7dbc6e8f-86d5-4158-aeeb-6a96beb3db17,7319bb38-0e1a-42a0-a1a3-c170af371232,6aab92db-7904-4c50-8cd3-46e7f3cd26f1,,INV-000996,Invoice for Support,draft,2025-12-24,2026-12-28,,,90779.51,8,7262.36,98041.87,0,98041.87,USD,Thank you for your business!,,2025-08-12T04:01:23.334195,
41f9069c-a1d1-402a-8f7e-2013ee94afe1,7319bb38-0e1a-42a0-a1a3-c170af371232,49492b64-965a-4d70-b0aa-d241af5e829c,,INV-000997,Invoice for Subscription,overdue,2026-04-17,2026-11-24,2026-02-25T11:47:51.334227,,34456.63,7.5,2584.25,37040.88,0,37040.88,USD,,,2026-05-27T22:53:09.334232,
d17ebea2-543d-4da6-9c77-58dc5dbe9224,7319bb38-0e1a-42a0-a1a3-c170af371232,a5a15823-df4a-451e-b461-1f2f6847342b,,INV-000998,Invoice for Subscription,partial,2026-01-06,2026-08-16,2026-06-08T02:25:01.334260,,38659.4,20,7731.88,46391.28,23195.64,23195.64,USD,Thank you for your business!,,2025-10-08T23:25:02.334266,
b2467e18-49db-4a6e-9f06-7ffd2954952b,7319bb38-0e1a-42a0-a1a3-c170af371232,ec05d20b-b361-4782-835e-739a3b704d54,,INV-000999,Invoice for Services,paid,2026-06-17,2027-01-13,2026-03-08T16:56:34.334294,2026-05-08T22:30:46.334300,38423.79,7.5,2881.78,41305.57,41305.57,0,USD,Thank you for your business!,,2026-06-27T15:50:29.334309,
f6a1bc30-5e7f-46ec-b91a-8377c4ca9fda,7319bb38-0e1a-42a0-a1a3-c170af371232,,b9ab76b5-9fc6-463c-8a6f-589448ae5992,INV-001000,Invoice for Subscription,overdue,2026-03-30,2026-12-03,2026-03-23T00:28:00.334337,,58001.29,7.5,4350.1,62351.39,0,62351.39,USD,,,2026-05-27T23:09:58.334343,
9a63fa10-82f6-425a-b519-3fdf99ae341b,7319bb38-0e1a-42a0-a1a3-c170af371232,83c78f9f-93af-42b1-983f-b7d3391f3957,,INV-001001,Invoice for Consulting,overdue,2025-12-22,2027-02-03,2026-03-20T15:48:27.334370,,94601.99,7.5,7095.15,101697.14,0,101697.14,USD,,,2026-07-17T03:54:38.334376,
e77b46ad-e1f6-4876-9311-41733f19c386,7319bb38-0e1a-42a0-a1a3-c170af371232,a31ee5e1-de4c-490f-9358-a9d8bdd24dfe,,INV-001002,Invoice for Subscription,partial,2025-09-16,2027-01-26,2026-06-23T14:37:28.334402,,85452.82,15,12817.92,98270.74,49135.37,49135.37,USD,,,2026-01-22T02:35:50.334408,
1bffbdbf-dbf4-43fa-b2b2-1c8b7e5b2d07,7319bb38-0e1a-42a0-a1a3-c170af371232,4bd831ca-3eeb-4002-afd3-58e982c225c9,,INV-001003,Invoice for Consulting,draft,2025-09-12,2026-12-29,,,20506.69,15,3076.0,23582.69,0,23582.69,USD,,,2026-03-12T17:42:14.334440,
9df3b223-9226-427c-a90c-6184d239e6f3,7319bb38-0e1a-42a0-a1a3-c170af371232,3fc484de-e83b-4117-ab67-7a4540f04862,0dd6bfad-e89d-4eb2-ace6-d04f9d3e8bce,INV-001004,Invoice for Consulting,paid,2026-02-27,2026-09-15,2026-06-25T22:59:29.334479,2026-04-28T01:34:08.334484,54247.68,5,2712.38,56960.06,56960.06,0,USD,,6ff922ef-6975-4b9a-a171-301073650b97,2026-01-23T16:31:03.334491,
80e105d8-19fb-45b0-a4dd-7c109ca2f570,7319bb38-0e1a-42a0-a1a3-c170af371232,897d419a-71a7-4da6-bf30-5d100eaf85ad,,INV-001005,Invoice for Services,draft,2025-10-11,2026-11-22,,,54790.07,5,2739.5,57529.57,0,57529.57,USD,Thank you for your business!,,2025-12-23T23:00:42.334520,
f7b2ea3f-97fa-4646-895e-f8ddfbd312b0,7319bb38-0e1a-42a0-a1a3-c170af371232,4dec8595-2906-45f2-b6f8-73f68f4fdc2c,28615c98-bd70-494f-b3d7-4eea6dee4878,INV-001006,Invoice for Services,paid,2025-09-28,2026-11-28,2026-07-12T18:28:22.334547,2026-05-18T16:20:22.334553,72867.55,8,5829.4,78696.95,78696.95,0,USD,,,2025-11-11T00:22:04.334559,
1dfb7485-de3b-497e-b8b6-98e2227f8532,7319bb38-0e1a-42a0-a1a3-c170af371232,6c6126d9-c2b2-41ab-b0d4-0d48c5185eae,3eae27b4-6f17-4db2-8422-90f31dcf4ed3,INV-001007,Invoice for Consulting,cancelled,2026-04-08,2027-01-02,2026-06-03T22:26:21.334587,,31066.93,7.5,2330.02,33396.95,0,33396.95,USD,,1e870680-8dd1-4871-9f24-776394923b01,2025-09-22T19:36:30.334594,
f91da66c-1828-4461-af99-a95ed9427693,7319bb38-0e1a-42a0-a1a3-c170af371232,,,INV-001008,Invoice for Services,cancelled,2025-12-01,2026-08-09,2026-03-09T16:12:53.334624,,95697.28,0,0.0,95697.28,0,95697.28,USD,Thank you for your business!,,2025-12-17T17:29:11.334630,
1e5c2ce3-b04e-4a1a-bed0-9b61f43c8f2b,7319bb38-0e1a-42a0-a1a3-c170af371232,b07795dc-711f-42e5-9717-8a0ee5baac2e,,INV-001009,Invoice for Services,paid,2026-06-26,2027-01-15,2026-06-21T01:28:50.334661,2026-07-29T11:15:32.334667,78599.15,8,6287.93,84887.08,84887.08,0,USD,Thank you for your business!,,2025-08-20T01:50:22.334673,
7a9cabc9-6748-44bd-a332-682dee41b58e,7319bb38-0e1a-42a0-a1a3-c170af371232,1a07f223-60c6-4782-b1be-ca9e63076872,,INV-001010,Invoice for Services,overdue,2026-07-26,2026-10-28,2026-07-10T15:26:08.334703,,6503.52,8,520.28,7023.8,0,7023.8,USD,,,2026-06-08T20:48:54.334709,
38727744-9104-4f41-a9c2-8b05e9f77ca5,7319bb38-0e1a-42a0-a1a3-c170af371232,437aa1a4-69d6-493b-9ade-0e362b9cfebe,,INV-001011,Invoice for Products,sent,2026-06-29,2026-12-20,2026-04-17T05:07:09.334738,,54861.03,8,4388.88,59249.91,0,59249.91,USD,,,2025-08-25T23:08:43.334744,
bed99d0e-7585-475d-86d7-9301a56ba728,7319bb38-0e1a-42a0-a1a3-c170af371232,,84c4c92c-7fcb-4919-ae88-8729facac8ff,INV-001012,Invoice for Support,paid,2026-07-22,2027-01-30,2026-06-01T06:40:33.334772,2026-06-18T15:00:47.334778,61378.24,0,0.0,61378.24,61378.24,0,USD,,,2026-04-05T09:41:36.334784,
c4033832-0b41-4798-a8e5-bee959fdbfbf,7319bb38-0e1a-42a0-a1a3-c170af371232,,,INV-001013,Invoice for Products,sent,2025-08-06,2026-12-25,2026-07-05T01:01:23.334816,,56641.56,5,2832.08,59473.64,0,59473.64,USD,Thank you for your business!,e7287fae-a404-4fbd-9047-60ab69f96360,2026-01-04T03:35:54.334822,
31959a1f-be30-43c1-8d48-da682800bd90,7319bb38-0e1a-42a0-a1a3-c170af371232,,,INV-001014,Invoice for Subscription,draft,2026-06-11,2027-01-08,,,57895.76,20,11579.15,69474.91,0,69474.91,USD,,,2026-01-02T14:08:51.334849,
02065e65-b5c2-4ebc-90e1-5cdce26a4756,7319bb38-0e1a-42a0-a1a3-c170af371232,,,INV-001015,Invoice for Products,viewed,2026-07-21,2026-12-10,2026-07-12T09:52:24.334875,,8273.4,15,1241.01,9514.41,0,9514.41,USD,,66ffdf8f-e79e-44fa-bd6b-aa22658e751f,2025-12-04T08:16:45.334882,
140b74cc-f5f1-41ed-8d2c-e5f94faca60c,7319bb38-0e1a-42a0-a1a3-c170af371232,9ed9d126-0579-46ce-83ef-701726307e35,,INV-001016,Invoice for Support,partial,2026-04-10,2026-12-29,2026-06-12T06:31:20.334909,,12225.41,0,0.0,12225.41,6112.705,6112.705,USD,Thank you for your business!,,2026-02-15T13:48:43.334920,
fc72fb37-104d-4c06-8ab1-5eb2df4650df,7319bb38-0e1a-42a0-a1a3-c170af371232,e3771b88-3199-4d5a-bbdd-06a71eafa82a,8f0c00a2-632a-43e9-ad90-03612388d065,INV-001017,Invoice for Services,overdue,2026-03-06,2026-11-07,2026-06-25T10:12:34.334949,,1173.35,15,176.0,1349.35,0,1349.35,USD,,,2026-02-06T19:54:00.334955,
769dc849-177d-4452-b67c-65b210d2a003,7319bb38-0e1a-42a0-a1a3-c170af371232,2edc7335-4ec9-4477-978b-78e651c0aa73,,INV-001018,Invoice for Support,cancelled,2025-12-18,2026-11-07,2026-05-04T18:53:26.334986,,53034.91,7.5,3977.62,57012.53,0,57012.53,USD,,,2025-10-23T19:54:35.334992,
91449a8a-0df9-4d28-9527-0cee088dd1ed,7319bb38-0e1a-42a0-a1a3-c170af371232,,9cccbe66-7256-4dab-a1e3-cd2fee07cdf9,INV-001019,Invoice for Support,overdue,2026-06-07,2027-01-01,2026-06-02T18:50:50.335019,,64088.03,10,6408.8,70496.83,0,70496.83,USD,,,2026-07-14T02:16:05.335025,
ea9603de-db76-4501-b729-714436781e46,7319bb38-0e1a-42a0-a1a3-c170af371232,,,INV-001020,Invoice for Services,paid,2026-07-17,2026-08-26,2026-02-14T22:55:39.335057,2026-05-18T00:57:47.335063,90959.96,8,7276.8,98236.76,98236.76,0,USD,,5aae4e10-d940-4c5a-bc3c-db52500d0a66,2026-05-02T21:25:48.335070,
382b8336-abe3-489c-959a-f2bdf7a8c014,7319bb38-0e1a-42a0-a1a3-c170af371232,e9ae5269-da11-4a15-a967-411ccd83718a,,INV-001021,Invoice for Subscription,paid,2026-06-23,2026-08-21,2026-04-22T14:24:45.335098,2026-07-29T23:25:30.335103,35014.41,20,7002.88,42017.29,42017.29,0,USD,,,2025-10-08T05:53:48.335108,
0ab1cadf-b271-4ba9-ac4a-b58161e8c822,7319bb38-0e1a-42a0-a1a3-c170af371232,,1201d745-959a-47c7-b74f-090d4ca74308,INV-001022,Invoice for Subscription,partial,2025-08-07,2027-02-04,2026-04-07T13:43:49.335135,,98180.41,7.5,7363.53,105543.94,52771.97,52771.97,USD,,,2026-05-18T18:56:14.335141,
f3c55c1e-41ea-4627-8084-3283d816e350,7319bb38-0e1a-42a0-a1a3-c170af371232,,,INV-001023,Invoice for Subscription,overdue,2025-08-21,2027-01-08,2026-05-22T17:04:45.335168,,89523.69,10,8952.37,98476.06,0,98476.06,USD,Thank you for your business!,,2025-10-25T03:50:53.335174,
cf80761a-5d8c-41b7-9a14-045596645748,7319bb38-0e1a-42a0-a1a3-c170af371232,,7d1df4f8-e74b-4ae2-8d03-1aaffd6f092e,INV-001024,Invoice for Support,overdue,2026-02-09,2026-12-13,2026-04-30T10:19:19.335205,,82310.84,5,4115.54,86426.38,0,86426.38,USD,,,2025-09-02T21:24:43.335211,
1dedab6c-bd87-4dc7-8fe6-152c113536dd,7319bb38-0e1a-42a0-a1a3-c170af371232,029013b8-1b90-45bf-be3c-406530306b38,,INV-001025,Invoice for Consulting,draft,2026-02-27,2026-12-28,,,4663.7,0,0.0,4663.7,0,4663.7,USD,Thank you for your business!,,2025-08-28T23:27:28.335239,
7430a9fc-ffc0-41c6-9f6d-25926dc4ed7f,7319bb38-0e1a-42a0-a1a3-c170af371232,4f86bb86-c99b-45fe-8417-3dba86903eef,fd9c689c-c553-4004-9ba3-c98d88fa1a74,INV-001026,Invoice for Products,sent,2026-01-15,2026-12-10,2026-04-13T06:00:51.335267,,91981.49,20,18396.3,110377.79,0,110377.79,USD,Thank you for your business!,,2025-10-04T08:01:26.335273,
a064b1cf-faff-406f-af5f-ac4444a0a4c3,7319bb38-0e1a-42a0-a1a3-c170af371232,,,INV-001027,Invoice for Consulting,viewed,2025-12-02,2026-10-28,2026-06-29T03:50:58.335299,,36689.16,8,2935.13,39624.29,0,39624.29,USD,Thank you for your business!,,2026-07-25T23:20:46.335305,
d80ed8df-c999-4c78-a343-28d170f7a4bc,7319bb38-0e1a-42a0-a1a3-c170af371232,,,INV-001028,Invoice for Services,draft,2026-04-16,2027-01-17,,,30515.7,8,2441.26,32956.96,0,32956.96,USD,,62d4a568-4d22-47c4-8cfc-fd7b6421b0bc,2025-08-08T11:24:39.335333,
5a845a7a-664e-446b-9069-e3a05371d07a,7319bb38-0e1a-42a0-a1a3-c170af371232,7f57e171-7b39-4a0f-a393-8af85639c905,83589f6c-f29a-4d80-a3b7-7523fb0b27d3,INV-001029,Invoice for Subscription,cancelled,2026-06-07,2026-12-13,2026-08-02T02:21:32.335364,,35807.74,20,7161.55,42969.29,0,42969.29,USD,,,2026-07-13T16:44:22.335370,
448f1330-358a-48d6-8130-5ffee550eb00,7319bb38-0e1a-42a0-a1a3-c170af371232,fd4dc428-e86f-4296-84d8-f43e4e8ad144,,INV-001030,Invoice for Support,paid,2026-06-06,2026-10-06,2026-06-21T14:31:51.335396,2026-07-15T16:41:48.335402,16753.03,0,0.0,16753.03,16753.03,0,USD,,,2026-03-29T18:51:58.335408,
49f82611-6181-46de-942c-40e38746331a,7319bb38-0e1a-42a0-a1a3-c170af371232,,,INV-001031,Invoice for Services,partial,2025-11-21,2026-11-06,2026-03-03T14:52:39.335433,,54726.77,0,0.0,54726.77,27363.385,27363.385,USD,,,2026-02-20T09:32:21.335439,
72145ba6-76aa-4c55-a347-66aee3838421,7319bb38-0e1a-42a0-a1a3-c170af371232,2e6f5c24-ae7b-4edb-92f1-f5ea45179f6c,,INV-001032,Invoice for Products,paid,2025-10-20,2026-09-10,2026-07-20T20:05:40.335473,2026-05-22T16:21:30.335479,46370.75,5,2318.54,48689.29,48689.29,0,USD,,,2026-04-11T21:04:21.335488,
c592b1fc-1cb6-42c3-a406-c4a7552feba0,7319bb38-0e1a-42a0-a1a3-c170af371232,,,INV-001033,Invoice for Subscription,cancelled,2026-07-08,2026-10-19,2026-02-10T05:13:22.335514,,27342.4,0,0.0,27342.4,0,27342.4,USD,Thank you for your business!,,2026-01-17T20:21:50.335519,
ac294fd1-0737-4ab1-af9f-8706c3d5d232,7319bb38-0e1a-42a0-a1a3-c170af371232,f3c645e6-87ff-43dd-bd6f-0b0f3efdd757,,INV-001034,Invoice for Support,viewed,2025-10-09,2026-12-17,2026-02-22T20:07:43.335550,,55593.58,15,8339.04,63932.62,0,63932.62,USD,Thank you for your business!,e5b3afae-0b66-4d1a-b94b-9acd9dbf5a19,2025-09-16T18:07:27.335557,
8415b1ed-7440-44ae-9bfa-e60b45258b96,7319bb38-0e1a-42a0-a1a3-c170af371232,,,INV-001035,Invoice for Consulting,viewed,2025-08-09,2026-12-27,2026-07-20T04:19:41.335583,,50241.74,8,4019.34,54261.08,0,54261.08,USD,,,2026-02-26T19:31:06.335589,
ee0b6079-81e6-4979-8ec6-56425ce1dd52,7319bb38-0e1a-42a0-a1a3-c170af371232,7acf35fd-65b7-4137-a0ed-d2b963e719f5,611a73dc-1032-4ee2-a152-09c26768784f,INV-001036,Invoice for Consulting,overdue,2025-11-19,2026-09-11,2026-06-18T17:17:51.335621,,46638.59,8,3731.09,50369.68,0,50369.68,USD,,,2026-02-26T02:48:14.335627,
82df1233-859c-4fc9-9741-a245258f56c6,7319bb38-0e1a-42a0-a1a3-c170af371232,e4a69312-2f41-442f-9f5a-8746cd3c9fef,,INV-001037,Invoice for Subscription,paid,2025-12-28,2026-09-09,2026-06-17T14:47:37.335657,2026-05-24T01:55:48.335663,64245.08,7.5,4818.38,69063.46,69063.46,0,USD,Thank you for your business!,,2025-12-23T23:19:42.335668,
3a0a7282-9f47-48f9-92a6-acb3b4999621,7319bb38-0e1a-42a0-a1a3-c170af371232,,,INV-001038,Invoice for Consulting,paid,2025-08-21,2026-09-18,2026-04-04T18:47:25.335694,2026-06-14T08:24:10.335699,61844.43,0,0.0,61844.43,61844.43,0,USD,Thank you for your business!,,2026-01-21T18:07:05.335705,
6ef5b16c-80dd-43c6-b8d4-73e224c4527c,7319bb38-0e1a-42a0-a1a3-c170af371232,00997b21-8624-4f86-853d-27e838c10172,,INV-001039,Invoice for Services,sent,2026-06-06,2026-08-26,2026-05-09T05:03:05.335783,,5739.02,10,573.9,6312.92,0,6312.92,USD,Thank you for your business!,,2026-02-04T08:53:36.335816,
a8f8bf06-a0d7-4818-84fd-110aeb1cccc5,7319bb38-0e1a-42a0-a1a3-c170af371232,,,INV-001040,Invoice for Subscription,paid,2025-11-25,2026-10-25,2026-06-27T12:32:17.335865,2026-06-08T03:07:24.335874,19570.03,15,2935.5,22505.53,22505.53,0,USD,,,2026-01-10T18:41:46.335884,
efc7b160-0452-4689-a89a-6bd72ca7ce50,7319bb38-0e1a-42a0-a1a3-c170af371232,,,INV-001041,Invoice for Subscription,cancelled,2026-03-07,2026-08-25,2026-07-01T23:22:05.335924,,52178.8,0,0.0,52178.8,0,52178.8,USD,,,2026-05-01T02:20:53.335935,
bf2930d5-85f6-418d-b206-5886792c2323,7319bb38-0e1a-42a0-a1a3-c170af371232,225ae9cb-070c-4622-be41-0da108bd90c9,,INV-001042,Invoice for Consulting,cancelled,2026-05-25,2026-12-27,2026-06-01T12:28:18.335981,,61577.11,5,3078.86,64655.97,0,64655.97,USD,Thank you for your business!,,2026-03-20T07:25:24.335992,
b259ee8c-1fc4-4f1d-94c0-f3756c2f6ab0,7319bb38-0e1a-42a0-a1a3-c170af371232,,d31866be-63b1-47c1-831d-2970d50a32ce,INV-001043,Invoice for Services,paid,2026-02-07,2026-12-27,2026-05-23T16:44:34.336040,2026-07-31T02:15:31.336049,80129.56,7.5,6009.72,86139.28,86139.28,0,USD,Thank you for your business!,,2025-12-23T07:50:34.336059,
e8312e78-118e-4dea-8ee9-00100115bed3,7319bb38-0e1a-42a0-a1a3-c170af371232,,3c0f4ab4-a4da-4b98-85e8-2a4b24099a93,INV-001044,Invoice for Services,sent,2026-06-09,2026-09-09,2026-02-21T13:41:46.336119,,10437.92,0,0.0,10437.92,0,10437.92,USD,Thank you for your business!,,2026-06-20T05:19:55.336130,
e67ef03f-901d-412d-b770-ed881686320e,7319bb38-0e1a-42a0-a1a3-c170af371232,,1ca91215-9a4a-49e0-9cd4-bef0da1a3125,INV-001045,Invoice for Services,overdue,2026-04-09,2026-08-29,2026-03-20T03:49:27.336180,,87767.09,10,8776.71,96543.8,0,96543.8,USD,Thank you for your business!,,2026-01-13T21:04:20.336190,
e876a0c1-4de9-4d83-ab46-ec99c190a6da,7319bb38-0e1a-42a0-a1a3-c170af371232,,,INV-001046,Invoice for Subscription,draft,2025-11-16,2026-10-11,,,38882.9,7.5,2916.22,41799.12,0,41799.12,USD,,,2025-09-09T21:22:14.336246,
041ce8fc-32e5-49b9-a625-39fa58a5e569,7319bb38-0e1a-42a0-a1a3-c170af371232,,,INV-001047,Invoice for Products,sent,2026-03-18,2027-01-19,2026-07-11T00:01:09.336276,,14435.03,7.5,1082.63,15517.66,0,15517.66,USD,Thank you for your business!,,2025-12-09T21:17:42.336282,
ad3e2efe-d4da-4fbc-999c-babb35840978,7319bb38-0e1a-42a0-a1a3-c170af371232,,a22926c4-db25-41f9-b441-34d4af69559b,INV-001048,Invoice for Services,paid,2025-10-20,2026-10-28,2026-07-10T13:48:37.336310,2026-05-23T19:03:26.336320,79529.01,10,7952.9,87481.91,87481.91,0,USD,Thank you for your business!,,2026-08-04T03:36:13.336326,
89b55ab0-5a09-48fa-a897-cce2b72f33d8,7319bb38-0e1a-42a0-a1a3-c170af371232,,,INV-001049,Invoice for Subscription,partial,2026-04-09,2026-09-30,2026-03-05T03:16:24.336352,,35665.89,20,7133.18,42799.07,21399.535,21399.535,USD,,e90690d6-8f46-4c60-a1e5-68247b604497,2026-05-17T06:30:31.336360,
ceb804b9-927f-40a9-ba56-19968c6371ad,7319bb38-0e1a-42a0-a1a3-c170af371232,64c870bc-6258-40e9-b2e0-cfa2423828d4,,INV-001050,Invoice for Services,overdue,2026-03-04,2026-09-18,2026-07-22T01:01:57.336395,,33711.36,8,2696.91,36408.27,0,36408.27,USD,Thank you for your business!,,2026-02-03T05:51:24.336401,
6cadbe86-d43f-4354-9a5d-b224dd4b34f5,7319bb38-0e1a-42a0-a1a3-c170af371232,,c6bc0a13-c0f0-48ea-879b-adac924a6d2b,INV-001051,Invoice for Support,partial,2026-01-09,2026-12-24,2026-02-17T09:37:14.336428,,64603.74,20,12920.75,77524.49,38762.245,38762.245,USD,,0c77e2bd-d702-4f81-a3b4-e5154383a2cd,2025-12-26T13:44:35.336435,
26342ef6-494a-44f1-938a-ef47bd2329ca,7319bb38-0e1a-42a0-a1a3-c170af371232,c4521e49-405c-4e3d-b345-e66064445b6d,,INV-001052,Invoice for Consulting,paid,2025-12-02,2026-12-06,2026-02-17T08:42:57.336483,2026-06-02T00:43:34.336488,36027.29,7.5,2702.05,38729.34,38729.34,0,USD,,,2025-10-08T22:30:52.336494,
c2822792-af50-424a-8aaa-f7949fe62aa3,7319bb38-0e1a-42a0-a1a3-c170af371232,1d1a22be-1773-4a3e-bea1-02a454e1d508,db636165-9a35-4fb9-8561-6ad3e67d3dc8,INV-001053,Invoice for Products,sent,2026-05-29,2026-08-09,2026-05-05T20:17:28.336522,,78294.24,20,15658.85,93953.09,0,93953.09,USD,Thank you for your business!,,2026-02-03T15:40:26.336529,
5d757526-00cc-434d-8685-616eb396b56f,7319bb38-0e1a-42a0-a1a3-c170af371232,fc162c18-fb0e-4ce9-8b13-b053d4a2e4b5,,INV-001054,Invoice for Subscription,viewed,2026-07-06,2026-08-20,2026-07-03T12:13:49.336556,,34607.66,5,1730.38,36338.04,0,36338.04,USD,Thank you for your business!,,2025-09-02T17:50:41.336562,
ec148118-3a19-432a-a980-dd16437af3a2,7319bb38-0e1a-42a0-a1a3-c170af371232,,0e6ee708-2e1b-4aa3-95bf-c1f65ff178c9,INV-001055,Invoice for Support,sent,2026-03-15,2026-08-08,2026-02-24T21:08:21.336593,,57492.47,10,5749.25,63241.72,0,63241.72,USD,Thank you for your business!,f7a6f814-0c9f-4741-82a3-7674c88911fa,2026-02-28T10:56:36.336599,
61b572e0-666a-40b6-8a78-246fd7550c46,7319bb38-0e1a-42a0-a1a3-c170af371232,6ebb6286-8c59-4bed-b360-74d6fe56966f,7ed3b82d-ee88-4caa-89ee-2278bed309aa,INV-001056,Invoice for Support,partial,2026-02-27,2026-12-31,2026-06-16T18:36:06.336627,,61426.78,15,9214.02,70640.8,35320.4,35320.4,USD,Thank you for your business!,,2025-08-24T09:10:33.336633,
69954fdd-2ad1-4579-bbd9-545d7e6a1ebb,7319bb38-0e1a-42a0-a1a3-c170af371232,72103494-c102-4941-b4c4-e1c0cffebce6,8a9f0f64-7b1e-47e3-8f2c-40b6ac2426f5,INV-001057,Invoice for Support,overdue,2025-11-12,2027-01-01,2026-04-23T10:21:54.336662,,95461.27,15,14319.19,109780.46,0,109780.46,USD,,,2025-10-02T09:15:27.336668,
b1b650c3-2546-4c34-9982-184fd841f8f7,7319bb38-0e1a-42a0-a1a3-c170af371232,,4ad765f0-140f-4d4f-a0da-6102b730c15c,INV-001058,Invoice for Support,overdue,2025-08-17,2026-08-10,2026-03-26T06:58:41.336696,,71908.98,15,10786.35,82695.33,0,82695.33,USD,Thank you for your business!,,2025-12-05T13:45:39.336702,
0e4c30d8-bdb1-445a-84ce-f0584b435ca4,7319bb38-0e1a-42a0-a1a3-c170af371232,,,INV-001059,Invoice for Consulting,overdue,2025-08-08,2026-08-24,2026-03-06T06:39:18.336728,,23397.26,15,3509.59,26906.85,0,26906.85,USD,Thank you for your business!,,2026-08-03T22:47:42.336734,
65c40c3f-8cfb-4148-aa46-a68b1254f9d3,7319bb38-0e1a-42a0-a1a3-c170af371232,53ca7f31-f718-418b-8f64-7bb8957b840a,,INV-001060,Invoice for Products,paid,2025-11-07,2026-08-14,2026-04-10T18:05:26.336766,2026-06-29T16:56:08.336771,47415.58,20,9483.12,56898.7,56898.7,0,USD,,,2026-04-24T10:27:31.336777,
e039955d-240a-4afb-a3f2-f2e86178321e,7319bb38-0e1a-42a0-a1a3-c170af371232,,,INV-001061,Invoice for Subscription,cancelled,2025-09-16,2026-12-21,2026-05-27T01:32:27.336803,,2240.88,7.5,168.07,2408.95,0,2408.95,USD,,,2026-04-01T00:35:56.336809,
1455b3cc-47fe-45f2-9663-887f3dc76e6b,7319bb38-0e1a-42a0-a1a3-c170af371232,ad7b7fc5-fba5-45f0-92fb-fff4c73eaea7,,INV-001062,Invoice for Support,overdue,2025-09-15,2026-09-18,2026-07-22T00:05:48.336837,,39753.46,7.5,2981.51,42734.97,0,42734.97,USD,,,2025-09-26T12:36:17.336843,
f61b4b97-e90b-4a8b-882d-91e8042d9e68,7319bb38-0e1a-42a0-a1a3-c170af371232,ab7b2a91-f592-4eea-b29a-f0670ec9aa3a,fa9e2caa-b3a9-408f-9168-37e33fe363f7,INV-001063,Invoice for Subscription,draft,2026-04-29,2026-12-29,,,28071.41,7.5,2105.36,30176.77,0,30176.77,USD,Thank you for your business!,,2025-09-09T16:17:46.336872,
5c46246a-9367-488c-b902-4036a720b5b5,7319bb38-0e1a-42a0-a1a3-c170af371232,,,INV-001064,Invoice for Support,cancelled,2025-12-02,2027-01-15,2026-04-27T00:46:45.336898,,37124.86,15,5568.73,42693.59,0,42693.59,USD,,,2025-10-18T19:06:36.336903,
f4da15e8-adb2-4c7f-b422-bb516d40c8fc,7319bb38-0e1a-42a0-a1a3-c170af371232,012d055a-3b81-4db3-a136-674a86824fda,8863caad-291d-45f7-9b2e-d21c7cb8e958,INV-001065,Invoice for Consulting,draft,2026-03-12,2026-08-20,,,66994.96,0,0.0,66994.96,0,66994.96,USD,,,2026-02-27T13:03:58.336942,
14e57f1c-215f-4227-8ec6-1a888da98680,7319bb38-0e1a-42a0-a1a3-c170af371232,8d4a44d7-d2bb-41a4-9da4-800d8263d837,e222e117-55d9-437b-94c3-3db41f09400b,INV-001066,Invoice for Consulting,viewed,2026-04-09,2027-01-10,2026-05-14T13:54:41.336970,,88378.86,7.5,6628.41,95007.27,0,95007.27,USD,Thank you for your business!,,2026-02-08T19:38:43.336976,
9623e8f1-71fd-42fa-b88d-5f8e1ddab405,7319bb38-0e1a-42a0-a1a3-c170af371232,4ddd0cb7-85be-484a-a86b-ea06bab32fc3,,INV-001067,Invoice for Subscription,overdue,2026-02-15,2027-01-28,2026-04-01T11:18:55.337004,,86573.85,15,12986.08,99559.93,0,99559.93,USD,Thank you for your business!,,2026-04-15T11:27:32.337010,
f99ac930-f16c-425a-9141-ba04a9f4734d,7319bb38-0e1a-42a0-a1a3-c170af371232,d33a251c-9fb5-40cd-bda3-c22d33c839aa,,INV-001068,Invoice for Support,sent,2026-07-07,2026-11-21,2026-07-15T03:11:09.337042,,16967.61,10,1696.76,18664.37,0,18664.37,USD,Thank you for your business!,,2026-01-03T22:16:48.337048,
46557dfe-009c-4406-8bf6-24fb2e89a9e3,7319bb38-0e1a-42a0-a1a3-c170af371232,16326a4a-db52-4407-a8ba-a797a18a88be,,INV-001069,Invoice for Subscription,cancelled,2025-08-30,2026-12-18,2026-05-06T11:41:28.337077,,54864.64,0,0.0,54864.64,0,54864.64,USD,Thank you for your business!,,2026-07-23T14:47:48.337082,
7e352b3e-95d2-4aff-8e3f-c3c163fb447c,7319bb38-0e1a-42a0-a1a3-c170af371232,e57996ba-060b-4a35-94d2-47948e6aa3a9,,INV-001070,Invoice for Services,viewed,2025-09-05,2026-08-11,2026-03-06T09:56:34.337110,,82871.23,20,16574.25,99445.48,0,99445.48,USD,,,2026-07-07T08:33:28.337116,
c52ee452-e0da-4dc4-952a-06f1a278161e,7319bb38-0e1a-42a0-a1a3-c170af371232,6de8cf24-80f9-4f0d-85e4-7f76d56cdec8,e56289f8-b23b-4634-8f13-86902e2c8c7d,INV-001071,Invoice for Subscription,overdue,2026-06-15,2026-09-15,2026-02-19T12:37:02.337149,,12846.06,0,0.0,12846.06,0,12846.06,USD,Thank you for your business!,e0ac22e6-af79-40a1-ac11-7831b0e00f5d,2026-01-08T01:30:00.337157,
438cd6a5-0c7c-4ed9-b650-33bc3602e39b,7319bb38-0e1a-42a0-a1a3-c170af371232,4202e943-682c-4bc3-a998-a8e58f9eb527,,INV-001072,Invoice for Consulting,overdue,2026-02-26,2027-01-19,2026-06-19T04:24:11.337186,,8013.52,20,1602.7,9616.22,0,9616.22,USD,,,2026-01-17T08:19:39.337191,
ae79f451-5e44-43de-afe6-c92bb2e5b4f2,7319bb38-0e1a-42a0-a1a3-c170af371232,,,INV-001073,Invoice for Support,draft,2025-11-24,2026-11-25,,,52426.4,0,0.0,52426.4,0,52426.4,USD,,,2026-01-18T11:28:48.337218,
44a78cee-f562-4171-af71-b3ac1715bff3,7319bb38-0e1a-42a0-a1a3-c170af371232,,442b42d8-5729-423a-9f7d-463086abe4ea,INV-001074,Invoice for Services,partial,2025-11-10,2026-09-09,2026-05-04T00:52:07.337246,,30796.86,5,1539.84,32336.7,16168.35,16168.35,USD,Thank you for your business!,,2026-07-11T10:03:13.337252,
ccd2c61a-c3b4-480a-83cf-c9f523059dfa,7319bb38-0e1a-42a0-a1a3-c170af371232,15a3468f-d4b0-40b7-b2ea-6774e44f0ec8,ae888bfe-3983-4f69-8c20-3ca78cd2b326,INV-001075,Invoice for Products,sent,2026-01-29,2027-01-30,2026-08-04T19:47:26.337280,,98944.96,20,19788.99,118733.95,0,118733.95,USD,Thank you for your business!,,2025-10-01T12:36:31.337286,
f685e35a-fbbf-4a45-a9fa-fcd0fc197c67,7319bb38-0e1a-42a0-a1a3-c170af371232,,,INV-001076,Invoice for Support,viewed,2026-01-08,2027-01-01,2026-03-21T06:49:27.337316,,72691.67,0,0.0,72691.67,0,72691.67,USD,Thank you for your business!,,2025-11-02T15:41:45.337322,
b4a9ed58-81d3-41a0-bc5b-dc11e729bdea,7319bb38-0e1a-42a0-a1a3-c170af371232,1c26a699-6694-482a-850c-6a0c9cd3ae21,ed1f631c-03f7-4ac2-91a6-7035cbf93896,INV-001077,Invoice for Subscription,cancelled,2026-01-13,2026-11-30,2026-05-20T12:04:05.337352,,67814.1,5,3390.7,71204.8,0,71204.8,USD,Thank you for your business!,,2025-11-14T09:32:05.337358,
6387a140-dd41-406c-8e42-eac6777bd9fc,7319bb38-0e1a-42a0-a1a3-c170af371232,4d5d52ef-574e-483f-868a-091488e8b430,a3ed7aca-88c7-4c2f-b517-a1185cde6a9f,INV-001078,Invoice for Consulting,paid,2026-07-11,2027-02-05,2026-04-21T16:51:34.337388,2026-05-22T06:57:17.337393,54392.34,15,8158.85,62551.19,62551.19,0,USD,,,2025-08-20T22:30:59.337399,
098afc0c-c016-4bc6-93d7-697b7c51826a,7319bb38-0e1a-42a0-a1a3-c170af371232,23e230bb-ddb2-4e7b-9d67-eaf3ec49299e,aaab7100-5a73-4ca1-87c2-66ca8e1c5cc7,INV-001079,Invoice for Consulting,draft,2026-05-17,2026-11-09,,,91302.29,10,9130.23,100432.52,0,100432.52,USD,Thank you for your business!,,2026-06-09T10:34:12.337433,
b12ac2f9-007e-46eb-9737-6ad78fd09166,7319bb38-0e1a-42a0-a1a3-c170af371232,,20a79fcd-4c30-422e-9efd-19bde2d9f8d4,INV-001080,Invoice for Services,partial,2026-05-22,2026-08-28,2026-03-02T09:51:10.337465,,43005.54,10,4300.55,47306.09,23653.045,23653.045,USD,Thank you for your business!,,2025-11-09T00:21:14.337472,
c6992582-fc2d-452c-a255-6d1dc1265798,7319bb38-0e1a-42a0-a1a3-c170af371232,12d75f7f-f40b-49a7-a04e-13f9e08277ed,c945793d-948b-4877-8841-5e90547aaca3,INV-001081,Invoice for Consulting,sent,2026-06-19,2026-10-31,2026-06-19T01:40:28.337505,,65313.41,5,3265.67,68579.08,0,68579.08,USD,,,2025-12-28T17:27:44.337511,
4d593aa5-394d-40e0-9eab-cbd4bcce4bab,7319bb38-0e1a-42a0-a1a3-c170af371232,88715c6c-e1a1-48c6-af44-2fd54d56ba8c,,INV-001082,Invoice for Services,overdue,2026-06-24,2026-08-09,2026-04-15T10:06:21.337539,,94586.24,20,18917.25,113503.49,0,113503.49,USD,Thank you for your business!,,2026-05-11T00:29:01.337546,
c309647f-7bc1-476e-8c5c-548449b1b9c3,7319bb38-0e1a-42a0-a1a3-c170af371232,1a07f223-60c6-4782-b1be-ca9e63076872,,INV-001083,Invoice for Support,overdue,2025-12-05,2026-08-08,2026-04-24T19:17:27.337644,,96592.28,7.5,7244.42,103836.7,0,103836.7,USD,,,2026-07-25T06:23:08.337654,
40c7ed8b-e303-4c1f-bb7b-3bc037d1de27,7319bb38-0e1a-42a0-a1a3-c170af371232,e4a69312-2f41-442f-9f5a-8746cd3c9fef,,INV-001084,Invoice for Products,cancelled,2025-08-16,2026-12-01,2026-04-26T22:13:35.337704,,67832.32,0,0.0,67832.32,0,67832.32,USD,,,2025-10-19T00:39:12.337713,
14b5c7f2-6fe4-4420-9309-b071ac50b7aa,7319bb38-0e1a-42a0-a1a3-c170af371232,,,INV-001085,Invoice for Products,cancelled,2025-12-26,2027-01-09,2026-05-25T01:44:32.337754,,40467.26,7.5,3035.04,43502.3,0,43502.3,USD,,,2026-07-03T09:08:13.337766,
9d41bf95-d39d-48ad-bfb1-1751d3ab8318,7319bb38-0e1a-42a0-a1a3-c170af371232,24ea8855-0907-4813-b1dc-acdb98fd4e3b,738db302-03d1-4dee-b0ef-d38ccc14a3d8,INV-001086,Invoice for Subscription,paid,2026-02-06,2026-08-28,2026-04-08T15:44:40.337823,2026-04-20T05:18:29.337833,86708.24,0,0.0,86708.24,86708.24,0,USD,Thank you for your business!,,2025-12-28T23:37:49.337845,
a20d29c5-ad88-4a98-a3a8-df9ac6bd64e0,7319bb38-0e1a-42a0-a1a3-c170af371232,,,INV-001087,Invoice for Services,partial,2025-10-02,2026-10-15,2026-05-05T10:37:17.337893,,95535.38,10,9553.54,105088.92,52544.46,52544.46,USD,,,2026-05-18T05:26:29.337906,
c99e88d0-e210-422a-9f2e-2be63801f968,7319bb38-0e1a-42a0-a1a3-c170af371232,,7cc03d59-c61d-4047-894a-c0e45d07bbef,INV-001088,Invoice for Support,viewed,2025-10-27,2026-09-15,2026-06-25T21:27:24.337971,,15959.1,0,0.0,15959.1,0,15959.1,USD,,2ba385c6-410c-4af3-bd64-3642e9b812b3,2025-12-02T16:28:32.337979,
b1dc996e-671d-4f3d-9b3b-f6dad2e3c194,7319bb38-0e1a-42a0-a1a3-c170af371232,6c5430d9-4145-46f3-8907-774638972773,,INV-001089,Invoice for Support,cancelled,2025-09-10,2027-01-29,2026-05-03T08:35:04.338011,,99309.09,20,19861.82,119170.91,0,119170.91,USD,,1b7a5c18-2a03-4117-86e3-2d50556faff0,2026-07-24T11:02:18.338019,
88895549-805d-437f-821b-864fba3b3985,7319bb38-0e1a-42a0-a1a3-c170af371232,0bc95aa0-e417-47ce-8f59-bde1569bd42b,20a79fcd-4c30-422e-9efd-19bde2d9f8d4,INV-001090,Invoice for Support,cancelled,2025-12-24,2026-09-22,2026-06-02T18:54:00.338049,,79939.86,10,7993.99,87933.85,0,87933.85,USD,Thank you for your business!,,2026-04-24T22:26:03.338055,
0cc81f36-9eb7-4d39-99c2-3a985356cbaa,7319bb38-0e1a-42a0-a1a3-c170af371232,a75f289f-473d-4d4a-a34c-e032c53fbe0e,66dcf695-f71b-4838-88f6-749fb5e501af,INV-001091,Invoice for Consulting,overdue,2026-05-03,2026-12-22,2026-04-04T09:09:16.338090,,93425.81,10,9342.58,102768.39,0,102768.39,USD,Thank you for your business!,,2025-10-29T02:12:37.338097,
64214ab3-60d2-4723-bcb7-c72205d84ba3,7319bb38-0e1a-42a0-a1a3-c170af371232,c7d0a49b-3371-4ffd-aa8c-486f230e2de1,29d44821-7bf8-40a8-b87d-6e0552278397,INV-001092,Invoice for Consulting,overdue,2026-02-08,2026-10-05,2026-07-03T12:51:19.338126,,84843.4,5,4242.17,89085.57,0,89085.57,USD,Thank you for your business!,,2026-03-11T05:11:49.338132,
e0a1a198-a643-48e2-855b-41df62c7d935,7319bb38-0e1a-42a0-a1a3-c170af371232,5ff5aea7-bcab-49b4-88b5-55e9c5483867,a3ed7aca-88c7-4c2f-b517-a1185cde6a9f,INV-001093,Invoice for Products,overdue,2026-07-02,2026-12-12,2026-07-16T01:54:37.338160,,41476.57,20,8295.31,49771.88,0,49771.88,USD,,,2025-12-26T16:42:34.338166,
ec857b0b-c7da-4c1d-bb7a-518a40a7fbfe,7319bb38-0e1a-42a0-a1a3-c170af371232,,e56289f8-b23b-4634-8f13-86902e2c8c7d,INV-001094,Invoice for Products,viewed,2026-02-01,2026-11-19,2026-04-14T22:19:02.338193,,9310.88,8,744.87,10055.75,0,10055.75,USD,Thank you for your business!,b7d9a3b4-3a55-4edf-af7b-9abc8e556877,2025-10-23T15:42:22.338201,
299ffdf5-1985-425e-b688-0179bfdbe238,7319bb38-0e1a-42a0-a1a3-c170af371232,,,INV-001095,Invoice for Services,cancelled,2025-09-23,2026-11-28,2026-02-15T13:15:32.338227,,71101.04,20,14220.21,85321.25,0,85321.25,USD,,c051f7f9-dd06-4010-b85b-d710464faa11,2026-07-29T17:47:37.338233,
6bc3c3bf-68a2-4779-b46e-3d67210e5b78,7319bb38-0e1a-42a0-a1a3-c170af371232,a680c30c-4b80-4b86-87e4-f5683932c98d,,INV-001096,Invoice for Services,viewed,2026-05-11,2026-10-31,2026-02-18T19:08:50.338261,,74477.19,0,0.0,74477.19,0,74477.19,USD,Thank you for your business!,,2025-11-02T01:11:34.338267,
60208252-1401-462d-ba06-0384acb04f70,7319bb38-0e1a-42a0-a1a3-c170af371232,,,INV-001097,Invoice for Products,overdue,2026-03-11,2026-12-19,2026-05-28T10:50:23.338297,,51421.02,8,4113.68,55534.7,0,55534.7,USD,Thank you for your business!,,2026-08-07T11:25:28.338303,
71f433cd-bbfd-4e98-889f-a317d9d366aa,7319bb38-0e1a-42a0-a1a3-c170af371232,e5494f4b-b849-4325-838c-861b40dc8bf6,,INV-001098,Invoice for Products,sent,2026-03-15,2026-11-21,2026-04-24T18:56:59.338330,,24682.07,15,3702.31,28384.38,0,28384.38,USD,,,2025-10-24T09:45:10.338336,
edb65f8d-064e-4267-ae84-03abd41126ee,7319bb38-0e1a-42a0-a1a3-c170af371232,0d1c8c14-7be4-4893-bdff-0041dc3bf0d0,2aeadc46-d5c9-4625-bd00-df403dc703a7,INV-001099,Invoice for Support,overdue,2026-04-02,2026-09-03,2026-03-24T18:54:20.338368,,54418.18,8,4353.45,58771.63,0,58771.63,USD,,,2026-01-29T15:22:49.338374,
72c63c79-9f70-4efc-b30a-d9f4bb034020,7319bb38-0e1a-42a0-a1a3-c170af371232,,,INV-001100,Invoice for Products,partial,2026-01-25,2026-08-30,2026-02-28T20:09:47.338404,,33003.36,0,0.0,33003.36,16501.68,16501.68,USD,,,2025-12-31T01:44:10.338410,
aabcf864-cc51-4a52-95f7-07626bff3cfb,7319bb38-0e1a-42a0-a1a3-c170af371232,aee3abf7-d508-48f3-95f9-6fb14ea654dd,,INV-001101,Invoice for Services,sent,2026-05-04,2026-11-13,2026-02-09T08:33:14.338438,,27021.87,0,0.0,27021.87,0,27021.87,USD,Thank you for your business!,,2026-07-13T18:58:50.338444,
84b81c96-d283-405b-a790-5109713db10c,7319bb38-0e1a-42a0-a1a3-c170af371232,ff5bc5e5-6c63-43d7-b01b-d809648b8e86,,INV-001102,Invoice for Consulting,viewed,2026-02-24,2026-11-22,2026-02-24T17:29:56.338493,,8156.09,15,1223.41,9379.5,0,9379.5,USD,,,2026-07-23T09:28:27.338499,
ecc3e937-ee77-4d65-81b9-08c4514d1445,7319bb38-0e1a-42a0-a1a3-c170af371232,,,INV-001103,Invoice for Products,paid,2025-12-18,2026-10-28,2026-07-11T01:42:12.338525,2026-07-12T01:02:15.338531,10533.83,20,2106.77,12640.6,12640.6,0,USD,,,2026-01-13T08:48:48.338537,
d4a4bbe1-cb63-4007-acd4-ec2a4b75c4bd,7319bb38-0e1a-42a0-a1a3-c170af371232,73680714-5d5d-47d1-a2d9-25003edfbfe5,,INV-001104,Invoice for Subscription,overdue,2026-02-18,2026-08-17,2026-07-14T07:48:17.338564,,89386.38,10,8938.64,98325.02,0,98325.02,USD,Thank you for your business!,f83ff0b1-5b99-4fe2-8f11-42b8007cf697,2026-05-12T09:42:29.338572,
517a4464-23a3-4232-9ac9-14b1c598a13d,7319bb38-0e1a-42a0-a1a3-c170af371232,cec9a70c-941b-4b1f-941d-b357294e10d9,,INV-001105,Invoice for Subscription,partial,2026-02-16,2026-12-28,2026-03-12T17:45:33.338599,,49779.2,0,0.0,49779.2,24889.6,24889.6,USD,Thank you for your business!,,2025-11-22T17:41:28.338605,
3841c43c-2e14-4024-bfb4-eb236284d2a8,7319bb38-0e1a-42a0-a1a3-c170af371232,,,INV-001106,Invoice for Services,cancelled,2025-12-30,2026-12-09,2026-06-19T23:26:35.338631,,46709.44,7.5,3503.21,50212.65,0,50212.65,USD,Thank you for your business!,,2026-05-04T03:24:38.338637,
ff3d7f24-cb88-4227-9781-60e642f1b799,7319bb38-0e1a-42a0-a1a3-c170af371232,a4eb89db-35d4-40c2-9043-56ffb8f55e89,,INV-001107,Invoice for Services,draft,2025-10-04,2026-09-15,,,30107.25,5,1505.36,31612.61,0,31612.61,USD,,,2026-03-20T01:45:49.338665,
fcbbf5bd-cb86-461a-8603-ec18cb730530,7319bb38-0e1a-42a0-a1a3-c170af371232,,,INV-001108,Invoice for Consulting,partial,2026-02-09,2026-12-14,2026-03-26T05:34:01.338691,,8251.91,15,1237.79,9489.7,4744.85,4744.85,USD,,,2026-06-28T05:24:39.338697,
c40423da-e332-4d5e-bb01-2d5964a4fd3b,7319bb38-0e1a-42a0-a1a3-c170af371232,c62bdb8c-85db-49e1-946d-fe74c523f9e1,,INV-001109,Invoice for Products,partial,2025-09-29,2027-02-03,2026-06-09T12:59:19.338724,,99489.28,15,14923.39,114412.67,57206.335,57206.335,USD,Thank you for your business!,,2025-08-10T19:29:50.338730,
1b50a361-da38-4f31-a018-8f4908cb2629,7319bb38-0e1a-42a0-a1a3-c170af371232,,,INV-001110,Invoice for Services,draft,2026-06-21,2026-10-02,,,40232.09,5,2011.6,42243.69,0,42243.69,USD,,e5553bd3-fc6c-4a20-80fa-d3960260b88e,2026-07-29T03:47:43.338758,
19e74995-1889-4eff-a7ec-abb2cee57f3f,7319bb38-0e1a-42a0-a1a3-c170af371232,,,INV-001111,Invoice for Support,viewed,2025-12-16,2026-09-20,2026-02-24T10:45:28.338784,,88305.36,7.5,6622.9,94928.26,0,94928.26,USD,Thank you for your business!,,2026-07-03T11:32:23.338790,
4ec074e9-9610-4f90-a8f7-ee2ed6f7baf9,7319bb38-0e1a-42a0-a1a3-c170af371232,,,INV-001112,Invoice for Services,overdue,2026-07-17,2026-12-08,2026-02-12T22:19:46.338816,,97087.99,0,0.0,97087.99,0,97087.99,USD,Thank you for your business!,,2026-05-16T01:16:18.338822,
b13e5dca-3d89-41e1-b02f-6db0bbe81829,7319bb38-0e1a-42a0-a1a3-c170af371232,,2989b84a-bfd5-46cf-bc59-36102cc325e1,INV-001113,Invoice for Services,paid,2026-03-14,2026-11-02,2026-06-30T18:09:14.338848,2026-05-05T04:39:56.338853,69221.74,5,3461.09,72682.83,72682.83,0,USD,Thank you for your business!,,2026-05-20T21:34:04.338859,
44a675ab-ab14-4b60-a95f-6aec6677d44b,7319bb38-0e1a-42a0-a1a3-c170af371232,,,INV-001114,Invoice for Support,partial,2026-01-29,2026-10-10,2026-05-24T08:49:21.338885,,4153.59,7.5,311.52,4465.11,2232.555,2232.555,USD,,1ece06c2-2e2e-480b-b73c-d2602a5957e7,2026-03-14T17:46:58.338893,
0233722f-664f-427b-ab3c-6d2347c565fd,7319bb38-0e1a-42a0-a1a3-c170af371232,6b9b9cd9-0960-43b8-9c9f-f54da17f5f11,,INV-001115,Invoice for Subscription,partial,2026-03-05,2026-12-09,2026-03-01T15:43:26.338921,,31604.01,0,0.0,31604.01,15802.005,15802.005,USD,Thank you for your business!,30c7f1a4-dc57-4d92-93ba-d2d984092d08,2025-10-10T07:22:05.338928,
538cae6f-e1ab-4d08-87c5-c290b9d96fa3,7319bb38-0e1a-42a0-a1a3-c170af371232,,,INV-001116,Invoice for Consulting,cancelled,2025-10-02,2026-12-11,2026-06-18T13:36:06.339004,,51983.99,8,4158.72,56142.71,0,56142.71,USD,,,2025-09-10T15:05:28.339020,
ffe37923-aef3-4b23-8dfb-5ecadf47c6ce,7319bb38-0e1a-42a0-a1a3-c170af371232,79ec6bbb-567a-42b6-ab6b-d9850309d637,,INV-001117,Invoice for Services,overdue,2025-10-01,2026-08-30,2026-06-26T13:26:39.339103,,53977.63,0,0.0,53977.63,0,53977.63,USD,Thank you for your business!,08028b51-e607-413d-be11-21209f988f68,2026-06-28T03:43:07.339114,
d98da360-e3ee-43c3-a179-adefe7053447,7319bb38-0e1a-42a0-a1a3-c170af371232,,,INV-001118,Invoice for Products,paid,2026-05-11,2026-10-10,2026-05-25T22:47:38.339157,2026-06-02T16:56:42.339164,88088.75,20,17617.75,105706.5,105706.5,0,USD,Thank you for your business!,,2026-06-11T06:56:47.339173,
7bb7cef1-f441-4b5c-ab23-0c6394105e44,7319bb38-0e1a-42a0-a1a3-c170af371232,ddef5d73-bc83-4152-b640-36dcfaa2c954,,INV-001119,Invoice for Consulting,cancelled,2025-10-16,2026-09-30,2026-04-15T11:11:40.339214,,8813.36,15,1322.0,10135.36,0,10135.36,USD,,,2026-02-27T05:11:03.339223,
ac051596-006b-4c75-8a5c-35e0c3e2fea9,7319bb38-0e1a-42a0-a1a3-c170af371232,f9e1d0d6-b3be-401d-a950-b0de61205c6e,bea70fff-bd16-4e5f-834d-0ee5989d2c32,INV-001120,Invoice for Products,overdue,2026-07-11,2026-12-03,2026-03-08T13:58:50.339263,,98941.13,15,14841.17,113782.3,0,113782.3,USD,Thank you for your business!,ac54c3d3-c8d6-4084-b242-f90d498c88e9,2025-12-24T18:51:22.339273,
4ef48054-a0d9-4f2f-88b7-b5231a7d6317,7319bb38-0e1a-42a0-a1a3-c170af371232,210ed547-7b94-4bfb-a12f-57907a1877cf,,INV-001121,Invoice for Support,viewed,2026-02-07,2026-10-06,2026-07-04T22:57:29.339325,,68549.53,0,0.0,68549.53,0,68549.53,USD,,,2025-09-27T02:14:21.339333,
73dedac5-e374-4466-b2ae-356f48b3c00e,7319bb38-0e1a-42a0-a1a3-c170af371232,,70a3588b-f0ba-4ba5-9673-037df2cea26a,INV-001122,Invoice for Services,sent,2025-12-23,2026-12-02,2026-07-01T16:53:06.339370,,97371.49,15,14605.72,111977.21,0,111977.21,USD,Thank you for your business!,,2026-02-14T10:21:22.339378,
1f6e27a5-14b0-49af-9626-c385f00cb5d4,7319bb38-0e1a-42a0-a1a3-c170af371232,,2a7a9439-e288-4c5f-9d70-757e2dd3a56d,INV-001123,Invoice for Support,paid,2025-08-16,2026-08-29,2026-02-11T05:37:30.339417,2026-05-06T00:21:38.339425,13849.37,0,0.0,13849.37,13849.37,0,USD,,,2026-05-11T10:38:51.339434,
43c59d7e-d1d7-443f-b5c3-6d60d9bda9c2,7319bb38-0e1a-42a0-a1a3-c170af371232,705bc769-2ff4-49d8-9cdc-650cb899b452,52ec6208-4ef4-43f0-9223-6ad9e44812d5,INV-001124,Invoice for Products,draft,2026-08-05,2026-11-18,,,74760.21,7.5,5607.02,80367.23,0,80367.23,USD,,,2025-11-02T11:04:28.339486,
7db88b99-c5ba-47b8-be5b-b27805ba7274,7319bb38-0e1a-42a0-a1a3-c170af371232,99dacce5-5be5-45bd-abd8-7c71353dc731,,INV-001125,Invoice for Support,draft,2026-07-12,2026-12-02,,,86597.91,7.5,6494.84,93092.75,0,93092.75,USD,,,2025-08-24T07:00:39.339527,
2b189bf8-2bbe-4fdc-87e8-ae9d0690a6d2,7319bb38-0e1a-42a0-a1a3-c170af371232,3ca3f404-fb16-4fc4-b40d-ffd91ff2b374,,INV-001126,Invoice for Support,partial,2025-09-23,2026-12-15,2026-07-17T01:16:40.339590,,43174.16,0,0.0,43174.16,21587.08,21587.08,USD,Thank you for your business!,,2025-08-30T03:10:32.339599,
a4852e10-2bc7-4eee-af36-d98f4cc02aa9,7319bb38-0e1a-42a0-a1a3-c170af371232,,,INV-001127,Invoice for Products,cancelled,2026-02-25,2026-08-31,2026-04-29T02:33:29.339744,,85631.19,15,12844.68,98475.87,0,98475.87,USD,,,2025-12-25T20:43:08.339783,
fe5bc12a-f4c0-4106-8fbe-52d7df5281d4,7319bb38-0e1a-42a0-a1a3-c170af371232,cce362a8-931c-4d53-b09f-456bdd8815a7,,INV-001128,Invoice for Subscription,viewed,2026-02-24,2026-08-14,2026-03-31T20:56:36.339831,,50461.7,8,4036.94,54498.64,0,54498.64,USD,,,2026-07-23T00:44:26.339840,
1c1e64aa-b2c6-4973-86df-b85231746557,7319bb38-0e1a-42a0-a1a3-c170af371232,8e684853-71c0-4464-aa76-6e4b69725ebe,,INV-001129,Invoice for Subscription,overdue,2026-05-11,2026-09-26,2026-03-28T05:20:09.339879,,64734.64,5,3236.73,67971.37,0,67971.37,USD,Thank you for your business!,,2026-07-12T22:15:28.339888,
d726e362-1b74-4135-8fcf-9c4934b415f1,7319bb38-0e1a-42a0-a1a3-c170af371232,897010f0-966c-4168-b945-39a6abdbeae3,,INV-001130,Invoice for Products,cancelled,2025-12-19,2026-10-06,2026-06-15T05:31:14.339927,,62168.0,5,3108.4,65276.4,0,65276.4,USD,,,2025-12-21T14:46:53.339936,
8553c210-10fd-4600-8ab3-cde2c70b4a16,7319bb38-0e1a-42a0-a1a3-c170af371232,,283f3d57-af32-485e-af92-6391779ee26f,INV-001131,Invoice for Services,partial,2026-01-04,2026-08-12,2026-05-08T10:24:39.339975,,40644.61,0,0.0,40644.61,20322.305,20322.305,USD,Thank you for your business!,,2026-04-02T07:47:44.339984,
768a1749-219b-48ae-9590-4dfb965c6d22,7319bb38-0e1a-42a0-a1a3-c170af371232,3c57fa86-8913-4e79-bf6d-1f450cf149bf,,INV-001132,Invoice for Products,viewed,2026-01-08,2026-10-30,2026-08-02T09:56:17.340037,,22093.3,10,2209.33,24302.63,0,24302.63,USD,Thank you for your business!,,2026-05-31T04:06:23.340046,
a3bf8c75-c7dc-4ba3-a5fd-8fd6a0cd3076,7319bb38-0e1a-42a0-a1a3-c170af371232,8b43d1d8-78cf-4d9d-86ac-c11331848257,9eddd804-6157-42c8-9401-297b25fd4941,INV-001133,Invoice for Services,draft,2025-12-21,2026-11-22,,,2436.34,15,365.45,2801.79,0,2801.79,USD,Thank you for your business!,,2026-07-12T08:16:57.340093,
3b2b6e87-0e15-470b-a9db-401d88cc3378,7319bb38-0e1a-42a0-a1a3-c170af371232,f8916c32-b581-4065-9780-98c6ad57cf4d,,INV-001134,Invoice for Consulting,partial,2025-09-21,2026-08-29,2026-06-30T00:24:56.340131,,50826.96,0,0.0,50826.96,25413.48,25413.48,USD,Thank you for your business!,,2025-12-15T16:08:12.340140,
a01687be-3469-414e-9f9c-ca318a2f1278,7319bb38-0e1a-42a0-a1a3-c170af371232,92eefa23-08b0-49d2-a21b-3cb4bf494334,83f06350-d1eb-4c7d-9fbe-86368e9f97cf,INV-001135,Invoice for Products,viewed,2025-11-01,2026-12-06,2026-07-23T08:06:28.340181,,47927.22,5,2396.36,50323.58,0,50323.58,USD,,08028b51-e607-413d-be11-21209f988f68,2026-04-21T03:58:39.340192,
baf22c7c-fe07-45bd-b6c3-12f326073b79,7319bb38-0e1a-42a0-a1a3-c170af371232,fd5d4710-0832-4667-bbcf-397114163561,,INV-001136,Invoice for Support,cancelled,2025-08-22,2026-11-13,2026-03-21T07:45:56.340230,,68607.68,7.5,5145.58,73753.26,0,73753.26,USD,Thank you for your business!,,2026-06-04T10:49:43.340239,
34414cb0-6ada-40c3-af77-ac01deb80cb3,7319bb38-0e1a-42a0-a1a3-c170af371232,c11edf7b-eec0-4660-9324-7154dcf3a307,,INV-001137,Invoice for Products,viewed,2026-01-17,2026-12-04,2026-05-19T15:29:33.340284,,12457.03,15,1868.55,14325.58,0,14325.58,USD,,,2025-12-04T16:08:54.340293,
3c3b9d17-543d-45c6-8d37-0af21c30c2bb,7319bb38-0e1a-42a0-a1a3-c170af371232,07a37c3b-d0a7-4195-ae9c-13df85fa7d41,,INV-001138,Invoice for Support,paid,2026-06-16,2027-01-12,2026-04-29T20:44:05.340332,2026-05-12T19:38:48.340340,94624.84,8,7569.99,102194.83,102194.83,0,USD,Thank you for your business!,e317b3bc-d503-43fd-b926-e14d39b716c1,2026-07-28T14:52:45.340351,
1b9eaa49-5d53-45b3-b21a-d53ecf521436,7319bb38-0e1a-42a0-a1a3-c170af371232,,2989b84a-bfd5-46cf-bc59-36102cc325e1,INV-001139,Invoice for Subscription,sent,2026-02-06,2027-01-02,2026-02-24T13:02:54.340391,,45703.39,5,2285.17,47988.56,0,47988.56,USD,Thank you for your business!,0c200ae9-33c6-4dfe-ab93-2a193503d04e,2026-04-16T22:52:19.340402,
b0a125db-a9f1-4377-bd3f-2e723018d133,7319bb38-0e1a-42a0-a1a3-c170af371232,c97ca7fa-5ef9-44a7-89a5-8a053f60dc92,,INV-001140,Invoice for Consulting,partial,2025-08-13,2026-12-14,2026-05-24T18:51:36.340440,,35068.11,7.5,2630.11,37698.22,18849.11,18849.11,USD,,d36821df-d9ea-4981-b588-d3959e886836,2026-03-16T23:30:51.340460,
e8999ebc-8ab3-4887-8b1c-197e4ff9e656,7319bb38-0e1a-42a0-a1a3-c170af371232,,16d24799-8270-40ca-9d34-9683e072d57a,INV-001141,Invoice for Support,draft,2025-10-14,2026-12-03,,,28944.48,0,0.0,28944.48,0,28944.48,USD,Thank you for your business!,,2025-11-15T00:32:07.340502,
5e8aedb1-5726-4b4e-a15f-6618aa0ded04,7319bb38-0e1a-42a0-a1a3-c170af371232,,,INV-001142,Invoice for Services,paid,2026-03-25,2026-10-28,2026-07-30T23:02:09.340546,2026-05-21T23:10:45.340554,60464.96,10,6046.5,66511.46,66511.46,0,USD,,,2025-10-06T00:49:35.340563,
545b6623-b15c-42ec-91ff-0e46b53e208b,7319bb38-0e1a-42a0-a1a3-c170af371232,,,INV-001143,Invoice for Subscription,partial,2026-01-07,2026-08-26,2026-07-25T01:36:09.340601,,22558.47,5,1127.92,23686.39,11843.195,11843.195,USD,,,2026-05-14T17:43:14.340610,
4dc6207e-eff5-46d7-9873-f98d25c6537e,7319bb38-0e1a-42a0-a1a3-c170af371232,adff4827-1f9c-48d1-a5d3-e09889b5e636,,INV-001144,Invoice for Consulting,cancelled,2026-03-16,2026-09-23,2026-03-01T10:25:54.340648,,99350.28,0,0.0,99350.28,0,99350.28,USD,Thank you for your business!,f62c3bed-01a7-443a-bdda-fa260072e76f,2026-05-19T22:33:41.340659,
d599e2cc-0be0-47a4-8011-8d78e43835af,7319bb38-0e1a-42a0-a1a3-c170af371232,0ef8837b-ec43-4959-82c0-1abc8804ee63,cd680f6f-7943-49e7-9131-272d486cad9e,INV-001145,Invoice for Support,partial,2026-07-15,2026-11-11,2026-02-22T10:37:11.340698,,1474.98,0,0.0,1474.98,737.49,737.49,USD,Thank you for your business!,66c65137-73b5-4e14-b8cf-ec44135a3870,2026-07-24T00:53:52.340708,
9bd65a5b-2968-48fd-b339-2c5c150c6d52,7319bb38-0e1a-42a0-a1a3-c170af371232,,8cda1538-d149-42f0-a420-617458b6eab4,INV-001146,Invoice for Support,cancelled,2026-03-27,2026-10-21,2026-06-10T04:57:25.340746,,91954.74,0,0.0,91954.74,0,91954.74,USD,Thank you for your business!,,2026-05-06T15:39:37.340755,
a5194cf8-a6c8-462a-9d27-fa690ae4843d,7319bb38-0e1a-42a0-a1a3-c170af371232,,,INV-001147,Invoice for Services,cancelled,2025-11-24,2026-11-14,2026-07-26T09:06:40.340800,,29921.48,0,0.0,29921.48,0,29921.48,USD,,180c5a0f-75a2-403a-b761-f9a4d076292e,2026-06-14T09:58:09.340811,
b18cb645-fdab-4c27-ac0d-05a4a2d446e5,7319bb38-0e1a-42a0-a1a3-c170af371232,,,INV-001148,Invoice for Subscription,draft,2026-03-06,2027-01-16,,,16023.53,20,3204.71,19228.24,0,19228.24,USD,,abaed28c-c9eb-4e6c-a7ef-8d5c9e19115c,2026-01-02T23:42:24.340858,
db13bb30-d95e-4a10-894c-e0d2b3fb2841,7319bb38-0e1a-42a0-a1a3-c170af371232,,,INV-001149,Invoice for Subscription,draft,2025-08-25,2026-11-01,,,38062.38,10,3806.24,41868.62,0,41868.62,USD,Thank you for your business!,,2026-06-26T07:55:02.340896,
b57dbea3-9297-4157-81bc-51e9ea9a4e34,7319bb38-0e1a-42a0-a1a3-c170af371232,9229af66-d6af-44c3-a9a6-e1767833de4e,29dbcc5c-f0d1-4f5b-9906-7cd01a1c4689,INV-001150,Invoice for Subscription,cancelled,2026-04-29,2026-12-16,2026-02-08T23:03:13.340936,,10451.63,0,0.0,10451.63,0,10451.63,USD,Thank you for your business!,,2026-01-13T11:25:02.340947,
1622fbc2-112a-47e6-a1e5-1aa4e6a60169,7319bb38-0e1a-42a0-a1a3-c170af371232,,,INV-001151,Invoice for Subscription,paid,2026-05-01,2026-11-12,2026-03-17T02:00:53.340993,2026-05-07T22:07:15.341001,99519.24,10,9951.92,109471.16,109471.16,0,USD,,468df981-1009-4e91-85d5-3e5dcc3174ec,2025-11-03T00:41:51.341011,
2320e941-e7ea-405b-b848-9b5aec5df234,7319bb38-0e1a-42a0-a1a3-c170af371232,a1dd8a92-39c9-4e64-94bd-ef52c595985a,de300efe-6f42-4241-a009-316d00764fed,INV-001152,Invoice for Consulting,overdue,2026-04-09,2026-10-24,2026-05-09T18:09:44.341056,,55938.19,8,4475.06,60413.25,0,60413.25,USD,,,2025-10-26T06:54:45.341066,
a2d880a8-72d7-4286-9ce3-9bf7f85cc08c,7319bb38-0e1a-42a0-a1a3-c170af371232,,3eba8e4f-67bc-484f-b06d-1d2caf261c91,INV-001153,Invoice for Subscription,viewed,2026-05-07,2026-10-05,2026-05-05T18:12:31.341104,,55925.77,8,4474.06,60399.83,0,60399.83,USD,,,2026-05-26T21:41:29.341113,
969efcea-439c-4347-a973-bfc21d1d852b,7319bb38-0e1a-42a0-a1a3-c170af371232,dfafae00-0e22-45e2-a298-ee6088ed081c,,INV-001154,Invoice for Support,overdue,2026-01-24,2026-08-26,2026-02-16T14:55:46.341152,,73817.37,20,14763.47,88580.84,0,88580.84,USD,Thank you for your business!,,2026-03-24T08:57:29.341161,
d04704f4-06a3-40b4-8d6e-95ff4648865e,7319bb38-0e1a-42a0-a1a3-c170af371232,7d510f64-3d5a-4e51-8a14-d0eaa53f0514,,INV-001155,Invoice for Products,cancelled,2026-06-25,2026-12-11,2026-02-15T14:04:26.341198,,89575.22,0,0.0,89575.22,0,89575.22,USD,Thank you for your business!,,2026-06-25T14:54:20.341207,
25361b6a-d86d-4035-a9cb-2a7715041f76,7319bb38-0e1a-42a0-a1a3-c170af371232,,,INV-001156,Invoice for Products,viewed,2025-12-05,2026-10-01,2026-03-17T22:21:16.341243,,95412.27,15,14311.84,109724.11,0,109724.11,USD,Thank you for your business!,,2026-03-17T14:31:58.341251,
b626888b-0f22-47f6-b445-7e1553338cd7,7319bb38-0e1a-42a0-a1a3-c170af371232,5b075688-1141-486c-a671-47d1a2dc54e5,,INV-001157,Invoice for Subscription,draft,2025-11-29,2026-08-29,,,61962.79,7.5,4647.21,66610.0,0,66610.0,USD,,,2026-03-24T04:27:14.341292,
adee1fef-a385-41a3-a845-4a9ad29c1429,7319bb38-0e1a-42a0-a1a3-c170af371232,30569a0f-caa8-442c-9f4a-f66990b89250,,INV-001158,Invoice for Subscription,viewed,2025-11-07,2026-10-10,2026-04-03T15:28:10.341335,,18973.61,7.5,1423.02,20396.63,0,20396.63,USD,,,2025-09-15T08:46:05.341344,
4e27de41-c553-4b45-8ff5-2e08518b43c3,7319bb38-0e1a-42a0-a1a3-c170af371232,f594ad44-6a4c-4e73-9665-3296de12e85d,,INV-001159,Invoice for Support,sent,2026-02-07,2026-12-10,2026-02-05T03:26:58.341381,,2074.02,20,414.8,2488.82,0,2488.82,USD,Thank you for your business!,5a9921de-604d-4345-a053-0e27f4c190c1,2026-06-25T20:04:18.341392,
874a7958-7947-4dbc-9310-8fdf858c3fc0,7319bb38-0e1a-42a0-a1a3-c170af371232,,,INV-001160,Invoice for Support,cancelled,2026-04-13,2026-09-06,2026-02-16T04:08:30.341428,,95859.12,15,14378.87,110237.99,0,110237.99,USD,,,2026-01-09T22:40:20.341437,
c69f862b-ce16-46f1-916f-68ec9ffdf6c9,7319bb38-0e1a-42a0-a1a3-c170af371232,,6d672438-1cac-4d94-983b-009859fab19d,INV-001161,Invoice for Consulting,sent,2026-04-23,2027-01-16,2026-07-19T05:11:24.341488,,73791.26,20,14758.25,88549.51,0,88549.51,USD,,,2025-11-15T06:56:54.341497,
297c3d94-70f8-422e-8228-2e01470eef7a,7319bb38-0e1a-42a0-a1a3-c170af371232,d3e42a80-250a-4d0b-b03c-9b84c3cc67c4,,INV-001162,Invoice for Subscription,viewed,2026-04-27,2026-10-09,2026-04-16T06:49:45.341537,,98051.18,7.5,7353.84,105405.02,0,105405.02,USD,,,2026-04-09T12:10:44.341546,
5d053ff3-f7a2-493c-a079-0e9b86f9815b,7319bb38-0e1a-42a0-a1a3-c170af371232,,,INV-001163,Invoice for Services,draft,2025-09-04,2026-12-21,,,69251.17,10,6925.12,76176.29,0,76176.29,USD,Thank you for your business!,,2025-09-06T13:48:40.341590,
39315e7c-fd1b-4fc5-9915-8bebd6b1a1a1,7319bb38-0e1a-42a0-a1a3-c170af371232,,3297cf90-f282-4e3b-92a8-1486947ea316,INV-001164,Invoice for Services,overdue,2025-09-18,2026-12-02,2026-03-14T10:39:29.341636,,58075.46,20,11615.09,69690.55,0,69690.55,USD,Thank you for your business!,,2025-08-17T09:45:30.341645,
b6525a40-82ed-4a5d-87d9-b9b06da8efb0,7319bb38-0e1a-42a0-a1a3-c170af371232,,,INV-001165,Invoice for Subscription,draft,2026-04-08,2026-10-17,,,61408.93,8,4912.71,66321.64,0,66321.64,USD,Thank you for your business!,,2025-09-19T08:42:41.341686,
fedb7c3b-4b4f-407c-b34c-b3570bdfb05f,7319bb38-0e1a-42a0-a1a3-c170af371232,34d13ece-8061-4142-9a1e-eec007e74229,,INV-001166,Invoice for Subscription,paid,2026-04-22,2026-09-19,2026-05-25T10:14:38.341734,2026-05-09T20:07:33.341743,82166.16,0,0.0,82166.16,82166.16,0,USD,,,2025-10-24T03:55:37.341751,
2dd5e014-5d40-4c92-a7fe-55c6547d25b5,7319bb38-0e1a-42a0-a1a3-c170af371232,c7daa626-ea7d-4b6f-bb74-872fd9e28a8e,fa9e2caa-b3a9-408f-9168-37e33fe363f7,INV-001167,Invoice for Services,overdue,2025-08-30,2026-12-17,2026-04-07T10:34:13.341791,,20278.49,5,1013.92,21292.41,0,21292.41,USD,Thank you for your business!,9960bb50-d0b7-468e-8382-201c333a2d67,2026-07-23T07:37:47.341801,
a1553753-15a2-4289-9bbd-1657bd851ad8,7319bb38-0e1a-42a0-a1a3-c170af371232,73f3dee6-980d-448f-8fce-3cb185959b96,,INV-001168,Invoice for Services,paid,2025-10-30,2026-12-18,2026-03-25T22:54:23.341849,2026-05-07T23:01:50.341858,47058.92,7.5,3529.42,50588.34,50588.34,0,USD,,,2025-12-08T10:02:11.341867,
ddb57b5e-681f-4bcd-afc0-0615e3710f94,7319bb38-0e1a-42a0-a1a3-c170af371232,,e222e117-55d9-437b-94c3-3db41f09400b,INV-001169,Invoice for Products,draft,2026-07-07,2026-10-15,,,59839.01,5,2991.95,62830.96,0,62830.96,USD,,,2025-10-13T20:40:55.341908,
8d3ac541-ddba-4fa7-a429-849e66604365,7319bb38-0e1a-42a0-a1a3-c170af371232,1b365a63-f288-4601-9656-5fc2966fccfd,,INV-001170,Invoice for Services,sent,2025-09-25,2026-08-12,2026-07-29T03:48:25.341946,,63282.61,7.5,4746.2,68028.81,0,68028.81,USD,,0e90fc84-e32c-4d94-b99b-ad0aab33e630,2026-01-16T23:47:30.341959,
1e7b1661-e39a-4914-95a9-411d3a8e1c37,7319bb38-0e1a-42a0-a1a3-c170af371232,8f925f74-42c2-4a60-b1c3-6d70c54d9657,,INV-001171,Invoice for Services,cancelled,2025-08-18,2026-08-28,2026-02-17T21:11:25.341997,,24959.36,10,2495.94,27455.3,0,27455.3,USD,Thank you for your business!,,2026-05-20T23:21:46.342007,
3b0a1ad1-ee1e-4bd5-b207-c98cb79476d0,7319bb38-0e1a-42a0-a1a3-c170af371232,dba6aff9-0ed3-407c-9e53-9ea6c786293e,,INV-001172,Invoice for Products,paid,2026-03-24,2026-12-28,2026-04-10T16:27:09.342047,2026-05-18T09:41:35.342056,16444.79,15,2466.72,18911.51,18911.51,0,USD,Thank you for your business!,,2026-04-10T08:45:17.342065,
81f6e9a2-349f-4371-b0c3-ca4480750968,7319bb38-0e1a-42a0-a1a3-c170af371232,c18891ac-a052-49c7-b64c-658bfa9a0cdd,8863caad-291d-45f7-9b2e-d21c7cb8e958,INV-001173,Invoice for Support,sent,2025-11-24,2027-01-05,2026-05-04T15:15:44.342114,,78446.62,0,0.0,78446.62,0,78446.62,USD,Thank you for your business!,b0a43766-58be-4fe6-b777-934b4156b516,2026-01-17T18:13:49.342125,
a4fbb55f-afdc-4c42-9127-e65be9ab6e28,7319bb38-0e1a-42a0-a1a3-c170af371232,ee88e656-74b2-47fa-ada1-a5a4eb077030,,INV-001174,Invoice for Consulting,partial,2026-04-09,2027-01-03,2026-05-02T02:56:36.342166,,57287.82,8,4583.03,61870.85,30935.425,30935.425,USD,Thank you for your business!,,2026-06-18T03:08:57.342174,
6b761cc7-fee8-413b-867c-ff128858d90e,7319bb38-0e1a-42a0-a1a3-c170af371232,6612e9ea-ff09-45ff-8edd-ec8e4775591a,,INV-001175,Invoice for Consulting,partial,2026-05-05,2026-09-02,2026-02-24T23:49:08.342214,,60041.29,0,0.0,60041.29,30020.645,30020.645,USD,Thank you for your business!,,2025-10-15T08:38:30.342224,
4b932763-26f7-4cb5-b46a-0f41b49f4af6,7319bb38-0e1a-42a0-a1a3-c170af371232,04585420-743e-4890-836e-edc82d5666ea,,INV-001176,Invoice for Services,partial,2026-05-24,2026-11-16,2026-05-22T22:14:54.342265,,36216.29,10,3621.63,39837.92,19918.96,19918.96,USD,Thank you for your business!,,2026-03-16T18:21:14.342274,
f41edc4b-2fc6-4742-81c5-eaa7128b58cb,7319bb38-0e1a-42a0-a1a3-c170af371232,,2989b84a-bfd5-46cf-bc59-36102cc325e1,INV-001177,Invoice for Products,partial,2025-09-21,2026-11-07,2026-03-28T17:04:14.342314,,15475.55,15,2321.33,17796.88,8898.44,8898.44,USD,,453d5760-18ec-4aff-9748-e1235af185d6,2026-01-11T12:35:08.342325,
06cc3f7a-8c1f-4c84-958e-6a87b3481ae9,7319bb38-0e1a-42a0-a1a3-c170af371232,,,INV-001178,Invoice for Consulting,sent,2025-11-19,2026-08-13,2026-03-04T04:14:56.342366,,21130.12,20,4226.02,25356.14,0,25356.14,USD,Thank you for your business!,62d4a568-4d22-47c4-8cfc-fd7b6421b0bc,2026-03-15T10:07:13.342377,
fbafdf9a-514e-4c35-b838-4f1e529c6c18,7319bb38-0e1a-42a0-a1a3-c170af371232,,,INV-001179,Invoice for Support,viewed,2025-12-19,2026-12-28,2026-05-31T11:51:58.342423,,48349.36,20,9669.87,58019.23,0,58019.23,USD,Thank you for your business!,,2026-04-25T06:09:45.342432,
74f05031-3bc0-4910-8818-2fe0469ccbc4,7319bb38-0e1a-42a0-a1a3-c170af371232,,,INV-001180,Invoice for Subscription,sent,2026-04-26,2026-08-12,2026-05-11T18:32:36.342491,,22053.25,15,3307.99,25361.24,0,25361.24,USD,Thank you for your business!,,2026-03-29T19:34:10.342501,
dd8734db-e5ae-4950-8416-a74dd50fd99d,7319bb38-0e1a-42a0-a1a3-c170af371232,b52dcc2a-85a6-419e-a123-0daeb3544bc9,,INV-001181,Invoice for Products,viewed,2026-06-13,2026-09-18,2026-04-17T00:19:16.342546,,98220.19,20,19644.04,117864.23,0,117864.23,USD,Thank you for your business!,,2026-07-08T13:10:17.342557,
1960601e-cc09-41e7-9d19-71a91f669cc6,7319bb38-0e1a-42a0-a1a3-c170af371232,c8faec88-7ea9-4469-b038-5e4783f5e8f8,b5b7e151-f3cf-4a55-ad85-c67a33232b0b,INV-001182,Invoice for Products,partial,2026-03-27,2026-09-20,2026-07-22T08:17:15.342603,,93337.91,7.5,7000.34,100338.25,50169.125,50169.125,USD,Thank you for your business!,,2026-06-03T14:29:20.342614,
bfce0b46-11cf-4bfb-bb32-c4524d981791,7319bb38-0e1a-42a0-a1a3-c170af371232,,db636165-9a35-4fb9-8561-6ad3e67d3dc8,INV-001183,Invoice for Subscription,paid,2026-06-10,2026-09-15,2026-03-17T02:02:43.342658,2026-06-24T18:15:57.342668,9690.22,0,0.0,9690.22,9690.22,0,USD,Thank you for your business!,,2026-05-15T21:14:24.342679,
916c2c61-a5e4-4ecc-a3d4-b00964e32117,7319bb38-0e1a-42a0-a1a3-c170af371232,,,INV-001184,Invoice for Services,overdue,2026-07-20,2026-12-03,2026-06-21T16:09:51.342727,,19411.35,7.5,1455.85,20867.2,0,20867.2,USD,,,2025-10-28T08:40:41.342746,
7fa93c44-6d32-486f-ae94-74a9c7423237,7319bb38-0e1a-42a0-a1a3-c170af371232,62bc5a21-b001-472b-967e-f73188248982,,INV-001185,Invoice for Subscription,sent,2025-11-17,2026-11-22,2026-02-08T14:32:48.342792,,58124.86,20,11624.97,69749.83,0,69749.83,USD,Thank you for your business!,,2025-12-23T10:47:28.342803,
cab3d7fa-2f5d-47ce-b502-d8921f0fd370,7319bb38-0e1a-42a0-a1a3-c170af371232,,7cc03d59-c61d-4047-894a-c0e45d07bbef,INV-001186,Invoice for Services,viewed,2026-04-20,2026-12-30,2026-03-24T13:47:07.342844,,91944.68,10,9194.47,101139.15,0,101139.15,USD,,,2026-07-12T03:56:19.342852,
ab7044c0-c5ea-4234-977d-bc28b8f9a84f,7319bb38-0e1a-42a0-a1a3-c170af371232,6ed754be-6dbf-401c-8e7f-33b0fb7300e3,,INV-001187,Invoice for Services,paid,2026-05-28,2026-12-11,2026-06-16T15:12:51.342890,2026-08-01T12:24:17.342899,29777.94,0,0.0,29777.94,29777.94,0,USD,,0c4c2ad3-a988-4b38-88db-50e2597d168f,2026-04-01T12:12:19.342909,
b760d819-1c1f-42cf-8b60-4badf98dc4d0,7319bb38-0e1a-42a0-a1a3-c170af371232,025f8108-8bb5-4c79-b19e-38f88cafe7fa,b9ab76b5-9fc6-463c-8a6f-589448ae5992,INV-001188,Invoice for Subscription,partial,2025-12-22,2026-12-04,2026-02-11T21:05:01.342950,,55276.4,20,11055.28,66331.68,33165.84,33165.84,USD,,,2025-11-25T15:14:03.342960,
950a5bfc-37f3-4f16-949f-f3e13c7afa5a,7319bb38-0e1a-42a0-a1a3-c170af371232,dd69e87a-1ed8-43f2-b610-3fd1ea0def31,,INV-001189,Invoice for Support,overdue,2026-02-16,2027-01-20,2026-07-13T16:11:17.343011,,94634.38,0,0.0,94634.38,0,94634.38,USD,Thank you for your business!,,2025-10-17T18:23:06.343022,
366e649d-c4e1-4a27-a71b-5cefb5c6a70c,7319bb38-0e1a-42a0-a1a3-c170af371232,f4b9cb30-e5d5-456a-b5e9-246d4ce9d124,,INV-001190,Invoice for Subscription,paid,2025-09-24,2026-12-31,2026-04-25T06:05:18.343065,2026-05-12T05:21:10.343075,43842.05,20,8768.41,52610.46,52610.46,0,USD,Thank you for your business!,,2025-10-28T19:59:36.343084,
6363c31e-7eec-4345-9ccd-021fc0754adb,7319bb38-0e1a-42a0-a1a3-c170af371232,0b67c34e-68f8-49f7-8a25-e3e787563ccd,2a7a9439-e288-4c5f-9d70-757e2dd3a56d,INV-001191,Invoice for Subscription,overdue,2026-07-25,2026-08-24,2026-02-21T23:43:53.343128,,20481.64,7.5,1536.12,22017.76,0,22017.76,USD,,,2025-08-12T16:11:20.343138,
40deff75-f9df-4bc5-a273-8c85f4b6cf9e,7319bb38-0e1a-42a0-a1a3-c170af371232,,70f85d2c-46cf-4f5a-8d96-81c1d0cd7f57,INV-001192,Invoice for Support,cancelled,2026-04-06,2027-01-12,2026-07-21T18:43:51.343182,,53084.07,15,7962.61,61046.68,0,61046.68,USD,,,2025-09-24T07:31:33.343192,
0a36c2c6-aac0-46ae-be24-263053aa46bc,7319bb38-0e1a-42a0-a1a3-c170af371232,,,INV-001193,Invoice for Support,cancelled,2025-09-16,2026-11-13,2026-03-04T18:31:34.343236,,65204.26,5,3260.21,68464.47,0,68464.47,USD,Thank you for your business!,,2026-08-05T16:27:31.343246,
6f41db2e-4919-4655-a58d-1c3a8e676535,7319bb38-0e1a-42a0-a1a3-c170af371232,,,INV-001194,Invoice for Consulting,viewed,2026-04-10,2026-12-15,2026-05-31T13:40:12.343295,,73178.11,5,3658.91,76837.02,0,76837.02,USD,,a21077b3-2f13-45cd-bf56-54f1076d1dcd,2026-01-23T08:32:16.343307,
736a6969-ea3b-4272-844c-3e6d4e02f243,7319bb38-0e1a-42a0-a1a3-c170af371232,8f8effb6-982e-4110-ba39-8e20fc975346,2989b84a-bfd5-46cf-bc59-36102cc325e1,INV-001195,Invoice for Support,sent,2025-10-06,2026-08-22,2026-05-05T22:48:09.343353,,23717.01,10,2371.7,26088.71,0,26088.71,USD,,,2026-03-15T01:12:41.343364,
b08778f9-02cd-4c73-a423-39f6ee10797c,7319bb38-0e1a-42a0-a1a3-c170af371232,e7c98717-f136-4afa-872b-6bcfebe51faf,,INV-001196,Invoice for Support,paid,2026-01-10,2027-01-02,2026-04-15T06:39:14.343416,2026-05-13T03:44:09.343426,56180.95,5,2809.05,58990.0,58990.0,0,USD,Thank you for your business!,,2026-05-12T09:37:23.343436,
d6054a0b-ae8a-47ce-8906-4ccf3c502509,7319bb38-0e1a-42a0-a1a3-c170af371232,b8e90aa3-e9dc-4978-b09e-44fb78522fc6,,INV-001197,Invoice for Support,sent,2025-11-25,2026-09-05,2026-04-15T18:19:57.343566,,52392.51,10,5239.25,57631.76,0,57631.76,USD,,,2025-08-23T22:01:51.343576,
6ec2eab1-f10a-4260-9504-78e852f7fc3c,7319bb38-0e1a-42a0-a1a3-c170af371232,0d1ad625-f45a-429a-8b9e-2f4d4563557a,,INV-001198,Invoice for Products,overdue,2026-03-20,2026-12-08,2026-05-05T04:54:53.343620,,16908.75,15,2536.31,19445.06,0,19445.06,USD,,,2025-11-12T22:45:42.343631,
fde90b74-444c-426f-9b39-eb83a2b192f6,7319bb38-0e1a-42a0-a1a3-c170af371232,a24450fc-e549-4eb4-b9f6-7fc91e7bf22c,,INV-001199,Invoice for Consulting,viewed,2026-01-31,2026-11-09,2026-07-31T17:53:12.343683,,37802.96,15,5670.44,43473.4,0,43473.4,USD,Thank you for your business!,,2026-06-24T13:28:40.343693,
35bc13d9-f731-488a-aeed-b8abab0088a9,7319bb38-0e1a-42a0-a1a3-c170af371232,,0ef38ab1-7b31-4f4b-a383-7fca8b7a15d0,INV-001200,Invoice for Support,draft,2025-10-23,2026-12-02,,,66993.54,10,6699.35,73692.89,0,73692.89,USD,Thank you for your business!,17526121-b801-49fd-99c6-b07e93cbf189,2025-12-15T08:50:02.343740,
1981c08e-4033-4d14-8679-83c32560194a,2742825a-3e35-4f86-ae5a-aca92762e3ea,7d8e0809-0b77-4f34-8e4c-369a537b937a,16de145e-51cf-42d7-a00a-6da572ae8774,INV-001201,Invoice for Subscription,draft,2026-03-01,2026-12-14,,,74205.51,20,14841.1,89046.61,0,89046.61,USD,Thank you for your business!,,2026-01-07T21:06:39.347828,
3eff0389-5644-4dc8-bd32-9eefb3c48f44,2742825a-3e35-4f86-ae5a-aca92762e3ea,a1aaf4ca-4b86-4006-83bb-0bccb9c0ec49,,INV-001202,Invoice for Subscription,paid,2025-09-08,2026-11-29,2026-05-13T15:13:43.347870,2026-04-26T07:47:17.347876,24208.71,0,0.0,24208.71,24208.71,0,USD,Thank you for your business!,,2025-12-04T10:28:11.347882,
8a8ada33-1cd8-4514-a960-b25c2b485187,2742825a-3e35-4f86-ae5a-aca92762e3ea,2e166373-302b-423d-8196-42451a77e94b,,INV-001203,Invoice for Products,sent,2025-11-17,2026-11-23,2026-03-18T08:13:53.347911,,10051.82,0,0.0,10051.82,0,10051.82,USD,Thank you for your business!,,2026-02-10T04:46:39.347917,
c62d501f-e866-4e69-8843-0da983418d99,2742825a-3e35-4f86-ae5a-aca92762e3ea,,067fd4ef-8bdb-419d-bb82-82821ad2f0b8,INV-001204,Invoice for Consulting,paid,2025-10-31,2026-09-26,2026-06-27T10:24:30.347953,2026-06-08T06:00:02.347958,9664.01,10,966.4,10630.41,10630.41,0,USD,,815f4801-8c96-4d97-b1e0-5e4d982d6fc1,2026-03-06T00:22:25.347966,
260a5577-aeeb-442d-ae20-88467b345270,2742825a-3e35-4f86-ae5a-aca92762e3ea,,6c7637f2-8dc0-48f6-95a3-3735dca5f88a,INV-001205,Invoice for Products,draft,2025-10-11,2026-12-20,,,4765.75,20,953.15,5718.9,0,5718.9,USD,Thank you for your business!,,2026-05-23T17:42:44.347995,
bb08f8d1-8ddd-433c-87de-a595222e0045,2742825a-3e35-4f86-ae5a-aca92762e3ea,1c6e3c46-1f81-43b3-9ee0-0c517e215b5e,,INV-001206,Invoice for Support,overdue,2025-09-10,2026-12-21,2026-07-31T15:52:10.348022,,31909.08,0,0.0,31909.08,0,31909.08,USD,Thank you for your business!,0ec760b0-ebf9-43bf-84a0-726e1dde8fc8,2025-10-25T08:59:50.348029,
961ae502-62e0-474e-9a4f-aa242db23f80,2742825a-3e35-4f86-ae5a-aca92762e3ea,,,INV-001207,Invoice for Consulting,paid,2026-02-23,2026-11-24,2026-05-27T22:57:17.348060,2026-05-27T21:32:24.348065,94426.18,7.5,7081.96,101508.14,101508.14,0,USD,,,2025-10-13T16:22:39.348071,
a6f79cc9-5acf-40d7-9a6c-ecbae47aaa87,2742825a-3e35-4f86-ae5a-aca92762e3ea,ccc12b35-56e0-4e48-99c3-5b7991c474b3,cefe9114-7b41-4d60-9e95-d5bd997e6d34,INV-001208,Invoice for Services,partial,2026-06-30,2027-01-02,2026-02-20T10:06:46.348100,,66646.34,5,3332.32,69978.66,34989.33,34989.33,USD,Thank you for your business!,,2026-08-04T14:15:56.348106,
51124625-6547-4866-bf05-7b59ef19d26e,2742825a-3e35-4f86-ae5a-aca92762e3ea,,0cddb1d9-2fff-49b9-bdb1-9a882d3d8ba3,INV-001209,Invoice for Subscription,partial,2025-11-12,2027-01-23,2026-04-26T03:50:31.348133,,87470.33,8,6997.63,94467.96,47233.98,47233.98,USD,,27af521b-8c04-4d4d-bd05-db4a55615cc1,2025-11-16T16:34:15.348140,
daea7745-b09f-4f80-b912-1c56efc4e09f,2742825a-3e35-4f86-ae5a-aca92762e3ea,a8c36ffa-0713-4350-a43c-696ec9660a82,,INV-001210,Invoice for Subscription,draft,2026-06-13,2026-12-09,,,73894.84,10,7389.48,81284.32,0,81284.32,USD,,699a09d8-cbfa-4bcd-a079-103f4e417485,2026-01-03T10:49:01.348169,
ba80ce1d-3e11-41c5-9776-be498c9c2492,2742825a-3e35-4f86-ae5a-aca92762e3ea,,,INV-001211,Invoice for Products,cancelled,2026-06-16,2026-12-20,2026-06-03T19:36:23.348199,,80881.56,8,6470.52,87352.08,0,87352.08,USD,Thank you for your business!,,2025-12-02T09:20:04.348205,
b617cf08-f16d-439a-9abd-f85c9a5444ca,2742825a-3e35-4f86-ae5a-aca92762e3ea,1e5be62c-4607-4c51-93e7-3d3498e4fe1d,,INV-001212,Invoice for Consulting,paid,2025-10-08,2026-10-01,2026-04-17T13:41:45.348232,2026-06-07T19:32:52.348237,50003.42,15,7500.51,57503.93,57503.93,0,USD,,,2026-02-05T08:45:26.348243,
4f5e2015-8814-4895-9114-a824f754c5ff,2742825a-3e35-4f86-ae5a-aca92762e3ea,f06f0b71-dc5d-4a01-997a-586826be6863,,INV-001213,Invoice for Consulting,sent,2025-09-01,2026-11-28,2026-04-22T23:23:11.348270,,83811.88,7.5,6285.89,90097.77,0,90097.77,USD,,4081d185-34c9-4460-a4d1-c11293c0f2fc,2025-09-27T05:43:02.348277,
d62b1b79-e99d-4de2-8844-7e15799a502b,2742825a-3e35-4f86-ae5a-aca92762e3ea,5108c63f-4763-468f-af63-17f4f07a78e9,22dbfb41-808b-4525-b2f4-f10f2a6a06e1,INV-001214,Invoice for Products,cancelled,2026-06-17,2026-11-16,2026-02-17T14:26:29.348307,,49696.21,8,3975.7,53671.91,0,53671.91,USD,Thank you for your business!,,2025-10-10T11:30:25.348312,
b7739e7c-cee9-4578-b0a1-3e2210e4ba89,2742825a-3e35-4f86-ae5a-aca92762e3ea,,,INV-001215,Invoice for Products,overdue,2026-04-20,2026-10-02,2026-03-02T07:15:43.348338,,44970.96,5,2248.55,47219.51,0,47219.51,USD,,,2025-09-23T00:01:17.348344,
e0ac5f58-1154-4527-9699-ab9214eef703,2742825a-3e35-4f86-ae5a-aca92762e3ea,f5555b7f-5beb-43d6-9200-32151557be61,70e347cc-c71e-498f-a5c8-4d730d1e1d7f,INV-001216,Invoice for Subscription,sent,2026-03-30,2026-10-10,2026-05-12T09:28:21.348371,,15606.59,10,1560.66,17167.25,0,17167.25,USD,,cc27b7ab-c4b8-4747-82fd-c9be24cd26be,2026-02-28T02:14:21.348378,
d65a8ce7-efdf-4740-bc1a-7cbe4eb32039,2742825a-3e35-4f86-ae5a-aca92762e3ea,,,INV-001217,Invoice for Consulting,viewed,2026-04-20,2026-11-12,2026-02-08T01:32:21.348417,,50546.42,10,5054.64,55601.06,0,55601.06,USD,Thank you for your business!,d2effeed-ee9c-417e-9965-3a7355679f1c,2026-01-24T15:03:28.348425,
51eaf293-d289-407b-b0a6-ece0ec595120,2742825a-3e35-4f86-ae5a-aca92762e3ea,,249aeaa9-11e7-4a5d-bcfa-f7095831a8d9,INV-001218,Invoice for Consulting,cancelled,2025-09-30,2026-10-28,2026-06-08T06:37:38.348465,,92377.8,8,7390.22,99768.02,0,99768.02,USD,Thank you for your business!,,2026-08-02T11:03:18.348471,
31ce7962-4752-40e6-9ca4-10b835becd74,2742825a-3e35-4f86-ae5a-aca92762e3ea,,,INV-001219,Invoice for Support,viewed,2026-05-12,2026-12-08,2026-04-24T18:37:37.348498,,46257.96,8,3700.64,49958.6,0,49958.6,USD,Thank you for your business!,,2026-02-04T12:53:13.348503,
37b1416b-e1cd-40e8-85f2-920dc59da397,2742825a-3e35-4f86-ae5a-aca92762e3ea,,,INV-001220,Invoice for Products,overdue,2026-05-04,2026-10-31,2026-04-23T21:32:27.348529,,75363.44,10,7536.34,82899.78,0,82899.78,USD,,7988420c-5d78-49c4-b0b7-1fa5aa9803df,2025-08-29T11:05:54.348536,
9f71f6d1-ec3e-434c-90fe-e24a61cdc71b,2742825a-3e35-4f86-ae5a-aca92762e3ea,b868c276-f0e2-4ae5-8025-c55fc2ab62d1,2b083633-aaaf-488e-bbcb-87b4666406a4,INV-001221,Invoice for Products,sent,2026-03-08,2026-09-10,2026-02-11T14:31:09.348564,,55027.25,0,0.0,55027.25,0,55027.25,USD,Thank you for your business!,,2025-09-02T08:52:05.348570,
0c081e97-66e7-4ae9-a064-feca02c6576b,2742825a-3e35-4f86-ae5a-aca92762e3ea,cf1c80ae-e8c8-48f0-b186-09c41c7cb16a,,INV-001222,Invoice for Products,partial,2026-05-05,2026-08-19,2026-06-23T21:49:04.348597,,10282.66,8,822.61,11105.27,5552.635,5552.635,USD,,,2025-10-11T00:47:47.348603,
61b87dd3-f4b6-4d57-b11d-7e0a4414f617,2742825a-3e35-4f86-ae5a-aca92762e3ea,,c533159d-4861-4c33-b952-a79c4fd6ef10,INV-001223,Invoice for Services,draft,2026-01-30,2027-01-19,,,39283.81,0,0.0,39283.81,0,39283.81,USD,Thank you for your business!,6ca82699-0cd5-4989-a29b-5661c8555b43,2025-09-15T18:46:54.348631,
35427aef-2ab3-4daa-8ed7-108e83461354,2742825a-3e35-4f86-ae5a-aca92762e3ea,,,INV-001224,Invoice for Products,sent,2025-11-02,2026-10-17,2026-07-16T02:40:16.348661,,9007.81,0,0.0,9007.81,0,9007.81,USD,Thank you for your business!,c7d4543f-12fd-41c9-ace3-5dc7f7059b64,2026-05-08T09:27:08.348668,
f9b71f11-a2ed-48c5-be9a-9d8c2abec193,2742825a-3e35-4f86-ae5a-aca92762e3ea,dbf300e8-dc69-48d6-8365-6222530fbb05,,INV-001225,Invoice for Consulting,draft,2026-03-15,2026-08-29,,,96986.54,5,4849.33,101835.87,0,101835.87,USD,Thank you for your business!,,2026-07-03T16:58:47.348695,
a8d0585c-a04d-4e23-a7c5-c1be23a993c1,2742825a-3e35-4f86-ae5a-aca92762e3ea,19dd3ea6-f0fe-42b3-bc44-53e05e2053ca,,INV-001226,Invoice for Support,paid,2026-02-06,2026-09-30,2026-07-21T05:20:03.348722,2026-07-13T14:22:13.348727,45391.57,15,6808.74,52200.31,52200.31,0,USD,,,2025-11-02T03:56:29.348733,
003c1b6c-b81f-46d0-a41d-b23031156b37,2742825a-3e35-4f86-ae5a-aca92762e3ea,e6fc99c7-b928-4935-8401-38e8998e42c2,1e2fd524-1308-457e-80d0-6a8acfff0834,INV-001227,Invoice for Support,cancelled,2026-03-11,2026-10-13,2026-03-12T03:56:04.348770,,19606.25,10,1960.62,21566.87,0,21566.87,USD,Thank you for your business!,,2026-01-21T01:39:21.348776,
d7f222c1-64b3-4192-9451-2a9c322ef508,2742825a-3e35-4f86-ae5a-aca92762e3ea,239668dc-f274-4084-8e2c-3eb3a0b44afc,,INV-001228,Invoice for Subscription,partial,2026-07-09,2026-09-18,2026-03-13T04:29:35.348802,,86736.83,7.5,6505.26,93242.09,46621.045,46621.045,USD,Thank you for your business!,,2025-08-23T17:38:23.348808,
dbb7d9cf-8fdb-49a9-83fa-049d6d9c8364,2742825a-3e35-4f86-ae5a-aca92762e3ea,,58a0f5f3-e63d-482b-b288-19d1a711da92,INV-001229,Invoice for Products,draft,2025-10-10,2027-01-27,,,57981.76,7.5,4348.63,62330.39,0,62330.39,USD,,a5118a62-3c4d-4654-8ba3-74c12e61f427,2025-10-19T15:58:45.348840,
470aac18-ccd5-45de-acda-7ae44fcb0a00,2742825a-3e35-4f86-ae5a-aca92762e3ea,afc033fb-4ce6-4727-a391-23c6eb3590a5,,INV-001230,Invoice for Products,paid,2026-04-30,2026-11-30,2026-04-29T18:51:22.348866,2026-05-27T14:15:03.348872,3319.01,5,165.95,3484.96,3484.96,0,USD,Thank you for your business!,,2026-03-12T05:45:17.348877,
5585c4e6-c5fd-447d-b8a2-22461ebb6559,2742825a-3e35-4f86-ae5a-aca92762e3ea,eaa1c74c-f232-41ed-9ed8-47331b95f7d9,59c2382c-30a0-4041-8db3-51c71f5754a3,INV-001231,Invoice for Subscription,overdue,2026-02-06,2026-11-06,2026-04-06T08:01:22.348905,,30589.72,5,1529.49,32119.21,0,32119.21,USD,Thank you for your business!,,2026-06-20T23:38:36.348910,
468c0c6e-efd0-4ab8-b8e9-65be20f72833,2742825a-3e35-4f86-ae5a-aca92762e3ea,,a87ffb43-8f7f-48e2-b359-ead85d2c2d31,INV-001232,Invoice for Products,partial,2025-09-23,2026-11-21,2026-02-14T18:52:49.348936,,72910.56,15,10936.58,83847.14,41923.57,41923.57,USD,Thank you for your business!,,2026-01-22T15:00:53.348942,
37e890bf-ab37-4868-b41f-dca75da03344,2742825a-3e35-4f86-ae5a-aca92762e3ea,847da092-65ef-462f-bd17-47e2ea3772f1,c70a9114-3d01-4b0c-81c8-3b99ffb2ed03,INV-001233,Invoice for Services,overdue,2026-05-09,2026-11-22,2026-04-20T01:59:43.348973,,3690.25,7.5,276.77,3967.02,0,3967.02,USD,Thank you for your business!,,2026-04-26T03:19:11.348978,
c31b9d42-b0e5-4428-baef-35ead640f527,2742825a-3e35-4f86-ae5a-aca92762e3ea,f0f2f6e7-c34d-4814-b7e2-1c30a5d39fe1,,INV-001234,Invoice for Support,sent,2026-03-15,2026-11-16,2026-06-03T21:53:46.349009,,60215.37,15,9032.31,69247.68,0,69247.68,USD,,,2026-07-12T02:27:29.349015,
59d79bee-d2e8-473f-b562-f38b8681021d,2742825a-3e35-4f86-ae5a-aca92762e3ea,7bb9849f-c44b-492b-86a4-e170db070342,,INV-001235,Invoice for Consulting,sent,2025-09-15,2026-09-17,2026-06-16T04:14:24.349045,,97298.26,0,0.0,97298.26,0,97298.26,USD,Thank you for your business!,,2026-01-04T11:29:21.349051,
92c085e2-1aac-4ba9-86a8-9daf35ea79f8,2742825a-3e35-4f86-ae5a-aca92762e3ea,9bd47fc8-dc0b-4b5e-9275-c7d57bcac85a,,INV-001236,Invoice for Support,paid,2026-04-11,2026-10-29,2026-02-28T23:58:37.349077,2026-07-28T04:19:13.349082,49311.64,0,0.0,49311.64,49311.64,0,USD,,,2025-08-11T15:13:01.349088,
f20adade-40a5-4e6e-b702-41d941501736,2742825a-3e35-4f86-ae5a-aca92762e3ea,,,INV-001237,Invoice for Support,draft,2026-01-10,2026-12-11,,,90114.39,15,13517.16,103631.55,0,103631.55,USD,Thank you for your business!,,2026-02-15T00:53:57.349114,
09d0bc23-a4d3-40c2-9979-1df83c27639e,2742825a-3e35-4f86-ae5a-aca92762e3ea,ebfbc5bd-4895-4759-885a-e924ef42ef70,,INV-001238,Invoice for Subscription,draft,2025-09-13,2026-10-02,,,8580.03,0,0.0,8580.03,0,8580.03,USD,,9f44f07e-d94a-44c3-a791-b5dad9e053c5,2026-06-27T20:16:13.349141,
f790cd94-ff5b-408a-ace9-a6fb31d07cba,2742825a-3e35-4f86-ae5a-aca92762e3ea,373a0cc2-2cfd-4128-aad4-bdf6490dec31,,INV-001239,Invoice for Products,cancelled,2026-05-26,2026-10-11,2026-04-02T16:22:54.349167,,88528.15,5,4426.41,92954.56,0,92954.56,USD,,,2026-06-05T06:13:39.349173,
b49e361d-2807-4716-b769-c141b756ade0,2742825a-3e35-4f86-ae5a-aca92762e3ea,653cf781-34d7-40e3-a3ac-f2b9b9612815,,INV-001240,Invoice for Subscription,overdue,2025-09-12,2026-11-04,2026-03-18T03:27:16.349204,,31122.83,0,0.0,31122.83,0,31122.83,USD,Thank you for your business!,,2025-08-31T07:41:17.349210,
346ceda2-a186-43be-b10b-53e1d1205b0c,2742825a-3e35-4f86-ae5a-aca92762e3ea,,9eb98f94-c631-4ae6-8cc9-892fe46e91fa,INV-001241,Invoice for Support,sent,2025-10-25,2026-11-17,2026-06-13T00:56:59.349235,,15589.09,20,3117.82,18706.91,0,18706.91,USD,Thank you for your business!,,2026-06-26T23:20:03.349241,
a9cb31d6-a838-4659-9699-ef8831a0f8a6,2742825a-3e35-4f86-ae5a-aca92762e3ea,a8c36ffa-0713-4350-a43c-696ec9660a82,,INV-001242,Invoice for Services,cancelled,2026-07-21,2027-01-16,2026-07-21T00:23:54.349267,,22794.81,20,4558.96,27353.77,0,27353.77,USD,,,2025-12-24T01:25:24.349273,
af8ac0a6-087d-4fd7-9f0c-b37d6538cfa5,2742825a-3e35-4f86-ae5a-aca92762e3ea,,282acf32-55a7-437d-85a9-21a9aea3bf80,INV-001243,Invoice for Services,draft,2026-07-24,2026-08-30,,,6641.87,5,332.09,6973.96,0,6973.96,USD,Thank you for your business!,7d227167-c8e5-4a77-b7da-0721b8a3417d,2026-05-18T12:49:08.349308,
0bf772df-3906-48bc-a2c6-0d30d7833f39,2742825a-3e35-4f86-ae5a-aca92762e3ea,dd95ed0f-94a2-4475-b5e2-348f709f0c6f,,INV-001244,Invoice for Services,overdue,2025-11-07,2027-01-22,2026-03-12T15:51:58.349334,,71958.69,0,0.0,71958.69,0,71958.69,USD,Thank you for your business!,,2026-07-28T00:00:02.349340,
f7734656-d104-4aa6-a539-e794deca943e,2742825a-3e35-4f86-ae5a-aca92762e3ea,,3a7e7360-8590-4964-a83e-2f8d0e7a6920,INV-001245,Invoice for Consulting,sent,2026-06-19,2026-12-23,2026-06-02T17:09:35.349370,,5540.65,20,1108.13,6648.78,0,6648.78,USD,Thank you for your business!,,2025-11-30T12:36:09.349376,
5cea3ebc-e81c-424f-ae4f-43b8c4111266,2742825a-3e35-4f86-ae5a-aca92762e3ea,,,INV-001246,Invoice for Products,overdue,2026-05-13,2026-10-07,2026-02-22T07:24:30.349421,,41311.74,7.5,3098.38,44410.12,0,44410.12,USD,Thank you for your business!,,2026-07-16T10:32:45.349427,
3be49892-11ea-424a-a493-eaa448e79c59,2742825a-3e35-4f86-ae5a-aca92762e3ea,7de832b8-6670-428a-98cc-633bc12981c8,17261261-97b7-4d4e-bad3-bd9b2aab661c,INV-001247,Invoice for Support,partial,2025-11-30,2026-09-03,2026-02-23T12:56:48.349460,,73322.08,8,5865.77,79187.85,39593.925,39593.925,USD,Thank you for your business!,afb482d0-5730-46e1-b814-d17f337bc251,2025-11-10T05:26:33.349467,
0204dce1-dceb-4909-a1bf-6924f86969b0,2742825a-3e35-4f86-ae5a-aca92762e3ea,9921691f-825f-4751-8011-0d996fd38106,4d86e3ec-eb93-4daa-99b2-4bcd247cca90,INV-001248,Invoice for Support,cancelled,2026-04-16,2026-10-30,2026-07-04T13:09:50.349495,,25304.01,15,3795.6,29099.61,0,29099.61,USD,Thank you for your business!,bfd41872-063c-4a5b-a17d-9dfae7050410,2026-04-25T20:32:12.349501,
440296f4-9afd-47db-9a62-790205d94bf2,2742825a-3e35-4f86-ae5a-aca92762e3ea,f68e0f30-8d15-40ab-9379-07334c190883,,INV-001249,Invoice for Support,overdue,2025-09-18,2026-10-23,2026-06-16T07:07:12.349532,,24185.08,7.5,1813.88,25998.96,0,25998.96,USD,Thank you for your business!,52f55f34-1f0d-42a9-8533-c9f0c69e753c,2026-01-04T23:25:07.349539,
e395a3c5-3d52-430f-86fa-5b7e2ee72d9c,2742825a-3e35-4f86-ae5a-aca92762e3ea,d9d654f0-d147-4668-be66-1334ad263077,69b423a6-6216-4d81-a149-b000ba2749a4,INV-001250,Invoice for Products,draft,2026-03-24,2026-09-08,,,60967.17,20,12193.43,73160.6,0,73160.6,USD,Thank you for your business!,,2025-12-20T18:20:27.349567,
5bfd4acc-bf99-43ec-a2a8-2554d670e8ba,2742825a-3e35-4f86-ae5a-aca92762e3ea,fd2f1e9c-f857-4059-8412-6c204dea4505,,INV-001251,Invoice for Support,paid,2026-06-24,2026-11-20,2026-03-27T12:46:55.349593,2026-07-12T05:46:24.349599,59777.16,8,4782.17,64559.33,64559.33,0,USD,,,2025-08-22T15:46:48.349604,
0b43e212-e6a0-4eec-abce-3486342b9ada,2742825a-3e35-4f86-ae5a-aca92762e3ea,,,INV-001252,Invoice for Consulting,overdue,2025-11-01,2026-09-28,2026-03-08T17:24:05.349629,,83430.18,0,0.0,83430.18,0,83430.18,USD,Thank you for your business!,c4d5ad76-70f8-4003-b60c-8b5ef2eb1077,2025-11-11T09:33:17.349639,
bc37ad23-aa41-4f06-b078-ea7629f496ae,2742825a-3e35-4f86-ae5a-aca92762e3ea,ccabea32-81d9-4abf-8c30-8fcdbc30d67e,,INV-001253,Invoice for Products,draft,2025-10-16,2027-01-26,,,75286.87,10,7528.69,82815.56,0,82815.56,USD,Thank you for your business!,,2026-03-25T07:05:20.349666,
b32d5c78-d120-42b4-a534-cd1564d630a2,2742825a-3e35-4f86-ae5a-aca92762e3ea,738bf3cd-7e74-481b-9d81-626867a8c4cf,b9172d61-a4c3-4945-bc00-6e7bd0e90b23,INV-001254,Invoice for Products,draft,2025-12-08,2026-10-24,,,35139.49,7.5,2635.46,37774.95,0,37774.95,USD,Thank you for your business!,,2025-09-04T22:35:35.349693,
7d31fa4f-99d9-4d1e-a251-95c9192c8a91,2742825a-3e35-4f86-ae5a-aca92762e3ea,52096f63-eb42-41f1-97d0-39e40ee5830f,dce7cf5b-14ef-40b0-a462-b6290c538834,INV-001255,Invoice for Support,cancelled,2026-03-25,2026-11-08,2026-03-27T17:49:49.349720,,23321.33,10,2332.13,25653.46,0,25653.46,USD,Thank you for your business!,,2026-07-26T01:01:45.349726,
05ec409b-3263-4804-863e-91216fe4812b,2742825a-3e35-4f86-ae5a-aca92762e3ea,5fcfaf31-3a3b-4743-b667-8abe01034acc,,INV-001256,Invoice for Products,viewed,2026-03-19,2026-10-16,2026-06-23T10:34:24.349752,,26944.49,0,0.0,26944.49,0,26944.49,USD,,,2025-09-04T10:43:06.349758,
cc61dbb6-3874-44fa-88be-5984e544e619,2742825a-3e35-4f86-ae5a-aca92762e3ea,,,INV-001257,Invoice for Support,cancelled,2026-04-17,2027-02-03,2026-07-05T09:24:50.349783,,80684.39,20,16136.88,96821.27,0,96821.27,USD,Thank you for your business!,12d690e5-9578-4a8d-965f-4e52cb07f0a0,2026-03-06T15:11:23.349790,
1155bac0-4acf-43a5-ab69-aaf10f0bfbc1,2742825a-3e35-4f86-ae5a-aca92762e3ea,07c77f07-9e3e-415f-a940-7b9ef7884015,,INV-001258,Invoice for Subscription,sent,2026-02-17,2026-10-28,2026-04-09T08:35:24.349849,,16241.21,5,812.06,17053.27,0,17053.27,USD,,,2026-02-08T15:54:55.349863,
87680674-3493-4cc2-a22a-828ae4f0f1c6,2742825a-3e35-4f86-ae5a-aca92762e3ea,,,INV-001259,Invoice for Subscription,draft,2026-02-05,2026-10-16,,,17884.9,10,1788.49,19673.39,0,19673.39,USD,Thank you for your business!,,2025-10-17T12:00:21.349911,
b79dbcb1-4299-4f63-a5cd-0dbafc6d9bad,2742825a-3e35-4f86-ae5a-aca92762e3ea,,,INV-001260,Invoice for Support,partial,2026-03-16,2027-01-31,2026-06-08T12:00:26.349939,,85961.63,8,6876.93,92838.56,46419.28,46419.28,USD,Thank you for your business!,,2025-10-27T12:23:12.349945,
818708ee-8795-4a01-8184-95ea683f2a18,2742825a-3e35-4f86-ae5a-aca92762e3ea,,,INV-001261,Invoice for Subscription,partial,2026-04-10,2026-09-20,2026-03-17T00:39:59.349974,,60801.23,7.5,4560.09,65361.32,32680.66,32680.66,USD,Thank you for your business!,,2026-03-01T15:06:54.350004,
5b684954-0709-4d0c-9e3e-7a505e2edd32,2742825a-3e35-4f86-ae5a-aca92762e3ea,,,INV-001262,Invoice for Subscription,partial,2026-06-01,2027-01-31,2026-06-29T02:07:58.350073,,66921.33,15,10038.2,76959.53,38479.765,38479.765,USD,,,2025-10-27T13:44:06.350087,
691c3463-1860-4c16-9f5c-e7b198e57e30,2742825a-3e35-4f86-ae5a-aca92762e3ea,4c6ee272-ddb3-4940-85ee-d752b4ff2903,e55903be-833a-49fd-9b08-86fda6b42306,INV-001263,Invoice for Support,partial,2025-10-11,2026-12-15,2026-07-02T15:57:06.350138,,49830.7,8,3986.46,53817.16,26908.58,26908.58,USD,Thank you for your business!,53b6bcb7-2264-43cd-898b-5396d55f07ae,2026-01-30T07:02:30.350146,
f9e50e40-9c63-45e7-8b4a-13be76e00886,2742825a-3e35-4f86-ae5a-aca92762e3ea,,,INV-001264,Invoice for Consulting,overdue,2026-01-23,2026-11-17,2026-06-29T04:21:07.350172,,39172.2,15,5875.83,45048.03,0,45048.03,USD,,,2026-04-02T08:11:26.350178,
1e44abaa-0e9e-493a-9de0-d9bed2bb231f,2742825a-3e35-4f86-ae5a-aca92762e3ea,bb83f148-7611-4d4f-8f16-0744fcdffc51,a6376469-551a-4a9d-81cb-380635ea9154,INV-001265,Invoice for Subscription,sent,2026-06-16,2026-08-13,2026-02-07T16:43:41.350207,,28850.08,7.5,2163.76,31013.84,0,31013.84,USD,,,2026-01-15T12:16:10.350213,
bb77733f-ff28-4b33-b637-b898152224dc,2742825a-3e35-4f86-ae5a-aca92762e3ea,,,INV-001266,Invoice for Support,viewed,2025-09-08,2026-11-11,2026-06-13T04:28:31.350239,,84497.7,20,16899.54,101397.24,0,101397.24,USD,Thank you for your business!,,2026-01-01T00:18:57.350245,
764f03ac-fc99-4712-a23f-accfcb02b928,2742825a-3e35-4f86-ae5a-aca92762e3ea,,,INV-001267,Invoice for Subscription,overdue,2025-08-09,2026-11-17,2026-05-14T14:24:43.350270,,16804.05,0,0.0,16804.05,0,16804.05,USD,,,2025-12-08T23:51:47.350276,
b7052880-178a-438f-b58b-ea48e78e65bf,2742825a-3e35-4f86-ae5a-aca92762e3ea,945101a5-8692-41ac-8cb9-9231bbf7b390,,INV-001268,Invoice for Products,draft,2025-10-09,2026-12-18,,,78265.7,8,6261.26,84526.96,0,84526.96,USD,Thank you for your business!,80f75601-6310-40aa-b123-df66eba75b0e,2026-05-30T18:49:14.350306,
3fb2ac4c-2275-453e-a256-29f8f8bc86ab,2742825a-3e35-4f86-ae5a-aca92762e3ea,2b6c8d57-9a07-4aec-a7c6-f6412eff2f42,c70a9114-3d01-4b0c-81c8-3b99ffb2ed03,INV-001269,Invoice for Products,partial,2026-05-26,2027-01-24,2026-04-19T23:15:59.350342,,74708.02,7.5,5603.1,80311.12,40155.56,40155.56,USD,Thank you for your business!,,2025-08-23T21:47:10.350347,
97cfa7ca-0af0-43f4-889d-086a5239aa00,2742825a-3e35-4f86-ae5a-aca92762e3ea,01096d46-39b3-4912-928b-47ba65805c3a,,INV-001270,Invoice for Subscription,paid,2026-04-27,2027-01-01,2026-03-22T03:21:28.350374,2026-04-30T23:04:44.350380,7184.44,15,1077.67,8262.11,8262.11,0,USD,,,2026-04-04T22:00:20.350389,
42b51768-0547-45f5-a7b1-6590ae52eede,2742825a-3e35-4f86-ae5a-aca92762e3ea,fed93e1a-3a21-4037-ba94-49e181e79ed7,,INV-001271,Invoice for Products,paid,2026-04-26,2026-11-30,2026-04-08T06:40:04.350416,2026-06-04T02:22:10.350421,38127.17,20,7625.43,45752.6,45752.6,0,USD,,,2026-03-04T21:26:11.350427,
cc673bc3-252d-4948-9f71-12d17e3ff2f6,2742825a-3e35-4f86-ae5a-aca92762e3ea,,2b61684f-acdb-44bc-a8f1-1e99b050432e,INV-001272,Invoice for Services,draft,2026-06-10,2026-09-23,,,44483.55,10,4448.35,48931.9,0,48931.9,USD,,a7e5fa8f-63dc-4b9e-a828-b4560acb88ee,2026-04-19T04:30:33.350463,
45845a8e-ca97-4448-a6f8-cc720b0d7024,2742825a-3e35-4f86-ae5a-aca92762e3ea,a86ad232-8212-41f5-b012-ab222a6265a6,70d8273d-371b-4945-8681-3f55965202af,INV-001273,Invoice for Services,cancelled,2025-12-15,2026-12-15,2026-02-07T22:41:50.350490,,87503.82,5,4375.19,91879.01,0,91879.01,USD,,a93b8fd0-e3ec-43ec-a413-e3365b869033,2026-06-24T21:02:44.350497,
55f2db2d-7505-46e5-b96d-ce41149785fa,2742825a-3e35-4f86-ae5a-aca92762e3ea,,72d78bcb-aaaf-42c9-94f3-c47af4f31a08,INV-001274,Invoice for Support,partial,2025-08-12,2026-10-31,2026-06-16T04:51:39.350528,,98979.98,0,0.0,98979.98,49489.99,49489.99,USD,,,2026-03-31T10:59:45.350534,
fe05a753-14f2-4bf6-a4f5-653c5172cff2,2742825a-3e35-4f86-ae5a-aca92762e3ea,b298bdce-6aa4-46bd-95ec-30ffac41e468,2a90f919-ac29-4cce-af9f-a0a121d0d4df,INV-001275,Invoice for Subscription,cancelled,2026-03-19,2026-08-27,2026-08-01T05:16:56.350597,,60165.72,15,9024.86,69190.58,0,69190.58,USD,,a3bcd678-649d-4e24-8bd3-5e8e4d60c901,2026-05-17T20:32:18.350608,
eb28492b-7485-4ed7-9a27-cb17929aadc1,2742825a-3e35-4f86-ae5a-aca92762e3ea,,,INV-001276,Invoice for Services,sent,2025-08-06,2027-01-15,2026-08-02T01:08:48.350650,,92859.22,5,4642.96,97502.18,0,97502.18,USD,Thank you for your business!,,2026-07-16T09:03:00.350658,
0a104389-819c-4044-a34d-6da42584f697,2742825a-3e35-4f86-ae5a-aca92762e3ea,0f21953e-ece4-4879-a917-35c46b0ac2b0,c889537a-20bc-41e0-8c25-653e6669c93c,INV-001277,Invoice for Products,sent,2025-10-09,2026-12-12,2026-03-05T09:34:28.350704,,2379.25,15,356.89,2736.14,0,2736.14,USD,Thank you for your business!,53b6bcb7-2264-43cd-898b-5396d55f07ae,2026-06-09T16:35:06.350716,
f6ba81c8-0e1a-4cef-8070-6bf09f6aac73,2742825a-3e35-4f86-ae5a-aca92762e3ea,,,INV-001278,Invoice for Subscription,cancelled,2025-11-28,2027-02-04,2026-04-20T13:21:27.350755,,13594.04,7.5,1019.55,14613.59,0,14613.59,USD,,,2025-12-05T20:34:57.350761,
67902bb0-35b1-4755-84d3-df40fd74f7b5,2742825a-3e35-4f86-ae5a-aca92762e3ea,,,INV-001279,Invoice for Consulting,draft,2026-06-12,2026-10-03,,,93409.87,7.5,7005.74,100415.61,0,100415.61,USD,Thank you for your business!,,2025-10-29T07:13:47.350794,
50c6ccbd-49a9-40da-a17c-3253222615ad,2742825a-3e35-4f86-ae5a-aca92762e3ea,,38017f21-839e-47e3-bfb4-1b76e20e8f9a,INV-001280,Invoice for Services,viewed,2026-01-16,2026-09-30,2026-02-12T08:01:01.350821,,25471.31,15,3820.7,29292.01,0,29292.01,USD,Thank you for your business!,,2026-01-02T17:18:55.350827,
9b144b8a-f5ff-4b3f-b390-3ae7e3bbd4fb,2742825a-3e35-4f86-ae5a-aca92762e3ea,,,INV-001281,Invoice for Support,partial,2026-03-13,2026-08-20,2026-07-23T12:42:11.350856,,87153.84,7.5,6536.54,93690.38,46845.19,46845.19,USD,,,2026-04-13T14:51:36.350862,
c9f96e86-46fe-49bf-8c17-ade2db103d4f,2742825a-3e35-4f86-ae5a-aca92762e3ea,,,INV-001282,Invoice for Subscription,partial,2026-02-15,2027-01-19,2026-08-04T00:42:04.350887,,20341.42,15,3051.21,23392.63,11696.315,11696.315,USD,Thank you for your business!,bbc33ba0-5292-48fd-9a82-da598ae257a1,2026-07-03T13:18:54.350895,
82781616-03d8-4cc6-9931-d890c1ce82d5,2742825a-3e35-4f86-ae5a-aca92762e3ea,c94a00e1-93b3-40a5-b4cb-c845c619bde4,71e81f0a-d15a-4150-9776-63581c7a107d,INV-001283,Invoice for Services,cancelled,2025-09-06,2027-01-14,2026-05-28T20:55:27.350923,,53178.53,0,0.0,53178.53,0,53178.53,USD,,d16f3095-7b6f-45ac-8409-81e69be10670,2026-06-19T22:19:48.350930,
b9481db3-651b-4395-b6cf-1b3f14e332f6,2742825a-3e35-4f86-ae5a-aca92762e3ea,1ee5b545-127d-4a25-bbd2-9a396da7c655,8e84c516-e821-4f22-a859-f8b506b61bcf,INV-001284,Invoice for Support,paid,2026-06-23,2026-09-02,2026-04-08T01:01:07.350965,2026-04-29T03:26:24.350970,90723.65,8,7257.89,97981.54,97981.54,0,USD,Thank you for your business!,,2026-06-20T09:57:33.350976,
148cea35-24bc-4017-992a-a533248c15ad,2742825a-3e35-4f86-ae5a-aca92762e3ea,c39198bf-764f-4982-89c0-a139e8e4d105,8626ff47-7148-48ab-a864-20c25929df83,INV-001285,Invoice for Support,paid,2025-11-10,2026-11-03,2026-04-29T06:49:07.351004,2026-07-23T07:39:08.351010,66558.67,20,13311.73,79870.4,79870.4,0,USD,,f934b642-d805-4fb9-a790-8119dd32195d,2026-05-02T09:08:59.351017,
9227c24a-6865-4d84-87c1-804be579939d,2742825a-3e35-4f86-ae5a-aca92762e3ea,d62765a8-ae5d-4dac-939d-c433b85f78cf,,INV-001286,Invoice for Services,viewed,2026-07-14,2026-09-23,2026-04-22T21:16:06.351043,,81164.56,20,16232.91,97397.47,0,97397.47,USD,Thank you for your business!,,2026-06-09T05:42:24.351049,
70e99d2f-29b4-47cb-b772-4f2dfcb042f7,2742825a-3e35-4f86-ae5a-aca92762e3ea,1be81178-90c5-4070-b351-32a62a8d0ac4,,INV-001287,Invoice for Subscription,draft,2026-04-19,2026-11-21,,,61240.83,0,0.0,61240.83,0,61240.83,USD,,,2026-07-16T06:17:54.351077,
580bd1d4-c843-4202-9f0a-b1416dc0e9ea,2742825a-3e35-4f86-ae5a-aca92762e3ea,,,INV-001288,Invoice for Support,viewed,2025-08-12,2026-11-07,2026-05-24T10:42:10.351107,,52514.79,15,7877.22,60392.01,0,60392.01,USD,Thank you for your business!,9f6f8c80-8b32-4788-b2e4-b12fdd8d3497,2026-05-13T03:19:06.351114,
bfc3efc3-c102-4411-8770-6d963bc150c5,2742825a-3e35-4f86-ae5a-aca92762e3ea,4e64b8a5-80f3-494b-8667-257135251ddc,2c16d2ac-3eaf-446b-9aac-59d17bfc9f80,INV-001289,Invoice for Services,cancelled,2025-10-31,2026-10-03,2026-03-02T19:58:54.351142,,92441.08,20,18488.22,110929.3,0,110929.3,USD,Thank you for your business!,,2025-10-07T19:08:32.351148,
ccbd7a6a-88cf-4295-9a5c-78b9f47cc5bd,2742825a-3e35-4f86-ae5a-aca92762e3ea,d1acc24f-57e8-4955-bfca-f394a54513f0,e6bd936d-a3cb-4960-a32a-6f0c33a572c4,INV-001290,Invoice for Consulting,partial,2026-07-05,2026-09-24,2026-03-02T01:21:42.351180,,97570.66,7.5,7317.8,104888.46,52444.23,52444.23,USD,Thank you for your business!,,2026-05-07T20:38:12.351186,
39057a62-d5b8-47f0-8d93-6eea0d8a69e7,2742825a-3e35-4f86-ae5a-aca92762e3ea,1e8d1468-7bbc-4774-95c3-9226feb2c721,,INV-001291,Invoice for Services,cancelled,2025-12-05,2026-08-09,2026-02-05T12:19:38.351219,,1772.83,8,141.83,1914.66,0,1914.66,USD,,1b1316e1-158c-4a63-93db-b6cd28ddde7f,2026-07-31T12:43:46.351227,
3f817c12-16d2-4e18-b831-c9502d51689f,2742825a-3e35-4f86-ae5a-aca92762e3ea,,,INV-001292,Invoice for Products,overdue,2026-06-26,2026-11-18,2026-03-22T11:37:41.351252,,16219.28,10,1621.93,17841.21,0,17841.21,USD,Thank you for your business!,9b95f12e-bc2d-4d10-8f56-4fc3a0941dd4,2026-06-29T13:31:59.351259,
a8edf3ae-a92d-46ea-99a5-d87b27ccf5da,2742825a-3e35-4f86-ae5a-aca92762e3ea,5c32b72a-7a52-49a0-a953-c85581ca213e,,INV-001293,Invoice for Consulting,partial,2026-05-09,2026-09-09,2026-07-02T21:48:19.351287,,33651.1,5,1682.56,35333.66,17666.83,17666.83,USD,,e49f35eb-a6cb-47c6-bacd-fd11da181966,2025-09-26T06:13:56.351294,
fe275416-17dd-4d0a-8d99-893979bf9ab8,2742825a-3e35-4f86-ae5a-aca92762e3ea,3609189b-9cb1-4f4c-ae18-fe946e9af6a9,,INV-001294,Invoice for Consulting,paid,2026-06-18,2026-11-01,2026-07-29T19:01:27.351320,2026-08-05T03:32:22.351325,93587.48,7.5,7019.06,100606.54,100606.54,0,USD,,,2026-03-25T08:47:41.351331,
4cbce23f-0d54-45f4-8708-20fc59c01d79,2742825a-3e35-4f86-ae5a-aca92762e3ea,,16de145e-51cf-42d7-a00a-6da572ae8774,INV-001295,Invoice for Support,overdue,2025-10-01,2026-11-02,2026-07-06T08:43:37.351374,,19422.54,20,3884.51,23307.05,0,23307.05,USD,Thank you for your business!,,2025-12-14T07:41:32.351380,
5292ef85-ccf2-416b-ba8a-971bbac84157,2742825a-3e35-4f86-ae5a-aca92762e3ea,fd2f1e9c-f857-4059-8412-6c204dea4505,,INV-001296,Invoice for Services,sent,2026-07-23,2027-01-18,2026-02-06T19:39:53.351407,,81578.31,10,8157.83,89736.14,0,89736.14,USD,Thank you for your business!,,2026-04-09T08:44:22.351413,
60455d44-f02b-4e2d-9670-5e6d0cef290b,2742825a-3e35-4f86-ae5a-aca92762e3ea,471e25db-e1e8-4d7a-88c5-9586181244f8,,INV-001297,Invoice for Subscription,cancelled,2026-06-24,2026-08-08,2026-07-01T06:10:20.351440,,68488.01,20,13697.6,82185.61,0,82185.61,USD,,,2025-11-19T13:53:45.351485,
afed0b4a-2d27-41e6-8278-e46ab9d45ed9,2742825a-3e35-4f86-ae5a-aca92762e3ea,,bf6eae23-d817-4fd5-a72a-54094c87314f,INV-001298,Invoice for Subscription,paid,2026-05-23,2026-08-10,2026-08-01T12:51:37.351516,2026-04-20T13:54:44.351521,96290.33,8,7703.23,103993.56,103993.56,0,USD,Thank you for your business!,8a4cc1fc-6040-46d6-b181-d6b245adc5ba,2026-01-20T12:50:30.351528,
49687aaa-8b2b-4028-b6e8-e483278e707e,2742825a-3e35-4f86-ae5a-aca92762e3ea,,,INV-001299,Invoice for Support,cancelled,2026-05-08,2026-10-11,2026-04-26T09:05:11.351553,,31164.57,0,0.0,31164.57,0,31164.57,USD,Thank you for your business!,,2025-10-07T09:59:12.351559,
f09bc0e8-44f8-4fee-ad15-3241b194e340,2742825a-3e35-4f86-ae5a-aca92762e3ea,23cff47b-97f5-4aa7-93b5-89ac6716ce83,,INV-001300,Invoice for Services,overdue,2026-05-16,2027-01-24,2026-03-07T04:36:18.351590,,23639.85,8,1891.19,25531.04,0,25531.04,USD,,,2026-01-13T21:36:17.351596,
c705952e-f395-48ef-917a-d89a8ab16fb4,2742825a-3e35-4f86-ae5a-aca92762e3ea,67b724d4-d386-4530-b380-db8ead572d69,3a761bd5-e4f9-4414-8cf3-80a871ed6f55,INV-001301,Invoice for Services,cancelled,2026-03-15,2027-01-01,2026-03-19T07:57:27.351624,,96505.58,5,4825.28,101330.86,0,101330.86,USD,Thank you for your business!,,2026-07-07T01:51:31.351630,
c0ed3c7b-7fd6-4f31-81df-0486cdd26d69,2742825a-3e35-4f86-ae5a-aca92762e3ea,f4670096-39b9-4236-a218-a9901e48bbf8,,INV-001302,Invoice for Support,paid,2026-06-15,2026-08-09,2026-06-04T06:45:38.351657,2026-04-29T08:29:44.351662,32094.76,15,4814.21,36908.97,36908.97,0,USD,Thank you for your business!,df7e1c6d-a03e-456c-bf11-b2731a37d062,2025-10-29T23:13:22.351668,
fa4b09da-9f1c-4c0d-bd06-9e9f309e83ab,2742825a-3e35-4f86-ae5a-aca92762e3ea,,,INV-001303,Invoice for Support,sent,2025-11-06,2027-01-07,2026-05-02T06:18:06.351694,,78956.25,0,0.0,78956.25,0,78956.25,USD,,,2026-03-22T01:05:18.351703,
97c3ed80-b65e-4167-988d-63b48aea9a85,2742825a-3e35-4f86-ae5a-aca92762e3ea,78694062-f1af-4edb-bb77-b35cd1472972,,INV-001304,Invoice for Subscription,sent,2026-01-27,2026-10-20,2026-05-21T06:54:39.351730,,63689.62,20,12737.92,76427.54,0,76427.54,USD,,,2026-06-09T06:11:09.351736,
4320f6cf-9975-4270-8427-880d21465317,2742825a-3e35-4f86-ae5a-aca92762e3ea,,,INV-001305,Invoice for Support,draft,2026-08-07,2026-08-22,,,97983.89,0,0.0,97983.89,0,97983.89,USD,,,2026-01-16T11:30:32.351840,
f1382370-a8b6-4ce8-a402-cf0d17d6a965,2742825a-3e35-4f86-ae5a-aca92762e3ea,07d4726b-07f0-4725-8e46-1e2a263e01be,,INV-001306,Invoice for Products,sent,2025-08-15,2027-01-13,2026-08-03T05:18:26.351887,,79834.08,10,7983.41,87817.49,0,87817.49,USD,Thank you for your business!,,2026-05-20T07:27:03.351894,
a0172809-f77b-4dac-bbf7-db691e22700a,2742825a-3e35-4f86-ae5a-aca92762e3ea,,,INV-001307,Invoice for Subscription,draft,2026-02-28,2026-08-20,,,69305.68,5,3465.28,72770.96,0,72770.96,USD,,,2025-09-21T18:20:55.351928,
7281d401-09e0-4e75-a1f6-647cad7ed860,2742825a-3e35-4f86-ae5a-aca92762e3ea,,,INV-001308,Invoice for Products,partial,2026-07-12,2026-12-24,2026-07-07T12:30:22.351957,,19602.73,10,1960.27,21563.0,10781.5,10781.5,USD,,,2026-05-24T05:05:06.351963,
83b2788e-fc98-43ce-8746-7df9289be1d5,2742825a-3e35-4f86-ae5a-aca92762e3ea,586b0085-2d74-4f09-b7f2-d747e8ab473a,,INV-001309,Invoice for Consulting,partial,2026-05-19,2026-08-23,2026-06-01T22:50:25.351990,,64749.89,20,12949.98,77699.87,38849.935,38849.935,USD,Thank you for your business!,,2026-05-18T00:35:33.351996,
f4d499ed-e404-43a6-bf04-c9061cc8d4ca,2742825a-3e35-4f86-ae5a-aca92762e3ea,0e862c00-8477-44ac-8191-aed590239815,,INV-001310,Invoice for Products,draft,2026-06-18,2026-12-01,,,55599.76,20,11119.95,66719.71,0,66719.71,USD,Thank you for your business!,,2026-02-03T05:52:42.352028,
95cc98d3-5623-4d7e-89f6-85f7f4e4940c,2742825a-3e35-4f86-ae5a-aca92762e3ea,,f6caf5ec-f2e6-4379-87be-ce44bb637541,INV-001311,Invoice for Services,cancelled,2025-09-26,2027-02-04,2026-03-12T05:53:18.352054,,47169.32,10,4716.93,51886.25,0,51886.25,USD,Thank you for your business!,,2025-11-23T10:23:47.352059,
00a96f14-fd2c-4345-8c71-58dcc2024965,2742825a-3e35-4f86-ae5a-aca92762e3ea,,aff7f08c-687b-492c-8621-572a81d8f7d6,INV-001312,Invoice for Consulting,viewed,2025-09-26,2027-01-14,2026-03-11T20:04:36.352087,,4622.13,5,231.11,4853.24,0,4853.24,USD,Thank you for your business!,,2026-03-24T17:24:46.352093,
c5be74af-b632-4c18-969d-1693ccba4a6e,2742825a-3e35-4f86-ae5a-aca92762e3ea,,eaabf979-e6b4-4c08-81ee-573de6430fa6,INV-001313,Invoice for Services,paid,2026-02-05,2026-10-12,2026-07-21T01:59:30.352119,2026-04-27T04:18:50.352124,8050.32,15,1207.55,9257.87,9257.87,0,USD,,,2025-10-15T15:59:45.352130,
1a8397fd-c6c7-4cc6-ac76-265a1533ec29,2742825a-3e35-4f86-ae5a-aca92762e3ea,95c4783a-b337-493b-a29a-7f33e6cce1b4,badd7b7d-5af2-41b8-8fa7-4d51830cf1c3,INV-001314,Invoice for Subscription,overdue,2025-11-11,2026-11-16,2026-05-06T13:17:29.352158,,20492.48,0,0.0,20492.48,0,20492.48,USD,Thank you for your business!,,2026-04-12T16:41:16.352164,
6a06672f-2dad-489d-b558-8f70dd3752fe,2742825a-3e35-4f86-ae5a-aca92762e3ea,d851e8a0-2134-4514-bd66-f20762820999,d9427b15-69b9-43fc-8308-badf7f642a75,INV-001315,Invoice for Products,sent,2026-02-22,2026-09-13,2026-06-13T06:06:25.352193,,16660.6,7.5,1249.54,17910.14,0,17910.14,USD,Thank you for your business!,,2026-03-03T20:40:57.352199,
94793dc8-2b64-4a93-aff1-a6f898f30150,2742825a-3e35-4f86-ae5a-aca92762e3ea,,,INV-001316,Invoice for Support,viewed,2026-03-30,2026-12-29,2026-05-21T17:36:39.352228,,57640.68,8,4611.25,62251.93,0,62251.93,USD,Thank you for your business!,,2026-03-04T17:34:40.352234,
14b75e48-82a9-49ee-9e90-f31288641265,2742825a-3e35-4f86-ae5a-aca92762e3ea,e63015bd-4c9c-4268-bd47-c623ed86853e,,INV-001317,Invoice for Support,draft,2025-11-19,2026-11-16,,,95165.23,15,14274.78,109440.01,0,109440.01,USD,Thank you for your business!,,2025-09-01T12:10:23.352262,
ee30df38-8e58-4fd0-b40f-b4259e345329,2742825a-3e35-4f86-ae5a-aca92762e3ea,,5f7f655e-cb61-4214-a5d7-9bee52fad69a,INV-001318,Invoice for Consulting,paid,2025-11-07,2026-12-13,2026-03-08T09:09:09.352288,2026-05-26T03:45:25.352293,82963.9,0,0.0,82963.9,82963.9,0,USD,Thank you for your business!,,2026-01-05T11:32:03.352299,
957cf5e5-5643-4be5-a607-31779af8445a,2742825a-3e35-4f86-ae5a-aca92762e3ea,20b7a3fa-1e48-48ba-a94b-ab4fc379f3ae,0760f9a8-2384-4c56-b064-f089c057749a,INV-001319,Invoice for Services,paid,2025-10-20,2026-11-29,2026-03-13T13:20:09.352327,2026-06-02T03:33:57.352332,13636.93,5,681.85,14318.78,14318.78,0,USD,Thank you for your business!,,2025-12-17T01:09:51.352338,
7856e70b-0c2e-4e92-a035-619891803474,2742825a-3e35-4f86-ae5a-aca92762e3ea,,,INV-001320,Invoice for Products,viewed,2026-03-12,2027-01-19,2026-05-26T01:07:00.352371,,29962.66,10,2996.27,32958.93,0,32958.93,USD,,99420180-807d-4e69-af30-05d7e7328222,2026-04-07T14:16:52.352378,
42d868d1-61ae-43be-ba52-09f5e65c4604,2742825a-3e35-4f86-ae5a-aca92762e3ea,2f0091d3-ef11-4eaf-b193-c378ac69e6d0,31ea00b9-e353-4821-8299-98bf62213a2d,INV-001321,Invoice for Products,overdue,2026-06-06,2027-01-27,2026-05-04T09:10:04.352416,,27822.71,7.5,2086.7,29909.41,0,29909.41,USD,Thank you for your business!,309f5f0c-5143-4780-bcd3-528e2c579845,2025-10-08T01:30:54.352423,
9a7b37d9-6fe6-4ec8-ac9f-c4c0b8a492e6,2742825a-3e35-4f86-ae5a-aca92762e3ea,,,INV-001322,Invoice for Support,partial,2026-02-19,2026-12-13,2026-02-15T08:00:39.352455,,1433.55,8,114.68,1548.23,774.115,774.115,USD,Thank you for your business!,,2026-06-02T03:16:36.352461,
f0a11fe6-7cbc-48e9-b58f-6ec5d9f45f39,2742825a-3e35-4f86-ae5a-aca92762e3ea,6d2fb75e-b714-47ba-b94b-49ae772e633b,067fd4ef-8bdb-419d-bb82-82821ad2f0b8,INV-001323,Invoice for Subscription,cancelled,2026-07-21,2026-11-06,2026-03-27T22:49:09.352494,,89524.77,0,0.0,89524.77,0,89524.77,USD,Thank you for your business!,,2026-05-10T18:08:51.352500,
30f763fa-b869-44bd-a430-f56dfda82bdd,2742825a-3e35-4f86-ae5a-aca92762e3ea,,b54b3b6d-f6fb-4893-8c65-db67316cd5db,INV-001324,Invoice for Services,paid,2025-10-21,2026-12-30,2026-05-18T10:17:10.352528,2026-05-05T15:07:11.352533,23408.72,10,2340.87,25749.59,25749.59,0,USD,,,2026-03-24T07:21:50.352539,
7b450679-4214-4083-9050-cc98937e07d3,2742825a-3e35-4f86-ae5a-aca92762e3ea,e6a7777a-b290-4ae2-8cd3-9493aec02f9b,,INV-001325,Invoice for Consulting,sent,2026-01-19,2026-10-01,2026-03-17T09:21:38.352565,,5212.14,5,260.61,5472.75,0,5472.75,USD,,,2025-10-25T18:29:49.352572,
87a02da8-2362-4195-b975-2974dc2ef2f9,2742825a-3e35-4f86-ae5a-aca92762e3ea,612e047d-e788-4be0-80e6-3c1dada90524,,INV-001326,Invoice for Services,draft,2026-07-14,2026-12-13,,,73179.47,0,0.0,73179.47,0,73179.47,USD,Thank you for your business!,617402d4-3681-4d69-abe4-5dcbf7c4602d,2026-03-27T16:35:25.352604,
283688fc-ecc7-47e0-a9ae-532356241996,2742825a-3e35-4f86-ae5a-aca92762e3ea,,,INV-001327,Invoice for Consulting,cancelled,2026-06-04,2026-10-31,2026-06-14T09:08:06.352628,,91820.34,0,0.0,91820.34,0,91820.34,USD,,,2026-05-18T00:16:30.352634,
a4b45b5e-0dc0-4547-8639-ea067cf19d31,2742825a-3e35-4f86-ae5a-aca92762e3ea,3609189b-9cb1-4f4c-ae18-fe946e9af6a9,,INV-001328,Invoice for Consulting,viewed,2026-03-02,2026-11-20,2026-03-31T18:20:14.352660,,7325.04,0,0.0,7325.04,0,7325.04,USD,Thank you for your business!,,2025-08-27T13:39:53.352666,
4fb45777-b395-4fa4-9044-a0941b50c031,2742825a-3e35-4f86-ae5a-aca92762e3ea,,,INV-001329,Invoice for Products,partial,2025-10-07,2026-11-04,2026-06-25T22:46:46.352692,,8080.7,5,404.04,8484.74,4242.37,4242.37,USD,,,2025-08-22T22:56:47.352698,
34daf613-3e07-45c7-aa04-9bca48255b23,2742825a-3e35-4f86-ae5a-aca92762e3ea,63ce2c93-6a10-4df7-9c3b-d26cef4d1654,,INV-001330,Invoice for Subscription,overdue,2026-07-30,2026-08-20,2026-08-06T23:34:23.352724,,91148.08,5,4557.4,95705.48,0,95705.48,USD,Thank you for your business!,,2025-12-08T14:16:51.352730,
9fac3d0a-2e90-4542-8559-821e6d3f8ecf,2742825a-3e35-4f86-ae5a-aca92762e3ea,41476153-8a75-4175-b8d1-05eb17c2afa8,,INV-001331,Invoice for Consulting,partial,2026-03-26,2026-11-08,2026-05-08T11:44:39.352760,,10030.51,0,0.0,10030.51,5015.255,5015.255,USD,Thank you for your business!,,2026-01-01T10:12:15.352766,
17b3a4cc-0d00-4df4-b5e9-0925b3b9051e,2742825a-3e35-4f86-ae5a-aca92762e3ea,0f4def03-d8c6-4dc1-8e8b-2f8bc3eba7a5,e35395b2-ebd0-4491-bbfa-30b264182e19,INV-001332,Invoice for Subscription,cancelled,2025-08-12,2026-08-24,2026-07-15T07:33:57.352793,,42525.56,15,6378.83,48904.39,0,48904.39,USD,Thank you for your business!,,2026-07-03T06:40:10.352799,
d61eea1b-2d69-4af6-94e4-86643404dee7,2742825a-3e35-4f86-ae5a-aca92762e3ea,41476153-8a75-4175-b8d1-05eb17c2afa8,,INV-001333,Invoice for Support,paid,2026-03-25,2026-11-11,2026-05-23T19:49:29.352824,2026-07-14T10:26:12.352829,93527.42,8,7482.19,101009.61,101009.61,0,USD,,efb13c2a-03f0-4b80-affc-70e2fbda7a58,2025-11-07T20:00:04.352835,
0da015d4-5a43-4718-a485-ca8b14e7d669,2742825a-3e35-4f86-ae5a-aca92762e3ea,,,INV-001334,Invoice for Subscription,viewed,2026-07-13,2026-10-07,2026-02-28T06:36:44.352865,,10040.09,0,0.0,10040.09,0,10040.09,USD,Thank you for your business!,3ee9f778-0afb-42e9-b1b0-d0b10170a626,2025-10-28T22:16:34.352873,
048b4262-c184-46b8-810b-3fb25efa6855,2742825a-3e35-4f86-ae5a-aca92762e3ea,,,INV-001335,Invoice for Products,draft,2026-01-16,2026-09-13,,,95561.58,0,0.0,95561.58,0,95561.58,USD,Thank you for your business!,f934b642-d805-4fb9-a790-8119dd32195d,2026-04-06T18:49:44.352900,
ec8e4561-a06f-40e2-91b7-66056a186f7c,2742825a-3e35-4f86-ae5a-aca92762e3ea,,7adacfc7-6977-482d-a387-083525455854,INV-001336,Invoice for Subscription,sent,2025-12-01,2026-09-18,2026-06-21T03:50:24.352926,,39989.13,20,7997.83,47986.96,0,47986.96,USD,Thank you for your business!,,2026-02-20T12:44:53.352932,
fab34846-510a-402a-8c16-3285afbfeddf,2742825a-3e35-4f86-ae5a-aca92762e3ea,7d049328-673f-436a-a015-0ff66ec80b54,,INV-001337,Invoice for Support,overdue,2026-06-18,2026-09-01,2026-07-31T00:21:38.352966,,76324.47,10,7632.45,83956.92,0,83956.92,USD,Thank you for your business!,,2026-03-19T05:44:15.352972,
8abe194b-1caa-4484-88da-90c56a17b9a0,2742825a-3e35-4f86-ae5a-aca92762e3ea,b75214e6-d7c2-4ed7-aa66-7054a27417e7,,INV-001338,Invoice for Products,partial,2025-08-18,2026-12-09,2026-05-01T09:15:30.353003,,78933.21,5,3946.66,82879.87,41439.935,41439.935,USD,Thank you for your business!,b78af192-f8ae-4e05-ac8c-964252476d2a,2026-06-19T08:34:16.353009,
6458244e-37a2-49be-9037-097de9fb261a,2742825a-3e35-4f86-ae5a-aca92762e3ea,,,INV-001339,Invoice for Support,cancelled,2026-01-13,2026-12-28,2026-07-14T16:22:33.353038,,99186.25,8,7934.9,107121.15,0,107121.15,USD,,,2026-06-07T22:55:16.353044,
b906f6cf-2ab6-4e92-82a2-2bf65200f99f,2742825a-3e35-4f86-ae5a-aca92762e3ea,2d967111-493f-4f94-a19e-255f5a21311f,,INV-001340,Invoice for Products,sent,2025-12-01,2026-10-14,2026-06-26T03:40:41.353071,,62813.9,7.5,4711.04,67524.94,0,67524.94,USD,Thank you for your business!,2f99d461-b366-4b9f-b58c-44b07421a74a,2026-05-09T20:05:45.353078,
e6915afe-0d9d-4c3c-a2c1-d93354d1af92,2742825a-3e35-4f86-ae5a-aca92762e3ea,6cacaf6a-fdf3-4655-91eb-26bcc468dc92,,INV-001341,Invoice for Services,paid,2026-03-21,2027-01-18,2026-04-21T21:21:27.353103,2026-05-28T09:14:08.353109,97583.26,0,0.0,97583.26,97583.26,0,USD,,,2026-07-10T07:31:30.353115,
5f442c7b-7e66-4437-b4c7-2dbd43eebee5,2742825a-3e35-4f86-ae5a-aca92762e3ea,,0cddb1d9-2fff-49b9-bdb1-9a882d3d8ba3,INV-001342,Invoice for Services,sent,2026-01-23,2026-09-11,2026-08-07T00:36:55.353145,,36788.59,10,3678.86,40467.45,0,40467.45,USD,Thank you for your business!,699221ef-05de-4b99-9cbe-6fde2aa0a977,2025-09-02T15:21:20.353151,
6637253d-c206-426e-89f4-5742dd42f6ca,2742825a-3e35-4f86-ae5a-aca92762e3ea,ba425a42-b0d1-401c-8d4c-072b07e33457,,INV-001343,Invoice for Subscription,partial,2026-06-23,2026-11-22,2026-08-03T16:57:48.353178,,39337.21,8,3146.98,42484.19,21242.095,21242.095,USD,,,2026-01-31T03:50:34.353184,
2cc798c3-b381-4ff2-ae9a-1a37d4bc44e6,2742825a-3e35-4f86-ae5a-aca92762e3ea,225e67fa-09d0-42ec-835c-17671ef40091,,INV-001344,Invoice for Subscription,overdue,2026-04-08,2026-10-25,2026-02-07T09:40:48.353211,,7545.95,15,1131.89,8677.84,0,8677.84,USD,,,2025-08-28T01:55:53.353217,
15b176c8-e953-4505-9adf-193800076451,2742825a-3e35-4f86-ae5a-aca92762e3ea,bf7f74a6-cbd1-41a3-9bef-b74c424b6561,,INV-001345,Invoice for Services,paid,2025-09-21,2026-12-27,2026-02-08T20:24:53.353243,2026-04-21T16:39:55.353248,66837.3,7.5,5012.8,71850.1,71850.1,0,USD,Thank you for your business!,fbc0b47d-2a2a-447b-aee5-585b47f2204f,2025-10-07T16:12:27.353255,
deeb6264-8684-4b7f-8ba1-7c1ef24a44b8,2742825a-3e35-4f86-ae5a-aca92762e3ea,f6a3cf66-3a06-4183-b9f3-1ce28291a98a,,INV-001346,Invoice for Products,partial,2026-07-14,2026-08-08,2026-05-18T07:03:50.353282,,53750.13,8,4300.01,58050.14,29025.07,29025.07,USD,Thank you for your business!,,2025-11-11T22:00:46.353287,
aae9e27e-95d7-4080-9b00-8f67ee687c3a,2742825a-3e35-4f86-ae5a-aca92762e3ea,4c5f051e-0925-478b-b631-d6d14e96c442,,INV-001347,Invoice for Consulting,overdue,2025-08-31,2026-10-31,2026-02-27T01:14:58.353317,,12643.06,0,0.0,12643.06,0,12643.06,USD,,,2025-09-10T02:45:09.353322,
b411ab6d-9f16-4014-82e8-3693ff9c598a,2742825a-3e35-4f86-ae5a-aca92762e3ea,3875f93d-5744-4e86-8c5a-79832f258209,7adb1254-a573-4e9b-adb1-92f7a395c2ff,INV-001348,Invoice for Subscription,paid,2025-11-21,2026-11-08,2026-07-09T11:41:50.353349,2026-04-22T21:47:58.353355,40133.31,8,3210.66,43343.97,43343.97,0,USD,,,2025-12-28T04:58:52.353361,
f5c94899-3e01-49cc-93e4-93030d0b3684,2742825a-3e35-4f86-ae5a-aca92762e3ea,8a196fc7-2c96-4193-aca0-fe5dda608269,,INV-001349,Invoice for Services,draft,2025-11-17,2026-12-15,,,27308.51,5,1365.43,28673.94,0,28673.94,USD,,,2026-05-19T17:41:00.353387,
1bf4019b-b5ee-4913-85e6-68a0acdabc3b,2742825a-3e35-4f86-ae5a-aca92762e3ea,1622ffe2-5729-4c1a-8934-d3ddd11280bb,,INV-001350,Invoice for Consulting,sent,2025-12-24,2026-10-15,2026-03-18T02:32:32.353413,,78543.46,5,3927.17,82470.63,0,82470.63,USD,,d0c1ae0f-6b7a-47f6-91a8-48feb70c6c64,2026-02-01T10:20:27.353420,
3701c573-bdb0-4c7f-bf99-b52b6a5e027a,2742825a-3e35-4f86-ae5a-aca92762e3ea,,,INV-001351,Invoice for Support,cancelled,2026-04-13,2026-09-16,2026-07-17T08:58:29.353451,,44116.23,0,0.0,44116.23,0,44116.23,USD,Thank you for your business!,,2026-01-04T00:19:04.353457,
3726bb29-d353-470a-9fc8-f7dd3f37789a,2742825a-3e35-4f86-ae5a-aca92762e3ea,cc0ee7cb-0360-432a-b8dd-3dd804104d07,,INV-001352,Invoice for Products,viewed,2026-07-09,2026-11-18,2026-05-30T21:18:10.353491,,33086.38,0,0.0,33086.38,0,33086.38,USD,Thank you for your business!,,2026-01-19T04:09:30.353497,
d78bb9b1-7e6b-4716-988c-72f157aad13a,2742825a-3e35-4f86-ae5a-aca92762e3ea,246c91bd-33d4-453c-ab4d-711a28f691d5,3a761bd5-e4f9-4414-8cf3-80a871ed6f55,INV-001353,Invoice for Services,viewed,2025-12-14,2027-01-11,2026-05-23T10:41:04.353524,,3250.34,10,325.03,3575.37,0,3575.37,USD,,,2025-11-20T10:25:53.353530,
73006624-aea6-4e91-8fb3-eb640a8119d9,2742825a-3e35-4f86-ae5a-aca92762e3ea,f0091b69-9989-4a98-943e-42037accfe3f,,INV-001354,Invoice for Consulting,partial,2025-10-27,2027-01-16,2026-07-12T14:05:15.353557,,50598.05,20,10119.61,60717.66,30358.83,30358.83,USD,Thank you for your business!,,2025-11-19T15:52:01.353566,
579242d9-a494-4198-8d2f-6b10077689a2,2742825a-3e35-4f86-ae5a-aca92762e3ea,0c45aa19-09a8-49b8-a1cd-78d71641f104,,INV-001355,Invoice for Products,overdue,2026-03-18,2026-11-02,2026-08-04T14:48:40.353597,,29170.72,8,2333.66,31504.38,0,31504.38,USD,,,2026-05-05T13:58:31.353603,
b83a4348-809e-4186-a749-c750214e68fe,2742825a-3e35-4f86-ae5a-aca92762e3ea,fd2f1e9c-f857-4059-8412-6c204dea4505,c889537a-20bc-41e0-8c25-653e6669c93c,INV-001356,Invoice for Support,overdue,2026-02-17,2026-09-17,2026-07-22T04:20:45.353629,,38488.48,0,0.0,38488.48,0,38488.48,USD,Thank you for your business!,d61816cc-18e9-4147-80f0-b6978f4e7ad4,2025-12-18T20:24:56.353636,
6c65091f-2b0e-43e6-847e-3adb2689a16d,2742825a-3e35-4f86-ae5a-aca92762e3ea,53c310cd-6836-4fe7-a600-4f5d83880d8d,2b083633-aaaf-488e-bbcb-87b4666406a4,INV-001357,Invoice for Subscription,viewed,2026-01-16,2026-08-09,2026-07-14T16:29:14.353670,,34511.34,0,0.0,34511.34,0,34511.34,USD,Thank you for your business!,,2026-07-29T04:41:02.353676,
d7ed6f6c-8f05-4e18-92ee-186a3680eee1,2742825a-3e35-4f86-ae5a-aca92762e3ea,,,INV-001358,Invoice for Consulting,sent,2026-06-05,2026-10-01,2026-08-05T14:08:06.353701,,85256.56,10,8525.66,93782.22,0,93782.22,USD,Thank you for your business!,52cc69f9-77c4-4dcf-9f28-1e72df8ebce9,2026-07-15T14:20:59.353709,
a9522ace-e51c-4a28-bb69-de6b04c8e157,2742825a-3e35-4f86-ae5a-aca92762e3ea,00a2c887-de53-439f-94f2-67eb6917672d,31ea00b9-e353-4821-8299-98bf62213a2d,INV-001359,Invoice for Products,paid,2026-05-15,2026-08-11,2026-08-04T10:13:03.353736,2026-07-18T12:15:43.353741,13647.74,8,1091.82,14739.56,14739.56,0,USD,Thank you for your business!,,2026-07-30T03:39:15.353747,
45788fa3-1ce5-402f-a2ab-bf2db14f323c,2742825a-3e35-4f86-ae5a-aca92762e3ea,efaa110b-c998-4451-8070-5d165cd901f6,,INV-001360,Invoice for Services,partial,2025-08-31,2026-09-17,2026-04-24T09:16:28.353773,,77926.69,5,3896.33,81823.02,40911.51,40911.51,USD,Thank you for your business!,,2025-08-23T21:00:15.353779,
ec4e5833-6325-4a90-a934-b1290e299de2,2742825a-3e35-4f86-ae5a-aca92762e3ea,b9544eee-5274-4a17-ab54-fdf6ed7c6859,c064a9d2-b45b-432d-be7a-edae9ef1bb39,INV-001361,Invoice for Services,paid,2026-01-07,2026-10-09,2026-05-26T14:21:14.353806,2026-07-08T19:00:37.353811,80306.44,15,12045.97,92352.41,92352.41,0,USD,Thank you for your business!,,2026-05-04T13:46:09.353817,
fb4fd7a1-d9c3-448f-af64-3bce704d824b,2742825a-3e35-4f86-ae5a-aca92762e3ea,,,INV-001362,Invoice for Products,paid,2025-10-26,2026-09-06,2026-04-19T18:07:44.353842,2026-07-21T19:14:28.353847,9395.5,0,0.0,9395.5,9395.5,0,USD,,,2025-12-06T17:10:29.353853,
b82d8fa8-1192-4e03-a7cb-150ea4e619d8,2742825a-3e35-4f86-ae5a-aca92762e3ea,319aefd8-1458-49a1-a578-1cad54e408ed,,INV-001363,Invoice for Subscription,paid,2026-04-20,2027-01-02,2026-07-23T02:57:35.353883,2026-05-20T07:31:05.353888,60757.08,8,4860.57,65617.65,65617.65,0,USD,,,2025-08-27T11:10:13.353894,
7c618fa7-c496-4ee7-a332-15d329e05520,2742825a-3e35-4f86-ae5a-aca92762e3ea,efbd3c14-770f-492f-8df4-c40b95a10c3f,104c7319-e4ac-475c-aae0-cb4171001645,INV-001364,Invoice for Products,sent,2025-11-20,2026-11-02,2026-07-24T18:53:02.353921,,12074.98,7.5,905.62,12980.6,0,12980.6,USD,Thank you for your business!,90965e98-b8e5-4e8f-96da-f0da2bbd9abf,2025-10-30T08:36:26.353928,
5c1878a5-fb66-43e4-b638-9625742df8b3,2742825a-3e35-4f86-ae5a-aca92762e3ea,93eda350-cc17-4a69-9f15-cd35dc1f74f9,,INV-001365,Invoice for Products,cancelled,2026-04-08,2027-01-12,2026-07-31T12:24:46.353954,,37608.8,0,0.0,37608.8,0,37608.8,USD,Thank you for your business!,efb13c2a-03f0-4b80-affc-70e2fbda7a58,2026-06-30T17:55:06.353961,
c56b6b77-978a-4634-84f1-1d2672c5c3b6,2742825a-3e35-4f86-ae5a-aca92762e3ea,eca4aa00-dd5c-44cd-a520-7bd913959c48,,INV-001366,Invoice for Consulting,cancelled,2025-10-30,2026-08-11,2026-06-07T17:47:18.353986,,11230.02,0,0.0,11230.02,0,11230.02,USD,Thank you for your business!,,2025-10-31T18:36:09.353992,
a3753a08-d34a-4403-8884-6b1330cf2f31,2742825a-3e35-4f86-ae5a-aca92762e3ea,,c5d94488-c6f1-4c58-a6bf-056ede00e28e,INV-001367,Invoice for Support,partial,2026-07-21,2026-09-06,2026-04-25T02:26:09.354018,,55295.49,10,5529.55,60825.04,30412.52,30412.52,USD,,,2026-01-12T16:01:16.354024,
90b72d4b-7edc-44b7-bd6b-dd08c8bc87b8,2742825a-3e35-4f86-ae5a-aca92762e3ea,580aed8c-4daa-4616-ac00-ae2561c4f3d6,,INV-001368,Invoice for Services,viewed,2026-07-14,2026-11-16,2026-05-21T23:35:59.354054,,61492.52,5,3074.63,64567.15,0,64567.15,USD,Thank you for your business!,,2026-02-14T07:53:25.354060,
e7dd71a7-45a5-4c97-bc6d-c0d5ff04021f,2742825a-3e35-4f86-ae5a-aca92762e3ea,,,INV-001369,Invoice for Support,draft,2025-10-28,2026-12-03,,,22566.61,10,2256.66,24823.27,0,24823.27,USD,Thank you for your business!,,2026-02-15T03:47:17.354123,
6544aa26-3b9e-4481-a727-05fd6e70da1f,2742825a-3e35-4f86-ae5a-aca92762e3ea,e235781d-93fd-46aa-8d36-2d84ade71193,638a2764-e40e-4b12-a511-837488fc9a06,INV-001370,Invoice for Services,sent,2025-09-09,2026-08-29,2026-05-29T17:25:21.354178,,67677.12,15,10151.57,77828.69,0,77828.69,USD,Thank you for your business!,,2026-07-24T15:03:58.354187,
b478279f-f3bb-4ba8-9045-f30b95f9e949,2742825a-3e35-4f86-ae5a-aca92762e3ea,4a0952fd-15a4-4f30-976c-a5bb2a6d1770,,INV-001371,Invoice for Consulting,overdue,2026-03-20,2026-11-18,2026-06-29T16:13:42.354235,,66793.15,8,5343.45,72136.6,0,72136.6,USD,Thank you for your business!,,2026-03-17T16:33:44.354244,
71de1e9e-8fa4-428d-9b61-45b50fb535ac,2742825a-3e35-4f86-ae5a-aca92762e3ea,,0a1b7ba3-136e-4fbb-8a4b-391b63c12572,INV-001372,Invoice for Products,partial,2025-11-14,2026-09-23,2026-07-26T11:50:02.354285,,83075.81,0,0.0,83075.81,41537.905,41537.905,USD,,b28d55b8-cfeb-4ef1-b936-71d8d7f61ca9,2026-01-18T09:56:54.354296,
5e23d594-09fe-4851-bbe9-8fa3641e6cab,2742825a-3e35-4f86-ae5a-aca92762e3ea,,96544f3e-eda4-4fa2-95d1-de6e5741e1a0,INV-001373,Invoice for Support,viewed,2025-08-29,2027-01-09,2026-03-09T06:37:12.354342,,13421.98,10,1342.2,14764.18,0,14764.18,USD,Thank you for your business!,,2026-03-11T13:49:47.354351,
d89a2b1c-1f09-4844-ae57-f3b422722d31,2742825a-3e35-4f86-ae5a-aca92762e3ea,ca809fd5-ab94-4738-9c8b-316670fcfe4c,,INV-001374,Invoice for Support,draft,2025-10-10,2027-01-01,,,14535.37,0,0.0,14535.37,0,14535.37,USD,Thank you for your business!,,2026-01-10T03:47:36.354391,
416cb33f-17ef-46c2-9132-77543622c23a,2742825a-3e35-4f86-ae5a-aca92762e3ea,db0c4861-0afb-4ef6-936d-76c2e2c57fd7,,INV-001375,Invoice for Consulting,cancelled,2026-01-19,2026-11-22,2026-04-03T22:30:38.354430,,36413.04,7.5,2730.98,39144.02,0,39144.02,USD,Thank you for your business!,,2026-08-01T10:47:25.354438,
aee024aa-14df-4ecb-8068-9510a96504be,2742825a-3e35-4f86-ae5a-aca92762e3ea,,72d78bcb-aaaf-42c9-94f3-c47af4f31a08,INV-001376,Invoice for Services,partial,2026-01-23,2026-11-19,2026-02-13T08:13:27.354490,,1223.24,15,183.49,1406.73,703.365,703.365,USD,,,2026-04-03T16:08:26.354499,
97ec6398-2f00-4033-bbcf-ac13f12f2d23,2742825a-3e35-4f86-ae5a-aca92762e3ea,04b592d3-50c6-4e81-a319-f95322dd997a,83a4f3ae-6914-419d-8e8d-ed8aa58c54e2,INV-001377,Invoice for Services,overdue,2026-05-05,2026-10-22,2026-04-08T07:10:36.354548,,93904.11,0,0.0,93904.11,0,93904.11,USD,,,2026-06-03T15:21:13.354556,
51b991be-a6c8-48b3-9dae-02f50b9b4a5e,2742825a-3e35-4f86-ae5a-aca92762e3ea,,2ac5090d-d493-459b-8c9f-61e85d7b8454,INV-001378,Invoice for Services,partial,2026-08-07,2026-08-28,2026-05-22T19:08:07.354601,,64649.55,5,3232.48,67882.03,33941.015,33941.015,USD,,,2025-09-17T14:32:32.354609,
ee4477e7-ccb0-4eb7-b8f6-129f87113287,2742825a-3e35-4f86-ae5a-aca92762e3ea,b7e07c74-4efb-4bd1-a8ce-8ac51bc138e6,,INV-001379,Invoice for Products,overdue,2025-10-09,2026-09-10,2026-06-13T05:20:23.354649,,63341.93,7.5,4750.64,68092.57,0,68092.57,USD,,,2026-06-01T23:11:57.354658,
a405811c-08d4-4fad-be6e-8fa6b66ff58c,2742825a-3e35-4f86-ae5a-aca92762e3ea,5b5fdf18-071a-42ac-b6fb-c14985172f5e,,INV-001380,Invoice for Consulting,sent,2026-05-20,2026-11-24,2026-03-24T09:44:54.354697,,78297.1,7.5,5872.28,84169.38,0,84169.38,USD,,,2025-10-30T17:11:33.354706,
7892ba32-d3c7-4e82-b004-19cc88d0d3a3,2742825a-3e35-4f86-ae5a-aca92762e3ea,612e047d-e788-4be0-80e6-3c1dada90524,,INV-001381,Invoice for Services,draft,2026-06-19,2026-11-25,,,31897.4,10,3189.74,35087.14,0,35087.14,USD,,,2025-09-03T02:00:10.354746,
56ecfa1e-70e4-443f-aa2a-d0aa31723c29,2742825a-3e35-4f86-ae5a-aca92762e3ea,,,INV-001382,Invoice for Services,paid,2025-09-20,2026-09-27,2026-08-06T16:11:15.354784,2026-07-30T05:48:05.354791,37995.71,8,3039.66,41035.37,41035.37,0,USD,Thank you for your business!,,2026-05-07T12:24:21.354800,
2f507091-cf68-4b73-a21e-7e38629e13fc,2742825a-3e35-4f86-ae5a-aca92762e3ea,,e2656ed5-072a-4033-a824-c4ae064e08d0,INV-001383,Invoice for Services,sent,2025-11-18,2027-01-19,2026-07-14T22:49:22.354840,,72404.69,5,3620.23,76024.92,0,76024.92,USD,,25582f29-efc0-4e56-98b5-e202539a28dc,2025-10-20T13:37:18.354851,
967922e1-f78c-4ec4-8835-2058c48c31c9,2742825a-3e35-4f86-ae5a-aca92762e3ea,5c32b72a-7a52-49a0-a953-c85581ca213e,,INV-001384,Invoice for Products,sent,2026-05-20,2026-11-13,2026-05-18T03:06:36.354898,,8920.69,0,0.0,8920.69,0,8920.69,USD,Thank you for your business!,,2026-04-22T03:31:34.354907,
20faacf2-e6de-4584-b7f5-2a323d7d20b8,2742825a-3e35-4f86-ae5a-aca92762e3ea,ba2a22f1-abf4-4905-8f48-8a2bfe336d49,,INV-001385,Invoice for Support,draft,2026-02-09,2026-08-29,,,31890.74,10,3189.07,35079.81,0,35079.81,USD,,,2025-10-15T11:35:50.354948,
35fdba73-03e3-4a40-926d-acd0b214d346,2742825a-3e35-4f86-ae5a-aca92762e3ea,795f816e-c49c-4731-afc7-62947e754524,,INV-001386,Invoice for Consulting,overdue,2025-09-09,2026-12-02,2026-02-28T12:21:02.354988,,18141.0,8,1451.28,19592.28,0,19592.28,USD,,,2025-10-07T04:10:59.354996,
813f248d-1f1d-43a2-abb5-b36eaee2c0be,2742825a-3e35-4f86-ae5a-aca92762e3ea,,,INV-001387,Invoice for Services,cancelled,2026-07-16,2026-09-09,2026-04-15T08:22:59.355039,,88468.62,0,0.0,88468.62,0,88468.62,USD,Thank you for your business!,80f6dcf6-dd21-42cd-a796-863214145dfb,2026-05-30T15:23:35.355049,
ffeb492f-c5d5-4823-aaa1-ed3a342e81ae,2742825a-3e35-4f86-ae5a-aca92762e3ea,67a897e5-6907-4d71-bf84-38e476c5d0ce,,INV-001388,Invoice for Products,cancelled,2026-03-08,2026-11-18,2026-07-29T14:18:31.355093,,57527.57,15,8629.14,66156.71,0,66156.71,USD,Thank you for your business!,,2026-03-18T02:14:46.355102,
b58aebe3-4752-43fe-98db-631215fd4b38,2742825a-3e35-4f86-ae5a-aca92762e3ea,be0be27f-4252-44f2-8fae-183e8662aa5f,,INV-001389,Invoice for Subscription,paid,2025-12-17,2026-09-04,2026-05-01T23:11:00.355152,2026-07-10T13:01:39.355160,94753.4,7.5,7106.51,101859.91,101859.91,0,USD,Thank you for your business!,,2026-02-25T13:27:32.355169,
732cb3d1-1d15-469e-9225-a4e7efaab863,2742825a-3e35-4f86-ae5a-aca92762e3ea,,b9172d61-a4c3-4945-bc00-6e7bd0e90b23,INV-001390,Invoice for Consulting,viewed,2026-03-13,2027-01-28,2026-06-24T04:27:36.355211,,76093.23,20,15218.65,91311.88,0,91311.88,USD,Thank you for your business!,,2025-08-09T08:27:28.355220,
c16407f6-0701-4c7f-8831-674265f4cdd8,2742825a-3e35-4f86-ae5a-aca92762e3ea,,,INV-001391,Invoice for Subscription,viewed,2026-01-18,2026-08-16,2026-03-14T23:28:19.355262,,58358.87,15,8753.83,67112.7,0,67112.7,USD,,,2025-09-14T22:00:12.355272,
4d2fcd75-bb81-40ff-8aeb-de155a2e196f,2742825a-3e35-4f86-ae5a-aca92762e3ea,,8476e161-5248-4699-9db5-966bc2e65520,INV-001392,Invoice for Products,viewed,2026-06-10,2026-09-23,2026-07-10T09:26:55.355312,,14781.24,20,2956.25,17737.49,0,17737.49,USD,Thank you for your business!,,2025-11-26T12:44:28.355321,
3388f4db-3493-4740-a595-7fe0c49d63bd,2742825a-3e35-4f86-ae5a-aca92762e3ea,,bafb2fb9-2916-43cc-b5f2-e625aa6f69d3,INV-001393,Invoice for Consulting,viewed,2026-07-18,2026-10-07,2026-04-28T09:56:41.355361,,85270.78,5,4263.54,89534.32,0,89534.32,USD,,,2025-12-21T03:34:28.355371,
72838a09-c7a7-4829-9e8b-bd4813b85581,2742825a-3e35-4f86-ae5a-aca92762e3ea,,,INV-001394,Invoice for Subscription,viewed,2025-12-05,2027-01-29,2026-06-09T15:41:35.355416,,34744.47,15,5211.67,39956.14,0,39956.14,USD,,,2025-11-25T12:13:22.355426,
fc34f93b-0be9-45d6-b329-ad6f7b963e37,2742825a-3e35-4f86-ae5a-aca92762e3ea,,7067a74c-d7fe-485a-90b0-c5ccaceeff21,INV-001395,Invoice for Products,viewed,2026-02-27,2026-09-24,2026-05-04T07:10:56.355479,,72740.75,0,0.0,72740.75,0,72740.75,USD,,1e0ec0ec-8c0e-4ef5-a0f2-8d4e9c43c167,2026-06-02T08:34:38.355490,
6403569d-e41d-4ba6-8296-d85d45fdbeae,2742825a-3e35-4f86-ae5a-aca92762e3ea,4aaf22b7-d61a-48d9-9271-96c200d3edc8,,INV-001396,Invoice for Products,viewed,2025-08-23,2026-08-09,2026-08-04T20:51:09.355531,,40795.21,15,6119.28,46914.49,0,46914.49,USD,,2f2392cf-3809-4170-aefc-f58c8f5c59b2,2025-08-23T16:25:06.355542,
295897e9-a53a-411c-9a10-db6896087475,2742825a-3e35-4f86-ae5a-aca92762e3ea,c4ba7e78-cee1-4ea5-9d2b-7eeb6a49866f,25b004aa-eb9b-4f89-8cb1-de7862c9a4d6,INV-001397,Invoice for Consulting,overdue,2026-06-23,2026-11-20,2026-07-04T18:19:38.355592,,42909.47,0,0.0,42909.47,0,42909.47,USD,Thank you for your business!,,2025-12-11T04:01:20.355601,
ac0ee07f-ab07-4a4c-9f3e-0a0a2acdf911,2742825a-3e35-4f86-ae5a-aca92762e3ea,,1b4b7738-56c7-4c85-b4fa-bd8025b07d5a,INV-001398,Invoice for Products,draft,2026-05-08,2026-09-04,,,38516.59,15,5777.49,44294.08,0,44294.08,USD,,6326b142-d997-46bc-89ac-140499a6e8d4,2026-03-25T09:38:42.355644,
8c3ff447-c28d-4a20-9b1f-7951d4657568,2742825a-3e35-4f86-ae5a-aca92762e3ea,bbb90409-b563-48e4-951a-908706ced18f,,INV-001399,Invoice for Support,sent,2026-06-09,2026-09-04,2026-05-24T03:07:01.355690,,12057.43,0,0.0,12057.43,0,12057.43,USD,,,2026-06-18T09:15:00.355700,
b25eeefd-2f74-467b-9ba7-8b6008c1581c,2742825a-3e35-4f86-ae5a-aca92762e3ea,,,INV-001400,Invoice for Support,partial,2025-10-02,2027-01-15,2026-08-04T07:48:39.355739,,8159.74,5,407.99,8567.73,4283.865,4283.865,USD,Thank you for your business!,,2026-05-14T19:56:45.355749,
22a6c1b2-6acc-412f-92c1-310c0fd5ab55,2742825a-3e35-4f86-ae5a-aca92762e3ea,,,INV-001401,Invoice for Subscription,partial,2025-11-02,2027-02-05,2026-05-31T04:06:46.355821,,59960.82,15,8994.12,68954.94,34477.47,34477.47,USD,,,2025-08-26T19:10:32.355831,
90076617-fd21-45d0-aca5-eec7fcce3fd4,2742825a-3e35-4f86-ae5a-aca92762e3ea,f07a79e9-2016-4b74-ad7d-b66859db9ab5,,INV-001402,Invoice for Support,overdue,2026-07-26,2026-08-13,2026-05-17T22:58:14.355871,,33520.07,15,5028.01,38548.08,0,38548.08,USD,Thank you for your business!,,2026-01-03T08:01:39.355881,
fa81e3ad-71f1-4cea-bf15-7c9ad2c83d9f,2742825a-3e35-4f86-ae5a-aca92762e3ea,ac36d079-12bd-4ee2-a8b3-efb8c3852aea,ee2a9d1c-23ca-4808-8e74-48d81052a140,INV-001403,Invoice for Consulting,overdue,2025-10-20,2026-10-15,2026-07-20T15:49:31.355930,,9568.34,7.5,717.63,10285.97,0,10285.97,USD,Thank you for your business!,,2026-05-29T16:16:47.355939,
4a49d69b-6c92-4276-b24d-1deaa515ec8a,2742825a-3e35-4f86-ae5a-aca92762e3ea,,,INV-001404,Invoice for Support,sent,2026-04-20,2026-12-21,2026-02-11T07:42:32.355980,,58584.51,0,0.0,58584.51,0,58584.51,USD,,8e9beb49-3e9d-40ac-bd2f-11235e127906,2026-01-13T06:03:54.355991,
95eebd4f-78af-4e2e-86e9-10d0ec390dc0,2742825a-3e35-4f86-ae5a-aca92762e3ea,4c7b199f-5cd1-49e7-94b0-bfcfd6036068,,INV-001405,Invoice for Products,paid,2026-01-21,2026-12-03,2026-07-20T14:41:37.356042,2026-07-17T15:54:08.356050,15624.65,10,1562.46,17187.11,17187.11,0,USD,,,2026-04-10T07:23:30.356059,
82f0dd01-f6f9-4bca-bee4-14747404585d,2742825a-3e35-4f86-ae5a-aca92762e3ea,c5a2af1b-ed17-48df-8f46-8abfcf112d6e,,INV-001406,Invoice for Consulting,draft,2025-12-17,2026-10-16,,,22480.25,15,3372.04,25852.29,0,25852.29,USD,Thank you for your business!,,2025-11-15T07:04:22.356117,
2495a867-b025-41b4-b399-f336266e95fa,2742825a-3e35-4f86-ae5a-aca92762e3ea,a369935e-c8b2-4931-ab86-3f84655fc276,,INV-001407,Invoice for Support,overdue,2026-05-17,2026-10-18,2026-07-01T07:40:27.356159,,66541.22,8,5323.3,71864.52,0,71864.52,USD,Thank you for your business!,,2026-01-17T09:07:14.356167,
1557903c-72f7-4f9c-aed9-22260157df71,2742825a-3e35-4f86-ae5a-aca92762e3ea,f2addfd4-a28c-4108-89c4-0ae146c2a05a,,INV-001408,Invoice for Consulting,sent,2026-07-26,2026-11-28,2026-04-21T07:17:36.356207,,30045.11,15,4506.77,34551.88,0,34551.88,USD,,,2026-05-26T07:43:28.356216,
b61b8a3f-ed6c-452f-9ea0-9d3ecaa7bf09,2742825a-3e35-4f86-ae5a-aca92762e3ea,,,INV-001409,Invoice for Support,sent,2026-02-05,2026-09-04,2026-02-28T20:47:39.356255,,33046.51,7.5,2478.49,35525.0,0,35525.0,USD,,53b6bcb7-2264-43cd-898b-5396d55f07ae,2026-06-06T04:54:37.356266,
ba0516c6-7198-433e-bc47-7be131214d4c,2742825a-3e35-4f86-ae5a-aca92762e3ea,,e6bd936d-a3cb-4960-a32a-6f0c33a572c4,INV-001410,Invoice for Support,paid,2026-04-30,2026-11-26,2026-02-28T22:23:24.356306,2026-05-14T06:25:46.356315,7667.37,20,1533.47,9200.84,9200.84,0,USD,,d17796e0-a48e-4f4d-a0a9-594c7346d007,2025-09-13T17:31:31.356325,
bbf44c70-c9ff-4f9d-9fbc-4854c8e5c788,2742825a-3e35-4f86-ae5a-aca92762e3ea,fd073594-abf7-4373-8be3-29d2045c5408,91ddcf16-b64f-44c8-9e61-4e1fca15c9b3,INV-001411,Invoice for Subscription,overdue,2026-04-16,2026-10-09,2026-06-30T21:21:52.356369,,53230.9,7.5,3992.32,57223.22,0,57223.22,USD,,00a633c0-0144-4c6b-a5ce-a31a792b7de6,2025-10-09T02:43:11.356381,
5df1bf2f-c5a2-4940-b763-d096de1049bb,2742825a-3e35-4f86-ae5a-aca92762e3ea,f0b6b9e1-f034-465e-ab17-1e09ab06db4d,d875bdc7-fba2-48a5-941a-72e90f3a1ccf,INV-001412,Invoice for Services,cancelled,2025-08-29,2026-10-06,2026-07-11T16:14:13.356426,,96338.99,8,7707.12,104046.11,0,104046.11,USD,Thank you for your business!,fbc0b47d-2a2a-447b-aee5-585b47f2204f,2026-03-15T04:37:09.356437,
5cc34b0f-3748-426f-af2b-213effaaf0a4,2742825a-3e35-4f86-ae5a-aca92762e3ea,,067fd4ef-8bdb-419d-bb82-82821ad2f0b8,INV-001413,Invoice for Products,paid,2026-04-18,2026-11-14,2026-03-15T03:47:42.356491,2026-05-13T04:41:51.356500,26869.28,10,2686.93,29556.21,29556.21,0,USD,,,2026-04-12T10:29:40.356509,
39c8fc51-1591-4537-b124-02604c2f838a,2742825a-3e35-4f86-ae5a-aca92762e3ea,,2ac5090d-d493-459b-8c9f-61e85d7b8454,INV-001414,Invoice for Subscription,viewed,2026-05-04,2026-10-26,2026-05-07T08:56:21.356550,,48363.08,10,4836.31,53199.39,0,53199.39,USD,,,2025-11-07T17:17:23.356559,
1a561270-873a-4eae-bab9-55bb8ef91882,2742825a-3e35-4f86-ae5a-aca92762e3ea,bcbea78e-d606-4cc3-9180-039a91005728,,INV-001415,Invoice for Subscription,draft,2026-06-26,2026-12-30,,,68815.31,15,10322.3,79137.61,0,79137.61,USD,Thank you for your business!,ecaf81a1-c832-4fd4-85e3-3c23bc160b57,2025-09-23T12:06:32.356602,
16f095c9-4e3a-4702-b476-ccc237b6d2bd,2742825a-3e35-4f86-ae5a-aca92762e3ea,9bebb356-e4f2-47b9-ba54-d795907e0641,8476e161-5248-4699-9db5-966bc2e65520,INV-001416,Invoice for Support,overdue,2025-10-24,2026-10-31,2026-07-01T22:18:43.356644,,77081.78,15,11562.27,88644.05,0,88644.05,USD,Thank you for your business!,,2025-09-30T09:45:48.356654,
7c2e45ad-b135-4f37-8f25-89affb504393,2742825a-3e35-4f86-ae5a-aca92762e3ea,dd11b688-3d38-4fe0-9d8e-3c3606cdce6b,e55903be-833a-49fd-9b08-86fda6b42306,INV-001417,Invoice for Support,overdue,2025-09-13,2026-11-11,2026-02-23T01:40:06.356696,,76241.63,7.5,5718.12,81959.75,0,81959.75,USD,Thank you for your business!,,2026-03-25T07:31:09.356705,
fd328bb4-b24c-4268-a700-18bed7c48d34,2742825a-3e35-4f86-ae5a-aca92762e3ea,,dce7cf5b-14ef-40b0-a462-b6290c538834,INV-001418,Invoice for Support,cancelled,2026-08-02,2026-11-24,2026-07-05T21:14:03.356747,,86731.75,10,8673.17,95404.92,0,95404.92,USD,Thank you for your business!,,2025-11-10T20:05:51.356757,
b9df1515-63eb-4108-8105-356e9f24d11a,2742825a-3e35-4f86-ae5a-aca92762e3ea,,a6376469-551a-4a9d-81cb-380635ea9154,INV-001419,Invoice for Support,draft,2026-01-05,2026-12-23,,,96833.6,8,7746.69,104580.29,0,104580.29,USD,Thank you for your business!,,2025-08-26T16:39:02.356811,
a8315a55-ebfd-4ba1-9030-a09f8aaa6f06,2742825a-3e35-4f86-ae5a-aca92762e3ea,,,INV-001420,Invoice for Consulting,cancelled,2025-12-18,2026-10-25,2026-02-16T10:57:04.356850,,29276.48,5,1463.82,30740.3,0,30740.3,USD,,,2026-05-09T03:40:32.356859,
5e6a8041-cc4d-4b71-b054-2603d816b3d9,2742825a-3e35-4f86-ae5a-aca92762e3ea,4ea5b0bc-a908-409c-b2ea-065570faf217,,INV-001421,Invoice for Subscription,draft,2025-12-29,2026-09-18,,,85195.71,10,8519.57,93715.28,0,93715.28,USD,,,2025-10-01T04:58:19.356903,
909b62b1-9ef1-42ee-a7f1-fa6a4560715a,2742825a-3e35-4f86-ae5a-aca92762e3ea,,,INV-001422,Invoice for Subscription,overdue,2025-11-21,2026-10-03,2026-06-15T14:03:19.356943,,41984.02,15,6297.6,48281.62,0,48281.62,USD,,,2026-03-10T14:35:55.356958,
9424a606-e545-42c2-b5a6-15310f1c200d,2742825a-3e35-4f86-ae5a-aca92762e3ea,bb4d52fd-f20a-48ab-9e4d-1d2eda9d1ebd,e7a893ec-7d12-47a7-859f-6bbdde7a8941,INV-001423,Invoice for Products,cancelled,2026-07-18,2026-08-21,2026-07-31T08:11:53.357018,,99311.47,20,19862.29,119173.76,0,119173.76,USD,,,2026-07-15T02:57:04.357027,
5ac08580-b9e4-4b6e-b087-0c887a9368dd,2742825a-3e35-4f86-ae5a-aca92762e3ea,527a6981-aa13-46b1-8b5f-5d842f141c40,,INV-001424,Invoice for Products,sent,2026-03-04,2026-11-06,2026-07-07T04:04:29.357070,,1966.45,15,294.97,2261.42,0,2261.42,USD,,6d8eee43-eb31-45fc-b8c5-af34d7765342,2026-08-06T01:48:52.357081,
768cad1f-f554-48ad-9e5f-0dbbb20f3155,2742825a-3e35-4f86-ae5a-aca92762e3ea,,,INV-001425,Invoice for Consulting,cancelled,2025-11-19,2026-12-11,2026-04-18T09:21:29.357120,,94166.17,7.5,7062.46,101228.63,0,101228.63,USD,,,2026-01-05T10:49:25.357129,
c7c7c4aa-d3f9-45ed-8dc3-814cb7acf251,2742825a-3e35-4f86-ae5a-aca92762e3ea,9e53a55a-f535-4ce5-a4a8-c090739b7518,4b108beb-80e6-4598-9dcd-cc02dc17e4dc,INV-001426,Invoice for Services,overdue,2025-12-03,2026-08-20,2026-05-08T11:31:00.357171,,72992.86,5,3649.64,76642.5,0,76642.5,USD,,,2026-06-25T00:22:12.357181,
3b0554e9-1de7-46fd-b62d-a684825cce29,2742825a-3e35-4f86-ae5a-aca92762e3ea,09139888-8092-4f30-b20d-cd81ea1a78d9,,INV-001427,Invoice for Consulting,overdue,2026-06-30,2026-09-24,2026-07-23T08:10:30.357221,,92438.02,8,7395.04,99833.06,0,99833.06,USD,Thank you for your business!,,2026-05-07T04:54:18.357231,
1153808a-c6d4-4e36-8e9a-cfe1f8f75091,2742825a-3e35-4f86-ae5a-aca92762e3ea,e70bdd62-e1d0-49bb-8cdf-d86b4a544bc6,e8f33b45-10be-4201-98d5-bcab2ce5971e,INV-001428,Invoice for Services,partial,2025-11-22,2026-09-12,2026-04-23T21:29:28.357279,,54409.5,15,8161.43,62570.93,31285.465,31285.465,USD,,,2025-12-29T02:22:38.357289,
fc95b5df-9493-4d62-988f-78726d717f9f,2742825a-3e35-4f86-ae5a-aca92762e3ea,a4e38b35-32ec-47f9-9b1c-2cd83cebe4d9,,INV-001429,Invoice for Support,draft,2026-04-29,2026-10-26,,,38683.14,20,7736.63,46419.77,0,46419.77,USD,,0c37a4ce-c8db-4259-a7d8-29c6d948c849,2026-07-21T09:22:23.357334,
51efe165-cfe1-45b7-a42b-d2d4dad8bdf8,2742825a-3e35-4f86-ae5a-aca92762e3ea,,,INV-001430,Invoice for Support,cancelled,2026-08-03,2026-11-30,2026-03-22T16:43:50.357372,,76698.67,8,6135.89,82834.56,0,82834.56,USD,,,2026-02-10T03:45:29.357381,
5bb21d51-cef4-4568-a63b-b6fc7aaa44a8,2742825a-3e35-4f86-ae5a-aca92762e3ea,,,INV-001431,Invoice for Support,paid,2026-03-25,2026-11-22,2026-03-14T18:47:28.357421,2026-07-22T05:04:48.357430,60056.04,15,9008.41,69064.45,69064.45,0,USD,Thank you for your business!,,2026-07-23T22:21:06.357438,
1d2155a4-d7c9-4a92-8649-d92a2102d2e8,2742825a-3e35-4f86-ae5a-aca92762e3ea,,,INV-001432,Invoice for Products,overdue,2026-08-02,2026-09-30,2026-03-30T11:29:59.357490,,13400.0,20,2680.0,16080.0,0,16080.0,USD,,,2026-03-20T18:05:00.357499,
34e5ba2e-4531-43a6-acc8-ffa161ad9542,2742825a-3e35-4f86-ae5a-aca92762e3ea,0d4c93c7-0175-49a7-9308-389dcc7edd52,3fa3baf2-d1ae-4efd-9bdc-4103e3cb8e8f,INV-001433,Invoice for Support,viewed,2025-12-25,2026-08-13,2026-07-14T02:46:00.357540,,43329.12,20,8665.82,51994.94,0,51994.94,USD,Thank you for your business!,,2026-07-10T04:02:49.357550,
a1450293-5f9e-404b-8b9c-d67f6b1a5a1a,2742825a-3e35-4f86-ae5a-aca92762e3ea,6a51edc1-7dee-4531-901e-da15e3cfedea,7067a74c-d7fe-485a-90b0-c5ccaceeff21,INV-001434,Invoice for Subscription,sent,2026-02-07,2026-09-17,2026-06-29T20:55:16.357609,,5171.15,15,775.67,5946.82,0,5946.82,USD,Thank you for your business!,,2025-08-21T22:32:33.357621,
9d2457ec-a7e1-429a-95e5-5b25b3471296,2742825a-3e35-4f86-ae5a-aca92762e3ea,,,INV-001435,Invoice for Services,viewed,2026-05-07,2026-12-21,2026-07-12T15:58:21.357668,,95811.29,8,7664.9,103476.19,0,103476.19,USD,Thank you for your business!,,2026-01-19T05:10:21.357679,
8ec28f2b-5896-4436-9083-82b65c3bad5b,2742825a-3e35-4f86-ae5a-aca92762e3ea,e3e464dd-947b-40ac-a15a-8239890f43e6,141b174f-0eb1-4568-a1cf-102e03230a98,INV-001436,Invoice for Subscription,paid,2026-02-08,2026-10-25,2026-04-27T08:57:49.357723,2026-05-19T05:33:54.357732,20132.19,7.5,1509.91,21642.1,21642.1,0,USD,,,2026-05-04T18:50:45.357746,
20cd338b-78fc-4d36-be2f-643b9583bdcb,2742825a-3e35-4f86-ae5a-aca92762e3ea,53c310cd-6836-4fe7-a600-4f5d83880d8d,959bbaf9-eacc-4d5b-9bb1-66d17192ecc2,INV-001437,Invoice for Subscription,cancelled,2026-03-22,2026-09-04,2026-06-05T02:22:00.357794,,79694.01,10,7969.4,87663.41,0,87663.41,USD,,,2026-06-13T00:38:29.357805,
9921752c-f754-48b9-a6d1-358a5ade6fdc,2742825a-3e35-4f86-ae5a-aca92762e3ea,0a770447-edb1-4b22-ac1a-334ad3f74163,cefe9114-7b41-4d60-9e95-d5bd997e6d34,INV-001438,Invoice for Support,overdue,2025-09-29,2027-01-07,2026-04-01T09:27:19.357849,,99022.82,0,0.0,99022.82,0,99022.82,USD,Thank you for your business!,,2025-12-08T04:15:01.357858,
66b37dec-613a-4015-9e2e-cc89d8e79936,2742825a-3e35-4f86-ae5a-aca92762e3ea,,,INV-001439,Invoice for Products,draft,2025-12-08,2026-12-19,,,28612.18,7.5,2145.91,30758.09,0,30758.09,USD,Thank you for your business!,,2026-01-10T15:52:42.357910,
0dccf7f2-6f1f-4a1c-89cf-f4866d65d778,2742825a-3e35-4f86-ae5a-aca92762e3ea,,856fb5a3-2ed9-4051-8ae8-9a5252072b3e,INV-001440,Invoice for Subscription,cancelled,2025-08-26,2026-12-09,2026-03-26T19:59:21.357953,,65748.81,10,6574.88,72323.69,0,72323.69,USD,,,2025-11-28T06:14:28.357964,
75cb7ece-91f1-4f89-8c52-ea1bd593ed3f,2742825a-3e35-4f86-ae5a-aca92762e3ea,a6072fe5-288a-4600-b846-13afd6b0470a,,INV-001441,Invoice for Consulting,cancelled,2026-01-07,2026-12-07,2026-03-22T16:44:41.358011,,71215.01,0,0.0,71215.01,0,71215.01,USD,,,2026-04-02T09:45:17.358021,
2ffec2e8-88d7-40c0-84b8-30bfe09d0348,2742825a-3e35-4f86-ae5a-aca92762e3ea,,141b174f-0eb1-4568-a1cf-102e03230a98,INV-001442,Invoice for Products,viewed,2025-10-19,2026-08-26,2026-03-16T21:33:12.358063,,60892.67,5,3044.63,63937.3,0,63937.3,USD,Thank you for your business!,,2025-12-12T04:50:42.358073,
d1e2ef40-7cb3-4122-a870-2705fb160f12,2742825a-3e35-4f86-ae5a-aca92762e3ea,6bff9969-4273-4c8c-9472-75af6514161a,,INV-001443,Invoice for Products,sent,2025-08-18,2026-10-10,2026-03-07T23:44:12.358116,,1416.75,7.5,106.26,1523.01,0,1523.01,USD,,,2026-06-02T00:30:05.358125,
ef3795aa-3fe5-4002-8643-d97efbc9035a,2742825a-3e35-4f86-ae5a-aca92762e3ea,947b8a02-0765-4c9c-8495-b84ab1ddaccc,e55903be-833a-49fd-9b08-86fda6b42306,INV-001444,Invoice for Services,overdue,2026-02-10,2027-01-31,2026-05-12T14:35:29.358177,,77524.83,20,15504.97,93029.8,0,93029.8,USD,Thank you for your business!,66cccd90-766f-40ea-8a13-e1cfbbb7b5d0,2025-12-30T05:50:27.358188,
27d6f41f-77b4-48d0-b075-49c3cfe6e9db,2742825a-3e35-4f86-ae5a-aca92762e3ea,,96544f3e-eda4-4fa2-95d1-de6e5741e1a0,INV-001445,Invoice for Services,viewed,2026-01-28,2027-01-03,2026-04-11T12:18:38.358227,,81868.22,5,4093.41,85961.63,0,85961.63,USD,,,2025-10-15T02:04:22.358236,
d8a8c424-ffd4-4ce8-b3b8-903b0cade8d7,2742825a-3e35-4f86-ae5a-aca92762e3ea,ead666d3-f1f7-4965-bd5d-6e2ac56daa60,0cddb1d9-2fff-49b9-bdb1-9a882d3d8ba3,INV-001446,Invoice for Support,viewed,2026-01-07,2026-10-03,2026-06-03T22:40:36.358276,,65092.8,10,6509.28,71602.08,0,71602.08,USD,,0f9e3633-ecf3-42f3-b991-d7ffbf35dbc7,2026-05-21T00:32:22.358288,
fd255099-1ada-4b75-b940-bac8d41bbc83,2742825a-3e35-4f86-ae5a-aca92762e3ea,98bb6bad-211b-4e6d-9257-1ef9b86ecbc9,,INV-001447,Invoice for Subscription,draft,2026-03-23,2026-08-18,,,85447.72,5,4272.39,89720.11,0,89720.11,USD,Thank you for your business!,,2025-09-17T07:42:23.358329,
42feccf3-0562-4992-bbb4-efaae37e6c6c,2742825a-3e35-4f86-ae5a-aca92762e3ea,66b6aff8-b7fb-4821-b6d9-67c8a4bc3d83,,INV-001448,Invoice for Services,overdue,2026-02-11,2026-11-21,2026-06-22T06:45:46.358368,,35092.0,5,1754.6,36846.6,0,36846.6,USD,,,2026-03-07T23:39:38.358377,
de5cae19-c324-459d-912c-d6fc65e5b496,2742825a-3e35-4f86-ae5a-aca92762e3ea,5461e0df-5ccf-4b85-bf77-d1f602a0111a,,INV-001449,Invoice for Support,draft,2025-12-15,2026-08-09,,,85596.98,10,8559.7,94156.68,0,94156.68,USD,Thank you for your business!,,2026-01-02T03:29:49.358425,
5b10c3bf-d2c9-4210-badf-a337e52528ec,2742825a-3e35-4f86-ae5a-aca92762e3ea,4c3013fb-f8e1-44dd-94ac-81ee417ff8ce,,INV-001450,Invoice for Services,overdue,2026-02-27,2026-09-18,2026-03-01T22:01:22.358478,,67677.49,8,5414.2,73091.69,0,73091.69,USD,,,2026-03-25T10:23:19.358488,
0b374e68-6fff-4ef4-830d-e3e0b247d8bc,2742825a-3e35-4f86-ae5a-aca92762e3ea,658974c8-1575-4cb4-8852-545e694da052,,INV-001451,Invoice for Subscription,sent,2026-06-23,2027-01-28,2026-07-24T21:04:06.358541,,16435.07,15,2465.26,18900.33,0,18900.33,USD,Thank you for your business!,,2025-10-30T22:22:16.358553,
b8166b37-7a9e-46e4-8c23-b5561fa5f69f,2742825a-3e35-4f86-ae5a-aca92762e3ea,cb2a02d2-126e-4d7f-8aa0-b1850722c765,4cbb419a-e96b-4b9e-8bb8-98130e75785f,INV-001452,Invoice for Subscription,sent,2025-12-17,2026-08-17,2026-05-24T06:20:46.358599,,99868.84,7.5,7490.16,107359.0,0,107359.0,USD,,,2026-07-23T14:12:28.358611,
fe4e3c90-a696-4f67-8c20-8d3e246c22ac,2742825a-3e35-4f86-ae5a-aca92762e3ea,,1e2fd524-1308-457e-80d0-6a8acfff0834,INV-001453,Invoice for Services,partial,2026-02-17,2026-09-30,2026-06-21T23:12:28.358655,,98161.84,0,0.0,98161.84,49080.92,49080.92,USD,,,2026-03-17T15:12:48.358671,
17e187de-c1b0-4210-98ef-a042791803d1,2742825a-3e35-4f86-ae5a-aca92762e3ea,,,INV-001454,Invoice for Products,draft,2025-09-18,2026-11-25,,,85684.82,5,4284.24,89969.06,0,89969.06,USD,Thank you for your business!,,2025-09-30T04:28:53.358714,
0af50e5a-c69a-4fc3-a852-be159d30fdaa,2742825a-3e35-4f86-ae5a-aca92762e3ea,2c191322-6bf2-4428-aa6d-c0fee29d82a4,,INV-001455,Invoice for Support,sent,2026-07-18,2027-01-24,2026-02-25T01:08:14.358776,,60614.64,20,12122.93,72737.57,0,72737.57,USD,,,2026-01-11T05:41:17.358788,
63c0267f-9818-4c78-ac71-874c84f0414b,2742825a-3e35-4f86-ae5a-aca92762e3ea,,,INV-001456,Invoice for Products,viewed,2026-05-28,2026-10-08,2026-05-17T06:38:56.358826,,94246.73,5,4712.34,98959.07,0,98959.07,USD,Thank you for your business!,,2026-01-22T02:13:48.358832,
7c403b19-ef67-4218-8a65-2f961c83d3e2,2742825a-3e35-4f86-ae5a-aca92762e3ea,eee1e607-59db-4ae7-a8cc-3722f9e8fb2f,104c7319-e4ac-475c-aae0-cb4171001645,INV-001457,Invoice for Consulting,cancelled,2026-07-18,2026-11-03,2026-04-07T18:14:16.358868,,93133.1,15,13969.97,107103.07,0,107103.07,USD,Thank you for your business!,f920eabb-f903-4e41-b4be-b4c029439d12,2026-04-12T16:08:58.358875,
3357f6b3-e8cc-46e8-b076-3ff972797bcc,2742825a-3e35-4f86-ae5a-aca92762e3ea,,,INV-001458,Invoice for Support,cancelled,2026-07-07,2027-02-01,2026-06-04T22:57:03.358902,,32638.74,15,4895.81,37534.55,0,37534.55,USD,,,2025-10-15T09:01:27.358908,
be67e33b-0039-49be-95ef-5cbe6b53682e,2742825a-3e35-4f86-ae5a-aca92762e3ea,974e47b9-d7be-453a-a2d3-7570ffaa81b0,7bcf77f3-ca63-4c03-bc9c-de9404409478,INV-001459,Invoice for Consulting,partial,2026-02-02,2026-09-04,2026-05-05T19:11:13.358937,,62909.98,0,0.0,62909.98,31454.99,31454.99,USD,,,2026-03-11T20:29:25.358943,
69bbd26f-7165-4ad7-87c5-34762c8b3af8,2742825a-3e35-4f86-ae5a-aca92762e3ea,7c963610-45d0-4914-9d05-c820d58fb8fb,4cbb419a-e96b-4b9e-8bb8-98130e75785f,INV-001460,Invoice for Subscription,viewed,2026-05-23,2026-12-11,2026-07-20T20:06:45.358978,,6234.07,15,935.11,7169.18,0,7169.18,USD,Thank you for your business!,,2025-08-07T20:48:35.358985,
60532818-481e-40be-a427-168d2d4ec299,2742825a-3e35-4f86-ae5a-aca92762e3ea,f89cd133-ef80-4932-a2b7-1d27b5fb708e,70e347cc-c71e-498f-a5c8-4d730d1e1d7f,INV-001461,Invoice for Support,paid,2025-10-13,2026-12-24,2026-04-23T06:40:25.359017,2026-07-23T14:02:18.359022,96837.42,10,9683.74,106521.16,106521.16,0,USD,,ecaf81a1-c832-4fd4-85e3-3c23bc160b57,2026-03-30T05:01:47.359029,
197e0610-d9f8-4741-b9ce-c7e5cfb08066,2742825a-3e35-4f86-ae5a-aca92762e3ea,,7787c60a-a652-4fde-a2ee-9759b6dcebf0,INV-001462,Invoice for Support,partial,2025-10-07,2026-12-01,2026-07-10T02:59:43.359056,,66600.27,7.5,4995.02,71595.29,35797.645,35797.645,USD,,,2026-01-25T04:48:16.359062,
a2346dff-8aec-4fd5-b451-130107c80583,2742825a-3e35-4f86-ae5a-aca92762e3ea,bcbea78e-d606-4cc3-9180-039a91005728,,INV-001463,Invoice for Consulting,draft,2026-07-22,2026-10-20,,,60777.0,0,0.0,60777.0,0,60777.0,USD,Thank you for your business!,,2026-08-03T16:03:19.359090,
da4761e9-73b8-4323-91c0-e2a5e5cf2dca,2742825a-3e35-4f86-ae5a-aca92762e3ea,,,INV-001464,Invoice for Support,overdue,2026-07-08,2026-10-09,2026-04-27T23:13:00.359116,,31155.47,20,6231.09,37386.56,0,37386.56,USD,Thank you for your business!,,2025-12-06T04:15:56.359122,
aa780722-5bb9-4c68-b3e9-2921115857d3,2742825a-3e35-4f86-ae5a-aca92762e3ea,,e7b75ebe-ef1e-493a-a594-f9daf2e0c923,INV-001465,Invoice for Support,overdue,2026-02-23,2026-11-24,2026-07-12T00:26:16.359168,,32721.67,20,6544.33,39266.0,0,39266.0,USD,,,2026-06-08T08:29:49.359174,
827436e5-47f6-47dd-b51b-7eda565a6ccd,2742825a-3e35-4f86-ae5a-aca92762e3ea,ca49738b-dba6-41d3-8dd3-ce57ffac3aa2,c57df7fc-d8f5-4211-8fad-9c3f6c2a98ae,INV-001466,Invoice for Products,draft,2025-08-17,2027-02-02,,,76341.03,15,11451.15,87792.18,0,87792.18,USD,Thank you for your business!,,2025-09-22T21:17:06.359207,
1d305863-c3f6-41a4-94d5-9d36a45f3966,2742825a-3e35-4f86-ae5a-aca92762e3ea,,1e2fd524-1308-457e-80d0-6a8acfff0834,INV-001467,Invoice for Services,draft,2025-10-19,2027-01-24,,,9047.83,0,0.0,9047.83,0,9047.83,USD,,,2026-05-29T02:58:03.359235,
36f26470-bcd4-492a-a527-c730b9f8d686,2742825a-3e35-4f86-ae5a-aca92762e3ea,,,INV-001468,Invoice for Products,paid,2026-08-04,2027-01-26,2026-06-18T15:41:13.359262,2026-06-13T04:20:18.359268,20728.35,8,1658.27,22386.62,22386.62,0,USD,Thank you for your business!,,2025-11-07T08:00:47.359274,
9a6985ca-a8ec-4d62-b2b0-6f95424a72f7,2742825a-3e35-4f86-ae5a-aca92762e3ea,4854e706-720a-4c67-8cc1-8cd86b315b09,c533159d-4861-4c33-b952-a79c4fd6ef10,INV-001469,Invoice for Products,partial,2025-10-17,2026-11-25,2026-02-22T18:30:33.359302,,4598.76,8,367.9,4966.66,2483.33,2483.33,USD,Thank you for your business!,f075333f-de6e-4e85-9eba-c7794280e0c5,2026-04-21T07:27:54.359309,
bd293769-b82c-41f3-94dd-108562d59992,2742825a-3e35-4f86-ae5a-aca92762e3ea,ba6d465d-88df-4e84-93a5-bd07cad9fd02,039cb6d3-319a-41d0-bdda-390c1b972f1c,INV-001470,Invoice for Consulting,draft,2025-10-23,2026-12-05,,,59578.31,10,5957.83,65536.14,0,65536.14,USD,Thank you for your business!,,2026-04-10T20:56:58.359342,
bd306d19-cbcd-40a5-830e-c21ed306691a,2742825a-3e35-4f86-ae5a-aca92762e3ea,714508ae-4a40-4b66-9ec8-b502dcc40756,,INV-001471,Invoice for Services,draft,2025-10-16,2027-01-23,,,35917.03,10,3591.7,39508.73,0,39508.73,USD,Thank you for your business!,,2025-08-07T12:02:36.359370,
3e1efd07-1089-4cae-afb9-d6ccf85ee868,2742825a-3e35-4f86-ae5a-aca92762e3ea,,,INV-001472,Invoice for Support,viewed,2026-06-08,2026-12-01,2026-02-18T06:12:05.359397,,17047.47,0,0.0,17047.47,0,17047.47,USD,,,2026-02-24T12:22:30.359403,
f4116720-bb98-4fd4-84b3-758406be79a0,2742825a-3e35-4f86-ae5a-aca92762e3ea,,0abe9f6b-7a76-495b-8668-7c751107bdb6,INV-001473,Invoice for Subscription,partial,2026-05-31,2027-01-30,2026-05-28T16:22:01.359429,,65936.77,10,6593.68,72530.45,36265.225,36265.225,USD,Thank you for your business!,,2026-01-25T00:54:51.359435,
9a38835c-325d-4aa5-bdc4-79acb6992bce,2742825a-3e35-4f86-ae5a-aca92762e3ea,8e66b60e-795d-4b42-9194-4fdd4b686d23,,INV-001474,Invoice for Services,draft,2026-06-20,2027-01-15,,,95322.65,15,14298.4,109621.05,0,109621.05,USD,,,2026-02-25T22:22:09.359472,
8d5bb3d6-8c57-43d9-8345-894b6a8c35a9,2742825a-3e35-4f86-ae5a-aca92762e3ea,4228bf99-a424-4126-a961-07e38e02a7e4,9deeab1a-92e9-48e3-81f7-6150bda5b26a,INV-001475,Invoice for Services,cancelled,2026-08-04,2026-12-28,2026-06-11T05:33:13.359507,,1951.59,8,156.13,2107.72,0,2107.72,USD,,,2026-06-20T03:22:04.359516,
24337d29-893c-4636-8ee8-c3e75ecc3cad,2742825a-3e35-4f86-ae5a-aca92762e3ea,7280a3a0-488e-4d28-ae4b-58afdcc2213d,,INV-001476,Invoice for Services,partial,2026-05-18,2027-01-25,2026-02-10T11:39:51.359550,,52292.64,15,7843.9,60136.54,30068.27,30068.27,USD,,,2026-04-28T13:35:40.359557,
144f8b14-732a-4eec-84e0-2483c9aa86a9,2742825a-3e35-4f86-ae5a-aca92762e3ea,,c064a9d2-b45b-432d-be7a-edae9ef1bb39,INV-001477,Invoice for Products,paid,2026-04-30,2026-09-15,2026-03-08T00:29:06.359586,2026-07-24T13:59:32.359592,62800.94,8,5024.08,67825.02,67825.02,0,USD,,,2026-05-02T01:04:32.359598,
9702a2e4-3795-4cc1-a82a-b1a66637f089,2742825a-3e35-4f86-ae5a-aca92762e3ea,1d93a641-0b3f-421d-9d0a-c0542058490d,29fcecb5-757b-452f-bc12-83f81c4e8c04,INV-001478,Invoice for Consulting,draft,2026-03-29,2027-01-22,,,306.03,0,0.0,306.03,0,306.03,USD,,,2026-02-21T21:19:32.359627,
6573411a-69d6-4250-b449-ef4bca603427,2742825a-3e35-4f86-ae5a-aca92762e3ea,6ef71823-29ac-422a-8236-97f47fb21f48,,INV-001479,Invoice for Consulting,partial,2026-04-06,2026-09-22,2026-08-06T12:31:38.359654,,26406.79,15,3961.02,30367.81,15183.905,15183.905,USD,Thank you for your business!,,2025-11-03T19:22:52.359660,
03fe29b8-8478-48dc-af01-9f787ee0b4ac,2742825a-3e35-4f86-ae5a-aca92762e3ea,00883cb0-25e5-40d1-8e45-a638929a47d8,,INV-001480,Invoice for Subscription,partial,2026-04-20,2027-01-13,2026-02-09T17:33:07.359688,,56577.8,8,4526.22,61104.02,30552.01,30552.01,USD,Thank you for your business!,f56d780c-f697-4392-ac66-353a1eed1cd2,2025-08-19T21:32:23.359695,
4d5bae5d-c74f-4069-8549-29ec1d2a6ce0,2742825a-3e35-4f86-ae5a-aca92762e3ea,07d4726b-07f0-4725-8e46-1e2a263e01be,,INV-001481,Invoice for Subscription,cancelled,2026-07-31,2026-10-12,2026-02-26T10:06:49.359726,,23668.33,15,3550.25,27218.58,0,27218.58,USD,Thank you for your business!,3b418cf5-3f99-4cdf-b57b-a97d0a61676d,2026-05-27T02:56:31.359732,
b5e66db9-bdb2-4599-96d1-67ed83086ed5,2742825a-3e35-4f86-ae5a-aca92762e3ea,0b3d15ed-0f46-4fa4-83b1-07be5e0b738b,,INV-001482,Invoice for Subscription,sent,2026-01-23,2026-10-12,2026-04-04T03:15:45.359836,,40420.6,10,4042.06,44462.66,0,44462.66,USD,Thank you for your business!,e2c39a35-0854-4b03-95f2-b00dab293009,2026-01-18T08:02:59.359854,
39d399a4-bcb9-424e-8438-62d342d8df5d,2742825a-3e35-4f86-ae5a-aca92762e3ea,e89d84dc-b023-4af4-8d84-63cbb0e9e2e6,,INV-001483,Invoice for Subscription,viewed,2025-10-05,2027-01-21,2026-07-16T09:18:54.359906,,58179.46,20,11635.89,69815.35,0,69815.35,USD,Thank you for your business!,,2025-10-12T10:49:49.359913,
ce478653-af9d-44aa-abb3-e8e41788e372,2742825a-3e35-4f86-ae5a-aca92762e3ea,2cfbe70e-6819-4713-bb0e-dd909abf3d2d,,INV-001484,Invoice for Subscription,draft,2025-08-19,2026-09-01,,,42485.18,15,6372.78,48857.96,0,48857.96,USD,,,2025-12-08T04:11:24.359942,
13e34f36-0d6b-4bf8-866f-6534b268d710,2742825a-3e35-4f86-ae5a-aca92762e3ea,5b30cad9-3ed9-424f-9a44-02323f3dd3f4,8e84c516-e821-4f22-a859-f8b506b61bcf,INV-001485,Invoice for Products,paid,2025-10-09,2026-12-08,2026-03-20T00:54:37.359970,2026-07-01T16:13:12.359976,59380.73,10,5938.07,65318.8,65318.8,0,USD,Thank you for your business!,,2026-07-10T12:17:34.359982,
18134b04-9989-498a-8310-40429961a38a,2742825a-3e35-4f86-ae5a-aca92762e3ea,ccb81a08-f9d7-4001-ae83-ababfc1f9585,,INV-001486,Invoice for Consulting,viewed,2026-06-09,2026-11-07,2026-07-14T00:06:33.360016,,27965.89,0,0.0,27965.89,0,27965.89,USD,Thank you for your business!,,2026-03-02T13:58:34.360022,
82fb78a1-e27a-4e6e-84e7-55c1b9fbb6f4,2742825a-3e35-4f86-ae5a-aca92762e3ea,ac59a608-de7c-4c26-806f-d83608271901,c533159d-4861-4c33-b952-a79c4fd6ef10,INV-001487,Invoice for Consulting,cancelled,2026-06-02,2026-11-20,2026-06-13T11:28:27.360050,,18213.08,15,2731.96,20945.04,0,20945.04,USD,,,2026-01-08T21:12:50.360056,
e4a110eb-0ed5-44d6-9dc2-e824cdf0154f,2742825a-3e35-4f86-ae5a-aca92762e3ea,9047e4f7-b04c-4e84-b7d5-e206edb7a390,,INV-001488,Invoice for Subscription,overdue,2025-09-12,2026-11-08,2026-03-29T07:51:22.360084,,67867.81,7.5,5090.09,72957.9,0,72957.9,USD,Thank you for your business!,,2025-12-06T05:09:15.360090,
6ed73b51-6b96-44ad-84b3-6feed25f984e,2742825a-3e35-4f86-ae5a-aca92762e3ea,129805b8-96ac-4b04-be13-bf8e0c0cfe15,,INV-001489,Invoice for Consulting,overdue,2026-02-12,2026-09-27,2026-06-01T03:01:44.360117,,21295.92,7.5,1597.19,22893.11,0,22893.11,USD,Thank you for your business!,,2026-03-06T04:23:45.360123,
62c5f049-5e93-4b1d-9f9d-c7bc0c26b812,2742825a-3e35-4f86-ae5a-aca92762e3ea,,,INV-001490,Invoice for Products,draft,2026-07-16,2026-09-20,,,23592.03,20,4718.41,28310.44,0,28310.44,USD,Thank you for your business!,,2025-12-10T12:17:09.360150,
6c8e2feb-3ade-4055-8c40-6c63af4ba9df,2742825a-3e35-4f86-ae5a-aca92762e3ea,4d9d8a7e-5a73-42ac-b170-606bf4e5dc2c,3885d3bb-4ec9-4583-8636-b84bad7cbce8,INV-001491,Invoice for Products,draft,2026-05-14,2027-01-28,,,2907.32,10,290.73,3198.05,0,3198.05,USD,,,2026-03-16T18:08:54.360183,
5a95a9a8-458b-4c3a-a619-90cf33d6dcb2,2742825a-3e35-4f86-ae5a-aca92762e3ea,19cac266-f863-4e21-a2e4-6cc759fc9af0,,INV-001492,Invoice for Consulting,overdue,2026-06-29,2027-02-02,2026-02-06T05:37:36.360210,,60122.92,20,12024.58,72147.5,0,72147.5,USD,,,2026-05-07T17:11:48.360216,
5a44bfe6-8e49-46ec-99b9-acce373a5277,2742825a-3e35-4f86-ae5a-aca92762e3ea,4014678f-9680-404c-a2f1-50c31020c26f,4c505eeb-5785-40c2-92e1-ff8ccad7d492,INV-001493,Invoice for Support,draft,2025-12-08,2026-09-09,,,21560.69,5,1078.03,22638.72,0,22638.72,USD,Thank you for your business!,9a11c15a-d142-4aa7-822f-34d22bbcb6e1,2026-06-24T21:48:37.360247,
5609289c-6190-431e-a458-496a2d276416,2742825a-3e35-4f86-ae5a-aca92762e3ea,,0260ef90-aaad-4d7f-9854-d900180ce468,INV-001494,Invoice for Products,partial,2025-11-08,2026-11-29,2026-05-12T05:27:49.360280,,69788.73,15,10468.31,80257.04,40128.52,40128.52,USD,Thank you for your business!,,2025-11-18T03:38:40.360287,
579687df-b03b-40db-a501-cfb454e7c3db,2742825a-3e35-4f86-ae5a-aca92762e3ea,1776b24b-bac5-4fa1-9f62-03743c715631,,INV-001495,Invoice for Consulting,overdue,2026-02-03,2026-10-31,2026-07-28T16:19:21.360314,,97369.11,5,4868.46,102237.57,0,102237.57,USD,Thank you for your business!,939a56b9-0905-42e7-b489-0e8859c95939,2025-08-12T00:12:33.360322,
e2d947a7-a296-40f4-b090-f94e020fba1d,2742825a-3e35-4f86-ae5a-aca92762e3ea,68ae458c-a944-4ccb-ab2f-9c310265799d,,INV-001496,Invoice for Consulting,partial,2026-06-14,2026-10-23,2026-03-13T20:34:56.360354,,44010.06,0,0.0,44010.06,22005.03,22005.03,USD,Thank you for your business!,,2025-11-07T04:49:28.360360,
5c806fe3-604a-49bc-ab1c-0616dcb6d181,2742825a-3e35-4f86-ae5a-aca92762e3ea,,,INV-001497,Invoice for Products,partial,2025-11-03,2026-09-10,2026-02-14T14:04:53.360386,,46997.2,5,2349.86,49347.06,24673.53,24673.53,USD,Thank you for your business!,235bd5e1-bed8-4f9e-ae52-07d0dbc24735,2025-10-01T01:54:20.360394,
6b1813d6-d0d9-4f6a-8a2e-d39268896a3f,2742825a-3e35-4f86-ae5a-aca92762e3ea,,,INV-001498,Invoice for Consulting,cancelled,2025-09-20,2026-09-23,2026-05-31T10:23:04.360424,,37427.26,8,2994.18,40421.44,0,40421.44,USD,,,2025-08-21T08:15:50.360430,
75ab1c2f-8987-406c-85df-8f3d020c6040,2742825a-3e35-4f86-ae5a-aca92762e3ea,75b504eb-a52e-4976-8ddf-1bed939b47fb,71e81f0a-d15a-4150-9776-63581c7a107d,INV-001499,Invoice for Consulting,sent,2025-12-08,2026-09-19,2026-04-16T21:14:49.360466,,43970.71,20,8794.14,52764.85,0,52764.85,USD,Thank you for your business!,,2025-12-01T15:45:32.360472,
dd52bba6-172b-4251-bacc-14867221d809,2742825a-3e35-4f86-ae5a-aca92762e3ea,93f975e2-9940-4885-9719-54f522e2aae5,ee2a9d1c-23ca-4808-8e74-48d81052a140,INV-001500,Invoice for Support,paid,2026-04-06,2026-12-06,2026-03-25T12:32:47.360502,2026-04-26T03:09:48.360507,99687.58,5,4984.38,104671.96,104671.96,0,USD,,,2026-04-20T15:32:44.360513,
52770f79-b122-49ad-a9a2-148c6effb650,2742825a-3e35-4f86-ae5a-aca92762e3ea,8e56f140-890d-40bb-b431-0983df59b7e7,edcdc2d4-4a47-4b53-8364-9204a894aa6d,INV-001501,Invoice for Subscription,draft,2026-07-28,2026-09-18,,,90874.87,7.5,6815.62,97690.49,0,97690.49,USD,Thank you for your business!,,2026-07-02T22:15:04.360542,
8dac5416-0bf8-4f56-b66a-d5baa0c287e7,2742825a-3e35-4f86-ae5a-aca92762e3ea,9dea6dee-7a85-4e7d-b93e-d8281c478d26,,INV-001502,Invoice for Subscription,paid,2025-10-19,2026-08-25,2026-03-29T23:54:18.360573,2026-07-07T06:06:37.360578,3370.86,15,505.63,3876.49,3876.49,0,USD,Thank you for your business!,0ec760b0-ebf9-43bf-84a0-726e1dde8fc8,2026-01-14T10:11:08.360585,
b8a8e7f0-c105-41c6-94d4-09e5e3aefe8f,2742825a-3e35-4f86-ae5a-aca92762e3ea,,91ddcf16-b64f-44c8-9e61-4e1fca15c9b3,INV-001503,Invoice for Services,sent,2026-05-30,2026-08-19,2026-04-09T09:02:30.360612,,88562.08,7.5,6642.16,95204.24,0,95204.24,USD,Thank you for your business!,69805485-09ff-4d45-a96a-ac47fa8b2dde,2025-12-17T20:58:10.360619,
65e055d8-882d-4be4-a54b-80d1d49c1736,2742825a-3e35-4f86-ae5a-aca92762e3ea,,,INV-001504,Invoice for Services,viewed,2026-05-20,2026-08-30,2026-07-18T10:44:30.360649,,75110.34,15,11266.55,86376.89,0,86376.89,USD,,,2025-11-17T01:15:13.360655,
0d99631e-4f49-412b-aeae-e3ddc65a956a,2742825a-3e35-4f86-ae5a-aca92762e3ea,,,INV-001505,Invoice for Consulting,cancelled,2025-12-02,2026-12-18,2026-07-02T17:31:03.360682,,79019.76,7.5,5926.48,84946.24,0,84946.24,USD,,,2026-02-12T22:09:43.360688,
936048ba-e1d6-466a-8fb1-ae6230f15622,2742825a-3e35-4f86-ae5a-aca92762e3ea,597e1764-25f5-4847-aebc-dbac735e0c85,,INV-001506,Invoice for Services,sent,2025-10-08,2026-10-16,2026-08-04T02:50:49.360715,,62617.56,10,6261.76,68879.32,0,68879.32,USD,Thank you for your business!,,2026-06-07T02:45:24.360722,
343b67b9-c647-4d3c-b720-9de329980035,2742825a-3e35-4f86-ae5a-aca92762e3ea,b5ce1f09-b829-437b-b24f-be7709ddd1f9,f4d71935-5a20-456d-bc87-c1a2b7abd2e7,INV-001507,Invoice for Support,viewed,2025-08-29,2026-10-09,2026-05-13T05:59:09.360753,,76883.33,0,0.0,76883.33,0,76883.33,USD,,,2026-07-25T14:42:13.360759,
1133e3e6-a84b-4d6c-8bf4-de5bbf9ee8fd,2742825a-3e35-4f86-ae5a-aca92762e3ea,78e6df80-4bf5-443a-beff-75ad16eec5bf,aaec3262-4226-4b6c-be4a-0d0519cad910,INV-001508,Invoice for Products,draft,2026-04-08,2026-08-06,,,13865.11,7.5,1039.88,14904.99,0,14904.99,USD,Thank you for your business!,,2025-10-03T18:29:01.360787,
dff077a1-5e23-4be3-bba7-14e16dc29fc9,2742825a-3e35-4f86-ae5a-aca92762e3ea,70331f17-085c-4646-84c8-dfc9ae29fd92,,INV-001509,Invoice for Subscription,paid,2025-10-12,2026-09-27,2026-03-16T20:12:18.360814,2026-06-03T07:42:59.360819,68290.04,15,10243.51,78533.55,78533.55,0,USD,,4ffb2bd7-f69d-4468-8ff5-07f621045591,2026-02-06T14:25:58.360826,
f02b4dcb-7686-4ef7-b6da-bfe55e71ac73,2742825a-3e35-4f86-ae5a-aca92762e3ea,3f261a6e-e1c1-4b17-9ba9-8777e6fd4788,,INV-001510,Invoice for Services,sent,2026-08-02,2026-12-27,2026-07-30T02:45:06.360857,,65801.36,0,0.0,65801.36,0,65801.36,USD,,,2025-12-31T04:34:50.360863,
40f0dceb-d5b4-4349-9565-d9027154e361,2742825a-3e35-4f86-ae5a-aca92762e3ea,c94a00e1-93b3-40a5-b4cb-c845c619bde4,,INV-001511,Invoice for Subscription,partial,2026-05-15,2026-08-17,2026-05-08T08:25:30.360890,,52244.11,0,0.0,52244.11,26122.055,26122.055,USD,,,2026-06-09T15:56:31.360897,
9ee52e52-3092-4363-9bbc-11b4848a5289,2742825a-3e35-4f86-ae5a-aca92762e3ea,,,INV-001512,Invoice for Consulting,draft,2025-10-21,2027-02-04,,,83458.51,5,4172.93,87631.44,0,87631.44,USD,Thank you for your business!,,2025-08-14T09:41:12.360927,
0ffdb9b2-5acc-489d-9a6a-bd0d6fbe589b,2742825a-3e35-4f86-ae5a-aca92762e3ea,acc1dd20-880d-4bad-bd9e-f25e0d5979c5,,INV-001513,Invoice for Consulting,paid,2026-04-28,2027-01-01,2026-05-30T13:18:09.360960,2026-06-18T07:20:51.360965,73046.92,8,5843.75,78890.67,78890.67,0,USD,Thank you for your business!,,2025-09-17T20:01:21.360971,
a859fa9d-5897-451e-a9d2-58e8474987e9,2742825a-3e35-4f86-ae5a-aca92762e3ea,c94a00e1-93b3-40a5-b4cb-c845c619bde4,,INV-001514,Invoice for Services,sent,2026-01-15,2026-09-16,2026-02-16T23:33:53.361001,,52243.37,10,5224.34,57467.71,0,57467.71,USD,,,2026-03-27T02:36:12.361007,
f0bc2551-6688-4025-b60a-55b8fbba2146,2742825a-3e35-4f86-ae5a-aca92762e3ea,e7a155c5-81ce-465b-b4da-c81f6da4d8d5,,INV-001515,Invoice for Consulting,sent,2026-04-20,2026-08-16,2026-06-18T10:53:54.361035,,95619.38,8,7649.55,103268.93,0,103268.93,USD,Thank you for your business!,,2026-07-11T20:51:42.361041,
ecf8b2eb-480b-4a32-903d-eda9f3dc92fa,2742825a-3e35-4f86-ae5a-aca92762e3ea,86eb7232-020f-4f04-b056-cf0317e97a58,,INV-001516,Invoice for Subscription,sent,2026-07-17,2027-01-14,2026-02-17T14:02:07.361068,,8948.88,0,0.0,8948.88,0,8948.88,USD,,,2025-09-04T10:00:38.361074,
00c115a0-04ca-40f0-99d6-b1498d4083f1,2742825a-3e35-4f86-ae5a-aca92762e3ea,,1ff3ccc1-7443-478b-9487-d708216474e4,INV-001517,Invoice for Products,sent,2025-08-22,2027-01-21,2026-02-25T12:59:32.361105,,60541.52,20,12108.3,72649.82,0,72649.82,USD,Thank you for your business!,e1757484-8fef-4e5e-90cc-c9f21264eaad,2026-06-02T22:39:34.361113,
5ecc8168-9691-4c84-abf2-0160438066f3,2742825a-3e35-4f86-ae5a-aca92762e3ea,f0091b69-9989-4a98-943e-42037accfe3f,,INV-001518,Invoice for Services,paid,2026-07-03,2027-01-18,2026-04-09T21:50:22.361139,2026-07-26T16:38:51.361145,51305.14,7.5,3847.89,55153.03,55153.03,0,USD,Thank you for your business!,,2025-10-22T12:04:41.361150,
509dee49-caab-4bd3-9d82-9c65230b65e5,2742825a-3e35-4f86-ae5a-aca92762e3ea,72c67d56-9292-4df9-b7a7-f991767f4b49,af7fd4b1-6a38-49a6-9154-491521fb1cff,INV-001519,Invoice for Products,sent,2026-07-13,2026-11-17,2026-06-17T07:42:06.361178,,91506.95,0,0.0,91506.95,0,91506.95,USD,Thank you for your business!,,2025-11-16T21:56:44.361185,
9ab1f05d-b296-42a1-9987-d14ac27727fe,2742825a-3e35-4f86-ae5a-aca92762e3ea,6005ac68-2105-4298-90af-8dcbd0cf3dd3,,INV-001520,Invoice for Subscription,sent,2026-06-15,2026-09-21,2026-07-07T21:38:57.361212,,93313.12,8,7465.05,100778.17,0,100778.17,USD,,60e56974-f15f-4c24-bc13-9970989bab01,2026-05-03T02:45:48.361219,
36e8b579-ea40-4a09-8366-046bcad86528,2742825a-3e35-4f86-ae5a-aca92762e3ea,93c25a55-7004-4d2e-af55-c992ecb6048e,,INV-001521,Invoice for Consulting,draft,2026-03-23,2027-01-03,,,9380.82,8,750.47,10131.29,0,10131.29,USD,,9a11c15a-d142-4aa7-822f-34d22bbcb6e1,2026-06-30T16:34:37.361247,
581ad5f4-6dd7-4a29-a729-d2abd418eb67,2742825a-3e35-4f86-ae5a-aca92762e3ea,2cfcfbf2-5dc9-4b7e-bbb6-cca9f38870f9,,INV-001522,Invoice for Subscription,draft,2025-12-21,2027-01-23,,,94282.13,7.5,7071.16,101353.29,0,101353.29,USD,,,2025-10-15T01:42:33.361279,
35207a6a-1b44-4cff-aa30-5a2e7e52c023,2742825a-3e35-4f86-ae5a-aca92762e3ea,a4920e93-c7ee-4687-a346-a3bc051b8329,,INV-001523,Invoice for Products,partial,2026-03-19,2027-02-02,2026-02-12T03:07:46.361306,,60489.5,8,4839.16,65328.66,32664.33,32664.33,USD,,746e6fa9-28b3-4353-ac2f-9d25c37e16ae,2026-03-19T19:15:07.361313,
b276d350-a0aa-410a-8180-5f312b3276a4,2742825a-3e35-4f86-ae5a-aca92762e3ea,,,INV-001524,Invoice for Subscription,overdue,2026-06-11,2026-08-11,2026-03-21T23:28:12.361338,,27160.7,7.5,2037.05,29197.75,0,29197.75,USD,,e1757484-8fef-4e5e-90cc-c9f21264eaad,2026-02-19T10:40:24.361345,
976d4577-d946-484e-9d9f-4650d9727316,2742825a-3e35-4f86-ae5a-aca92762e3ea,0214a4cc-f951-497e-807a-ee9bd49cf982,8656a4d2-4826-493f-9aa2-c53875c68838,INV-001525,Invoice for Support,cancelled,2025-10-07,2026-09-09,2026-07-23T16:12:29.361372,,63388.79,0,0.0,63388.79,0,63388.79,USD,,afb482d0-5730-46e1-b814-d17f337bc251,2026-05-26T04:00:27.361379,
226aa004-9698-45b1-84fd-2ac6b2dfcca2,2742825a-3e35-4f86-ae5a-aca92762e3ea,2ed3d564-0bc0-4375-93a1-37d71486684f,,INV-001526,Invoice for Subscription,viewed,2026-01-12,2026-09-29,2026-03-20T20:38:09.361407,,93864.95,7.5,7039.87,100904.82,0,100904.82,USD,Thank you for your business!,ec7afe26-9baf-4613-a8d3-0b14fddd52da,2025-12-07T10:52:04.361414,
8e487ccb-13a3-46ec-8153-db88a1ae2933,2742825a-3e35-4f86-ae5a-aca92762e3ea,fd59f0ce-7070-4b1c-a41f-d8ece80a76c5,,INV-001527,Invoice for Support,overdue,2025-11-24,2026-12-04,2026-06-03T17:06:03.361441,,70951.93,8,5676.15,76628.08,0,76628.08,USD,,,2025-12-04T14:35:13.361457,
23080a04-715e-4109-970a-9b8179f7bb62,2742825a-3e35-4f86-ae5a-aca92762e3ea,,,INV-001528,Invoice for Subscription,viewed,2025-08-22,2026-09-02,2026-02-27T13:18:30.361488,,42250.57,0,0.0,42250.57,0,42250.57,USD,Thank you for your business!,,2025-09-23T04:11:50.361495,
4cd5407d-4597-4d8b-a7c7-0505d47f9c1f,2742825a-3e35-4f86-ae5a-aca92762e3ea,f41d844c-8f26-4470-b998-b50bfdf9c25d,3fa3baf2-d1ae-4efd-9bdc-4103e3cb8e8f,INV-001529,Invoice for Support,cancelled,2026-06-05,2026-08-13,2026-05-25T03:06:51.361523,,71114.45,7.5,5333.58,76448.03,0,76448.03,USD,,,2026-03-08T01:28:31.361529,
45513dcf-b7fa-4ce0-be98-a552f3dbd6be,2742825a-3e35-4f86-ae5a-aca92762e3ea,,,INV-001530,Invoice for Consulting,cancelled,2026-07-13,2026-11-06,2026-04-02T01:08:57.361558,,43032.52,8,3442.6,46475.12,0,46475.12,USD,Thank you for your business!,93193d18-d122-4147-9f3a-46b48dd48520,2026-01-26T01:04:42.361565,
b213fec4-900c-4fc6-b2b8-c37eb92b1813,2742825a-3e35-4f86-ae5a-aca92762e3ea,3f90507e-3211-4d1c-af46-0182a0f4a067,,INV-001531,Invoice for Consulting,paid,2025-12-16,2027-01-12,2026-06-13T05:20:55.361592,2026-06-27T12:33:37.361598,7967.36,0,0.0,7967.36,7967.36,0,USD,,,2026-05-15T02:26:08.361603,
705c6a46-2d4e-40e6-9cbf-69f5d5619373,2742825a-3e35-4f86-ae5a-aca92762e3ea,d79b1325-876c-4c5a-a60d-ebd4b0987341,0a236f39-62bc-4c3b-aebd-aed4a323f46f,INV-001532,Invoice for Subscription,paid,2026-06-18,2026-09-16,2026-04-20T14:32:49.361631,2026-06-24T20:10:11.361637,14985.31,10,1498.53,16483.84,16483.84,0,USD,,,2025-10-05T06:39:52.361642,
b4db3b09-f771-4fbc-8f1f-0dcee4e7db8b,2742825a-3e35-4f86-ae5a-aca92762e3ea,,,INV-001533,Invoice for Services,viewed,2025-08-30,2027-01-22,2026-06-04T16:24:12.361672,,42253.59,8,3380.29,45633.88,0,45633.88,USD,,,2025-10-31T05:21:01.361678,
2503c1d6-898e-4fb4-8f83-dee8b3ae0019,2742825a-3e35-4f86-ae5a-aca92762e3ea,4acecb05-f441-4a27-8a7e-5a8e85d28326,edcdc2d4-4a47-4b53-8364-9204a894aa6d,INV-001534,Invoice for Subscription,partial,2026-01-25,2026-08-21,2026-03-01T15:37:06.361706,,1638.04,0,0.0,1638.04,819.02,819.02,USD,,1469f50c-5b7c-4b65-9d01-c98695bcf3a2,2025-10-05T17:33:13.361712,
7b927d9d-7b89-4bc9-9956-724040d1ddae,2742825a-3e35-4f86-ae5a-aca92762e3ea,79de91be-2df7-464b-a60a-eefa976839d9,,INV-001535,Invoice for Support,sent,2026-07-19,2026-11-18,2026-02-09T10:27:23.361739,,77600.84,15,11640.13,89240.97,0,89240.97,USD,Thank you for your business!,,2025-11-15T17:45:06.361745,
deaa453d-adb0-4c6a-a5c6-875f626a17e7,2742825a-3e35-4f86-ae5a-aca92762e3ea,f8107393-ab23-4732-9173-dff08dfe433e,29fcecb5-757b-452f-bc12-83f81c4e8c04,INV-001536,Invoice for Subscription,draft,2025-09-03,2026-10-17,,,13335.52,10,1333.55,14669.07,0,14669.07,USD,,,2025-10-02T16:39:34.361772,
eadd2c79-6d13-4c47-9865-f06c0ce7b652,2742825a-3e35-4f86-ae5a-aca92762e3ea,,,INV-001537,Invoice for Subscription,overdue,2026-01-25,2026-11-17,2026-06-28T16:31:16.361798,,80143.7,8,6411.5,86555.2,0,86555.2,USD,Thank you for your business!,,2026-01-27T08:27:43.361804,
7d3bbd2b-2094-49c2-b137-2831065ae79a,2742825a-3e35-4f86-ae5a-aca92762e3ea,e6047092-d296-484b-9c66-266de265d658,,INV-001538,Invoice for Support,draft,2026-05-20,2026-11-09,,,60922.1,0,0.0,60922.1,0,60922.1,USD,Thank you for your business!,,2025-11-18T21:18:49.361836,
a9fce784-ca83-4843-9786-ec23322b7426,2742825a-3e35-4f86-ae5a-aca92762e3ea,,,INV-001539,Invoice for Consulting,paid,2026-08-03,2026-10-26,2026-06-16T23:31:30.361861,2026-07-28T07:18:27.361866,33718.58,20,6743.72,40462.3,40462.3,0,USD,,,2025-11-08T00:46:02.361872,
33acfc00-6317-4957-90ec-c809bf1d10f2,2742825a-3e35-4f86-ae5a-aca92762e3ea,,,INV-001540,Invoice for Services,sent,2026-04-07,2026-10-19,2026-06-05T11:17:14.361897,,76097.31,10,7609.73,83707.04,0,83707.04,USD,Thank you for your business!,,2026-03-19T05:31:19.361903,
c6524567-c5cb-4a10-9bb6-70d9b7c4c12a,2742825a-3e35-4f86-ae5a-aca92762e3ea,f52c2963-742b-48eb-bcd8-7b1e11a51777,,INV-001541,Invoice for Consulting,sent,2026-05-09,2026-09-28,2026-04-20T13:21:56.361930,,3105.56,0,0.0,3105.56,0,3105.56,USD,Thank you for your business!,,2026-06-30T11:03:52.361935,
5eb46898-7a92-48e2-a5e0-f20f52604e49,2742825a-3e35-4f86-ae5a-aca92762e3ea,7239dc73-5c4e-476c-8165-6810a8c463a5,,INV-001542,Invoice for Subscription,overdue,2026-01-31,2026-11-27,2026-06-14T22:41:41.361963,,89273.37,20,17854.67,107128.04,0,107128.04,USD,Thank you for your business!,,2026-03-17T02:18:44.361968,
4019064f-e736-487e-9523-d23d0687ee8d,2742825a-3e35-4f86-ae5a-aca92762e3ea,,43a84636-d7c8-4730-a476-2f6177b125e7,INV-001543,Invoice for Services,paid,2025-09-15,2027-01-15,2026-07-10T13:18:27.361999,2026-06-27T04:19:00.362005,89173.3,10,8917.33,98090.63,98090.63,0,USD,,,2026-01-19T11:19:57.362011,
e7396039-e2be-4830-af07-c34ca823bead,2742825a-3e35-4f86-ae5a-aca92762e3ea,66eab787-98b0-4e85-b181-fb116cdc437a,,INV-001544,Invoice for Support,viewed,2025-12-10,2026-09-20,2026-02-20T23:34:59.362041,,1825.55,8,146.04,1971.59,0,1971.59,USD,Thank you for your business!,,2026-04-15T12:09:42.362047,
16c05c0a-d78a-4334-a9e1-04dbfb0a7492,2742825a-3e35-4f86-ae5a-aca92762e3ea,,4b108beb-80e6-4598-9dcd-cc02dc17e4dc,INV-001545,Invoice for Consulting,partial,2025-08-21,2026-11-15,2026-07-25T07:59:59.362073,,59254.71,20,11850.94,71105.65,35552.825,35552.825,USD,Thank you for your business!,,2025-09-20T00:57:04.362079,
169e5631-6711-4adb-aa46-734ccd942109,2742825a-3e35-4f86-ae5a-aca92762e3ea,35628aeb-93e8-4c6f-8f24-d2cbc5022bf5,7787c60a-a652-4fde-a2ee-9759b6dcebf0,INV-001546,Invoice for Services,sent,2026-07-21,2026-08-25,2026-04-26T09:37:49.362111,,62706.15,20,12541.23,75247.38,0,75247.38,USD,Thank you for your business!,74179f9e-7570-4805-8c81-4c523377c361,2025-10-31T13:38:13.362118,
e3e83c78-1f4d-4ea7-88a9-a17ae7a10f86,2742825a-3e35-4f86-ae5a-aca92762e3ea,98d6b56b-d6cc-46ff-9fc9-2225a0fd9a2b,,INV-001547,Invoice for Support,sent,2026-06-06,2026-12-11,2026-04-15T23:53:50.362149,,34479.47,5,1723.97,36203.44,0,36203.44,USD,,,2026-05-26T16:29:58.362155,
ba56bb11-5a00-41fc-968f-05e0b05c80c8,2742825a-3e35-4f86-ae5a-aca92762e3ea,,,INV-001548,Invoice for Products,sent,2026-01-04,2026-10-05,2026-02-27T15:49:40.362181,,88791.44,7.5,6659.36,95450.8,0,95450.8,USD,,8a113e56-87e2-49ff-95d2-473f6bcb9558,2025-12-13T05:05:47.362188,
a4c0c3e3-8760-4f3d-b5ad-eba3dd420f5b,2742825a-3e35-4f86-ae5a-aca92762e3ea,898fdf26-4cd8-424b-b8c0-0421a3cc82de,1913257a-f289-42fc-9e06-b13d26bfa3e1,INV-001549,Invoice for Products,cancelled,2026-01-21,2026-11-12,2026-02-05T07:17:31.362219,,52871.48,20,10574.3,63445.78,0,63445.78,USD,Thank you for your business!,,2026-03-16T05:48:59.362225,
4ff95a52-067e-44c4-8d7c-821bbfe41ce9,2742825a-3e35-4f86-ae5a-aca92762e3ea,2db53ce5-7695-4a66-9614-9e8039772ed7,5dc97d95-ca0a-4f10-89dc-142c14f8b8d5,INV-001550,Invoice for Support,overdue,2025-10-09,2027-01-08,2026-05-19T03:57:38.362252,,65537.51,0,0.0,65537.51,0,65537.51,USD,Thank you for your business!,,2025-10-27T13:49:07.362258,
056a298d-bb87-4909-9ab1-3ceab91eacdf,2742825a-3e35-4f86-ae5a-aca92762e3ea,,58a0f5f3-e63d-482b-b288-19d1a711da92,INV-001551,Invoice for Consulting,viewed,2026-02-21,2026-12-29,2026-05-05T21:13:33.362285,,58654.08,5,2932.7,61586.78,0,61586.78,USD,Thank you for your business!,,2025-12-24T17:56:23.362291,
9e2e179e-4dc7-4c69-9acf-2e2ed301710a,2742825a-3e35-4f86-ae5a-aca92762e3ea,2f021536-002b-438e-a0af-d999e207c74b,1515d6ab-808a-454b-8bad-623b40fcef07,INV-001552,Invoice for Products,viewed,2025-10-29,2026-11-30,2026-07-15T22:27:25.362318,,66745.88,5,3337.29,70083.17,0,70083.17,USD,,,2025-11-24T01:57:35.362324,
c20523f9-9172-4795-a51d-dba525cc28de,2742825a-3e35-4f86-ae5a-aca92762e3ea,,,INV-001553,Invoice for Support,paid,2026-05-16,2026-09-24,2026-04-10T20:45:23.362349,2026-05-27T14:41:44.362354,870.97,10,87.1,958.07,958.07,0,USD,,,2026-02-01T16:15:19.362360,
5be81191-fcbd-4a1a-b0d7-3c68efcbac6f,2742825a-3e35-4f86-ae5a-aca92762e3ea,93e34c05-eb65-4bcc-8ed9-9963f0f5b7d4,,INV-001554,Invoice for Services,viewed,2026-01-18,2026-10-04,2026-02-26T01:46:15.362396,,3175.11,10,317.51,3492.62,0,3492.62,USD,,699221ef-05de-4b99-9cbe-6fde2aa0a977,2026-07-31T06:56:29.362403,
6336f009-bb79-422a-9cb7-94115a6bce77,2742825a-3e35-4f86-ae5a-aca92762e3ea,ab991458-0ee2-4884-a9a9-3067b65ea680,,INV-001555,Invoice for Subscription,viewed,2026-01-14,2026-11-10,2026-05-13T05:30:32.362430,,26871.46,8,2149.72,29021.18,0,29021.18,USD,Thank you for your business!,e8cd315a-2519-4a93-b25f-4c0e60ca22b9,2025-12-11T20:29:09.362437,
51f097ad-bb6c-4f17-8442-8597f3969725,2742825a-3e35-4f86-ae5a-aca92762e3ea,e91319c3-57bd-4b09-8af3-7c9e39bebc14,,INV-001556,Invoice for Services,cancelled,2025-10-21,2026-08-23,2026-06-28T06:48:08.362470,,6353.67,8,508.29,6861.96,0,6861.96,USD,Thank you for your business!,,2026-01-05T13:27:25.362476,
988806bf-ef73-4b9b-b10c-0ab8f3382e34,2742825a-3e35-4f86-ae5a-aca92762e3ea,229685f0-5a43-4263-ae90-049917b8329d,,INV-001557,Invoice for Support,draft,2026-03-11,2026-09-02,,,40924.32,5,2046.22,42970.54,0,42970.54,USD,,,2026-05-02T10:57:47.362503,
a0c6c86a-f53c-433f-969b-cea4c73b9424,2742825a-3e35-4f86-ae5a-aca92762e3ea,b86cf1a7-956a-48c9-a6d1-9ee93f8e23ce,,INV-001558,Invoice for Consulting,draft,2025-12-23,2026-08-17,,,74312.19,7.5,5573.41,79885.6,0,79885.6,USD,Thank you for your business!,,2026-05-09T13:33:37.362529,
a8a06742-b68e-4274-9bb5-e1a53b5a9051,2742825a-3e35-4f86-ae5a-aca92762e3ea,0b2a5ebe-0293-43f4-b518-b3bbbd12adc9,104c7319-e4ac-475c-aae0-cb4171001645,INV-001559,Invoice for Services,overdue,2026-04-03,2026-12-18,2026-07-04T17:01:16.362562,,32904.23,0,0.0,32904.23,0,32904.23,USD,,,2025-12-17T06:56:39.362568,
1067a1f2-02a7-4177-8433-ff939dfa0763,2742825a-3e35-4f86-ae5a-aca92762e3ea,45234762-cf8f-433e-9975-56bbd18dac28,,INV-001560,Invoice for Products,cancelled,2026-03-18,2026-12-07,2026-06-12T07:24:31.362594,,89352.42,10,8935.24,98287.66,0,98287.66,USD,Thank you for your business!,,2026-04-27T03:25:04.362600,
275eae7e-b46e-442e-97b4-fd6112ee3c90,2742825a-3e35-4f86-ae5a-aca92762e3ea,e7aea33f-3abe-4b29-bf4b-2f2fb74bec2a,dce7cf5b-14ef-40b0-a462-b6290c538834,INV-001561,Invoice for Products,paid,2025-12-12,2026-08-11,2026-05-20T17:20:32.362629,2026-06-04T16:40:04.362638,23075.61,8,1846.05,24921.66,24921.66,0,USD,,,2025-09-17T15:22:59.362645,
ceefd20a-b121-465c-bbec-798631c5ff33,2742825a-3e35-4f86-ae5a-aca92762e3ea,2c46fb48-591c-49a0-9780-8d7489b572f4,,INV-001562,Invoice for Consulting,sent,2026-05-11,2026-08-18,2026-06-01T07:51:16.362676,,6876.56,8,550.12,7426.68,0,7426.68,USD,,,2026-05-21T19:31:37.362682,
a08d0731-bbbc-4116-82b0-6b106bcbc0b1,2742825a-3e35-4f86-ae5a-aca92762e3ea,,8f77d6d0-77df-40f8-9225-a998f5d28d79,INV-001563,Invoice for Services,draft,2026-02-14,2026-10-27,,,595.28,7.5,44.65,639.93,0,639.93,USD,Thank you for your business!,,2025-11-08T05:55:46.362710,
021cb123-2ce9-4b7b-af4f-295d40427aa2,2742825a-3e35-4f86-ae5a-aca92762e3ea,c3d21c00-ab47-440f-ade0-216ad6e0ab24,,INV-001564,Invoice for Services,overdue,2025-11-08,2027-02-03,2026-03-11T00:01:25.362741,,6423.22,20,1284.64,7707.86,0,7707.86,USD,,,2026-03-02T16:16:39.362746,
ca2b6e3d-cc07-4a1c-af15-72bdb05317ba,2742825a-3e35-4f86-ae5a-aca92762e3ea,,500dcaa4-ce3a-431f-ad3b-9a977e6af961,INV-001565,Invoice for Subscription,sent,2026-05-05,2026-08-07,2026-03-29T15:00:25.362772,,67086.75,7.5,5031.51,72118.26,0,72118.26,USD,,,2025-10-28T03:31:13.362778,
3978d97f-2818-4a74-b3ab-f5061d38d64d,2742825a-3e35-4f86-ae5a-aca92762e3ea,,,INV-001566,Invoice for Consulting,viewed,2026-01-12,2026-10-06,2026-04-06T13:20:39.362803,,88307.17,0,0.0,88307.17,0,88307.17,USD,,,2025-12-04T17:13:53.362809,
ee6bac71-2879-4b7d-b9c4-352856231676,2742825a-3e35-4f86-ae5a-aca92762e3ea,,,INV-001567,Invoice for Subscription,sent,2026-02-16,2026-08-10,2026-07-20T16:56:42.362833,,19989.61,20,3997.92,23987.53,0,23987.53,USD,,,2026-01-07T12:41:14.362839,
9dc1eef8-d424-4e50-aede-f475bd451d3c,2742825a-3e35-4f86-ae5a-aca92762e3ea,,,INV-001568,Invoice for Consulting,overdue,2026-07-07,2026-09-28,2026-03-13T02:34:15.362866,,83513.5,15,12527.02,96040.52,0,96040.52,USD,,,2025-11-20T09:57:06.362871,
67e59fff-d26f-4c25-8409-b40ba9e143b0,2742825a-3e35-4f86-ae5a-aca92762e3ea,dd95ed0f-94a2-4475-b5e2-348f709f0c6f,,INV-001569,Invoice for Services,cancelled,2025-11-20,2027-02-04,2026-04-15T01:31:17.362898,,67550.17,20,13510.03,81060.2,0,81060.2,USD,,,2026-03-18T09:03:09.362904,
b3dce5bd-0f92-4593-9fe9-43cc558f8a34,2742825a-3e35-4f86-ae5a-aca92762e3ea,,9deeab1a-92e9-48e3-81f7-6150bda5b26a,INV-001570,Invoice for Consulting,paid,2025-11-29,2026-11-28,2026-07-13T20:59:46.362934,2026-06-06T09:08:23.362939,91466.48,5,4573.32,96039.8,96039.8,0,USD,Thank you for your business!,,2025-10-05T07:33:23.362945,
9357c350-08d7-424c-999e-54b9f1695f02,2742825a-3e35-4f86-ae5a-aca92762e3ea,,,INV-001571,Invoice for Support,partial,2026-07-06,2026-12-03,2026-06-04T04:43:31.362970,,8749.43,8,699.95,9449.38,4724.69,4724.69,USD,Thank you for your business!,,2025-12-17T10:30:03.362976,
d7e1145f-f85a-40b3-be5e-1756f28bc777,2742825a-3e35-4f86-ae5a-aca92762e3ea,2431b1e0-269d-4d51-b29d-48e40def1ed7,,INV-001572,Invoice for Products,cancelled,2026-06-08,2026-10-12,2026-08-06T01:17:50.363002,,6644.5,7.5,498.34,7142.84,0,7142.84,USD,Thank you for your business!,,2026-05-10T09:09:01.363008,
d3c0dbb3-8350-442b-91db-9e0007568624,2742825a-3e35-4f86-ae5a-aca92762e3ea,37e4afba-537e-476c-9f62-3c6ea69d1d26,,INV-001573,Invoice for Products,draft,2025-11-04,2026-09-29,,,80805.61,8,6464.45,87270.06,0,87270.06,USD,,,2026-01-25T23:31:31.363035,
27a6d522-e7c7-4724-beab-929d1c51a6aa,2742825a-3e35-4f86-ae5a-aca92762e3ea,,83a4f3ae-6914-419d-8e8d-ed8aa58c54e2,INV-001574,Invoice for Consulting,overdue,2026-02-13,2026-12-06,2026-06-06T18:22:04.363061,,12184.83,20,2436.97,14621.8,0,14621.8,USD,,,2026-01-01T04:46:56.363067,
d3229659-a418-40a6-9578-a4531f55e448,2742825a-3e35-4f86-ae5a-aca92762e3ea,c8431d4d-b2a1-4ff7-bb89-1a6c6fdcb7f2,fafd72b9-1b06-4f4c-98c3-6c6cc65aa0ec,INV-001575,Invoice for Support,viewed,2026-03-15,2026-10-02,2026-02-21T05:17:42.363098,,11380.8,15,1707.12,13087.92,0,13087.92,USD,Thank you for your business!,,2025-12-25T10:45:58.363104,
647f6910-b70b-4e84-848d-13f117676a0e,2742825a-3e35-4f86-ae5a-aca92762e3ea,b580e46d-ae6c-424a-9b79-7e8aeb3710ad,,INV-001576,Invoice for Products,draft,2025-12-07,2026-11-02,,,62128.02,15,9319.2,71447.22,0,71447.22,USD,,00a633c0-0144-4c6b-a5ce-a31a792b7de6,2026-02-23T17:14:15.363132,
1e53eb54-eed0-48d9-93bd-27462a95a8e3,2742825a-3e35-4f86-ae5a-aca92762e3ea,64a768fa-0b47-4db1-9a33-f1a35339c0cd,80bffb4d-ca19-4182-bcdd-94d9f3556692,INV-001577,Invoice for Support,viewed,2026-01-18,2026-12-31,2026-06-28T03:53:31.363159,,59572.92,15,8935.94,68508.86,0,68508.86,USD,,,2025-08-22T21:31:01.363165,
1740ee06-91cf-431b-af0b-c0e2cf3d0917,2742825a-3e35-4f86-ae5a-aca92762e3ea,bf9a14ca-5677-4ac4-9138-5fa4de0de631,1e2fd524-1308-457e-80d0-6a8acfff0834,INV-001578,Invoice for Products,paid,2026-07-14,2026-10-26,2026-04-22T15:14:22.363196,2026-04-23T01:29:17.363205,25965.56,10,2596.56,28562.12,28562.12,0,USD,,5bf09941-2c9a-4a31-b72d-6552e6c64453,2025-11-28T07:57:47.363212,
a451d86e-6cd3-41f0-a302-133fa7b2394c,2742825a-3e35-4f86-ae5a-aca92762e3ea,a1f1e303-745c-4722-a965-d42888b78d1c,4a386710-993c-44bd-9b17-3641a45c3069,INV-001579,Invoice for Consulting,paid,2025-10-23,2026-12-12,2026-05-05T21:43:35.363240,2026-05-01T07:00:29.363245,13706.52,8,1096.52,14803.04,14803.04,0,USD,Thank you for your business!,a292a338-7276-4287-a181-9f2ebc18a062,2025-11-23T21:07:58.363252,
1d12f7cb-0912-4258-9998-fb4728840a75,2742825a-3e35-4f86-ae5a-aca92762e3ea,80a6a6cf-a1d1-4337-bd27-4980c550c1b4,,INV-001580,Invoice for Subscription,overdue,2025-08-07,2027-01-12,2026-06-28T18:14:09.363283,,71019.15,8,5681.53,76700.68,0,76700.68,USD,Thank you for your business!,,2026-05-15T04:52:30.363288,
53e3006e-9c0f-4aa8-b76c-df4ce991acbb,2742825a-3e35-4f86-ae5a-aca92762e3ea,d767232e-e608-4640-8246-cb521bf613f2,69b423a6-6216-4d81-a149-b000ba2749a4,INV-001581,Invoice for Consulting,paid,2025-09-01,2026-08-12,2026-06-23T07:51:34.363315,2026-07-01T01:25:37.363320,23423.69,15,3513.55,26937.24,26937.24,0,USD,Thank you for your business!,,2026-01-12T02:00:50.363326,
2e830c08-ba39-4075-8fc2-be749aa500fd,2742825a-3e35-4f86-ae5a-aca92762e3ea,1f445959-cfb0-4b36-9800-91b6d24f206c,,INV-001582,Invoice for Products,cancelled,2025-11-03,2026-09-12,2026-06-28T22:31:56.363351,,93753.52,15,14063.03,107816.55,0,107816.55,USD,,,2026-07-22T05:04:57.363357,
7f615765-f15c-4f25-a7ea-00f7121d8891,2742825a-3e35-4f86-ae5a-aca92762e3ea,,,INV-001583,Invoice for Support,overdue,2025-12-12,2026-12-21,2026-08-06T04:58:02.363382,,77689.67,7.5,5826.73,83516.4,0,83516.4,USD,,,2026-01-28T03:52:32.363388,
13531662-c79b-4bf0-b7d5-82f0f75180a4,2742825a-3e35-4f86-ae5a-aca92762e3ea,,53f48204-a5cb-44bb-a6bb-eea9f98c51c2,INV-001584,Invoice for Support,overdue,2026-07-27,2026-11-08,2026-03-24T05:51:51.363414,,31065.34,15,4659.8,35725.14,0,35725.14,USD,,,2026-01-02T01:25:41.363420,
2d9dc9a6-d0e6-4854-a8fc-aca0f87cfe55,2742825a-3e35-4f86-ae5a-aca92762e3ea,,,INV-001585,Invoice for Consulting,cancelled,2026-03-17,2026-12-06,2026-03-04T01:45:12.363455,,43798.4,7.5,3284.88,47083.28,0,47083.28,USD,,,2025-09-12T04:16:54.363461,
f4656a3d-64f6-4d75-95c9-907b739f7662,2742825a-3e35-4f86-ae5a-aca92762e3ea,7ecb6181-6f29-4a4d-86e6-ef4d44085002,,INV-001586,Invoice for Products,overdue,2026-05-22,2026-11-13,2026-07-12T01:53:56.363501,,93320.22,8,7465.62,100785.84,0,100785.84,USD,Thank you for your business!,62c7a6e2-e589-42fc-9458-86ce893f0b90,2026-06-02T23:49:29.363508,
3e8e67fe-0da2-4be3-8246-ae898b4a3ecf,2742825a-3e35-4f86-ae5a-aca92762e3ea,dd597fe2-e387-493e-8294-f43cc19fc934,,INV-001587,Invoice for Subscription,viewed,2026-05-14,2026-08-18,2026-07-16T09:30:31.363534,,37069.02,10,3706.9,40775.92,0,40775.92,USD,,,2025-09-16T20:08:16.363540,
62b031be-c857-4c20-84de-707b6225f554,2742825a-3e35-4f86-ae5a-aca92762e3ea,5aa38d2a-8bc6-40a1-bcd6-9a2af4a518b2,4edb4d32-e8cb-41b0-976f-0fc0b0949142,INV-001588,Invoice for Subscription,paid,2025-09-10,2026-09-23,2026-07-09T19:01:25.363568,2026-05-10T05:31:14.363573,74164.95,10,7416.49,81581.44,81581.44,0,USD,Thank you for your business!,,2025-09-16T07:32:38.363579,
8f88b01d-4ee5-4574-9c51-d49a40141a3d,2742825a-3e35-4f86-ae5a-aca92762e3ea,7e0f3931-2e60-4069-94d0-1b70a3a3e30e,,INV-001589,Invoice for Subscription,paid,2025-11-03,2026-12-05,2026-07-03T12:28:48.363609,2026-06-16T04:35:32.363640,87054.68,5,4352.73,91407.41,91407.41,0,USD,Thank you for your business!,,2026-07-29T00:48:49.363658,
88689f0f-88ac-469c-86e0-bca4746e9f5b,2742825a-3e35-4f86-ae5a-aca92762e3ea,4619ebcb-de71-4838-b0d0-1e1cb270291c,,INV-001590,Invoice for Support,paid,2026-01-18,2026-09-21,2026-03-10T22:15:45.363720,2026-05-06T21:45:13.363726,63456.33,15,9518.45,72974.78,72974.78,0,USD,Thank you for your business!,,2026-02-22T04:01:10.363732,
189114d7-c61a-4246-b58b-424824df4a86,2742825a-3e35-4f86-ae5a-aca92762e3ea,579b103c-4347-49f7-b916-2e010bc98c2b,10e22092-43c1-4df3-a202-655518b7295a,INV-001591,Invoice for Services,draft,2025-12-01,2026-11-21,,,43666.0,20,8733.2,52399.2,0,52399.2,USD,Thank you for your business!,6655e3a0-9b7e-498b-b870-67cd74b7f6a1,2026-07-15T23:18:37.363820,
a0d7fd34-06f5-448c-827f-5ac5cd694f06,2742825a-3e35-4f86-ae5a-aca92762e3ea,,010bdf29-783c-4d39-8fd5-d74647635fa0,INV-001592,Invoice for Subscription,overdue,2026-01-05,2027-01-26,2026-06-15T04:13:03.363859,,40153.62,20,8030.72,48184.34,0,48184.34,USD,Thank you for your business!,,2025-10-19T16:53:31.363866,
1ba8f369-2013-4b50-b8ab-a266ee035da9,2742825a-3e35-4f86-ae5a-aca92762e3ea,,,INV-001593,Invoice for Support,sent,2025-12-09,2027-02-02,2026-02-13T18:04:16.363892,,97085.75,5,4854.29,101940.04,0,101940.04,USD,,,2026-07-20T22:08:12.363899,
2aa86d42-7697-46e9-a6ab-8991fe5916fc,2742825a-3e35-4f86-ae5a-aca92762e3ea,,,INV-001594,Invoice for Services,viewed,2026-06-11,2026-11-02,2026-07-07T22:13:57.363943,,36656.63,10,3665.66,40322.29,0,40322.29,USD,,,2026-02-24T22:13:55.363949,
c20c04ee-3371-413d-a6ed-e0760b5a9649,2742825a-3e35-4f86-ae5a-aca92762e3ea,,8626ff47-7148-48ab-a864-20c25929df83,INV-001595,Invoice for Products,viewed,2025-12-01,2027-01-31,2026-03-19T09:23:55.363976,,45011.34,10,4501.13,49512.47,0,49512.47,USD,Thank you for your business!,,2025-11-11T04:30:11.363982,
5b6f50c8-7795-4e11-b1bc-1913be78e67b,2742825a-3e35-4f86-ae5a-aca92762e3ea,2916b7e8-5003-4368-9271-bac613bddc19,,INV-001596,Invoice for Consulting,partial,2026-05-27,2026-12-12,2026-03-19T03:28:00.364013,,20020.24,8,1601.62,21621.86,10810.93,10810.93,USD,,79c2bc1b-13aa-4f8b-9380-d183b7c4caf1,2026-01-08T06:50:15.364021,
f7c07cd1-2a18-459f-9eb6-23fab35db500,2742825a-3e35-4f86-ae5a-aca92762e3ea,ccb81a08-f9d7-4001-ae83-ababfc1f9585,282acf32-55a7-437d-85a9-21a9aea3bf80,INV-001597,Invoice for Consulting,cancelled,2026-06-28,2026-10-18,2026-07-24T05:48:03.364048,,26478.77,10,2647.88,29126.65,0,29126.65,USD,,,2026-05-29T11:20:41.364054,
533e08fb-2dd5-4a19-bfa6-eaa6dc5251ed,2742825a-3e35-4f86-ae5a-aca92762e3ea,3d1b031f-a9b8-4698-8b6e-e3f7ff733b38,,INV-001598,Invoice for Services,draft,2026-03-19,2026-08-23,,,70615.88,10,7061.59,77677.47,0,77677.47,USD,Thank you for your business!,,2026-02-07T23:11:27.364082,
d8e6322b-930f-4d67-8153-c7c8bed7f877,2742825a-3e35-4f86-ae5a-aca92762e3ea,,,INV-001599,Invoice for Consulting,overdue,2026-04-29,2026-09-25,2026-06-03T12:14:32.364107,,70040.52,10,7004.05,77044.57,0,77044.57,USD,,,2026-03-05T02:16:44.364114,
6cfaea21-9137-4f8a-8178-8c5d66b19f7a,2742825a-3e35-4f86-ae5a-aca92762e3ea,85246b91-0b9a-4cb9-b5c1-323716bb2732,,INV-001600,Invoice for Consulting,partial,2025-11-24,2026-12-20,2026-06-15T08:41:43.364140,,99996.42,5,4999.82,104996.24,52498.12,52498.12,USD,Thank you for your business!,82634c66-1caf-43b6-8979-997f2675a204,2026-03-11T02:35:03.364147,
c8c9cf33-7057-42b9-8689-b1fa1c8ae196,2742825a-3e35-4f86-ae5a-aca92762e3ea,,,INV-001601,Invoice for Consulting,viewed,2025-09-16,2026-11-10,2026-05-19T08:57:28.364173,,16254.56,15,2438.18,18692.74,0,18692.74,USD,,,2025-11-04T08:57:28.364179,
c7f36b31-cb1d-43db-ab08-898a182faf8e,2742825a-3e35-4f86-ae5a-aca92762e3ea,,,INV-001602,Invoice for Consulting,draft,2025-12-14,2026-12-07,,,62122.98,20,12424.6,74547.58,0,74547.58,USD,Thank you for your business!,,2026-02-04T03:18:17.364205,
98291586-6329-4cf6-9348-b0d3e7229f43,2742825a-3e35-4f86-ae5a-aca92762e3ea,,,INV-001603,Invoice for Support,partial,2025-11-28,2026-10-01,2026-05-05T17:30:04.364231,,21763.22,10,2176.32,23939.54,11969.77,11969.77,USD,Thank you for your business!,,2026-03-29T17:29:26.364237,
f9f2f0c2-5c0e-4b0a-832a-b5d753579480,2742825a-3e35-4f86-ae5a-aca92762e3ea,749f0640-8e67-4d77-97d3-1849dc98536e,,INV-001604,Invoice for Services,cancelled,2026-07-23,2026-11-24,2026-06-07T04:34:50.364268,,28115.56,7.5,2108.67,30224.23,0,30224.23,USD,,,2026-01-19T08:14:30.364274,
fa9b2aaa-4401-44e6-9cc8-6a521fc2345e,2742825a-3e35-4f86-ae5a-aca92762e3ea,,,INV-001605,Invoice for Support,sent,2026-06-24,2026-10-24,2026-06-11T21:07:53.364299,,19621.76,5,981.09,20602.85,0,20602.85,USD,,,2026-01-11T16:01:10.364306,
c2ca48ac-9d61-42fd-a0c4-f54759185658,2742825a-3e35-4f86-ae5a-aca92762e3ea,,5da8802d-7cd7-4a7e-83be-7e89c0b43a20,INV-001606,Invoice for Support,draft,2026-08-07,2026-08-13,,,13429.32,5,671.47,14100.79,0,14100.79,USD,Thank you for your business!,,2025-11-10T04:03:55.364334,
2c0347fb-57ab-4f4d-b54c-43a27bd9342f,2742825a-3e35-4f86-ae5a-aca92762e3ea,,,INV-001607,Invoice for Products,partial,2026-03-03,2026-08-18,2026-05-04T03:25:44.364359,,49425.39,8,3954.03,53379.42,26689.71,26689.71,USD,Thank you for your business!,2f99d461-b366-4b9f-b58c-44b07421a74a,2026-05-12T14:29:25.364365,
93469558-1b7b-4035-be99-13b1785a125c,2742825a-3e35-4f86-ae5a-aca92762e3ea,acac510d-710d-419c-975c-0b6250d0eab0,638a2764-e40e-4b12-a511-837488fc9a06,INV-001608,Invoice for Consulting,paid,2025-09-04,2026-09-11,2026-05-12T23:18:58.364392,2026-06-25T06:38:43.364398,39598.2,5,1979.91,41578.11,41578.11,0,USD,,9137ab9e-872e-4f39-9afc-970f81c845c0,2026-07-01T04:56:53.364405,
e86d22d3-1535-44a3-9bd2-2ec3662a9f72,2742825a-3e35-4f86-ae5a-aca92762e3ea,6d648709-6c75-4fbf-a7e8-d26f07e46da8,,INV-001609,Invoice for Services,overdue,2025-09-27,2026-12-08,2026-07-03T21:33:41.364435,,76541.21,5,3827.06,80368.27,0,80368.27,USD,Thank you for your business!,,2026-02-28T03:30:01.364441,
cd5a017b-f313-4f10-b607-45e4269a98ba,2742825a-3e35-4f86-ae5a-aca92762e3ea,,,INV-001610,Invoice for Consulting,cancelled,2026-01-03,2026-10-02,2026-03-10T13:08:57.364478,,65096.34,20,13019.27,78115.61,0,78115.61,USD,Thank you for your business!,,2026-07-09T14:56:12.364483,
2aab4029-d6a2-4ce6-8af7-4da26f3b75e0,2742825a-3e35-4f86-ae5a-aca92762e3ea,,43a84636-d7c8-4730-a476-2f6177b125e7,INV-001611,Invoice for Support,draft,2025-11-13,2026-10-01,,,47195.9,7.5,3539.69,50735.59,0,50735.59,USD,,,2026-03-27T22:50:51.364510,
da73267f-0634-4517-b3df-490646a2bfc2,2742825a-3e35-4f86-ae5a-aca92762e3ea,47796b5c-9237-4c68-82ad-3115ccd29751,,INV-001612,Invoice for Consulting,partial,2026-07-30,2026-10-26,2026-03-23T14:12:26.364541,,41257.11,0,0.0,41257.11,20628.555,20628.555,USD,Thank you for your business!,e62cbfc1-1ca1-480c-a6d1-95a667418860,2025-08-10T02:18:28.364548,
45cdd560-195c-4330-9877-89497c45af13,2742825a-3e35-4f86-ae5a-aca92762e3ea,,,INV-001613,Invoice for Support,overdue,2025-11-20,2026-12-27,2026-04-05T17:12:33.364573,,68239.2,8,5459.14,73698.34,0,73698.34,USD,Thank you for your business!,93e12017-d70d-4894-8234-6c02b195de8f,2025-09-07T13:10:00.364580,
a3e3b72b-7216-4cee-bc55-2d3eff1b5f5b,2742825a-3e35-4f86-ae5a-aca92762e3ea,,,INV-001614,Invoice for Services,partial,2026-01-01,2027-01-06,2026-04-10T10:06:11.364610,,10882.29,5,544.11,11426.4,5713.2,5713.2,USD,,,2025-09-01T23:07:22.364616,
20634a20-e9b3-4424-8e77-5e319163245c,2742825a-3e35-4f86-ae5a-aca92762e3ea,,4d400740-01cf-4008-982f-72a730dab5be,INV-001615,Invoice for Subscription,viewed,2026-01-08,2026-09-19,2026-05-30T22:39:25.364642,,63966.62,0,0.0,63966.62,0,63966.62,USD,Thank you for your business!,,2026-08-02T00:40:10.364648,
569b8e5a-5d7d-420a-b613-4f03459f8a0d,2742825a-3e35-4f86-ae5a-aca92762e3ea,,,INV-001616,Invoice for Services,sent,2025-09-14,2026-12-22,2026-07-29T06:05:51.364674,,56442.04,15,8466.31,64908.35,0,64908.35,USD,,,2026-05-18T20:39:51.364680,
af68c40b-5f97-4da6-b7e6-1cf73fbc2790,2742825a-3e35-4f86-ae5a-aca92762e3ea,9b1832f6-b245-491c-9dac-1dfa88f88487,,INV-001617,Invoice for Subscription,cancelled,2026-04-25,2026-11-19,2026-06-24T19:52:38.364707,,97756.42,8,7820.51,105576.93,0,105576.93,USD,,,2026-07-23T16:34:39.364713,
b41ef67c-9530-410f-a1ac-5aed2c93d8ef,2742825a-3e35-4f86-ae5a-aca92762e3ea,33558ee6-0ade-477d-9db1-2cd0bcf55234,,INV-001618,Invoice for Products,draft,2026-05-19,2026-11-20,,,45336.6,15,6800.49,52137.09,0,52137.09,USD,Thank you for your business!,,2026-03-26T18:04:24.364741,
6d590da4-0811-4818-9d1d-3f98a97fd51b,2742825a-3e35-4f86-ae5a-aca92762e3ea,,,INV-001619,Invoice for Services,sent,2025-11-29,2027-01-30,2026-03-23T11:05:54.364770,,2270.54,0,0.0,2270.54,0,2270.54,USD,Thank you for your business!,,2026-06-23T04:04:27.364776,
453bf83d-bbc5-4600-9b62-53008f20012c,2742825a-3e35-4f86-ae5a-aca92762e3ea,99ae6a0b-aac7-452d-9063-48e2ee73711e,,INV-001620,Invoice for Services,cancelled,2026-04-17,2026-10-18,2026-07-30T00:47:35.364804,,77759.87,10,7775.99,85535.86,0,85535.86,USD,Thank you for your business!,,2025-12-05T02:49:23.364809,
8f167da4-545f-449e-ba49-921aa5437470,2742825a-3e35-4f86-ae5a-aca92762e3ea,117b18bb-4413-4b48-ae1b-654e667840e8,1b4b7738-56c7-4c85-b4fa-bd8025b07d5a,INV-001621,Invoice for Subscription,overdue,2025-08-29,2026-12-13,2026-03-14T13:21:37.364836,,34939.64,15,5240.95,40180.59,0,40180.59,USD,Thank you for your business!,18258fc9-2e0a-4a3d-980f-3bf208c08417,2026-07-26T20:26:42.364844,
eec4bce5-9883-40c5-b60b-56b701ed5062,2742825a-3e35-4f86-ae5a-aca92762e3ea,,,INV-001622,Invoice for Support,cancelled,2025-08-25,2027-01-07,2026-05-17T14:00:40.364870,,36549.96,0,0.0,36549.96,0,36549.96,USD,Thank you for your business!,,2026-08-01T13:35:59.364876,
82ff45c4-ba6f-49ee-ada5-399685a0cd14,2742825a-3e35-4f86-ae5a-aca92762e3ea,,,INV-001623,Invoice for Consulting,draft,2025-10-10,2026-09-24,,,80560.59,10,8056.06,88616.65,0,88616.65,USD,Thank you for your business!,6ca82699-0cd5-4989-a29b-5661c8555b43,2025-10-14T23:12:01.364903,
7be2b6b3-c448-46e9-9219-8651c9455de4,2742825a-3e35-4f86-ae5a-aca92762e3ea,,e6bd936d-a3cb-4960-a32a-6f0c33a572c4,INV-001624,Invoice for Support,overdue,2026-06-08,2026-09-11,2026-04-15T23:11:46.364929,,97656.79,20,19531.36,117188.15,0,117188.15,USD,Thank you for your business!,,2025-08-14T10:33:55.364935,
986098eb-2b60-4014-a245-2b69b7559c1c,2742825a-3e35-4f86-ae5a-aca92762e3ea,e3c8c425-d523-4255-af21-360919481f62,,INV-001625,Invoice for Subscription,draft,2025-10-26,2026-09-29,,,35314.85,20,7062.97,42377.82,0,42377.82,USD,Thank you for your business!,60e56974-f15f-4c24-bc13-9970989bab01,2026-03-01T06:53:26.364968,
7fa40fe2-c436-4b13-9f32-7f6168fa5ba4,2742825a-3e35-4f86-ae5a-aca92762e3ea,533e9f77-6fb4-434f-866a-fd484542f138,,INV-001626,Invoice for Services,partial,2025-12-16,2026-08-25,2026-04-03T19:22:00.364999,,92963.76,0,0.0,92963.76,46481.88,46481.88,USD,Thank you for your business!,,2026-05-08T12:47:57.365005,
8edf06d6-2837-4818-bbaa-05a04d7021c6,2742825a-3e35-4f86-ae5a-aca92762e3ea,,3a761bd5-e4f9-4414-8cf3-80a871ed6f55,INV-001627,Invoice for Subscription,viewed,2026-01-29,2026-10-01,2026-04-29T04:15:00.365032,,88821.31,20,17764.26,106585.57,0,106585.57,USD,,,2026-06-29T21:27:23.365038,
4a435ec0-0fe8-4c05-8651-1e9faf50c868,2742825a-3e35-4f86-ae5a-aca92762e3ea,69b2d68e-f7af-4c42-9b89-024ba13eeda6,a95a7b5b-cf2d-49c5-a088-807e64a71be5,INV-001628,Invoice for Services,paid,2025-08-14,2026-09-26,2026-06-14T03:48:09.365065,2026-08-06T13:01:05.365071,55100.45,5,2755.02,57855.47,57855.47,0,USD,Thank you for your business!,,2026-01-08T05:21:39.365077,
c5af2c85-a7c7-410b-89f3-c23c41b00530,2742825a-3e35-4f86-ae5a-aca92762e3ea,63c5578b-cccc-4ea3-b696-bb2d9e6710f7,,INV-001629,Invoice for Subscription,overdue,2026-03-17,2026-12-07,2026-07-17T11:41:50.365105,,76976.82,20,15395.36,92372.18,0,92372.18,USD,Thank you for your business!,,2026-05-03T18:30:10.365111,
2446902f-1eee-44ca-a509-b5d309b81345,2742825a-3e35-4f86-ae5a-aca92762e3ea,4cdd82db-2dce-49f8-b244-7213ba5ef87e,,INV-001630,Invoice for Consulting,partial,2026-05-22,2026-08-15,2026-08-03T08:48:14.365147,,23821.75,20,4764.35,28586.1,14293.05,14293.05,USD,Thank you for your business!,,2025-09-02T04:08:01.365153,
544e09f0-7ddc-40d6-864c-6799ada417dd,2742825a-3e35-4f86-ae5a-aca92762e3ea,,ee2a9d1c-23ca-4808-8e74-48d81052a140,INV-001631,Invoice for Products,partial,2025-08-16,2026-11-08,2026-07-08T17:56:26.365185,,19667.72,8,1573.42,21241.14,10620.57,10620.57,USD,,,2026-01-13T19:56:18.365191,
b5092f3c-a9e3-4333-b258-b1a68ca2343a,2742825a-3e35-4f86-ae5a-aca92762e3ea,48861bc0-0eed-4590-890f-3f57853ce604,9ab8b24e-3d84-4204-9288-d34ceefe9bc6,INV-001632,Invoice for Services,draft,2026-05-24,2026-10-07,,,25764.35,15,3864.65,29629.0,0,29629.0,USD,,,2025-11-17T20:30:49.365221,
727c5545-becf-4d10-b014-1404369718bb,2742825a-3e35-4f86-ae5a-aca92762e3ea,01d75e9e-cf2a-442e-99e8-2b81edd6b224,,INV-001633,Invoice for Subscription,viewed,2026-07-03,2026-11-27,2026-08-02T09:54:59.365256,,73160.8,0,0.0,73160.8,0,73160.8,USD,Thank you for your business!,,2026-03-14T22:08:57.365262,
ad38bbc3-fe43-42cd-9457-4867af7601a3,2742825a-3e35-4f86-ae5a-aca92762e3ea,,,INV-001634,Invoice for Services,viewed,2025-12-09,2026-11-17,2026-03-24T14:01:54.365290,,31423.58,7.5,2356.77,33780.35,0,33780.35,USD,,,2026-07-21T03:02:14.365296,
02abec9f-31ad-4c60-acb3-aec9686de46b,2742825a-3e35-4f86-ae5a-aca92762e3ea,0f8762b3-325b-4008-b137-f0b1fcf784f8,,INV-001635,Invoice for Services,sent,2026-02-23,2026-11-30,2026-02-16T18:04:57.365346,,2869.12,10,286.91,3156.03,0,3156.03,USD,,c9195c71-d1f4-4550-bbc5-67460fe24e65,2025-12-26T07:42:41.365353,
e95efe8f-3d88-4555-b0f5-baca1ff4c215,2742825a-3e35-4f86-ae5a-aca92762e3ea,,fafd72b9-1b06-4f4c-98c3-6c6cc65aa0ec,INV-001636,Invoice for Consulting,draft,2026-06-06,2027-01-10,,,77191.82,15,11578.77,88770.59,0,88770.59,USD,Thank you for your business!,,2025-12-05T00:41:23.365383,
c6775dc2-a964-4068-a40e-dfb8cf599656,2742825a-3e35-4f86-ae5a-aca92762e3ea,52096f63-eb42-41f1-97d0-39e40ee5830f,,INV-001637,Invoice for Consulting,partial,2025-08-11,2026-12-10,2026-07-15T06:51:58.365411,,66099.23,15,9914.88,76014.11,38007.055,38007.055,USD,,,2026-02-25T00:16:27.365418,
5443fa24-3c77-44ba-9984-ebe496a5057b,2742825a-3e35-4f86-ae5a-aca92762e3ea,,38017f21-839e-47e3-bfb4-1b76e20e8f9a,INV-001638,Invoice for Subscription,overdue,2025-09-04,2026-09-28,2026-04-07T16:46:46.365452,,85113.85,0,0.0,85113.85,0,85113.85,USD,,,2026-07-26T01:19:38.365458,
9f623d79-37bd-4a13-a8b0-cfbf547c1583,2742825a-3e35-4f86-ae5a-aca92762e3ea,,29fcecb5-757b-452f-bc12-83f81c4e8c04,INV-001639,Invoice for Consulting,cancelled,2025-08-30,2026-12-22,2026-05-27T06:48:38.365486,,98899.78,20,19779.96,118679.74,0,118679.74,USD,Thank you for your business!,,2026-06-15T07:47:51.365492,
41904f73-0293-408c-b80c-1b3b8f734c3c,2742825a-3e35-4f86-ae5a-aca92762e3ea,,dc3b51d8-5ebc-401d-8d2e-cdaa50c87cd1,INV-001640,Invoice for Consulting,overdue,2025-09-20,2026-09-01,2026-03-04T11:09:37.365524,,42601.69,10,4260.17,46861.86,0,46861.86,USD,,,2026-06-04T16:06:22.365530,
9c49b3ac-7693-47de-b87d-1c37aa0fc4c3,2742825a-3e35-4f86-ae5a-aca92762e3ea,,,INV-001641,Invoice for Support,viewed,2026-06-28,2026-08-15,2026-06-12T10:29:42.365556,,7036.53,0,0.0,7036.53,0,7036.53,USD,Thank you for your business!,235bd5e1-bed8-4f9e-ae52-07d0dbc24735,2026-01-27T06:48:12.365563,
4e3fa968-bd11-4135-827b-3c6ad52886fb,2742825a-3e35-4f86-ae5a-aca92762e3ea,d4e22085-8975-4451-b32e-13a3ec83a229,,INV-001642,Invoice for Subscription,cancelled,2026-02-15,2026-11-17,2026-03-19T03:49:45.365596,,69222.95,20,13844.59,83067.54,0,83067.54,USD,,,2026-05-22T14:41:55.365602,
3dc2d431-00db-49d0-a32e-231091078fd3,2742825a-3e35-4f86-ae5a-aca92762e3ea,cedd28c3-1f01-4cbb-9092-b2ea3a52fae9,,INV-001643,Invoice for Support,draft,2026-04-28,2027-02-05,,,22434.85,8,1794.79,24229.64,0,24229.64,USD,Thank you for your business!,,2026-02-25T13:02:21.365631,
c96602b6-b0b3-4e40-87eb-90325b4fc140,2742825a-3e35-4f86-ae5a-aca92762e3ea,,,INV-001644,Invoice for Consulting,partial,2026-03-31,2026-08-21,2026-07-26T13:22:41.365657,,67799.48,10,6779.95,74579.43,37289.715,37289.715,USD,,,2025-10-09T20:02:26.365663,
b086967b-901e-4d2d-b128-bb0832d6d7dc,2742825a-3e35-4f86-ae5a-aca92762e3ea,,,INV-001645,Invoice for Consulting,cancelled,2025-09-20,2026-11-28,2026-03-22T03:52:13.365689,,37070.74,20,7414.15,44484.89,0,44484.89,USD,,,2026-02-16T01:19:34.365695,
e6fc2c85-f0fa-422a-9ff4-423aac6453d6,2742825a-3e35-4f86-ae5a-aca92762e3ea,,a95a7b5b-cf2d-49c5-a088-807e64a71be5,INV-001646,Invoice for Products,overdue,2026-08-01,2027-01-29,2026-07-09T03:52:58.365726,,24074.2,20,4814.84,28889.04,0,28889.04,USD,Thank you for your business!,,2026-04-13T22:14:13.365732,
06409a05-112e-4396-a830-a429d71ef10d,2742825a-3e35-4f86-ae5a-aca92762e3ea,69b2d68e-f7af-4c42-9b89-024ba13eeda6,,INV-001647,Invoice for Support,partial,2026-01-27,2027-02-03,2026-05-29T00:13:54.365761,,34349.13,15,5152.37,39501.5,19750.75,19750.75,USD,,2f2392cf-3809-4170-aefc-f58c8f5c59b2,2025-11-30T09:04:09.365772,
66d9fa4c-90ab-4452-9418-b5a271ee9798,2742825a-3e35-4f86-ae5a-aca92762e3ea,9d42594a-f5bf-49df-8ad9-666daeb8d2b1,,INV-001648,Invoice for Products,overdue,2026-07-18,2026-10-26,2026-03-17T00:18:05.365799,,70458.65,8,5636.69,76095.34,0,76095.34,USD,,,2025-08-10T13:50:11.365805,
3cc1ff57-444e-49c9-8647-de8fce202eac,2742825a-3e35-4f86-ae5a-aca92762e3ea,7d049328-673f-436a-a015-0ff66ec80b54,,INV-001649,Invoice for Consulting,cancelled,2026-03-07,2026-11-27,2026-06-12T11:40:11.365832,,92603.27,15,13890.49,106493.76,0,106493.76,USD,,d813b7e8-82a2-4239-adb0-057b433aa95a,2026-03-02T17:48:14.365839,
f7565907-092d-43d9-8e05-5316f14a961c,2742825a-3e35-4f86-ae5a-aca92762e3ea,,06b5268f-998e-4de1-86c8-03e7af938f5a,INV-001650,Invoice for Consulting,draft,2026-04-03,2026-10-14,,,17102.25,0,0.0,17102.25,0,17102.25,USD,Thank you for your business!,58465f1a-1945-4532-a590-03dae8cd1df1,2025-12-19T04:58:15.365868,
45c5ee21-0d65-41a1-9d17-94677ae6d0e8,2742825a-3e35-4f86-ae5a-aca92762e3ea,4ff825b1-8a8c-436e-88cc-79aa71edd549,c8f8514d-fc29-44d5-83c7-891a364158cd,INV-001651,Invoice for Support,sent,2026-05-04,2026-11-07,2026-07-15T14:30:21.365901,,37462.14,7.5,2809.66,40271.8,0,40271.8,USD,Thank you for your business!,,2026-07-23T19:21:35.365907,
d50b4e69-3732-4fcf-945b-82c8a0fdc0e0,2742825a-3e35-4f86-ae5a-aca92762e3ea,,,INV-001652,Invoice for Subscription,draft,2025-09-23,2026-11-07,,,13424.11,7.5,1006.81,14430.92,0,14430.92,USD,Thank you for your business!,,2025-09-20T06:27:43.365934,
746a558d-50d1-4749-86b5-e8fdcd6ee6dd,2742825a-3e35-4f86-ae5a-aca92762e3ea,117b18bb-4413-4b48-ae1b-654e667840e8,,INV-001653,Invoice for Consulting,partial,2025-10-15,2027-02-04,2026-04-24T20:17:07.365961,,52168.19,7.5,3912.61,56080.8,28040.4,28040.4,USD,,,2026-07-17T06:52:12.365968,
d9c45f16-19f3-4a2b-95b6-c9fa6c99a2cd,2742825a-3e35-4f86-ae5a-aca92762e3ea,b49cebdb-8745-4557-8a86-fc6fa096715e,,INV-001654,Invoice for Support,cancelled,2026-08-04,2026-11-08,2026-08-03T08:26:03.365997,,11820.55,8,945.64,12766.19,0,12766.19,USD,,,2025-10-30T15:22:59.366004,
e87b97cd-f2f4-4571-8ebf-2f09d2e575f8,2742825a-3e35-4f86-ae5a-aca92762e3ea,1c260bbf-908f-407f-8d22-54916f58903f,,INV-001655,Invoice for Services,viewed,2025-08-22,2026-10-15,2026-03-21T00:45:54.366032,,14721.74,7.5,1104.13,15825.87,0,15825.87,USD,Thank you for your business!,,2025-11-05T21:37:12.366038,
56e3b632-4da2-4181-b201-29be859fc4cb,2742825a-3e35-4f86-ae5a-aca92762e3ea,f50a5164-87cf-4db0-9c68-1a808613b7f0,,INV-001656,Invoice for Services,partial,2026-06-27,2026-10-03,2026-03-27T18:18:03.366069,,59391.77,20,11878.35,71270.12,35635.06,35635.06,USD,,b1390a07-75b0-44eb-84c9-794f31ad6bbb,2026-03-02T03:13:16.366076,
a81bf1ca-d5fd-4aeb-b1c8-6ab34435affb,2742825a-3e35-4f86-ae5a-aca92762e3ea,,0260ef90-aaad-4d7f-9854-d900180ce468,INV-001657,Invoice for Subscription,paid,2026-05-19,2026-09-27,2026-05-07T19:42:44.366103,2026-04-29T04:35:08.366108,91007.46,7.5,6825.56,97833.02,97833.02,0,USD,Thank you for your business!,,2026-05-05T11:26:24.366114,
eec8d4a0-dcbb-4b66-919e-c8b1e41bd5ac,2742825a-3e35-4f86-ae5a-aca92762e3ea,,8743e543-a4a1-4212-8c1c-9219a093ed3e,INV-001658,Invoice for Subscription,viewed,2026-04-17,2026-09-29,2026-04-23T13:05:24.366144,,31655.21,5,1582.76,33237.97,0,33237.97,USD,,5bf09941-2c9a-4a31-b72d-6552e6c64453,2025-10-23T11:10:01.366151,
e1fd91aa-cf4c-47fe-9014-b1dc7a2b0a7c,2742825a-3e35-4f86-ae5a-aca92762e3ea,ea99e3cb-3516-46af-8a49-ece1796bcfda,,INV-001659,Invoice for Subscription,overdue,2025-10-01,2026-11-29,2026-07-10T01:45:59.366178,,22524.13,10,2252.41,24776.54,0,24776.54,USD,,,2025-11-15T08:55:09.366184,
1c3f148a-046c-4646-9330-2a8b6ef848f6,2742825a-3e35-4f86-ae5a-aca92762e3ea,,22795c5c-4f46-4450-a266-b8e9f7b236dd,INV-001660,Invoice for Subscription,cancelled,2025-12-16,2026-11-23,2026-02-08T11:33:47.366211,,24140.53,0,0.0,24140.53,0,24140.53,USD,,,2026-02-22T01:27:19.366217,
246f3c33-13de-469d-be0f-0d5ae860f4f5,2742825a-3e35-4f86-ae5a-aca92762e3ea,26b3eccf-5247-419f-ae73-ae99eb4af339,,INV-001661,Invoice for Services,cancelled,2026-02-10,2026-08-23,2026-05-19T00:28:51.366249,,70481.51,8,5638.52,76120.03,0,76120.03,USD,Thank you for your business!,f56d780c-f697-4392-ac66-353a1eed1cd2,2026-02-28T20:02:34.366256,
542f31a3-3369-4ec2-be1a-b3454f49827a,2742825a-3e35-4f86-ae5a-aca92762e3ea,,,INV-001662,Invoice for Support,sent,2025-10-19,2026-09-13,2026-05-04T09:37:59.366282,,96948.16,15,14542.22,111490.38,0,111490.38,USD,,,2025-12-25T12:53:41.366288,
ca279b72-09d7-4390-85fd-6a90eca870f3,2742825a-3e35-4f86-ae5a-aca92762e3ea,,,INV-001663,Invoice for Subscription,viewed,2026-03-21,2026-12-22,2026-06-28T21:53:31.366313,,80785.39,10,8078.54,88863.93,0,88863.93,USD,,,2026-06-03T14:09:39.366319,
cd9eeff7-93b3-41aa-bea7-77766518362a,2742825a-3e35-4f86-ae5a-aca92762e3ea,2e520472-1253-48fe-a9d3-f259c2af4357,,INV-001664,Invoice for Support,viewed,2026-03-05,2026-08-10,2026-06-17T02:35:40.366346,,22898.91,10,2289.89,25188.8,0,25188.8,USD,,,2026-03-26T13:23:40.366353,
6d39645c-a1c9-4cb3-a344-03484bc9f061,2742825a-3e35-4f86-ae5a-aca92762e3ea,b74257ba-dee5-4b18-89a7-b7e119b5b79d,,INV-001665,Invoice for Services,viewed,2026-07-20,2026-11-01,2026-06-15T13:38:04.366385,,30527.89,10,3052.79,33580.68,0,33580.68,USD,Thank you for your business!,,2026-02-05T21:23:29.366391,
3dd927e6-1907-4906-b068-820237f6bd03,2742825a-3e35-4f86-ae5a-aca92762e3ea,8a196fc7-2c96-4193-aca0-fe5dda608269,,INV-001666,Invoice for Products,paid,2026-02-20,2026-11-19,2026-06-30T01:22:33.366418,2026-05-23T22:27:34.366423,80883.95,8,6470.72,87354.67,87354.67,0,USD,,,2026-04-18T05:35:16.366429,
c3134187-cdb7-4ec0-9a5c-0c98e197c04a,2742825a-3e35-4f86-ae5a-aca92762e3ea,fcb23fbd-a53d-4a47-ad1a-daf19264adbf,,INV-001667,Invoice for Consulting,viewed,2026-06-20,2027-01-17,2026-03-16T13:33:33.366468,,21430.7,7.5,1607.3,23038.0,0,23038.0,USD,,,2025-08-30T16:18:07.366475,
15c27eac-6ea3-4b56-98a4-a8c04c8d6d64,2742825a-3e35-4f86-ae5a-aca92762e3ea,3f90507e-3211-4d1c-af46-0182a0f4a067,,INV-001668,Invoice for Subscription,paid,2025-12-16,2026-09-09,2026-03-24T19:52:27.366501,2026-06-25T17:36:55.366507,60780.57,20,12156.11,72936.68,72936.68,0,USD,,,2026-04-17T13:15:07.366513,
1caa6810-11de-493f-92d5-37f43e5af3cd,2742825a-3e35-4f86-ae5a-aca92762e3ea,7239dc73-5c4e-476c-8165-6810a8c463a5,,INV-001669,Invoice for Services,paid,2025-10-15,2026-10-31,2026-02-28T16:07:23.366540,2026-07-24T16:20:08.366545,53866.76,8,4309.34,58176.1,58176.1,0,USD,,,2026-02-26T00:56:37.366551,
5473d9fd-dd96-4810-9e2c-08d77f378f51,2742825a-3e35-4f86-ae5a-aca92762e3ea,e51e069f-ef70-442e-b741-b4db4cb46714,,INV-001670,Invoice for Products,paid,2025-08-14,2026-08-13,2026-04-18T12:51:16.366578,2026-05-23T22:51:59.366583,9046.85,8,723.75,9770.6,9770.6,0,USD,,,2025-11-09T06:13:12.366589,
562886f6-88eb-4f1e-93a3-c814ee67272c,2742825a-3e35-4f86-ae5a-aca92762e3ea,90afe2b9-186c-4047-b5cf-576c74e228ea,,INV-001671,Invoice for Support,partial,2026-02-12,2026-08-21,2026-07-12T14:23:40.366615,,48225.81,10,4822.58,53048.39,26524.195,26524.195,USD,Thank you for your business!,815f4801-8c96-4d97-b1e0-5e4d982d6fc1,2025-10-19T07:54:21.366622,
63726d98-8476-4211-a5e3-24d34efa5b35,2742825a-3e35-4f86-ae5a-aca92762e3ea,2f1fca52-0a4d-493c-b35c-66b604ce7042,4d86e3ec-eb93-4daa-99b2-4bcd247cca90,INV-001672,Invoice for Support,viewed,2026-05-10,2026-08-29,2026-05-11T07:23:50.366660,,97620.18,8,7809.61,105429.79,0,105429.79,USD,Thank you for your business!,,2026-02-20T07:10:43.366666,
a114bd17-3421-47cf-90b2-2a6686322562,2742825a-3e35-4f86-ae5a-aca92762e3ea,d9453923-9029-4c4d-b59a-6eaa3a7aacd2,aaec3262-4226-4b6c-be4a-0d0519cad910,INV-001673,Invoice for Services,viewed,2026-06-19,2026-11-14,2026-02-11T05:15:58.366694,,24868.11,8,1989.45,26857.56,0,26857.56,USD,,bdf32371-61f0-4031-960d-98cbef22b00c,2026-01-13T06:29:40.366701,
2270350a-27f1-4652-8d22-cecb3b550490,2742825a-3e35-4f86-ae5a-aca92762e3ea,,,INV-001674,Invoice for Subscription,viewed,2026-04-12,2026-12-20,2026-04-28T19:52:25.366734,,75809.8,0,0.0,75809.8,0,75809.8,USD,,,2026-05-30T18:44:52.366740,
9ebc113d-86da-4ebb-81df-2883d02f2cc0,2742825a-3e35-4f86-ae5a-aca92762e3ea,d049bddf-ca75-4989-9d17-442993ceef0a,,INV-001675,Invoice for Products,paid,2025-11-08,2026-09-15,2026-05-02T22:04:17.366767,2026-06-25T09:24:51.366773,40347.39,20,8069.48,48416.87,48416.87,0,USD,Thank you for your business!,,2026-01-20T14:34:02.366778,
7b18103c-d59b-48af-a931-908f160cdddc,2742825a-3e35-4f86-ae5a-aca92762e3ea,,,INV-001676,Invoice for Products,sent,2026-02-19,2026-11-14,2026-04-21T16:16:13.366804,,4964.7,7.5,372.35,5337.05,0,5337.05,USD,,,2026-05-05T07:59:05.366810,
6d4c3b0d-bdd2-48e8-aef9-2f6017aa9253,2742825a-3e35-4f86-ae5a-aca92762e3ea,,,INV-001677,Invoice for Support,partial,2026-05-08,2026-12-07,2026-06-08T11:42:41.366841,,92715.67,8,7417.25,100132.92,50066.46,50066.46,USD,,,2026-03-02T23:06:41.366847,
1fa2dde1-0337-4464-a02b-cba88a6def4c,2742825a-3e35-4f86-ae5a-aca92762e3ea,2d210577-3bbc-4bd9-89b9-53cfb03e9b44,,INV-001678,Invoice for Services,partial,2026-03-28,2026-12-07,2026-06-09T02:36:48.366873,,90176.63,0,0.0,90176.63,45088.315,45088.315,USD,,,2025-12-09T00:46:29.366879,
614db6d2-1a82-4140-ac12-ed4e7295e766,2742825a-3e35-4f86-ae5a-aca92762e3ea,7cd5c0a6-a4d1-4d50-981c-8171ff1461b5,,INV-001679,Invoice for Services,draft,2026-08-04,2027-01-26,,,81958.61,5,4097.93,86056.54,0,86056.54,USD,Thank you for your business!,,2025-12-27T03:20:51.366906,
b485ff8e-ae65-47a9-a5ae-8ae471d50b7e,2742825a-3e35-4f86-ae5a-aca92762e3ea,,c533159d-4861-4c33-b952-a79c4fd6ef10,INV-001680,Invoice for Consulting,sent,2025-11-28,2026-10-09,2026-07-17T01:50:21.366932,,6811.96,7.5,510.9,7322.86,0,7322.86,USD,Thank you for your business!,2087d4db-55ef-4f90-970e-6a9b1b61cfb1,2025-10-24T04:56:28.366943,
20e82825-b5a3-4785-8c1b-0d9e7f536cea,2742825a-3e35-4f86-ae5a-aca92762e3ea,7c6fc970-c0b7-47f9-ab49-e85516d24569,,INV-001681,Invoice for Subscription,cancelled,2026-04-05,2026-08-25,2026-04-26T06:43:12.366969,,61739.88,8,4939.19,66679.07,0,66679.07,USD,,,2026-05-11T04:22:27.366975,
4c35b2b4-d381-4282-bb63-eed6cdc6fb5d,2742825a-3e35-4f86-ae5a-aca92762e3ea,5f0de1dc-4dbb-4f45-8454-5f00b8920aa6,7c9ce68c-dfaf-43de-8d49-93c32ca76103,INV-001682,Invoice for Products,cancelled,2026-07-22,2026-08-31,2026-04-15T19:00:36.367008,,23254.75,7.5,1744.11,24998.86,0,24998.86,USD,Thank you for your business!,,2025-11-03T00:01:31.367014,
5b06e6d6-5ea1-4224-b5f9-819caa33ce30,2742825a-3e35-4f86-ae5a-aca92762e3ea,389fb2a3-7589-453b-8dbd-5e1235f42b4f,8e84c516-e821-4f22-a859-f8b506b61bcf,INV-001683,Invoice for Consulting,overdue,2025-12-17,2026-12-03,2026-06-30T06:57:00.367042,,20773.6,8,1661.89,22435.49,0,22435.49,USD,Thank you for your business!,,2025-12-28T20:12:43.367048,
edcca0ba-558d-4a60-86d6-e0c3007394fb,2742825a-3e35-4f86-ae5a-aca92762e3ea,,a87ffb43-8f7f-48e2-b359-ead85d2c2d31,INV-001684,Invoice for Consulting,sent,2025-12-04,2026-08-10,2026-03-15T01:31:51.367074,,46944.13,7.5,3520.81,50464.94,0,50464.94,USD,Thank you for your business!,,2026-04-14T12:41:39.367080,
12e9a08c-2e99-4c31-b2c3-f5b55ee17124,2742825a-3e35-4f86-ae5a-aca92762e3ea,c1aa29c0-9b13-4d2d-b612-f92e67f663f0,,INV-001685,Invoice for Products,viewed,2026-05-11,2026-09-20,2026-02-10T13:52:57.367107,,26381.23,15,3957.18,30338.41,0,30338.41,USD,Thank you for your business!,d25dc90e-30b7-43c1-9cae-e71bb0476863,2026-02-14T00:27:23.367114,
bb1622fe-294c-4122-9cb9-b48291093d78,2742825a-3e35-4f86-ae5a-aca92762e3ea,c9b62aca-51c4-4b70-b6ba-95238a91ac9d,,INV-001686,Invoice for Subscription,sent,2025-12-27,2026-11-01,2026-05-08T13:36:00.367141,,89916.05,7.5,6743.7,96659.75,0,96659.75,USD,,,2025-11-01T10:42:57.367147,
9b32cad8-da56-41da-809e-f22082f7b82a,2742825a-3e35-4f86-ae5a-aca92762e3ea,,,INV-001687,Invoice for Products,draft,2026-07-26,2026-09-10,,,60210.32,7.5,4515.77,64726.09,0,64726.09,USD,Thank you for your business!,,2025-11-29T09:45:51.367178,
6971d775-dd70-4794-ae11-856abd5b55c3,2742825a-3e35-4f86-ae5a-aca92762e3ea,2718c84d-524f-44d3-97a3-2fe19bcfa0c3,5d4ee9e0-4967-44f9-a045-b1b4616c0718,INV-001688,Invoice for Consulting,viewed,2026-01-16,2026-11-13,2026-06-12T08:03:19.367206,,49419.96,10,4942.0,54361.96,0,54361.96,USD,,dd3a6891-4a2d-479f-a513-a3a8be262318,2025-10-02T23:57:10.367213,
0830435f-eb23-4095-b100-09cf8acd498e,2742825a-3e35-4f86-ae5a-aca92762e3ea,5d2add4a-777b-4c0e-a9ef-84b2d092a728,,INV-001689,Invoice for Support,sent,2025-09-11,2027-01-20,2026-02-23T17:10:55.367240,,97228.85,15,14584.33,111813.18,0,111813.18,USD,Thank you for your business!,71197fa3-89cd-4f7a-abf5-343419d1e427,2026-03-07T00:54:15.367247,
4e357754-c210-4944-bdb2-07fde89cde2d,2742825a-3e35-4f86-ae5a-aca92762e3ea,74f0ea15-e933-4376-bdd4-7a1fbd5c56e3,,INV-001690,Invoice for Subscription,cancelled,2026-06-17,2026-11-20,2026-04-12T11:46:28.367278,,62728.62,7.5,4704.65,67433.27,0,67433.27,USD,Thank you for your business!,,2025-09-30T05:10:38.367283,
51e98a18-6f17-4304-84eb-cecc18e12c4f,2742825a-3e35-4f86-ae5a-aca92762e3ea,5d82f9c9-8387-44e8-ae19-76f6314a3790,69b423a6-6216-4d81-a149-b000ba2749a4,INV-001691,Invoice for Consulting,cancelled,2026-02-19,2027-01-25,2026-02-27T01:35:31.367311,,93727.72,10,9372.77,103100.49,0,103100.49,USD,,,2025-09-30T01:18:45.367317,
9788e346-d98d-44d5-89ca-3bcc3622e6cf,2742825a-3e35-4f86-ae5a-aca92762e3ea,,7adacfc7-6977-482d-a387-083525455854,INV-001692,Invoice for Services,paid,2025-09-08,2027-01-04,2026-03-03T12:19:20.367343,2026-06-12T23:35:49.367348,33644.08,10,3364.41,37008.49,37008.49,0,USD,,5c683984-23d8-40fd-907c-d9e082a3294c,2026-05-12T17:46:30.367356,
64a11618-9a35-43cb-a123-43eb1f699927,2742825a-3e35-4f86-ae5a-aca92762e3ea,5b30cad9-3ed9-424f-9a44-02323f3dd3f4,8476e161-5248-4699-9db5-966bc2e65520,INV-001693,Invoice for Consulting,overdue,2026-02-09,2027-01-26,2026-03-27T23:54:38.367388,,73381.65,0,0.0,73381.65,0,73381.65,USD,Thank you for your business!,,2026-06-09T20:31:47.367394,
be3bbb73-0b54-43a4-9b7e-327dd88bde26,2742825a-3e35-4f86-ae5a-aca92762e3ea,,,INV-001694,Invoice for Services,overdue,2026-01-21,2026-12-24,2026-06-03T07:08:15.367419,,37044.2,0,0.0,37044.2,0,37044.2,USD,Thank you for your business!,f84cb22e-4b79-487f-9891-57cd2a5af31e,2025-08-22T18:45:33.367426,
b721c8ce-b4c7-4fb5-a770-fa1bf51b81e7,2742825a-3e35-4f86-ae5a-aca92762e3ea,,,INV-001695,Invoice for Consulting,overdue,2026-06-05,2026-11-27,2026-07-13T09:58:58.367457,,71746.86,5,3587.34,75334.2,0,75334.2,USD,,,2025-11-16T10:35:22.367463,
05da90c0-1ba6-481b-872d-cd7c35d51788,2742825a-3e35-4f86-ae5a-aca92762e3ea,,,INV-001696,Invoice for Products,cancelled,2025-12-04,2026-11-24,2026-07-03T15:56:12.367489,,22273.48,10,2227.35,24500.83,0,24500.83,USD,Thank you for your business!,80f75601-6310-40aa-b123-df66eba75b0e,2026-05-26T21:36:47.367496,
bc602599-a9e8-44ea-85c0-ba404a556bdd,2742825a-3e35-4f86-ae5a-aca92762e3ea,7d8e0809-0b77-4f34-8e4c-369a537b937a,,INV-001697,Invoice for Services,overdue,2026-01-16,2026-09-17,2026-04-19T15:44:39.367523,,27604.49,10,2760.45,30364.94,0,30364.94,USD,Thank you for your business!,acf5b85e-e46f-4287-91ed-0f483c1dddea,2026-08-04T10:51:53.367530,
1d8f3147-93f7-4bf0-aabd-2f6b1cac3dd1,2742825a-3e35-4f86-ae5a-aca92762e3ea,4137ecde-ba4f-4b61-a20e-10bab3efe82c,7adb1254-a573-4e9b-adb1-92f7a395c2ff,INV-001698,Invoice for Products,overdue,2026-03-08,2026-10-09,2026-03-08T07:47:41.367567,,45449.81,5,2272.49,47722.3,0,47722.3,USD,Thank you for your business!,,2025-09-15T01:46:40.367573,
97107870-98bd-47a7-97da-0ac93f3d12cc,2742825a-3e35-4f86-ae5a-aca92762e3ea,1cc996b6-152e-42f8-8163-1f2944d0b494,68ed22d9-f43e-4bb9-b61b-05568ed13b31,INV-001699,Invoice for Products,paid,2025-11-14,2027-01-24,2026-02-11T12:03:22.367601,2026-05-01T03:12:28.367606,7012.87,10,701.29,7714.16,7714.16,0,USD,Thank you for your business!,,2026-04-22T21:29:51.367612,
f6b49263-111a-4768-afa9-28a0999c7729,2742825a-3e35-4f86-ae5a-aca92762e3ea,b1e7c9a7-fc1d-45e0-aa4c-fdc11cc51d8e,,INV-001700,Invoice for Products,draft,2025-08-11,2026-10-21,,,19680.93,20,3936.19,23617.12,0,23617.12,USD,,,2025-11-29T22:37:24.367639,
4ff11a64-3f19-4ac9-b0a2-7a07e87f7961,2742825a-3e35-4f86-ae5a-aca92762e3ea,91d20e76-fec3-4545-bc64-b924233afd0a,,INV-001701,Invoice for Subscription,viewed,2026-05-07,2026-11-30,2026-08-02T19:20:15.367666,,15545.62,7.5,1165.92,16711.54,0,16711.54,USD,Thank you for your business!,,2025-08-09T11:04:44.367672,
c0a54cb1-e325-479a-abc6-8d50da098690,2742825a-3e35-4f86-ae5a-aca92762e3ea,40b3ed7a-eea1-4ebf-a08a-cec9feef7d89,,INV-001702,Invoice for Products,sent,2026-02-27,2026-09-07,2026-05-11T07:11:43.367698,,17986.39,15,2697.96,20684.35,0,20684.35,USD,,7d227167-c8e5-4a77-b7da-0721b8a3417d,2025-08-18T12:25:38.367705,
c4d04345-618c-4428-a8b0-f374ddf3e63f,2742825a-3e35-4f86-ae5a-aca92762e3ea,00f6c9a3-ee80-49c8-a2e1-32994205cc86,80bffb4d-ca19-4182-bcdd-94d9f3556692,INV-001703,Invoice for Services,overdue,2026-08-02,2026-08-31,2026-06-07T19:56:25.367737,,83494.0,8,6679.52,90173.52,0,90173.52,USD,Thank you for your business!,1bdb2748-2234-4fc9-8468-53ecf558df65,2025-09-03T07:31:28.367743,
a3e4402f-b0c3-4461-990a-3ccf14bb953f,2742825a-3e35-4f86-ae5a-aca92762e3ea,d00f1c3d-604d-41cc-ba81-9ec08f303048,d9427b15-69b9-43fc-8308-badf7f642a75,INV-001704,Invoice for Products,paid,2026-05-24,2026-09-15,2026-06-10T22:27:33.367800,2026-06-05T03:21:52.367805,89748.65,7.5,6731.15,96479.8,96479.8,0,USD,,,2025-08-31T01:08:08.367811,
88d6eb0e-b2c6-4173-bf7d-e7c9b1ff6829,2742825a-3e35-4f86-ae5a-aca92762e3ea,4c6ee272-ddb3-4940-85ee-d752b4ff2903,,INV-001705,Invoice for Consulting,paid,2025-09-22,2026-11-06,2026-07-04T05:17:08.367838,2026-05-15T10:49:44.367843,49790.25,15,7468.54,57258.79,57258.79,0,USD,,,2025-09-07T07:00:21.367849,
c07ccc48-4008-4d86-a7c5-103ba036a2e2,2742825a-3e35-4f86-ae5a-aca92762e3ea,f7f6b27a-78d6-4ec7-9669-ac00cfdc195f,,INV-001706,Invoice for Consulting,draft,2026-04-05,2027-01-12,,,26170.15,7.5,1962.76,28132.91,0,28132.91,USD,,,2025-12-03T21:29:42.367881,
91c4a36b-335e-4a6d-aa8a-677a6f434f5c,2742825a-3e35-4f86-ae5a-aca92762e3ea,,,INV-001707,Invoice for Products,cancelled,2025-12-27,2026-09-26,2026-05-05T01:08:58.367907,,30715.4,0,0.0,30715.4,0,30715.4,USD,Thank you for your business!,,2026-05-07T23:17:37.367913,
ad8270b3-55b9-4fcc-b2d8-4a7f585677d8,2742825a-3e35-4f86-ae5a-aca92762e3ea,4aa9798a-4d18-4771-a7cd-90130ead9233,,INV-001708,Invoice for Consulting,draft,2025-11-07,2026-08-13,,,62518.91,7.5,4688.92,67207.83,0,67207.83,USD,Thank you for your business!,,2026-04-23T00:29:48.367944,
31bca6ba-d5a4-4c41-9e5d-807119d51013,2742825a-3e35-4f86-ae5a-aca92762e3ea,c4063221-12dc-4d70-a6a1-812b950fae5c,,INV-001709,Invoice for Products,sent,2026-07-16,2026-11-06,2026-07-01T12:48:51.367972,,86722.65,10,8672.26,95394.91,0,95394.91,USD,,,2025-09-27T14:01:05.367978,
e113f245-30ae-464c-8db6-c3e761c9a484,2742825a-3e35-4f86-ae5a-aca92762e3ea,,,INV-001710,Invoice for Support,cancelled,2025-12-07,2026-10-03,2026-04-13T08:07:31.368004,,88864.52,8,7109.16,95973.68,0,95973.68,USD,,,2025-11-01T23:35:27.368010,
a8bd1e30-fca0-4b76-a27f-8ca2d4819185,2742825a-3e35-4f86-ae5a-aca92762e3ea,4fcd8f42-72b3-4807-acd5-d4d9fbfcbf8f,,INV-001711,Invoice for Subscription,draft,2025-12-11,2026-10-30,,,19636.98,0,0.0,19636.98,0,19636.98,USD,Thank you for your business!,ad3f7941-cf22-48d8-94f4-b30ab2e29f5a,2025-09-21T10:23:28.368037,
de88513d-a7dc-447c-8536-4a37c66dd5eb,2742825a-3e35-4f86-ae5a-aca92762e3ea,,,INV-001712,Invoice for Subscription,viewed,2025-12-09,2026-08-31,2026-03-19T19:23:30.368066,,31076.6,8,2486.13,33562.73,0,33562.73,USD,,,2026-03-01T23:39:06.368072,
ea8a4d71-ab7f-488d-8e1a-f30429e35f20,2742825a-3e35-4f86-ae5a-aca92762e3ea,,,INV-001713,Invoice for Subscription,sent,2026-03-21,2026-12-28,2026-04-24T09:02:58.368097,,12592.62,10,1259.26,13851.88,0,13851.88,USD,Thank you for your business!,25582f29-efc0-4e56-98b5-e202539a28dc,2026-03-01T09:39:21.368104,
cefff48a-64ad-4852-8da7-c27275765990,2742825a-3e35-4f86-ae5a-aca92762e3ea,,,INV-001714,Invoice for Subscription,paid,2026-04-13,2026-11-09,2026-03-11T16:03:59.368134,2026-05-17T22:00:04.368140,90543.55,10,9054.35,99597.9,99597.9,0,USD,,,2026-01-14T04:33:33.368149,
bf163f3e-da4e-4b6d-9d00-b29d01f3fd95,2742825a-3e35-4f86-ae5a-aca92762e3ea,,,INV-001715,Invoice for Consulting,draft,2026-04-16,2026-11-10,,,78949.12,0,0.0,78949.12,0,78949.12,USD,,,2025-12-11T03:52:10.368175,
5b00ae13-2825-4342-853f-ab94b151a2ec,2742825a-3e35-4f86-ae5a-aca92762e3ea,,,INV-001716,Invoice for Services,partial,2026-05-31,2027-01-10,2026-07-18T04:29:50.368200,,62822.66,0,0.0,62822.66,31411.33,31411.33,USD,Thank you for your business!,,2026-02-11T07:11:38.368206,
b9e9f9a0-d9cf-4ed1-9e24-5cec8e037317,2742825a-3e35-4f86-ae5a-aca92762e3ea,72df5157-79d5-4561-ad86-19b203f05b8c,,INV-001717,Invoice for Services,partial,2025-12-14,2026-10-24,2026-07-26T09:35:56.368236,,80662.92,5,4033.15,84696.07,42348.035,42348.035,USD,,,2025-10-16T13:17:39.368241,
ef821e2b-5047-436a-b46a-cba7f1312cea,2742825a-3e35-4f86-ae5a-aca92762e3ea,d0d76ebe-49cb-4541-97fc-7a64a97d92c6,,INV-001718,Invoice for Support,viewed,2026-06-28,2026-08-10,2026-04-30T15:29:52.368268,,91691.39,8,7335.31,99026.7,0,99026.7,USD,,,2026-02-21T13:18:58.368273,
19cac968-b074-492c-8c41-e85af2adca0b,2742825a-3e35-4f86-ae5a-aca92762e3ea,4c0ac36f-9e9f-4383-83e4-c80b4a0a9da6,,INV-001719,Invoice for Subscription,paid,2025-11-07,2026-12-29,2026-03-14T09:00:54.368306,2026-07-24T19:32:49.368312,44325.46,20,8865.09,53190.55,53190.55,0,USD,Thank you for your business!,,2025-09-20T15:25:55.368317,
c3fa7ded-208f-44c8-ac0c-8139e133b789,2742825a-3e35-4f86-ae5a-aca92762e3ea,7c963610-45d0-4914-9d05-c820d58fb8fb,,INV-001720,Invoice for Support,sent,2026-08-07,2027-01-15,2026-05-29T11:09:30.368344,,87891.82,0,0.0,87891.82,0,87891.82,USD,,,2026-01-03T23:43:46.368350,
69063702-6890-474c-b1fa-4f536d6bbd67,2742825a-3e35-4f86-ae5a-aca92762e3ea,,,INV-001721,Invoice for Subscription,draft,2026-04-06,2026-08-09,,,14861.58,10,1486.16,16347.74,0,16347.74,USD,Thank you for your business!,9a924d3f-a591-46d0-aa8f-62456a7704a1,2026-04-29T22:18:04.368381,
bea0a1d3-d07a-4e43-8c8d-101672b2b49f,2742825a-3e35-4f86-ae5a-aca92762e3ea,,,INV-001722,Invoice for Support,sent,2026-02-09,2026-11-03,2026-06-30T08:33:05.368421,,6775.88,8,542.07,7317.95,0,7317.95,USD,,7490cb00-f206-468d-8243-3192adae73dd,2025-12-12T01:13:38.368429,
d465fa3e-45fd-4c6a-9378-6c64a34aa7f1,2742825a-3e35-4f86-ae5a-aca92762e3ea,87b9e910-9ee4-469b-bb10-338f9acbf7b0,,INV-001723,Invoice for Services,viewed,2026-07-12,2026-11-09,2026-07-30T15:40:18.368462,,37702.8,0,0.0,37702.8,0,37702.8,USD,Thank you for your business!,,2025-09-21T20:19:09.368468,
50c22456-f612-488c-97d8-12086e37dd67,2742825a-3e35-4f86-ae5a-aca92762e3ea,539be60d-d2ce-43fe-bb7a-8d06a686411f,,INV-001724,Invoice for Products,sent,2026-06-22,2026-12-16,2026-02-05T08:18:46.368499,,6992.05,0,0.0,6992.05,0,6992.05,USD,,,2026-06-19T18:35:34.368506,
fdfa26ee-68f6-4fc0-8a97-54e27a4f6ece,2742825a-3e35-4f86-ae5a-aca92762e3ea,,,INV-001725,Invoice for Services,overdue,2026-04-03,2026-08-28,2026-02-25T15:43:25.368531,,49867.36,7.5,3740.05,53607.41,0,53607.41,USD,Thank you for your business!,6440fd92-3c4d-40f3-be19-32fd4b55763b,2025-12-07T00:50:02.368537,
9152219c-e9eb-4b08-a43f-97444a2d1e36,2742825a-3e35-4f86-ae5a-aca92762e3ea,,8e84c516-e821-4f22-a859-f8b506b61bcf,INV-001726,Invoice for Subscription,cancelled,2025-10-24,2026-12-31,2026-03-27T22:58:30.368563,,63526.85,10,6352.69,69879.54,0,69879.54,USD,Thank you for your business!,,2025-12-18T20:13:01.368569,
951d4080-15c5-4f79-b68f-ad7c5289c6be,2742825a-3e35-4f86-ae5a-aca92762e3ea,4128d1ae-8467-454f-a0ee-8761494f935c,70d8273d-371b-4945-8681-3f55965202af,INV-001727,Invoice for Consulting,partial,2025-10-04,2026-10-03,2026-03-06T23:02:44.368597,,4737.03,0,0.0,4737.03,2368.515,2368.515,USD,,,2025-12-22T21:13:19.368603,
cfa883bb-8dcb-4555-8f25-6ee9d4316a55,2742825a-3e35-4f86-ae5a-aca92762e3ea,8c85451a-a4ea-4ebb-82b4-53bf3447e668,3a761bd5-e4f9-4414-8cf3-80a871ed6f55,INV-001728,Invoice for Support,cancelled,2026-06-06,2026-10-27,2026-03-04T00:31:26.368630,,82963.49,15,12444.52,95408.01,0,95408.01,USD,Thank you for your business!,,2025-11-16T18:38:04.368636,
6506be95-1ea7-4f4c-a2ed-5a42889f680f,2742825a-3e35-4f86-ae5a-aca92762e3ea,c4207844-3d22-4d83-9807-e4d0ab9f3e84,1ba2d23b-6f83-4c0e-8a42-0fce6585cfbf,INV-001729,Invoice for Consulting,sent,2026-02-14,2026-09-03,2026-04-16T23:53:42.368668,,5111.73,7.5,383.38,5495.11,0,5495.11,USD,Thank you for your business!,,2026-07-02T12:52:07.368674,
b472e58b-6d66-47d0-90c6-bb50a77d7d5f,2742825a-3e35-4f86-ae5a-aca92762e3ea,,8241626f-e1be-440f-9113-f166a9b6d027,INV-001730,Invoice for Products,overdue,2026-04-02,2026-09-13,2026-07-06T21:02:58.368700,,13724.06,5,686.2,14410.26,0,14410.26,USD,Thank you for your business!,,2026-05-22T01:32:16.368706,
1361f676-b0aa-48c6-be60-68a945c498fa,2742825a-3e35-4f86-ae5a-aca92762e3ea,2980abe7-9421-45c6-9bb4-feb8892dc8a1,,INV-001731,Invoice for Consulting,sent,2025-08-19,2026-10-25,2026-04-03T12:10:58.368733,,28845.31,5,1442.27,30287.58,0,30287.58,USD,,,2026-07-04T07:05:00.368738,
ac7c7da0-222f-4a0f-b005-939dd36b0e9a,2742825a-3e35-4f86-ae5a-aca92762e3ea,142e473e-c0ff-4aab-9370-b9bcc725285c,,INV-001732,Invoice for Services,sent,2026-01-24,2027-01-02,2026-06-07T19:48:12.368769,,56828.27,7.5,4262.12,61090.39,0,61090.39,USD,,,2025-08-08T22:03:17.368774,
19bad361-ea16-4c3d-b867-0962f9341394,2742825a-3e35-4f86-ae5a-aca92762e3ea,,,INV-001733,Invoice for Subscription,cancelled,2025-12-16,2026-09-01,2026-06-09T23:17:49.368800,,93381.92,10,9338.19,102720.11,0,102720.11,USD,Thank you for your business!,,2026-02-04T23:37:50.368806,
ec9fafc5-71dd-4d21-98aa-4e0cd1b3c715,2742825a-3e35-4f86-ae5a-aca92762e3ea,600cfc2c-f730-4b03-abf5-f6c3f0bd1395,83d7e6dc-0357-4794-971e-8267142f2d15,INV-001734,Invoice for Subscription,overdue,2026-04-15,2026-08-13,2026-06-28T00:27:38.368837,,46519.17,7.5,3488.94,50008.11,0,50008.11,USD,Thank you for your business!,,2025-08-20T20:26:38.368843,
b3f3b17e-f479-40dd-8624-1b58cef6472c,2742825a-3e35-4f86-ae5a-aca92762e3ea,,,INV-001735,Invoice for Support,partial,2025-09-09,2027-01-15,2026-02-18T21:22:20.368868,,6086.17,0,0.0,6086.17,3043.085,3043.085,USD,Thank you for your business!,e2e7c2b4-81e4-42ef-ac89-13f7271ce055,2025-12-10T05:55:42.368875,
99732cc5-573c-4b70-adc2-26c1c5c7ac82,2742825a-3e35-4f86-ae5a-aca92762e3ea,7176eef7-0518-4897-a070-96eed6e70a3b,,INV-001736,Invoice for Consulting,draft,2025-12-14,2026-12-26,,,61046.93,0,0.0,61046.93,0,61046.93,USD,Thank you for your business!,,2026-04-14T04:41:39.368902,
9643cdec-9d14-4025-a39c-6d08f370d988,2742825a-3e35-4f86-ae5a-aca92762e3ea,d1253431-c5b0-4754-a69c-d56356221110,,INV-001737,Invoice for Products,partial,2026-01-31,2026-09-26,2026-05-15T14:07:55.368932,,44124.7,7.5,3309.35,47434.05,23717.025,23717.025,USD,,,2026-02-19T03:11:14.368938,
264b5278-03af-4d3f-aa4a-5976680c4772,2742825a-3e35-4f86-ae5a-aca92762e3ea,df48d84b-a72d-4d64-8938-0b456bde7eb4,b2e00c33-e1c6-4864-8aad-5905b55d5a02,INV-001738,Invoice for Products,partial,2026-02-11,2026-11-06,2026-04-12T08:32:32.368965,,91002.75,7.5,6825.21,97827.96,48913.98,48913.98,USD,Thank you for your business!,,2026-03-30T14:03:39.368971,
63be55ef-a06b-4b11-950b-55c791372c97,2742825a-3e35-4f86-ae5a-aca92762e3ea,c3d9c9a4-7a1e-4c2a-bbdb-f1c16bb0f50b,2a90f919-ac29-4cce-af9f-a0a121d0d4df,INV-001739,Invoice for Support,overdue,2026-01-26,2026-10-30,2026-06-27T00:23:43.368999,,78466.22,10,7846.62,86312.84,0,86312.84,USD,Thank you for your business!,,2025-12-18T19:31:46.369005,
12f1a48e-045b-42d2-9ee6-59bc415019b7,2742825a-3e35-4f86-ae5a-aca92762e3ea,8c085596-b4df-408c-8c50-05ab339522b4,ca7e61f1-a88f-42db-bdb9-2a366795a436,INV-001740,Invoice for Support,cancelled,2025-08-22,2026-11-05,2026-06-03T17:26:56.369036,,12435.75,20,2487.15,14922.9,0,14922.9,USD,,7988420c-5d78-49c4-b0b7-1fa5aa9803df,2026-07-08T08:27:58.369043,
7794ef16-a5c2-48cc-8d7d-5e5279ef82e0,2742825a-3e35-4f86-ae5a-aca92762e3ea,7d610b94-e430-47d6-8091-bfa411f78021,,INV-001741,Invoice for Consulting,sent,2026-06-26,2026-11-28,2026-04-25T21:11:11.369070,,73401.53,7.5,5505.11,78906.64,0,78906.64,USD,Thank you for your business!,,2025-08-08T16:18:01.369076,
795d828b-87c1-4639-97cf-56def0d7cfe0,2742825a-3e35-4f86-ae5a-aca92762e3ea,1e5423e3-08dd-4bf5-b011-f916a74b26e5,72ef423a-e2e4-4f4d-be1d-8c483f4e0a53,INV-001742,Invoice for Subscription,overdue,2026-01-08,2026-08-13,2026-06-27T09:26:49.369103,,15876.7,5,793.84,16670.54,0,16670.54,USD,Thank you for your business!,273e187a-89c2-4ceb-8143-c513a4ec7ead,2026-05-04T13:33:07.369109,
01738e29-11ba-49af-b8e8-3873abd2736c,2742825a-3e35-4f86-ae5a-aca92762e3ea,,,INV-001743,Invoice for Consulting,partial,2025-09-20,2026-10-19,2026-05-10T19:29:07.369135,,77145.85,5,3857.29,81003.14,40501.57,40501.57,USD,,b28d55b8-cfeb-4ef1-b936-71d8d7f61ca9,2026-07-28T07:14:44.369142,
673f2a5a-1730-4c4a-a357-4b2934dc6680,2742825a-3e35-4f86-ae5a-aca92762e3ea,d9370098-86d7-4245-ab73-edb2bfcf06de,d70f5ead-2e51-431b-b740-9c87931cc68f,INV-001744,Invoice for Support,viewed,2026-03-25,2026-11-11,2026-03-21T15:58:29.369169,,89091.77,5,4454.59,93546.36,0,93546.36,USD,,,2026-05-06T12:36:19.369175,
e7e1df26-8b26-4779-bc7c-8e74a1d655cc,2742825a-3e35-4f86-ae5a-aca92762e3ea,4228bf99-a424-4126-a961-07e38e02a7e4,,INV-001745,Invoice for Products,partial,2026-05-07,2026-12-21,2026-04-30T05:06:29.369205,,25458.26,20,5091.65,30549.91,15274.955,15274.955,USD,Thank you for your business!,,2025-11-03T08:49:23.369211,
f7e1f5f7-882e-4b94-816e-3b5e37b76d0c,2742825a-3e35-4f86-ae5a-aca92762e3ea,e1023a6f-18e0-4ec9-aedf-1ff04edbb61c,9eb98f94-c631-4ae6-8cc9-892fe46e91fa,INV-001746,Invoice for Support,overdue,2025-10-06,2027-01-17,2026-04-21T02:47:35.369238,,90593.33,20,18118.67,108712.0,0,108712.0,USD,,b099aecb-2495-4e9e-9f5a-8f36b6d2a742,2026-06-05T23:15:51.369245,
4f586fed-3331-4d22-8e5a-7511684de37a,2742825a-3e35-4f86-ae5a-aca92762e3ea,,,INV-001747,Invoice for Support,paid,2026-07-16,2027-01-23,2026-04-06T08:46:33.369270,2026-07-13T22:06:52.369275,49449.36,5,2472.47,51921.83,51921.83,0,USD,Thank you for your business!,,2026-05-07T23:26:02.369281,
d2a5a24e-ea23-4faf-acfb-01caa51e984c,2742825a-3e35-4f86-ae5a-aca92762e3ea,,,INV-001748,Invoice for Services,viewed,2025-08-18,2026-10-25,2026-05-23T09:54:53.369306,,72478.63,7.5,5435.9,77914.53,0,77914.53,USD,Thank you for your business!,,2025-11-26T20:02:55.369312,
fb052809-ddfd-4eee-98e5-43661fd6b4d3,2742825a-3e35-4f86-ae5a-aca92762e3ea,64dfe40b-e257-4434-bab5-23ef5e0046db,88d5c11d-fa31-429d-891c-fac3725f1364,INV-001749,Invoice for Products,draft,2026-05-22,2026-08-27,,,21937.3,0,0.0,21937.3,0,21937.3,USD,,,2025-10-07T20:41:40.369348,
00396697-3465-4faf-afec-77a36a852e17,2742825a-3e35-4f86-ae5a-aca92762e3ea,24f89737-90df-4541-9290-d6ac1086f2b4,,INV-001750,Invoice for Subscription,cancelled,2025-09-26,2026-11-22,2026-07-25T09:26:38.369378,,26291.13,15,3943.67,30234.8,0,30234.8,USD,Thank you for your business!,,2026-03-04T15:47:19.369384,
ec5205ff-df5b-48aa-9f6f-6581977d6c2b,2742825a-3e35-4f86-ae5a-aca92762e3ea,d043b77d-52c2-45ca-aa3b-ead6eeab11fc,,INV-001751,Invoice for Services,cancelled,2025-12-01,2026-09-08,2026-05-14T16:43:37.369410,,48402.11,20,9680.42,58082.53,0,58082.53,USD,,,2025-11-04T02:12:01.369416,
1ca3c209-8c56-4299-8ee7-7e9500279595,2742825a-3e35-4f86-ae5a-aca92762e3ea,880a8bc4-6bf5-4db0-905b-bff491131e35,b2e00c33-e1c6-4864-8aad-5905b55d5a02,INV-001752,Invoice for Support,draft,2025-09-12,2026-12-14,,,99772.1,8,7981.77,107753.87,0,107753.87,USD,,,2025-12-20T03:19:26.369442,
ee1fb28d-773f-4d90-b315-2fbbbb0d6079,2742825a-3e35-4f86-ae5a-aca92762e3ea,0f8762b3-325b-4008-b137-f0b1fcf784f8,e8f33b45-10be-4201-98d5-bcab2ce5971e,INV-001753,Invoice for Support,viewed,2025-11-30,2026-12-22,2026-03-09T16:33:13.369492,,13228.53,15,1984.28,15212.81,0,15212.81,USD,,,2026-03-12T16:27:57.369498,
9373ac2b-e5eb-47c9-adf2-7f81ee714ca7,2742825a-3e35-4f86-ae5a-aca92762e3ea,,2b083633-aaaf-488e-bbcb-87b4666406a4,INV-001754,Invoice for Consulting,partial,2026-02-20,2026-10-19,2026-04-25T00:19:33.369524,,9912.64,5,495.63,10408.27,5204.135,5204.135,USD,Thank you for your business!,,2025-10-08T01:07:34.369530,
a5b7fba3-6f35-4461-8a7e-57a98d643526,2742825a-3e35-4f86-ae5a-aca92762e3ea,e8c6852d-243d-40f0-9295-6c32dacd1a11,,INV-001755,Invoice for Services,draft,2026-05-18,2026-10-13,,,85054.59,20,17010.92,102065.51,0,102065.51,USD,,,2025-08-29T10:37:45.369561,
dde90f8b-f87a-4f4b-9405-bab0b0db53e1,2742825a-3e35-4f86-ae5a-aca92762e3ea,6e7a7e12-773f-433a-a80b-b2aa74dc62e9,,INV-001756,Invoice for Subscription,overdue,2026-05-05,2026-09-05,2026-04-07T13:18:50.369587,,35517.75,10,3551.78,39069.53,0,39069.53,USD,Thank you for your business!,c367b9e7-b94c-4859-9b9b-1e2d1e99722b,2025-12-17T02:16:19.369594,
bb4ab578-b775-4442-b12e-710c3ba5c7c8,2742825a-3e35-4f86-ae5a-aca92762e3ea,6e4ef958-d502-44d0-8862-c1bf634dc85a,,INV-001757,Invoice for Products,sent,2025-11-05,2026-11-21,2026-04-05T19:21:15.369622,,36380.6,7.5,2728.55,39109.15,0,39109.15,USD,Thank you for your business!,,2026-03-21T07:36:13.369628,
7ac259b4-4258-4db2-8f8b-2a0efd1750f6,2742825a-3e35-4f86-ae5a-aca92762e3ea,677c5462-f604-488b-949c-c016ff2899eb,,INV-001758,Invoice for Consulting,viewed,2026-02-26,2026-08-09,2026-05-09T23:58:59.369654,,37864.81,0,0.0,37864.81,0,37864.81,USD,,,2026-05-22T05:36:08.369660,
a9ac2bc4-6899-45e8-bb55-4fa2c2740f08,2742825a-3e35-4f86-ae5a-aca92762e3ea,c3e6d794-5b0e-4b07-b671-9eb57757e899,,INV-001759,Invoice for Subscription,cancelled,2026-02-27,2026-10-19,2026-04-13T13:53:28.369689,,45442.46,8,3635.4,49077.86,0,49077.86,USD,,,2025-12-09T17:39:31.369695,
4e932d6f-336a-4b44-89ff-b52274a80a52,2742825a-3e35-4f86-ae5a-aca92762e3ea,,,INV-001760,Invoice for Support,paid,2026-03-28,2026-09-19,2026-02-13T07:40:09.369720,2026-04-24T21:17:22.369726,18272.16,0,0.0,18272.16,18272.16,0,USD,,5d094a16-0b7d-4a33-b3d6-c8760bb70545,2025-09-13T23:42:07.369732,
eb0b019f-2ed1-4b29-a0d9-4dd640e04940,2742825a-3e35-4f86-ae5a-aca92762e3ea,97d3a579-a5cd-4306-ac06-f2d30c5a011c,,INV-001761,Invoice for Consulting,draft,2026-06-04,2026-08-18,,,14086.29,5,704.31,14790.6,0,14790.6,USD,Thank you for your business!,,2026-06-23T14:07:57.369765,
e21a2f60-bfc1-45ef-8d95-245eb105f8ce,2742825a-3e35-4f86-ae5a-aca92762e3ea,552c85bd-b059-473a-8055-9c37afa776bd,,INV-001762,Invoice for Services,paid,2025-11-14,2027-02-02,2026-04-03T11:38:18.369790,2026-05-10T15:18:51.369796,41061.5,7.5,3079.61,44141.11,44141.11,0,USD,,,2025-10-09T06:14:18.369801,
264d7ce1-9e2c-46c3-b9f1-472d5793b3ad,2742825a-3e35-4f86-ae5a-aca92762e3ea,,,INV-001763,Invoice for Subscription,overdue,2025-12-16,2026-09-09,2026-04-06T03:46:08.369826,,95808.92,8,7664.71,103473.63,0,103473.63,USD,,6469bebc-19bd-4d33-aa48-5a8d44689584,2025-11-09T20:30:51.369833,
3443f507-08a9-47e3-a0e2-af324165fbd7,2742825a-3e35-4f86-ae5a-aca92762e3ea,96f800ac-910e-4142-a543-3ad7c88035b3,aaec3262-4226-4b6c-be4a-0d0519cad910,INV-001764,Invoice for Subscription,cancelled,2026-05-05,2026-10-27,2026-03-16T03:02:04.369860,,24400.78,0,0.0,24400.78,0,24400.78,USD,Thank you for your business!,,2026-03-24T23:59:33.369866,
a3d24806-6ef8-4811-b37a-08998eb91876,2742825a-3e35-4f86-ae5a-aca92762e3ea,,,INV-001765,Invoice for Services,draft,2025-11-21,2026-11-19,,,35886.92,5,1794.35,37681.27,0,37681.27,USD,,,2025-09-28T13:48:35.369891,
339407ac-2dcb-4a4a-b09c-28e36d458019,2742825a-3e35-4f86-ae5a-aca92762e3ea,6cacaf6a-fdf3-4655-91eb-26bcc468dc92,,INV-001766,Invoice for Services,viewed,2025-12-22,2026-12-29,2026-04-08T19:27:44.369920,,32423.21,0,0.0,32423.21,0,32423.21,USD,Thank you for your business!,,2025-11-17T16:20:53.369926,
00b23543-06d3-4c69-94e5-c7504a3a890f,2742825a-3e35-4f86-ae5a-aca92762e3ea,,a227bc78-18c0-40d7-b089-f652cee8527f,INV-001767,Invoice for Support,overdue,2026-03-27,2026-09-23,2026-06-20T09:06:39.369960,,25157.43,20,5031.49,30188.92,0,30188.92,USD,,,2026-07-25T16:40:29.369967,
a4ff76ac-d6ff-490b-b5d3-0b3b97032214,2742825a-3e35-4f86-ae5a-aca92762e3ea,,067fd4ef-8bdb-419d-bb82-82821ad2f0b8,INV-001768,Invoice for Subscription,overdue,2025-12-03,2026-10-18,2026-05-27T05:24:12.369993,,79407.1,20,15881.42,95288.52,0,95288.52,USD,,,2025-08-15T06:10:36.369999,
f8e90928-ecfb-46a6-9e5e-9d58134b1d95,2742825a-3e35-4f86-ae5a-aca92762e3ea,f54c6afa-17a6-4630-be32-de4a0259a5da,0260ef90-aaad-4d7f-9854-d900180ce468,INV-001769,Invoice for Support,sent,2026-03-30,2026-09-01,2026-03-19T05:54:56.370030,,8648.99,5,432.45,9081.44,0,9081.44,USD,Thank you for your business!,,2026-04-07T16:17:54.370036,
91b27ce5-2611-41c8-ae8d-1946ad22a2a9,2742825a-3e35-4f86-ae5a-aca92762e3ea,,9ac528e7-5b64-4371-93bc-38e9599dbdb7,INV-001770,Invoice for Products,partial,2026-03-17,2026-10-06,2026-05-31T04:17:12.370062,,31159.15,5,1557.96,32717.11,16358.555,16358.555,USD,,,2026-03-24T06:40:56.370068,
a8e2068c-884c-40d7-8371-913281603653,2742825a-3e35-4f86-ae5a-aca92762e3ea,bc374dc0-0bf5-4b5d-ba37-d1dbd3806f07,,INV-001771,Invoice for Services,draft,2026-02-13,2026-11-06,,,33119.25,7.5,2483.94,35603.19,0,35603.19,USD,,,2026-03-16T08:26:42.370109,
6b48ded5-ff19-4612-92e3-3984f4b2671f,2742825a-3e35-4f86-ae5a-aca92762e3ea,,,INV-001772,Invoice for Consulting,cancelled,2025-09-10,2026-10-25,2026-05-18T22:40:40.370134,,66065.81,5,3303.29,69369.1,0,69369.1,USD,Thank you for your business!,,2026-06-30T06:33:47.370140,
b40d2393-1485-4a2c-8088-d21493262ac1,2742825a-3e35-4f86-ae5a-aca92762e3ea,5a2ee8e6-57b4-4813-8e12-dc5942627539,104c7319-e4ac-475c-aae0-cb4171001645,INV-001773,Invoice for Subscription,viewed,2026-04-06,2026-11-07,2026-03-17T17:26:57.370166,,33373.82,15,5006.07,38379.89,0,38379.89,USD,,,2026-01-24T21:31:54.370172,
d9d5cf38-a733-4c80-92c6-04d1e1cd5c77,2742825a-3e35-4f86-ae5a-aca92762e3ea,,72836e31-8b23-4a88-888f-37eca2a00c93,INV-001774,Invoice for Support,sent,2026-08-06,2027-01-08,2026-04-10T21:07:01.370198,,62374.63,20,12474.93,74849.56,0,74849.56,USD,,,2026-05-22T05:09:19.370204,
10cb052b-ce72-4f90-a955-81f76f7ef0ec,2742825a-3e35-4f86-ae5a-aca92762e3ea,,e157955e-b17a-456c-997e-43758f65801b,INV-001775,Invoice for Consulting,paid,2026-05-10,2026-10-12,2026-03-26T21:28:51.370229,2026-05-16T09:26:59.370234,34476.82,5,1723.84,36200.66,36200.66,0,USD,Thank you for your business!,6c4af75c-8f2c-4fd9-ada8-546e7c4200d8,2026-07-25T12:42:55.370241,
0774fcb1-7913-46dd-a4ec-edb5afbf4d0f,2742825a-3e35-4f86-ae5a-aca92762e3ea,eadd9ec9-435d-4ca4-bce4-fbc20c899c41,,INV-001776,Invoice for Consulting,sent,2026-05-15,2026-08-25,2026-02-12T17:53:14.370271,,79510.88,8,6360.87,85871.75,0,85871.75,USD,,,2025-10-27T20:50:21.370277,
3e461f11-5736-492f-8d40-2d5d98e8002e,2742825a-3e35-4f86-ae5a-aca92762e3ea,4251ecb4-eec9-4197-8352-e0c136726868,cacae9c9-f2a5-48c7-b979-9effe26035c6,INV-001777,Invoice for Products,draft,2025-10-25,2026-09-19,,,10822.2,8,865.78,11687.98,0,11687.98,USD,,,2026-01-11T22:06:33.370305,
93aa858f-4a8f-4066-af2d-49a76ff14e0d,2742825a-3e35-4f86-ae5a-aca92762e3ea,20834207-dff8-417c-b03f-163bad04330b,4ffd570f-9d6c-4108-a1e5-b9b2eb0f80e6,INV-001778,Invoice for Support,partial,2026-06-15,2026-08-09,2026-04-26T04:29:52.370331,,59416.95,0,0.0,59416.95,29708.475,29708.475,USD,Thank you for your business!,,2026-05-16T03:51:13.370337,
9209a666-0ce6-4f37-8002-610a7a19ed4f,2742825a-3e35-4f86-ae5a-aca92762e3ea,,7b8513bb-8145-408a-b7bd-823947c3d725,INV-001779,Invoice for Consulting,partial,2025-10-23,2026-11-29,2026-03-06T16:48:11.370363,,72796.51,20,14559.3,87355.81,43677.905,43677.905,USD,,,2026-06-10T04:17:58.370370,
566a2dfd-74fb-4fdd-a222-32c868a9a7f7,2742825a-3e35-4f86-ae5a-aca92762e3ea,aad24452-a43d-4823-84b4-d78738f04cb9,,INV-001780,Invoice for Subscription,viewed,2026-01-23,2027-01-24,2026-08-04T06:47:33.370396,,86022.68,7.5,6451.7,92474.38,0,92474.38,USD,Thank you for your business!,,2026-01-12T21:52:08.370402,
8e769c15-a69c-4a70-a0f1-607f1be0c1f8,2742825a-3e35-4f86-ae5a-aca92762e3ea,,31ea00b9-e353-4821-8299-98bf62213a2d,INV-001781,Invoice for Products,cancelled,2025-10-03,2026-09-07,2026-03-18T20:38:59.370431,,76725.22,8,6138.02,82863.24,0,82863.24,USD,Thank you for your business!,,2026-07-03T22:31:13.370437,
c349d01a-72b6-4fe3-98bf-3ce80af374a3,2742825a-3e35-4f86-ae5a-aca92762e3ea,,4a8849f7-531c-4451-b414-d0e15cad4ba4,INV-001782,Invoice for Products,overdue,2025-10-28,2026-12-30,2026-03-09T11:08:40.370469,,37881.37,7.5,2841.1,40722.47,0,40722.47,USD,,,2026-01-06T02:24:09.370475,
e505a451-c404-4710-8ffd-236deaef5097,2742825a-3e35-4f86-ae5a-aca92762e3ea,eb27cc1a-dc43-421c-83e0-be4c9679f4d5,badd7b7d-5af2-41b8-8fa7-4d51830cf1c3,INV-001783,Invoice for Support,sent,2026-07-16,2027-01-26,2026-03-17T01:08:20.370502,,2290.75,5,114.54,2405.29,0,2405.29,USD,,,2026-04-19T03:21:52.370508,
191753ef-5ab3-4ce3-96a2-49bd72873742,2742825a-3e35-4f86-ae5a-aca92762e3ea,,,INV-001784,Invoice for Subscription,cancelled,2026-06-15,2026-08-07,2026-03-28T15:55:22.370536,,28708.81,7.5,2153.16,30861.97,0,30861.97,USD,,,2025-11-27T21:59:36.370542,
572a7603-ef51-4aa9-bb86-3f13a44579a4,2742825a-3e35-4f86-ae5a-aca92762e3ea,40da9a40-baef-46c7-9ed0-c342c0930b41,,INV-001785,Invoice for Consulting,viewed,2026-05-31,2026-11-25,2026-04-09T01:49:25.370572,,55814.25,8,4465.14,60279.39,0,60279.39,USD,Thank you for your business!,,2026-05-30T07:19:42.370578,
39cdb0a0-02a2-49d1-90cb-8119886b35e7,2742825a-3e35-4f86-ae5a-aca92762e3ea,fcc00682-7b6e-4aec-902a-545be3b4d6e9,9ac528e7-5b64-4371-93bc-38e9599dbdb7,INV-001786,Invoice for Support,overdue,2026-01-05,2026-11-12,2026-07-08T14:43:55.370604,,23615.35,0,0.0,23615.35,0,23615.35,USD,,,2025-10-14T23:07:01.370610,
d982f0c5-dfad-41a3-9213-600e87ed87c6,2742825a-3e35-4f86-ae5a-aca92762e3ea,,14119038-c11a-41dc-a9f8-a0e54a9b4080,INV-001787,Invoice for Services,sent,2026-03-20,2026-09-22,2026-03-07T23:53:09.370639,,96264.39,8,7701.15,103965.54,0,103965.54,USD,,,2026-04-20T19:11:10.370645,
a94ee433-7067-4008-a892-561a9169ce74,2742825a-3e35-4f86-ae5a-aca92762e3ea,511c4ea8-c734-4b6d-a28f-f58c00ef5810,55b6deae-6cdf-456f-937a-58ad5b2e12d7,INV-001788,Invoice for Products,sent,2025-11-30,2026-12-30,2026-04-12T13:30:54.370672,,22749.46,15,3412.42,26161.88,0,26161.88,USD,Thank you for your business!,,2025-09-23T15:52:24.370678,
91cba2f4-6fbd-41fd-a894-933a0ad1eaeb,2742825a-3e35-4f86-ae5a-aca92762e3ea,d48972b3-9cb7-45a1-a7dc-56e13a6586e7,83d7e6dc-0357-4794-971e-8267142f2d15,INV-001789,Invoice for Support,draft,2025-09-29,2026-08-16,,,94874.88,15,14231.23,109106.11,0,109106.11,USD,,9943aec4-d362-44d1-b2ee-ac150b67e200,2026-04-18T13:23:57.370706,
086344ee-9474-4ce6-afd0-0c509ad25c3b,2742825a-3e35-4f86-ae5a-aca92762e3ea,c23c7eee-b4da-4d9f-8f2f-2cc99fcc26d6,282acf32-55a7-437d-85a9-21a9aea3bf80,INV-001790,Invoice for Subscription,draft,2026-07-13,2026-08-08,,,3700.45,7.5,277.53,3977.98,0,3977.98,USD,Thank you for your business!,,2025-09-01T01:01:19.370770,
04721307-05c4-4cc6-a66b-f73406219f36,2742825a-3e35-4f86-ae5a-aca92762e3ea,2d9ca9d8-e623-4e7c-8405-9a876c02598c,,INV-001791,Invoice for Services,partial,2026-01-11,2026-12-25,2026-06-18T16:14:38.370844,,24016.37,10,2401.64,26418.01,13209.005,13209.005,USD,,,2026-02-13T07:26:58.370860,
1705ccaa-f8a8-450f-a9ef-848be56d5888,2742825a-3e35-4f86-ae5a-aca92762e3ea,,,INV-001792,Invoice for Support,paid,2026-05-11,2027-01-19,2026-03-24T16:25:01.370906,2026-06-18T00:12:55.370914,22515.16,20,4503.03,27018.19,27018.19,0,USD,,,2025-11-13T10:44:31.370921,
d95eabc4-6acc-4099-b8e1-1164870836ca,2742825a-3e35-4f86-ae5a-aca92762e3ea,,,INV-001793,Invoice for Products,overdue,2026-06-06,2027-01-01,2026-02-12T12:13:41.370963,,7746.14,20,1549.23,9295.37,0,9295.37,USD,Thank you for your business!,,2026-01-23T03:55:31.370972,
9c445721-16a1-49cb-b6ce-e2fb919b8429,2742825a-3e35-4f86-ae5a-aca92762e3ea,0c5948ad-f634-4c4b-b76d-91a9f39d78bd,a6376469-551a-4a9d-81cb-380635ea9154,INV-001794,Invoice for Consulting,cancelled,2026-06-29,2026-10-20,2026-05-30T01:14:15.371015,,49525.63,8,3962.05,53487.68,0,53487.68,USD,,,2026-02-09T20:02:41.371024,
23b013b2-c5cb-46fb-ad78-8a4f7dfafbe1,2742825a-3e35-4f86-ae5a-aca92762e3ea,,,INV-001795,Invoice for Services,partial,2026-04-07,2027-01-29,2026-06-30T15:51:57.371063,,19862.75,8,1589.02,21451.77,10725.885,10725.885,USD,Thank you for your business!,,2026-06-13T17:36:58.371072,
f051e439-5a66-4dc9-937c-0da0e0713996,2742825a-3e35-4f86-ae5a-aca92762e3ea,1cb3ae4b-2042-479b-892d-0969632f2d1e,ca7e61f1-a88f-42db-bdb9-2a366795a436,INV-001796,Invoice for Support,paid,2025-11-01,2026-10-23,2026-06-01T19:45:35.371113,2026-07-09T16:31:13.371121,83470.89,15,12520.63,95991.52,95991.52,0,USD,Thank you for your business!,,2025-11-15T02:06:00.371130,
7de46804-9489-4020-8a81-e652dfc7438b,2742825a-3e35-4f86-ae5a-aca92762e3ea,be0d30ee-99cd-4e43-8594-ccecf9d7424e,,INV-001797,Invoice for Services,sent,2026-06-24,2027-01-29,2026-08-01T06:07:41.371170,,49037.29,0,0.0,49037.29,0,49037.29,USD,Thank you for your business!,cd63c953-7861-47f6-9f24-4cc90b54f156,2025-09-11T05:11:02.371181,
7f786d1e-bfba-4fd7-9230-459c8ea22130,2742825a-3e35-4f86-ae5a-aca92762e3ea,,,INV-001798,Invoice for Consulting,viewed,2025-08-26,2026-11-15,2026-04-20T09:57:54.371220,,77783.77,15,11667.57,89451.34,0,89451.34,USD,Thank you for your business!,,2025-10-12T03:35:46.371229,
9d99bcd6-7ffd-4f20-9c8a-dfc09c9105f5,2742825a-3e35-4f86-ae5a-aca92762e3ea,e78f8f16-8c58-4cbc-954b-6fa4128132e8,067fd4ef-8bdb-419d-bb82-82821ad2f0b8,INV-001799,Invoice for Support,cancelled,2026-03-22,2026-11-27,2026-08-06T19:19:51.371268,,84354.11,10,8435.41,92789.52,0,92789.52,USD,Thank you for your business!,,2025-11-17T15:46:32.371277,
8686630a-9ab0-449f-96ae-aadeb85cf056,2742825a-3e35-4f86-ae5a-aca92762e3ea,,a6465d21-d3ab-47eb-b42a-a737c82ec63d,INV-001800,Invoice for Services,cancelled,2026-04-18,2026-09-19,2026-03-16T03:11:24.371315,,20950.16,15,3142.52,24092.68,0,24092.68,USD,Thank you for your business!,,2026-04-19T14:07:09.371324,
05636e94-3434-4ed2-a277-b68f237af738,fa6b3223-0c9a-40e9-b075-9220ef58763e,d6df328f-f28b-4859-896e-b1de978b26fe,1e526e54-e356-461f-b62a-09531428ee7f,INV-001801,Invoice for Products,paid,2026-06-10,2026-12-13,2026-02-12T04:31:51.376042,2026-05-24T03:07:11.376054,54906.89,7.5,4118.02,59024.91,59024.91,0,USD,Thank you for your business!,,2026-06-12T13:31:52.376071,
4fd25abb-7f61-42e2-8bb5-194f9c209a83,fa6b3223-0c9a-40e9-b075-9220ef58763e,,,INV-001802,Invoice for Products,overdue,2026-05-23,2026-10-04,2026-07-24T00:15:38.376136,,72535.88,20,14507.18,87043.06,0,87043.06,USD,Thank you for your business!,,2025-11-27T19:43:09.376147,
cc8e1664-1c16-4d75-a433-05565bf2e10c,fa6b3223-0c9a-40e9-b075-9220ef58763e,2c477ba2-ed00-4962-9cfb-d5f938d40764,877c817e-7094-4edb-9b68-1f8315bb41d7,INV-001803,Invoice for Products,cancelled,2025-12-22,2026-09-07,2026-05-05T10:03:11.376193,,22678.51,7.5,1700.89,24379.4,0,24379.4,USD,,,2025-12-31T00:41:30.376200,
6a4c6550-526a-4ad3-8b4d-2bc810d35265,fa6b3223-0c9a-40e9-b075-9220ef58763e,,,INV-001804,Invoice for Products,partial,2026-04-12,2027-01-03,2026-06-29T06:51:36.376228,,93361.07,5,4668.05,98029.12,49014.56,49014.56,USD,,029bf10c-ff60-491d-9f63-950d6e7a6018,2025-10-15T19:12:11.376236,
d078996c-3d87-4c8c-ab91-eea064ca853f,fa6b3223-0c9a-40e9-b075-9220ef58763e,98ef5cf5-8be9-4e19-9362-35dc55e28708,,INV-001805,Invoice for Support,paid,2026-05-29,2026-10-15,2026-07-17T08:00:05.376265,2026-07-23T17:11:20.376270,29592.61,8,2367.41,31960.02,31960.02,0,USD,,,2026-02-10T11:17:09.376277,
5d7d8436-9f2b-411b-acfb-71b4502495ad,fa6b3223-0c9a-40e9-b075-9220ef58763e,02c2f6d7-26d5-4cba-ba72-2de6bc6a2370,,INV-001806,Invoice for Subscription,paid,2025-10-05,2026-10-19,2026-06-26T12:23:57.376304,2026-05-27T01:28:53.376310,48461.03,7.5,3634.58,52095.61,52095.61,0,USD,,,2025-11-15T01:14:33.376315,
3d92f40a-938a-4c56-9abe-14def17c8701,fa6b3223-0c9a-40e9-b075-9220ef58763e,5cfd3423-69bf-4915-86dd-1570367f2768,5fc5cda2-eb5d-45b5-88f5-e96e6b719ef3,INV-001807,Invoice for Consulting,paid,2025-12-25,2026-11-27,2026-07-10T12:43:57.376344,2026-04-22T04:44:14.376349,33485.09,0,0.0,33485.09,33485.09,0,USD,,,2026-07-12T14:51:34.376355,
7e7fd00b-c4be-4d58-95f2-ae7411e09460,fa6b3223-0c9a-40e9-b075-9220ef58763e,,56780120-31ea-4b71-a1a8-564f00cbcbae,INV-001808,Invoice for Subscription,cancelled,2025-09-04,2027-01-08,2026-07-20T22:20:05.376382,,87601.91,0,0.0,87601.91,0,87601.91,USD,,,2026-07-12T09:17:16.376388,
c21aa25d-c258-48bd-b676-6f77e5e9305f,fa6b3223-0c9a-40e9-b075-9220ef58763e,,,INV-001809,Invoice for Products,paid,2026-04-04,2027-02-05,2026-02-11T13:40:52.376414,2026-08-01T15:27:00.376419,94935.46,0,0.0,94935.46,94935.46,0,USD,Thank you for your business!,,2025-11-27T16:56:45.376425,
dde1b9e4-8068-4097-9d81-07d42fb932b9,fa6b3223-0c9a-40e9-b075-9220ef58763e,b343480d-007f-4c4f-a574-ca8ed12cb82e,,INV-001810,Invoice for Subscription,draft,2026-06-20,2026-09-05,,,52975.1,5,2648.76,55623.86,0,55623.86,USD,Thank you for your business!,,2026-02-09T04:00:28.376463,
f896ac5f-bb5f-47af-9652-2f718f64920e,fa6b3223-0c9a-40e9-b075-9220ef58763e,a8c5bfa1-7b73-4b04-b910-60047912c22f,,INV-001811,Invoice for Support,cancelled,2026-06-27,2027-01-09,2026-07-09T14:36:59.376490,,96204.17,15,14430.63,110634.8,0,110634.8,USD,,,2025-09-17T17:09:19.376496,
11db4465-0f1f-4235-b049-cf35df0db082,fa6b3223-0c9a-40e9-b075-9220ef58763e,1e00f31f-3d22-44b8-8d4a-728dd7438e5b,0cca6aee-391d-410a-a762-36fffde1c9e8,INV-001812,Invoice for Support,partial,2025-10-13,2026-09-27,2026-03-31T10:55:15.376524,,5964.19,8,477.14,6441.33,3220.665,3220.665,USD,,28f054b3-6328-4266-ba96-7f1d3f973b5e,2025-12-24T20:15:03.376531,
c2456ff6-d90c-4b41-81e5-f780eb4c9ab1,fa6b3223-0c9a-40e9-b075-9220ef58763e,c951c680-46b0-4f7d-9d25-6ff7694b9419,dba737eb-f848-4fa0-abd5-50c4a4c7a949,INV-001813,Invoice for Support,paid,2025-12-31,2026-10-17,2026-06-16T17:23:07.376559,2026-04-22T04:45:01.376564,5350.76,0,0.0,5350.76,5350.76,0,USD,,,2026-01-17T23:10:54.376570,
e318333e-93de-4c20-95e0-65e0d4c707ee,fa6b3223-0c9a-40e9-b075-9220ef58763e,,ff198bcf-051e-4901-9c3b-99220f92cdd7,INV-001814,Invoice for Consulting,draft,2025-09-01,2026-10-24,,,32238.58,5,1611.93,33850.51,0,33850.51,USD,,,2025-10-13T03:55:13.376597,
15f03da8-e917-4cf3-ac99-504c440f341a,fa6b3223-0c9a-40e9-b075-9220ef58763e,,ec618da9-bd35-406a-9b0a-9176982625ee,INV-001815,Invoice for Consulting,partial,2026-05-08,2026-09-19,2026-03-31T19:53:18.376624,,64533.76,8,5162.7,69696.46,34848.23,34848.23,USD,Thank you for your business!,,2025-10-07T06:50:56.376630,
35838c8b-6b08-43bf-8140-97b5f2238e03,fa6b3223-0c9a-40e9-b075-9220ef58763e,8f8fb49f-f024-4ad8-92e7-24c24e9f66da,,INV-001816,Invoice for Support,paid,2026-06-27,2026-10-23,2026-06-24T10:31:32.376657,2026-05-08T18:17:50.376662,31710.67,7.5,2378.3,34088.97,34088.97,0,USD,,,2026-07-17T00:21:01.376673,
21ac4660-d05a-4d22-a1a1-629e5dd2aee7,fa6b3223-0c9a-40e9-b075-9220ef58763e,ae9cc163-db33-4e5d-b90f-984f0b065a1d,1f292ee6-a98d-42f6-a9eb-f4f5fef6a684,INV-001817,Invoice for Subscription,sent,2026-01-23,2026-11-09,2026-07-04T11:15:21.376706,,97813.29,20,19562.66,117375.95,0,117375.95,USD,,,2025-11-25T19:15:08.376712,
c1e51dda-1338-4dee-a740-a2274fe9aed8,fa6b3223-0c9a-40e9-b075-9220ef58763e,,,INV-001818,Invoice for Services,sent,2025-10-15,2026-12-15,2026-06-20T18:47:01.376738,,37615.19,15,5642.28,43257.47,0,43257.47,USD,Thank you for your business!,,2026-04-27T16:31:00.376744,
d37a7c20-add5-4848-86fb-72825ff0db37,fa6b3223-0c9a-40e9-b075-9220ef58763e,,,INV-001819,Invoice for Support,overdue,2025-11-17,2026-10-31,2026-03-15T10:42:29.376770,,19126.08,5,956.3,20082.38,0,20082.38,USD,Thank you for your business!,,2026-03-11T04:27:27.376776,
68aa2510-c3a9-4c57-9f53-af09f6be82ac,fa6b3223-0c9a-40e9-b075-9220ef58763e,,,INV-001820,Invoice for Subscription,viewed,2026-06-02,2026-08-23,2026-05-12T04:44:26.376801,,55769.57,10,5576.96,61346.53,0,61346.53,USD,Thank you for your business!,,2026-01-12T20:16:37.376807,
e0281729-ba1b-43c6-bb22-bd51df3ad34d,fa6b3223-0c9a-40e9-b075-9220ef58763e,,,INV-001821,Invoice for Subscription,paid,2025-10-20,2026-08-19,2026-04-09T06:11:19.376832,2026-07-25T10:40:25.376837,52380.61,5,2619.03,54999.64,54999.64,0,USD,,,2025-11-17T05:13:03.376843,
c53ab990-3ee6-4191-b2d9-dd0cb1cec622,fa6b3223-0c9a-40e9-b075-9220ef58763e,dda6b31a-b2ab-4717-bfc7-969407953396,,INV-001822,Invoice for Products,overdue,2025-11-30,2027-01-21,2026-04-22T17:41:26.376869,,4044.2,20,808.84,4853.04,0,4853.04,USD,,c1017f4c-62af-4cc2-85f9-73ebe84bcb88,2026-02-24T05:59:00.376876,
cda25128-7c1d-43cd-a38c-86febb194f5d,fa6b3223-0c9a-40e9-b075-9220ef58763e,ef86df02-aea7-4424-9416-5ed9209bd7e9,,INV-001823,Invoice for Support,partial,2026-03-19,2026-12-03,2026-02-05T22:49:21.376903,,97670.32,20,19534.06,117204.38,58602.19,58602.19,USD,,,2026-06-22T00:17:54.376909,
82c62e11-92b8-41bd-a8b4-8367488c0cd1,fa6b3223-0c9a-40e9-b075-9220ef58763e,b106f385-f595-47c4-863f-4f19ea10e983,,INV-001824,Invoice for Subscription,cancelled,2026-02-06,2026-11-09,2026-05-27T07:29:45.376936,,66153.77,5,3307.69,69461.46,0,69461.46,USD,,,2025-11-15T00:55:48.376942,
a1aef2ef-b127-44a5-a64b-4b742f74de80,fa6b3223-0c9a-40e9-b075-9220ef58763e,e8df003d-5965-45c9-a633-23e3a56ad821,,INV-001825,Invoice for Consulting,sent,2026-07-09,2026-12-30,2026-04-15T23:12:44.376973,,22343.22,5,1117.16,23460.38,0,23460.38,USD,,,2026-08-03T10:22:13.376980,
beaf9539-7ef4-4301-ae05-e6ede28d29b4,fa6b3223-0c9a-40e9-b075-9220ef58763e,,,INV-001826,Invoice for Products,partial,2025-10-28,2026-12-21,2026-05-15T07:20:30.377076,,66713.96,20,13342.79,80056.75,40028.375,40028.375,USD,,1d22f641-b5ae-4b4b-9f3b-6de77841f1fc,2025-12-13T04:44:33.377083,
f251884b-8e30-40b1-9024-ee5e331bd36a,fa6b3223-0c9a-40e9-b075-9220ef58763e,3956c214-9751-47b0-9441-eefbad56ea79,,INV-001827,Invoice for Products,draft,2025-08-12,2026-09-17,,,59558.42,10,5955.84,65514.26,0,65514.26,USD,,,2026-04-14T14:27:26.377121,
89023d45-d72e-48a0-a689-cac191a1e058,fa6b3223-0c9a-40e9-b075-9220ef58763e,,,INV-001828,Invoice for Consulting,cancelled,2025-11-18,2026-11-12,2026-02-20T08:13:42.377146,,34209.24,15,5131.39,39340.63,0,39340.63,USD,,d072f857-49ce-4569-b5a8-cc3f412f74c2,2025-11-06T15:32:36.377153,
5c428359-8a95-4506-bef0-d74b05e689fa,fa6b3223-0c9a-40e9-b075-9220ef58763e,,c51518c6-29e7-4019-a2b8-22680aa3d82d,INV-001829,Invoice for Subscription,draft,2026-01-21,2026-12-06,,,48144.76,5,2407.24,50552.0,0,50552.0,USD,Thank you for your business!,,2025-12-21T13:37:43.377181,
a657cf88-1b7a-4607-8e0d-81f970896d53,fa6b3223-0c9a-40e9-b075-9220ef58763e,50a701fc-89ce-4f14-8fea-d4cc0353a77c,,INV-001830,Invoice for Services,draft,2025-10-04,2026-09-13,,,22451.59,8,1796.13,24247.72,0,24247.72,USD,Thank you for your business!,,2026-04-06T04:12:06.377208,
bd1064e2-ae65-4d29-afe6-8cb181b77ee2,fa6b3223-0c9a-40e9-b075-9220ef58763e,,e347d1ef-30e1-44e5-9ea5-3be6a58a1e3b,INV-001831,Invoice for Services,overdue,2025-12-04,2026-12-27,2026-06-01T16:01:03.377234,,66427.09,0,0.0,66427.09,0,66427.09,USD,,,2025-12-15T11:43:17.377241,
128b71d7-5d97-4044-b184-12fb89028dbb,fa6b3223-0c9a-40e9-b075-9220ef58763e,,,INV-001832,Invoice for Services,viewed,2025-11-18,2026-10-10,2026-06-30T18:38:38.377270,,31742.68,15,4761.4,36504.08,0,36504.08,USD,,,2026-07-25T21:30:33.377276,
60d49fc7-ef2a-4917-842b-23a5173c6a76,fa6b3223-0c9a-40e9-b075-9220ef58763e,,,INV-001833,Invoice for Products,sent,2025-08-16,2026-09-19,2026-02-21T18:39:15.377361,,15670.07,15,2350.51,18020.58,0,18020.58,USD,Thank you for your business!,d71b93e0-efea-4ccb-8d87-8845b8e47619,2025-11-03T14:00:12.377373,
89a5b380-9097-44d9-bdf2-5f33313dfea5,fa6b3223-0c9a-40e9-b075-9220ef58763e,,,INV-001834,Invoice for Support,viewed,2026-03-15,2026-10-25,2026-05-23T13:34:09.377417,,67248.69,5,3362.43,70611.12,0,70611.12,USD,,,2025-08-19T09:27:31.377433,
2b97dffa-9f54-42c4-846e-94e83517a9ca,fa6b3223-0c9a-40e9-b075-9220ef58763e,7c0f8463-0de8-466a-9982-8b0c0dc2e818,,INV-001835,Invoice for Subscription,viewed,2025-11-08,2026-09-23,2026-07-12T06:21:47.377490,,73550.9,10,7355.09,80905.99,0,80905.99,USD,Thank you for your business!,,2026-04-03T15:51:35.377501,
622a9c52-ef5c-49eb-be18-94089986e590,fa6b3223-0c9a-40e9-b075-9220ef58763e,,,INV-001836,Invoice for Subscription,paid,2026-06-09,2026-11-21,2026-04-12T23:50:00.377560,2026-07-17T12:47:04.377570,65033.56,20,13006.71,78040.27,78040.27,0,USD,,,2025-09-13T02:20:57.377581,
11fe2901-7c2c-4b32-97d0-9dd030793b35,fa6b3223-0c9a-40e9-b075-9220ef58763e,75f4e86e-19a9-4a61-9d83-7ea94b7b8b73,,INV-001837,Invoice for Products,overdue,2025-08-25,2026-09-01,2026-05-22T20:41:44.377629,,77889.1,20,15577.82,93466.92,0,93466.92,USD,,,2025-09-11T10:16:43.377635,
5985c6f2-1b38-493e-9ae9-336982a4877d,fa6b3223-0c9a-40e9-b075-9220ef58763e,612e617b-3d49-4835-a7b0-13eb3b8a6836,,INV-001838,Invoice for Products,sent,2025-12-20,2026-08-21,2026-03-08T11:09:43.377663,,97993.79,5,4899.69,102893.48,0,102893.48,USD,,,2026-01-15T16:31:00.377669,
b5d99f05-d49d-4879-a435-5bf46eac6220,fa6b3223-0c9a-40e9-b075-9220ef58763e,1edf4fd6-f1fb-4908-a6d2-8f143f3f2dad,592507c2-9a9c-469e-9e49-f5e9d58de4b9,INV-001839,Invoice for Products,viewed,2025-10-12,2026-08-20,2026-06-04T23:20:43.377698,,77570.04,10,7757.0,85327.04,0,85327.04,USD,Thank you for your business!,,2026-03-09T15:11:58.377704,
b1fb6e53-fa27-4e67-b6ec-77aaeb99af01,fa6b3223-0c9a-40e9-b075-9220ef58763e,,,INV-001840,Invoice for Services,cancelled,2026-01-11,2026-12-04,2026-06-30T11:41:35.377731,,70207.5,5,3510.38,73717.88,0,73717.88,USD,Thank you for your business!,eb764b35-c243-40cc-aecf-caf2ed883767,2026-04-22T20:22:58.377739,
663c05ef-52ac-4556-bd84-88f02ee5ed50,fa6b3223-0c9a-40e9-b075-9220ef58763e,4555e532-d88a-42fb-bfc3-dae6929026f3,,INV-001841,Invoice for Support,cancelled,2026-04-27,2026-12-06,2026-02-07T01:32:17.377766,,26187.28,8,2094.98,28282.26,0,28282.26,USD,Thank you for your business!,0d3453db-d151-4eb3-a95c-c6805b73e3e2,2026-05-19T08:06:35.377773,
a5cad644-2ca1-489d-8f16-d48e4e12c236,fa6b3223-0c9a-40e9-b075-9220ef58763e,,,INV-001842,Invoice for Subscription,paid,2025-12-03,2026-12-28,2026-07-09T18:10:06.377807,2026-07-23T05:33:04.377813,66315.1,5,3315.76,69630.86,69630.86,0,USD,,,2026-03-19T10:10:35.377818,
ec256113-0a21-4bf2-94d6-3f08958f1192,fa6b3223-0c9a-40e9-b075-9220ef58763e,2704fb36-bd26-48d2-ab62-366337c529f5,968f62f4-dc54-46eb-ae55-9d9a485c2f2c,INV-001843,Invoice for Subscription,cancelled,2025-11-30,2027-01-17,2026-03-24T20:04:18.377847,,21742.48,5,1087.12,22829.6,0,22829.6,USD,,13d06634-efcc-4ac0-83f8-8336db56b0e8,2025-10-19T09:26:33.377854,
f2ccfc98-7e86-4904-b9db-d8d997e36eb2,fa6b3223-0c9a-40e9-b075-9220ef58763e,,9f8acb45-e4c1-467c-9529-6132954fb7a2,INV-001844,Invoice for Consulting,paid,2026-03-04,2027-01-09,2026-05-22T15:01:20.377887,2026-06-20T21:34:18.377892,92718.76,20,18543.75,111262.51,111262.51,0,USD,,,2026-04-17T00:09:00.377898,
281993c9-cd42-4fec-b5bd-9db8fb52d5ce,fa6b3223-0c9a-40e9-b075-9220ef58763e,aa3a9886-0012-454a-8d8c-258822e06290,,INV-001845,Invoice for Services,viewed,2026-03-01,2026-12-07,2026-03-15T04:47:37.377925,,76340.04,5,3817.0,80157.04,0,80157.04,USD,Thank you for your business!,,2025-12-09T22:44:00.377931,
31f508f9-b428-45fe-a679-9fcdd53ba1a1,fa6b3223-0c9a-40e9-b075-9220ef58763e,d55bdf06-2850-492c-8077-2a64f4ec4dd7,8430fff3-5a91-4bfd-821a-fa8986494b11,INV-001846,Invoice for Products,draft,2025-10-20,2026-08-28,,,9900.79,20,1980.16,11880.95,0,11880.95,USD,Thank you for your business!,,2026-07-02T04:16:53.377962,
a80d3ae0-f40a-47b5-8919-3937290edc98,fa6b3223-0c9a-40e9-b075-9220ef58763e,98ef5cf5-8be9-4e19-9362-35dc55e28708,7d592dbe-0ce1-4f6e-b941-4435e850c8cc,INV-001847,Invoice for Support,paid,2026-03-02,2026-12-03,2026-04-10T19:38:13.377994,2026-05-23T21:36:33.378000,98367.38,0,0.0,98367.38,98367.38,0,USD,Thank you for your business!,,2026-05-29T08:06:20.378006,
348b140b-99c0-48ea-956b-57c9727a7782,fa6b3223-0c9a-40e9-b075-9220ef58763e,82f408ad-6467-4b6b-9920-d4bd8daca32d,,INV-001848,Invoice for Subscription,cancelled,2026-08-04,2026-08-11,2026-08-02T03:34:13.378033,,75890.56,5,3794.53,79685.09,0,79685.09,USD,,,2025-12-26T12:59:22.378039,
b66d6481-b355-4360-b9dc-580b073f9579,fa6b3223-0c9a-40e9-b075-9220ef58763e,9fcf8ab1-58c4-4c99-bd0e-b3c5b46e57de,,INV-001849,Invoice for Subscription,partial,2025-09-06,2026-12-24,2026-03-31T15:50:14.378071,,25444.11,15,3816.62,29260.73,14630.365,14630.365,USD,,,2025-09-30T10:56:58.378077,
bb8568a2-92fd-4754-b3d1-953dc9dd24a6,fa6b3223-0c9a-40e9-b075-9220ef58763e,24aea767-dbb2-4ca9-92c8-39c32f65fa1c,,INV-001850,Invoice for Products,cancelled,2026-06-29,2026-08-19,2026-06-30T00:52:45.378108,,68956.97,8,5516.56,74473.53,0,74473.53,USD,,cd8b2b0b-9124-485d-b548-9a2d180f1b14,2026-06-16T08:26:51.378115,
8a4c14e7-42b6-4efe-a004-227ab5f288a9,fa6b3223-0c9a-40e9-b075-9220ef58763e,,,INV-001851,Invoice for Consulting,paid,2025-12-05,2026-10-31,2026-02-25T07:09:13.378141,2026-06-23T13:29:24.378146,5190.89,8,415.27,5606.16,5606.16,0,USD,,,2025-09-28T09:51:51.378152,
c144ec00-7b0f-4272-963b-003b4db06f4d,fa6b3223-0c9a-40e9-b075-9220ef58763e,29b8c01c-69e0-4658-9887-84da09bdece1,a4b84b0f-36f3-43b0-9cf6-852209983f68,INV-001852,Invoice for Consulting,sent,2025-09-05,2026-08-08,2026-05-09T06:48:31.378180,,58463.96,8,4677.12,63141.08,0,63141.08,USD,,,2025-12-12T00:56:20.378186,
71826d93-c3dc-43e8-9cfa-8f5e81fb4557,fa6b3223-0c9a-40e9-b075-9220ef58763e,a635237c-050d-4f88-a6b0-20dd705beed0,,INV-001853,Invoice for Services,paid,2025-11-07,2026-11-25,2026-05-04T18:32:46.378217,2026-07-24T20:51:34.378222,87669.25,8,7013.54,94682.79,94682.79,0,USD,,,2026-07-17T03:43:46.378228,
2ce3bc61-9f83-4513-b013-735173ebab0b,fa6b3223-0c9a-40e9-b075-9220ef58763e,,51c1c1ed-5c5e-4008-bd1b-556fa5995484,INV-001854,Invoice for Services,overdue,2025-09-03,2026-10-03,2026-07-23T22:18:46.378255,,84827.1,0,0.0,84827.1,0,84827.1,USD,Thank you for your business!,,2025-12-13T15:45:54.378261,
654c04fe-eaf1-4056-9b09-a9e6766dc590,fa6b3223-0c9a-40e9-b075-9220ef58763e,,,INV-001855,Invoice for Subscription,partial,2026-03-07,2026-11-11,2026-02-24T08:53:58.378288,,83617.32,8,6689.39,90306.71,45153.355,45153.355,USD,Thank you for your business!,,2026-02-10T13:17:02.378294,
c83e5575-f70f-41e7-9c6f-43537b7aa936,fa6b3223-0c9a-40e9-b075-9220ef58763e,c63d7dac-16cc-4f27-ad82-8453bd5e89d4,,INV-001856,Invoice for Products,overdue,2026-07-24,2026-12-14,2026-05-15T13:43:01.378320,,17706.45,15,2655.97,20362.42,0,20362.42,USD,Thank you for your business!,,2026-06-21T00:53:09.378326,
9118c327-63e1-4838-956c-7e129c798d79,fa6b3223-0c9a-40e9-b075-9220ef58763e,a908f95d-6c0a-4bff-a3a8-9a9a6eaaccf8,66cca206-2845-47b8-abe7-baac618dcd9f,INV-001857,Invoice for Support,overdue,2026-03-15,2027-01-23,2026-04-06T18:35:46.378354,,91420.47,15,13713.07,105133.54,0,105133.54,USD,,,2026-04-27T05:29:59.378360,
2fac73d6-ec18-470c-947e-0883623a9870,fa6b3223-0c9a-40e9-b075-9220ef58763e,,,INV-001858,Invoice for Products,paid,2025-11-25,2026-08-26,2026-04-03T14:18:25.378390,2026-05-26T08:14:16.378395,625.69,15,93.85,719.54,719.54,0,USD,Thank you for your business!,989d728a-569a-4244-b102-60b83332e0ff,2025-11-28T03:34:21.378402,
8882b2f4-e0a7-4203-ab1a-2df66d9fb108,fa6b3223-0c9a-40e9-b075-9220ef58763e,,,INV-001859,Invoice for Support,partial,2025-08-19,2027-01-25,2026-02-23T05:52:42.378428,,47507.07,0,0.0,47507.07,23753.535,23753.535,USD,,,2026-03-22T03:11:38.378434,
8bd530bb-df58-48b5-aac6-16120f4c3e64,fa6b3223-0c9a-40e9-b075-9220ef58763e,,,INV-001860,Invoice for Subscription,sent,2025-12-30,2026-11-25,2026-07-20T05:07:33.378466,,67394.4,7.5,5054.58,72448.98,0,72448.98,USD,,,2025-09-07T03:58:28.378472,
3cf55319-9261-4176-a851-726a8c68695a,fa6b3223-0c9a-40e9-b075-9220ef58763e,,,INV-001861,Invoice for Services,paid,2026-02-03,2027-01-02,2026-03-19T13:18:21.378497,2026-06-01T20:25:18.378503,29119.65,8,2329.57,31449.22,31449.22,0,USD,,,2025-10-26T01:05:17.378509,
60e32f29-2b18-4e02-8b0a-57a0b8c3b5cc,fa6b3223-0c9a-40e9-b075-9220ef58763e,4d1862d6-dfa6-49c3-8fe6-c160f585f0bc,,INV-001862,Invoice for Support,draft,2026-03-24,2026-09-23,,,33882.65,10,3388.26,37270.91,0,37270.91,USD,Thank you for your business!,8668f336-c4c7-4245-a7b0-18f38bdc4531,2026-01-06T06:05:52.378563,
a06779c7-8881-4af3-8cf0-9333701c3858,fa6b3223-0c9a-40e9-b075-9220ef58763e,128d1367-f520-4bbd-8c13-e62844af1617,,INV-001863,Invoice for Subscription,sent,2026-02-10,2026-08-31,2026-03-09T05:22:52.378653,,82309.94,5,4115.5,86425.44,0,86425.44,USD,Thank you for your business!,,2026-03-08T01:24:17.378673,
e89e0f9d-b97b-4ca5-a0fb-f9b83b096015,fa6b3223-0c9a-40e9-b075-9220ef58763e,,c748e621-1237-4ec1-82c8-a8e207290591,INV-001864,Invoice for Services,draft,2026-06-24,2026-09-01,,,34170.43,7.5,2562.78,36733.21,0,36733.21,USD,,,2025-10-07T16:02:49.378739,
ddd89291-ece0-4a7e-8425-9defcdf71fa5,fa6b3223-0c9a-40e9-b075-9220ef58763e,9f1814d0-dc40-4194-948f-d70f0dd4e9e5,877c817e-7094-4edb-9b68-1f8315bb41d7,INV-001865,Invoice for Subscription,viewed,2025-12-06,2026-08-11,2026-05-02T17:36:00.378795,,8225.56,0,0.0,8225.56,0,8225.56,USD,,,2025-12-04T09:12:14.378802,
97baef11-61a1-4363-8f2c-f8c5cea0597b,fa6b3223-0c9a-40e9-b075-9220ef58763e,,,INV-001866,Invoice for Support,cancelled,2026-06-20,2026-12-10,2026-03-06T22:09:50.378830,,69604.94,20,13920.99,83525.93,0,83525.93,USD,,,2026-05-15T18:48:08.378840,
c4224242-6c8e-4599-90d2-e751a1af0bbd,fa6b3223-0c9a-40e9-b075-9220ef58763e,01590879-1d70-45ff-87e3-0592823b6980,ee212b10-67ef-4c7e-bfda-30efb12aa8e2,INV-001867,Invoice for Subscription,viewed,2026-07-19,2026-12-09,2026-04-18T13:44:23.378870,,94472.68,15,14170.9,108643.58,0,108643.58,USD,Thank you for your business!,,2025-10-13T19:10:29.378876,
394063aa-8563-4263-9e2f-d787505bc28d,fa6b3223-0c9a-40e9-b075-9220ef58763e,23180e6e-9c9c-4968-934a-5cba8ba6ae1e,,INV-001868,Invoice for Products,cancelled,2026-04-25,2027-01-20,2026-06-03T18:01:30.378910,,96626.83,8,7730.15,104356.98,0,104356.98,USD,,8626595e-64f4-49c3-b836-62c5d05edb0f,2026-07-08T20:19:51.378918,
c3b178ab-fbcb-4331-a0d7-f4936be3ec69,fa6b3223-0c9a-40e9-b075-9220ef58763e,3954230a-5c19-4f74-8dbf-33d0e9c5356f,9df9e677-7ebb-474a-be38-73f6f6403846,INV-001869,Invoice for Support,paid,2025-09-17,2026-12-15,2026-03-14T17:20:35.378947,2026-07-16T00:18:49.378954,78776.82,20,15755.36,94532.18,94532.18,0,USD,,,2025-12-20T06:47:02.378960,
32f0e414-c350-4c0c-8645-a1f00dbb28b4,fa6b3223-0c9a-40e9-b075-9220ef58763e,a3db9e6e-2d0c-477f-812e-8fb255e18c51,,INV-001870,Invoice for Subscription,viewed,2025-09-02,2026-10-13,2026-06-10T17:26:22.378986,,57529.12,10,5752.91,63282.03,0,63282.03,USD,,,2025-08-11T12:08:24.378993,
4ce38253-09e9-4fdf-a50f-65b676e4c98e,fa6b3223-0c9a-40e9-b075-9220ef58763e,3bff93e3-3c76-4607-9f12-8f119d865551,,INV-001871,Invoice for Support,paid,2025-11-16,2026-11-30,2026-06-23T16:43:02.379019,2026-07-06T15:09:41.379025,97262.14,20,19452.43,116714.57,116714.57,0,USD,,,2025-10-07T21:36:24.379031,
9d33562d-553d-41d8-9925-631d5fa09ca9,fa6b3223-0c9a-40e9-b075-9220ef58763e,369054a4-6d01-4275-bbd8-b6c6443de3ba,,INV-001872,Invoice for Services,overdue,2025-11-05,2026-10-05,2026-03-29T10:12:10.379058,,60599.87,7.5,4544.99,65144.86,0,65144.86,USD,Thank you for your business!,,2026-04-22T08:04:49.379064,
b159a9be-abcd-47f6-95bc-4212b2d89d86,fa6b3223-0c9a-40e9-b075-9220ef58763e,,,INV-001873,Invoice for Services,paid,2026-04-22,2026-11-27,2026-02-16T21:34:22.379090,2026-07-20T15:08:10.379095,29674.11,5,1483.71,31157.82,31157.82,0,USD,,,2025-08-22T20:41:57.379101,
97fe7b5d-7354-4f9d-8216-3b8058d60534,fa6b3223-0c9a-40e9-b075-9220ef58763e,a96771b4-e7c7-46c3-aa15-bfad4474bb3c,c6b44a2a-52ff-45e2-bf1a-7ab2bf7daee1,INV-001874,Invoice for Subscription,overdue,2025-12-29,2027-01-16,2026-02-20T22:42:22.379134,,36767.68,7.5,2757.58,39525.26,0,39525.26,USD,Thank you for your business!,,2026-04-22T05:12:38.379139,
92d4b993-ae1b-47d2-be6d-df1f3f287529,fa6b3223-0c9a-40e9-b075-9220ef58763e,bd1b33fa-4574-4963-b7cd-4256bddcd293,382ee394-74bb-433a-be02-76f27e7bb58c,INV-001875,Invoice for Subscription,sent,2026-02-18,2026-08-10,2026-07-27T15:58:22.379167,,25343.51,10,2534.35,27877.86,0,27877.86,USD,,,2025-09-13T08:41:17.379174,
9e17d171-0cb6-460f-b97f-8e93c0e7e954,fa6b3223-0c9a-40e9-b075-9220ef58763e,4f307747-1b70-4b2b-bbca-8e427889f845,343a42f1-54c4-4c34-b125-3fa57a94ce3f,INV-001876,Invoice for Support,draft,2026-06-28,2026-09-24,,,95053.37,7.5,7129.0,102182.37,0,102182.37,USD,Thank you for your business!,,2026-02-18T15:23:03.379202,
0fb85541-2018-496d-b6d4-059d6302707c,fa6b3223-0c9a-40e9-b075-9220ef58763e,,7d595300-a3a2-4d3d-8c6b-7aeaa85d76b9,INV-001877,Invoice for Products,sent,2026-04-16,2026-09-05,2026-07-11T00:49:17.379228,,70126.56,20,14025.31,84151.87,0,84151.87,USD,,,2026-02-18T07:16:20.379234,
411e9686-6275-484b-92c8-6ba80a9430d2,fa6b3223-0c9a-40e9-b075-9220ef58763e,50a701fc-89ce-4f14-8fea-d4cc0353a77c,8f73215c-ae9e-4570-a229-c2e0790f427b,INV-001878,Invoice for Products,cancelled,2026-05-28,2026-11-07,2026-04-18T06:32:09.379267,,78223.01,10,7822.3,86045.31,0,86045.31,USD,,76c2a6bb-4c17-43b7-afa2-8db937be62c3,2025-08-23T03:40:14.379275,
f0dfba0c-f130-44f6-8a8c-52b6f0bf6f60,fa6b3223-0c9a-40e9-b075-9220ef58763e,8f8fb49f-f024-4ad8-92e7-24c24e9f66da,,INV-001879,Invoice for Subscription,cancelled,2025-09-28,2026-08-07,2026-02-09T20:41:49.379306,,42147.64,7.5,3161.07,45308.71,0,45308.71,USD,,,2026-07-17T20:38:52.379312,
6f297305-132f-471d-a0b3-fcab3c5f52ae,fa6b3223-0c9a-40e9-b075-9220ef58763e,,,INV-001880,Invoice for Consulting,draft,2025-09-21,2026-12-11,,,56507.55,0,0.0,56507.55,0,56507.55,USD,Thank you for your business!,,2026-07-31T09:23:42.379338,
4816d154-7551-43ac-ba2d-dfd4bb512ae8,fa6b3223-0c9a-40e9-b075-9220ef58763e,ca58086b-5b73-4d4a-9fe3-3d823c27a594,,INV-001881,Invoice for Services,viewed,2026-03-23,2026-08-28,2026-03-23T00:28:46.379368,,60966.74,7.5,4572.51,65539.25,0,65539.25,USD,Thank you for your business!,,2025-11-26T20:43:32.379374,
9d64ae0c-d42f-498e-afde-5e9974ecc806,fa6b3223-0c9a-40e9-b075-9220ef58763e,,,INV-001882,Invoice for Support,sent,2026-08-02,2026-08-21,2026-04-10T17:33:10.379399,,13653.83,5,682.69,14336.52,0,14336.52,USD,,,2025-09-18T14:29:46.379405,
50af5d16-19a2-4e56-b342-c7eb8e6a0d9f,fa6b3223-0c9a-40e9-b075-9220ef58763e,a444c543-5fdd-41d3-b298-fef73e082bb3,d2fae14b-c449-4c8b-9209-d1e88f97c3a9,INV-001883,Invoice for Subscription,sent,2025-10-27,2026-11-30,2026-03-19T05:42:06.379439,,622.34,5,31.12,653.46,0,653.46,USD,,d78e89b1-7c78-470e-b07b-ae8af148ae27,2026-01-11T22:14:40.379452,
1556aa84-01ce-42d7-a66c-231409a88859,fa6b3223-0c9a-40e9-b075-9220ef58763e,,2e824829-c575-4a17-9bbd-baf81b2503dc,INV-001884,Invoice for Support,draft,2025-10-19,2026-08-24,,,62146.64,8,4971.73,67118.37,0,67118.37,USD,,,2026-05-12T19:57:09.379483,
65279e13-70d8-4426-98b6-5a0ededa6e4b,fa6b3223-0c9a-40e9-b075-9220ef58763e,cbe35126-38b6-439d-94a7-f1fb56ee128a,,INV-001885,Invoice for Products,cancelled,2026-05-06,2027-01-07,2026-04-11T23:31:10.379510,,15108.72,10,1510.87,16619.59,0,16619.59,USD,,,2025-12-25T16:16:26.379516,
493c346e-45a1-46d0-8204-e6f7b0d8c04c,fa6b3223-0c9a-40e9-b075-9220ef58763e,658e1e32-8b5d-4282-8e11-4d2574549bd9,,INV-001886,Invoice for Consulting,overdue,2026-07-18,2027-01-19,2026-06-18T21:20:07.379543,,50248.25,10,5024.82,55273.07,0,55273.07,USD,Thank you for your business!,,2025-09-02T18:01:53.379549,
4cf2d18a-447f-4885-9307-c07956ae9dab,fa6b3223-0c9a-40e9-b075-9220ef58763e,,2e824829-c575-4a17-9bbd-baf81b2503dc,INV-001887,Invoice for Subscription,partial,2025-10-20,2026-09-05,2026-07-28T17:08:30.379579,,42331.03,7.5,3174.83,45505.86,22752.93,22752.93,USD,Thank you for your business!,,2026-04-10T17:39:25.379585,
17abb3f3-5cd7-419a-b29d-4a3f35b6478d,fa6b3223-0c9a-40e9-b075-9220ef58763e,4367a262-091d-494b-a171-416fef6eba2c,bf8bb187-c00d-43d1-9d38-78f9fb66fa46,INV-001888,Invoice for Products,partial,2025-11-05,2026-08-27,2026-07-02T12:13:49.379613,,84810.3,7.5,6360.77,91171.07,45585.535,45585.535,USD,Thank you for your business!,,2026-03-16T10:49:50.379619,
86706588-7f8f-4f51-898d-bf25de1ab200,fa6b3223-0c9a-40e9-b075-9220ef58763e,3b8aeebc-c804-4f9c-a2ad-cbf1f241dec3,,INV-001889,Invoice for Support,sent,2026-06-30,2026-12-22,2026-04-27T09:59:53.379650,,19999.85,10,1999.98,21999.83,0,21999.83,USD,Thank you for your business!,,2025-12-08T13:49:29.379655,
2004a930-fe44-456f-a57d-269a026053d9,fa6b3223-0c9a-40e9-b075-9220ef58763e,e5c245d8-8622-4bec-a3d6-ca97e2926a5f,bf8bb187-c00d-43d1-9d38-78f9fb66fa46,INV-001890,Invoice for Subscription,draft,2026-03-26,2026-08-15,,,38542.52,8,3083.4,41625.92,0,41625.92,USD,Thank you for your business!,,2026-06-18T03:33:03.379683,
99bd0a00-04d0-4b29-902d-f0299e543c7a,fa6b3223-0c9a-40e9-b075-9220ef58763e,,a728316f-7058-4057-9374-00175ed29382,INV-001891,Invoice for Support,partial,2026-06-08,2026-08-29,2026-06-05T17:10:31.379710,,91853.37,5,4592.67,96446.04,48223.02,48223.02,USD,,d71b93e0-efea-4ccb-8d87-8845b8e47619,2026-02-27T12:32:09.379717,
6bed068b-f666-48e6-9deb-275a6545ad45,fa6b3223-0c9a-40e9-b075-9220ef58763e,4d06110e-36ec-4c76-9e01-4948d77cf454,,INV-001892,Invoice for Products,viewed,2025-10-06,2026-12-27,2026-02-07T19:44:13.379744,,1795.5,5,89.78,1885.28,0,1885.28,USD,,,2025-09-21T18:30:38.379749,
65782e84-44fd-45aa-9bde-408efd46756d,fa6b3223-0c9a-40e9-b075-9220ef58763e,a05934b2-cab2-4e64-8a84-1f0dbe79baef,da2b0657-7d59-423c-aa40-b9bbf3bc3f29,INV-001893,Invoice for Products,partial,2026-07-10,2026-10-01,2026-03-02T07:48:46.379848,,35043.61,10,3504.36,38547.97,19273.985,19273.985,USD,,,2025-09-17T17:36:05.379854,
37191723-dbe4-4cef-966c-5ccd456d3482,fa6b3223-0c9a-40e9-b075-9220ef58763e,cbc755ba-32c4-4908-83e8-7b34b9e64aff,ff198bcf-051e-4901-9c3b-99220f92cdd7,INV-001894,Invoice for Products,sent,2025-08-08,2027-01-09,2026-06-17T14:21:21.379890,,94498.85,15,14174.83,108673.68,0,108673.68,USD,,,2026-05-02T20:50:46.379896,
a1ff328e-d331-463a-8c74-20f75adbff80,fa6b3223-0c9a-40e9-b075-9220ef58763e,1321bced-27ae-4a4e-afd1-d0174f1b9fd1,,INV-001895,Invoice for Support,paid,2026-01-14,2026-12-07,2026-05-18T20:59:34.379923,2026-07-16T05:54:30.379928,75077.41,20,15015.48,90092.89,90092.89,0,USD,,,2026-02-14T20:48:51.379934,
ebcbe92b-d7f6-4b6e-a0b4-b7a37a57fcde,fa6b3223-0c9a-40e9-b075-9220ef58763e,24bec1a0-3cec-42de-9ed5-99a8d301da02,,INV-001896,Invoice for Products,overdue,2025-11-19,2027-02-03,2026-02-17T13:19:52.379964,,53101.67,8,4248.13,57349.8,0,57349.8,USD,,,2026-05-12T22:11:34.379970,
c989ac16-8dfe-4bdd-a83e-f33b5060b5da,fa6b3223-0c9a-40e9-b075-9220ef58763e,,7b0796a4-5f23-45ae-abea-4387908b6aef,INV-001897,Invoice for Support,paid,2025-11-06,2026-12-17,2026-04-04T19:50:55.380002,2026-06-17T21:53:26.380008,67546.5,15,10131.98,77678.48,77678.48,0,USD,,,2026-04-01T17:09:07.380013,
e07ac454-cfa4-4406-88e6-58815dc922ab,fa6b3223-0c9a-40e9-b075-9220ef58763e,bc11878f-7a7d-4602-9b74-69d1c3387264,,INV-001898,Invoice for Services,viewed,2026-02-09,2026-09-16,2026-03-31T15:39:21.380041,,73040.08,20,14608.02,87648.1,0,87648.1,USD,Thank you for your business!,,2026-01-13T23:26:42.380047,
446815a7-7606-4cb2-a021-149a416bad7c,fa6b3223-0c9a-40e9-b075-9220ef58763e,0212882f-2139-44a1-9ab4-4d417dcd2f7f,1542b6cc-b924-4a83-bc4a-99c37f57e3af,INV-001899,Invoice for Products,cancelled,2025-08-27,2027-01-10,2026-07-04T00:58:19.380074,,46875.31,7.5,3515.65,50390.96,0,50390.96,USD,Thank you for your business!,,2025-12-25T05:19:03.380080,
b38cdf61-296d-48bc-a6c5-9807859b0a1c,fa6b3223-0c9a-40e9-b075-9220ef58763e,48480d6e-a8d8-43b6-9eb4-228cd4a9db2c,,INV-001900,Invoice for Consulting,viewed,2026-05-10,2026-09-23,2026-03-31T23:11:29.380111,,69919.85,8,5593.59,75513.44,0,75513.44,USD,,,2026-01-05T15:23:21.380121,
7882fb07-c213-402e-8b36-2cd2d91c6c65,fa6b3223-0c9a-40e9-b075-9220ef58763e,,7599a953-fba9-444a-8e76-447d92f054da,INV-001901,Invoice for Consulting,draft,2026-05-07,2026-10-21,,,6247.06,15,937.06,7184.12,0,7184.12,USD,,,2025-11-05T13:40:22.380149,
811b6547-1cc1-43ff-8037-6d01ec4e7380,fa6b3223-0c9a-40e9-b075-9220ef58763e,,06c0b931-ce57-4f02-bb0f-71c5ccddc618,INV-001902,Invoice for Products,overdue,2025-11-06,2027-01-16,2026-04-15T10:34:04.380175,,2416.09,15,362.41,2778.5,0,2778.5,USD,Thank you for your business!,,2025-09-13T20:19:04.380181,
4987c471-9898-4d84-b154-341d5a55a3fd,fa6b3223-0c9a-40e9-b075-9220ef58763e,,,INV-001903,Invoice for Subscription,viewed,2025-08-06,2026-08-29,2026-08-04T12:48:59.380206,,75195.95,5,3759.8,78955.75,0,78955.75,USD,,,2026-03-30T14:46:51.380211,
9d437ced-1a16-4834-82b5-88f9f2319988,fa6b3223-0c9a-40e9-b075-9220ef58763e,e1232b84-9b43-426d-8d67-dfe00658b5fb,,INV-001904,Invoice for Consulting,draft,2025-09-22,2026-11-22,,,1756.98,10,175.7,1932.68,0,1932.68,USD,Thank you for your business!,,2026-03-24T17:02:05.380238,
328c4c99-65e0-4dcc-9143-20481c64285c,fa6b3223-0c9a-40e9-b075-9220ef58763e,a6d09230-72bd-4c90-acc7-f9186d20616e,,INV-001905,Invoice for Products,viewed,2026-06-14,2026-09-09,2026-03-10T22:34:19.380268,,33220.18,7.5,2491.51,35711.69,0,35711.69,USD,Thank you for your business!,,2025-09-24T08:59:56.380274,
801c3f5c-79f3-4a23-a88f-89deff199971,fa6b3223-0c9a-40e9-b075-9220ef58763e,4fe25c5d-99ba-4a77-bb2c-21f7ee50b1de,592507c2-9a9c-469e-9e49-f5e9d58de4b9,INV-001906,Invoice for Services,viewed,2026-07-20,2026-12-17,2026-05-09T14:39:37.380301,,75058.58,5,3752.93,78811.51,0,78811.51,USD,Thank you for your business!,0cecb4a0-496e-4703-b7d0-7a9620899f53,2026-06-12T01:38:16.380307,
92c708eb-85f6-44ce-9bc3-ec0e8b57172c,fa6b3223-0c9a-40e9-b075-9220ef58763e,5a12cd3b-7d84-4834-a5f7-ad3f613adf22,,INV-001907,Invoice for Subscription,overdue,2026-04-22,2026-08-11,2026-06-02T00:06:56.380334,,51924.65,10,5192.47,57117.12,0,57117.12,USD,Thank you for your business!,,2026-07-23T20:30:17.380340,
9cf3c262-0041-4afc-a049-4230f5aec6cf,fa6b3223-0c9a-40e9-b075-9220ef58763e,,,INV-001908,Invoice for Products,overdue,2025-10-30,2026-09-14,2026-04-28T00:28:44.380368,,45167.87,5,2258.39,47426.26,0,47426.26,USD,Thank you for your business!,,2025-10-26T00:43:45.380374,
2fb86f71-48dd-4cae-92fc-d04cb48efafb,fa6b3223-0c9a-40e9-b075-9220ef58763e,,f805c77f-6544-429b-913f-232818d70c54,INV-001909,Invoice for Products,partial,2025-09-30,2027-01-12,2026-05-03T01:47:38.380400,,78908.34,8,6312.67,85221.01,42610.505,42610.505,USD,,,2026-03-08T23:27:03.380406,
9c29ca7b-5246-4752-b6d7-5b1159bf2424,fa6b3223-0c9a-40e9-b075-9220ef58763e,,9f8acb45-e4c1-467c-9529-6132954fb7a2,INV-001910,Invoice for Consulting,viewed,2026-03-15,2026-12-06,2026-05-29T04:18:31.380436,,78261.1,15,11739.17,90000.27,0,90000.27,USD,,b209d949-f2d1-4248-94c9-51da76b473ea,2025-10-14T00:27:26.380443,
426066bb-255e-482c-9a1d-fd8b8e88a560,fa6b3223-0c9a-40e9-b075-9220ef58763e,,c4611142-31ce-4558-9982-bd721f41197f,INV-001911,Invoice for Support,partial,2026-07-25,2026-08-24,2026-04-19T19:06:12.380474,,50272.54,15,7540.88,57813.42,28906.71,28906.71,USD,Thank you for your business!,,2026-07-29T00:31:05.380480,
6298b305-2e6d-43f9-93af-af50c9844820,fa6b3223-0c9a-40e9-b075-9220ef58763e,1f9326d8-a775-4248-8600-a6ac070d8a10,,INV-001912,Invoice for Services,cancelled,2026-03-13,2027-01-18,2026-04-16T00:10:22.380506,,4080.87,10,408.09,4488.96,0,4488.96,USD,Thank you for your business!,,2025-09-05T13:21:11.380512,
6176c82b-aa59-441a-9693-4192b0ec88c3,fa6b3223-0c9a-40e9-b075-9220ef58763e,,844cfa03-e220-469e-b5f9-5205d98bb1c3,INV-001913,Invoice for Subscription,sent,2026-05-02,2027-01-16,2026-07-26T03:24:27.380541,,37840.38,7.5,2838.03,40678.41,0,40678.41,USD,Thank you for your business!,,2026-02-28T01:41:45.380547,
1072dd76-4cca-404f-942c-3be7c116bc8e,fa6b3223-0c9a-40e9-b075-9220ef58763e,fd3af4e9-7b56-437e-9ca2-95d94e4d80ca,,INV-001914,Invoice for Subscription,draft,2025-10-25,2026-08-31,,,38112.89,20,7622.58,45735.47,0,45735.47,USD,,,2025-11-30T20:31:26.380574,
035879ae-471a-40c6-8ce3-04631dfd2f41,fa6b3223-0c9a-40e9-b075-9220ef58763e,,,INV-001915,Invoice for Products,paid,2026-06-07,2026-10-03,2026-04-21T08:44:07.380603,2026-05-27T05:21:31.380608,41375.95,15,6206.39,47582.34,47582.34,0,USD,Thank you for your business!,,2025-08-14T15:18:28.380614,
fde1452d-163c-4d63-b584-173143dfe7dd,fa6b3223-0c9a-40e9-b075-9220ef58763e,f0a686db-8e54-45ee-8e30-443c4be8d850,c0b26b55-3a20-4d47-a25f-0525502eb1e6,INV-001916,Invoice for Services,cancelled,2026-01-14,2026-11-09,2026-07-16T06:49:13.380641,,59239.49,20,11847.9,71087.39,0,71087.39,USD,Thank you for your business!,b4e8d188-dd6a-4c1b-a65c-7984bd5a4535,2026-04-30T07:35:58.380648,
e160e6d1-59c2-4dc3-a2c7-27df17fbfa27,fa6b3223-0c9a-40e9-b075-9220ef58763e,3b232d07-e6e7-4fd8-be95-fa3e7a1a1264,,INV-001917,Invoice for Services,sent,2025-09-08,2026-10-09,2026-05-03T10:19:59.380674,,65118.53,10,6511.85,71630.38,0,71630.38,USD,Thank you for your business!,,2026-02-22T11:35:46.380680,
90a4e242-01cb-4024-992e-4ad8c24f71e4,fa6b3223-0c9a-40e9-b075-9220ef58763e,115c8058-63e2-4ca9-9259-ea932b315624,,INV-001918,Invoice for Consulting,viewed,2026-05-10,2026-11-19,2026-05-27T21:00:12.380710,,85440.53,7.5,6408.04,91848.57,0,91848.57,USD,,,2026-06-18T16:43:59.380716,
a4357991-8274-46e8-8155-84574b7970e0,fa6b3223-0c9a-40e9-b075-9220ef58763e,de7be919-a0cc-4b19-a829-62ec09019924,,INV-001919,Invoice for Support,cancelled,2025-12-08,2026-12-19,2026-03-22T17:41:08.380741,,18778.17,0,0.0,18778.17,0,18778.17,USD,,,2025-12-31T06:29:57.380747,
a89e34ff-25e9-4bbd-b639-3dbda59a5260,fa6b3223-0c9a-40e9-b075-9220ef58763e,2cd5bbdb-59f3-466d-a8ca-a15b635bb451,3508973c-868a-47ec-89c9-a01984ed721d,INV-001920,Invoice for Services,paid,2025-08-15,2026-10-14,2026-02-07T00:51:31.380773,2026-07-11T22:52:08.380779,85723.74,15,12858.56,98582.3,98582.3,0,USD,Thank you for your business!,,2026-01-01T09:14:04.380784,
1c64663d-0368-438c-a7ef-055a03d626b0,fa6b3223-0c9a-40e9-b075-9220ef58763e,b52c9588-e10d-466a-89cd-fb21e6dd98d7,,INV-001921,Invoice for Consulting,overdue,2026-06-11,2026-11-13,2026-03-29T01:35:47.380814,,87428.9,8,6994.31,94423.21,0,94423.21,USD,Thank you for your business!,30d9fc08-aaf2-476f-bb9a-5bb2f0cb441e,2025-10-13T17:43:35.380821,
21ece764-ba1d-4ad3-9cae-f74d16150153,fa6b3223-0c9a-40e9-b075-9220ef58763e,,,INV-001922,Invoice for Products,partial,2025-08-17,2026-08-08,2026-06-27T07:45:18.380846,,3549.69,10,354.97,3904.66,1952.33,1952.33,USD,Thank you for your business!,,2025-12-09T17:57:24.380852,
a66839b4-8378-4ec5-81f0-09334431d9bd,fa6b3223-0c9a-40e9-b075-9220ef58763e,,b4458716-5460-47c6-b4da-e66fce279632,INV-001923,Invoice for Consulting,viewed,2026-06-04,2027-01-09,2026-06-09T13:57:57.380877,,94173.2,0,0.0,94173.2,0,94173.2,USD,Thank you for your business!,,2025-09-19T02:16:15.380883,
3d265f2a-ce3c-40a6-ab5b-59192c1dd35a,fa6b3223-0c9a-40e9-b075-9220ef58763e,319b3528-9752-472c-97a3-5e64eae9aca8,,INV-001924,Invoice for Subscription,partial,2026-04-06,2026-11-13,2026-05-27T09:24:50.380909,,43200.56,15,6480.08,49680.64,24840.32,24840.32,USD,Thank you for your business!,,2025-10-24T16:00:35.380915,
5061d4f5-b801-45da-b19e-931e8ab543fb,fa6b3223-0c9a-40e9-b075-9220ef58763e,07feba0b-2207-492c-abdb-06b68216e56a,,INV-001925,Invoice for Subscription,sent,2026-06-13,2026-12-18,2026-02-11T02:42:41.380941,,28471.66,7.5,2135.37,30607.03,0,30607.03,USD,Thank you for your business!,96ed620f-e49e-4279-bb84-a46c2eb61d4a,2026-07-03T03:08:59.380948,
31ccc21d-7de4-4e53-9bc1-aa660b6fb827,fa6b3223-0c9a-40e9-b075-9220ef58763e,,,INV-001926,Invoice for Support,overdue,2025-09-19,2026-08-12,2026-02-10T23:53:24.380979,,50472.8,15,7570.92,58043.72,0,58043.72,USD,Thank you for your business!,,2026-05-26T19:42:22.380985,
85db5c48-5059-4c01-800d-1de82dc70591,fa6b3223-0c9a-40e9-b075-9220ef58763e,0f6f0770-7bb9-45fd-8f87-2c971b081314,,INV-001927,Invoice for Products,paid,2025-08-09,2026-09-08,2026-03-08T17:59:07.381012,2026-07-31T02:21:44.381017,86331.12,5,4316.56,90647.68,90647.68,0,USD,Thank you for your business!,,2025-08-21T15:51:20.381023,
3a5b91fc-d4c6-4aa2-8abd-3f3f92dd67f9,fa6b3223-0c9a-40e9-b075-9220ef58763e,68b34883-0389-4337-9254-4e425812f16b,9440eb44-e459-4301-a546-876bd512b0f2,INV-001928,Invoice for Consulting,sent,2026-01-06,2026-09-22,2026-02-19T00:54:25.381049,,35841.89,5,1792.09,37633.98,0,37633.98,USD,Thank you for your business!,,2025-11-03T20:34:00.381055,
ecb34de0-2873-4b95-a46a-1591bdd79957,fa6b3223-0c9a-40e9-b075-9220ef58763e,d14b9305-0678-43cc-9c3f-04ddf7e60b13,,INV-001929,Invoice for Services,cancelled,2026-06-12,2026-08-25,2026-03-21T22:17:15.381087,,84745.98,15,12711.9,97457.88,0,97457.88,USD,,,2026-01-18T06:04:21.381093,
660f837b-fe27-4e39-8eef-c326993355c8,fa6b3223-0c9a-40e9-b075-9220ef58763e,,,INV-001930,Invoice for Consulting,cancelled,2025-11-27,2026-10-04,2026-03-02T17:56:10.381118,,21620.85,0,0.0,21620.85,0,21620.85,USD,,11a6fce3-63a6-43c4-8de5-421e1e4df4ce,2025-10-09T06:46:15.381125,
9f17fd17-4acd-4a20-9fd0-f8c1e9d471f3,fa6b3223-0c9a-40e9-b075-9220ef58763e,fd92eb3f-b45e-4e1d-a6a3-ae177267c262,,INV-001931,Invoice for Consulting,partial,2025-12-09,2026-09-23,2026-05-18T20:55:26.381155,,39521.18,8,3161.69,42682.87,21341.435,21341.435,USD,Thank you for your business!,8e044830-b45f-47b7-ba71-4513f50eed22,2026-02-23T22:13:35.381162,
f96ae73e-d3ca-4267-aff1-acac39fa1d63,fa6b3223-0c9a-40e9-b075-9220ef58763e,308d8ad2-5dbe-4a28-85c1-47794e13cba7,,INV-001932,Invoice for Services,draft,2026-04-01,2026-12-05,,,97555.68,8,7804.45,105360.13,0,105360.13,USD,Thank you for your business!,,2026-07-07T17:09:47.381189,
8142e4ee-76ef-445b-aeee-98dc4deaeb09,fa6b3223-0c9a-40e9-b075-9220ef58763e,f3d2c221-8de9-477f-a15d-79934471f272,93cdde31-5722-44a8-8418-2da506bc021e,INV-001933,Invoice for Subscription,draft,2026-04-16,2027-01-16,,,69024.64,8,5521.97,74546.61,0,74546.61,USD,Thank you for your business!,,2025-09-19T03:35:13.381215,
f1e49be1-5380-4391-bc99-803b39d7d271,fa6b3223-0c9a-40e9-b075-9220ef58763e,01349882-8e81-44d1-bb61-f7b95f5315e6,8f73215c-ae9e-4570-a229-c2e0790f427b,INV-001934,Invoice for Services,partial,2025-08-18,2027-01-15,2026-03-28T23:11:02.381285,,94314.04,10,9431.4,103745.44,51872.72,51872.72,USD,Thank you for your business!,,2026-01-17T22:10:06.381301,
ebb084ca-67fd-4d52-8f00-9608d39df16b,fa6b3223-0c9a-40e9-b075-9220ef58763e,,57391a98-e3b0-4f2e-b1de-70d8897a901b,INV-001935,Invoice for Support,partial,2025-09-26,2026-09-03,2026-06-23T03:54:37.381362,,88341.19,20,17668.24,106009.43,53004.715,53004.715,USD,,,2025-11-11T03:34:13.381369,
a1262103-4cd1-4c98-ac59-d7a7dc015182,fa6b3223-0c9a-40e9-b075-9220ef58763e,de9760d8-3a3a-4d55-8b8b-175554da5bbf,80bb26ae-b0e0-4a72-a800-dd2069e6fce5,INV-001936,Invoice for Services,sent,2025-11-19,2026-11-12,2026-02-22T23:50:30.381402,,33570.06,15,5035.51,38605.57,0,38605.57,USD,Thank you for your business!,,2025-08-26T22:50:46.381408,
c443f0f9-609d-407f-bd94-3d85fa46ba0b,fa6b3223-0c9a-40e9-b075-9220ef58763e,7d6f2750-62b1-4be5-8845-cbaaa496b08b,,INV-001937,Invoice for Subscription,draft,2025-11-06,2027-01-02,,,50738.49,8,4059.08,54797.57,0,54797.57,USD,,,2026-06-11T05:45:05.381436,
5ec5084a-03c8-4878-ab0c-6a2638c9c199,fa6b3223-0c9a-40e9-b075-9220ef58763e,134bed83-1fb2-4387-a898-7b0e3ecf1e45,,INV-001938,Invoice for Products,partial,2026-07-24,2026-10-25,2026-06-12T19:31:28.381469,,73951.98,5,3697.6,77649.58,38824.79,38824.79,USD,,,2026-07-25T02:26:43.381476,
d9d1e005-4bf0-458c-8262-f6a102bcb50d,fa6b3223-0c9a-40e9-b075-9220ef58763e,,,INV-001939,Invoice for Consulting,sent,2026-03-17,2026-10-04,2026-07-19T21:03:28.381501,,63128.68,10,6312.87,69441.55,0,69441.55,USD,Thank you for your business!,,2025-12-18T17:10:07.381507,
178b72ca-a868-4162-9fd3-e2d2ab6f8fbe,fa6b3223-0c9a-40e9-b075-9220ef58763e,74cc9d85-7e85-407b-a663-b36224566ca1,,INV-001940,Invoice for Subscription,partial,2026-01-30,2026-09-12,2026-04-12T08:18:55.381534,,48716.83,10,4871.68,53588.51,26794.255,26794.255,USD,Thank you for your business!,,2026-07-26T02:17:06.381540,
8d8dc8e8-89cd-444a-95df-48baced7b8f9,fa6b3223-0c9a-40e9-b075-9220ef58763e,47d4e870-5791-41ed-b83d-a13f60b39470,,INV-001941,Invoice for Subscription,sent,2025-08-07,2026-12-16,2026-06-24T20:57:01.381571,,77131.09,0,0.0,77131.09,0,77131.09,USD,,ed16f30b-c1be-427b-8c85-d047e95319ae,2025-10-23T20:48:22.381578,
174918f6-08c5-4c57-a57f-4bc550bc7ab2,fa6b3223-0c9a-40e9-b075-9220ef58763e,c18e3f1f-92d2-4213-b4df-228b59e24665,,INV-001942,Invoice for Consulting,paid,2025-08-12,2026-10-27,2026-03-06T23:06:54.381605,2026-06-06T09:36:10.381610,29824.14,20,5964.83,35788.97,35788.97,0,USD,,,2026-04-18T15:38:23.381616,
afc2e165-4a90-4ced-99af-3564caab74e6,fa6b3223-0c9a-40e9-b075-9220ef58763e,,,INV-001943,Invoice for Support,sent,2026-04-02,2026-11-17,2026-07-21T08:45:07.381641,,73035.95,5,3651.8,76687.75,0,76687.75,USD,,,2026-01-17T00:31:15.381647,
766c6290-1903-42a1-82b8-06ff9fc809b4,fa6b3223-0c9a-40e9-b075-9220ef58763e,c60dfe3f-b8d7-400a-a8e9-e8d2cccfd0da,,INV-001944,Invoice for Services,paid,2026-06-02,2026-11-10,2026-02-14T08:25:26.381684,2026-05-10T16:01:40.381690,65639.33,5,3281.97,68921.3,68921.3,0,USD,,,2025-11-11T21:27:27.381696,
f3b4399b-407b-403c-b73b-b248a1d3a96b,fa6b3223-0c9a-40e9-b075-9220ef58763e,,,INV-001945,Invoice for Products,draft,2025-09-02,2026-11-07,,,12593.67,5,629.68,13223.35,0,13223.35,USD,,,2025-12-09T06:19:53.381728,
21d27d57-94ee-4747-acbe-b2f9937d42cd,fa6b3223-0c9a-40e9-b075-9220ef58763e,c182f3fa-e51b-4732-a7a0-ece8d3d54b0a,,INV-001946,Invoice for Subscription,viewed,2026-07-31,2026-09-07,2026-04-14T03:24:59.381757,,25450.4,0,0.0,25450.4,0,25450.4,USD,,,2026-02-02T08:12:46.381763,
36b1afc7-336b-434d-b05b-5a6d9667e9ae,fa6b3223-0c9a-40e9-b075-9220ef58763e,9d7e5a6d-bdc1-49ae-83df-788545616228,3dca97c7-85fd-4988-95fd-03296b3e1a06,INV-001947,Invoice for Support,draft,2026-01-03,2026-12-05,,,44137.16,20,8827.43,52964.59,0,52964.59,USD,,,2025-10-05T21:23:19.381795,
4f5df370-5f3d-4429-9825-befbaafd665d,fa6b3223-0c9a-40e9-b075-9220ef58763e,,,INV-001948,Invoice for Support,viewed,2025-08-20,2027-01-22,2026-03-10T07:18:27.381820,,26409.4,8,2112.75,28522.15,0,28522.15,USD,Thank you for your business!,f1739d39-6b45-4613-ac8e-903eddbf7e65,2026-01-23T11:46:18.381827,
ced897e8-702d-42ac-92a4-46df9603c3a7,fa6b3223-0c9a-40e9-b075-9220ef58763e,,,INV-001949,Invoice for Subscription,paid,2026-03-31,2026-09-27,2026-05-23T10:46:36.381852,2026-08-03T01:22:41.381857,68209.2,20,13641.84,81851.04,81851.04,0,USD,,,2025-10-29T18:33:36.381863,
ef417dc5-466f-44fe-a8dd-a6843747d207,fa6b3223-0c9a-40e9-b075-9220ef58763e,,4324e683-708a-469d-ac0e-94354a6b08b9,INV-001950,Invoice for Products,cancelled,2026-02-18,2027-01-29,2026-06-17T20:54:44.381889,,91519.12,15,13727.87,105246.99,0,105246.99,USD,,,2026-04-03T05:05:49.381895,
1613e843-fb45-4ad9-a2ca-fa58566f320b,fa6b3223-0c9a-40e9-b075-9220ef58763e,b78ea7a2-267c-4868-bc57-d0c461962df8,c0b26b55-3a20-4d47-a25f-0525502eb1e6,INV-001951,Invoice for Products,sent,2026-04-01,2026-10-06,2026-05-08T14:38:38.381922,,78781.54,15,11817.23,90598.77,0,90598.77,USD,,67dc4701-36ee-4e4c-9361-faf1414fd6a4,2026-01-14T21:02:02.381929,
8542006e-3f19-44e6-a0f4-9926c24db11a,fa6b3223-0c9a-40e9-b075-9220ef58763e,b0aefad5-ca23-4e2e-b9e5-dcc72d7f976e,,INV-001952,Invoice for Products,paid,2026-05-06,2026-11-08,2026-04-24T22:30:04.381962,2026-05-23T17:29:11.381967,3539.31,8,283.14,3822.45,3822.45,0,USD,Thank you for your business!,a3d34035-cc1f-40aa-bfa0-2e94d1f184b3,2026-05-25T23:54:40.381973,
6a5f7a17-87f9-4c3e-889d-bfcfc1996897,fa6b3223-0c9a-40e9-b075-9220ef58763e,48108b1f-74bf-48c4-b09c-d01111f89249,,INV-001953,Invoice for Products,partial,2026-07-05,2027-02-01,2026-02-15T05:14:24.381999,,40475.25,7.5,3035.64,43510.89,21755.445,21755.445,USD,Thank you for your business!,,2026-03-09T21:14:17.382005,
44f0662d-e8e5-49b2-9b17-5edb409e8f5d,fa6b3223-0c9a-40e9-b075-9220ef58763e,,,INV-001954,Invoice for Products,partial,2025-11-20,2026-08-10,2026-06-05T23:23:00.382030,,96087.14,15,14413.07,110500.21,55250.105,55250.105,USD,,,2025-10-30T02:48:30.382036,
d38ab8b7-1968-4f07-b021-605356c55a9c,fa6b3223-0c9a-40e9-b075-9220ef58763e,,c0b26b55-3a20-4d47-a25f-0525502eb1e6,INV-001955,Invoice for Products,cancelled,2026-03-12,2026-08-19,2026-07-17T23:05:38.382061,,36008.37,5,1800.42,37808.79,0,37808.79,USD,,,2026-03-04T09:52:57.382067,
a90f9fe4-68ef-4613-b7ef-5127b1bd92ec,fa6b3223-0c9a-40e9-b075-9220ef58763e,ae23f65e-6e62-4503-9b2c-2a2f4588420d,79de2361-52fb-4874-8067-549a4fa94e00,INV-001956,Invoice for Subscription,draft,2026-03-12,2026-08-25,,,4631.44,15,694.72,5326.16,0,5326.16,USD,Thank you for your business!,1c60747c-c22e-418a-a1bf-cda6dbe68af2,2025-08-23T06:03:21.382095,
f14b6847-7200-4c8d-8d14-6df1800dfaed,fa6b3223-0c9a-40e9-b075-9220ef58763e,4f7d26bd-cad0-435f-9483-32bda1d620e4,0cca6aee-391d-410a-a762-36fffde1c9e8,INV-001957,Invoice for Services,paid,2026-04-13,2026-12-13,2026-05-14T18:13:11.382126,2026-06-14T23:18:09.382131,72035.81,10,7203.58,79239.39,79239.39,0,USD,Thank you for your business!,,2026-02-24T20:50:10.382136,
be4d83e6-a4e0-4971-9d01-4f337a8bdfa2,fa6b3223-0c9a-40e9-b075-9220ef58763e,,,INV-001958,Invoice for Services,viewed,2026-05-26,2026-08-26,2026-07-07T04:35:49.382162,,55927.85,0,0.0,55927.85,0,55927.85,USD,,,2026-02-15T03:54:29.382168,
c0facd18-b514-4955-9a3b-e7d76f3e24d4,fa6b3223-0c9a-40e9-b075-9220ef58763e,7b2ac7b1-c8d6-4358-8559-c0998b13203e,103528cd-5b44-422e-8449-24a976b74271,INV-001959,Invoice for Consulting,overdue,2025-08-23,2026-12-19,2026-07-01T08:31:54.382194,,75876.64,8,6070.13,81946.77,0,81946.77,USD,,,2025-11-25T19:24:50.382200,
27257a8a-49fd-4614-8298-828308778a6f,fa6b3223-0c9a-40e9-b075-9220ef58763e,63d35f0b-bd9d-4f9d-a73c-99b31e5c0452,968f62f4-dc54-46eb-ae55-9d9a485c2f2c,INV-001960,Invoice for Support,sent,2025-09-21,2026-12-20,2026-05-09T02:47:11.382227,,92772.79,7.5,6957.96,99730.75,0,99730.75,USD,,,2026-05-16T13:30:29.382232,
2d663f53-1934-4abc-afa6-e4295346a7da,fa6b3223-0c9a-40e9-b075-9220ef58763e,,,INV-001961,Invoice for Support,viewed,2025-10-13,2026-09-15,2026-03-22T08:30:11.382262,,2529.31,10,252.93,2782.24,0,2782.24,USD,Thank you for your business!,,2026-06-22T16:19:47.382268,
0976a684-6e7c-40a7-9723-81416000e5a5,fa6b3223-0c9a-40e9-b075-9220ef58763e,cde893e1-8037-474a-a6fe-6264cfea8d23,df123c53-10b7-4964-84b3-34a5e9b7f3bc,INV-001962,Invoice for Products,sent,2026-04-06,2026-09-13,2026-07-18T07:53:14.382300,,6057.49,10,605.75,6663.24,0,6663.24,USD,,,2025-09-13T10:56:18.382305,
eda4d3d4-45c6-475e-a883-796904a9c23d,fa6b3223-0c9a-40e9-b075-9220ef58763e,65444d07-71f0-4820-99e4-e5db0ad7171b,,INV-001963,Invoice for Consulting,cancelled,2026-04-09,2026-11-02,2026-06-19T08:04:09.382332,,59062.19,8,4724.98,63787.17,0,63787.17,USD,Thank you for your business!,,2025-09-06T15:45:07.382337,
b25a23a2-5d73-494f-a138-226c0fd64d2c,fa6b3223-0c9a-40e9-b075-9220ef58763e,4eca83a0-a0f6-4230-b4e3-a0cbb27d106e,,INV-001964,Invoice for Products,partial,2025-10-03,2026-08-10,2026-03-23T20:28:23.382364,,42114.19,5,2105.71,44219.9,22109.95,22109.95,USD,,,2026-01-16T09:10:28.382369,
270f3fff-b972-45b4-b257-5aeeb8ea7b9a,fa6b3223-0c9a-40e9-b075-9220ef58763e,0d78f821-c9b4-4b9c-b0d4-560a3935bcef,,INV-001965,Invoice for Support,sent,2025-09-12,2026-11-13,2026-03-26T13:52:49.382396,,69492.06,7.5,5211.9,74703.96,0,74703.96,USD,,ecd465f7-7407-470d-8de8-0340357bdfac,2026-07-05T01:08:32.382402,
5b6ba8a0-a0b8-4a8a-85b7-db914611b16f,fa6b3223-0c9a-40e9-b075-9220ef58763e,1feaa1d6-3c48-4926-8e38-efa4cf39c30c,,INV-001966,Invoice for Consulting,draft,2025-12-03,2026-09-03,,,76549.08,7.5,5741.18,82290.26,0,82290.26,USD,,,2025-12-14T05:41:54.382429,
f09bdfc0-b809-4980-bb4b-f9d7e46d7344,fa6b3223-0c9a-40e9-b075-9220ef58763e,c41b79c0-ea9b-496c-803d-3c368a340bee,,INV-001967,Invoice for Services,overdue,2025-10-25,2026-12-06,2026-07-13T04:31:19.382461,,68686.75,15,10303.01,78989.76,0,78989.76,USD,Thank you for your business!,,2026-01-24T13:24:46.382466,
eff9d59c-f5f7-4be3-9ab7-aca832b9d9bd,fa6b3223-0c9a-40e9-b075-9220ef58763e,,3b66631e-d834-46b0-a526-614fdb2fc7da,INV-001968,Invoice for Support,overdue,2026-01-27,2026-09-07,2026-04-10T05:04:19.382499,,2713.33,8,217.07,2930.4,0,2930.4,USD,,,2026-04-09T09:22:43.382505,
f391f8f0-3428-4fd9-8e7f-70406e0ff364,fa6b3223-0c9a-40e9-b075-9220ef58763e,a8258243-3a2b-4edf-bf79-240235389db4,,INV-001969,Invoice for Subscription,viewed,2026-03-04,2026-12-08,2026-07-03T00:31:46.382537,,83593.95,8,6687.52,90281.47,0,90281.47,USD,,,2026-03-13T07:59:34.382543,
ae245988-ea94-4ad1-aded-70ad52cce5b3,fa6b3223-0c9a-40e9-b075-9220ef58763e,2d7d01b1-a60c-4f9a-858b-3d4a5215349f,,INV-001970,Invoice for Services,sent,2025-09-29,2026-12-29,2026-02-28T06:33:57.382569,,64143.88,7.5,4810.79,68954.67,0,68954.67,USD,,,2025-10-17T00:50:33.382575,
5ce56760-e152-4a9c-98a8-588109cc838b,fa6b3223-0c9a-40e9-b075-9220ef58763e,b3a92d99-1248-4677-b0f7-0ec6a56baee4,0465128e-4f75-454f-b530-819a29a26362,INV-001971,Invoice for Services,partial,2025-09-05,2026-08-15,2026-07-14T01:13:17.382605,,20492.32,20,4098.46,24590.78,12295.39,12295.39,USD,Thank you for your business!,,2025-10-12T18:53:22.382611,
1aa66d8c-e22e-4303-8cd4-726d3cfac50b,fa6b3223-0c9a-40e9-b075-9220ef58763e,268c81ca-d5c0-40d3-af44-de2082b279ad,,INV-001972,Invoice for Services,cancelled,2026-02-22,2026-09-01,2026-02-10T00:46:25.382637,,4713.21,0,0.0,4713.21,0,4713.21,USD,Thank you for your business!,d75a314e-7f18-495e-a2aa-3bfb66463b43,2025-12-19T12:04:15.382644,
581f1bff-71cd-48b1-bf7d-60ee18ae1b45,fa6b3223-0c9a-40e9-b075-9220ef58763e,cf0689a3-37ab-4d57-bc5a-ed5270237d7f,ea5eea54-7b43-4cd2-bf7f-6a7777e53341,INV-001973,Invoice for Products,draft,2026-03-01,2026-12-25,,,98019.71,10,9801.97,107821.68,0,107821.68,USD,Thank you for your business!,a98d0cb2-2c85-489d-9191-f651a88ea133,2025-12-09T21:34:01.382690,
80757e11-a59b-433c-ae3b-fdc72ad720ed,fa6b3223-0c9a-40e9-b075-9220ef58763e,115c8058-63e2-4ca9-9259-ea932b315624,,INV-001974,Invoice for Services,partial,2026-08-01,2026-10-03,2026-07-01T16:07:23.382716,,22833.86,7.5,1712.54,24546.4,12273.2,12273.2,USD,Thank you for your business!,5c093efb-45c7-4e40-8918-38e8f7073aae,2026-01-16T23:00:39.382723,
1a2119ea-b37b-4bb1-8310-c605d3f4b3a5,fa6b3223-0c9a-40e9-b075-9220ef58763e,,,INV-001975,Invoice for Subscription,paid,2026-05-27,2027-01-13,2026-04-06T09:05:03.382748,2026-06-19T05:29:42.382754,98367.03,10,9836.7,108203.73,108203.73,0,USD,,,2025-12-15T08:27:40.382759,
344b8ed0-7a11-4c26-8bf7-49ad82b16d18,fa6b3223-0c9a-40e9-b075-9220ef58763e,91ea25a3-9bc6-425d-a48c-a9ede372b58a,e575cb67-02bb-4d63-9016-53344045e829,INV-001976,Invoice for Services,paid,2026-05-01,2026-12-04,2026-05-02T07:49:20.382790,2026-07-09T14:43:44.382795,53056.48,5,2652.82,55709.3,55709.3,0,USD,Thank you for your business!,,2026-05-10T07:29:58.382800,
0c1e0348-9219-4edd-af3b-30687b3c04d7,fa6b3223-0c9a-40e9-b075-9220ef58763e,,cfef8bb0-1fe9-4098-8306-240ab9bb2179,INV-001977,Invoice for Services,sent,2026-07-22,2026-08-13,2026-03-04T20:26:31.382827,,19691.2,20,3938.24,23629.44,0,23629.44,USD,,,2025-12-15T01:19:05.382833,
539bcad1-11e8-4c18-9e9a-78b1d85563ce,fa6b3223-0c9a-40e9-b075-9220ef58763e,0e71cca2-d749-43ae-a5c4-e90078f724ab,,INV-001978,Invoice for Consulting,overdue,2025-08-20,2026-09-30,2026-02-26T23:10:45.382863,,26339.73,15,3950.96,30290.69,0,30290.69,USD,Thank you for your business!,,2026-08-07T08:47:54.382869,
3375dfc6-8f8b-4943-8882-4893c99b089f,fa6b3223-0c9a-40e9-b075-9220ef58763e,64e98f7b-2cb2-4cf1-a70c-3713cc75650f,b4b6134c-c44f-478f-9fcc-b13ac76c8f42,INV-001979,Invoice for Services,partial,2025-09-29,2026-10-31,2026-07-09T18:23:45.382896,,88974.37,8,7117.95,96092.32,48046.16,48046.16,USD,Thank you for your business!,,2026-03-17T09:36:16.382902,
32ef6414-a2a7-49a3-bcd2-7fb2021d87d1,fa6b3223-0c9a-40e9-b075-9220ef58763e,edd02674-1b00-4d2e-b60b-45ca39ef143c,,INV-001980,Invoice for Products,viewed,2026-02-07,2026-10-22,2026-03-31T04:12:11.382929,,39846.41,0,0.0,39846.41,0,39846.41,USD,,,2026-07-17T15:56:06.382935,
bdea2142-4937-4343-98d0-7608708036cd,fa6b3223-0c9a-40e9-b075-9220ef58763e,a6a874b7-f1bc-41e3-ad1d-41e61c4e0e5e,,INV-001981,Invoice for Services,cancelled,2025-08-26,2026-08-22,2026-06-08T04:16:28.382960,,38468.02,20,7693.6,46161.62,0,46161.62,USD,,,2026-03-30T15:39:08.382966,
0e8b4c41-385a-4124-bd12-3bf96b5ea725,fa6b3223-0c9a-40e9-b075-9220ef58763e,3cbb6e0d-63c3-4fc4-b85b-1e01b1bc463c,,INV-001982,Invoice for Services,cancelled,2026-07-10,2026-09-21,2026-02-14T13:22:17.382997,,79559.85,0,0.0,79559.85,0,79559.85,USD,,,2026-03-19T14:39:46.383002,
ed92a0fe-4925-4d5d-b52a-e16f857b3fc4,fa6b3223-0c9a-40e9-b075-9220ef58763e,ac7bdaa9-f53f-4243-93ae-da23fa5db19b,,INV-001983,Invoice for Subscription,draft,2025-09-26,2026-11-20,,,72584.14,5,3629.21,76213.35,0,76213.35,USD,Thank you for your business!,,2026-03-12T04:31:18.383033,
739cb057-8e37-40c2-91c0-110ccf157f17,fa6b3223-0c9a-40e9-b075-9220ef58763e,fd41be45-3d05-4234-8afa-4098ff9e9ef1,,INV-001984,Invoice for Products,overdue,2026-06-16,2026-12-21,2026-03-18T06:37:23.383059,,45688.76,7.5,3426.66,49115.42,0,49115.42,USD,Thank you for your business!,,2026-02-19T09:07:00.383064,
7b217006-a7ad-46bd-b021-a57cfbe2fa73,fa6b3223-0c9a-40e9-b075-9220ef58763e,,2e824829-c575-4a17-9bbd-baf81b2503dc,INV-001985,Invoice for Services,sent,2026-08-05,2027-01-26,2026-05-08T12:15:24.383090,,56731.28,15,8509.69,65240.97,0,65240.97,USD,,,2025-11-19T21:32:41.383096,
604ed359-029a-49db-97f5-98e9aee03111,fa6b3223-0c9a-40e9-b075-9220ef58763e,,,INV-001986,Invoice for Support,overdue,2026-07-07,2026-10-01,2026-02-19T07:24:05.383125,,96025.29,5,4801.26,100826.55,0,100826.55,USD,Thank you for your business!,,2026-07-28T18:23:19.383131,
732bf214-7f94-4cd7-9380-83dc89fa65b2,fa6b3223-0c9a-40e9-b075-9220ef58763e,70ddba31-0f46-423a-9efa-bbb289eb81b9,,INV-001987,Invoice for Support,viewed,2026-07-02,2026-10-09,2026-04-28T02:53:03.383157,,19893.03,7.5,1491.98,21385.01,0,21385.01,USD,,,2026-07-07T06:29:29.383163,
ed124120-a373-4bac-8868-19f137ddeb1b,fa6b3223-0c9a-40e9-b075-9220ef58763e,,,INV-001988,Invoice for Products,sent,2026-02-21,2026-09-30,2026-02-07T13:15:32.383192,,11362.59,5,568.13,11930.72,0,11930.72,USD,,61cb7778-acef-4ce1-920c-6039779bec00,2026-04-09T02:26:57.383199,
34721838-9b3b-4616-b6a0-e31e1f60e23d,fa6b3223-0c9a-40e9-b075-9220ef58763e,cc1ad2b0-566e-4e8e-a182-8f5b024afbe2,fe6b30b3-997e-47ed-b3ed-32595be675af,INV-001989,Invoice for Products,sent,2026-07-28,2026-10-21,2026-06-02T06:49:34.383227,,28364.35,0,0.0,28364.35,0,28364.35,USD,,,2026-03-28T00:23:25.383233,
c97a627e-5446-4941-8a0d-4db6bd7025a5,fa6b3223-0c9a-40e9-b075-9220ef58763e,35980171-03cf-4dce-80f6-7bc16038e781,06ea3e30-1ca7-4ad9-b67b-330716c67e18,INV-001990,Invoice for Services,sent,2025-11-27,2026-08-30,2026-04-11T03:57:03.383261,,40279.95,10,4027.99,44307.94,0,44307.94,USD,Thank you for your business!,,2026-07-10T04:44:43.383267,
3fb12b8a-2960-47f7-a153-bf205f6d2e79,fa6b3223-0c9a-40e9-b075-9220ef58763e,fa7f8211-8b6d-4e31-9fa5-ca5020da5d8f,,INV-001991,Invoice for Products,partial,2026-06-10,2026-10-05,2026-06-09T08:03:36.383293,,83892.95,8,6711.44,90604.39,45302.195,45302.195,USD,Thank you for your business!,,2026-03-15T23:25:23.383299,
2e431b13-49fd-4cb2-852c-9e9d8f2ad409,fa6b3223-0c9a-40e9-b075-9220ef58763e,,,INV-001992,Invoice for Products,draft,2025-08-26,2026-10-22,,,56030.65,0,0.0,56030.65,0,56030.65,USD,Thank you for your business!,,2025-09-07T23:00:29.383328,
6c334f06-f17d-479a-87ea-e8fce64e3e28,fa6b3223-0c9a-40e9-b075-9220ef58763e,,c7b01c28-ca80-4532-b615-7bb01aecb2a2,INV-001993,Invoice for Subscription,cancelled,2026-07-28,2026-12-20,2026-06-08T04:12:48.383354,,24931.88,10,2493.19,27425.07,0,27425.07,USD,Thank you for your business!,,2025-12-22T09:02:17.383360,
d7633c41-f732-43dd-be0c-a8e248a6e5e2,fa6b3223-0c9a-40e9-b075-9220ef58763e,7c96386b-f10a-4834-9a0b-6155b4a93ac4,,INV-001994,Invoice for Consulting,draft,2026-07-10,2026-08-28,,,84546.99,5,4227.35,88774.34,0,88774.34,USD,Thank you for your business!,,2025-09-03T22:13:58.383391,
811645e5-289f-40c6-a609-06bf77ac7940,fa6b3223-0c9a-40e9-b075-9220ef58763e,7b06d949-7a5b-4139-bfdd-f74d0ccbedc6,3ddeb9ba-13db-4be0-88a1-ee1da5c2fd47,INV-001995,Invoice for Subscription,sent,2025-11-18,2026-09-09,2026-07-25T11:48:36.383418,,55387.74,10,5538.77,60926.51,0,60926.51,USD,Thank you for your business!,,2025-10-21T13:12:23.383424,
3ec608ae-a96c-405d-9c2c-92ecf0a503f0,fa6b3223-0c9a-40e9-b075-9220ef58763e,39912439-e414-4735-b8a1-1868c3d136a6,,INV-001996,Invoice for Subscription,paid,2026-01-24,2026-11-09,2026-03-17T16:12:04.383489,2026-07-11T00:22:49.383495,52775.13,8,4222.01,56997.14,56997.14,0,USD,,,2025-10-01T08:14:13.383500,
c997c219-ff9b-4c3b-ac56-482be95ca3dc,fa6b3223-0c9a-40e9-b075-9220ef58763e,5d3d05d6-f7bd-4708-b5ff-33cc53a6e27c,bf8bb187-c00d-43d1-9d38-78f9fb66fa46,INV-001997,Invoice for Products,draft,2026-04-23,2026-12-28,,,48819.35,20,9763.87,58583.22,0,58583.22,USD,,,2026-01-27T12:02:05.383531,
041f13c2-753f-4db6-a14e-f2094d0c4c3f,fa6b3223-0c9a-40e9-b075-9220ef58763e,be18d032-6bb6-4bd3-bbdf-65c05b267099,,INV-001998,Invoice for Services,paid,2026-01-30,2026-11-27,2026-06-20T17:25:52.383557,2026-07-13T13:47:24.383562,55639.03,8,4451.12,60090.15,60090.15,0,USD,Thank you for your business!,00ac793d-1a53-4467-99c6-3ab26a75ebc9,2025-10-18T15:45:11.383569,
41839cb5-e0a6-4e08-a271-d154e7e84a91,fa6b3223-0c9a-40e9-b075-9220ef58763e,,6c1b171a-ddcb-4455-b6d4-57c4104a9d3c,INV-001999,Invoice for Consulting,sent,2026-03-01,2026-11-10,2026-08-04T17:57:48.383600,,70856.47,10,7085.65,77942.12,0,77942.12,USD,Thank you for your business!,,2026-01-10T10:57:49.383605,
105f1a91-8c40-4f2b-a5b1-b0f4f534e940,fa6b3223-0c9a-40e9-b075-9220ef58763e,,,INV-002000,Invoice for Services,cancelled,2026-04-21,2026-11-29,2026-05-30T13:13:20.383631,,44971.79,10,4497.18,49468.97,0,49468.97,USD,,f1739d39-6b45-4613-ac8e-903eddbf7e65,2026-05-24T15:53:44.383637,
cbb6b70f-5e4b-47b1-9505-57117967bc93,fa6b3223-0c9a-40e9-b075-9220ef58763e,57cf5745-b207-486c-8767-c9dca581ec02,06c0b931-ce57-4f02-bb0f-71c5ccddc618,INV-002001,Invoice for Support,draft,2025-12-16,2026-10-08,,,58030.52,0,0.0,58030.52,0,58030.52,USD,,,2026-04-13T11:49:32.383666,
42f6811e-e9a4-47d7-ba94-d48ac490007f,fa6b3223-0c9a-40e9-b075-9220ef58763e,e4ac3569-0bba-4705-a7ca-16df49a65e7c,,INV-002002,Invoice for Support,sent,2026-07-19,2026-12-01,2026-07-18T23:53:03.383692,,73026.24,7.5,5476.97,78503.21,0,78503.21,USD,Thank you for your business!,,2026-05-14T06:44:13.383698,
48fa6af1-c4d5-4d95-8091-f268a266e7c9,fa6b3223-0c9a-40e9-b075-9220ef58763e,2e9a8f0b-c207-479e-9c57-697fe37ca2ff,3a7185fd-0884-45d9-be26-638730eedec4,INV-002003,Invoice for Subscription,cancelled,2026-05-28,2026-09-08,2026-04-17T14:33:55.383725,,33804.7,7.5,2535.35,36340.05,0,36340.05,USD,,c81d1194-3012-418b-b2b5-ba0cd34e9547,2026-07-06T21:30:15.383735,
a4e391c0-2469-477e-abda-60bd2a8cad90,fa6b3223-0c9a-40e9-b075-9220ef58763e,5575194a-7abb-4d3e-b57d-e3bcae00c3be,,INV-002004,Invoice for Subscription,draft,2026-07-11,2027-01-12,,,67328.35,10,6732.84,74061.19,0,74061.19,USD,Thank you for your business!,4b92812a-16bf-4009-a01b-31329cecd797,2025-08-09T08:54:37.383833,
6754cd7a-7720-4613-8df8-1fc8e1bc05d9,fa6b3223-0c9a-40e9-b075-9220ef58763e,fcd6655d-94df-4e99-9020-dd2a6e909dbe,,INV-002005,Invoice for Subscription,sent,2026-03-07,2026-09-24,2026-06-14T12:12:02.383865,,1991.86,5,99.59,2091.45,0,2091.45,USD,,,2026-05-18T11:12:43.383871,
2990585f-c663-4df5-9417-e9c5f73b842d,fa6b3223-0c9a-40e9-b075-9220ef58763e,177ac7ea-2e36-46dd-b449-c034736e6d9c,,INV-002006,Invoice for Products,viewed,2026-02-09,2026-12-15,2026-03-10T02:35:40.383897,,95658.83,0,0.0,95658.83,0,95658.83,USD,Thank you for your business!,,2026-01-03T22:51:13.383903,
c8dfa94d-d5ec-44b5-86ee-19395ceb340e,fa6b3223-0c9a-40e9-b075-9220ef58763e,,,INV-002007,Invoice for Services,cancelled,2025-12-16,2026-09-19,2026-08-03T04:47:27.383928,,54642.05,5,2732.1,57374.15,0,57374.15,USD,,8f5559e7-d4ca-4953-bc7b-7e43a1debb1c,2025-11-15T10:51:19.383935,
1cff1e7d-cce7-44ec-a8cd-706493bbeccf,fa6b3223-0c9a-40e9-b075-9220ef58763e,,,INV-002008,Invoice for Consulting,overdue,2026-02-03,2026-11-27,2026-02-26T06:28:05.383967,,67011.56,5,3350.58,70362.14,0,70362.14,USD,,,2025-11-26T11:40:55.383972,
483a4861-aa86-4ecd-bf06-95741ae8f63e,fa6b3223-0c9a-40e9-b075-9220ef58763e,ecdaee81-e84b-46dd-8664-534f4336009c,0465128e-4f75-454f-b530-819a29a26362,INV-002009,Invoice for Support,partial,2026-03-29,2026-08-14,2026-05-13T15:47:48.384003,,50672.33,5,2533.62,53205.95,26602.975,26602.975,USD,Thank you for your business!,,2025-12-10T14:06:07.384009,
31048d09-f2dc-4c3a-8033-2543b31e9eba,fa6b3223-0c9a-40e9-b075-9220ef58763e,d14b74c4-4307-421f-80cf-4cf31b3ee7fb,,INV-002010,Invoice for Products,cancelled,2025-12-08,2027-02-02,2026-05-21T04:46:22.384035,,92900.9,20,18580.18,111481.08,0,111481.08,USD,,,2026-05-16T11:45:40.384041,
c7625b43-f525-4d62-ad16-9070bf327322,fa6b3223-0c9a-40e9-b075-9220ef58763e,,,INV-002011,Invoice for Consulting,draft,2026-04-01,2026-11-30,,,32053.77,15,4808.07,36861.84,0,36861.84,USD,Thank you for your business!,,2026-01-29T16:11:44.384067,
530782a5-9355-4fe1-baf0-62d4f22c4712,fa6b3223-0c9a-40e9-b075-9220ef58763e,fbde4468-36cc-4d3d-8e59-1eb9c08e0c3b,,INV-002012,Invoice for Subscription,sent,2025-12-13,2026-11-22,2026-02-16T16:15:47.384093,,87448.22,7.5,6558.62,94006.84,0,94006.84,USD,Thank you for your business!,,2026-05-15T10:31:24.384099,
47547971-d522-4733-8450-228a5bccb4c0,fa6b3223-0c9a-40e9-b075-9220ef58763e,f893f341-f17b-460b-9acd-03a9d7eb57e3,,INV-002013,Invoice for Services,paid,2026-01-27,2026-11-08,2026-05-29T13:44:56.384126,2026-06-17T07:49:42.384131,36889.38,0,0.0,36889.38,36889.38,0,USD,,,2026-06-30T22:48:21.384137,
1d379964-8971-4ffd-99d0-59c94a52d472,fa6b3223-0c9a-40e9-b075-9220ef58763e,,,INV-002014,Invoice for Products,draft,2026-06-03,2027-01-28,,,44436.59,8,3554.93,47991.52,0,47991.52,USD,,,2026-06-02T22:47:56.384167,
7a9cfb84-ebb3-4a30-bdbd-207e7054d3b5,fa6b3223-0c9a-40e9-b075-9220ef58763e,ce891bde-32f1-488a-adb8-0847d73b1140,,INV-002015,Invoice for Support,sent,2025-10-11,2026-10-15,2026-05-17T07:35:55.384196,,10279.14,15,1541.87,11821.01,0,11821.01,USD,,,2025-08-22T08:37:30.384202,
a122770a-b3f0-4eb9-8f57-824d8cb931c5,fa6b3223-0c9a-40e9-b075-9220ef58763e,e1f5914e-686d-46d2-b868-48fea1d9af87,611218f1-5304-4eb4-8753-c20bfbc64ae2,INV-002016,Invoice for Products,overdue,2025-11-28,2027-01-13,2026-05-10T19:45:52.384238,,37530.4,0,0.0,37530.4,0,37530.4,USD,,,2025-09-19T16:11:24.384244,
2c064939-f7d7-4fe6-9dae-089e516aff31,fa6b3223-0c9a-40e9-b075-9220ef58763e,da8a25e6-b707-4781-9727-118fe797becc,,INV-002017,Invoice for Products,viewed,2026-07-10,2026-09-26,2026-04-18T03:48:46.384270,,82744.44,5,4137.22,86881.66,0,86881.66,USD,,,2026-07-29T10:36:27.384275,
016be192-03bf-4e28-897c-98ef019606f7,fa6b3223-0c9a-40e9-b075-9220ef58763e,,,INV-002018,Invoice for Consulting,partial,2026-03-19,2026-11-16,2026-08-02T01:33:02.384322,,48631.85,7.5,3647.39,52279.24,26139.62,26139.62,USD,Thank you for your business!,,2025-08-14T10:22:50.384328,
b5432b6b-7990-484b-93aa-7e600f4709d7,fa6b3223-0c9a-40e9-b075-9220ef58763e,,,INV-002019,Invoice for Support,viewed,2025-12-23,2027-01-01,2026-07-08T00:26:49.384353,,79227.68,20,15845.54,95073.22,0,95073.22,USD,,,2025-10-29T03:44:31.384359,
4d6612be-8f57-4e64-a81b-54a16360fc93,fa6b3223-0c9a-40e9-b075-9220ef58763e,,63d1b6c3-7fb2-42ee-9a36-d74ddd2e3e1b,INV-002020,Invoice for Support,paid,2025-10-10,2026-10-20,2026-08-05T19:43:53.384385,2026-07-12T19:40:05.384390,59969.09,20,11993.82,71962.91,71962.91,0,USD,Thank you for your business!,,2026-03-18T04:03:02.384396,
53d6087a-1dd1-432c-b169-c6d99e273136,fa6b3223-0c9a-40e9-b075-9220ef58763e,0dace7f4-900c-4782-8210-e83834a7e205,,INV-002021,Invoice for Subscription,sent,2026-02-06,2026-08-25,2026-05-25T01:52:42.384427,,56026.9,0,0.0,56026.9,0,56026.9,USD,Thank you for your business!,,2025-12-30T16:07:57.384433,
3cd2ec86-6919-4a5e-a32f-8337ea125797,fa6b3223-0c9a-40e9-b075-9220ef58763e,822ddd98-bc10-4070-8c5b-5e65a44c8a49,,INV-002022,Invoice for Subscription,partial,2025-11-16,2026-12-18,2026-06-21T06:46:02.384466,,7932.17,10,793.22,8725.39,4362.695,4362.695,USD,,,2025-12-17T02:23:04.384472,
9c86f554-1de4-48d4-9a57-47b328706065,fa6b3223-0c9a-40e9-b075-9220ef58763e,9cfed69f-fc94-4580-968a-8c646ef8cfd4,af3bddce-5b95-47f2-8053-154054080e78,INV-002023,Invoice for Products,draft,2026-05-13,2026-10-06,,,66279.38,5,3313.97,69593.35,0,69593.35,USD,Thank you for your business!,17e96682-dfdd-4139-9a1f-d812e031b5b8,2025-11-02T14:46:46.384505,
d11f331b-dc52-4294-a3a5-e80f4c5d370d,fa6b3223-0c9a-40e9-b075-9220ef58763e,,3dca97c7-85fd-4988-95fd-03296b3e1a06,INV-002024,Invoice for Products,paid,2025-10-26,2026-11-20,2026-07-21T12:03:33.384535,2026-06-02T04:52:06.384540,28422.48,8,2273.8,30696.28,30696.28,0,USD,Thank you for your business!,,2026-04-16T08:46:21.384546,
6f6d1837-e712-4da1-9b49-1ab413402fd3,fa6b3223-0c9a-40e9-b075-9220ef58763e,adf6fc52-fe01-4cc0-8d1d-8016594e46cb,,INV-002025,Invoice for Support,paid,2026-04-07,2026-11-10,2026-05-03T04:43:14.384573,2026-07-24T01:37:38.384578,56813.79,15,8522.07,65335.86,65335.86,0,USD,,,2025-10-31T01:13:12.384584,
28519987-9ed8-41a4-a847-046d3fe304f1,fa6b3223-0c9a-40e9-b075-9220ef58763e,,,INV-002026,Invoice for Services,overdue,2026-07-26,2027-02-04,2026-07-14T17:57:49.384609,,42314.79,5,2115.74,44430.53,0,44430.53,USD,Thank you for your business!,,2025-10-08T22:22:00.384615,
97d9efd8-495b-442c-a315-c846a129b9fa,fa6b3223-0c9a-40e9-b075-9220ef58763e,,,INV-002027,Invoice for Support,partial,2026-04-19,2027-01-06,2026-05-11T20:50:06.384641,,2216.67,8,177.33,2394.0,1197.0,1197.0,USD,,,2026-06-29T23:32:40.384646,
dca9bfe3-8a52-4a0e-b93e-c64d09d9b7f2,fa6b3223-0c9a-40e9-b075-9220ef58763e,1fbcbd4a-3c83-4135-a3db-3d5315212020,2e824829-c575-4a17-9bbd-baf81b2503dc,INV-002028,Invoice for Services,cancelled,2025-12-04,2026-11-08,2026-03-14T06:14:31.384673,,54751.07,20,10950.21,65701.28,0,65701.28,USD,,1aaad2f2-a59f-4378-bc2e-9e73d7b0756d,2026-01-06T15:08:02.384681,
bd990bcb-4698-4bdc-bf34-320b5b15f7bb,fa6b3223-0c9a-40e9-b075-9220ef58763e,880638df-2db3-4a77-a7db-5c4e974e0780,103528cd-5b44-422e-8449-24a976b74271,INV-002029,Invoice for Support,draft,2025-12-02,2026-08-06,,,43873.23,8,3509.86,47383.09,0,47383.09,USD,Thank you for your business!,715b2082-c734-42ab-973d-5c4000591375,2025-12-01T08:24:43.384709,
960570e8-951e-4b04-ae86-f656383f0e9b,fa6b3223-0c9a-40e9-b075-9220ef58763e,70a9a96e-dd02-4d79-9186-2a1d5e2b215d,,INV-002030,Invoice for Consulting,viewed,2026-03-20,2027-01-10,2026-06-27T19:45:58.384735,,39877.39,5,1993.87,41871.26,0,41871.26,USD,,,2026-07-31T22:37:22.384741,
85202b48-f0fb-4fe2-8488-fa8e7e1d6623,fa6b3223-0c9a-40e9-b075-9220ef58763e,78f1691a-a61a-4f3e-b434-d78143fc428e,,INV-002031,Invoice for Products,paid,2026-01-22,2027-01-22,2026-05-18T22:25:27.384768,2026-04-24T20:26:20.384773,449.83,0,0.0,449.83,449.83,0,USD,,1d22f641-b5ae-4b4b-9f3b-6de77841f1fc,2025-08-27T07:15:21.384779,
a3a1887d-5af8-4791-9c70-99e3050ee3a3,fa6b3223-0c9a-40e9-b075-9220ef58763e,9fcf8ab1-58c4-4c99-bd0e-b3c5b46e57de,9585341b-7925-486f-bc71-cd4e6227c107,INV-002032,Invoice for Services,sent,2026-05-11,2026-08-19,2026-08-01T10:41:49.384806,,86007.35,20,17201.47,103208.82,0,103208.82,USD,Thank you for your business!,,2026-04-04T14:23:03.384812,
98f4a18f-ed04-4dbf-a7be-eaf4394caff8,fa6b3223-0c9a-40e9-b075-9220ef58763e,c754e14f-522c-419a-abe4-5df3e6548d20,a789a719-d4fa-4981-8a5a-343833b724d6,INV-002033,Invoice for Support,sent,2026-03-23,2026-11-30,2026-07-07T08:40:21.384839,,68937.81,10,6893.78,75831.59,0,75831.59,USD,Thank you for your business!,,2026-05-31T17:51:30.384845,
021d335e-67eb-4e43-8d7f-88f37785469b,fa6b3223-0c9a-40e9-b075-9220ef58763e,dcc445df-8c3a-4256-a776-2afc3bc10156,63cee9f1-4d1a-4957-b6a8-9f501e8549b3,INV-002034,Invoice for Services,overdue,2026-01-17,2027-02-03,2026-07-15T19:31:28.384874,,98066.3,8,7845.3,105911.6,0,105911.6,USD,Thank you for your business!,,2026-03-26T05:22:40.384879,
fff47dff-2288-473b-8445-e8ff046cae0b,fa6b3223-0c9a-40e9-b075-9220ef58763e,0ba2024e-4c03-4253-a652-84cbfc953627,,INV-002035,Invoice for Services,cancelled,2026-01-06,2026-10-13,2026-02-27T09:38:48.384907,,49461.45,10,4946.15,54407.6,0,54407.6,USD,,13d06634-efcc-4ac0-83f8-8336db56b0e8,2026-04-27T02:39:29.384914,
44f8bc1c-250e-465f-bcc6-1c193786dead,fa6b3223-0c9a-40e9-b075-9220ef58763e,de164baa-286b-4ae2-9590-f513af196191,,INV-002036,Invoice for Services,sent,2026-08-07,2026-09-06,2026-05-26T22:48:36.384941,,58330.86,0,0.0,58330.86,0,58330.86,USD,,,2026-05-06T15:03:58.384947,
547a1377-8427-4391-9742-e1adf7051b9b,fa6b3223-0c9a-40e9-b075-9220ef58763e,bd235b5c-5fea-4b74-af4a-01502985bfbb,aca3def6-2cbb-4374-b3ba-d01202bf0256,INV-002037,Invoice for Subscription,partial,2026-04-28,2026-11-12,2026-02-11T00:59:00.384974,,12773.89,5,638.69,13412.58,6706.29,6706.29,USD,Thank you for your business!,,2026-06-05T14:19:02.384980,
3ba75d02-d1ba-488d-ab23-869ac905fd43,fa6b3223-0c9a-40e9-b075-9220ef58763e,,8430fff3-5a91-4bfd-821a-fa8986494b11,INV-002038,Invoice for Subscription,viewed,2026-05-01,2026-08-16,2026-05-03T20:28:26.385011,,52374.86,20,10474.97,62849.83,0,62849.83,USD,,,2026-02-27T03:50:08.385017,
c7287b5d-392a-434a-b328-9304d545b73e,fa6b3223-0c9a-40e9-b075-9220ef58763e,,a728316f-7058-4057-9374-00175ed29382,INV-002039,Invoice for Subscription,draft,2026-06-09,2027-01-20,,,23361.66,20,4672.33,28033.99,0,28033.99,USD,,,2025-10-23T02:38:31.385044,
b9766b7a-702a-4fa1-9386-f051564a67f1,fa6b3223-0c9a-40e9-b075-9220ef58763e,,63d1b6c3-7fb2-42ee-9a36-d74ddd2e3e1b,INV-002040,Invoice for Products,sent,2026-02-21,2027-01-31,2026-07-18T16:46:06.385073,,53191.36,8,4255.31,57446.67,0,57446.67,USD,,b209d949-f2d1-4248-94c9-51da76b473ea,2026-05-18T22:25:31.385080,
f91e414e-f5c5-44cc-b2ea-f1aa7a8797e9,fa6b3223-0c9a-40e9-b075-9220ef58763e,,,INV-002041,Invoice for Subscription,overdue,2025-08-21,2027-01-23,2026-06-09T05:49:51.385105,,88878.49,0,0.0,88878.49,0,88878.49,USD,Thank you for your business!,,2026-01-04T02:34:19.385111,
65a5422f-7012-413b-a216-91377b429beb,fa6b3223-0c9a-40e9-b075-9220ef58763e,,56248ca0-fa57-469d-8ece-edfb807a35e4,INV-002042,Invoice for Subscription,cancelled,2025-12-09,2026-10-20,2026-07-15T10:29:08.385136,,18874.23,7.5,1415.57,20289.8,0,20289.8,USD,,,2025-12-09T03:56:21.385142,
5af54fec-16d9-46da-be19-6ba473520458,fa6b3223-0c9a-40e9-b075-9220ef58763e,141e7bf1-42cd-47c9-974f-60483336785d,,INV-002043,Invoice for Products,draft,2025-08-14,2026-11-22,,,9397.71,5,469.89,9867.6,0,9867.6,USD,,,2026-02-20T06:08:53.385173,
789acfc1-e226-49a9-aebe-234cdf76770a,fa6b3223-0c9a-40e9-b075-9220ef58763e,,,INV-002044,Invoice for Services,draft,2026-05-19,2026-09-23,,,5053.19,7.5,378.99,5432.18,0,5432.18,USD,,,2025-10-18T00:07:56.385199,
5fdb9c26-1f17-4e5b-928f-8ea76faf4caf,fa6b3223-0c9a-40e9-b075-9220ef58763e,07719dcf-f7f7-40b9-965a-bbaa596bfe6f,,INV-002045,Invoice for Products,partial,2025-08-16,2026-09-24,2026-07-06T07:18:02.385224,,45510.39,10,4551.04,50061.43,25030.715,25030.715,USD,,62690dc9-ce10-4350-912d-d58a9fe58f42,2026-05-26T04:42:49.385231,
9d37fea1-72e0-4346-bb3a-39fd255e3103,fa6b3223-0c9a-40e9-b075-9220ef58763e,c69c54f3-ce3c-45f4-9c5e-a579c9e36027,,INV-002046,Invoice for Services,partial,2026-02-03,2026-08-17,2026-06-14T02:17:23.385257,,73283.46,7.5,5496.26,78779.72,39389.86,39389.86,USD,,a0ad4ccd-96f5-4c89-9f50-dbc7e3a363cd,2026-01-06T02:48:00.385264,
196b38b7-5375-43f7-8c7c-374fddfea7e9,fa6b3223-0c9a-40e9-b075-9220ef58763e,fa416b23-bc11-4d93-9768-d6ea86ba1ada,,INV-002047,Invoice for Products,cancelled,2026-06-24,2026-09-14,2026-02-13T09:16:34.385290,,66522.98,7.5,4989.22,71512.2,0,71512.2,USD,,,2026-07-03T08:08:39.385295,
59c78d2a-63b9-4e24-a5c4-c769656ab87b,fa6b3223-0c9a-40e9-b075-9220ef58763e,144bd92f-b770-4b2f-9803-115f815af450,,INV-002048,Invoice for Services,draft,2026-07-09,2026-12-10,,,32540.79,20,6508.16,39048.95,0,39048.95,USD,Thank you for your business!,6a0f1ac6-ecf7-4b4b-a532-65759e5c500c,2026-01-20T14:25:49.385336,
6a857006-1d0e-4745-ac30-bb02b728facf,fa6b3223-0c9a-40e9-b075-9220ef58763e,,,INV-002049,Invoice for Support,draft,2025-09-01,2026-10-19,,,87474.49,15,13121.17,100595.66,0,100595.66,USD,Thank you for your business!,,2026-03-27T07:38:54.385362,
7acda621-b86d-43ec-9d49-9d26346fdb6a,fa6b3223-0c9a-40e9-b075-9220ef58763e,,,INV-002050,Invoice for Consulting,paid,2025-11-28,2026-10-06,2026-06-30T13:27:53.385386,2026-04-19T21:48:28.385391,53650.01,7.5,4023.75,57673.76,57673.76,0,USD,,378cd288-dd04-4ac3-8124-74d3a53327de,2026-06-20T06:41:45.385398,
9c7ef85f-834c-4206-bb20-9d9e0a0df021,fa6b3223-0c9a-40e9-b075-9220ef58763e,93845102-57b4-4d18-afe2-8af6440c1caa,,INV-002051,Invoice for Products,paid,2026-06-06,2026-08-29,2026-04-06T02:38:12.385424,2026-05-14T18:15:21.385429,69458.2,15,10418.73,79876.93,79876.93,0,USD,Thank you for your business!,,2026-05-07T07:12:37.385435,
86050b9d-f02e-41eb-aa9c-6a309dbe2077,fa6b3223-0c9a-40e9-b075-9220ef58763e,7fa6febe-8a9a-4222-aa06-80308db2e332,,INV-002052,Invoice for Products,partial,2025-12-20,2026-11-30,2026-02-06T09:09:43.385466,,95092.3,0,0.0,95092.3,47546.15,47546.15,USD,Thank you for your business!,f4f3e25b-c0cf-4cce-add0-66f6b5ca5796,2026-06-14T01:25:59.385473,
4ca2d5f5-d5d2-43db-ae39-9c9876d08bf2,fa6b3223-0c9a-40e9-b075-9220ef58763e,,,INV-002053,Invoice for Products,overdue,2026-02-19,2026-12-05,2026-05-22T14:13:27.385502,,77315.47,20,15463.09,92778.56,0,92778.56,USD,,8179171f-a6d3-4819-aeeb-18f5a898df84,2025-11-18T04:05:23.385509,
ab1dd000-c33d-4666-8a6f-45ab4ca69f07,fa6b3223-0c9a-40e9-b075-9220ef58763e,d3aceeef-a8a2-4d56-85f6-4d3231add349,,INV-002054,Invoice for Support,draft,2026-02-27,2027-01-29,,,62051.91,15,9307.79,71359.7,0,71359.7,USD,,,2026-05-31T17:42:33.385536,
f9cc61db-7d9b-481f-a400-731c6e43e112,fa6b3223-0c9a-40e9-b075-9220ef58763e,,,INV-002055,Invoice for Subscription,partial,2026-07-04,2026-11-09,2026-05-04T16:35:00.385560,,36211.13,20,7242.23,43453.36,21726.68,21726.68,USD,Thank you for your business!,,2025-09-22T13:57:33.385566,
f61d9db0-6697-4ab8-ae90-482a8557818f,fa6b3223-0c9a-40e9-b075-9220ef58763e,0d507453-9c60-49b0-928c-33377371fd7b,cb76aba4-6d7c-4293-be54-121a9bd36ec9,INV-002056,Invoice for Services,sent,2025-11-20,2026-09-24,2026-05-02T15:30:50.385601,,90674.88,0,0.0,90674.88,0,90674.88,USD,Thank you for your business!,8e044830-b45f-47b7-ba71-4513f50eed22,2026-05-30T03:27:02.385608,
c86abf2a-e845-469f-a3ea-c7f67f87d179,fa6b3223-0c9a-40e9-b075-9220ef58763e,fe09511f-bb64-48c4-9e06-152dd341b47b,,INV-002057,Invoice for Products,cancelled,2026-04-20,2026-12-04,2026-07-30T15:59:04.385638,,96440.36,10,9644.04,106084.4,0,106084.4,USD,Thank you for your business!,,2026-01-10T16:44:50.385644,
d1b18008-c68c-4b5e-a02f-e99a986025b6,fa6b3223-0c9a-40e9-b075-9220ef58763e,,,INV-002058,Invoice for Subscription,viewed,2026-02-12,2027-01-22,2026-06-29T08:35:02.385673,,31672.11,20,6334.42,38006.53,0,38006.53,USD,Thank you for your business!,,2026-01-30T19:42:32.385679,
1917caa7-08d2-4320-bb70-d841ba6d1e33,fa6b3223-0c9a-40e9-b075-9220ef58763e,,,INV-002059,Invoice for Services,cancelled,2025-09-01,2026-12-01,2026-02-05T10:01:20.385704,,91152.66,15,13672.9,104825.56,0,104825.56,USD,,,2026-03-12T04:23:05.385710,
3fa8a8b4-47c7-4531-80df-dd8e2f793cff,fa6b3223-0c9a-40e9-b075-9220ef58763e,0fb035d1-1814-4295-9681-6eac940d5069,06c0b931-ce57-4f02-bb0f-71c5ccddc618,INV-002060,Invoice for Consulting,partial,2025-09-16,2027-01-02,2026-07-23T03:53:25.385737,,26918.3,0,0.0,26918.3,13459.15,13459.15,USD,,1ba3d0ff-b706-4a85-9cf8-cb2348d03468,2026-03-08T19:53:38.385744,
b5626393-9e86-43e6-93dc-08417586ba15,fa6b3223-0c9a-40e9-b075-9220ef58763e,58338dfe-cee2-4593-a6ba-084fe1702ee6,b4458716-5460-47c6-b4da-e66fce279632,INV-002061,Invoice for Services,draft,2026-04-28,2026-11-11,,,95251.93,5,4762.6,100014.53,0,100014.53,USD,Thank you for your business!,,2026-07-03T22:35:03.385775,
97efb180-cb51-481e-8962-96349b8b0331,fa6b3223-0c9a-40e9-b075-9220ef58763e,,,INV-002062,Invoice for Services,cancelled,2026-06-20,2026-09-26,2026-07-17T07:59:48.385800,,83971.01,10,8397.1,92368.11,0,92368.11,USD,,,2025-09-10T04:49:04.385806,
c30439e6-5c4f-4104-b2c1-7863d41bc854,fa6b3223-0c9a-40e9-b075-9220ef58763e,,ab35a1e1-765a-4ace-a2aa-c69d961c3cec,INV-002063,Invoice for Subscription,viewed,2026-01-16,2026-12-05,2026-04-21T15:00:01.385832,,85342.25,20,17068.45,102410.7,0,102410.7,USD,Thank you for your business!,,2025-12-26T15:32:19.385838,
3066d734-bfbd-4a84-a2e4-1abd6019709f,fa6b3223-0c9a-40e9-b075-9220ef58763e,4934e6b0-7110-4e80-a7b7-06c344749e00,,INV-002064,Invoice for Products,partial,2026-01-15,2026-12-19,2026-04-03T07:31:28.385868,,76977.66,15,11546.65,88524.31,44262.155,44262.155,USD,,a0ad4ccd-96f5-4c89-9f50-dbc7e3a363cd,2026-06-20T10:50:38.385874,
06e76407-9ec1-4a25-8440-f0f7f88a829e,fa6b3223-0c9a-40e9-b075-9220ef58763e,edd02674-1b00-4d2e-b60b-45ca39ef143c,,INV-002065,Invoice for Consulting,paid,2026-03-13,2026-10-04,2026-07-19T23:03:12.385901,2026-07-24T00:48:00.385906,85855.09,0,0.0,85855.09,85855.09,0,USD,,a4338fb5-8d78-426d-874f-d6bfb19a8f80,2026-04-18T01:23:09.385913,
a07cebec-ba92-47a4-847b-027aefeefa9b,fa6b3223-0c9a-40e9-b075-9220ef58763e,,,INV-002066,Invoice for Products,draft,2026-02-01,2026-12-30,,,53461.21,5,2673.06,56134.27,0,56134.27,USD,,,2025-08-13T12:58:04.385939,
2871f0e9-4827-4a34-ab93-d08985eefe57,fa6b3223-0c9a-40e9-b075-9220ef58763e,f0a23ac5-17da-438d-9041-030600ae3da4,e575cb67-02bb-4d63-9016-53344045e829,INV-002067,Invoice for Services,paid,2025-10-04,2027-01-26,2026-04-11T09:17:53.385966,2026-06-02T11:40:10.385972,44068.82,20,8813.76,52882.58,52882.58,0,USD,,,2026-03-08T19:57:56.385977,
f80ff010-9c41-4e92-8204-0a9928066b02,fa6b3223-0c9a-40e9-b075-9220ef58763e,d630235a-e0d9-4ac6-81ea-9c265e289f7f,,INV-002068,Invoice for Subscription,overdue,2026-04-12,2026-08-22,2026-05-04T14:44:19.386003,,80060.95,20,16012.19,96073.14,0,96073.14,USD,,c69a6c28-2d1a-47ca-bd6a-c82c4ebc40fb,2026-02-19T14:42:04.386010,
1756a3f5-de67-4f84-aebf-08cbffc4c470,fa6b3223-0c9a-40e9-b075-9220ef58763e,3b3573ac-b85a-41c9-aaf0-7be148e378b9,b8788630-57de-48e5-b50c-bdf87714dcc2,INV-002069,Invoice for Services,overdue,2026-06-12,2027-02-02,2026-05-03T20:26:43.386041,,98405.89,5,4920.29,103326.18,0,103326.18,USD,Thank you for your business!,4429edd0-5433-4208-b548-3e25a123de0d,2026-02-06T08:40:57.386048,
99932a83-3f68-47cd-a05a-82d6bfe3c41a,fa6b3223-0c9a-40e9-b075-9220ef58763e,1ff49a64-4a95-42fe-a4c2-347621675c41,,INV-002070,Invoice for Subscription,viewed,2026-03-13,2026-08-09,2026-04-03T01:18:56.386074,,74475.88,7.5,5585.69,80061.57,0,80061.57,USD,,,2026-07-25T14:26:42.386080,
635c0d92-4a51-4663-9e2a-23629565bb3e,fa6b3223-0c9a-40e9-b075-9220ef58763e,7a648efd-7e76-407b-a698-b95ae922e1b5,e6609668-7067-499d-b320-19a5b585901e,INV-002071,Invoice for Support,cancelled,2026-03-16,2026-11-19,2026-07-21T15:43:24.386107,,70159.75,8,5612.78,75772.53,0,75772.53,USD,,,2026-06-01T12:50:24.386112,
106ed99d-effc-4417-a36f-ec25cf3518f1,fa6b3223-0c9a-40e9-b075-9220ef58763e,,402c1b9b-1e15-42f2-a86b-5ec55dc2bdcf,INV-002072,Invoice for Products,sent,2026-01-24,2027-01-28,2026-05-25T23:34:44.386142,,81409.33,10,8140.93,89550.26,0,89550.26,USD,Thank you for your business!,,2026-06-07T10:24:26.386148,
29485c6c-9dde-47b6-81b5-40f8a45932d4,fa6b3223-0c9a-40e9-b075-9220ef58763e,0e71cca2-d749-43ae-a5c4-e90078f724ab,,INV-002073,Invoice for Services,overdue,2026-04-19,2027-01-05,2026-02-19T02:33:41.386178,,93978.31,0,0.0,93978.31,0,93978.31,USD,Thank you for your business!,,2026-06-14T11:19:08.386184,
f7a1264c-d245-4f61-a6d6-eb37c60f5163,fa6b3223-0c9a-40e9-b075-9220ef58763e,,07f4e0cd-e8d6-42a7-943b-9a88683795b8,INV-002074,Invoice for Consulting,cancelled,2025-11-13,2026-12-11,2026-04-25T10:17:26.386215,,6994.85,10,699.49,7694.34,0,7694.34,USD,Thank you for your business!,,2026-04-07T20:32:09.386221,
6112521d-31cb-4379-a436-424450be40e3,fa6b3223-0c9a-40e9-b075-9220ef58763e,,,INV-002075,Invoice for Consulting,draft,2026-04-01,2026-09-19,,,99019.51,0,0.0,99019.51,0,99019.51,USD,Thank you for your business!,,2025-12-16T03:17:55.386246,
83ae83ae-a295-4e8c-a352-6cb518832aa3,fa6b3223-0c9a-40e9-b075-9220ef58763e,cd83957c-6ab2-4f88-ab30-682da1bbf8bf,3ddeb9ba-13db-4be0-88a1-ee1da5c2fd47,INV-002076,Invoice for Subscription,sent,2026-02-17,2027-01-20,2026-02-12T20:33:41.386272,,55682.9,0,0.0,55682.9,0,55682.9,USD,Thank you for your business!,,2026-04-26T15:40:55.386278,
cc5ed29c-85f0-4f8b-a696-c7fe648a502f,fa6b3223-0c9a-40e9-b075-9220ef58763e,,,INV-002077,Invoice for Products,draft,2025-10-18,2026-08-18,,,62060.45,7.5,4654.53,66714.98,0,66714.98,USD,,,2026-08-01T05:13:24.386303,
7063aceb-88b0-49e5-8a9e-1f16f97979b8,fa6b3223-0c9a-40e9-b075-9220ef58763e,d018ebae-ef6c-417d-afb2-79dc7aa385c6,da2b0657-7d59-423c-aa40-b9bbf3bc3f29,INV-002078,Invoice for Services,viewed,2026-03-03,2026-11-03,2026-04-22T01:13:21.386330,,14751.59,0,0.0,14751.59,0,14751.59,USD,Thank you for your business!,,2025-09-29T18:10:38.386335,
9e7c1c6e-442a-43a2-8151-f91a04477aca,fa6b3223-0c9a-40e9-b075-9220ef58763e,6257d598-4951-47a5-bf96-a1d9ed9ec58d,,INV-002079,Invoice for Support,viewed,2025-11-16,2026-08-15,2026-05-14T22:36:21.386366,,26468.92,15,3970.34,30439.26,0,30439.26,USD,,,2026-05-17T23:47:30.386371,
953b43ab-431c-45cc-a583-1448187fe079,fa6b3223-0c9a-40e9-b075-9220ef58763e,e707a6aa-2d3a-4ccf-b73d-61d963629eb6,,INV-002080,Invoice for Services,sent,2026-06-13,2026-12-24,2026-07-13T15:29:59.386397,,90400.57,20,18080.11,108480.68,0,108480.68,USD,Thank you for your business!,,2026-03-28T02:13:39.386403,
b8ceef39-940d-4f94-b2b1-2a2feb9f0aa2,fa6b3223-0c9a-40e9-b075-9220ef58763e,33d34fcc-8946-46db-b549-836d938008ee,,INV-002081,Invoice for Support,partial,2026-03-31,2026-12-27,2026-03-01T06:43:53.386429,,68875.93,8,5510.07,74386.0,37193.0,37193.0,USD,,,2026-02-14T04:51:36.386435,
e3c4cc97-8a17-416f-82ec-cd0a183b3e4b,fa6b3223-0c9a-40e9-b075-9220ef58763e,0dc7cafc-60e8-4df5-9286-098318c4c811,,INV-002082,Invoice for Products,sent,2026-01-27,2026-12-31,2026-07-30T13:43:57.386466,,21134.48,10,2113.45,23247.93,0,23247.93,USD,Thank you for your business!,96d19585-919a-4718-8594-7c4f72118e25,2026-05-21T04:58:54.386473,
9746539b-d51c-4c14-a767-e5e7ca8b4dda,fa6b3223-0c9a-40e9-b075-9220ef58763e,72eaaa34-da07-4a45-a6f3-eb7662d34ad2,,INV-002083,Invoice for Support,paid,2026-07-07,2026-11-20,2026-05-03T08:36:09.386499,2026-04-27T04:28:59.386504,66602.9,8,5328.23,71931.13,71931.13,0,USD,,ff6be85d-4540-4b74-a079-537b0ba161db,2026-01-09T11:32:28.386511,
97819c19-dd78-4c7e-91f8-ae402c9bc2ee,fa6b3223-0c9a-40e9-b075-9220ef58763e,,,INV-002084,Invoice for Products,overdue,2026-02-14,2026-09-15,2026-05-24T04:50:47.386536,,74092.55,15,11113.88,85206.43,0,85206.43,USD,,,2026-07-29T20:10:18.386542,
60ce896b-ae61-44ee-acd1-0aa2eb9d39e4,fa6b3223-0c9a-40e9-b075-9220ef58763e,8e1b6c2b-141a-4b0b-b8fc-7eb4672acd5e,c43f7ae0-4316-4a43-a745-63c587817c10,INV-002085,Invoice for Support,partial,2026-04-02,2026-11-07,2026-04-19T01:14:18.386573,,96013.29,15,14401.99,110415.28,55207.64,55207.64,USD,,50e8bb30-74fe-43ee-b8cb-43ecb17f80fa,2025-09-25T16:40:11.386580,
7c0d85ba-d59a-4d42-9700-f93e7f512e0f,fa6b3223-0c9a-40e9-b075-9220ef58763e,,,INV-002086,Invoice for Services,partial,2026-04-30,2026-08-12,2026-06-20T20:42:04.386605,,80703.34,0,0.0,80703.34,40351.67,40351.67,USD,Thank you for your business!,8f1eef7d-e080-4a24-b1be-575cf6fe5bd7,2026-03-01T07:48:25.386612,
ae942aaa-e63f-415f-9aa9-a9f432808047,fa6b3223-0c9a-40e9-b075-9220ef58763e,,,INV-002087,Invoice for Subscription,partial,2026-02-05,2026-09-17,2026-06-20T07:24:09.386637,,49151.34,5,2457.57,51608.91,25804.455,25804.455,USD,,,2025-12-24T14:16:51.386643,
7b27af51-35ae-4440-9a2e-41660e7dbefc,fa6b3223-0c9a-40e9-b075-9220ef58763e,be93731c-a6a6-486f-bfe3-e39f7cab8b83,,INV-002088,Invoice for Products,paid,2025-08-22,2027-01-28,2026-07-06T13:28:49.386673,2026-07-25T06:54:44.386679,61354.22,10,6135.42,67489.64,67489.64,0,USD,,,2026-01-11T07:48:26.386685,
2b12629b-0081-43cc-a63b-6186b975e94e,fa6b3223-0c9a-40e9-b075-9220ef58763e,fda062ac-0e99-48e1-bb90-a73d23c7be1b,,INV-002089,Invoice for Support,viewed,2026-05-06,2026-10-15,2026-06-02T09:36:29.386713,,37417.95,10,3741.8,41159.75,0,41159.75,USD,Thank you for your business!,,2026-03-26T13:13:27.386719,
f5c9fb2f-1cd5-4e84-b099-cd334ac470ff,fa6b3223-0c9a-40e9-b075-9220ef58763e,9fcff06e-5e0d-409c-ad7b-dbe409171419,,INV-002090,Invoice for Consulting,cancelled,2026-03-19,2026-08-30,2026-02-09T02:18:30.386754,,32826.19,5,1641.31,34467.5,0,34467.5,USD,,cec34a1f-a219-4d75-9384-c8cdf22fc9ea,2025-09-18T20:28:14.386760,
64edf1c0-5a3b-4e1d-b693-339062f91ffc,fa6b3223-0c9a-40e9-b075-9220ef58763e,fb1e4a12-9f9c-4427-bcd2-91d287f14fe5,,INV-002091,Invoice for Subscription,overdue,2026-03-21,2026-10-24,2026-03-22T17:55:02.386786,,8308.03,20,1661.61,9969.64,0,9969.64,USD,,,2025-12-22T00:32:11.386792,
480ab6ac-b89b-42ef-9cbf-910cfd32fb70,fa6b3223-0c9a-40e9-b075-9220ef58763e,5a75273c-47d0-4d53-a830-770249b13533,,INV-002092,Invoice for Consulting,draft,2025-08-17,2026-08-15,,,44117.15,8,3529.37,47646.52,0,47646.52,USD,,5deb3816-c271-4ca8-a25b-6754210165dd,2026-02-12T11:38:15.386819,
707aa135-c097-49db-a323-4d1424891bce,fa6b3223-0c9a-40e9-b075-9220ef58763e,effd3a7b-2d4d-44b3-83c3-a5efef5c9c08,,INV-002093,Invoice for Products,paid,2026-05-18,2026-09-02,2026-05-27T19:25:05.386845,2026-05-01T01:34:08.386850,79329.39,20,15865.88,95195.27,95195.27,0,USD,Thank you for your business!,,2025-09-25T05:58:46.386856,
dc682a9b-508c-41d7-973d-467befd8ebef,fa6b3223-0c9a-40e9-b075-9220ef58763e,,,INV-002094,Invoice for Support,draft,2026-07-26,2026-10-17,,,93774.82,0,0.0,93774.82,0,93774.82,USD,,,2025-10-28T15:53:52.386882,
42202fda-826c-4840-9443-b7a6431660c9,fa6b3223-0c9a-40e9-b075-9220ef58763e,,54032aef-ce6c-4d80-a244-eceaa357ffa6,INV-002095,Invoice for Subscription,paid,2026-07-12,2027-02-04,2026-04-27T18:33:21.386911,2026-05-01T23:59:20.386917,150.21,7.5,11.27,161.48,161.48,0,USD,,ec0018e9-3b9c-459d-a697-6c984a658288,2025-10-08T13:53:59.386923,
451d3d30-21fb-4fe1-92b9-c5033df53f04,fa6b3223-0c9a-40e9-b075-9220ef58763e,,,INV-002096,Invoice for Services,overdue,2025-08-16,2026-10-27,2026-03-03T02:33:07.386948,,25225.57,15,3783.84,29009.41,0,29009.41,USD,Thank you for your business!,,2026-04-18T15:13:48.386954,
c01e6ac5-a5ad-4d1e-9f8c-fa74f4cc6e07,fa6b3223-0c9a-40e9-b075-9220ef58763e,,,INV-002097,Invoice for Consulting,cancelled,2026-02-22,2026-10-27,2026-05-07T00:25:32.386978,,89000.13,5,4450.01,93450.14,0,93450.14,USD,Thank you for your business!,,2026-07-22T09:31:05.386984,
995142a7-4dd1-45ef-bc9a-5f44b678d7e5,fa6b3223-0c9a-40e9-b075-9220ef58763e,d66c3594-f810-420f-bb90-583de842e5a1,,INV-002098,Invoice for Subscription,partial,2025-10-08,2026-11-19,2026-06-13T02:10:37.387009,,18629.05,15,2794.36,21423.41,10711.705,10711.705,USD,,,2025-08-31T02:55:11.387015,
72167df9-033c-4904-a511-0804af948dc0,fa6b3223-0c9a-40e9-b075-9220ef58763e,,,INV-002099,Invoice for Support,overdue,2025-11-05,2026-10-03,2026-04-12T23:00:42.387049,,30197.5,10,3019.75,33217.25,0,33217.25,USD,,1d57d22a-5243-4f95-8d91-a35e153809eb,2025-08-08T22:18:41.387057,
8b3550eb-0e32-4aaa-b40d-352c79f811d0,fa6b3223-0c9a-40e9-b075-9220ef58763e,,,INV-002100,Invoice for Support,paid,2025-10-31,2026-08-15,2026-07-20T14:44:04.387086,2026-06-01T02:21:46.387091,11481.16,15,1722.17,13203.33,13203.33,0,USD,,bc83fccf-143d-48a4-ae67-141d5eefbf63,2025-12-20T09:35:07.387098,
047e3b60-6a9b-4117-8aa5-7ba6f218d852,fa6b3223-0c9a-40e9-b075-9220ef58763e,b4a6dc66-a0d6-4895-8f87-21aef008a174,79de2361-52fb-4874-8067-549a4fa94e00,INV-002101,Invoice for Subscription,overdue,2025-12-29,2026-12-08,2026-07-10T23:15:52.387126,,55646.39,0,0.0,55646.39,0,55646.39,USD,Thank you for your business!,,2026-06-29T00:46:40.387132,
410fe04b-e8c9-4a21-be19-560f6251b97f,fa6b3223-0c9a-40e9-b075-9220ef58763e,,3231bb93-1343-4e85-9b40-1d95a715aea1,INV-002102,Invoice for Consulting,paid,2026-03-07,2026-12-18,2026-03-28T07:41:07.387157,2026-05-22T05:44:01.387162,1539.22,5,76.96,1616.18,1616.18,0,USD,Thank you for your business!,,2025-11-17T10:17:08.387168,
bd8aee83-c72a-4206-8939-6c458d0f5659,fa6b3223-0c9a-40e9-b075-9220ef58763e,0dc7cafc-60e8-4df5-9286-098318c4c811,,INV-002103,Invoice for Support,viewed,2025-11-13,2026-10-17,2026-02-10T21:02:59.387193,,55324.25,15,8298.64,63622.89,0,63622.89,USD,Thank you for your business!,,2025-08-09T22:16:11.387199,
51002deb-3f4e-49d4-8bd0-4472549261d7,fa6b3223-0c9a-40e9-b075-9220ef58763e,491ef7e5-62e9-424b-b090-ca5f5e49ede4,,INV-002104,Invoice for Products,paid,2025-08-13,2026-10-14,2026-05-14T02:17:34.387229,2026-06-06T18:30:57.387234,32873.97,10,3287.4,36161.37,36161.37,0,USD,Thank you for your business!,,2026-04-30T05:44:44.387240,
1f3b97c4-6346-47b5-8b07-656e349115b9,fa6b3223-0c9a-40e9-b075-9220ef58763e,be11a268-76b2-46c4-a435-e60c3e57ee0c,,INV-002105,Invoice for Support,draft,2025-11-05,2026-12-01,,,89429.18,5,4471.46,93900.64,0,93900.64,USD,,,2025-12-06T12:46:46.387270,
5472296e-4a16-4b81-82e8-715d2bd02861,fa6b3223-0c9a-40e9-b075-9220ef58763e,f2ef38f6-db7d-4d78-96c1-fc9124ada972,,INV-002106,Invoice for Services,viewed,2026-06-30,2026-10-16,2026-07-09T15:04:10.387296,,23628.85,0,0.0,23628.85,0,23628.85,USD,Thank you for your business!,,2025-09-14T15:27:59.387307,
0003a3ae-1b38-4317-93a6-a32ebb4d40a8,fa6b3223-0c9a-40e9-b075-9220ef58763e,,,INV-002107,Invoice for Services,viewed,2026-07-28,2026-12-24,2026-05-17T09:41:21.387334,,80915.65,20,16183.13,97098.78,0,97098.78,USD,,b03259d6-d21e-4eae-9da0-864b9944c4a8,2026-01-26T18:55:07.387340,
6c5ef578-4cd8-4f46-981e-29ac42f380c6,fa6b3223-0c9a-40e9-b075-9220ef58763e,c6a57a17-d9b5-46ec-9985-7d576e2968ed,,INV-002108,Invoice for Subscription,partial,2026-02-18,2026-08-26,2026-06-12T18:19:25.387366,,68775.03,5,3438.75,72213.78,36106.89,36106.89,USD,,,2025-09-26T07:15:51.387372,
f357d24f-ce8e-4eea-b771-b74caeaef536,fa6b3223-0c9a-40e9-b075-9220ef58763e,74ad6662-194d-463c-bf8f-77570c778226,,INV-002109,Invoice for Services,paid,2026-07-29,2027-01-14,2026-05-22T06:27:18.387398,2026-06-22T03:29:50.387403,53911.44,7.5,4043.36,57954.8,57954.8,0,USD,Thank you for your business!,,2026-03-22T06:42:35.387408,
6e929530-1df1-4ceb-ac0e-90e5a7fdc957,fa6b3223-0c9a-40e9-b075-9220ef58763e,,,INV-002110,Invoice for Consulting,overdue,2026-05-20,2026-09-11,2026-06-23T04:02:12.387433,,93724.66,0,0.0,93724.66,0,93724.66,USD,Thank you for your business!,a285bb15-1282-4baf-af08-1c956f0c4a8e,2026-04-20T18:15:20.387440,
b3cecbd7-8d35-4f25-9751-8ea01804633d,fa6b3223-0c9a-40e9-b075-9220ef58763e,,,INV-002111,Invoice for Consulting,sent,2026-03-25,2026-10-16,2026-05-22T14:32:29.387475,,46389.71,10,4638.97,51028.68,0,51028.68,USD,Thank you for your business!,,2025-12-13T10:24:23.387481,
ed68f39a-3b56-440e-9552-2f4d2b35493d,fa6b3223-0c9a-40e9-b075-9220ef58763e,,b8788630-57de-48e5-b50c-bdf87714dcc2,INV-002112,Invoice for Subscription,viewed,2025-11-13,2026-12-19,2026-04-08T12:28:54.387506,,18892.3,20,3778.46,22670.76,0,22670.76,USD,Thank you for your business!,30062f87-d92d-4a5b-9178-b618e9645f37,2026-02-27T19:19:59.387512,
c7c5fec9-effd-404c-8e3a-2df123dae6e6,fa6b3223-0c9a-40e9-b075-9220ef58763e,7c38feae-e3d7-4691-9993-4ea71eeaff9d,1542b6cc-b924-4a83-bc4a-99c37f57e3af,INV-002113,Invoice for Support,paid,2026-03-07,2026-09-15,2026-07-23T17:21:14.387539,2026-04-30T15:05:25.387544,61290.03,15,9193.5,70483.53,70483.53,0,USD,Thank you for your business!,,2026-03-25T10:14:37.387550,
55b6cdd1-f03b-4558-941a-6b874cc86af0,fa6b3223-0c9a-40e9-b075-9220ef58763e,b9e90806-8b97-4f70-8741-6523667cc3ce,,INV-002114,Invoice for Support,sent,2026-03-15,2026-10-12,2026-05-03T03:32:32.387575,,12909.09,8,1032.73,13941.82,0,13941.82,USD,Thank you for your business!,,2025-10-22T15:38:38.387581,
86c59e33-cb63-43d2-b9c6-66f754860c97,fa6b3223-0c9a-40e9-b075-9220ef58763e,,,INV-002115,Invoice for Products,sent,2026-08-07,2026-12-01,2026-06-17T17:45:05.387651,,98534.91,10,9853.49,108388.4,0,108388.4,USD,Thank you for your business!,,2026-02-09T09:42:17.387662,
14846eb1-4714-4dbb-bae9-6e8f3c86ae81,fa6b3223-0c9a-40e9-b075-9220ef58763e,,,INV-002116,Invoice for Consulting,viewed,2026-07-24,2026-09-09,2026-07-20T17:13:12.387720,,94274.47,15,14141.17,108415.64,0,108415.64,USD,,,2026-06-01T02:45:35.387730,
b1b45f0f-27de-427c-9e30-4c5748cc914f,fa6b3223-0c9a-40e9-b075-9220ef58763e,7b2ac7b1-c8d6-4358-8559-c0998b13203e,,INV-002117,Invoice for Support,cancelled,2026-02-05,2026-08-27,2026-06-23T16:41:21.387797,,50956.71,20,10191.34,61148.05,0,61148.05,USD,,,2026-06-14T03:06:17.387807,
96702768-d4cb-4c74-98e4-7dc186aea395,fa6b3223-0c9a-40e9-b075-9220ef58763e,da73ba58-e050-444c-bf73-3e56ca7470d5,,INV-002118,Invoice for Consulting,overdue,2025-08-14,2026-11-11,2026-04-10T01:53:39.387870,,46611.08,20,9322.22,55933.3,0,55933.3,USD,Thank you for your business!,,2026-02-04T04:50:56.387876,
8d72b378-9753-488d-9f60-6dc237fbcd31,fa6b3223-0c9a-40e9-b075-9220ef58763e,,c4611142-31ce-4558-9982-bd721f41197f,INV-002119,Invoice for Support,draft,2026-05-10,2026-09-22,,,80988.81,15,12148.32,93137.13,0,93137.13,USD,Thank you for your business!,,2026-01-09T10:41:42.387908,
69a36d82-0fe8-42f5-82a3-2bb0e5b3d8ab,fa6b3223-0c9a-40e9-b075-9220ef58763e,434d357d-035c-44e4-b9b6-521378f6e239,,INV-002120,Invoice for Products,paid,2026-05-04,2026-10-28,2026-02-06T14:23:35.387942,2026-07-16T16:51:27.387949,62820.16,20,12564.03,75384.19,75384.19,0,USD,,,2026-06-23T17:10:59.387956,
5a3dd800-cbe6-496f-ae3c-285801850f4a,fa6b3223-0c9a-40e9-b075-9220ef58763e,,c6b44a2a-52ff-45e2-bf1a-7ab2bf7daee1,INV-002121,Invoice for Support,overdue,2025-10-04,2026-10-09,2026-06-01T20:25:28.387988,,64769.09,0,0.0,64769.09,0,64769.09,USD,,,2025-11-18T06:14:00.387994,
758ed5b3-293e-41e7-b717-740ef5ebc624,fa6b3223-0c9a-40e9-b075-9220ef58763e,,,INV-002122,Invoice for Consulting,cancelled,2026-05-19,2026-11-07,2026-06-19T08:24:07.388021,,35013.71,20,7002.74,42016.45,0,42016.45,USD,,,2026-02-05T11:34:07.388030,
8fec699a-6f88-4f83-99ae-a296d2cf872e,fa6b3223-0c9a-40e9-b075-9220ef58763e,,7599a953-fba9-444a-8e76-447d92f054da,INV-002123,Invoice for Support,overdue,2025-11-26,2026-09-29,2026-07-26T06:44:48.388057,,66965.89,7.5,5022.44,71988.33,0,71988.33,USD,Thank you for your business!,,2025-10-04T07:58:05.388063,
61ffe5b1-f4ba-4db5-a36f-20de2f8109ff,fa6b3223-0c9a-40e9-b075-9220ef58763e,,,INV-002124,Invoice for Services,overdue,2025-10-21,2026-11-16,2026-04-06T23:40:24.388089,,5622.11,15,843.32,6465.43,0,6465.43,USD,Thank you for your business!,,2026-04-17T09:13:05.388095,
e9204027-4768-44f6-a6ef-a078cfb68bd9,fa6b3223-0c9a-40e9-b075-9220ef58763e,20f15023-35dc-4ba2-bce0-d35ab6c1c177,,INV-002125,Invoice for Support,overdue,2026-07-07,2026-10-17,2026-02-16T05:02:55.388122,,65316.9,5,3265.84,68582.74,0,68582.74,USD,Thank you for your business!,cc50577f-43ca-4121-a10d-62cf6f314816,2026-01-17T07:40:10.388130,
ad1ae5b3-457a-43a9-a0fa-dfbb33767055,fa6b3223-0c9a-40e9-b075-9220ef58763e,bfa8ce3d-d420-4fb8-a8b8-e3f4a5739811,,INV-002126,Invoice for Support,cancelled,2026-08-02,2026-12-22,2026-02-27T05:12:41.388161,,3804.43,20,760.89,4565.32,0,4565.32,USD,Thank you for your business!,777222ed-2890-44b5-ab16-e722e4c570ca,2026-05-30T07:29:13.388167,
b79b4fdd-c640-4c62-8c09-78bb2f9bd26e,fa6b3223-0c9a-40e9-b075-9220ef58763e,,,INV-002127,Invoice for Services,partial,2025-10-28,2026-08-25,2026-06-03T11:47:20.388193,,6323.3,20,1264.66,7587.96,3793.98,3793.98,USD,Thank you for your business!,16d71fad-8936-4bcd-8737-1a0b376c786d,2026-02-16T16:12:46.388200,
10202540-28e5-4c9b-be70-b94eb9b6a728,fa6b3223-0c9a-40e9-b075-9220ef58763e,,3c487ec8-df9e-4341-9186-24a1c132915c,INV-002128,Invoice for Consulting,sent,2026-07-03,2026-08-28,2026-03-24T22:58:01.388226,,77307.27,8,6184.58,83491.85,0,83491.85,USD,Thank you for your business!,,2026-07-23T20:41:24.388233,
c0aea346-66ea-4e92-ae38-5081a9e8133a,fa6b3223-0c9a-40e9-b075-9220ef58763e,,6c53b130-66cc-4566-aec3-668a937592f1,INV-002129,Invoice for Support,overdue,2026-02-05,2026-09-24,2026-07-30T19:55:45.388260,,47901.94,0,0.0,47901.94,0,47901.94,USD,Thank you for your business!,,2025-11-19T14:09:18.388266,
4482fa1c-36b3-40e4-bd5b-479b586ad38b,fa6b3223-0c9a-40e9-b075-9220ef58763e,,6d4962cc-4000-4cce-b613-579430b8aea6,INV-002130,Invoice for Support,viewed,2025-09-19,2026-09-30,2026-04-21T12:23:25.388292,,34154.54,10,3415.45,37569.99,0,37569.99,USD,Thank you for your business!,,2026-01-10T03:54:04.388298,
23dfc20f-f21d-4c37-9bae-6f073567ca87,fa6b3223-0c9a-40e9-b075-9220ef58763e,64e1f9d2-8631-4b68-8b40-b9ea51b5a41a,83ce337a-c89f-472a-afe8-7a2fb68774c2,INV-002131,Invoice for Services,paid,2026-06-04,2026-08-17,2026-05-30T00:41:48.388326,2026-05-20T09:15:26.388331,21033.64,20,4206.73,25240.37,25240.37,0,USD,,,2026-06-15T19:56:12.388337,
4d207552-47d7-40aa-97fb-a60fcd310d96,fa6b3223-0c9a-40e9-b075-9220ef58763e,3669486f-9e2e-4261-9325-64b9a287f6d3,,INV-002132,Invoice for Subscription,cancelled,2026-08-06,2026-11-18,2026-06-26T14:06:52.388369,,9122.36,20,1824.47,10946.83,0,10946.83,USD,,17a0f0ae-23bc-4443-8448-ae19392bc10f,2025-10-17T21:46:35.388376,
e2047fc6-de34-487f-a70d-1f9ac046d957,fa6b3223-0c9a-40e9-b075-9220ef58763e,36851e0e-5a10-4ef1-a6e3-94911d4c9374,,INV-002133,Invoice for Support,partial,2025-12-27,2026-11-02,2026-03-18T19:31:24.388416,,99207.2,5,4960.36,104167.56,52083.78,52083.78,USD,,a107458c-3395-4eb3-958a-2514a153ffc5,2025-08-22T02:39:40.388424,
923a3d57-9744-4ed0-beac-1c846c65f4ac,fa6b3223-0c9a-40e9-b075-9220ef58763e,173b6531-79ad-4ee1-873c-5040f13f38b4,,INV-002134,Invoice for Subscription,paid,2026-03-13,2027-01-06,2026-07-27T07:43:27.388457,2026-06-21T21:41:57.388463,80048.83,10,8004.88,88053.71,88053.71,0,USD,Thank you for your business!,,2026-03-09T04:56:37.388469,
c2a7a686-4cc3-428c-a2b3-6b6386b75d02,fa6b3223-0c9a-40e9-b075-9220ef58763e,,,INV-002135,Invoice for Subscription,partial,2026-01-15,2026-08-30,2026-08-01T14:42:26.388495,,58530.64,5,2926.53,61457.17,30728.585,30728.585,USD,,,2025-08-26T05:35:27.388501,
1c9ffe6e-329f-4eaf-8b17-941f616a5165,fa6b3223-0c9a-40e9-b075-9220ef58763e,,,INV-002136,Invoice for Subscription,viewed,2025-08-30,2026-10-31,2026-03-12T21:59:09.388531,,16762.16,7.5,1257.16,18019.32,0,18019.32,USD,Thank you for your business!,,2026-07-08T01:32:30.388536,
014e672e-0163-429e-b188-f1127bc17a67,fa6b3223-0c9a-40e9-b075-9220ef58763e,,,INV-002137,Invoice for Support,sent,2026-05-25,2026-11-04,2026-04-22T15:01:41.388567,,47989.75,5,2399.49,50389.24,0,50389.24,USD,,,2026-06-11T17:23:37.388573,
c3055c26-7e0d-443e-b76a-94878f0d47b4,fa6b3223-0c9a-40e9-b075-9220ef58763e,,,INV-002138,Invoice for Consulting,viewed,2025-10-25,2026-12-05,2026-04-10T05:10:29.388602,,14991.78,10,1499.18,16490.96,0,16490.96,USD,Thank you for your business!,,2026-04-13T14:57:51.388608,
db6a619a-6599-419f-acad-0db2a2a8a149,fa6b3223-0c9a-40e9-b075-9220ef58763e,493874e1-67d9-4daa-b92f-bf33cfcf9490,c43f7ae0-4316-4a43-a745-63c587817c10,INV-002139,Invoice for Consulting,cancelled,2026-03-22,2026-11-22,2026-07-14T08:23:21.388639,,93444.12,5,4672.21,98116.33,0,98116.33,USD,,db0d8d96-2e04-4790-8a0b-883b02856233,2025-10-17T09:03:04.388646,
038932dd-3d65-4981-8f7d-0c555a52705a,fa6b3223-0c9a-40e9-b075-9220ef58763e,,,INV-002140,Invoice for Products,overdue,2026-06-25,2026-09-07,2026-05-19T07:09:48.388671,,74042.81,10,7404.28,81447.09,0,81447.09,USD,,,2026-03-04T20:26:30.388677,
4c90df25-7751-488b-8869-9c6ab0d7004e,fa6b3223-0c9a-40e9-b075-9220ef58763e,,103528cd-5b44-422e-8449-24a976b74271,INV-002141,Invoice for Subscription,cancelled,2026-04-28,2026-10-20,2026-03-07T10:53:38.388706,,35845.99,8,2867.68,38713.67,0,38713.67,USD,,,2026-07-10T08:30:56.388712,
e29b0d75-3ea6-4614-a310-55ecff554db1,fa6b3223-0c9a-40e9-b075-9220ef58763e,,,INV-002142,Invoice for Services,viewed,2025-09-27,2026-11-22,2026-03-15T23:01:02.388754,,97373.21,10,9737.32,107110.53,0,107110.53,USD,,,2026-01-09T13:03:01.388759,
6bdcdebc-6158-45be-89fa-b585558d82c9,fa6b3223-0c9a-40e9-b075-9220ef58763e,,,INV-002143,Invoice for Products,paid,2025-09-17,2026-08-28,2026-08-02T21:09:52.388785,2026-05-29T21:39:52.388790,60166.32,15,9024.95,69191.27,69191.27,0,USD,Thank you for your business!,,2025-10-10T02:11:00.388796,
1e08c89f-8bc3-44c3-9406-ed22f15d4d02,fa6b3223-0c9a-40e9-b075-9220ef58763e,f2d1bf4a-3871-4774-b145-912f9c273731,c7b01c28-ca80-4532-b615-7bb01aecb2a2,INV-002144,Invoice for Products,cancelled,2026-05-12,2026-10-18,2026-06-24T02:15:07.388824,,89448.62,15,13417.29,102865.91,0,102865.91,USD,,,2025-11-03T22:12:53.388829,
6311c2c0-2026-4a7c-b866-219a03249ea3,fa6b3223-0c9a-40e9-b075-9220ef58763e,3823f7ea-e26f-4711-89a3-ce045dc1b890,,INV-002145,Invoice for Products,paid,2026-03-13,2027-01-06,2026-06-26T21:57:50.388855,2026-05-03T18:16:41.388861,1696.28,20,339.26,2035.54,2035.54,0,USD,Thank you for your business!,,2025-11-18T10:33:47.388866,
0cdd8fb7-8b81-4401-8c61-aa473012bb45,fa6b3223-0c9a-40e9-b075-9220ef58763e,,,INV-002146,Invoice for Subscription,sent,2026-07-07,2026-09-18,2026-06-07T03:09:11.388892,,89724.46,15,13458.67,103183.13,0,103183.13,USD,,dbcf1519-e451-4566-8830-bf1e3cca48c2,2026-06-28T13:07:33.388899,
1905c9eb-b73a-4963-b17c-c829c9e21bad,fa6b3223-0c9a-40e9-b075-9220ef58763e,bdcfc604-2a55-4e73-a2d1-df0cb503da7d,,INV-002147,Invoice for Subscription,draft,2025-09-25,2026-10-03,,,33153.93,20,6630.79,39784.72,0,39784.72,USD,,15ce69ab-9f4e-4fd6-a2e6-93643237f474,2026-01-22T05:21:28.388931,
c06375ff-d36a-4181-ab68-21a1335851fa,fa6b3223-0c9a-40e9-b075-9220ef58763e,b0b2ec4e-35f0-4b75-91cf-4766f284c12d,,INV-002148,Invoice for Consulting,sent,2026-07-05,2026-11-26,2026-06-03T09:18:15.388958,,80099.41,7.5,6007.46,86106.87,0,86106.87,USD,Thank you for your business!,,2026-03-09T16:47:08.388964,
9453e06e-fe9c-4151-ba7e-2a5eeac1f953,fa6b3223-0c9a-40e9-b075-9220ef58763e,,a73539b5-cd02-40b9-a3e8-da5258602ff0,INV-002149,Invoice for Support,partial,2025-11-18,2026-12-10,2026-04-25T01:52:41.388991,,21178.76,7.5,1588.41,22767.17,11383.585,11383.585,USD,Thank you for your business!,,2026-03-02T08:47:19.388997,
d5d19da8-4a53-47ea-9ba6-5be45348c724,fa6b3223-0c9a-40e9-b075-9220ef58763e,,,INV-002150,Invoice for Products,viewed,2025-09-25,2026-11-04,2026-05-25T11:52:32.389023,,78989.23,8,6319.14,85308.37,0,85308.37,USD,,,2026-04-08T22:48:24.389029,
1e526b8e-0fa7-4c89-ba78-ecc52b6f01d1,fa6b3223-0c9a-40e9-b075-9220ef58763e,,,INV-002151,Invoice for Support,draft,2026-01-28,2026-12-18,,,12987.31,5,649.37,13636.68,0,13636.68,USD,Thank you for your business!,,2025-09-22T00:32:21.389054,
6a874771-3172-4bde-8444-70a612753a3f,fa6b3223-0c9a-40e9-b075-9220ef58763e,1cf5730b-a98c-4b1f-8b47-16d7afcf9442,c43f7ae0-4316-4a43-a745-63c587817c10,INV-002152,Invoice for Consulting,draft,2026-03-26,2026-11-21,,,40920.57,8,3273.65,44194.22,0,44194.22,USD,Thank you for your business!,,2026-07-12T12:34:27.389090,
677a2abb-e79d-4f29-98a4-f6b9ef939068,fa6b3223-0c9a-40e9-b075-9220ef58763e,efca6957-a3b5-4877-974d-40509ae6537d,,INV-002153,Invoice for Services,paid,2025-08-25,2026-11-25,2026-04-05T12:48:01.389118,2026-05-22T10:48:38.389123,72323.96,8,5785.92,78109.88,78109.88,0,USD,,,2025-12-07T20:09:43.389129,
1178a418-5a07-4a4b-87ed-1a3c9fefce83,fa6b3223-0c9a-40e9-b075-9220ef58763e,,7a66d1a9-2eb7-4e75-9433-b2d44cd371aa,INV-002154,Invoice for Subscription,overdue,2025-12-03,2026-11-16,2026-03-26T16:46:39.389155,,69421.69,20,13884.34,83306.03,0,83306.03,USD,Thank you for your business!,4900ee9d-9f30-4e04-8697-90d98507c241,2026-06-30T22:18:36.389162,
6c1d98bf-5da7-40d5-877a-d408c95f89db,fa6b3223-0c9a-40e9-b075-9220ef58763e,2a5a2ede-5963-4b5a-81fd-67e5240f0413,,INV-002155,Invoice for Subscription,draft,2025-08-29,2026-09-13,,,93635.85,5,4681.79,98317.64,0,98317.64,USD,,,2026-07-31T13:24:19.389189,
88f523eb-f2b2-4976-921d-94fbb45e4bbb,fa6b3223-0c9a-40e9-b075-9220ef58763e,,,INV-002156,Invoice for Services,sent,2026-03-11,2027-01-21,2026-02-19T21:47:00.389218,,34107.88,15,5116.18,39224.06,0,39224.06,USD,Thank you for your business!,,2026-02-04T04:19:09.389223,
7cb88982-f951-41b7-9d73-a8d08f0d74b5,fa6b3223-0c9a-40e9-b075-9220ef58763e,122dd92a-e274-465a-a347-44b6bc6571a9,,INV-002157,Invoice for Services,cancelled,2025-12-29,2026-12-31,2026-06-09T23:35:16.389250,,27949.72,8,2235.98,30185.7,0,30185.7,USD,Thank you for your business!,2c7dbd6e-2758-41d8-b86e-b1d918865354,2025-11-15T12:43:46.389256,
b4ad2d02-f738-47f9-8d8f-2bb20f9f16b0,fa6b3223-0c9a-40e9-b075-9220ef58763e,bb1a4638-011a-48b4-99fc-50b40bc5417a,,INV-002158,Invoice for Subscription,viewed,2025-10-06,2027-01-30,2026-03-25T21:45:29.389288,,53109.3,15,7966.4,61075.7,0,61075.7,USD,,30bd29d6-22a8-4c57-8ac1-7a22c2285b24,2026-03-08T22:31:10.389294,
08dad46e-1429-40fb-84a9-851e3b5e409d,fa6b3223-0c9a-40e9-b075-9220ef58763e,,240b7f59-9e94-4e36-a5eb-ee05ae0c35d1,INV-002159,Invoice for Support,draft,2026-07-02,2026-11-23,,,52915.79,15,7937.37,60853.16,0,60853.16,USD,Thank you for your business!,,2026-01-22T23:22:08.389322,
bf8a9e45-83a5-434f-b4ab-7f642b087ff3,fa6b3223-0c9a-40e9-b075-9220ef58763e,,,INV-002160,Invoice for Consulting,viewed,2025-12-22,2026-11-30,2026-07-05T20:13:48.389347,,58548.19,20,11709.64,70257.83,0,70257.83,USD,Thank you for your business!,,2026-06-25T01:25:23.389353,
672ed2b5-1f1b-4a1b-a299-bdac22cfc6dc,fa6b3223-0c9a-40e9-b075-9220ef58763e,74a55755-4263-41da-a177-fe62f0e4b3ed,56e8e15c-fa26-4586-b947-c4ce1f5e0085,INV-002161,Invoice for Services,sent,2026-02-11,2026-11-16,2026-05-01T12:24:46.389381,,69309.52,0,0.0,69309.52,0,69309.52,USD,,,2025-09-13T16:11:47.389387,
ca5b4b10-b4c5-414e-a803-92585546360e,fa6b3223-0c9a-40e9-b075-9220ef58763e,829237e8-0e26-4afb-8b89-198a7701a6f9,20b6b9bb-87a3-49d0-b1fb-b4e953808029,INV-002162,Invoice for Services,overdue,2025-09-22,2026-09-12,2026-03-29T09:13:38.389413,,18920.4,20,3784.08,22704.48,0,22704.48,USD,,,2026-02-13T22:18:28.389419,
c2f4bfd6-75cd-4f71-ad86-4b07bdd0279e,fa6b3223-0c9a-40e9-b075-9220ef58763e,55ebdabb-a7f3-448b-b253-e87f6557575b,,INV-002163,Invoice for Consulting,partial,2026-06-30,2026-08-19,2026-06-18T09:01:47.389456,,91410.17,15,13711.53,105121.7,52560.85,52560.85,USD,,,2025-12-01T14:12:02.389462,
4126622e-6dd6-4aea-add2-f11ff116d947,fa6b3223-0c9a-40e9-b075-9220ef58763e,2a5a2ede-5963-4b5a-81fd-67e5240f0413,,INV-002164,Invoice for Consulting,overdue,2026-01-16,2026-11-15,2026-07-15T08:01:39.389488,,69525.96,8,5562.08,75088.04,0,75088.04,USD,Thank you for your business!,,2025-08-27T23:50:39.389494,
9a008aeb-0b1f-439f-aa2b-d14babe4f467,fa6b3223-0c9a-40e9-b075-9220ef58763e,,42b01df8-09f5-4b8b-8262-b8bfa563924c,INV-002165,Invoice for Support,sent,2025-09-22,2027-01-06,2026-06-25T12:39:58.389520,,38647.12,20,7729.42,46376.54,0,46376.54,USD,Thank you for your business!,,2026-02-24T19:38:05.389526,
2edcc724-be03-4262-8bd9-af53c6fa7a7e,fa6b3223-0c9a-40e9-b075-9220ef58763e,9212a03c-3f0e-4e0b-8f9f-719c63e61d7d,,INV-002166,Invoice for Support,partial,2025-09-27,2027-01-29,2026-04-29T06:14:58.389553,,17830.6,20,3566.12,21396.72,10698.36,10698.36,USD,,,2026-06-30T01:10:03.389559,
77c27ec3-820c-43d2-a74b-0068b9f930a4,fa6b3223-0c9a-40e9-b075-9220ef58763e,,,INV-002167,Invoice for Subscription,overdue,2025-12-06,2026-10-27,2026-02-05T19:06:32.389584,,49025.76,15,7353.86,56379.62,0,56379.62,USD,Thank you for your business!,bd7523ce-d9c6-4c0b-8cc0-7f1e3e1dd1e2,2026-07-28T23:54:58.389591,
cfe77874-c499-4f30-8293-38ae6649ba51,fa6b3223-0c9a-40e9-b075-9220ef58763e,,,INV-002168,Invoice for Services,viewed,2025-12-19,2027-01-30,2026-07-31T09:34:51.389625,,62651.34,0,0.0,62651.34,0,62651.34,USD,,,2026-01-23T03:22:43.389631,
21a9ee69-e988-40b4-8174-51bd914477e8,fa6b3223-0c9a-40e9-b075-9220ef58763e,292a3218-cffe-4fac-841d-260621ced504,,INV-002169,Invoice for Consulting,paid,2026-04-30,2027-01-31,2026-03-11T19:16:32.389657,2026-04-22T16:00:43.389662,1223.14,0,0.0,1223.14,1223.14,0,USD,,,2025-11-06T08:07:21.389668,
9efedce9-f542-4943-8802-ad1b5e9c0160,fa6b3223-0c9a-40e9-b075-9220ef58763e,5c07c191-f815-4dca-9e00-0ee7b6253125,859f6f42-8fbf-4864-904e-88dfa26aecee,INV-002170,Invoice for Services,cancelled,2025-09-10,2027-01-25,2026-03-02T17:07:34.389696,,77257.16,8,6180.57,83437.73,0,83437.73,USD,Thank you for your business!,,2026-03-26T13:32:32.389702,
e6c7d32b-54bd-4a50-9157-6ff261c0071b,fa6b3223-0c9a-40e9-b075-9220ef58763e,,4324e683-708a-469d-ac0e-94354a6b08b9,INV-002171,Invoice for Support,draft,2025-08-22,2026-10-01,,,24579.0,15,3686.85,28265.85,0,28265.85,USD,,,2026-06-08T08:18:30.389729,
15d8382a-7438-43d9-9463-414d43206591,fa6b3223-0c9a-40e9-b075-9220ef58763e,ee936ef8-60cc-40d8-b791-3c5ae8958e08,7b5651c1-5b3e-4006-8c82-caa2066d2a7e,INV-002172,Invoice for Products,paid,2026-03-07,2026-10-27,2026-07-14T11:13:54.389756,2026-04-19T16:03:26.389761,79822.18,0,0.0,79822.18,79822.18,0,USD,Thank you for your business!,fb4696aa-efe5-49bf-be82-7ac5cf60dcca,2026-04-26T12:24:02.389769,
7e27d685-66de-4d1e-bcb0-d71b978ed47e,fa6b3223-0c9a-40e9-b075-9220ef58763e,02c2f6d7-26d5-4cba-ba72-2de6bc6a2370,5b359027-5d44-4e81-9ff0-648b312e0d50,INV-002173,Invoice for Products,partial,2025-10-25,2026-10-19,2026-06-29T08:31:22.389803,,10238.13,15,1535.72,11773.85,5886.925,5886.925,USD,,,2025-08-13T16:11:22.389824,
a7c9f317-aa14-4281-957f-0c135c99dda7,fa6b3223-0c9a-40e9-b075-9220ef58763e,8ed4b963-8cd1-42eb-86dc-203d61330bc5,b4458716-5460-47c6-b4da-e66fce279632,INV-002174,Invoice for Services,cancelled,2026-07-06,2026-12-11,2026-02-11T12:37:10.389854,,86349.96,0,0.0,86349.96,0,86349.96,USD,,,2026-03-21T22:49:07.389860,
68cd4873-2851-4de4-899e-723c6ca5eb7f,fa6b3223-0c9a-40e9-b075-9220ef58763e,db9ce6de-0ada-468f-9f0b-b295f3722d24,3231bb93-1343-4e85-9b40-1d95a715aea1,INV-002175,Invoice for Subscription,viewed,2026-01-29,2026-12-23,2026-05-31T19:16:04.389888,,67307.73,7.5,5048.08,72355.81,0,72355.81,USD,,,2025-12-26T12:47:50.389894,
81d7fa10-6c43-4f59-b105-83cf492b99a3,fa6b3223-0c9a-40e9-b075-9220ef58763e,,,INV-002176,Invoice for Subscription,partial,2026-06-14,2027-02-02,2026-03-12T14:12:17.389919,,23582.35,7.5,1768.68,25351.03,12675.515,12675.515,USD,,,2026-01-11T00:43:12.389925,
286701f3-2097-4cb1-90f3-76a2dfbc2af1,fa6b3223-0c9a-40e9-b075-9220ef58763e,ef570b1e-708f-4655-8646-55f789488b50,ed4f43f1-96bd-467f-bb26-defb29d8fd69,INV-002177,Invoice for Products,draft,2026-06-06,2026-10-04,,,46890.68,5,2344.53,49235.21,0,49235.21,USD,Thank you for your business!,,2025-12-21T20:57:54.389956,
f4c443ff-5b9c-425f-be9f-5989db57bfed,fa6b3223-0c9a-40e9-b075-9220ef58763e,,,INV-002178,Invoice for Consulting,partial,2025-11-20,2027-02-01,2026-05-30T01:34:59.389982,,58975.61,5,2948.78,61924.39,30962.195,30962.195,USD,Thank you for your business!,,2026-01-15T10:04:36.389988,
78d8197f-239d-467d-b6ff-a173b1896e82,fa6b3223-0c9a-40e9-b075-9220ef58763e,f92514b7-8063-4e32-a325-e10a50c2a741,e575cb67-02bb-4d63-9016-53344045e829,INV-002179,Invoice for Consulting,cancelled,2026-06-23,2026-09-20,2026-04-16T03:29:31.390018,,52437.44,10,5243.74,57681.18,0,57681.18,USD,,2492d446-0434-49e2-9672-feb4d31cb543,2025-08-08T06:42:37.390025,
549a5033-8920-4c9e-ab20-865f83a5cfbf,fa6b3223-0c9a-40e9-b075-9220ef58763e,17bfbb42-c5e4-4a74-bcfb-068bc8e8db99,ea81456c-bd45-4821-b86a-89924ffa7116,INV-002180,Invoice for Support,paid,2026-08-06,2026-09-24,2026-02-27T20:17:17.390052,2026-06-24T02:15:23.390057,50433.62,10,5043.36,55476.98,55476.98,0,USD,,57171b3d-96f7-49ff-ae26-7473784ef62d,2025-09-06T04:49:40.390064,
6360bc47-c4c3-4e02-8664-55b4bb74ac50,fa6b3223-0c9a-40e9-b075-9220ef58763e,,,INV-002181,Invoice for Products,sent,2026-07-06,2026-12-07,2026-02-12T17:00:41.390089,,22713.66,8,1817.09,24530.75,0,24530.75,USD,,96ed620f-e49e-4279-bb84-a46c2eb61d4a,2025-11-08T05:26:56.390096,
c2e08202-4edc-4f17-a9f4-348365dd1a07,fa6b3223-0c9a-40e9-b075-9220ef58763e,2c790c10-8f68-404d-bc1b-7f1d843377e2,,INV-002182,Invoice for Products,cancelled,2026-01-26,2027-01-17,2026-06-28T21:27:22.390122,,72574.12,15,10886.12,83460.24,0,83460.24,USD,,,2025-10-06T06:06:14.390127,
d3dff6a8-2701-4361-9c14-03a3018746ef,fa6b3223-0c9a-40e9-b075-9220ef58763e,,,INV-002183,Invoice for Support,sent,2026-01-19,2026-11-01,2026-04-17T15:06:05.390152,,53564.42,8,4285.15,57849.57,0,57849.57,USD,,,2026-07-25T04:36:01.390158,
471157d4-61be-4af2-ae1c-a9f4a1d18005,fa6b3223-0c9a-40e9-b075-9220ef58763e,,,INV-002184,Invoice for Support,draft,2025-09-26,2026-10-29,,,23217.07,0,0.0,23217.07,0,23217.07,USD,Thank you for your business!,e9ca5f94-f2a9-48df-a2b7-e6b79138f80d,2025-10-14T14:19:07.390196,
56bd48cd-5dcd-4b9b-a4c2-007cf5252f25,fa6b3223-0c9a-40e9-b075-9220ef58763e,,,INV-002185,Invoice for Services,viewed,2025-12-26,2027-01-30,2026-07-16T17:40:44.390221,,73656.99,0,0.0,73656.99,0,73656.99,USD,,,2026-02-03T00:21:08.390227,
c464617d-c733-42f3-b6bc-ce80accb385a,fa6b3223-0c9a-40e9-b075-9220ef58763e,7e838336-a781-433c-bb4b-f633ff35a2ce,14ef135d-e90d-44a2-9688-9b48712598a5,INV-002186,Invoice for Services,cancelled,2026-02-07,2027-01-10,2026-07-07T07:39:05.390255,,81920.32,5,4096.02,86016.34,0,86016.34,USD,,,2026-01-10T15:18:38.390261,
e1bb474b-d46d-4429-a90f-0dae4ce11a2b,fa6b3223-0c9a-40e9-b075-9220ef58763e,763fc31f-5933-4be2-b3b0-6cfe1982c5b3,,INV-002187,Invoice for Subscription,cancelled,2026-02-14,2026-10-31,2026-03-09T13:57:29.390287,,25335.1,10,2533.51,27868.61,0,27868.61,USD,,,2025-12-12T07:18:25.390293,
97b57ad4-a5b3-47a5-932e-4497e739ecdc,fa6b3223-0c9a-40e9-b075-9220ef58763e,,,INV-002188,Invoice for Services,draft,2025-12-23,2026-11-14,,,89557.38,7.5,6716.8,96274.18,0,96274.18,USD,Thank you for your business!,,2026-04-28T07:29:03.390318,
c3266b1b-75ae-4f67-a42c-1c766a9008e5,fa6b3223-0c9a-40e9-b075-9220ef58763e,f6c4af77-2334-4dab-9a37-e69df09da95f,844cfa03-e220-469e-b5f9-5205d98bb1c3,INV-002189,Invoice for Support,partial,2026-01-15,2027-01-09,2026-07-12T20:16:43.390349,,15984.77,15,2397.72,18382.49,9191.245,9191.245,USD,Thank you for your business!,,2026-04-18T13:57:47.390355,
e0f49478-8227-4d20-8a2e-be10777a02e1,fa6b3223-0c9a-40e9-b075-9220ef58763e,f981fa09-af94-4acb-9123-26e942826894,,INV-002190,Invoice for Products,overdue,2026-05-19,2027-01-05,2026-03-03T03:25:43.390381,,3222.22,7.5,241.67,3463.89,0,3463.89,USD,,,2026-06-28T03:06:31.390387,
de9e6822-d00a-4544-ab30-9d62db9aeb64,fa6b3223-0c9a-40e9-b075-9220ef58763e,,,INV-002191,Invoice for Subscription,draft,2025-08-08,2027-01-07,,,92887.36,7.5,6966.55,99853.91,0,99853.91,USD,Thank you for your business!,,2026-05-06T05:18:15.390419,
9e685db1-229f-4877-bdd8-ebdf19a48502,fa6b3223-0c9a-40e9-b075-9220ef58763e,8620add3-5afc-4995-83a8-8c649c23f8f7,,INV-002192,Invoice for Support,overdue,2026-06-25,2026-12-24,2026-04-09T14:21:20.390449,,64616.08,8,5169.29,69785.37,0,69785.37,USD,Thank you for your business!,,2026-06-05T13:23:14.390455,
5a880834-d71c-4426-9426-ac4cd0d0e513,fa6b3223-0c9a-40e9-b075-9220ef58763e,,93cdde31-5722-44a8-8418-2da506bc021e,INV-002193,Invoice for Support,paid,2025-09-06,2026-10-22,2026-07-27T16:23:47.390480,2026-06-11T12:23:38.390485,51152.51,15,7672.88,58825.39,58825.39,0,USD,,,2026-02-10T17:01:31.390491,
4dc35e1f-0ad9-43f7-b216-0c1cf8cf7d77,fa6b3223-0c9a-40e9-b075-9220ef58763e,,,INV-002194,Invoice for Products,viewed,2026-08-07,2026-10-17,2026-06-30T20:05:17.390520,,31194.55,15,4679.18,35873.73,0,35873.73,USD,,,2026-02-12T20:49:01.390526,
c3841e8f-0194-452d-a567-7b52c100097b,fa6b3223-0c9a-40e9-b075-9220ef58763e,,895e4586-4c0f-418e-9e76-386ba622f8cf,INV-002195,Invoice for Support,sent,2026-07-18,2026-10-21,2026-03-05T21:05:48.390552,,79434.04,20,15886.81,95320.85,0,95320.85,USD,,cf5e1345-7c0b-4a45-9bca-1d8b28c6eb98,2025-12-16T14:22:17.390559,
14175e52-e78f-482e-b6a6-9bcedb98ea4f,fa6b3223-0c9a-40e9-b075-9220ef58763e,faab5fae-66ce-48cd-bf95-2c1542f061a5,,INV-002196,Invoice for Services,paid,2025-10-17,2027-01-06,2026-06-17T01:43:45.390585,2026-06-01T21:53:04.390591,35862.85,20,7172.57,43035.42,43035.42,0,USD,,,2026-06-30T18:03:31.390596,
f52b1dde-3416-4293-a19f-73634a74ca69,fa6b3223-0c9a-40e9-b075-9220ef58763e,056b7732-8349-44b3-a7c0-26714de26248,,INV-002197,Invoice for Support,draft,2026-01-15,2026-10-06,,,70754.12,5,3537.71,74291.83,0,74291.83,USD,Thank you for your business!,,2026-03-02T09:22:57.390623,
fa435cee-4f73-49cc-924b-7b26abf7aa01,fa6b3223-0c9a-40e9-b075-9220ef58763e,b6b0dc58-c25a-4429-a1d0-3b8efb6df150,,INV-002198,Invoice for Consulting,partial,2025-10-04,2026-09-29,2026-02-15T07:24:37.390649,,395.1,8,31.61,426.71,213.355,213.355,USD,,,2026-04-24T10:22:50.390654,
fb0a34fe-996d-4fbc-91d6-2ed3832c5ed9,fa6b3223-0c9a-40e9-b075-9220ef58763e,,,INV-002199,Invoice for Consulting,draft,2025-08-07,2026-12-21,,,98349.04,0,0.0,98349.04,0,98349.04,USD,Thank you for your business!,,2026-03-16T23:30:29.390684,
06e3d3e2-99fb-43e4-9dad-e7427a866689,fa6b3223-0c9a-40e9-b075-9220ef58763e,7d6eb846-10d4-430f-9d26-ea15f1edcbb9,,INV-002200,Invoice for Consulting,viewed,2026-05-23,2027-01-01,2026-06-22T04:39:10.390713,,59362.51,15,8904.38,68266.89,0,68266.89,USD,Thank you for your business!,,2025-09-29T19:57:29.390719,
e7d03c13-89fe-43fc-b787-32b36c657a7f,fa6b3223-0c9a-40e9-b075-9220ef58763e,,e347d1ef-30e1-44e5-9ea5-3be6a58a1e3b,INV-002201,Invoice for Consulting,viewed,2025-10-13,2026-11-18,2026-06-23T14:50:47.390746,,63484.23,7.5,4761.32,68245.55,0,68245.55,USD,,,2026-01-13T14:57:25.390752,
aeb039d7-6a52-4b09-bce5-886c9d3f876a,fa6b3223-0c9a-40e9-b075-9220ef58763e,,,INV-002202,Invoice for Subscription,viewed,2026-02-11,2026-08-20,2026-05-11T03:14:23.390776,,25767.15,15,3865.07,29632.22,0,29632.22,USD,,,2025-11-10T23:53:37.390782,
d12587b9-41c4-4a63-a25c-b61c946930de,fa6b3223-0c9a-40e9-b075-9220ef58763e,a44ca09d-d916-4beb-830b-97a6c93e61ac,c7b01c28-ca80-4532-b615-7bb01aecb2a2,INV-002203,Invoice for Support,sent,2025-11-24,2026-09-01,2026-07-10T05:48:40.390808,,4645.6,8,371.65,5017.25,0,5017.25,USD,,,2026-02-06T19:55:40.390815,
6a67d831-63e4-4b6d-b35c-864f35a454c3,fa6b3223-0c9a-40e9-b075-9220ef58763e,0d426878-ad9a-41e8-a2a1-3ea3a485421b,3b66631e-d834-46b0-a526-614fdb2fc7da,INV-002204,Invoice for Services,paid,2026-05-01,2026-10-08,2026-04-23T09:13:39.390893,2026-05-21T21:01:44.390899,2496.75,0,0.0,2496.75,2496.75,0,USD,Thank you for your business!,,2025-09-13T09:00:08.390905,
33de3392-748b-48d3-b4e7-d7f0e17d8d66,fa6b3223-0c9a-40e9-b075-9220ef58763e,4bb8ef94-9409-4e28-8a69-1455c8420ad5,,INV-002205,Invoice for Consulting,sent,2025-12-09,2026-10-24,2026-07-30T21:28:23.390977,,98165.41,15,14724.81,112890.22,0,112890.22,USD,,c58e90bd-b402-4f48-bef5-9c44c8dddc25,2025-09-14T20:01:17.390987,
f23c4b5a-59d6-4ed4-bea1-ffc01a45ae97,fa6b3223-0c9a-40e9-b075-9220ef58763e,abc5e02f-74b5-4998-a5bf-0359ae877aa7,,INV-002206,Invoice for Subscription,cancelled,2026-02-03,2027-01-01,2026-06-28T22:10:35.391043,,39404.76,20,7880.95,47285.71,0,47285.71,USD,Thank you for your business!,,2026-04-21T10:06:36.391077,
1ee8c522-a820-4c45-9669-96401fc24571,fa6b3223-0c9a-40e9-b075-9220ef58763e,c3ccf940-6e2d-49b4-b835-5a4c6ca5f71f,,INV-002207,Invoice for Consulting,cancelled,2025-10-17,2026-10-07,2026-07-30T20:27:18.391154,,49567.95,10,4956.8,54524.75,0,54524.75,USD,,,2026-05-30T11:27:07.391166,
1dd70afd-c97f-4749-a3a8-6a280a7ca9e5,fa6b3223-0c9a-40e9-b075-9220ef58763e,8a17b6a3-64db-4aa5-8411-0047cc0c74e4,7157e819-8036-4fc3-95c9-37a593b3305a,INV-002208,Invoice for Subscription,overdue,2026-07-18,2026-09-27,2026-04-07T11:52:16.391231,,27810.17,7.5,2085.76,29895.93,0,29895.93,USD,,,2025-12-15T16:18:30.391240,
17a4c940-ab57-4c5a-b336-26e36f416ef6,fa6b3223-0c9a-40e9-b075-9220ef58763e,3fbb73f8-dbb9-4aca-9921-46fcf899a1c5,,INV-002209,Invoice for Support,sent,2025-09-19,2027-01-23,2026-07-22T15:19:21.391301,,3949.24,15,592.39,4541.63,0,4541.63,USD,Thank you for your business!,,2025-12-02T21:50:05.391312,
f684f039-e70c-4ef4-96aa-6c123c14ba5a,fa6b3223-0c9a-40e9-b075-9220ef58763e,,b7b7ddc6-b3bb-4783-80be-00209fa8dbb4,INV-002210,Invoice for Subscription,draft,2026-03-14,2027-01-18,,,70383.21,10,7038.32,77421.53,0,77421.53,USD,Thank you for your business!,5a4e0c28-b126-4fc4-820c-f8b118417c09,2026-02-06T02:04:34.391362,
27a4700a-66cb-4bc4-adaf-9e49acc32817,fa6b3223-0c9a-40e9-b075-9220ef58763e,e8cc1b8a-f41e-466e-aed6-7d5e4839e06f,,INV-002211,Invoice for Support,viewed,2026-07-11,2026-08-14,2026-02-21T10:47:51.391419,,28505.52,0,0.0,28505.52,0,28505.52,USD,Thank you for your business!,,2025-10-05T22:25:07.391430,
c50b004a-a1b9-4dd7-b149-5484388d0a4d,fa6b3223-0c9a-40e9-b075-9220ef58763e,b106f385-f595-47c4-863f-4f19ea10e983,,INV-002212,Invoice for Consulting,viewed,2025-11-16,2026-09-09,2026-06-01T15:13:55.391488,,81431.18,0,0.0,81431.18,0,81431.18,USD,Thank you for your business!,,2026-04-05T22:40:57.391500,
1cd05ccf-7cd8-422f-b406-a2edc7820695,fa6b3223-0c9a-40e9-b075-9220ef58763e,,,INV-002213,Invoice for Consulting,partial,2026-01-05,2026-12-22,2026-03-10T13:09:47.391546,,499.1,7.5,37.43,536.53,268.265,268.265,USD,,,2026-02-08T22:45:44.391563,
f3a0a549-83f5-4f69-ae4b-ed5f8f67ec1d,fa6b3223-0c9a-40e9-b075-9220ef58763e,,acc69f14-c450-4942-8757-30e03fd209cd,INV-002214,Invoice for Subscription,cancelled,2026-05-14,2026-12-24,2026-02-24T01:37:43.391612,,51058.17,20,10211.63,61269.8,0,61269.8,USD,Thank you for your business!,,2026-06-11T05:44:54.391627,
0d2749dd-f513-48e3-b8c8-d720f19e4d13,fa6b3223-0c9a-40e9-b075-9220ef58763e,,829e852f-7d68-409f-a1d4-6bae77d3bda5,INV-002215,Invoice for Support,sent,2025-12-09,2026-09-19,2026-02-09T17:49:01.391665,,63165.18,20,12633.04,75798.22,0,75798.22,USD,Thank you for your business!,,2026-01-22T09:38:34.391672,
a07926f2-56bd-4bd9-a092-7038262adc0f,fa6b3223-0c9a-40e9-b075-9220ef58763e,,5edd9e50-c970-45d7-871e-fd1b54c91ebf,INV-002216,Invoice for Support,draft,2026-04-09,2027-01-25,,,70755.26,15,10613.29,81368.55,0,81368.55,USD,Thank you for your business!,,2026-06-21T19:38:54.391705,
2057beba-33c6-4827-b63b-2f5cddab8366,fa6b3223-0c9a-40e9-b075-9220ef58763e,ff25e440-a1bf-4c8f-814d-2ab556aae95a,,INV-002217,Invoice for Subscription,paid,2025-11-22,2026-11-20,2026-07-06T09:29:53.391732,2026-07-27T23:18:28.391738,68924.54,10,6892.45,75816.99,75816.99,0,USD,,,2026-07-01T22:00:21.391744,
5ee879b2-5519-4d74-9860-65a7e5448736,fa6b3223-0c9a-40e9-b075-9220ef58763e,,,INV-002218,Invoice for Services,overdue,2026-01-15,2026-09-19,2026-03-08T05:03:59.391833,,43970.87,15,6595.63,50566.5,0,50566.5,USD,,,2026-07-07T00:24:42.391843,
3591c60f-2a31-447f-ae99-66b04f4db5e7,fa6b3223-0c9a-40e9-b075-9220ef58763e,,,INV-002219,Invoice for Support,partial,2025-09-24,2026-08-24,2026-07-30T16:36:55.391883,,35372.49,8,2829.8,38202.29,19101.145,19101.145,USD,Thank you for your business!,,2025-12-05T05:43:17.391889,
3916e9e1-d3d6-4620-a11c-70005934cf38,fa6b3223-0c9a-40e9-b075-9220ef58763e,,,INV-002220,Invoice for Consulting,overdue,2025-12-10,2026-10-12,2026-02-07T12:10:38.391919,,85977.8,15,12896.67,98874.47,0,98874.47,USD,Thank you for your business!,29b41b6b-b9f4-4f17-893e-92c2439c476d,2026-04-26T22:31:59.391927,
184009bb-5334-4e2a-bb73-c5dba9c24f43,fa6b3223-0c9a-40e9-b075-9220ef58763e,0e71cca2-d749-43ae-a5c4-e90078f724ab,,INV-002221,Invoice for Support,partial,2025-12-22,2026-08-07,2026-04-30T10:50:07.391957,,55850.04,20,11170.01,67020.05,33510.025,33510.025,USD,,,2025-11-08T04:33:09.391963,
41ba1cdb-3d31-4af2-820d-f3eeff5a7851,fa6b3223-0c9a-40e9-b075-9220ef58763e,c7646052-33ea-4062-aa08-5d5c797d9103,6c1b171a-ddcb-4455-b6d4-57c4104a9d3c,INV-002222,Invoice for Subscription,viewed,2025-09-05,2026-10-29,2026-05-13T13:22:26.391991,,9124.83,5,456.24,9581.07,0,9581.07,USD,,,2025-10-06T09:29:55.391997,
9a26d62b-1df9-4e36-97e1-eb8cc1cffbcb,fa6b3223-0c9a-40e9-b075-9220ef58763e,,,INV-002223,Invoice for Subscription,viewed,2026-06-04,2026-10-10,2026-07-15T20:49:18.392023,,25322.11,20,5064.42,30386.53,0,30386.53,USD,Thank you for your business!,,2025-10-21T07:32:20.392029,
a8130872-c257-4d39-a7e1-7a5428fcbea2,fa6b3223-0c9a-40e9-b075-9220ef58763e,16bfc30b-2e71-463d-a93c-e821fb0252e9,,INV-002224,Invoice for Services,partial,2026-02-28,2026-10-26,2026-02-26T09:22:24.392056,,29341.67,5,1467.08,30808.75,15404.375,15404.375,USD,,e360dcf4-ed86-48f1-a769-0a33977468bc,2025-12-09T01:13:24.392064,
e33ec483-8233-4e60-98ba-9eba232b3c0e,fa6b3223-0c9a-40e9-b075-9220ef58763e,0bc4af8f-f174-4d16-8c96-27c4e1d6f3d7,,INV-002225,Invoice for Consulting,cancelled,2026-01-08,2026-08-14,2026-06-07T03:07:06.392095,,9807.67,20,1961.53,11769.2,0,11769.2,USD,,,2026-01-23T18:33:13.392101,
bf5f751c-550d-4258-8007-39058159df1c,fa6b3223-0c9a-40e9-b075-9220ef58763e,,,INV-002226,Invoice for Subscription,draft,2025-08-27,2026-10-03,,,10278.32,20,2055.66,12333.98,0,12333.98,USD,Thank you for your business!,,2025-09-10T15:31:13.392130,
b313b0cf-102a-4650-8b9c-34d6235bc004,fa6b3223-0c9a-40e9-b075-9220ef58763e,34b15e80-905d-40c8-860e-cd96b031067b,,INV-002227,Invoice for Support,partial,2025-12-17,2026-09-25,2026-07-15T07:37:58.392161,,49499.41,7.5,3712.46,53211.87,26605.935,26605.935,USD,,,2026-02-19T08:31:36.392167,
fd8508e6-0e45-4ab5-8c0b-aa0acf534d99,fa6b3223-0c9a-40e9-b075-9220ef58763e,,77aa0ce4-e862-4ea8-8ee4-110a934d3229,INV-002228,Invoice for Consulting,overdue,2025-12-23,2027-01-11,2026-05-29T17:47:26.392194,,65825.81,5,3291.29,69117.1,0,69117.1,USD,,,2026-07-31T16:51:53.392199,
2042a753-1305-4d5d-9d4b-16b8ff15d0ca,fa6b3223-0c9a-40e9-b075-9220ef58763e,,48114d65-949a-4859-8ac3-fcdc43c0ac59,INV-002229,Invoice for Support,paid,2026-05-31,2026-10-12,2026-06-19T00:24:17.392226,2026-05-14T10:47:00.392231,50733.07,7.5,3804.98,54538.05,54538.05,0,USD,,9a7d2dd3-2b67-44fd-953b-2d26f5612c5c,2025-11-08T12:41:40.392238,
5ba2de32-a95f-435d-a097-b5d85a610619,fa6b3223-0c9a-40e9-b075-9220ef58763e,c4930c68-65fc-4cfe-a435-e1dfbc7b346a,,INV-002230,Invoice for Services,overdue,2026-03-15,2026-12-17,2026-02-20T14:20:27.392264,,40223.09,10,4022.31,44245.4,0,44245.4,USD,Thank you for your business!,,2026-04-02T10:52:14.392270,
007ca535-c775-43b7-ae42-f6260d392747,fa6b3223-0c9a-40e9-b075-9220ef58763e,7981b0b5-eebf-49a0-acbe-32acfcc47d87,fdd8d82f-93a6-477a-8d58-59fbcad32d3d,INV-002231,Invoice for Consulting,draft,2025-08-18,2026-11-05,,,25712.37,8,2056.99,27769.36,0,27769.36,USD,Thank you for your business!,,2025-12-11T05:50:13.392307,
06fc0f5f-eb5e-485b-9e42-9fa3dcaf7afd,fa6b3223-0c9a-40e9-b075-9220ef58763e,d2146d8b-289f-4256-8e1b-080812d18def,,INV-002232,Invoice for Support,viewed,2025-10-19,2026-11-24,2026-02-26T00:24:37.392334,,55471.57,7.5,4160.37,59631.94,0,59631.94,USD,Thank you for your business!,,2026-02-27T01:34:06.392340,
6538f56e-f0af-4697-895a-152282d76989,fa6b3223-0c9a-40e9-b075-9220ef58763e,,06ea3e30-1ca7-4ad9-b67b-330716c67e18,INV-002233,Invoice for Services,paid,2025-12-10,2026-10-24,2026-06-18T03:43:15.392366,2026-04-28T17:38:18.392371,72023.48,7.5,5401.76,77425.24,77425.24,0,USD,,,2025-12-13T09:32:13.392377,
9c2eedd8-8975-43e6-a20d-573e7c79d553,fa6b3223-0c9a-40e9-b075-9220ef58763e,d7c6938e-f2a4-48c4-86e0-bb1048d58570,,INV-002234,Invoice for Subscription,cancelled,2026-06-10,2027-01-03,2026-06-03T04:15:53.392404,,87631.9,5,4381.6,92013.5,0,92013.5,USD,Thank you for your business!,,2026-02-18T10:20:29.392410,
50ceab83-e6cc-46b7-aab1-5403e2c6ecfd,fa6b3223-0c9a-40e9-b075-9220ef58763e,,,INV-002235,Invoice for Services,sent,2025-10-29,2027-01-25,2026-04-23T11:46:34.392435,,46693.27,5,2334.66,49027.93,0,49027.93,USD,,,2025-09-21T15:29:13.392441,
a9ba89a0-94d2-4747-a938-67752c53492a,fa6b3223-0c9a-40e9-b075-9220ef58763e,af9bcdc9-b033-474d-9a3d-7c841e440139,,INV-002236,Invoice for Consulting,overdue,2026-01-07,2026-09-05,2026-03-01T17:49:20.392477,,50724.23,20,10144.85,60869.08,0,60869.08,USD,,,2025-10-17T06:03:32.392483,
a37ceea0-f302-43be-a7cd-3ce5784e0850,fa6b3223-0c9a-40e9-b075-9220ef58763e,1e8e19e6-8d03-4939-9a6a-36f94b3a55a5,47c2664f-bc2f-4823-9a3d-781be17999eb,INV-002237,Invoice for Subscription,overdue,2025-08-14,2026-09-27,2026-04-15T19:09:56.392511,,89048.05,10,8904.81,97952.86,0,97952.86,USD,Thank you for your business!,b8e50498-3baa-41be-b57a-6d5e7ae2eeb9,2026-04-21T04:38:59.392519,
a7e5bef7-0cb3-43eb-b8d4-1e74504d4a01,fa6b3223-0c9a-40e9-b075-9220ef58763e,e8decd04-902e-408f-b1d6-f6cc5cd15db1,,INV-002238,Invoice for Support,partial,2026-03-11,2027-02-02,2026-04-02T06:45:27.392545,,43137.03,7.5,3235.28,46372.31,23186.155,23186.155,USD,,,2026-03-03T23:12:26.392551,
fc6109ca-93ff-4faf-87c3-78c75d7ba5bc,fa6b3223-0c9a-40e9-b075-9220ef58763e,e0e55d1f-f878-462e-8fea-182d7033fac1,,INV-002239,Invoice for Services,overdue,2025-11-10,2026-10-02,2026-06-30T02:32:24.392577,,61810.67,7.5,4635.8,66446.47,0,66446.47,USD,,,2026-07-06T19:10:44.392583,
2db648cc-2b3a-4a65-a941-bdcca3c275f0,fa6b3223-0c9a-40e9-b075-9220ef58763e,d6d7d239-b75b-4409-8dc4-61fed0d13a64,,INV-002240,Invoice for Subscription,paid,2026-08-01,2026-10-16,2026-05-17T22:59:39.392609,2026-06-13T23:59:14.392614,33774.71,0,0.0,33774.71,33774.71,0,USD,Thank you for your business!,de40c312-516e-4156-8241-ba5ea6074533,2025-08-16T04:22:59.392621,
3bc3aa8f-a45f-4707-b4fd-1b5daed262a9,fa6b3223-0c9a-40e9-b075-9220ef58763e,f6fcceb0-c739-4e85-85d8-b879fae69905,,INV-002241,Invoice for Support,partial,2025-11-07,2026-08-18,2026-06-16T16:25:36.392651,,54954.21,20,10990.84,65945.05,32972.525,32972.525,USD,Thank you for your business!,,2026-04-22T05:35:28.392657,
a3336887-4c65-4943-9f76-208266bf5d8d,fa6b3223-0c9a-40e9-b075-9220ef58763e,,,INV-002242,Invoice for Support,partial,2025-11-05,2026-09-14,2026-07-24T06:20:44.392688,,60310.09,20,12062.02,72372.11,36186.055,36186.055,USD,Thank you for your business!,208b6603-65af-4fcc-9f87-94610c950ffd,2025-11-10T23:20:26.392695,
59a9636d-0669-4f43-9a3d-c127040297bc,fa6b3223-0c9a-40e9-b075-9220ef58763e,48480d6e-a8d8-43b6-9eb4-228cd4a9db2c,dba737eb-f848-4fa0-abd5-50c4a4c7a949,INV-002243,Invoice for Services,overdue,2026-05-05,2026-10-20,2026-06-16T17:01:45.392723,,35666.48,10,3566.65,39233.13,0,39233.13,USD,Thank you for your business!,,2026-05-31T05:41:56.392729,
ae6d8560-5f55-4c20-bb23-29038b389feb,fa6b3223-0c9a-40e9-b075-9220ef58763e,,d2fae14b-c449-4c8b-9209-d1e88f97c3a9,INV-002244,Invoice for Services,paid,2026-07-09,2026-10-24,2026-03-02T23:02:36.392757,2026-07-16T19:36:08.392762,99003.1,15,14850.47,113853.57,113853.57,0,USD,,,2026-02-12T19:34:33.392767,
18c56975-506e-45ea-978d-fb93b6f47487,fa6b3223-0c9a-40e9-b075-9220ef58763e,,a73539b5-cd02-40b9-a3e8-da5258602ff0,INV-002245,Invoice for Consulting,viewed,2026-06-21,2026-11-11,2026-05-14T19:46:51.392794,,62278.38,7.5,4670.88,66949.26,0,66949.26,USD,Thank you for your business!,37fbc835-7e7a-46d2-ab21-fbae5920cc74,2025-09-26T11:46:07.392800,
fa7a8d8c-6711-4662-9d32-8faf3a873a1a,fa6b3223-0c9a-40e9-b075-9220ef58763e,,5372a8ec-7876-45c7-bd0c-a7a45a9920c4,INV-002246,Invoice for Support,partial,2026-02-22,2026-11-23,2026-02-22T21:12:42.392831,,27726.1,5,1386.31,29112.41,14556.205,14556.205,USD,Thank you for your business!,,2026-03-31T12:21:08.392837,
65d66384-f9b4-4914-820f-2044c9bfc355,fa6b3223-0c9a-40e9-b075-9220ef58763e,91fd386d-bf28-49f8-8711-0ae785858704,,INV-002247,Invoice for Support,draft,2026-03-14,2026-10-30,,,33347.95,15,5002.19,38350.14,0,38350.14,USD,,,2025-10-15T12:54:16.392868,
aca774ae-df67-45e7-a8a8-807b3935c420,fa6b3223-0c9a-40e9-b075-9220ef58763e,db6452df-9e9c-4737-84b4-c42d9d05a442,,INV-002248,Invoice for Services,draft,2026-04-16,2027-01-05,,,26988.26,7.5,2024.12,29012.38,0,29012.38,USD,Thank you for your business!,,2026-06-02T21:57:42.392895,
6749b6b4-ebab-44e7-8bad-cf09a2635a8f,fa6b3223-0c9a-40e9-b075-9220ef58763e,baff464e-0bbf-45c6-936f-4287758c1b8d,,INV-002249,Invoice for Products,paid,2025-08-27,2026-11-29,2026-03-02T22:13:24.392922,2026-05-10T22:05:55.392927,71128.48,7.5,5334.64,76463.12,76463.12,0,USD,Thank you for your business!,,2026-03-10T03:13:06.392933,
3b38f1c7-6501-4788-bad8-f9376d06ca4c,fa6b3223-0c9a-40e9-b075-9220ef58763e,0974d269-47a7-48b3-8315-95cb53effc0d,,INV-002250,Invoice for Consulting,viewed,2026-05-29,2026-12-19,2026-04-07T23:27:56.392991,,63593.72,5,3179.69,66773.41,0,66773.41,USD,,,2025-12-25T06:21:33.393002,
988268af-3591-409a-85bb-5b8c3f3d3b3d,fa6b3223-0c9a-40e9-b075-9220ef58763e,,,INV-002251,Invoice for Subscription,draft,2026-01-28,2026-10-02,,,6602.65,7.5,495.2,7097.85,0,7097.85,USD,,19da1a21-a724-473d-a2f1-f2cd979f7fed,2026-02-13T17:40:18.393057,
2c13b8ae-bb8a-4d3e-acf1-b5da91e37663,fa6b3223-0c9a-40e9-b075-9220ef58763e,80692596-d533-4ed8-9741-99f99e4e9a10,ee29f385-35b1-4807-af5e-09bed7db3d4e,INV-002252,Invoice for Consulting,partial,2026-06-14,2026-11-23,2026-04-03T01:32:36.393112,,9067.53,8,725.4,9792.93,4896.465,4896.465,USD,,64bd4d89-5a01-4878-8599-797f681152e0,2025-08-29T16:33:10.393126,
55ca9772-f322-4e63-854f-2277e6490e09,fa6b3223-0c9a-40e9-b075-9220ef58763e,,,INV-002253,Invoice for Products,cancelled,2026-01-19,2026-11-10,2026-05-29T19:49:22.393172,,53410.5,7.5,4005.79,57416.29,0,57416.29,USD,,,2026-06-19T19:57:34.393183,
133a5334-eb66-460c-a27c-051ad9e13adf,fa6b3223-0c9a-40e9-b075-9220ef58763e,,,INV-002254,Invoice for Services,paid,2026-04-18,2026-11-30,2026-07-04T08:17:15.393241,2026-05-08T15:59:07.393256,98419.9,15,14762.99,113182.89,113182.89,0,USD,Thank you for your business!,,2025-12-16T20:18:08.393264,
55049f93-b4f6-4e2a-9ed2-32f50117a5ae,fa6b3223-0c9a-40e9-b075-9220ef58763e,,53f37759-6a59-4ce2-b7df-dbe6836801a1,INV-002255,Invoice for Products,paid,2026-03-07,2026-09-12,2026-04-20T22:27:25.393295,2026-08-06T05:15:40.393300,98857.34,20,19771.47,118628.81,118628.81,0,USD,,,2026-02-03T02:33:18.393306,
61dc991e-1814-44d6-a6cb-122c553e352b,fa6b3223-0c9a-40e9-b075-9220ef58763e,59cc347f-99af-4388-bce4-6daf50990c95,,INV-002256,Invoice for Services,partial,2025-10-12,2026-08-18,2026-07-23T22:59:25.393336,,16822.69,20,3364.54,20187.23,10093.615,10093.615,USD,Thank you for your business!,,2026-04-09T23:47:49.393342,
fea6496e-98c4-4311-b1cd-94b49ffd2a34,fa6b3223-0c9a-40e9-b075-9220ef58763e,122dd92a-e274-465a-a347-44b6bc6571a9,9f8acb45-e4c1-467c-9529-6132954fb7a2,INV-002257,Invoice for Services,draft,2025-08-09,2026-12-13,,,39857.55,5,1992.88,41850.43,0,41850.43,USD,,,2026-05-13T03:19:34.393376,
6057fbae-d1a6-4bd4-83ef-4b703efa46c9,fa6b3223-0c9a-40e9-b075-9220ef58763e,,,INV-002258,Invoice for Support,draft,2025-12-31,2026-10-12,,,24372.32,10,2437.23,26809.55,0,26809.55,USD,Thank you for your business!,,2025-09-18T20:54:42.393402,
f5c7ae46-f71f-462d-b88f-f117c370cb83,fa6b3223-0c9a-40e9-b075-9220ef58763e,542b850a-92c0-4be7-be78-ae78b1ca0f7b,7599a953-fba9-444a-8e76-447d92f054da,INV-002259,Invoice for Consulting,viewed,2025-10-17,2027-01-09,2026-07-13T13:42:59.393434,,58573.23,7.5,4392.99,62966.22,0,62966.22,USD,Thank you for your business!,,2025-08-30T07:37:10.393440,
f842e487-6f6f-4c92-ad51-a539d4b60446,fa6b3223-0c9a-40e9-b075-9220ef58763e,,,INV-002260,Invoice for Support,paid,2026-01-11,2026-08-11,2026-06-05T05:31:57.393472,2026-06-16T23:06:01.393478,49933.52,0,0.0,49933.52,49933.52,0,USD,,,2026-06-16T07:58:08.393484,
6c764c95-078d-4990-ac31-efdc7094bf6f,fa6b3223-0c9a-40e9-b075-9220ef58763e,,f316a829-25f6-47b6-937c-6126ffda7047,INV-002261,Invoice for Support,overdue,2026-06-13,2026-08-16,2026-06-13T05:33:58.393535,,10466.01,7.5,784.95,11250.96,0,11250.96,USD,Thank you for your business!,,2026-03-21T13:43:37.393541,
15fb9d04-de57-4f80-9e1e-6f76856bed7f,fa6b3223-0c9a-40e9-b075-9220ef58763e,,,INV-002262,Invoice for Products,sent,2026-07-15,2026-08-21,2026-05-10T19:22:39.393571,,29037.38,5,1451.87,30489.25,0,30489.25,USD,,,2026-04-27T12:35:31.393577,
4a7e026b-0a26-45d8-a897-e09e0a07af7f,fa6b3223-0c9a-40e9-b075-9220ef58763e,6742385b-cb95-43c7-b750-bfd3b0e3655d,,INV-002263,Invoice for Services,paid,2026-05-28,2026-08-09,2026-07-18T15:47:42.393608,2026-06-07T13:29:35.393613,69464.23,0,0.0,69464.23,69464.23,0,USD,Thank you for your business!,,2026-04-06T13:04:18.393619,
3b0d43db-cfd6-4e99-88f2-2d7505239af0,fa6b3223-0c9a-40e9-b075-9220ef58763e,,8a1b8bab-34d0-4b83-9d10-b7e6a7822f63,INV-002264,Invoice for Subscription,draft,2026-05-04,2026-08-18,,,3140.6,20,628.12,3768.72,0,3768.72,USD,Thank you for your business!,,2026-07-24T23:04:41.393646,
90b384c8-401b-4b26-a509-0a15a931369d,fa6b3223-0c9a-40e9-b075-9220ef58763e,34c567d5-662b-4a38-92c0-1dc1e5f80521,acc69f14-c450-4942-8757-30e03fd209cd,INV-002265,Invoice for Subscription,paid,2025-09-13,2026-11-16,2026-04-19T00:46:25.393673,2026-06-03T21:00:22.393679,75570.14,8,6045.61,81615.75,81615.75,0,USD,Thank you for your business!,,2026-02-14T22:19:01.393684,
411d96f8-7f7d-4ce9-839e-549e749a6832,fa6b3223-0c9a-40e9-b075-9220ef58763e,bf8a1df1-435b-4c5b-87b9-96c3b8f233f7,ee29f385-35b1-4807-af5e-09bed7db3d4e,INV-002266,Invoice for Subscription,paid,2025-12-14,2026-10-19,2026-07-30T06:55:43.393712,2026-06-28T16:25:11.393717,83286.35,5,4164.32,87450.67,87450.67,0,USD,,,2025-10-02T20:18:28.393723,
76a2d8d8-6260-4710-b81e-2179d41f1395,fa6b3223-0c9a-40e9-b075-9220ef58763e,9f0c3991-0a66-42ba-ae23-fb94b10eb3fd,,INV-002267,Invoice for Services,cancelled,2026-07-04,2026-09-02,2026-05-15T10:35:47.393753,,55829.14,8,4466.33,60295.47,0,60295.47,USD,,,2026-04-23T12:25:18.393759,
cc9beb20-00f5-4d5f-9129-44061bf727e4,fa6b3223-0c9a-40e9-b075-9220ef58763e,3ecc4a81-01f6-489b-a2e5-2957649b3066,f316a829-25f6-47b6-937c-6126ffda7047,INV-002268,Invoice for Services,overdue,2026-03-10,2026-08-16,2026-05-01T09:18:39.393786,,26141.09,0,0.0,26141.09,0,26141.09,USD,,,2025-10-26T08:39:19.393792,
d8cd0293-f147-4334-86bc-a89026266caf,fa6b3223-0c9a-40e9-b075-9220ef58763e,,,INV-002269,Invoice for Consulting,draft,2025-11-22,2026-10-13,,,30975.34,15,4646.3,35621.64,0,35621.64,USD,Thank you for your business!,,2025-10-27T14:53:21.393822,
fc045add-abd0-4a41-b77e-902199e7f034,fa6b3223-0c9a-40e9-b075-9220ef58763e,,7d595300-a3a2-4d3d-8c6b-7aeaa85d76b9,INV-002270,Invoice for Support,overdue,2026-04-30,2026-11-13,2026-06-14T10:02:17.393848,,2764.17,20,552.83,3317.0,0,3317.0,USD,,,2025-08-09T05:13:53.393854,
bcc8de27-fefe-4dd3-b0ae-d3d5cd95deda,fa6b3223-0c9a-40e9-b075-9220ef58763e,,57391a98-e3b0-4f2e-b1de-70d8897a901b,INV-002271,Invoice for Services,viewed,2025-08-12,2026-10-08,2026-04-28T05:57:26.393881,,82039.6,5,4101.98,86141.58,0,86141.58,USD,,,2025-11-18T06:35:11.393887,
2b41eef8-3ece-49a3-9309-51730a2fd3aa,fa6b3223-0c9a-40e9-b075-9220ef58763e,912e22f8-8b68-411f-a5d9-71b568f53cab,c0b26b55-3a20-4d47-a25f-0525502eb1e6,INV-002272,Invoice for Services,paid,2026-02-20,2026-10-24,2026-06-24T11:50:13.393915,2026-04-26T15:19:11.393920,62456.99,5,3122.85,65579.84,65579.84,0,USD,Thank you for your business!,,2025-11-05T02:35:27.393926,
304c2472-e4ce-4116-80b1-eb11c230d9dc,fa6b3223-0c9a-40e9-b075-9220ef58763e,936418c2-f26c-43c4-aa63-a30eb3bd9d34,,INV-002273,Invoice for Subscription,cancelled,2026-02-18,2027-01-18,2026-04-28T04:14:09.393960,,15588.52,5,779.43,16367.95,0,16367.95,USD,,,2025-12-18T15:09:56.393966,
6573c0be-19b1-499b-988c-847a467542f7,fa6b3223-0c9a-40e9-b075-9220ef58763e,fa38b974-0f58-4e29-9ab8-4acf28207e85,3e5eb9ac-a606-4472-9b12-c3f35e213e48,INV-002274,Invoice for Products,partial,2026-08-01,2026-11-12,2026-04-10T09:02:22.394014,,23538.32,8,1883.07,25421.39,12710.695,12710.695,USD,Thank you for your business!,d8f2c984-b0b8-4a35-9fa1-23d28a3358ff,2026-05-17T08:56:22.394022,
05fd5672-29d8-4747-b6db-30749619726b,fa6b3223-0c9a-40e9-b075-9220ef58763e,,,INV-002275,Invoice for Consulting,draft,2025-08-16,2026-10-04,,,25521.4,10,2552.14,28073.54,0,28073.54,USD,,,2025-10-14T08:13:55.394060,
5c4365d5-eefd-447c-b4bc-7a26343d39dd,fa6b3223-0c9a-40e9-b075-9220ef58763e,,ec618da9-bd35-406a-9b0a-9176982625ee,INV-002276,Invoice for Products,draft,2025-09-13,2027-01-27,,,79941.07,7.5,5995.58,85936.65,0,85936.65,USD,,,2026-04-30T15:12:28.394087,
01bf39d2-e0a4-4b65-a3d6-363f321badcc,fa6b3223-0c9a-40e9-b075-9220ef58763e,,54032aef-ce6c-4d80-a244-eceaa357ffa6,INV-002277,Invoice for Subscription,cancelled,2026-07-21,2026-10-26,2026-07-07T22:13:34.394113,,42322.18,7.5,3174.16,45496.34,0,45496.34,USD,,,2026-02-01T20:20:03.394119,
af6dd181-eec7-41f1-94ff-426ba356a66e,fa6b3223-0c9a-40e9-b075-9220ef58763e,afd78c60-867f-4557-a43f-165a936b4a61,d2fae14b-c449-4c8b-9209-d1e88f97c3a9,INV-002278,Invoice for Consulting,paid,2026-05-04,2026-12-18,2026-06-20T13:23:35.394147,2026-05-30T22:54:46.394152,33574.35,15,5036.15,38610.5,38610.5,0,USD,Thank you for your business!,,2025-09-03T01:36:13.394158,
28d0990b-14b5-4a9d-916e-76093ad82a7c,fa6b3223-0c9a-40e9-b075-9220ef58763e,f3d2c221-8de9-477f-a15d-79934471f272,877c817e-7094-4edb-9b68-1f8315bb41d7,INV-002279,Invoice for Consulting,draft,2025-12-18,2026-12-30,,,73969.49,20,14793.9,88763.39,0,88763.39,USD,,,2026-05-28T01:17:50.394190,
31f2488e-55b2-4e49-911b-39d1f27f70a5,fa6b3223-0c9a-40e9-b075-9220ef58763e,,844cfa03-e220-469e-b5f9-5205d98bb1c3,INV-002280,Invoice for Support,partial,2026-06-22,2026-11-06,2026-07-23T00:40:12.394218,,53264.74,0,0.0,53264.74,26632.37,26632.37,USD,Thank you for your business!,,2026-02-15T15:38:46.394224,
ff87bd30-295c-4424-a649-af8751bf2689,fa6b3223-0c9a-40e9-b075-9220ef58763e,2ae4c1bb-b4c5-4ac2-bd71-9239cef56e99,,INV-002281,Invoice for Services,overdue,2026-05-12,2027-01-08,2026-07-20T14:39:21.394251,,27758.25,20,5551.65,33309.9,0,33309.9,USD,,,2025-11-25T07:20:54.394257,
b324526d-30d0-4c46-88d6-74fa2b5d4ca1,fa6b3223-0c9a-40e9-b075-9220ef58763e,,,INV-002282,Invoice for Consulting,sent,2026-06-01,2026-08-30,2026-02-19T13:12:19.394283,,54345.43,20,10869.09,65214.52,0,65214.52,USD,Thank you for your business!,,2026-02-28T07:30:51.394289,
e9a089bf-748e-45e4-a761-c5756294db3c,fa6b3223-0c9a-40e9-b075-9220ef58763e,9ac666c9-d930-4700-a891-028267ddca7e,,INV-002283,Invoice for Services,partial,2026-04-03,2026-09-23,2026-06-28T22:38:15.394315,,60076.62,5,3003.83,63080.45,31540.225,31540.225,USD,,,2026-03-18T12:19:19.394321,
ad8ea791-ed8c-4458-a829-f2265e914a62,fa6b3223-0c9a-40e9-b075-9220ef58763e,8781138b-4804-4278-afda-a01f882d4e8d,0465128e-4f75-454f-b530-819a29a26362,INV-002284,Invoice for Support,cancelled,2026-04-14,2026-10-21,2026-07-14T13:03:58.394379,,29237.54,7.5,2192.82,31430.36,0,31430.36,USD,,a8a3f3c1-9732-4075-86c6-32a57d6bf2ae,2025-08-19T22:26:39.394395,
2a0ac10d-2e13-4d46-8a2e-1d3e2d239c6a,fa6b3223-0c9a-40e9-b075-9220ef58763e,,,INV-002285,Invoice for Services,viewed,2026-02-18,2026-09-10,2026-04-24T15:07:57.394457,,17294.74,8,1383.58,18678.32,0,18678.32,USD,Thank you for your business!,,2025-11-13T18:04:56.394464,
d6409782-45bc-4977-9bc2-a72ab7f1d220,fa6b3223-0c9a-40e9-b075-9220ef58763e,ab21a075-9e70-4f10-a3dd-9e7fe1138cc3,93cdde31-5722-44a8-8418-2da506bc021e,INV-002286,Invoice for Support,viewed,2026-07-13,2026-10-27,2026-06-24T16:26:16.394494,,23717.75,7.5,1778.83,25496.58,0,25496.58,USD,,,2026-07-17T04:21:54.394500,
b2d71ae0-e96a-4453-97b2-61d5aa56b2a1,fa6b3223-0c9a-40e9-b075-9220ef58763e,,,INV-002287,Invoice for Consulting,draft,2026-02-10,2026-08-17,,,11230.84,20,2246.17,13477.01,0,13477.01,USD,,,2026-01-04T00:57:15.394526,
01e691c5-eda8-4b4d-9465-13409d69126d,fa6b3223-0c9a-40e9-b075-9220ef58763e,,,INV-002288,Invoice for Services,sent,2026-06-15,2026-09-11,2026-06-04T21:00:43.394552,,22377.34,7.5,1678.3,24055.64,0,24055.64,USD,,,2025-09-05T05:29:34.394558,
796df788-13e8-4f74-b5ea-5118011315c6,fa6b3223-0c9a-40e9-b075-9220ef58763e,,,INV-002289,Invoice for Products,draft,2026-03-11,2026-12-17,,,12036.14,8,962.89,12999.03,0,12999.03,USD,Thank you for your business!,,2026-05-25T00:07:15.394584,
9bf830b4-f0cd-45f8-8f1c-66b30006e1d1,fa6b3223-0c9a-40e9-b075-9220ef58763e,,,INV-002290,Invoice for Consulting,cancelled,2026-05-31,2027-01-13,2026-03-31T00:22:49.394609,,2414.15,7.5,181.06,2595.21,0,2595.21,USD,Thank you for your business!,,2025-10-28T05:22:24.394615,
de01a1d4-5b0a-4d06-92c4-876e92fef7b4,fa6b3223-0c9a-40e9-b075-9220ef58763e,76655ced-9a16-4078-af9f-57945a506afe,,INV-002291,Invoice for Subscription,overdue,2025-08-27,2027-01-21,2026-02-23T00:31:05.394642,,62522.08,0,0.0,62522.08,0,62522.08,USD,Thank you for your business!,,2025-08-10T00:56:23.394648,
1560023f-5805-4854-89a7-a7912a185b33,fa6b3223-0c9a-40e9-b075-9220ef58763e,,,INV-002292,Invoice for Products,overdue,2026-05-25,2026-11-05,2026-02-12T20:03:14.394673,,92266.25,20,18453.25,110719.5,0,110719.5,USD,Thank you for your business!,,2026-06-22T18:45:47.394679,
c0a29638-6c41-4c51-ba68-a83778b5b793,fa6b3223-0c9a-40e9-b075-9220ef58763e,,dc06737d-a894-4169-acb2-4be7f20a933d,INV-002293,Invoice for Consulting,overdue,2026-07-08,2026-09-02,2026-04-06T20:44:19.394712,,95010.79,8,7600.86,102611.65,0,102611.65,USD,,,2026-07-10T19:53:48.394721,
6cf60702-2d5b-4c31-a956-da6987ba9774,fa6b3223-0c9a-40e9-b075-9220ef58763e,95bd2cfa-e3d8-4a73-b6b5-6a7d8a77b63f,6c53b130-66cc-4566-aec3-668a937592f1,INV-002294,Invoice for Services,cancelled,2025-11-15,2027-01-14,2026-03-14T15:54:00.394750,,38869.88,5,1943.49,40813.37,0,40813.37,USD,,,2026-06-03T23:37:06.394756,
5a3ae5ba-0a4b-447b-82f7-da467a35ccd7,fa6b3223-0c9a-40e9-b075-9220ef58763e,e2be74a3-b364-4f55-898f-e46582cafafa,8b752bc9-41fc-4455-b311-5f451891d0d4,INV-002295,Invoice for Services,paid,2025-11-04,2026-11-24,2026-06-08T00:01:56.394787,2026-05-17T12:07:58.394792,19956.88,7.5,1496.77,21453.65,21453.65,0,USD,,,2025-12-04T16:17:38.394798,
183ce4fc-4bbd-4d5c-8851-365ce2933fcf,fa6b3223-0c9a-40e9-b075-9220ef58763e,b1b2d068-60f9-4f6c-ac02-3d24fd7f8b3f,,INV-002296,Invoice for Consulting,sent,2026-04-06,2027-01-21,2026-04-12T22:09:23.394825,,40357.3,10,4035.73,44393.03,0,44393.03,USD,,,2025-11-07T16:01:04.394831,
40f0bcf0-1c39-4074-95fe-90ab6f1c4200,fa6b3223-0c9a-40e9-b075-9220ef58763e,275b9c17-4139-418c-a247-1add6e4ed669,3dca97c7-85fd-4988-95fd-03296b3e1a06,INV-002297,Invoice for Services,partial,2026-04-21,2026-08-28,2026-02-11T03:04:38.394859,,50752.67,10,5075.27,55827.94,27913.97,27913.97,USD,,,2025-10-28T19:29:27.394865,
033cf1ba-c31d-4983-a08d-a9824438338d,fa6b3223-0c9a-40e9-b075-9220ef58763e,2d0dc6bd-1552-42f9-b7d9-c55a16413a2e,,INV-002298,Invoice for Support,overdue,2026-02-12,2027-01-24,2026-04-29T05:39:15.394891,,62949.98,7.5,4721.25,67671.23,0,67671.23,USD,Thank you for your business!,16548abf-b1b6-4ca4-8376-f21ab0c4ee5b,2026-02-14T07:50:01.394898,
2eeb29a5-151e-4ee6-b1b3-51f0707f34bd,fa6b3223-0c9a-40e9-b075-9220ef58763e,,,INV-002299,Invoice for Support,draft,2026-03-09,2026-11-15,,,84767.8,7.5,6357.59,91125.39,0,91125.39,USD,,3484fab5-5d36-4157-9b23-e6a6eb0b4abb,2025-08-22T05:50:30.394927,
abcc69f2-0074-47f6-bd87-b9516032145c,fa6b3223-0c9a-40e9-b075-9220ef58763e,660d2462-bf1a-47d7-9bae-4967e10c22a1,,INV-002300,Invoice for Products,cancelled,2026-04-27,2026-08-22,2026-03-28T00:39:48.394956,,73867.42,8,5909.39,79776.81,0,79776.81,USD,Thank you for your business!,,2026-05-16T22:39:59.394962,
afcccaf3-9491-4321-935c-17afa6a06fcb,fa6b3223-0c9a-40e9-b075-9220ef58763e,73f06c64-18da-4094-bcfe-6673c03ab89a,,INV-002301,Invoice for Services,overdue,2025-09-27,2026-08-22,2026-03-15T19:09:44.394993,,41314.99,0,0.0,41314.99,0,41314.99,USD,Thank you for your business!,,2026-04-25T06:29:59.394999,
1d67d048-124c-495f-9ae3-d4adb7d5a490,fa6b3223-0c9a-40e9-b075-9220ef58763e,36851e0e-5a10-4ef1-a6e3-94911d4c9374,,INV-002302,Invoice for Services,cancelled,2025-09-24,2026-09-05,2026-05-10T07:32:08.395026,,95671.3,7.5,7175.35,102846.65,0,102846.65,USD,,,2025-12-31T11:19:55.395032,
35c1bb30-6f8c-43fe-a45d-3136acb4fbb7,fa6b3223-0c9a-40e9-b075-9220ef58763e,,,INV-002303,Invoice for Products,partial,2025-10-15,2026-12-16,2026-04-06T23:20:58.395057,,54311.8,0,0.0,54311.8,27155.9,27155.9,USD,Thank you for your business!,,2026-02-04T07:32:15.395063,
d8b8ec9b-6030-40a7-9628-0755a78e1ee2,fa6b3223-0c9a-40e9-b075-9220ef58763e,a3db9e6e-2d0c-477f-812e-8fb255e18c51,,INV-002304,Invoice for Products,sent,2025-08-19,2026-10-11,2026-03-10T12:14:43.395089,,81177.28,20,16235.46,97412.74,0,97412.74,USD,Thank you for your business!,,2026-03-01T17:11:55.395094,
30257288-e570-446f-9377-f1f4061c973f,fa6b3223-0c9a-40e9-b075-9220ef58763e,77909de3-77b1-42f3-a356-e0c44d99d7aa,968f62f4-dc54-46eb-ae55-9d9a485c2f2c,INV-002305,Invoice for Subscription,paid,2025-09-07,2027-01-07,2026-06-22T08:29:19.395123,2026-05-07T03:03:30.395128,5693.68,0,0.0,5693.68,5693.68,0,USD,,,2026-04-29T23:49:42.395134,
ea48b940-c499-4b37-8757-7a6045b5c51e,fa6b3223-0c9a-40e9-b075-9220ef58763e,c64fa233-c2c7-47d4-9e85-7f9c22b44032,,INV-002306,Invoice for Services,viewed,2025-10-06,2026-09-08,2026-05-31T19:41:02.395164,,43788.17,15,6568.23,50356.4,0,50356.4,USD,Thank you for your business!,,2026-06-19T07:26:54.395171,
e3c7d970-84e0-49e0-a1b5-bde50cbbb465,fa6b3223-0c9a-40e9-b075-9220ef58763e,,,INV-002307,Invoice for Subscription,draft,2026-02-10,2026-10-09,,,59262.58,8,4741.01,64003.59,0,64003.59,USD,,,2025-12-10T09:10:42.395197,
5d8c5ac2-441a-4f59-8734-88c9853bbea4,fa6b3223-0c9a-40e9-b075-9220ef58763e,72188ad2-5707-4f4d-9dc5-908740cffdb6,77be1261-650c-4702-beb7-30d5843270fd,INV-002308,Invoice for Subscription,paid,2026-02-11,2027-01-22,2026-02-08T05:21:06.395225,2026-06-10T03:29:52.395230,78263.29,10,7826.33,86089.62,86089.62,0,USD,Thank you for your business!,,2026-03-03T21:32:55.395236,
f8227fa1-c210-44c6-91aa-9f41bedb6e08,fa6b3223-0c9a-40e9-b075-9220ef58763e,,,INV-002309,Invoice for Products,overdue,2026-03-26,2027-02-04,2026-07-07T19:55:18.395261,,35697.6,7.5,2677.32,38374.92,0,38374.92,USD,,,2025-10-02T08:12:59.395267,
60116b51-cfa2-406d-a360-f2e8f5d918c1,fa6b3223-0c9a-40e9-b075-9220ef58763e,25876e50-a7d0-4f2a-9a62-cebb894aec0c,80bb26ae-b0e0-4a72-a800-dd2069e6fce5,INV-002310,Invoice for Support,partial,2025-12-07,2026-09-22,2026-02-06T03:18:19.395295,,82155.7,20,16431.14,98586.84,49293.42,49293.42,USD,Thank you for your business!,,2025-09-11T04:33:27.395305,
46a5f6c3-16c6-4872-90a6-63fe35590500,fa6b3223-0c9a-40e9-b075-9220ef58763e,1cebddf4-f848-4475-b38a-b844a00189af,,INV-002311,Invoice for Services,draft,2026-04-03,2026-11-26,,,54722.43,20,10944.49,65666.92,0,65666.92,USD,Thank you for your business!,,2026-03-18T16:05:23.395356,
b19b320c-384d-4fd3-8a08-a4374e75352b,fa6b3223-0c9a-40e9-b075-9220ef58763e,1719c60b-a29a-44e5-9966-98b2f1c47502,56780120-31ea-4b71-a1a8-564f00cbcbae,INV-002312,Invoice for Consulting,cancelled,2026-02-20,2027-01-29,2026-03-27T22:38:32.395384,,92264.03,10,9226.4,101490.43,0,101490.43,USD,Thank you for your business!,,2026-03-12T20:21:26.395390,
2f74e13c-466a-43aa-940c-3df1fa6d6bd6,fa6b3223-0c9a-40e9-b075-9220ef58763e,93845102-57b4-4d18-afe2-8af6440c1caa,,INV-002313,Invoice for Services,paid,2026-03-09,2027-01-06,2026-04-25T22:51:22.395416,2026-07-18T13:08:19.395422,19177.07,20,3835.41,23012.48,23012.48,0,USD,,e3b40ec4-ff43-4250-910b-e8826741b506,2026-08-06T04:23:29.395428,
6e960064-568c-48df-bc66-d975f73acc68,fa6b3223-0c9a-40e9-b075-9220ef58763e,459936c8-f46c-4ddf-8907-40923c88f453,c43f7ae0-4316-4a43-a745-63c587817c10,INV-002314,Invoice for Subscription,overdue,2026-07-04,2026-10-06,2026-04-28T07:16:02.395462,,16261.75,15,2439.26,18701.01,0,18701.01,USD,Thank you for your business!,19da1a21-a724-473d-a2f1-f2cd979f7fed,2026-01-31T14:43:14.395469,
d69ac1eb-946a-4cf4-a0a2-db0f681cff38,fa6b3223-0c9a-40e9-b075-9220ef58763e,,fe6b30b3-997e-47ed-b3ed-32595be675af,INV-002315,Invoice for Subscription,draft,2026-07-25,2026-10-16,,,24282.78,10,2428.28,26711.06,0,26711.06,USD,Thank you for your business!,,2026-06-08T14:38:01.395496,
9eab81be-1dbc-42ba-8a83-20ea5167969e,fa6b3223-0c9a-40e9-b075-9220ef58763e,a53f043b-6af8-42cd-b1c6-8f4cde4fdf4d,,INV-002316,Invoice for Products,viewed,2026-01-23,2026-12-09,2026-04-13T07:10:18.395527,,68260.09,15,10239.01,78499.1,0,78499.1,USD,,,2026-01-20T02:48:12.395532,
5ee5fa31-489c-4366-ad44-25e71b920c04,fa6b3223-0c9a-40e9-b075-9220ef58763e,0c751840-6383-400f-b6fe-ad54fbee1d6f,40895782-c2f8-42ec-8248-99c97b6422cf,INV-002317,Invoice for Products,sent,2026-01-27,2026-08-27,2026-03-09T04:36:31.395560,,43683.47,7.5,3276.26,46959.73,0,46959.73,USD,Thank you for your business!,,2025-11-30T08:02:03.395566,
d37514d7-8352-478a-acf3-d68bde659ec5,fa6b3223-0c9a-40e9-b075-9220ef58763e,,3c487ec8-df9e-4341-9186-24a1c132915c,INV-002318,Invoice for Support,paid,2026-03-26,2027-01-20,2026-05-23T17:01:35.395592,2026-04-25T17:18:41.395597,81211.52,8,6496.92,87708.44,87708.44,0,USD,,,2025-10-02T12:01:59.395603,
30a3c21a-6b4a-488d-a6d9-6587ec947f6b,fa6b3223-0c9a-40e9-b075-9220ef58763e,,9a08ac26-2311-4a92-a48e-513ba5338179,INV-002319,Invoice for Consulting,sent,2025-12-15,2027-01-28,2026-03-21T19:17:18.395629,,82431.55,8,6594.52,89026.07,0,89026.07,USD,Thank you for your business!,461ed141-ea87-49ee-983a-cf8bd082944a,2026-01-07T02:22:41.395636,
16704199-2f70-40e2-9808-0a07645b2bd1,fa6b3223-0c9a-40e9-b075-9220ef58763e,268c81ca-d5c0-40d3-af44-de2082b279ad,,INV-002320,Invoice for Services,overdue,2026-05-30,2026-09-04,2026-07-01T13:22:19.395662,,48333.9,20,9666.78,58000.68,0,58000.68,USD,Thank you for your business!,,2025-10-19T20:32:21.395668,
a7d1878b-6f87-4e3e-98c9-dccf0851e6f8,fa6b3223-0c9a-40e9-b075-9220ef58763e,233e2c45-3a56-4abe-a701-9dd60387cd5f,,INV-002321,Invoice for Consulting,overdue,2026-03-01,2026-12-14,2026-07-24T08:06:18.395694,,49895.99,8,3991.68,53887.67,0,53887.67,USD,,,2026-03-08T02:46:49.395700,
12455480-94a2-4901-824b-c05cd4f5cddc,fa6b3223-0c9a-40e9-b075-9220ef58763e,26648e52-d519-4aac-ac7d-0ebd884ee690,,INV-002322,Invoice for Services,draft,2025-08-17,2026-12-08,,,83510.7,8,6680.86,90191.56,0,90191.56,USD,,,2026-05-31T10:34:26.395730,
f6609f16-e19e-4ebc-8da0-219aaa346416,fa6b3223-0c9a-40e9-b075-9220ef58763e,173b6531-79ad-4ee1-873c-5040f13f38b4,,INV-002323,Invoice for Consulting,cancelled,2026-05-27,2026-10-02,2026-04-11T12:00:21.395812,,1932.68,7.5,144.95,2077.63,0,2077.63,USD,,,2026-05-22T00:37:03.395825,
a64835aa-68fe-425e-adcd-dac7bd3a59ce,fa6b3223-0c9a-40e9-b075-9220ef58763e,68162cd7-66e4-4942-a708-29a2f0ee758d,bf8bb187-c00d-43d1-9d38-78f9fb66fa46,INV-002324,Invoice for Subscription,partial,2026-06-06,2026-08-17,2026-02-23T01:43:03.395866,,38095.57,0,0.0,38095.57,19047.785,19047.785,USD,Thank you for your business!,,2026-01-14T03:11:18.395872,
fb0240f8-fa49-4245-b8c6-ac780911c1c8,fa6b3223-0c9a-40e9-b075-9220ef58763e,deb67a66-041a-45e2-b7b4-a9c3b004c3c5,,INV-002325,Invoice for Services,partial,2026-04-08,2026-11-13,2026-07-09T21:18:34.395899,,90836.01,8,7266.88,98102.89,49051.445,49051.445,USD,Thank you for your business!,,2025-11-02T21:04:40.395905,
27322e99-bbdf-42cd-8350-81b48629dadf,fa6b3223-0c9a-40e9-b075-9220ef58763e,cc1ad2b0-566e-4e8e-a182-8f5b024afbe2,,INV-002326,Invoice for Services,paid,2025-09-08,2026-09-19,2026-06-03T11:18:57.395932,2026-05-06T21:35:19.395937,90921.23,8,7273.7,98194.93,98194.93,0,USD,Thank you for your business!,,2026-04-30T10:44:44.395943,
79c7fc99-ebaa-4fc2-a640-f74e73303ab1,fa6b3223-0c9a-40e9-b075-9220ef58763e,,,INV-002327,Invoice for Services,overdue,2026-06-22,2026-09-12,2026-03-26T04:39:19.395981,,35257.77,10,3525.78,38783.55,0,38783.55,USD,,db3f4e25-f2e6-4d60-82ad-7314e46798e5,2026-05-26T07:14:16.395988,
288e1e28-3a69-4aeb-95e7-3a49cfc19553,fa6b3223-0c9a-40e9-b075-9220ef58763e,bfbdd70c-387d-40fb-875c-5aa956e49a1e,,INV-002328,Invoice for Services,partial,2025-10-28,2026-08-31,2026-06-18T14:48:34.396016,,80199.42,7.5,6014.96,86214.38,43107.19,43107.19,USD,Thank you for your business!,,2025-10-18T21:54:43.396022,
3866d8b8-4cc3-4d66-97fd-4367a10d8388,fa6b3223-0c9a-40e9-b075-9220ef58763e,,,INV-002329,Invoice for Products,draft,2026-07-10,2026-09-05,,,23088.35,8,1847.07,24935.42,0,24935.42,USD,,,2025-12-30T15:52:19.396048,
2a249e4f-711d-4d13-9fac-fcc9b054af58,fa6b3223-0c9a-40e9-b075-9220ef58763e,,8c181287-e2b6-4da9-acbc-588a960378d2,INV-002330,Invoice for Consulting,viewed,2025-10-27,2027-01-19,2026-06-29T07:14:18.396074,,47086.58,15,7062.99,54149.57,0,54149.57,USD,,,2026-06-04T21:25:46.396079,
4691002f-f654-4c94-98c1-501484fef00f,fa6b3223-0c9a-40e9-b075-9220ef58763e,f58ad41f-e2d4-4b00-8f8b-45042d1a3a1d,,INV-002331,Invoice for Subscription,sent,2025-10-19,2026-12-06,2026-03-30T04:01:34.396105,,65646.54,5,3282.33,68928.87,0,68928.87,USD,,,2025-09-25T22:35:16.396111,
b3d52124-1f19-46ac-b199-19b3dd9ce450,fa6b3223-0c9a-40e9-b075-9220ef58763e,,,INV-002332,Invoice for Consulting,viewed,2026-08-03,2026-12-14,2026-05-14T10:04:01.396148,,11652.5,5,582.62,12235.12,0,12235.12,USD,,,2026-07-09T14:51:39.396154,
a2b1f3d2-4d81-4601-b9e3-0193b49ec613,fa6b3223-0c9a-40e9-b075-9220ef58763e,32f336bb-be35-4cf5-a8c0-838d04a97669,c7b01c28-ca80-4532-b615-7bb01aecb2a2,INV-002333,Invoice for Products,draft,2025-08-16,2026-10-12,,,46216.49,10,4621.65,50838.14,0,50838.14,USD,,,2025-09-01T13:48:01.396182,
b0ccf29e-bcc7-48bb-ab24-69dc5182f9ed,fa6b3223-0c9a-40e9-b075-9220ef58763e,27db4ac0-eff3-4397-a47c-ef06f719dfd9,,INV-002334,Invoice for Services,viewed,2026-06-24,2026-12-05,2026-03-23T00:11:47.396209,,85993.32,0,0.0,85993.32,0,85993.32,USD,,0c9d1630-0fab-455b-a2c3-fd1b40f71193,2026-01-06T11:18:10.396216,
1e955060-b463-4f53-bacd-7cce2e2c0611,fa6b3223-0c9a-40e9-b075-9220ef58763e,2fe0b101-f00e-4254-8758-a862cfc35e0a,8dbf28cc-f980-4771-9ac1-14c6db2b4136,INV-002335,Invoice for Subscription,partial,2026-05-12,2026-11-13,2026-05-30T13:50:06.396242,,7262.41,5,363.12,7625.53,3812.765,3812.765,USD,,,2025-10-29T09:48:53.396248,
ba7525c9-1695-4079-92d9-abe4645d2f79,fa6b3223-0c9a-40e9-b075-9220ef58763e,7eb5fa40-9c8e-4121-af22-f54937f3ac4e,a173f449-372b-40c1-846b-26ad15397f62,INV-002336,Invoice for Services,viewed,2025-09-28,2026-11-07,2026-02-07T18:44:10.396276,,27713.5,8,2217.08,29930.58,0,29930.58,USD,Thank you for your business!,,2026-05-14T00:49:09.396282,
ef38fb61-2db3-4315-b2fd-6280b329501d,fa6b3223-0c9a-40e9-b075-9220ef58763e,042a8560-ccbd-47bd-b8c5-d962fcb07e7e,8b752bc9-41fc-4455-b311-5f451891d0d4,INV-002337,Invoice for Subscription,overdue,2025-08-09,2027-01-07,2026-07-26T01:41:59.396314,,10390.67,5,519.53,10910.2,0,10910.2,USD,,aac8ddc0-6e22-40ee-bf4d-61e05ce56fc2,2026-07-06T20:54:42.396320,
900f696a-85cc-41ec-87d9-fe93d884e06d,fa6b3223-0c9a-40e9-b075-9220ef58763e,,44bde104-dbf4-46f0-a4fe-4154c5a4a872,INV-002338,Invoice for Support,sent,2026-01-06,2027-01-28,2026-07-30T00:50:46.396347,,39243.41,20,7848.68,47092.09,0,47092.09,USD,Thank you for your business!,,2025-11-28T19:58:25.396353,
bc4fbc2c-a4b4-4d31-bd8c-15cb81dda57f,fa6b3223-0c9a-40e9-b075-9220ef58763e,,a173f449-372b-40c1-846b-26ad15397f62,INV-002339,Invoice for Subscription,paid,2026-05-03,2026-09-30,2026-04-03T09:56:43.396379,2026-05-08T04:33:55.396384,85296.13,20,17059.23,102355.36,102355.36,0,USD,,8e044830-b45f-47b7-ba71-4513f50eed22,2025-08-14T11:19:17.396391,
9954c789-ea5f-4adc-9e56-e670007028d5,fa6b3223-0c9a-40e9-b075-9220ef58763e,,,INV-002340,Invoice for Services,paid,2026-04-19,2026-12-17,2026-07-04T11:06:36.396417,2026-05-15T05:18:42.396422,28968.46,15,4345.27,33313.73,33313.73,0,USD,Thank you for your business!,a410c8fb-c24d-42c6-943d-bd5c9c43150d,2026-05-28T08:46:55.396429,
b7a7222b-695f-42fc-9902-954f7958260d,fa6b3223-0c9a-40e9-b075-9220ef58763e,404952f2-acfd-4c67-bdd8-ee8cfda684ed,,INV-002341,Invoice for Consulting,cancelled,2026-06-16,2026-11-22,2026-04-24T15:41:41.396461,,21822.35,10,2182.24,24004.59,0,24004.59,USD,Thank you for your business!,,2026-07-11T06:25:10.396467,
af9a6460-1ff2-405a-b1bc-a13630654f43,fa6b3223-0c9a-40e9-b075-9220ef58763e,,,INV-002342,Invoice for Subscription,draft,2025-11-28,2026-11-23,,,45917.77,10,4591.78,50509.55,0,50509.55,USD,,,2026-07-06T08:03:47.396493,
db91ccab-f6a5-442b-a45f-6c23d530b9a5,fa6b3223-0c9a-40e9-b075-9220ef58763e,c6a57a17-d9b5-46ec-9985-7d576e2968ed,1a96df7d-472c-4fdc-8f0b-b8de35533dc3,INV-002343,Invoice for Subscription,overdue,2026-06-12,2026-08-16,2026-06-21T07:41:18.396529,,69160.85,10,6916.09,76076.94,0,76076.94,USD,,,2025-08-13T20:37:23.396535,
9b8907c6-a9db-40ae-8931-6a423cd937ba,fa6b3223-0c9a-40e9-b075-9220ef58763e,,,INV-002344,Invoice for Services,draft,2026-01-25,2026-08-12,,,46439.75,8,3715.18,50154.93,0,50154.93,USD,Thank you for your business!,,2026-04-09T16:12:39.396562,
c69b1d3d-7146-4a53-86db-3d7eb5f9b07e,fa6b3223-0c9a-40e9-b075-9220ef58763e,a69e4306-a2fa-4be7-8189-133f5d83eb12,3019062a-abca-4572-a968-854d81b1e990,INV-002345,Invoice for Products,paid,2026-06-20,2026-08-31,2026-03-13T08:33:01.396593,2026-08-02T05:29:13.396598,69945.7,0,0.0,69945.7,69945.7,0,USD,,,2026-07-18T21:11:22.396604,
631f4d14-7af3-4386-82cc-31a2531eca97,fa6b3223-0c9a-40e9-b075-9220ef58763e,6dbd2f01-e4e5-4e7e-9694-ef2fae8ed375,,INV-002346,Invoice for Products,paid,2025-12-25,2026-12-17,2026-04-10T08:40:07.396631,2026-07-30T06:49:07.396636,36237.48,10,3623.75,39861.23,39861.23,0,USD,Thank you for your business!,,2025-08-23T08:44:43.396642,
ea829993-6bbe-4d28-9162-d987885095b6,fa6b3223-0c9a-40e9-b075-9220ef58763e,de164baa-286b-4ae2-9590-f513af196191,,INV-002347,Invoice for Consulting,overdue,2025-09-30,2026-12-01,2026-05-30T06:16:24.396668,,57766.08,5,2888.3,60654.38,0,60654.38,USD,Thank you for your business!,,2026-05-12T07:34:50.396674,
1b7eded8-5d77-4ae0-bd8d-12cb386c2e2d,fa6b3223-0c9a-40e9-b075-9220ef58763e,67567027-0a6b-4a10-bbcd-1d6fadaf4a95,b7b7ddc6-b3bb-4783-80be-00209fa8dbb4,INV-002348,Invoice for Subscription,draft,2025-08-22,2026-08-23,,,16986.44,8,1358.92,18345.36,0,18345.36,USD,,,2026-06-23T01:32:47.396705,
93c794c5-770b-4e95-8f21-cb7c817c3765,fa6b3223-0c9a-40e9-b075-9220ef58763e,6683e3db-5c5d-4ef7-86be-3421c6be66f7,,INV-002349,Invoice for Consulting,partial,2025-12-02,2026-11-20,2026-06-30T23:27:36.396731,,80125.2,5,4006.26,84131.46,42065.73,42065.73,USD,,,2026-07-01T18:33:48.396737,
43bbf009-64c1-42b2-870f-9e82e4d763b2,fa6b3223-0c9a-40e9-b075-9220ef58763e,,592507c2-9a9c-469e-9e49-f5e9d58de4b9,INV-002350,Invoice for Subscription,partial,2025-12-12,2026-11-24,2026-08-01T15:11:18.396762,,12463.08,7.5,934.73,13397.81,6698.905,6698.905,USD,Thank you for your business!,,2026-03-05T12:18:46.396768,
9f1bd882-5fb9-4924-b4e4-eda5161c4e42,fa6b3223-0c9a-40e9-b075-9220ef58763e,585358e1-fffc-487a-afbf-243ad9be4b66,7baee168-db99-4c82-9468-2970df04f2b0,INV-002351,Invoice for Support,partial,2026-06-02,2026-10-20,2026-05-30T12:56:49.396795,,46653.16,15,6997.97,53651.13,26825.565,26825.565,USD,Thank you for your business!,,2025-09-19T02:21:04.396801,
aa945f82-ecf7-4843-a558-f31093a96e32,fa6b3223-0c9a-40e9-b075-9220ef58763e,,,INV-002352,Invoice for Support,draft,2025-10-31,2026-09-18,,,35526.17,7.5,2664.46,38190.63,0,38190.63,USD,,7f20118a-9d5a-4b7e-91df-063bc9767c4c,2025-11-28T20:48:35.396827,
91df9b3e-329b-4fbd-b605-ee0d9a41e22e,fa6b3223-0c9a-40e9-b075-9220ef58763e,752cb6b9-e3f6-41b3-a34c-b6cff982162d,,INV-002353,Invoice for Consulting,draft,2025-11-01,2026-11-03,,,41383.41,15,6207.51,47590.92,0,47590.92,USD,Thank you for your business!,c4077518-ece6-4468-9e80-38a01cb3511a,2025-12-14T22:10:50.396860,
ddf49067-6bbd-46fe-a573-e02aa60542ca,fa6b3223-0c9a-40e9-b075-9220ef58763e,d66c3594-f810-420f-bb90-583de842e5a1,9df9e677-7ebb-474a-be38-73f6f6403846,INV-002354,Invoice for Subscription,sent,2025-09-22,2026-11-10,2026-07-05T20:08:07.396891,,89000.87,15,13350.13,102351.0,0,102351.0,USD,,,2025-10-16T10:30:23.396897,
a3d19f53-0532-42b0-a873-89b1f6a568d3,fa6b3223-0c9a-40e9-b075-9220ef58763e,2daf0eda-e65a-41a3-ad47-14649a373d45,,INV-002355,Invoice for Support,cancelled,2025-11-11,2026-08-26,2026-06-08T04:11:46.396923,,37409.14,20,7481.83,44890.97,0,44890.97,USD,Thank you for your business!,,2026-01-15T12:08:36.396929,
6538adf7-b806-4a9e-8370-9e6450725f68,fa6b3223-0c9a-40e9-b075-9220ef58763e,754b6d00-85a4-4485-a750-7292df57d125,,INV-002356,Invoice for Consulting,draft,2026-03-08,2026-12-18,,,87122.54,0,0.0,87122.54,0,87122.54,USD,Thank you for your business!,,2026-03-19T10:46:29.396956,
9d2658a5-0fdd-412f-bd4f-ce6c1b981746,fa6b3223-0c9a-40e9-b075-9220ef58763e,,,INV-002357,Invoice for Subscription,sent,2026-03-05,2026-12-29,2026-07-06T14:56:35.396980,,47124.64,10,4712.46,51837.1,0,51837.1,USD,Thank you for your business!,,2025-09-20T18:57:14.396986,
98ba715b-e30e-4d1f-9661-fe0166c66724,fa6b3223-0c9a-40e9-b075-9220ef58763e,145937af-cf0d-48d6-b7e3-d46c6d03d4fd,,INV-002358,Invoice for Support,paid,2025-09-01,2026-09-20,2026-06-20T12:55:57.397015,2026-05-02T19:16:54.397021,34262.16,8,2740.97,37003.13,37003.13,0,USD,Thank you for your business!,6651276f-8e2a-455b-b6f4-6a7dd743ef8e,2026-01-22T18:28:07.397027,
2b9ed20a-8878-4b23-adb0-1179c58e0ce6,fa6b3223-0c9a-40e9-b075-9220ef58763e,,,INV-002359,Invoice for Consulting,sent,2025-09-29,2026-11-04,2026-05-20T08:42:57.397056,,83409.63,8,6672.77,90082.4,0,90082.4,USD,,,2025-09-08T22:11:45.397062,
80f8e190-6267-42e6-9268-70130fcd0cc9,fa6b3223-0c9a-40e9-b075-9220ef58763e,7fbdc6f1-06de-4ab7-abab-2c3de41f29c6,,INV-002360,Invoice for Services,draft,2025-12-26,2026-11-30,,,83642.07,5,4182.1,87824.17,0,87824.17,USD,Thank you for your business!,,2026-02-18T15:22:28.397089,
55168f34-0665-4552-b49e-97d37b08fbdb,fa6b3223-0c9a-40e9-b075-9220ef58763e,52bca21e-4020-4963-a719-b151689a9d65,ea81456c-bd45-4821-b86a-89924ffa7116,INV-002361,Invoice for Services,draft,2026-05-14,2026-12-01,,,83320.8,7.5,6249.06,89569.86,0,89569.86,USD,Thank you for your business!,276832fc-5ec9-47da-8b2c-a14e3632fcb4,2026-02-28T07:18:18.397118,
c0a927d6-4c27-4ba4-aa6d-b9f1bd2f0bed,fa6b3223-0c9a-40e9-b075-9220ef58763e,3a7f1b81-ba41-4807-8057-55e9cdb4d236,,INV-002362,Invoice for Products,viewed,2026-07-31,2026-12-26,2026-02-21T12:45:35.397145,,14201.57,20,2840.31,17041.88,0,17041.88,USD,Thank you for your business!,17e96682-dfdd-4139-9a1f-d812e031b5b8,2026-06-26T18:28:46.397152,
cf49504f-096b-4e9e-9b1f-05fc1088436c,fa6b3223-0c9a-40e9-b075-9220ef58763e,bc0c22c7-a991-4ded-aba1-44227e480059,,INV-002363,Invoice for Products,paid,2026-04-13,2026-08-16,2026-07-14T05:20:20.397181,2026-07-23T22:36:18.397187,94301.22,8,7544.1,101845.32,101845.32,0,USD,Thank you for your business!,,2025-11-30T04:40:12.397192,
f3e3e255-52df-4fb2-a0af-46722d218160,fa6b3223-0c9a-40e9-b075-9220ef58763e,bbc6bf58-3110-4967-8ccb-2847e49614f9,,INV-002364,Invoice for Consulting,sent,2026-07-16,2027-01-18,2026-07-08T19:07:32.397223,,78443.82,5,3922.19,82366.01,0,82366.01,USD,Thank you for your business!,,2026-04-04T19:11:48.397229,
ecb3ec17-d1a7-43f7-a12a-34e3d0e87675,fa6b3223-0c9a-40e9-b075-9220ef58763e,d6acf202-200d-4a59-a9d3-3ca1555bf0f7,,INV-002365,Invoice for Consulting,overdue,2025-10-08,2026-10-22,2026-04-11T07:25:09.397255,,62779.03,8,5022.32,67801.35,0,67801.35,USD,Thank you for your business!,5fecc0ac-454d-40de-80ea-99479a7be663,2026-04-10T04:48:17.397262,
40ec1b5f-8e31-4aea-a03b-ee7cdb0c6b2f,fa6b3223-0c9a-40e9-b075-9220ef58763e,,,INV-002366,Invoice for Subscription,overdue,2025-11-01,2026-10-21,2026-02-24T13:55:04.397286,,5234.22,5,261.71,5495.93,0,5495.93,USD,,,2026-06-04T22:34:02.397292,
6b7bb1e4-c819-43a1-9db3-b5bba9228865,fa6b3223-0c9a-40e9-b075-9220ef58763e,,,INV-002367,Invoice for Products,sent,2025-08-31,2027-01-22,2026-05-12T11:57:02.397317,,3535.13,15,530.27,4065.4,0,4065.4,USD,Thank you for your business!,96d19585-919a-4718-8594-7c4f72118e25,2026-02-13T16:48:36.397324,
6cc7d4eb-c4b3-4380-af1f-f79c801b3770,fa6b3223-0c9a-40e9-b075-9220ef58763e,8aa6f416-888b-4193-a97a-d75837290455,91901804-5bd2-49e9-9fae-789d37e4f9b5,INV-002368,Invoice for Services,overdue,2026-07-09,2027-01-01,2026-03-11T06:09:43.397351,,88351.47,10,8835.15,97186.62,0,97186.62,USD,,,2026-02-15T09:59:33.397357,
0e31de25-a210-4bd4-99f4-f0dd28fcd990,fa6b3223-0c9a-40e9-b075-9220ef58763e,59cc347f-99af-4388-bce4-6daf50990c95,,INV-002369,Invoice for Subscription,sent,2026-03-07,2027-01-27,2026-05-21T23:03:58.397389,,61553.2,10,6155.32,67708.52,0,67708.52,USD,Thank you for your business!,,2026-02-16T20:15:07.397395,
594a199c-ea27-46ae-b085-5ef5a578c852,fa6b3223-0c9a-40e9-b075-9220ef58763e,15ec8b1e-fd88-42bb-a7e9-3b32672ec6ac,be3cb573-d0ae-4579-be35-1d4c0bfbe80c,INV-002370,Invoice for Services,draft,2026-02-09,2026-09-24,,,42667.08,5,2133.35,44800.43,0,44800.43,USD,,,2026-01-19T16:09:43.397423,
51b1ae1f-42bb-4eaa-99bb-7319f51a8369,fa6b3223-0c9a-40e9-b075-9220ef58763e,e7f4be07-fedc-4709-97ef-580aa9cf1436,0465128e-4f75-454f-b530-819a29a26362,INV-002371,Invoice for Services,draft,2025-09-19,2026-09-19,,,6773.88,5,338.69,7112.57,0,7112.57,USD,,,2025-11-14T21:31:00.397456,
12ce9cae-ec0f-408d-862c-16624c654da2,fa6b3223-0c9a-40e9-b075-9220ef58763e,,3019062a-abca-4572-a968-854d81b1e990,INV-002372,Invoice for Consulting,draft,2025-08-26,2027-01-19,,,49752.97,20,9950.59,59703.56,0,59703.56,USD,Thank you for your business!,,2025-11-30T15:24:34.397486,
dc33b361-dcfa-4dfb-b8c2-ac9802282699,fa6b3223-0c9a-40e9-b075-9220ef58763e,26d96564-7b56-4384-88b5-b1ee77e8ecca,,INV-002373,Invoice for Support,draft,2025-09-06,2027-01-02,,,47647.37,20,9529.47,57176.84,0,57176.84,USD,Thank you for your business!,,2025-11-22T15:55:29.397513,
8c69b3fd-856a-49b0-9f89-6beb5a1d466d,fa6b3223-0c9a-40e9-b075-9220ef58763e,,06c0b931-ce57-4f02-bb0f-71c5ccddc618,INV-002374,Invoice for Subscription,partial,2026-04-04,2026-08-09,2026-05-15T03:04:23.397543,,66625.53,5,3331.28,69956.81,34978.405,34978.405,USD,,,2026-05-11T08:27:02.397549,
88f72efd-c93d-4e98-9018-d4c6f336a671,fa6b3223-0c9a-40e9-b075-9220ef58763e,ee8160cc-1c06-44fa-bd4d-32dc3496c192,,INV-002375,Invoice for Support,viewed,2025-12-02,2026-11-15,2026-07-18T11:11:00.397582,,32282.46,10,3228.25,35510.71,0,35510.71,USD,,,2026-05-18T23:40:52.397587,
25b4e0af-8ed8-4bbf-92f4-0ae33b68645c,fa6b3223-0c9a-40e9-b075-9220ef58763e,,,INV-002376,Invoice for Support,cancelled,2025-12-17,2026-11-22,2026-06-17T09:17:01.397612,,31909.36,10,3190.94,35100.3,0,35100.3,USD,Thank you for your business!,,2025-11-01T10:19:44.397618,
97fde5c7-686a-446c-87b7-f1f6746b3be8,fa6b3223-0c9a-40e9-b075-9220ef58763e,,165505b1-438c-4cb5-8882-93a78709563d,INV-002377,Invoice for Consulting,viewed,2026-07-10,2026-10-04,2026-07-27T06:43:41.397644,,18929.93,10,1892.99,20822.92,0,20822.92,USD,,,2025-08-27T12:45:56.397650,
6c062308-7d14-41bd-9cd5-5855ae076d16,fa6b3223-0c9a-40e9-b075-9220ef58763e,6490876c-296d-478b-b8fe-6edb4a3fdec1,7b0796a4-5f23-45ae-abea-4387908b6aef,INV-002378,Invoice for Consulting,paid,2025-09-21,2026-09-25,2026-06-02T05:35:21.397676,2026-05-16T09:03:44.397681,85143.02,5,4257.15,89400.17,89400.17,0,USD,,,2026-06-30T19:32:18.397687,
de0e3f27-b148-4bdb-84ac-857dd189e9e2,fa6b3223-0c9a-40e9-b075-9220ef58763e,,0cca6aee-391d-410a-a762-36fffde1c9e8,INV-002379,Invoice for Products,paid,2025-10-16,2026-08-21,2026-05-17T07:05:37.397716,2026-06-18T05:10:22.397722,24556.23,0,0.0,24556.23,24556.23,0,USD,Thank you for your business!,,2025-12-15T05:01:35.397727,
30cb3799-b3fb-4fb2-9eeb-719d2ccb3345,fa6b3223-0c9a-40e9-b075-9220ef58763e,851e8516-0b27-4d47-9a76-a95c33917e48,,INV-002380,Invoice for Support,draft,2025-12-27,2026-10-03,,,95544.41,8,7643.55,103187.96,0,103187.96,USD,,,2026-03-31T17:38:37.397755,
ef7fc8cd-4f1c-405b-8565-00a562b8cd95,fa6b3223-0c9a-40e9-b075-9220ef58763e,,,INV-002381,Invoice for Subscription,sent,2025-11-10,2026-09-11,2026-02-26T06:29:38.397785,,59761.74,15,8964.26,68726.0,0,68726.0,USD,,,2025-11-22T21:48:37.397791,
634f391a-64aa-42ec-8c45-e2a3bc4899cc,fa6b3223-0c9a-40e9-b075-9220ef58763e,,09cf40c8-4c5b-4672-9708-24c37e742e18,INV-002382,Invoice for Services,partial,2025-11-18,2026-12-03,2026-02-24T01:15:15.397816,,49782.37,5,2489.12,52271.49,26135.745,26135.745,USD,,,2025-12-12T17:20:44.397822,
13da47b3-8370-4fdf-ba2d-c7b26244e62f,fa6b3223-0c9a-40e9-b075-9220ef58763e,,,INV-002383,Invoice for Products,viewed,2026-02-02,2026-11-02,2026-02-18T15:21:50.397847,,30165.05,7.5,2262.38,32427.43,0,32427.43,USD,,,2025-09-21T02:54:28.397852,
cb6d22e2-c9b7-4792-a126-67145f9746b9,fa6b3223-0c9a-40e9-b075-9220ef58763e,6490876c-296d-478b-b8fe-6edb4a3fdec1,,INV-002384,Invoice for Subscription,paid,2026-05-31,2026-11-30,2026-06-03T09:23:38.397881,2026-06-03T13:20:08.397887,1624.6,5,81.23,1705.83,1705.83,0,USD,,,2025-10-24T04:08:35.397892,
6ca51bf5-eac2-492f-8070-bbb71c7fbc4a,fa6b3223-0c9a-40e9-b075-9220ef58763e,,,INV-002385,Invoice for Consulting,viewed,2025-11-08,2026-12-18,2026-03-02T04:32:15.397917,,95539.37,5,4776.97,100316.34,0,100316.34,USD,,,2026-03-18T04:07:42.397923,
95245e63-c92f-4773-8d20-6a25b877114d,fa6b3223-0c9a-40e9-b075-9220ef58763e,,63cee9f1-4d1a-4957-b6a8-9f501e8549b3,INV-002386,Invoice for Products,overdue,2025-10-02,2026-11-08,2026-05-03T00:26:52.397948,,55615.2,10,5561.52,61176.72,0,61176.72,USD,Thank you for your business!,,2026-06-09T09:01:29.397954,
6fd137c1-e2c9-454c-a3b0-c7ef846aebe6,fa6b3223-0c9a-40e9-b075-9220ef58763e,54bb6aab-7b06-422c-8509-a641ad3360f4,,INV-002387,Invoice for Consulting,overdue,2025-09-24,2027-01-24,2026-04-22T17:40:23.397981,,63070.28,20,12614.06,75684.34,0,75684.34,USD,,,2026-04-10T12:46:29.397986,
6c6fbda4-7aae-48c3-a0a4-ef28feffb3c8,fa6b3223-0c9a-40e9-b075-9220ef58763e,5e0f5ff0-6316-448f-b36b-a9c417323697,,INV-002388,Invoice for Support,overdue,2026-07-18,2027-01-16,2026-05-24T10:45:35.398014,,10790.69,8,863.26,11653.95,0,11653.95,USD,,,2025-12-06T00:54:05.398020,
76319b79-8a96-48e2-9b96-9991920ecc80,fa6b3223-0c9a-40e9-b075-9220ef58763e,0c038bdb-4e90-424c-b6e8-bbbe5ab5e766,8f6d2922-f81f-4cf0-b98d-d8c318832c85,INV-002389,Invoice for Subscription,partial,2025-10-29,2027-01-30,2026-06-14T18:16:30.398046,,80396.49,20,16079.3,96475.79,48237.895,48237.895,USD,Thank you for your business!,,2026-03-27T11:16:50.398052,
4c4c4327-ebd1-4ce7-b722-1e60fcae3841,fa6b3223-0c9a-40e9-b075-9220ef58763e,90836e03-83dd-4fc7-a986-2c337de90de3,d4427d75-803d-4dff-a7c4-16f17be078f9,INV-002390,Invoice for Support,viewed,2025-12-19,2026-11-11,2026-03-11T01:58:50.398083,,97982.86,0,0.0,97982.86,0,97982.86,USD,Thank you for your business!,,2026-07-12T09:30:18.398089,
b8802725-786c-44b0-843a-fa59cb2f0272,fa6b3223-0c9a-40e9-b075-9220ef58763e,7a648efd-7e76-407b-a698-b95ae922e1b5,1d3a9d9d-fbb3-448a-84b3-2068db07a387,INV-002391,Invoice for Support,overdue,2025-11-21,2026-12-05,2026-06-11T14:46:44.398119,,49195.6,0,0.0,49195.6,0,49195.6,USD,,,2025-08-16T04:42:14.398125,
a9c655d0-1cc6-4d2a-923c-cc07bcbfb49f,fa6b3223-0c9a-40e9-b075-9220ef58763e,da31aeda-0a9d-4017-a1dd-388b8ab62450,,INV-002392,Invoice for Support,paid,2025-12-08,2026-12-30,2026-04-28T16:14:57.398151,2026-04-29T08:53:20.398156,55911.73,15,8386.76,64298.49,64298.49,0,USD,,,2025-10-11T08:28:46.398162,
48abd563-049f-4269-bb08-f4eb75f3842b,fa6b3223-0c9a-40e9-b075-9220ef58763e,,,INV-002393,Invoice for Products,draft,2026-03-01,2027-02-03,,,93761.44,5,4688.07,98449.51,0,98449.51,USD,,,2026-07-16T18:21:55.398188,
b6c30b49-f62b-49cc-9217-b305f84629f0,fa6b3223-0c9a-40e9-b075-9220ef58763e,3bd22865-464a-4229-b297-e535c13feda2,af3bddce-5b95-47f2-8053-154054080e78,INV-002394,Invoice for Products,paid,2025-12-12,2026-08-13,2026-05-20T03:23:28.398215,2026-04-30T00:39:12.398220,97063.86,7.5,7279.79,104343.65,104343.65,0,USD,Thank you for your business!,c5943dee-5e1b-482e-a75d-a12d62ccac4f,2025-08-07T22:07:33.398227,
bddf6a85-fbef-4a92-be85-7b8fc605447d,fa6b3223-0c9a-40e9-b075-9220ef58763e,af4acd20-c472-46d6-a468-6f094c0cfebe,,INV-002395,Invoice for Subscription,partial,2026-05-21,2026-09-27,2026-04-06T22:24:19.398258,,83962.14,7.5,6297.16,90259.3,45129.65,45129.65,USD,,,2025-10-06T21:59:34.398264,
eaef9957-9a50-4898-a084-20c54d3f1d4b,fa6b3223-0c9a-40e9-b075-9220ef58763e,,be3cb573-d0ae-4579-be35-1d4c0bfbe80c,INV-002396,Invoice for Products,partial,2026-05-30,2026-10-05,2026-06-16T02:33:00.398289,,47665.86,10,4766.59,52432.45,26216.225,26216.225,USD,Thank you for your business!,,2025-10-02T16:55:23.398295,
58f75bbe-7c99-44aa-935b-8039cbad0332,fa6b3223-0c9a-40e9-b075-9220ef58763e,8b005a4d-e45a-45f2-ae60-3848652512b6,,INV-002397,Invoice for Support,sent,2026-01-18,2026-10-17,2026-06-10T04:30:00.398329,,32447.91,8,2595.83,35043.74,0,35043.74,USD,,a1c3a056-ea3d-4534-94cc-35a8f9dfb3a5,2026-01-21T04:13:09.398336,
5b97be10-88e0-462f-aecb-2bb4ac32f155,fa6b3223-0c9a-40e9-b075-9220ef58763e,a260a546-1f22-45d0-a315-bcdc0d17adfa,,INV-002398,Invoice for Subscription,overdue,2026-05-01,2026-11-21,2026-08-06T15:57:54.398362,,13986.75,20,2797.35,16784.1,0,16784.1,USD,Thank you for your business!,,2026-06-27T04:50:15.398368,
813a532f-b0d3-4a6b-9e36-4c7c773c38bd,fa6b3223-0c9a-40e9-b075-9220ef58763e,6498532c-b868-4008-a2ec-27267233c6d5,103528cd-5b44-422e-8449-24a976b74271,INV-002399,Invoice for Services,paid,2026-01-23,2026-08-13,2026-03-03T23:03:57.398394,2026-06-26T17:01:55.398400,76320.49,8,6105.64,82426.13,82426.13,0,USD,,,2026-01-05T07:28:31.398406,
19a5c850-05ba-4864-a832-e4c5d315d4b5,fa6b3223-0c9a-40e9-b075-9220ef58763e,cff40371-246e-4c71-9c5e-63f420fd0944,,INV-002400,Invoice for Subscription,cancelled,2026-03-11,2026-12-24,2026-03-30T22:56:15.398436,,86242.81,20,17248.56,103491.37,0,103491.37,USD,,,2025-11-12T23:35:22.398441,
019f16f2-513e-4f18-8bcc-fb3487dfc219,7179207a-0cc9-48e0-87e1-8cd7d2f9f721,,,INV-002401,Invoice for Consulting,cancelled,2026-05-04,2026-09-25,2026-06-05T09:06:21.402226,,21999.05,5,1099.95,23099.0,0,23099.0,USD,Thank you for your business!,ef4ba4c3-0d91-493d-8d5f-3da783232942,2026-02-03T14:17:17.402237,
2a7808ae-3855-4cf2-91ea-c60fe2c04bb6,7179207a-0cc9-48e0-87e1-8cd7d2f9f721,,,INV-002402,Invoice for Subscription,partial,2026-05-01,2026-10-08,2026-02-13T05:52:46.402266,,46635.07,5,2331.75,48966.82,24483.41,24483.41,USD,,7feb1078-8dd5-4117-bc03-654cae9da5d3,2025-09-14T12:58:14.402273,
d5eab9a0-0cce-4a69-ac80-14d11378c03f,7179207a-0cc9-48e0-87e1-8cd7d2f9f721,ad8cb5af-757a-4242-9872-30f5b9e720e4,a16aa5e8-0c44-47aa-8fd9-0d0d8a528585,INV-002403,Invoice for Products,partial,2025-09-10,2026-10-06,2026-03-29T10:28:57.402303,,78541.76,10,7854.18,86395.94,43197.97,43197.97,USD,,981a1ff6-cd3d-41dc-ae75-9954d45824c7,2026-07-08T11:05:23.402310,
826b3182-08ff-46e7-8ee1-b727c925856f,7179207a-0cc9-48e0-87e1-8cd7d2f9f721,6b3ed49e-865d-479b-a350-53b8f46a132e,,INV-002404,Invoice for Support,sent,2026-06-07,2026-12-11,2026-05-15T22:43:25.402338,,73920.02,20,14784.0,88704.02,0,88704.02,USD,Thank you for your business!,,2026-07-14T00:01:35.402344,
b9998052-a30f-4e0e-828d-27371e6b5dd3,7179207a-0cc9-48e0-87e1-8cd7d2f9f721,2a8de008-7579-4d8f-94e0-36f1c203b3a6,,INV-002405,Invoice for Support,paid,2025-09-14,2026-08-31,2026-04-25T11:01:28.402370,2026-07-01T14:29:29.402376,9044.82,20,1808.96,10853.78,10853.78,0,USD,,,2026-03-24T04:57:10.402382,
2e85c01c-f16f-4b88-a78a-04b7e77552c8,7179207a-0cc9-48e0-87e1-8cd7d2f9f721,2f268d8a-4e9b-46ae-97fb-a95f6b0b2241,a162539a-e6fc-4ca8-ac12-9f5d5743fa18,INV-002406,Invoice for Services,draft,2025-09-12,2026-08-22,,,86613.53,5,4330.68,90944.21,0,90944.21,USD,Thank you for your business!,,2025-12-09T15:18:41.402410,
d9cc7a71-6f27-42c2-afbb-9f7241ee518d,7179207a-0cc9-48e0-87e1-8cd7d2f9f721,f0b575d7-4723-4b0d-a420-8df9e28a5903,83d21f50-efc3-42bf-b409-4231dcd05378,INV-002407,Invoice for Support,draft,2025-08-16,2026-11-21,,,882.56,15,132.38,1014.94,0,1014.94,USD,Thank you for your business!,,2026-05-28T11:18:06.402458,
9bc264fa-58d6-4f5e-a02b-4938b37ffe1e,7179207a-0cc9-48e0-87e1-8cd7d2f9f721,5c4730dd-a6da-4812-8737-ca3e0181c4c8,,INV-002408,Invoice for Support,overdue,2025-09-28,2026-09-03,2026-08-01T05:24:58.402489,,37208.23,8,2976.66,40184.89,0,40184.89,USD,Thank you for your business!,,2025-09-13T02:31:47.402495,
61e049fe-85a1-45f2-8a98-5007adc813bc,7179207a-0cc9-48e0-87e1-8cd7d2f9f721,24cc4c2a-c7b0-4f63-8fd8-ecf4e11248b0,,INV-002409,Invoice for Subscription,overdue,2026-06-07,2026-11-10,2026-06-02T06:35:00.402522,,10635.87,20,2127.17,12763.04,0,12763.04,USD,Thank you for your business!,,2026-03-17T19:03:52.402528,
824dc857-e478-4084-b2d3-caa2668bb95e,7179207a-0cc9-48e0-87e1-8cd7d2f9f721,,,INV-002410,Invoice for Consulting,draft,2026-07-06,2026-12-12,,,33320.4,20,6664.08,39984.48,0,39984.48,USD,Thank you for your business!,,2026-03-02T11:26:46.402565,
6d26ed08-777a-4669-ab62-4e39ac5fb4af,7179207a-0cc9-48e0-87e1-8cd7d2f9f721,,778434b4-eafc-4a7c-aa81-482488038822,INV-002411,Invoice for Services,viewed,2026-02-12,2026-08-09,2026-04-24T07:51:19.402595,,46249.92,8,3699.99,49949.91,0,49949.91,USD,Thank you for your business!,,2026-04-07T02:15:31.402602,
0d345488-44ca-4f35-ba38-d6856e9fe23e,7179207a-0cc9-48e0-87e1-8cd7d2f9f721,f06d1f62-74d7-4346-b375-08135b845a7f,,INV-002412,Invoice for Subscription,cancelled,2026-08-07,2027-01-12,2026-04-04T13:39:40.402630,,6808.72,20,1361.74,8170.46,0,8170.46,USD,Thank you for your business!,207b4f28-6434-4172-8c63-1920a7203f7f,2026-01-03T06:29:42.402637,
9100e808-5445-446f-a674-10c38f1df378,7179207a-0cc9-48e0-87e1-8cd7d2f9f721,7617c097-aac2-47e5-88de-f87298c42597,9d6f91f0-7eeb-4a21-a5f2-a33d58de9a1d,INV-002413,Invoice for Services,viewed,2026-05-24,2026-08-27,2026-03-30T13:41:32.402665,,63741.75,20,12748.35,76490.1,0,76490.1,USD,Thank you for your business!,,2026-06-10T20:57:35.402671,
abfb240c-55a5-418d-b12c-ecf873046179,7179207a-0cc9-48e0-87e1-8cd7d2f9f721,,,INV-002414,Invoice for Support,draft,2025-12-10,2026-09-29,,,54964.92,7.5,4122.37,59087.29,0,59087.29,USD,Thank you for your business!,,2025-08-23T19:46:43.402701,
d0a61aef-06d4-4a13-ba51-8ea311674179,7179207a-0cc9-48e0-87e1-8cd7d2f9f721,fb9c1630-b864-452e-86ec-f601bd770da5,,INV-002415,Invoice for Support,paid,2026-01-09,2027-01-07,2026-05-15T18:17:15.402728,2026-06-16T13:38:35.402733,75229.34,5,3761.47,78990.81,78990.81,0,USD,Thank you for your business!,,2026-04-29T06:33:18.402739,
5aaaf8e6-8e94-449e-b998-f2fac1a61432,7179207a-0cc9-48e0-87e1-8cd7d2f9f721,8a31641b-42fc-481b-a0f2-c318faae6737,,INV-002416,Invoice for Products,viewed,2025-11-10,2026-09-05,2026-06-22T19:50:56.402765,,68505.39,20,13701.08,82206.47,0,82206.47,USD,Thank you for your business!,,2025-10-30T07:19:58.402771,
fe433696-bb6c-4012-8b37-dc7afaaa15b0,7179207a-0cc9-48e0-87e1-8cd7d2f9f721,,,INV-002417,Invoice for Subscription,draft,2026-01-06,2026-09-10,,,42778.46,0,0.0,42778.46,0,42778.46,USD,,,2026-01-18T11:33:37.402797,
03ce47dc-aaab-4599-bd79-5ffd4542de5e,7179207a-0cc9-48e0-87e1-8cd7d2f9f721,,,INV-002418,Invoice for Services,overdue,2026-02-04,2026-10-24,2026-07-08T23:31:19.402850,,16009.44,0,0.0,16009.44,0,16009.44,USD,,,2026-01-26T10:31:42.402856,
dd857ca7-6dc7-4337-a82c-d9070e022cec,7179207a-0cc9-48e0-87e1-8cd7d2f9f721,f36a1a9b-6b57-4c94-affd-9b6106c449fa,,INV-002419,Invoice for Support,viewed,2026-06-29,2026-10-03,2026-07-27T15:22:02.402883,,26546.13,8,2123.69,28669.82,0,28669.82,USD,Thank you for your business!,081344e9-dbad-4f2a-82b5-54f009dc630f,2025-11-18T18:25:36.402890,
a3f8fc52-49f5-41f1-b9d4-ee7aa103fd96,7179207a-0cc9-48e0-87e1-8cd7d2f9f721,,,INV-002420,Invoice for Subscription,overdue,2026-03-27,2026-10-13,2026-04-06T19:57:33.402915,,96495.94,15,14474.39,110970.33,0,110970.33,USD,,,2025-11-02T17:33:07.402921,
46b2cc7d-a230-4884-800d-03987bd5b83a,7179207a-0cc9-48e0-87e1-8cd7d2f9f721,b00b2a57-b795-4822-9ff9-82c67edbc229,fb7419d1-5893-46bf-ae8a-891444659e75,INV-002421,Invoice for Products,draft,2025-12-16,2027-01-20,,,40181.55,5,2009.08,42190.63,0,42190.63,USD,,,2025-10-15T07:48:34.402952,
08b05634-ac66-4f58-8d06-41a4c0ce8ff2,7179207a-0cc9-48e0-87e1-8cd7d2f9f721,,,INV-002422,Invoice for Products,draft,2025-09-03,2026-12-15,,,66843.15,0,0.0,66843.15,0,66843.15,USD,Thank you for your business!,,2026-05-12T21:04:45.402982,
68643f38-3515-4edc-9df9-bdb092ce2d8d,7179207a-0cc9-48e0-87e1-8cd7d2f9f721,a25a655b-ac19-4b2c-b00e-0e55f1470ffc,,INV-002423,Invoice for Consulting,paid,2025-08-19,2026-10-24,2026-07-16T14:49:35.403013,2026-07-18T08:05:33.403019,12644.85,0,0.0,12644.85,12644.85,0,USD,Thank you for your business!,7a9afb83-8efa-4ec7-bb95-541c0af617ed,2025-09-26T06:56:06.403025,
71943660-82f9-4029-a74a-603e21412400,7179207a-0cc9-48e0-87e1-8cd7d2f9f721,60e842de-1223-4c74-af28-bb665170e059,,INV-002424,Invoice for Services,partial,2026-06-30,2026-11-25,2026-06-19T13:32:30.403051,,96215.61,8,7697.25,103912.86,51956.43,51956.43,USD,,,2026-07-22T14:07:30.403057,
3ece3eb3-7445-4309-8c29-d90b55363424,7179207a-0cc9-48e0-87e1-8cd7d2f9f721,,,INV-002425,Invoice for Subscription,cancelled,2026-06-17,2026-09-17,2026-06-06T01:24:16.403087,,27587.03,7.5,2069.03,29656.06,0,29656.06,USD,,722df1bf-bebb-4c4f-a6da-b0c7227c5780,2026-04-25T20:00:17.403093,
b16f49e3-356f-4f94-8dbb-36ea31eda808,7179207a-0cc9-48e0-87e1-8cd7d2f9f721,3cbe6381-32b5-4a04-9100-397d3000dc37,,INV-002426,Invoice for Services,viewed,2025-11-14,2026-11-14,2026-04-03T17:01:40.403119,,46709.49,15,7006.42,53715.91,0,53715.91,USD,Thank you for your business!,,2026-05-09T14:54:59.403125,
1520379e-0f08-4675-bc5f-6d61bd36e937,7179207a-0cc9-48e0-87e1-8cd7d2f9f721,90fb59b5-9398-429a-8a9b-47add2b6fe06,1a09eac6-5a0c-4256-86ce-682f9d4c61b3,INV-002427,Invoice for Services,partial,2026-06-12,2026-08-24,2026-04-08T06:48:59.403152,,21417.38,20,4283.48,25700.86,12850.43,12850.43,USD,,,2026-06-29T14:42:58.403158,
34479156-b838-4caa-94e5-9bce62fd7809,7179207a-0cc9-48e0-87e1-8cd7d2f9f721,,b840c061-9d7a-41a3-8bd7-2c10a0e86245,INV-002428,Invoice for Consulting,viewed,2026-05-14,2026-08-11,2026-04-21T18:44:01.403183,,52545.11,7.5,3940.88,56485.99,0,56485.99,USD,,,2026-05-09T06:39:55.403189,
5b9795ce-bd12-4184-a748-04301c63b744,7179207a-0cc9-48e0-87e1-8cd7d2f9f721,65928a4c-6412-44dd-bdf4-9875b73413f3,13e89b6a-a51c-4940-afec-9bc1b495cc53,INV-002429,Invoice for Services,overdue,2025-09-07,2026-10-11,2026-03-15T12:36:53.403216,,22297.21,20,4459.44,26756.65,0,26756.65,USD,,,2026-02-04T05:40:36.403221,
1923c4d7-9b4d-4a1c-9fab-32fa58336743,7179207a-0cc9-48e0-87e1-8cd7d2f9f721,86a8bdf9-363b-4c99-94ca-578b96f30902,,INV-002430,Invoice for Services,cancelled,2026-04-24,2026-08-15,2026-04-11T09:30:42.403251,,27755.55,7.5,2081.67,29837.22,0,29837.22,USD,,,2026-02-21T10:57:27.403257,
911188f9-35ba-4e31-976a-cba2006e54ac,7179207a-0cc9-48e0-87e1-8cd7d2f9f721,eef0df5d-41a2-4cc5-ad11-8952755548ef,,INV-002431,Invoice for Services,partial,2026-07-15,2026-08-22,2026-06-18T06:44:41.403283,,56472.67,10,5647.27,62119.94,31059.97,31059.97,USD,,,2026-03-12T17:27:34.403289,
0dc39485-b765-4560-bdc3-8e90695c46e9,7179207a-0cc9-48e0-87e1-8cd7d2f9f721,,57fb56e7-45a9-449f-bbf6-1d4e184fa71f,INV-002432,Invoice for Support,cancelled,2026-06-29,2026-09-09,2026-07-30T16:22:26.403318,,30189.85,5,1509.49,31699.34,0,31699.34,USD,Thank you for your business!,,2026-02-08T13:04:01.403324,
eb35a7b7-26ca-4643-94d3-a1aa994be20b,7179207a-0cc9-48e0-87e1-8cd7d2f9f721,6c4c8579-175f-4a56-b087-173e44a7aee0,,INV-002433,Invoice for Services,sent,2026-03-29,2026-09-26,2026-06-17T01:13:08.403350,,28135.57,15,4220.34,32355.91,0,32355.91,USD,,,2026-02-17T10:39:16.403356,
a30e8fdf-1dd4-4bd3-9aa0-bd93e5241e33,7179207a-0cc9-48e0-87e1-8cd7d2f9f721,4fc82dca-4908-4f79-b9cd-af2dc9294543,ca41c310-978c-4941-a5d2-79d3762df4aa,INV-002434,Invoice for Subscription,paid,2026-01-10,2026-09-10,2026-03-14T23:20:05.403383,2026-06-17T02:17:24.403388,78752.82,8,6300.23,85053.05,85053.05,0,USD,Thank you for your business!,,2025-09-08T22:21:51.403394,
3bc266a0-1333-4b3b-a31e-2f69c6db0ea6,7179207a-0cc9-48e0-87e1-8cd7d2f9f721,,,INV-002435,Invoice for Support,paid,2026-06-20,2026-09-16,2026-06-12T02:11:15.403423,2026-06-15T08:27:40.403428,66776.8,7.5,5008.26,71785.06,71785.06,0,USD,Thank you for your business!,,2026-07-09T23:22:27.403433,
a9dc7a59-6ed0-4bf2-8616-354b13cf53c2,7179207a-0cc9-48e0-87e1-8cd7d2f9f721,,8053dbd2-d8d5-489c-b81f-8b5dcd0b03a8,INV-002436,Invoice for Subscription,partial,2026-01-11,2026-12-10,2026-03-23T11:38:39.403468,,12869.5,5,643.48,13512.98,6756.49,6756.49,USD,Thank you for your business!,,2025-09-01T03:40:10.403474,
20643759-d7ed-416b-950a-6210106b7119,7179207a-0cc9-48e0-87e1-8cd7d2f9f721,,,INV-002437,Invoice for Support,partial,2026-06-10,2026-09-30,2026-02-19T13:04:43.403499,,3673.24,7.5,275.49,3948.73,1974.365,1974.365,USD,Thank you for your business!,,2026-06-14T20:47:45.403505,
420f5817-5d25-428f-9c04-5462c161eec9,7179207a-0cc9-48e0-87e1-8cd7d2f9f721,28a7eb64-79d6-4934-b6a6-af16e37132d6,ab4cd954-0726-4d7a-8ef2-efbb531a1ce2,INV-002438,Invoice for Consulting,draft,2026-01-31,2026-11-25,,,98726.19,8,7898.1,106624.29,0,106624.29,USD,Thank you for your business!,,2026-07-02T07:07:01.403532,
1170060f-0745-4890-a6c3-009446e51d21,7179207a-0cc9-48e0-87e1-8cd7d2f9f721,,,INV-002439,Invoice for Subscription,overdue,2026-05-28,2027-01-26,2026-02-05T04:21:21.403564,,87871.72,5,4393.59,92265.31,0,92265.31,USD,Thank you for your business!,,2025-08-20T03:42:43.403570,
b3157ef8-6615-482c-9d44-0f4a31dc556f,7179207a-0cc9-48e0-87e1-8cd7d2f9f721,aad775fb-732a-4488-985e-9e375c4e3f63,6c7644e9-5d53-4028-94cf-ac4e329f3e25,INV-002440,Invoice for Consulting,paid,2026-07-08,2026-11-27,2026-07-28T03:52:25.403600,2026-06-21T22:03:42.403605,5830.47,8,466.44,6296.91,6296.91,0,USD,,,2025-11-01T17:05:32.403611,
91b6b78e-9210-46af-8637-00098f1c6d56,7179207a-0cc9-48e0-87e1-8cd7d2f9f721,32c6c98e-8802-460f-8b02-0fedd13829a1,de4e95e2-beb1-4411-9189-1d641556f026,INV-002441,Invoice for Subscription,cancelled,2026-05-03,2027-01-04,2026-06-28T19:12:12.403638,,59956.82,15,8993.52,68950.34,0,68950.34,USD,,,2025-11-09T20:58:29.403643,
6cffa1ca-13ec-4fe9-949e-06435a80745c,7179207a-0cc9-48e0-87e1-8cd7d2f9f721,4090bff4-cc29-47aa-b7a3-aaffcd985c0b,0ea2a53b-3e74-4561-856a-5a0154a7f682,INV-002442,Invoice for Subscription,sent,2026-03-10,2026-12-28,2026-04-30T23:01:43.403670,,56566.98,0,0.0,56566.98,0,56566.98,USD,Thank you for your business!,c09ad40e-c646-43f6-8625-b7772c1c354e,2025-12-18T03:32:12.403677,
2af1e5f7-15ef-4935-8f4a-97058fb24cc5,7179207a-0cc9-48e0-87e1-8cd7d2f9f721,,,INV-002443,Invoice for Subscription,sent,2025-11-29,2026-08-08,2026-08-01T22:19:36.403702,,2843.85,20,568.77,3412.62,0,3412.62,USD,,,2026-08-06T04:00:16.403708,
07580a92-0f16-4c3b-925a-ddf3be7250cb,7179207a-0cc9-48e0-87e1-8cd7d2f9f721,1f3d732e-03c3-46c4-99cf-97196316e368,,INV-002444,Invoice for Consulting,viewed,2025-11-14,2026-12-12,2026-02-14T11:56:12.403734,,90102.61,8,7208.21,97310.82,0,97310.82,USD,,1432118e-7988-4a67-9f10-7cc832cfa20e,2026-01-03T21:26:10.403740,
a57388be-50bc-4b9d-8b4b-c4431d7653d1,7179207a-0cc9-48e0-87e1-8cd7d2f9f721,,16f68f54-bed3-419f-8525-947feec68121,INV-002445,Invoice for Subscription,draft,2026-01-28,2026-09-27,,,18380.59,15,2757.09,21137.68,0,21137.68,USD,Thank you for your business!,c2a7ee47-ddbc-4cf9-b607-7f46b7c62766,2025-09-06T01:26:29.403846,
f5d0a883-917e-47bd-938e-b635cc78c9bc,7179207a-0cc9-48e0-87e1-8cd7d2f9f721,,9f63a126-289a-436d-b3c0-21f6c4fc938e,INV-002446,Invoice for Products,overdue,2025-10-31,2026-11-28,2026-05-05T14:32:32.403881,,54740.76,20,10948.15,65688.91,0,65688.91,USD,Thank you for your business!,,2025-12-01T04:56:53.403887,
04f67e86-b8cc-4816-95ad-0fe6abedd94d,7179207a-0cc9-48e0-87e1-8cd7d2f9f721,abd9b396-911a-455f-83bb-fc7db0e40108,08840ada-dc5d-4fda-8c80-ed37535503e4,INV-002447,Invoice for Consulting,sent,2025-12-26,2026-12-25,2026-06-14T08:37:52.403938,,51656.31,5,2582.82,54239.13,0,54239.13,USD,Thank you for your business!,,2026-07-12T04:04:17.403951,
fd51989b-4994-490a-b4e1-1c323eb6bca0,7179207a-0cc9-48e0-87e1-8cd7d2f9f721,db58eedf-3cc7-4845-b44f-5ffb3d962aa6,98bfa1dd-7abb-4f8e-9a72-5b0aba010bf5,INV-002448,Invoice for Support,sent,2026-05-02,2026-10-24,2026-02-10T19:26:29.404005,,3788.98,15,568.35,4357.33,0,4357.33,USD,Thank you for your business!,e823cd8f-2642-415a-a9f8-e0cfa2b3cef1,2026-07-10T11:21:14.404021,
81bc7453-f1c6-40c0-b2e5-5957e15b4606,7179207a-0cc9-48e0-87e1-8cd7d2f9f721,2bee5cf1-ab39-48f1-933b-7ceea1bbb285,bb26ef7e-70f4-4277-8ce3-0c03fb547ea1,INV-002449,Invoice for Consulting,draft,2026-06-26,2026-11-14,,,47130.51,20,9426.1,56556.61,0,56556.61,USD,,6fe5ca92-5618-4530-8032-70e178ade3a2,2025-08-18T13:15:09.404082,
024dfad3-0dde-4d92-b620-aeac153f3689,7179207a-0cc9-48e0-87e1-8cd7d2f9f721,bcfc8d77-84eb-47fb-965a-be599076fbab,64874d34-07fc-4575-b018-66ff0a73b618,INV-002450,Invoice for Consulting,overdue,2026-07-22,2026-10-19,2026-04-15T09:41:47.404113,,68788.3,0,0.0,68788.3,0,68788.3,USD,,,2026-03-24T00:14:47.404119,
15197789-d02a-44f5-b575-c182c635ac76,7179207a-0cc9-48e0-87e1-8cd7d2f9f721,76c5be41-a25b-4356-aa2d-151ecd11dcf3,,INV-002451,Invoice for Products,sent,2026-02-23,2026-12-22,2026-04-28T04:38:36.404151,,66220.76,10,6622.08,72842.84,0,72842.84,USD,Thank you for your business!,,2025-11-18T03:33:09.404157,
0ba9d473-b6b6-47f2-a407-6079e7513a7f,7179207a-0cc9-48e0-87e1-8cd7d2f9f721,25ab6070-f403-425b-8e75-aad798df371b,d4f6677d-4b82-41d3-8f1a-50fc86324b97,INV-002452,Invoice for Consulting,overdue,2026-01-15,2026-09-30,2026-05-20T10:47:46.404186,,39118.79,20,7823.76,46942.55,0,46942.55,USD,,,2025-08-12T07:29:59.404192,
ccbed738-476b-43d4-8d59-cc00b2afe06c,7179207a-0cc9-48e0-87e1-8cd7d2f9f721,,39717135-6a34-4d93-9dcc-ce70faac2925,INV-002453,Invoice for Subscription,sent,2026-05-13,2026-09-11,2026-08-04T11:08:38.404218,,47258.85,0,0.0,47258.85,0,47258.85,USD,Thank you for your business!,,2025-08-07T15:03:13.404224,
8658668b-630f-4baa-8804-62815139190b,7179207a-0cc9-48e0-87e1-8cd7d2f9f721,dcdf2e19-69fe-4b40-9f22-a44ee9186fb4,,INV-002454,Invoice for Support,overdue,2026-04-22,2026-12-26,2026-05-11T04:20:24.404251,,79337.35,0,0.0,79337.35,0,79337.35,USD,Thank you for your business!,545e47cc-2b28-45d0-9053-997455c74ba4,2025-11-05T09:22:29.404259,
fcdd89bb-25f0-470f-b665-653486841554,7179207a-0cc9-48e0-87e1-8cd7d2f9f721,39a0d058-c5ed-4bf3-a8a0-00ccb9fe0988,,INV-002455,Invoice for Support,paid,2025-12-10,2026-11-07,2026-03-02T16:12:51.404289,2026-06-13T12:09:27.404294,78763.41,8,6301.07,85064.48,85064.48,0,USD,,bbd0c57b-8f39-4a82-b261-db2bc20c2dc1,2025-12-06T17:10:46.404301,
5af8c89b-b2ae-4dbb-adb3-beb381eae936,7179207a-0cc9-48e0-87e1-8cd7d2f9f721,,11b7ef0b-8b18-46bd-a93b-56b1c61fefe7,INV-002456,Invoice for Services,overdue,2026-05-16,2027-01-08,2026-06-24T11:59:24.404334,,87269.71,8,6981.58,94251.29,0,94251.29,USD,Thank you for your business!,,2025-10-29T09:18:31.404340,
af624282-2d29-481e-8cd6-31dd3975635f,7179207a-0cc9-48e0-87e1-8cd7d2f9f721,,,INV-002457,Invoice for Products,partial,2025-08-09,2027-01-12,2026-05-16T19:20:50.404367,,6755.92,0,0.0,6755.92,3377.96,3377.96,USD,,,2026-06-11T15:20:39.404373,
6714aca9-8226-4a29-9609-2935b27b0199,7179207a-0cc9-48e0-87e1-8cd7d2f9f721,afed45ec-79f6-4c10-94a4-0cc31be8783c,,INV-002458,Invoice for Subscription,partial,2025-11-12,2026-11-25,2026-05-08T04:36:39.404399,,54219.59,10,5421.96,59641.55,29820.775,29820.775,USD,,,2025-12-01T15:41:30.404405,
8e2ce7b8-dd5c-46dc-a6a4-5a37080d7169,7179207a-0cc9-48e0-87e1-8cd7d2f9f721,0afeb128-3438-4fea-92c3-ad83ddc5244c,107a793e-cc89-4a1b-bd77-4d40acdaeb06,INV-002459,Invoice for Subscription,partial,2025-10-02,2026-08-18,2026-04-07T10:05:21.404432,,48301.32,8,3864.11,52165.43,26082.715,26082.715,USD,Thank you for your business!,,2026-06-12T19:30:20.404438,
36ba771e-c6e3-407f-a29e-fcf5cc9cb4a6,7179207a-0cc9-48e0-87e1-8cd7d2f9f721,4e1a8557-c5b4-445f-96ec-b1a5b582bf01,,INV-002460,Invoice for Products,overdue,2025-10-26,2026-12-06,2026-06-12T09:26:06.404470,,62924.62,10,6292.46,69217.08,0,69217.08,USD,Thank you for your business!,,2026-02-04T00:38:11.404476,
3c297e5e-0dae-4da4-9faf-21d6c108fda8,7179207a-0cc9-48e0-87e1-8cd7d2f9f721,,206fc912-d36a-4e9c-9db6-a9ccc220bce5,INV-002461,Invoice for Support,paid,2026-01-17,2026-10-20,2026-05-17T07:09:50.404513,2026-07-16T17:49:50.404519,85752.67,15,12862.9,98615.57,98615.57,0,USD,,,2026-04-28T17:55:48.404524,
788f121a-5696-4731-88be-0c9ce999a6b8,7179207a-0cc9-48e0-87e1-8cd7d2f9f721,afde77be-b868-47e6-929e-2005ca2b65d8,f36f4d99-a308-44d9-a31e-9abed5ff1ef0,INV-002462,Invoice for Consulting,cancelled,2025-11-04,2026-10-30,2026-05-15T11:51:48.404553,,53863.36,5,2693.17,56556.53,0,56556.53,USD,Thank you for your business!,,2026-06-23T15:50:51.404559,
e14fdeb8-a6a1-4c7c-ab39-4940fcb979d7,7179207a-0cc9-48e0-87e1-8cd7d2f9f721,,2c405a0b-6195-463c-8223-0780ff317fc5,INV-002463,Invoice for Subscription,viewed,2026-02-12,2026-09-13,2026-06-06T05:34:51.404584,,21676.91,15,3251.54,24928.45,0,24928.45,USD,Thank you for your business!,,2026-04-02T01:18:16.404590,
b240ff27-e86a-486a-b256-1aad9732bd54,7179207a-0cc9-48e0-87e1-8cd7d2f9f721,,,INV-002464,Invoice for Services,draft,2025-08-28,2027-01-09,,,16150.51,0,0.0,16150.51,0,16150.51,USD,Thank you for your business!,,2025-10-11T00:35:03.404616,
b2488df7-e375-477e-8bd3-d5ffbfa333ae,7179207a-0cc9-48e0-87e1-8cd7d2f9f721,29ead203-8d83-4261-9e8d-b8fe0b78946b,,INV-002465,Invoice for Support,cancelled,2026-01-14,2027-01-13,2026-05-29T10:53:25.404643,,45700.8,8,3656.06,49356.86,0,49356.86,USD,Thank you for your business!,,2025-09-22T03:19:38.404652,
c1ddd3e1-97ef-4f27-8f71-0b720897a809,7179207a-0cc9-48e0-87e1-8cd7d2f9f721,,,INV-002466,Invoice for Support,overdue,2026-04-22,2026-08-20,2026-03-13T01:08:44.404681,,77745.66,10,7774.57,85520.23,0,85520.23,USD,,,2025-11-24T11:25:21.404687,
8d4335b0-ff38-4ff0-9ce0-d2369c4d61bd,7179207a-0cc9-48e0-87e1-8cd7d2f9f721,484f54ce-158c-4c37-84a9-1db5dfbdbcf0,,INV-002467,Invoice for Consulting,paid,2026-05-20,2026-12-11,2026-04-11T23:46:03.404713,2026-06-23T21:06:25.404718,91065.54,10,9106.55,100172.09,100172.09,0,USD,Thank you for your business!,90d8115f-8253-48ec-8637-160d4f5b9dfb,2026-07-21T21:54:26.404725,
5521e252-1bce-4fed-8b64-c5cf4a917c77,7179207a-0cc9-48e0-87e1-8cd7d2f9f721,,,INV-002468,Invoice for Consulting,draft,2025-08-19,2026-08-25,,,38457.08,5,1922.85,40379.93,0,40379.93,USD,Thank you for your business!,,2025-11-08T18:52:29.404750,
ec75ea22-cde1-4a3e-bf7e-c1c4702823fa,7179207a-0cc9-48e0-87e1-8cd7d2f9f721,dc02d15e-8695-4c04-9a7f-d4f90218d7d7,,INV-002469,Invoice for Products,partial,2026-03-10,2026-09-21,2026-02-15T04:12:27.404776,,16632.47,15,2494.87,19127.34,9563.67,9563.67,USD,Thank you for your business!,,2026-03-07T02:37:28.404782,
93f1f648-8f9c-4ae7-8800-79e25e994f51,7179207a-0cc9-48e0-87e1-8cd7d2f9f721,,,INV-002470,Invoice for Products,draft,2025-12-18,2027-01-18,,,69794.46,8,5583.56,75378.02,0,75378.02,USD,,,2026-05-15T17:40:33.404808,
854c974d-690b-4021-b885-d61c90370377,7179207a-0cc9-48e0-87e1-8cd7d2f9f721,444300d4-6840-40b5-9d41-a5e50f49506c,ab4cd954-0726-4d7a-8ef2-efbb531a1ce2,INV-002471,Invoice for Subscription,sent,2026-05-08,2027-02-04,2026-04-12T13:28:57.404840,,37440.73,5,1872.04,39312.77,0,39312.77,USD,Thank you for your business!,,2025-11-25T01:08:15.404846,
fc5c1ab6-2584-4907-8ccc-186609b760b8,7179207a-0cc9-48e0-87e1-8cd7d2f9f721,2259c003-4e7a-47c5-9bad-7b35316a659a,adec4498-8d9a-4b90-bb67-581131b4ae51,INV-002472,Invoice for Products,paid,2025-09-24,2026-12-14,2026-04-11T06:51:46.404877,2026-07-22T15:19:50.404882,38877.27,0,0.0,38877.27,38877.27,0,USD,Thank you for your business!,,2025-09-04T19:17:36.404888,
58343263-bf32-4e8e-b484-04424ee6f0fa,7179207a-0cc9-48e0-87e1-8cd7d2f9f721,5b629c80-90e5-4a49-8465-5e683a33d990,617aeb77-7166-4409-bb87-8199a1f04fe8,INV-002473,Invoice for Services,viewed,2025-11-13,2027-01-16,2026-04-27T12:36:36.404914,,76600.81,7.5,5745.06,82345.87,0,82345.87,USD,Thank you for your business!,28b95950-9718-410e-93f0-1d7e11318134,2025-09-23T14:10:19.404921,
d9731b16-0860-480a-840d-9cd4238fdf05,7179207a-0cc9-48e0-87e1-8cd7d2f9f721,54381d37-5317-47f2-8730-520433578234,ca3dadcf-50ac-4d54-9075-5941dccb1715,INV-002474,Invoice for Services,cancelled,2025-08-16,2027-01-12,2026-06-19T19:47:06.404948,,88625.34,7.5,6646.9,95272.24,0,95272.24,USD,Thank you for your business!,,2026-06-26T15:55:05.404954,
865c6fd6-90e0-45f0-8041-ba56b4666656,7179207a-0cc9-48e0-87e1-8cd7d2f9f721,,fc7212d9-0d9c-4597-91d1-b0cdedc6a344,INV-002475,Invoice for Subscription,viewed,2025-11-03,2026-08-26,2026-03-27T12:00:09.404980,,68112.68,15,10216.9,78329.58,0,78329.58,USD,Thank you for your business!,4275836d-ef82-459e-88b9-f33ac0ce649a,2026-06-15T18:16:50.404987,
0e52c316-2585-4aad-8c61-dc2a9598a769,7179207a-0cc9-48e0-87e1-8cd7d2f9f721,55dc0a18-a17a-439a-9b6f-87ae6a962965,,INV-002476,Invoice for Services,sent,2026-04-25,2027-01-01,2026-07-29T05:01:23.405013,,14810.84,10,1481.08,16291.92,0,16291.92,USD,,01616277-4e0e-4494-b929-63b4d59898ab,2026-01-06T21:12:13.405020,
e626e346-92c5-4c38-bb2f-4b004971611d,7179207a-0cc9-48e0-87e1-8cd7d2f9f721,,,INV-002477,Invoice for Support,draft,2025-09-16,2027-01-03,,,49050.27,5,2452.51,51502.78,0,51502.78,USD,Thank you for your business!,,2025-09-23T23:55:42.405050,
c3323ff1-f7be-4178-9505-014488e424e2,7179207a-0cc9-48e0-87e1-8cd7d2f9f721,c5a4b90e-8d22-48c1-8781-ffc878bf20d8,58f5dbc9-efac-4eb8-a7a5-29a44e7c718c,INV-002478,Invoice for Subscription,partial,2025-09-28,2026-12-07,2026-05-22T13:11:51.405077,,98095.55,0,0.0,98095.55,49047.775,49047.775,USD,Thank you for your business!,551539f7-d633-41b3-b7b7-6acf26925517,2026-04-04T01:10:43.405084,
f6f39737-7e7e-4e9f-9bcd-7f4b8ab61d80,7179207a-0cc9-48e0-87e1-8cd7d2f9f721,,,INV-002479,Invoice for Subscription,cancelled,2026-07-05,2026-09-17,2026-02-09T11:56:25.405109,,36844.16,5,1842.21,38686.37,0,38686.37,USD,Thank you for your business!,,2025-09-05T13:08:18.405116,
730218f1-dc0f-485b-98b8-fd57b58292c2,7179207a-0cc9-48e0-87e1-8cd7d2f9f721,cd46a393-9e9f-467f-8f5f-a89de1eb1111,,INV-002480,Invoice for Subscription,partial,2026-04-05,2027-02-05,2026-04-07T16:27:07.405142,,20616.95,15,3092.54,23709.49,11854.745,11854.745,USD,,,2025-11-07T08:01:56.405148,
fd6bf28d-1a51-45a2-812b-be21d33e2526,7179207a-0cc9-48e0-87e1-8cd7d2f9f721,9a7eb214-3511-4ac2-a9a5-183b2fc1b4dd,,INV-002481,Invoice for Consulting,partial,2026-01-20,2026-09-08,2026-03-04T03:04:02.405178,,57596.36,8,4607.71,62204.07,31102.035,31102.035,USD,,,2026-05-14T05:10:54.405184,
19db919f-ad8a-4941-98a5-fa0425a98987,7179207a-0cc9-48e0-87e1-8cd7d2f9f721,,,INV-002482,Invoice for Services,paid,2026-07-08,2026-09-11,2026-04-02T07:56:49.405227,2026-06-14T14:33:39.405232,24628.49,8,1970.28,26598.77,26598.77,0,USD,,,2026-01-01T05:46:13.405241,
46071af9-596c-41c0-99a5-3bae17445345,7179207a-0cc9-48e0-87e1-8cd7d2f9f721,89c4958e-76c1-4f9a-b112-b231dee02051,,INV-002483,Invoice for Services,cancelled,2026-05-30,2026-10-26,2026-05-22T15:14:32.405269,,61888.41,7.5,4641.63,66530.04,0,66530.04,USD,Thank you for your business!,,2025-09-04T11:06:58.405274,
2f653569-7896-41d4-8d02-168f2c0ab024,7179207a-0cc9-48e0-87e1-8cd7d2f9f721,7f03c78f-dd63-4d31-9f7f-6acf96decfaa,,INV-002484,Invoice for Consulting,overdue,2026-05-05,2026-11-05,2026-07-28T03:07:13.405301,,74093.24,20,14818.65,88911.89,0,88911.89,USD,,,2026-07-03T19:19:38.405307,
d85d15da-26fb-48bf-889c-d1c79d622665,7179207a-0cc9-48e0-87e1-8cd7d2f9f721,,,INV-002485,Invoice for Services,cancelled,2026-05-16,2026-09-02,2026-07-06T06:07:39.405333,,49524.15,8,3961.93,53486.08,0,53486.08,USD,Thank you for your business!,,2026-05-23T03:01:06.405339,
85931c6b-5f6d-4854-83af-91b3ec6f50ee,7179207a-0cc9-48e0-87e1-8cd7d2f9f721,baea0c1a-6650-4399-84b7-ead4ba9d6678,,INV-002486,Invoice for Subscription,overdue,2025-12-09,2026-08-23,2026-04-13T18:28:17.405369,,17882.22,10,1788.22,19670.44,0,19670.44,USD,,,2026-05-31T04:09:59.405375,
9662bc33-f95a-4527-954e-2b998645bc4d,7179207a-0cc9-48e0-87e1-8cd7d2f9f721,13733d4d-30ca-4229-88ed-23b6099ba25b,,INV-002487,Invoice for Consulting,draft,2025-09-30,2026-12-26,,,36368.01,8,2909.44,39277.45,0,39277.45,USD,Thank you for your business!,,2026-02-05T02:00:47.405409,
841b3632-7154-4759-a53b-1c6100656456,7179207a-0cc9-48e0-87e1-8cd7d2f9f721,c65f9ad4-bd8b-4370-b2ca-c8847bf5344e,,INV-002488,Invoice for Products,draft,2026-05-16,2026-09-30,,,81493.86,7.5,6112.04,87605.9,0,87605.9,USD,Thank you for your business!,,2025-12-21T20:58:16.405436,
160f88c5-8b41-4de2-b41e-6a9e461da5a7,7179207a-0cc9-48e0-87e1-8cd7d2f9f721,e3400148-1c27-471b-8ec2-3e52ddc7c9b1,,INV-002489,Invoice for Subscription,viewed,2026-01-19,2026-08-30,2026-06-21T14:16:41.405469,,40837.22,15,6125.58,46962.8,0,46962.8,USD,Thank you for your business!,,2026-06-02T04:27:16.405474,
034255b9-eb6f-4e11-898f-6c310052c7a9,7179207a-0cc9-48e0-87e1-8cd7d2f9f721,af6867cd-df35-430c-bb23-3c958892ef15,383153b2-c29b-43af-a649-c7c64ba2669d,INV-002490,Invoice for Products,overdue,2026-04-24,2026-11-12,2026-05-16T11:55:30.405502,,5722.94,20,1144.59,6867.53,0,6867.53,USD,Thank you for your business!,,2025-12-18T20:55:02.405508,
a20c7984-4e77-4e45-a806-79b9eb094232,7179207a-0cc9-48e0-87e1-8cd7d2f9f721,da87f48b-f7d1-411f-9e89-10cf0f48c1c2,4f959820-0145-4dda-8015-cfdbfa99052b,INV-002491,Invoice for Services,viewed,2026-06-19,2026-10-23,2026-07-20T20:54:51.405535,,68788.29,20,13757.66,82545.95,0,82545.95,USD,Thank you for your business!,,2025-11-09T07:13:18.405540,
6c499e03-902b-47dd-8f7c-62c35b4ee00c,7179207a-0cc9-48e0-87e1-8cd7d2f9f721,,,INV-002492,Invoice for Products,paid,2026-03-10,2026-10-14,2026-05-22T05:23:45.405565,2026-08-05T14:30:52.405570,34204.9,20,6840.98,41045.88,41045.88,0,USD,Thank you for your business!,,2026-01-31T06:07:19.405576,
9b4ab571-d64a-42d2-bc1e-5c478d0a1196,7179207a-0cc9-48e0-87e1-8cd7d2f9f721,,,INV-002493,Invoice for Products,overdue,2025-12-18,2026-11-22,2026-05-31T12:42:57.405604,,67281.09,7.5,5046.08,72327.17,0,72327.17,USD,,,2025-12-14T22:29:00.405610,
a3d5bb0a-b871-4f6d-bd54-beb1bbba9a3e,7179207a-0cc9-48e0-87e1-8cd7d2f9f721,,,INV-002494,Invoice for Consulting,sent,2026-03-03,2026-11-12,2026-05-23T13:09:32.405634,,19695.33,5,984.77,20680.1,0,20680.1,USD,,,2026-02-02T11:32:37.405640,
c8d66c55-6295-4946-9fe1-08a65c686916,7179207a-0cc9-48e0-87e1-8cd7d2f9f721,,7ded945e-3181-44f4-a622-270df46969a5,INV-002495,Invoice for Support,sent,2025-12-17,2027-01-25,2026-06-10T01:03:56.405666,,88057.49,5,4402.87,92460.36,0,92460.36,USD,Thank you for your business!,,2025-08-09T21:05:52.405672,
17ff1bdc-141c-4ef3-9461-45ac0e40e5dd,7179207a-0cc9-48e0-87e1-8cd7d2f9f721,f8c91459-a272-40f5-a042-7bf60ba9bb94,b840c061-9d7a-41a3-8bd7-2c10a0e86245,INV-002496,Invoice for Services,draft,2026-01-08,2026-10-29,,,90160.25,8,7212.82,97373.07,0,97373.07,USD,,afb85c40-8d9f-4631-b6ae-c1debf5b73d5,2026-02-07T18:51:44.405701,
29b92627-9c7a-4cf1-ae26-f61034670a0e,7179207a-0cc9-48e0-87e1-8cd7d2f9f721,189c990d-1c16-4170-8919-f985632d0bdd,,INV-002497,Invoice for Services,overdue,2026-07-08,2026-11-03,2026-04-08T01:56:00.405728,,3901.92,5,195.1,4097.02,0,4097.02,USD,,,2025-10-07T05:44:37.405734,
622fc479-bb66-4830-a86d-e6b1e73a1d28,7179207a-0cc9-48e0-87e1-8cd7d2f9f721,072770b0-addf-43d5-8a8e-92835e5e49a0,24239f29-336a-4570-be2e-af0c3609a718,INV-002498,Invoice for Services,partial,2026-03-11,2026-08-13,2026-06-15T10:00:06.405764,,4540.55,7.5,340.54,4881.09,2440.545,2440.545,USD,Thank you for your business!,,2025-08-26T23:16:28.405770,
24dcf6dc-a1ab-4dc4-88f7-80bf89c0e496,7179207a-0cc9-48e0-87e1-8cd7d2f9f721,,e3061b89-5937-489b-8589-75f82a8ad37d,INV-002499,Invoice for Support,cancelled,2025-12-11,2026-10-24,2026-06-20T09:59:48.405796,,48647.38,0,0.0,48647.38,0,48647.38,USD,,afeeb6e9-7376-4411-8034-1d9a27c5fcef,2026-03-28T17:59:19.405803,
8d9a999f-df62-42ed-8ee6-224d9c4ac082,7179207a-0cc9-48e0-87e1-8cd7d2f9f721,,,INV-002500,Invoice for Products,draft,2026-07-11,2026-08-14,,,53630.0,5,2681.5,56311.5,0,56311.5,USD,,,2026-06-05T23:10:49.405835,
5aac90aa-2592-4746-9dbd-10c88977c921,7179207a-0cc9-48e0-87e1-8cd7d2f9f721,28a7eb64-79d6-4934-b6a6-af16e37132d6,,INV-002501,Invoice for Services,paid,2025-12-27,2026-10-22,2026-05-21T17:55:52.405861,2026-07-07T14:00:27.405866,94881.83,20,18976.37,113858.2,113858.2,0,USD,Thank you for your business!,,2026-02-08T07:34:15.405872,
f41d63d0-d09e-4970-bd31-3c8ecb5b0b6d,7179207a-0cc9-48e0-87e1-8cd7d2f9f721,aa1ee584-6bea-4bdf-ab52-efabaac702fb,ca41c310-978c-4941-a5d2-79d3762df4aa,INV-002502,Invoice for Products,draft,2026-07-21,2026-11-28,,,47351.75,5,2367.59,49719.34,0,49719.34,USD,Thank you for your business!,1e19951e-3566-4956-bd4e-706938c3cbca,2025-11-19T10:25:23.405905,
17990527-a9ae-4c75-8bdc-3bf81a1dc55b,7179207a-0cc9-48e0-87e1-8cd7d2f9f721,,,INV-002503,Invoice for Subscription,sent,2025-12-11,2026-10-26,2026-03-01T05:30:31.405934,,82083.73,10,8208.37,90292.1,0,90292.1,USD,Thank you for your business!,,2025-11-14T05:08:27.405940,
11ddd1d3-63ff-42e7-a4e6-012ef6fc3aec,7179207a-0cc9-48e0-87e1-8cd7d2f9f721,154b1aa8-81d2-4161-85cd-36dc29263414,6fd09a47-2143-4822-b6df-41db7775467e,INV-002504,Invoice for Products,cancelled,2025-09-03,2026-09-28,2026-03-12T21:00:39.405967,,75386.34,5,3769.32,79155.66,0,79155.66,USD,Thank you for your business!,,2025-12-30T11:49:41.405973,
fc6c9689-d8f6-4055-bf40-1be1f5be88a4,7179207a-0cc9-48e0-87e1-8cd7d2f9f721,,401d9f28-ca87-4507-988f-18f6d658babf,INV-002505,Invoice for Services,cancelled,2026-05-02,2026-09-18,2026-05-04T00:01:05.405999,,35637.46,5,1781.87,37419.33,0,37419.33,USD,,,2026-05-23T21:57:55.406004,
f3d3a69b-9a99-4c2c-a276-6a3d0cc213d5,7179207a-0cc9-48e0-87e1-8cd7d2f9f721,,,INV-002506,Invoice for Support,viewed,2026-04-27,2026-11-08,2026-02-14T18:09:38.406029,,56601.66,5,2830.08,59431.74,0,59431.74,USD,,,2026-01-26T16:54:25.406035,
c716b7b5-61ad-40f1-a8a7-4351d8609f01,7179207a-0cc9-48e0-87e1-8cd7d2f9f721,,a75ed2aa-6835-4b38-a5bc-e0ccaa927cb6,INV-002507,Invoice for Subscription,cancelled,2025-10-05,2026-09-24,2026-08-04T18:43:16.406061,,65815.21,20,13163.04,78978.25,0,78978.25,USD,Thank you for your business!,f980c49e-5e73-4af3-a570-1ccd64e68231,2025-10-08T06:53:19.406068,
600af437-5c50-43ed-8f5c-77af5b28f401,7179207a-0cc9-48e0-87e1-8cd7d2f9f721,,2ccd76b4-7369-42f5-a85b-702f929e5ce5,INV-002508,Invoice for Services,paid,2026-06-15,2027-01-06,2026-06-25T19:21:14.406098,2026-05-04T07:23:40.406103,77754.46,20,15550.89,93305.35,93305.35,0,USD,Thank you for your business!,713b7a44-d7f9-40b3-a1fb-3679a19f6462,2026-06-01T22:22:03.406109,
86b885ec-e344-45d3-8e70-3eb0d12ba7f1,7179207a-0cc9-48e0-87e1-8cd7d2f9f721,,,INV-002509,Invoice for Services,paid,2025-10-10,2026-10-15,2026-05-15T18:51:02.406135,2026-06-01T22:26:03.406140,21243.23,10,2124.32,23367.55,23367.55,0,USD,,,2026-05-02T12:58:29.406146,
63730033-c280-4d55-a935-b4b20762a229,7179207a-0cc9-48e0-87e1-8cd7d2f9f721,,9e7c7437-7914-4c88-b32d-726169f830d9,INV-002510,Invoice for Support,draft,2026-06-14,2026-11-10,,,46562.74,8,3725.02,50287.76,0,50287.76,USD,,,2025-10-15T13:11:41.406172,
fa1d2846-3148-428f-b6f7-7cfee0a64f75,7179207a-0cc9-48e0-87e1-8cd7d2f9f721,,,INV-002511,Invoice for Subscription,sent,2025-12-04,2026-11-15,2026-04-29T09:29:57.406197,,94843.02,8,7587.44,102430.46,0,102430.46,USD,Thank you for your business!,,2025-12-04T02:25:57.406203,
ea9ae1ff-2059-49eb-aa5d-b2c7d559dbaf,7179207a-0cc9-48e0-87e1-8cd7d2f9f721,3c602196-ccd4-481a-b9e4-015592c513a4,,INV-002512,Invoice for Subscription,partial,2026-01-23,2026-12-20,2026-03-17T08:42:14.406230,,79514.09,10,7951.41,87465.5,43732.75,43732.75,USD,Thank you for your business!,,2026-03-25T06:02:12.406236,
18821918-fa67-4ce9-9c7d-7d7a5bbd5ba0,7179207a-0cc9-48e0-87e1-8cd7d2f9f721,,383153b2-c29b-43af-a649-c7c64ba2669d,INV-002513,Invoice for Subscription,paid,2026-02-05,2027-01-03,2026-03-10T16:42:19.406267,2026-05-12T05:08:41.406272,37402.7,5,1870.13,39272.83,39272.83,0,USD,,,2026-07-23T00:06:18.406278,
d3643229-3b9c-4acf-bbd0-651d2a3151a4,7179207a-0cc9-48e0-87e1-8cd7d2f9f721,aba3c385-14cb-414a-9841-79b628af8eb0,,INV-002514,Invoice for Subscription,draft,2025-12-25,2026-12-04,,,93003.68,15,13950.55,106954.23,0,106954.23,USD,Thank you for your business!,,2025-11-10T12:41:40.406304,
58395ebd-8002-41b0-92f2-82a2905ca980,7179207a-0cc9-48e0-87e1-8cd7d2f9f721,,,INV-002515,Invoice for Support,cancelled,2025-11-17,2026-09-16,2026-04-27T15:26:25.406329,,26627.45,20,5325.49,31952.94,0,31952.94,USD,Thank you for your business!,,2026-04-15T22:47:26.406335,
34b7eb5c-6798-42cf-80c2-fea2cdac75cd,7179207a-0cc9-48e0-87e1-8cd7d2f9f721,,,INV-002516,Invoice for Products,sent,2025-12-31,2026-11-02,2026-07-20T11:45:45.406359,,64452.38,10,6445.24,70897.62,0,70897.62,USD,,,2025-12-15T07:55:45.406365,
9dab385c-689f-4185-9b89-53226a25ed22,7179207a-0cc9-48e0-87e1-8cd7d2f9f721,e948d7bb-99cb-40e8-b1ea-9a2a93e69fef,77dcbb4d-a4bf-4572-b337-91ed5995d43b,INV-002517,Invoice for Support,sent,2025-10-13,2026-10-06,2026-04-11T01:20:28.406392,,86345.88,0,0.0,86345.88,0,86345.88,USD,,,2025-11-09T21:12:31.406402,
96f74299-8883-4a24-92fc-f0433c5fd240,7179207a-0cc9-48e0-87e1-8cd7d2f9f721,,,INV-002518,Invoice for Support,paid,2025-08-20,2026-09-05,2026-04-13T01:32:10.406432,2026-05-22T05:36:57.406437,32079.2,8,2566.34,34645.54,34645.54,0,USD,,,2026-04-21T14:57:09.406443,
f8347ef2-4bed-4ea7-98b0-869abf2f99ef,7179207a-0cc9-48e0-87e1-8cd7d2f9f721,c3720c5b-b373-48c0-aa02-4c615674cc48,07af1e4d-82be-4397-91b5-bad8b8679780,INV-002519,Invoice for Services,overdue,2025-12-21,2027-02-02,2026-06-24T03:14:55.406490,,69541.27,7.5,5215.6,74756.87,0,74756.87,USD,,,2025-09-23T23:16:07.406496,
5e916bb3-cbcb-462a-8e8d-1b11b59781ad,7179207a-0cc9-48e0-87e1-8cd7d2f9f721,6b9aa933-64aa-4976-add8-bef74add91a8,31427398-c22c-4a79-b091-da92e8f0e354,INV-002520,Invoice for Support,draft,2026-05-17,2027-01-10,,,32788.3,15,4918.25,37706.55,0,37706.55,USD,,6eabf8b8-ba23-4829-96d0-ac14cbe5e632,2025-10-22T21:15:16.406525,
fbbac74b-bbeb-48bf-af26-6b17acc4f74e,7179207a-0cc9-48e0-87e1-8cd7d2f9f721,,,INV-002521,Invoice for Consulting,cancelled,2026-07-26,2026-08-20,2026-02-16T21:09:12.406550,,43273.77,20,8654.75,51928.52,0,51928.52,USD,,,2025-11-29T06:08:22.406555,
f3f2b9b1-fd5f-473c-bf7f-e57337989727,7179207a-0cc9-48e0-87e1-8cd7d2f9f721,d08d35e1-8695-40e1-9cb4-7a6ada0d4844,,INV-002522,Invoice for Support,sent,2025-12-23,2026-11-16,2026-07-25T22:46:07.406581,,14970.82,7.5,1122.81,16093.63,0,16093.63,USD,Thank you for your business!,,2025-10-06T06:26:03.406587,
2a4b1eac-74bf-4fac-886f-2e20d2fb148e,7179207a-0cc9-48e0-87e1-8cd7d2f9f721,da78354a-8394-495b-9343-2d7253b2df64,0836d41e-4ebb-4288-b6db-47dcf12209aa,INV-002523,Invoice for Services,sent,2025-08-21,2026-11-24,2026-04-29T07:53:53.406613,,56983.36,0,0.0,56983.36,0,56983.36,USD,Thank you for your business!,7a9afb83-8efa-4ec7-bb95-541c0af617ed,2026-05-30T23:04:40.406620,
2c3efe47-4f1a-42e2-9b95-4e12eeb05267,7179207a-0cc9-48e0-87e1-8cd7d2f9f721,adaf46e0-bc6f-406d-b336-ad4f59288ee0,d036bb77-30fa-4d7d-a3e0-f17f36d4bdd6,INV-002524,Invoice for Support,partial,2026-01-12,2026-10-24,2026-03-08T14:15:22.406654,,81281.77,20,16256.35,97538.12,48769.06,48769.06,USD,,,2025-10-24T14:59:20.406660,
1578be80-ee4d-435a-8508-7eecc2afd912,7179207a-0cc9-48e0-87e1-8cd7d2f9f721,30232735-3788-4416-a7c1-182c76a26f6e,,INV-002525,Invoice for Subscription,paid,2026-06-01,2026-08-25,2026-04-02T19:46:27.406761,2026-07-01T14:14:56.406766,20512.31,8,1640.98,22153.29,22153.29,0,USD,,,2026-04-22T17:55:01.406773,
c5283707-fbcd-4040-a93d-789bb3d71adc,7179207a-0cc9-48e0-87e1-8cd7d2f9f721,01337b28-5649-4250-b20a-f3ca3e079451,83e65d26-3a07-4e79-96b8-0646f171b5d6,INV-002526,Invoice for Services,paid,2026-03-12,2026-10-07,2026-02-22T05:27:38.406801,2026-06-19T19:41:55.406806,92945.44,5,4647.27,97592.71,97592.71,0,USD,,,2026-01-11T15:10:14.406813,
500c45f8-b654-4cda-8bf0-c0b542be7e83,7179207a-0cc9-48e0-87e1-8cd7d2f9f721,5007b381-1036-485c-b2e5-6b2256a7d17b,47516a2f-01d3-4eda-8cb3-48c33e1f2116,INV-002527,Invoice for Subscription,viewed,2025-11-29,2026-11-13,2026-05-11T02:21:01.406840,,15193.23,0,0.0,15193.23,0,15193.23,USD,,,2026-04-06T06:12:17.406846,
21b22413-fd8f-48c4-8d0c-18f2d03e2dc0,7179207a-0cc9-48e0-87e1-8cd7d2f9f721,a1d19b8f-f284-4735-b435-f264b721d12e,,INV-002528,Invoice for Support,partial,2025-10-21,2026-11-28,2026-07-20T04:35:41.406876,,67729.8,5,3386.49,71116.29,35558.145,35558.145,USD,,68b2ea18-7530-4115-b0a5-8f6125bbffea,2025-10-11T19:07:07.406883,
0e03289f-a222-425c-a489-3166b3671e15,7179207a-0cc9-48e0-87e1-8cd7d2f9f721,c7a8661a-8b29-41a2-abd5-2c50b9da6bd9,d853af59-1f86-4bff-8964-ddbb66997e05,INV-002529,Invoice for Products,sent,2025-12-29,2027-01-26,2026-04-20T05:35:02.406914,,67890.83,20,13578.17,81469.0,0,81469.0,USD,,,2026-05-10T01:28:23.406920,
2fb29091-731d-4170-8f1d-9284c2f3f340,7179207a-0cc9-48e0-87e1-8cd7d2f9f721,e7817b6a-af31-4c01-a921-9fa5c65ae77d,,INV-002530,Invoice for Consulting,paid,2025-12-13,2026-10-05,2026-05-29T16:46:21.406948,2026-06-18T09:06:47.406955,91120.02,8,7289.6,98409.62,98409.62,0,USD,,,2025-11-27T09:04:19.406961,
63d6a905-807c-41ad-a0b5-5e3ecd02de15,7179207a-0cc9-48e0-87e1-8cd7d2f9f721,5ca1071b-450a-4613-8837-4c002dfce5fd,f0f46d7e-af39-4755-93fd-64bf6f934e2f,INV-002531,Invoice for Subscription,sent,2025-10-22,2026-11-21,2026-07-20T01:07:48.406987,,46702.56,8,3736.2,50438.76,0,50438.76,USD,,,2026-07-29T10:00:36.406993,
bd2301ae-fdbc-4fd5-a026-234d0acfb632,7179207a-0cc9-48e0-87e1-8cd7d2f9f721,1d2ddc1f-05e4-4935-bdf2-fdbe1b327f58,,INV-002532,Invoice for Subscription,partial,2026-01-05,2026-09-03,2026-03-20T06:26:39.407019,,24538.45,7.5,1840.38,26378.83,13189.415,13189.415,USD,,1c0e0cd9-bc4a-4741-900d-43600ae8f7c1,2025-11-13T16:07:40.407026,
7d5b29ea-8cb8-4f45-a213-51e39b427b05,7179207a-0cc9-48e0-87e1-8cd7d2f9f721,,8053dbd2-d8d5-489c-b81f-8b5dcd0b03a8,INV-002533,Invoice for Services,draft,2026-03-21,2026-10-14,,,27479.42,8,2198.35,29677.77,0,29677.77,USD,,,2025-08-16T16:16:26.407057,
151fd2ab-4d73-4a49-b14a-899137fbae47,7179207a-0cc9-48e0-87e1-8cd7d2f9f721,,,INV-002534,Invoice for Subscription,cancelled,2025-12-11,2027-01-18,2026-04-11T17:20:49.407090,,839.39,0,0.0,839.39,0,839.39,USD,,,2025-08-27T07:50:48.407096,
ec56e359-7b13-4098-87b0-165b8841d137,7179207a-0cc9-48e0-87e1-8cd7d2f9f721,,8bc17f17-4004-480a-8de0-9ca1c992619f,INV-002535,Invoice for Services,sent,2026-04-19,2026-10-03,2026-03-23T03:50:34.407123,,69340.3,8,5547.22,74887.52,0,74887.52,USD,Thank you for your business!,,2025-10-14T14:25:24.407129,
213c5b80-62cc-41f3-9f4a-af6ad068e441,7179207a-0cc9-48e0-87e1-8cd7d2f9f721,,,INV-002536,Invoice for Products,cancelled,2026-03-02,2026-10-06,2026-02-09T00:43:19.407154,,6905.34,15,1035.8,7941.14,0,7941.14,USD,,,2026-01-19T02:45:44.407160,
850d11f6-19ed-4e24-a961-6f3aa2eac47e,7179207a-0cc9-48e0-87e1-8cd7d2f9f721,,,INV-002537,Invoice for Support,partial,2025-11-20,2026-10-11,2026-03-26T22:54:33.407185,,94223.23,7.5,7066.74,101289.97,50644.985,50644.985,USD,Thank you for your business!,,2025-10-09T14:05:00.407191,
cd8cda8b-c7d6-403b-be09-fac37a82aed6,7179207a-0cc9-48e0-87e1-8cd7d2f9f721,04b2422c-f7ca-463b-a21b-210db93fee45,,INV-002538,Invoice for Subscription,partial,2025-11-28,2027-01-13,2026-03-18T19:32:28.407216,,15444.65,15,2316.7,17761.35,8880.675,8880.675,USD,Thank you for your business!,,2026-06-29T12:22:36.407222,
c23906fe-258a-4c32-af82-b3695338a1eb,7179207a-0cc9-48e0-87e1-8cd7d2f9f721,,,INV-002539,Invoice for Subscription,paid,2025-12-13,2026-11-13,2026-07-16T12:34:06.407246,2026-07-25T05:07:56.407251,95760.67,5,4788.03,100548.7,100548.7,0,USD,Thank you for your business!,,2025-12-23T03:46:38.407257,
30ab86ce-90c1-4607-92e0-001b658e02b4,7179207a-0cc9-48e0-87e1-8cd7d2f9f721,0e5b1eb6-de75-4b9a-9e57-db932842884a,f3e4630d-d34f-4cf2-808c-c7dd6df817d7,INV-002540,Invoice for Services,viewed,2026-03-10,2026-10-13,2026-03-11T15:31:23.407289,,80573.66,5,4028.68,84602.34,0,84602.34,USD,Thank you for your business!,,2026-02-06T12:42:14.407295,
885e8656-823f-49c8-b1b1-e992721661a7,7179207a-0cc9-48e0-87e1-8cd7d2f9f721,,,INV-002541,Invoice for Services,draft,2025-08-11,2026-09-30,,,94443.15,0,0.0,94443.15,0,94443.15,USD,Thank you for your business!,,2025-11-17T17:19:53.407320,
291e91c6-cbe5-490e-a0b6-04cb5cf309ea,7179207a-0cc9-48e0-87e1-8cd7d2f9f721,4532d2df-d469-425d-82ca-b7beb8f3523c,ab059735-3511-4fe6-a296-edc0c031c477,INV-002542,Invoice for Support,paid,2026-05-27,2026-09-30,2026-04-30T21:27:28.407347,2026-06-01T07:09:49.407352,1799.39,10,179.94,1979.33,1979.33,0,USD,Thank you for your business!,,2026-04-18T18:51:28.407358,
75389e0c-7564-490c-87c9-d9f6fb8b8a0d,7179207a-0cc9-48e0-87e1-8cd7d2f9f721,,aec7a6d6-edd9-4fe0-abd6-56b9c2f46dc6,INV-002543,Invoice for Support,cancelled,2026-03-03,2026-08-09,2026-07-09T23:53:42.407383,,86722.4,7.5,6504.18,93226.58,0,93226.58,USD,,,2025-12-27T01:45:07.407390,
5a33d98a-f0ad-42ad-8eea-5c343aba3376,7179207a-0cc9-48e0-87e1-8cd7d2f9f721,,,INV-002544,Invoice for Services,sent,2026-02-13,2026-09-12,2026-07-23T22:01:38.407415,,60753.46,8,4860.28,65613.74,0,65613.74,USD,Thank you for your business!,,2026-03-29T20:52:29.407421,
e3821c31-6735-4270-ac5c-23a2a82cb23c,7179207a-0cc9-48e0-87e1-8cd7d2f9f721,999f6680-a37e-40d0-9d23-68133984b0e4,,INV-002545,Invoice for Consulting,overdue,2026-03-21,2026-10-27,2026-07-15T12:26:46.407461,,42579.79,15,6386.97,48966.76,0,48966.76,USD,,,2025-11-30T06:51:28.407467,
98af64d0-0a02-4b60-ad24-bd45dd40c6b4,7179207a-0cc9-48e0-87e1-8cd7d2f9f721,,7161b424-97d7-4ac7-8bda-3664ec91a763,INV-002546,Invoice for Subscription,sent,2026-05-08,2026-08-15,2026-04-11T03:48:10.407493,,28469.48,0,0.0,28469.48,0,28469.48,USD,,,2026-04-05T22:11:47.407499,
3944e4d6-bac0-43ab-8439-e7c233577a89,7179207a-0cc9-48e0-87e1-8cd7d2f9f721,,,INV-002547,Invoice for Services,partial,2026-03-27,2026-11-16,2026-07-26T21:35:04.407524,,76294.42,8,6103.55,82397.97,41198.985,41198.985,USD,Thank you for your business!,,2025-11-19T16:42:54.407530,
5fe4ff34-61f1-4114-9a10-27c2752dd313,7179207a-0cc9-48e0-87e1-8cd7d2f9f721,,,INV-002548,Invoice for Consulting,cancelled,2026-02-02,2026-10-27,2026-02-13T01:41:48.407555,,84426.96,10,8442.7,92869.66,0,92869.66,USD,,,2026-03-15T11:29:17.407561,
dcfe981d-cfea-4b66-9986-3276b37d00f7,7179207a-0cc9-48e0-87e1-8cd7d2f9f721,,08840ada-dc5d-4fda-8c80-ed37535503e4,INV-002549,Invoice for Services,cancelled,2025-10-16,2027-01-23,2026-04-12T00:34:54.407586,,27883.44,5,1394.17,29277.61,0,29277.61,USD,Thank you for your business!,,2026-02-15T14:04:58.407592,
15487648-a700-44a2-bddf-4b09d6e5c604,7179207a-0cc9-48e0-87e1-8cd7d2f9f721,,,INV-002550,Invoice for Products,cancelled,2025-11-13,2026-10-09,2026-02-17T13:51:00.407628,,20106.01,0,0.0,20106.01,0,20106.01,USD,Thank you for your business!,,2025-12-26T07:04:44.407634,
f814faf6-9894-44d9-8fe4-407a0566dc28,7179207a-0cc9-48e0-87e1-8cd7d2f9f721,,,INV-002551,Invoice for Subscription,sent,2025-10-20,2026-08-29,2026-06-03T09:58:01.407659,,31414.44,15,4712.17,36126.61,0,36126.61,USD,,,2026-02-08T10:07:21.407665,
95bda575-46c0-428a-b021-9ddae2186814,7179207a-0cc9-48e0-87e1-8cd7d2f9f721,,,INV-002552,Invoice for Subscription,cancelled,2025-10-28,2026-09-14,2026-05-03T13:17:00.407690,,36382.49,10,3638.25,40020.74,0,40020.74,USD,,,2026-05-26T19:27:49.407695,
ff590c47-662d-4071-8060-9418a308abc0,7179207a-0cc9-48e0-87e1-8cd7d2f9f721,,,INV-002553,Invoice for Support,sent,2026-05-11,2026-10-27,2026-07-12T08:27:57.407720,,67018.69,8,5361.5,72380.19,0,72380.19,USD,,,2025-12-31T06:45:47.407726,
e4a7c836-a772-46af-bb2a-3fb2824b4fef,7179207a-0cc9-48e0-87e1-8cd7d2f9f721,7a6e8430-2868-4699-9304-e3470e66b342,b38f66e2-469b-474d-85a8-7a2213d32f99,INV-002554,Invoice for Support,overdue,2025-10-14,2026-09-25,2026-06-07T14:53:27.407819,,31358.46,10,3135.85,34494.31,0,34494.31,USD,,,2025-11-29T01:23:52.407841,
3180dcad-f625-4f47-abc1-50086fd371c9,7179207a-0cc9-48e0-87e1-8cd7d2f9f721,c337b666-3d3d-40f2-8d31-3fffea7ab847,b426edd1-ea9a-4bfa-ab40-fd5f23b23def,INV-002555,Invoice for Subscription,overdue,2025-11-26,2027-01-31,2026-03-10T14:45:13.407882,,13233.1,8,1058.65,14291.75,0,14291.75,USD,Thank you for your business!,,2026-04-25T22:37:49.407888,
e773da14-d47d-4b54-9738-901463ff2f88,7179207a-0cc9-48e0-87e1-8cd7d2f9f721,b17fb3fc-366b-4323-a8af-3967b7f74a6f,,INV-002556,Invoice for Services,viewed,2025-12-10,2026-09-18,2026-02-06T13:22:59.407915,,77521.8,10,7752.18,85273.98,0,85273.98,USD,Thank you for your business!,,2025-12-06T15:55:14.407921,
53e6b4a8-17dd-4a3c-93fa-5d75e5986fc6,7179207a-0cc9-48e0-87e1-8cd7d2f9f721,446a3b9f-1e43-4d07-ac56-d756973f0ee0,08840ada-dc5d-4fda-8c80-ed37535503e4,INV-002557,Invoice for Products,sent,2026-06-22,2026-12-25,2026-06-30T11:35:43.407950,,64303.02,5,3215.15,67518.17,0,67518.17,USD,Thank you for your business!,,2026-04-23T03:20:13.407957,
bc1dea56-fc08-48a4-a31a-ffff650e0b12,7179207a-0cc9-48e0-87e1-8cd7d2f9f721,10a08163-9a38-46ec-b8cc-d371ccb052fa,004dd914-bc36-4f2e-a8d1-a3733d9aebe7,INV-002558,Invoice for Services,draft,2026-02-20,2027-01-10,,,54770.1,5,2738.51,57508.61,0,57508.61,USD,Thank you for your business!,d6a705e9-38db-46aa-8bbf-69dbb756c5e5,2025-12-28T05:49:22.407988,
124358da-3dbc-44aa-a681-b5282dcc1b74,7179207a-0cc9-48e0-87e1-8cd7d2f9f721,7a6c2fbb-9280-4e7f-9393-9b67a90f45dd,,INV-002559,Invoice for Consulting,sent,2026-01-22,2026-11-16,2026-04-20T00:49:22.408014,,78936.93,5,3946.85,82883.78,0,82883.78,USD,Thank you for your business!,,2026-01-08T03:20:44.408020,
e7587cab-7127-4d64-b6b1-3e88fdc119c8,7179207a-0cc9-48e0-87e1-8cd7d2f9f721,,,INV-002560,Invoice for Services,paid,2025-10-12,2027-01-25,2026-07-14T01:55:50.408049,2026-05-04T04:26:44.408055,74902.98,20,14980.6,89883.58,89883.58,0,USD,,1ffe625b-fe3d-4f1f-b6bd-52012579fd6c,2026-05-13T20:13:14.408062,
082326bc-977e-4f1d-88e7-bec754bf8bfa,7179207a-0cc9-48e0-87e1-8cd7d2f9f721,,,INV-002561,Invoice for Services,sent,2026-05-29,2026-12-06,2026-05-25T16:01:24.408088,,30720.3,5,1536.02,32256.32,0,32256.32,USD,,,2026-07-13T09:17:52.408094,
56df6ef5-3b78-4729-a6be-253f3c45dd73,7179207a-0cc9-48e0-87e1-8cd7d2f9f721,,,INV-002562,Invoice for Consulting,overdue,2025-09-13,2026-10-23,2026-06-21T02:21:36.408143,,71012.6,20,14202.52,85215.12,0,85215.12,USD,,,2026-07-14T04:13:12.408149,
cf2046db-cfc8-45ce-a579-32bdd590830d,7179207a-0cc9-48e0-87e1-8cd7d2f9f721,,643b4170-29f4-4518-9dfc-cb0fe4d44731,INV-002563,Invoice for Consulting,paid,2026-04-19,2026-10-02,2026-04-09T19:50:21.408176,2026-05-22T01:08:24.408181,29980.4,10,2998.04,32978.44,32978.44,0,USD,Thank you for your business!,,2026-03-09T12:52:23.408187,
6052e56a-3fa8-400a-8289-2518078a8f87,7179207a-0cc9-48e0-87e1-8cd7d2f9f721,7baede20-ffc7-46fc-95ea-df5d219d363e,1ad7e0d8-5b54-4810-9e9f-95c627b9a1ad,INV-002564,Invoice for Subscription,cancelled,2025-10-02,2026-11-02,2026-04-13T09:59:38.408214,,65871.81,10,6587.18,72458.99,0,72458.99,USD,,,2025-11-28T09:32:08.408220,
23be67c9-a054-4c33-971f-58d88927764a,7179207a-0cc9-48e0-87e1-8cd7d2f9f721,a63d1280-b8ba-4a69-8406-682379c18ff5,f9517fcb-3300-4b13-a314-95d21d2e9baf,INV-002565,Invoice for Services,cancelled,2026-01-13,2026-11-24,2026-06-28T23:04:24.408246,,11069.16,5,553.46,11622.62,0,11622.62,USD,,,2026-06-13T08:52:19.408252,
175d99aa-81da-4232-a785-af2d4e8390b1,7179207a-0cc9-48e0-87e1-8cd7d2f9f721,7d58c710-9349-40a7-97e5-e4faec875953,f36f4d99-a308-44d9-a31e-9abed5ff1ef0,INV-002566,Invoice for Products,overdue,2026-03-20,2027-01-20,2026-08-03T09:31:40.408285,,37651.26,8,3012.1,40663.36,0,40663.36,USD,,,2025-09-14T08:11:08.408290,
6f3e6a61-4932-48eb-bc38-98bc55561f2a,7179207a-0cc9-48e0-87e1-8cd7d2f9f721,88fea310-a114-41c1-acad-b8a0161c86a4,,INV-002567,Invoice for Support,viewed,2026-01-02,2026-10-16,2026-06-15T02:24:13.408328,,51019.84,15,7652.98,58672.82,0,58672.82,USD,Thank you for your business!,89fb927c-0b70-42c8-b8d4-6dbafe200b25,2026-05-28T18:14:55.408335,
12fe5fca-c5c4-40f2-a4f9-bf94d400ea76,7179207a-0cc9-48e0-87e1-8cd7d2f9f721,,cc5290ea-6b67-484d-9985-b1d98a5e87a6,INV-002568,Invoice for Products,cancelled,2025-09-03,2026-08-18,2026-06-03T06:54:49.408368,,62603.67,10,6260.37,68864.04,0,68864.04,USD,,,2026-05-22T10:09:29.408374,
a7e6b590-4552-4745-8d85-ecc1b40c5dc3,7179207a-0cc9-48e0-87e1-8cd7d2f9f721,,,INV-002569,Invoice for Services,sent,2025-12-31,2026-10-13,2026-05-02T16:56:09.408412,,27702.77,0,0.0,27702.77,0,27702.77,USD,,,2025-11-08T12:22:28.408419,
d6706619-307c-4662-994b-267dfe90953f,7179207a-0cc9-48e0-87e1-8cd7d2f9f721,87302a6a-c675-41ed-9c12-701e182cfdc8,98bfa1dd-7abb-4f8e-9a72-5b0aba010bf5,INV-002570,Invoice for Support,paid,2025-10-07,2027-01-10,2026-06-03T04:31:33.408557,2026-05-29T00:14:59.408572,31449.36,7.5,2358.7,33808.06,33808.06,0,USD,Thank you for your business!,,2026-01-18T00:49:02.408583,
0544dffb-9276-4b1e-a76f-232d4fce5f76,7179207a-0cc9-48e0-87e1-8cd7d2f9f721,,,INV-002571,Invoice for Services,partial,2026-01-21,2026-09-02,2026-06-19T09:30:02.408661,,91480.39,8,7318.43,98798.82,49399.41,49399.41,USD,Thank you for your business!,,2025-12-11T16:14:07.408668,
2f719d1c-896a-4105-a7d1-2cab371af52b,7179207a-0cc9-48e0-87e1-8cd7d2f9f721,,e233713f-7bcd-401a-869d-d61cc5106754,INV-002572,Invoice for Products,sent,2025-10-05,2026-12-30,2026-03-26T23:50:12.408704,,44264.15,8,3541.13,47805.28,0,47805.28,USD,Thank you for your business!,,2025-08-13T15:56:29.408710,
9ad36e3c-82b5-4162-9482-3135f5041086,7179207a-0cc9-48e0-87e1-8cd7d2f9f721,32fdd78e-b0ab-49df-a710-33d51db88e8b,db4a033b-5bb9-4eef-8f69-5440055971b9,INV-002573,Invoice for Support,draft,2026-05-11,2026-11-02,,,28116.23,5,1405.81,29522.04,0,29522.04,USD,Thank you for your business!,,2025-10-07T17:31:12.408744,
5361ee01-1460-4a46-b862-469ef538e94a,7179207a-0cc9-48e0-87e1-8cd7d2f9f721,c71b79d0-c52a-4acb-9253-21eaac707ca4,,INV-002574,Invoice for Products,cancelled,2025-08-10,2026-10-14,2026-03-17T16:15:34.408786,,16259.12,0,0.0,16259.12,0,16259.12,USD,,,2026-08-03T13:45:17.408793,
2def7e00-6864-436e-958d-635c7cf29933,7179207a-0cc9-48e0-87e1-8cd7d2f9f721,,,INV-002575,Invoice for Consulting,draft,2025-09-01,2026-12-21,,,85043.87,7.5,6378.29,91422.16,0,91422.16,USD,,a2c0fc31-3199-4125-800e-7f4e5462de0b,2026-02-14T22:32:30.408824,
217684fc-dcb5-4517-ae7d-2a50279dd2d4,7179207a-0cc9-48e0-87e1-8cd7d2f9f721,a8c77325-5ad4-44da-9f1b-52fa53dcf8bf,4bdd6d9e-de5c-4ff8-acd4-77fabf3d98b5,INV-002576,Invoice for Products,draft,2026-03-02,2026-12-22,,,72719.21,0,0.0,72719.21,0,72719.21,USD,,,2025-08-25T13:08:57.408854,
2eda6a12-a5be-4bb8-9897-f757aa6e8ef0,7179207a-0cc9-48e0-87e1-8cd7d2f9f721,,,INV-002577,Invoice for Support,draft,2026-01-18,2027-01-15,,,88434.35,20,17686.87,106121.22,0,106121.22,USD,,,2026-05-25T08:24:36.408881,
b9bcec8b-f693-4077-ad3d-497c60ebc2de,7179207a-0cc9-48e0-87e1-8cd7d2f9f721,,a75ed2aa-6835-4b38-a5bc-e0ccaa927cb6,INV-002578,Invoice for Support,overdue,2026-04-02,2026-11-18,2026-07-20T06:14:53.408908,,21765.19,0,0.0,21765.19,0,21765.19,USD,,,2026-02-27T15:28:24.408914,
62680807-2015-41bd-aed9-ca648a997759,7179207a-0cc9-48e0-87e1-8cd7d2f9f721,,23314730-7109-4e90-80ee-c667f89b6f66,INV-002579,Invoice for Subscription,sent,2025-08-12,2026-10-06,2026-05-03T21:45:11.408942,,75079.44,15,11261.92,86341.36,0,86341.36,USD,,,2025-12-31T19:36:01.408948,
35baa0fb-be5d-45f2-88c2-ac2116d3e0cb,7179207a-0cc9-48e0-87e1-8cd7d2f9f721,,,INV-002580,Invoice for Subscription,sent,2026-06-03,2026-11-08,2026-05-24T05:41:55.408976,,81457.87,7.5,6109.34,87567.21,0,87567.21,USD,,,2025-12-07T03:13:18.408983,
9940902d-9400-4fdd-9362-2041b6ce7952,7179207a-0cc9-48e0-87e1-8cd7d2f9f721,30dfe974-e2ae-411a-b644-908cb32d566a,e523f3c8-7ca5-4e37-ae23-83d43a0d9c7e,INV-002581,Invoice for Subscription,viewed,2025-09-15,2026-11-12,2026-02-26T05:18:21.409012,,16834.92,8,1346.79,18181.71,0,18181.71,USD,,,2025-10-30T18:07:18.409018,
588d782e-33b3-466a-80ba-ca256a8825e9,7179207a-0cc9-48e0-87e1-8cd7d2f9f721,,,INV-002582,Invoice for Consulting,partial,2025-11-04,2026-10-18,2026-05-05T15:23:28.409060,,90786.75,5,4539.34,95326.09,47663.045,47663.045,USD,Thank you for your business!,,2026-06-07T12:52:42.409066,
efa64bfe-48d0-416c-b507-3db42e20a362,7179207a-0cc9-48e0-87e1-8cd7d2f9f721,0dac60ea-16e3-4313-9f85-fccac735e1e4,,INV-002583,Invoice for Subscription,sent,2026-07-22,2027-01-21,2026-06-03T02:19:14.409096,,32565.6,7.5,2442.42,35008.02,0,35008.02,USD,Thank you for your business!,,2026-03-07T15:33:25.409102,
fa06c275-1570-49b7-9182-3389cb8d5966,7179207a-0cc9-48e0-87e1-8cd7d2f9f721,867a9c0d-b3ca-4f63-9d26-8de7c93be09a,,INV-002584,Invoice for Support,sent,2026-02-20,2026-09-13,2026-02-19T05:39:21.409145,,6949.88,10,694.99,7644.87,0,7644.87,USD,Thank you for your business!,8899f0d4-8219-48b0-833a-feac05de7467,2026-03-16T00:46:27.409153,
938ff8d7-9c8c-41cc-b722-8bd3980e01e9,7179207a-0cc9-48e0-87e1-8cd7d2f9f721,00fefcbe-ec02-41ca-8cdc-6fbc7d5fb192,8666a9fb-e8de-4745-b302-f0d66b444631,INV-002585,Invoice for Subscription,sent,2026-07-20,2026-10-23,2026-07-16T15:39:31.409190,,8915.82,15,1337.37,10253.19,0,10253.19,USD,Thank you for your business!,,2026-07-03T00:31:06.409197,
763bf9d2-f7c3-473c-ae87-bb4482901546,7179207a-0cc9-48e0-87e1-8cd7d2f9f721,5e45509c-d409-4061-b87b-81112bc60d1c,,INV-002586,Invoice for Consulting,overdue,2025-08-10,2027-01-19,2026-07-29T17:18:46.409228,,24250.78,10,2425.08,26675.86,0,26675.86,USD,,545e47cc-2b28-45d0-9053-997455c74ba4,2025-12-27T08:24:32.409236,
d35d0bc1-e9c9-4972-915b-7a73ae17a8e3,7179207a-0cc9-48e0-87e1-8cd7d2f9f721,abb78bf6-155e-45e1-8bc2-7972c1986186,8567e926-6a58-4388-a3fd-e08767acc311,INV-002587,Invoice for Consulting,sent,2026-03-17,2026-11-14,2026-07-14T21:28:42.409269,,19465.05,8,1557.2,21022.25,0,21022.25,USD,Thank you for your business!,,2025-11-01T22:28:43.409275,
2cf5c605-86e2-4096-8ebb-e551e61a002d,7179207a-0cc9-48e0-87e1-8cd7d2f9f721,,,INV-002588,Invoice for Subscription,sent,2026-01-11,2026-12-16,2026-04-17T01:26:06.409306,,23481.56,0,0.0,23481.56,0,23481.56,USD,Thank you for your business!,,2026-02-11T20:49:10.409312,
b77ab7ce-2c90-453d-a118-f19f03212bf0,7179207a-0cc9-48e0-87e1-8cd7d2f9f721,baceb725-819b-40c6-b7d1-d9e65784c8c7,b32f6133-57f5-4800-8e9d-11f2647628ef,INV-002589,Invoice for Consulting,partial,2026-06-20,2026-10-08,2026-04-06T09:44:53.409343,,9844.34,7.5,738.33,10582.67,5291.335,5291.335,USD,Thank you for your business!,e4c3b3a5-99f9-4726-92eb-1324526af6b6,2026-02-19T23:21:37.409351,
36aa4ad2-4084-4c8a-9dcc-d6a2b81b0cd4,7179207a-0cc9-48e0-87e1-8cd7d2f9f721,a25a655b-ac19-4b2c-b00e-0e55f1470ffc,,INV-002590,Invoice for Services,overdue,2025-10-15,2026-12-04,2026-04-25T15:58:58.409381,,12581.74,20,2516.35,15098.09,0,15098.09,USD,,3982a19a-00a4-441b-becb-c96081bf52b5,2026-03-15T14:13:37.409389,
4f8a0885-a0d4-40cc-b35b-98d51c314789,7179207a-0cc9-48e0-87e1-8cd7d2f9f721,be284a7a-3314-4dac-92b5-1eb52e151f0d,,INV-002591,Invoice for Support,draft,2026-03-29,2027-01-15,,,12662.51,7.5,949.69,13612.2,0,13612.2,USD,,d427393f-1f43-48d9-ab0c-c24452714497,2025-08-28T11:31:11.409422,
e52375fe-93f1-4c46-b141-7fac84af7e6d,7179207a-0cc9-48e0-87e1-8cd7d2f9f721,4e0b40fd-0c70-4cdf-8712-74069dad4d16,c0f8f3bf-33b1-47a4-a6b9-c64553526bf4,INV-002592,Invoice for Consulting,partial,2026-03-17,2026-12-12,2026-04-01T13:40:59.409452,,53210.36,7.5,3990.78,57201.14,28600.57,28600.57,USD,,,2026-02-22T12:04:09.409458,
9529132c-7aca-4f99-971d-d0fb680de058,7179207a-0cc9-48e0-87e1-8cd7d2f9f721,09782c40-3ab8-4030-9a57-8bd36606dc35,,INV-002593,Invoice for Products,draft,2025-11-19,2026-08-31,,,29212.82,8,2337.03,31549.85,0,31549.85,USD,Thank you for your business!,,2026-07-17T19:07:09.409489,
a5b5c4e6-1058-4455-ba9b-4395fbc36a5f,7179207a-0cc9-48e0-87e1-8cd7d2f9f721,,,INV-002594,Invoice for Consulting,paid,2025-10-19,2026-09-19,2026-03-16T17:14:36.409523,2026-06-18T00:00:33.409529,84376.97,5,4218.85,88595.82,88595.82,0,USD,,,2026-06-26T16:06:59.409535,
1babe8d6-5264-4634-addb-37c0c5bdcf70,7179207a-0cc9-48e0-87e1-8cd7d2f9f721,74ce4ed2-1f6d-47c6-b6ba-47b02aa363ea,de2b29b6-971f-47fc-8ce7-cf18f0f5ffb9,INV-002595,Invoice for Support,viewed,2025-10-25,2026-08-10,2026-04-20T05:56:00.409565,,18721.42,15,2808.21,21529.63,0,21529.63,USD,Thank you for your business!,,2025-11-16T17:00:59.409571,
a1003c30-916b-42b1-8379-81d2c58cdff8,7179207a-0cc9-48e0-87e1-8cd7d2f9f721,74cde6bb-2c3f-4f82-8c1c-f73650d76241,9ba0b040-52b7-49b9-ba62-48b920c913e9,INV-002596,Invoice for Support,sent,2026-03-16,2026-08-11,2026-02-28T14:39:40.409601,,70991.17,10,7099.12,78090.29,0,78090.29,USD,Thank you for your business!,,2025-09-04T13:18:49.409607,
865beebe-eb28-4043-aa33-9cc85dd105de,7179207a-0cc9-48e0-87e1-8cd7d2f9f721,fdd3f404-2025-43f0-8be6-85edfd81aa75,,INV-002597,Invoice for Services,viewed,2025-08-22,2026-09-09,2026-07-21T16:55:56.409638,,2990.82,7.5,224.31,3215.13,0,3215.13,USD,Thank you for your business!,,2025-12-13T23:20:32.409644,
b84f3097-99fa-4f66-ae9d-75f7ed3216a6,7179207a-0cc9-48e0-87e1-8cd7d2f9f721,,25054445-aded-4aab-8706-fc1ba6186ec7,INV-002598,Invoice for Products,sent,2025-10-21,2026-08-08,2026-05-05T21:28:48.409678,,25983.6,10,2598.36,28581.96,0,28581.96,USD,Thank you for your business!,,2026-05-26T05:16:50.409685,
00759c47-96e4-47d6-8599-ed0d479f2cda,7179207a-0cc9-48e0-87e1-8cd7d2f9f721,ec6b7fe0-dc61-4b8b-bbab-fc8ee088effe,ca41c310-978c-4941-a5d2-79d3762df4aa,INV-002599,Invoice for Services,overdue,2025-11-22,2026-09-15,2026-07-25T01:22:05.409720,,15402.59,5,770.13,16172.72,0,16172.72,USD,Thank you for your business!,,2025-11-21T19:15:15.409727,
98d615f4-d811-4b00-8184-cbb086780c6f,7179207a-0cc9-48e0-87e1-8cd7d2f9f721,,23bc7169-1ce6-44ac-a6c2-3d2ece8bb956,INV-002600,Invoice for Support,overdue,2025-10-30,2026-08-18,2026-02-27T19:01:09.409755,,50510.02,20,10102.0,60612.02,0,60612.02,USD,,,2025-09-25T21:05:47.409762,
6ca10a67-bafb-4977-90ae-a6baf43479ec,7179207a-0cc9-48e0-87e1-8cd7d2f9f721,8367020e-985d-41d7-8583-61632d184b00,9ba0b040-52b7-49b9-ba62-48b920c913e9,INV-002601,Invoice for Products,cancelled,2025-08-20,2027-01-10,2026-08-06T09:20:21.409860,,46309.83,20,9261.97,55571.8,0,55571.8,USD,Thank you for your business!,,2026-05-04T02:05:03.409875,
5c1c6695-3284-4899-87d1-d87808ea407f,7179207a-0cc9-48e0-87e1-8cd7d2f9f721,803f1a60-e9db-4999-b99e-1e9b6223404b,,INV-002602,Invoice for Services,overdue,2026-02-01,2026-09-08,2026-04-16T02:37:17.409933,,67136.07,10,6713.61,73849.68,0,73849.68,USD,,,2026-06-19T16:15:56.409940,
07a73d48-d9e7-4252-8384-1b449371f253,7179207a-0cc9-48e0-87e1-8cd7d2f9f721,56b4de37-357a-4cf0-9f7f-4ecc5450fc01,3fca32c5-616f-478a-aea5-0fdfe0d44e50,INV-002603,Invoice for Services,sent,2026-08-01,2026-09-26,2026-06-16T17:20:16.409974,,65291.12,7.5,4896.83,70187.95,0,70187.95,USD,,,2025-08-26T01:07:18.409980,
bf4a5181-f679-4d9c-9471-539c54bfe0e6,7179207a-0cc9-48e0-87e1-8cd7d2f9f721,04b36096-12b5-4943-ac5d-f6499e915fa7,adf9dc7a-4bad-43bc-9c10-d1e4d67ff394,INV-002604,Invoice for Products,overdue,2025-12-29,2026-08-30,2026-02-19T07:05:56.410015,,79124.49,10,7912.45,87036.94,0,87036.94,USD,Thank you for your business!,,2025-12-06T09:19:53.410021,
ad0d324c-332e-40cb-8a6f-9b863ee0daec,7179207a-0cc9-48e0-87e1-8cd7d2f9f721,3970c5fc-013e-4e06-8c8c-bd937e19e04f,,INV-002605,Invoice for Consulting,sent,2025-12-22,2026-10-30,2026-04-03T03:08:53.410051,,24708.33,20,4941.67,29650.0,0,29650.0,USD,,6c0f0068-3db4-4ed1-94c6-f384a2ada05f,2025-09-13T22:08:02.410059,
1b2f8fcc-a6bf-4636-9f2f-b4cb3974f202,7179207a-0cc9-48e0-87e1-8cd7d2f9f721,7a3fc8ad-26aa-4c76-82f8-81e7ad335392,,INV-002606,Invoice for Services,overdue,2026-05-03,2027-01-28,2026-03-06T14:22:25.410092,,48443.92,15,7266.59,55710.51,0,55710.51,USD,Thank you for your business!,,2025-12-13T04:36:08.410098,
9f053dca-2895-49bd-a8bf-4fff3397f400,7179207a-0cc9-48e0-87e1-8cd7d2f9f721,8c6cba3a-d997-4116-954b-bed5ec13ccc9,,INV-002607,Invoice for Support,overdue,2025-09-20,2026-09-30,2026-06-14T07:48:10.410136,,37665.79,8,3013.26,40679.05,0,40679.05,USD,,,2026-07-16T06:21:37.410142,
422c602e-b2ce-4d9b-8b77-71267d6be240,7179207a-0cc9-48e0-87e1-8cd7d2f9f721,d3e0de41-c1ae-4c07-91c0-fe1dd618bbc2,da228045-c0bd-4599-b5e9-02e99256cf9b,INV-002608,Invoice for Consulting,paid,2025-08-17,2027-01-25,2026-02-12T07:48:48.410173,2026-04-23T16:55:26.410179,7887.91,7.5,591.59,8479.5,8479.5,0,USD,,9d337f7a-a567-4fe7-ac0c-d3efae0e4e81,2026-02-19T01:07:16.410186,
e65e90f1-b37e-4db0-b22a-5827ee6d1d42,7179207a-0cc9-48e0-87e1-8cd7d2f9f721,,,INV-002609,Invoice for Consulting,cancelled,2026-02-21,2026-08-18,2026-02-26T00:30:50.410222,,62768.0,8,5021.44,67789.44,0,67789.44,USD,Thank you for your business!,,2026-03-02T20:15:55.410228,
f4416f23-44cc-4d5f-8c7d-32b8c4bfc68f,7179207a-0cc9-48e0-87e1-8cd7d2f9f721,670e1762-4492-475d-b082-90f8dca16a97,,INV-002610,Invoice for Subscription,paid,2026-04-28,2026-08-21,2026-04-28T02:30:07.410258,2026-05-02T02:11:45.410263,76131.34,0,0.0,76131.34,76131.34,0,USD,Thank you for your business!,80ccc102-f159-43ee-9949-7d66aecbc7b4,2025-12-06T12:40:38.410271,
8058e27d-f6af-4faa-ac2e-03252240f42e,7179207a-0cc9-48e0-87e1-8cd7d2f9f721,14f34149-3b33-4634-aa94-eb9350954d08,6ce47478-8e67-4198-9d15-070eb61dd2c9,INV-002611,Invoice for Support,overdue,2026-01-29,2026-10-07,2026-02-07T23:27:00.410300,,97162.16,10,9716.22,106878.38,0,106878.38,USD,,,2026-03-07T15:30:48.410306,
1655f1dc-cbe1-4067-8262-1af0af9c3786,7179207a-0cc9-48e0-87e1-8cd7d2f9f721,,,INV-002612,Invoice for Consulting,sent,2026-08-02,2027-01-19,2026-03-03T22:43:27.410334,,61594.18,7.5,4619.56,66213.74,0,66213.74,USD,Thank you for your business!,,2026-03-14T15:27:36.410340,
5d6c9139-fc7d-497b-a01f-5cc551ad2c8d,7179207a-0cc9-48e0-87e1-8cd7d2f9f721,0711b551-afa2-4d57-9fd8-bb0d57d6b9cb,9069136b-d357-452a-9e3d-7a8d94cba155,INV-002613,Invoice for Support,partial,2026-04-04,2026-09-03,2026-02-13T07:29:32.410371,,71514.15,10,7151.41,78665.56,39332.78,39332.78,USD,,,2025-08-28T00:53:17.410378,
ee5918dd-ec16-4da2-85aa-cd2d4154c2dc,7179207a-0cc9-48e0-87e1-8cd7d2f9f721,14f34149-3b33-4634-aa94-eb9350954d08,cc24500c-aefb-4f79-95b3-ee69f9682028,INV-002614,Invoice for Support,viewed,2026-03-19,2026-09-18,2026-07-29T14:54:11.410415,,71538.97,10,7153.9,78692.87,0,78692.87,USD,,,2025-11-17T23:02:56.410421,
36189851-49b7-4c0a-9b75-4dafcce9f477,7179207a-0cc9-48e0-87e1-8cd7d2f9f721,,8229a37e-b362-4e6e-aa57-1a691897c912,INV-002615,Invoice for Subscription,sent,2025-09-12,2026-09-11,2026-03-24T08:07:13.410450,,69857.89,20,13971.58,83829.47,0,83829.47,USD,Thank you for your business!,,2026-06-12T21:14:06.410457,
d65fbd46-bc5b-4dd4-b7e5-2f3cc8b8c59d,7179207a-0cc9-48e0-87e1-8cd7d2f9f721,f4f4f65b-cf81-4928-b3c5-6f636c049cc2,,INV-002616,Invoice for Services,sent,2026-06-29,2026-10-02,2026-03-22T10:56:20.410485,,39502.47,0,0.0,39502.47,0,39502.47,USD,,,2026-05-17T09:30:30.410492,
e226167f-99b1-4614-876b-3045d87c3633,7179207a-0cc9-48e0-87e1-8cd7d2f9f721,,fa36fe7c-3eb6-4bc4-bf5a-db4afd39f1c4,INV-002617,Invoice for Support,partial,2025-10-27,2026-08-31,2026-05-25T07:37:51.410520,,36134.84,20,7226.97,43361.81,21680.905,21680.905,USD,,,2026-05-03T12:09:31.410526,
30158677-51f1-45d1-9d77-29a9927be01b,7179207a-0cc9-48e0-87e1-8cd7d2f9f721,,,INV-002618,Invoice for Services,viewed,2025-10-10,2026-09-08,2026-02-17T04:30:39.410553,,10617.23,7.5,796.29,11413.52,0,11413.52,USD,Thank you for your business!,,2025-09-30T19:06:13.410564,
23eeef37-225e-4258-8093-ab8722a76101,7179207a-0cc9-48e0-87e1-8cd7d2f9f721,4974a0e1-053f-4f5d-a147-20078491fbad,,INV-002619,Invoice for Products,sent,2026-04-07,2027-01-10,2026-03-13T10:33:19.410594,,28184.24,5,1409.21,29593.45,0,29593.45,USD,Thank you for your business!,,2025-10-31T06:55:13.410599,
57862a2e-82c9-4a02-82b5-622b5fa64db3,7179207a-0cc9-48e0-87e1-8cd7d2f9f721,70b54de6-0ca4-48d2-9b2a-5517b901b210,1ad7e0d8-5b54-4810-9e9f-95c627b9a1ad,INV-002620,Invoice for Support,partial,2026-03-04,2026-12-08,2026-06-03T01:35:54.410640,,10459.44,5,522.97,10982.41,5491.205,5491.205,USD,,,2026-04-02T12:49:15.410647,
7be3f38a-6dae-45b6-8f17-c4df66e518b7,7179207a-0cc9-48e0-87e1-8cd7d2f9f721,,b637f739-f763-41de-8ec4-4a2e1ed4e814,INV-002621,Invoice for Subscription,paid,2025-12-28,2026-12-13,2026-03-11T17:10:13.410676,2026-06-24T11:48:38.410681,96330.21,20,19266.04,115596.25,115596.25,0,USD,Thank you for your business!,0e381dd3-455f-4ab4-9a8f-299c3aaa7eb8,2026-02-26T16:05:51.410688,
4f61f68f-9ab7-4fa2-9bc0-e5db9167d793,7179207a-0cc9-48e0-87e1-8cd7d2f9f721,2c335309-4869-4134-b8ca-8f720a076d64,da228045-c0bd-4599-b5e9-02e99256cf9b,INV-002622,Invoice for Subscription,cancelled,2026-07-09,2027-01-12,2026-03-12T07:48:53.410718,,38685.51,7.5,2901.41,41586.92,0,41586.92,USD,Thank you for your business!,,2025-08-08T17:37:21.410724,
e00b4027-ee17-4c57-bd13-aa1060e55622,7179207a-0cc9-48e0-87e1-8cd7d2f9f721,,,INV-002623,Invoice for Consulting,viewed,2026-05-29,2026-09-08,2026-06-01T11:42:56.410751,,80482.28,15,12072.34,92554.62,0,92554.62,USD,,,2026-02-23T11:37:10.410757,
00562931-4573-4936-a323-913358dd9e2b,7179207a-0cc9-48e0-87e1-8cd7d2f9f721,a130c8fb-6247-4f98-87a7-5e4d0001ce6c,,INV-002624,Invoice for Support,paid,2025-11-27,2027-02-04,2026-07-13T08:40:31.410820,2026-05-25T11:42:00.410832,6850.61,8,548.05,7398.66,7398.66,0,USD,Thank you for your business!,,2026-01-20T04:38:08.410842,
c8549034-b4b1-439e-8f28-f0f1623cfff9,7179207a-0cc9-48e0-87e1-8cd7d2f9f721,,4c878815-39d3-4b6b-86a7-b94449914ca9,INV-002625,Invoice for Consulting,cancelled,2026-07-17,2026-11-25,2026-07-19T09:34:29.410910,,45014.79,10,4501.48,49516.27,0,49516.27,USD,Thank you for your business!,,2025-09-03T22:55:01.410925,
5e9e7433-8a22-40e2-a74a-396e49c740da,7179207a-0cc9-48e0-87e1-8cd7d2f9f721,,,INV-002626,Invoice for Subscription,viewed,2025-11-17,2027-02-02,2026-03-06T16:54:42.410989,,8098.15,15,1214.72,9312.87,0,9312.87,USD,,42213dd2-0133-49a7-8e76-e882dce61740,2026-05-17T14:48:20.410997,
a0aeddfb-7597-4f7d-8d60-2b4627a831eb,7179207a-0cc9-48e0-87e1-8cd7d2f9f721,45d384de-20f5-4a91-a6ff-d373f207302c,,INV-002627,Invoice for Products,viewed,2026-07-18,2026-11-13,2026-05-17T11:30:06.411067,,34759.31,0,0.0,34759.31,0,34759.31,USD,Thank you for your business!,,2026-06-27T20:03:58.411074,
c0217ea3-3548-4885-90b7-703623266fe8,7179207a-0cc9-48e0-87e1-8cd7d2f9f721,e39e2029-0ec5-43bc-b0e0-3c393c6ba1c5,,INV-002628,Invoice for Subscription,overdue,2025-10-12,2027-01-08,2026-04-25T11:24:43.411105,,23707.22,0,0.0,23707.22,0,23707.22,USD,,,2026-01-16T17:10:41.411111,
76552b12-df4a-4852-a47e-18d181bebd7f,7179207a-0cc9-48e0-87e1-8cd7d2f9f721,7c9318bf-ea39-4903-8217-cc5830e4873b,08e2c083-5688-4c8b-9905-c92cb5524187,INV-002629,Invoice for Support,paid,2025-10-01,2026-08-08,2026-07-08T03:18:11.411148,2026-06-16T03:58:10.411154,27860.93,10,2786.09,30647.02,30647.02,0,USD,Thank you for your business!,,2025-12-20T07:36:09.411160,
b925c44e-c9ec-4845-b10e-4d6f18d43331,7179207a-0cc9-48e0-87e1-8cd7d2f9f721,00380dfe-a951-41d9-97e1-539a1831c42c,,INV-002630,Invoice for Consulting,overdue,2026-05-17,2026-09-25,2026-03-26T21:41:06.411198,,69102.6,20,13820.52,82923.12,0,82923.12,USD,Thank you for your business!,,2025-09-22T05:04:01.411204,
28f55aae-81be-4be1-accd-6e24abc1a0b0,7179207a-0cc9-48e0-87e1-8cd7d2f9f721,,,INV-002631,Invoice for Subscription,draft,2026-03-11,2027-01-21,,,15439.87,7.5,1157.99,16597.86,0,16597.86,USD,,,2025-09-17T23:31:21.411231,
b05b15b9-533c-4dd2-b632-55a1960fab5d,7179207a-0cc9-48e0-87e1-8cd7d2f9f721,,,INV-002632,Invoice for Subscription,overdue,2026-03-18,2026-08-11,2026-03-13T20:25:56.411257,,96374.91,5,4818.75,101193.66,0,101193.66,USD,,,2025-08-22T15:37:21.411263,
9be082a1-f0df-4572-87f2-f01ee8aec595,7179207a-0cc9-48e0-87e1-8cd7d2f9f721,,,INV-002633,Invoice for Support,cancelled,2026-06-13,2026-09-28,2026-05-10T13:57:35.411290,,41754.79,0,0.0,41754.79,0,41754.79,USD,,,2026-06-24T11:24:32.411296,
fc13b04e-031d-4b6b-9655-23576ad75c8a,7179207a-0cc9-48e0-87e1-8cd7d2f9f721,,,INV-002634,Invoice for Products,cancelled,2025-10-14,2026-10-25,2026-02-13T19:35:23.411323,,66462.03,8,5316.96,71778.99,0,71778.99,USD,Thank you for your business!,,2025-11-07T16:33:34.411329,
d5d32997-1e4a-45b5-8646-4d20474e5a66,7179207a-0cc9-48e0-87e1-8cd7d2f9f721,,de4e95e2-beb1-4411-9189-1d641556f026,INV-002635,Invoice for Consulting,draft,2026-07-24,2026-10-25,,,38739.63,0,0.0,38739.63,0,38739.63,USD,Thank you for your business!,,2026-04-14T23:15:07.411374,
065902de-0e65-4747-9654-3b5a14762814,7179207a-0cc9-48e0-87e1-8cd7d2f9f721,a3873755-ed24-4e9b-942f-c9d35de9a5f9,b50e4c2d-c888-42b4-a615-2a3a2ce0631b,INV-002636,Invoice for Support,paid,2026-01-07,2026-10-25,2026-05-28T18:35:12.411403,2026-08-04T04:56:24.411409,82146.48,8,6571.72,88718.2,88718.2,0,USD,,,2025-11-17T02:01:08.411414,
6654e020-240c-4666-bfaf-139a24712c8e,7179207a-0cc9-48e0-87e1-8cd7d2f9f721,89dbbd9c-7e73-4f88-932b-5dddabcf2caf,,INV-002637,Invoice for Support,cancelled,2025-10-02,2026-10-17,2026-08-01T04:43:38.411441,,65758.62,8,5260.69,71019.31,0,71019.31,USD,Thank you for your business!,,2026-08-04T17:06:29.411447,
2e39406e-15e0-4c97-86e3-f500f2a43a90,7179207a-0cc9-48e0-87e1-8cd7d2f9f721,4b07567d-02d8-401c-9a80-0bef34b3f9d9,,INV-002638,Invoice for Consulting,viewed,2025-11-29,2026-09-27,2026-06-06T20:19:30.411475,,78843.63,7.5,5913.27,84756.9,0,84756.9,USD,,,2026-06-18T11:50:04.411482,
c6092671-720c-40f7-9fc7-b7a7677d15a9,7179207a-0cc9-48e0-87e1-8cd7d2f9f721,8a1fd6f6-85f3-4191-949c-3d95b543b17e,affc07d0-d22d-455c-bad5-e8d6407663e7,INV-002639,Invoice for Services,paid,2025-12-27,2027-02-05,2026-05-10T01:37:30.411510,2026-04-28T04:26:08.411516,91164.18,0,0.0,91164.18,91164.18,0,USD,,,2026-07-23T00:13:41.411522,
2a91cfd1-7f36-41fb-8ded-7d10834ba08a,7179207a-0cc9-48e0-87e1-8cd7d2f9f721,e3c485d8-63bb-46f4-a312-57484e561d46,,INV-002640,Invoice for Support,sent,2026-06-03,2026-08-23,2026-03-10T21:21:57.411550,,8940.97,5,447.05,9388.02,0,9388.02,USD,,,2026-06-25T03:52:05.411556,
c761b2a2-1390-40f3-8b9a-b0e0c9a8fd98,7179207a-0cc9-48e0-87e1-8cd7d2f9f721,10ab2f15-6c5d-4c8e-adb6-8ea6b3260dae,,INV-002641,Invoice for Subscription,viewed,2025-08-27,2027-01-25,2026-04-16T05:19:19.411587,,49947.2,7.5,3746.04,53693.24,0,53693.24,USD,,,2026-06-19T14:46:22.411593,
834a0d9f-7a96-43ea-8374-2e46322b5ac7,7179207a-0cc9-48e0-87e1-8cd7d2f9f721,c9cc5457-7cec-4c5a-a3a4-a99d328133c6,,INV-002642,Invoice for Services,overdue,2025-10-06,2026-08-11,2026-05-18T21:47:15.411624,,36691.15,10,3669.11,40360.26,0,40360.26,USD,Thank you for your business!,,2025-11-16T11:50:29.411631,
0560a8de-718a-446d-bc47-471a7ddc5e9d,7179207a-0cc9-48e0-87e1-8cd7d2f9f721,cde2fd30-693d-4e81-974b-7f39e42d90f5,,INV-002643,Invoice for Subscription,viewed,2026-04-30,2026-12-15,2026-04-19T08:46:21.411659,,98075.84,0,0.0,98075.84,0,98075.84,USD,Thank you for your business!,,2025-10-10T11:43:26.411665,
dab42439-6463-4171-900c-e4221bcc2ca8,7179207a-0cc9-48e0-87e1-8cd7d2f9f721,,89d644a3-e07d-4263-97d3-da1488fe895b,INV-002644,Invoice for Subscription,paid,2026-04-14,2026-08-10,2026-03-07T11:21:32.411692,2026-07-22T17:21:48.411697,92388.53,15,13858.28,106246.81,106246.81,0,USD,,93711442-625a-4f20-91cf-846db6da4d21,2026-05-14T07:37:08.411704,
e69d0bea-d781-44d7-a648-70102e6ff883,7179207a-0cc9-48e0-87e1-8cd7d2f9f721,,,INV-002645,Invoice for Services,draft,2026-06-28,2026-10-13,,,33850.39,7.5,2538.78,36389.17,0,36389.17,USD,Thank you for your business!,,2025-10-14T12:18:44.411751,
71a2e551-09bf-4a07-a1d8-e9ce5eae70f9,7179207a-0cc9-48e0-87e1-8cd7d2f9f721,89612c75-8345-4b84-b43a-e5f445c165da,,INV-002646,Invoice for Support,partial,2025-10-30,2026-11-09,2026-05-31T20:46:39.411861,,7405.56,5,370.28,7775.84,3887.92,3887.92,USD,,,2025-09-10T19:38:26.411867,
5b768f9c-6a90-4d80-a836-2a3d4b0ba34f,7179207a-0cc9-48e0-87e1-8cd7d2f9f721,,71094826-c779-43ac-bc13-123d58b8d407,INV-002647,Invoice for Services,overdue,2026-03-22,2027-02-03,2026-04-29T00:31:04.411899,,80887.31,10,8088.73,88976.04,0,88976.04,USD,,,2025-08-15T19:11:24.411905,
96ce07e9-e0ca-489a-82ce-9da50598b0a1,7179207a-0cc9-48e0-87e1-8cd7d2f9f721,6512b189-a7c4-4f80-a549-cea55a04db4e,,INV-002648,Invoice for Support,viewed,2026-07-02,2026-09-06,2026-05-19T11:38:42.411938,,88639.05,5,4431.95,93071.0,0,93071.0,USD,Thank you for your business!,,2025-12-11T06:44:37.411944,
aa4a0bd6-9ea0-4204-8752-22d37a4cd61a,7179207a-0cc9-48e0-87e1-8cd7d2f9f721,bcf40362-7976-4e59-a81e-969ea8eed834,,INV-002649,Invoice for Consulting,cancelled,2026-06-13,2026-11-12,2026-05-31T10:59:21.411972,,34033.55,10,3403.36,37436.91,0,37436.91,USD,Thank you for your business!,,2025-12-06T16:07:41.411978,
25ed6ccf-633b-494e-9323-cb9f771ce62a,7179207a-0cc9-48e0-87e1-8cd7d2f9f721,a79b6fbc-12c6-4159-b7de-d8cfa9935786,,INV-002650,Invoice for Subscription,cancelled,2026-01-01,2026-08-26,2026-04-02T13:23:37.412005,,33309.96,20,6661.99,39971.95,0,39971.95,USD,,,2026-02-16T19:28:26.412011,
539f5b40-226e-47ec-b0b3-721fe05ebe47,7179207a-0cc9-48e0-87e1-8cd7d2f9f721,,303014e4-2176-4aae-80ef-8087a3718e95,INV-002651,Invoice for Support,draft,2025-11-07,2026-09-01,,,69953.32,7.5,5246.5,75199.82,0,75199.82,USD,Thank you for your business!,,2026-06-01T18:39:45.412060,
4af893b7-7d8b-4617-a2c0-33e2daa6e49a,7179207a-0cc9-48e0-87e1-8cd7d2f9f721,,0ea2a53b-3e74-4561-856a-5a0154a7f682,INV-002652,Invoice for Subscription,partial,2026-03-07,2026-09-10,2026-04-29T22:05:35.412094,,49288.71,8,3943.1,53231.81,26615.905,26615.905,USD,,,2025-08-15T15:52:05.412100,
bb3aa54d-f6f6-4fbd-bdb8-be80f85ee9fb,7179207a-0cc9-48e0-87e1-8cd7d2f9f721,,e6cb3154-a14e-4c50-a4de-de1156876ec4,INV-002653,Invoice for Products,viewed,2026-02-20,2026-08-20,2026-06-05T18:20:32.412134,,83543.22,15,12531.48,96074.7,0,96074.7,USD,Thank you for your business!,,2025-11-19T07:15:10.412140,
08924084-c47a-4c6f-82e3-de7df4915027,7179207a-0cc9-48e0-87e1-8cd7d2f9f721,508a07c0-4939-40d6-947e-ff69bd7230e8,381109ef-3ac8-46ed-a843-a9f229d3ff48,INV-002654,Invoice for Subscription,viewed,2025-09-07,2026-10-08,2026-03-07T14:46:41.412168,,61039.5,20,12207.9,73247.4,0,73247.4,USD,,5a3ac62e-13f2-40af-b900-8e3281b5be5c,2026-06-23T16:54:38.412175,
389d241a-1546-4853-a979-a105cc88ef67,7179207a-0cc9-48e0-87e1-8cd7d2f9f721,5c92bd7a-5a7e-4ee0-ba82-29269e62787c,,INV-002655,Invoice for Products,paid,2026-03-06,2026-10-15,2026-05-19T22:41:19.412201,2026-04-30T06:12:36.412206,33705.7,8,2696.46,36402.16,36402.16,0,USD,Thank you for your business!,89fb927c-0b70-42c8-b8d4-6dbafe200b25,2026-02-04T00:41:19.412213,
0ffada1f-28b8-40d3-997e-65a3b64249d2,7179207a-0cc9-48e0-87e1-8cd7d2f9f721,c38e3cee-ae48-409b-b2b5-a24096d0889d,,INV-002656,Invoice for Consulting,draft,2025-12-19,2026-10-28,,,38522.46,8,3081.8,41604.26,0,41604.26,USD,,,2025-11-05T09:40:33.412246,
8200559f-bf42-4881-96b5-62e6a37ae4e3,7179207a-0cc9-48e0-87e1-8cd7d2f9f721,,98bfa1dd-7abb-4f8e-9a72-5b0aba010bf5,INV-002657,Invoice for Products,partial,2026-08-02,2026-09-05,2026-03-16T12:21:48.412273,,35893.72,7.5,2692.03,38585.75,19292.875,19292.875,USD,,,2025-08-28T11:20:16.412279,
eccd9940-6eef-41b0-a70e-e85803126035,7179207a-0cc9-48e0-87e1-8cd7d2f9f721,5007b381-1036-485c-b2e5-6b2256a7d17b,,INV-002658,Invoice for Support,overdue,2026-06-13,2026-12-29,2026-05-17T16:33:46.412305,,4384.7,20,876.94,5261.64,0,5261.64,USD,Thank you for your business!,1b4f98c4-2967-4218-a4a3-6428f403f69f,2025-09-13T04:22:42.412312,
35f17e1d-5907-4403-9bd1-91ca7f77b4bb,7179207a-0cc9-48e0-87e1-8cd7d2f9f721,4c38fc7e-4ae1-49dd-bf9d-0aed2bbf4436,,INV-002659,Invoice for Consulting,partial,2026-03-30,2026-12-14,2026-05-04T10:13:50.412338,,77772.33,8,6221.79,83994.12,41997.06,41997.06,USD,,,2026-07-09T20:53:49.412344,
25c70032-56d3-48fb-b6bf-c08ae90b162c,7179207a-0cc9-48e0-87e1-8cd7d2f9f721,5c7d7812-7d63-4d8f-8769-052188374dbb,,INV-002660,Invoice for Subscription,viewed,2025-12-06,2026-12-26,2026-06-18T23:38:55.412370,,62625.12,15,9393.77,72018.89,0,72018.89,USD,,64bb5809-a05e-406a-a653-05ad5e17b91b,2025-08-26T14:17:37.412377,
152d26ef-fab3-4847-845c-d09fe9d8ddfe,7179207a-0cc9-48e0-87e1-8cd7d2f9f721,,,INV-002661,Invoice for Products,paid,2026-05-21,2026-12-08,2026-04-23T16:22:53.412407,2026-04-26T16:26:28.412413,29699.5,15,4454.93,34154.43,34154.43,0,USD,,,2026-04-17T07:03:09.412419,
fa4ada51-f408-49a5-b120-a56c239e3456,7179207a-0cc9-48e0-87e1-8cd7d2f9f721,,01e5021f-340e-4103-8226-c1ffcf1b02e4,INV-002662,Invoice for Subscription,sent,2026-02-11,2026-11-23,2026-03-29T03:35:13.412453,,31519.32,5,1575.97,33095.29,0,33095.29,USD,,08cc1233-df72-4de8-ad8f-12a9adc57fd5,2026-03-16T17:10:26.412461,
165da438-adb5-4b9d-ae97-6f5050fc5e7a,7179207a-0cc9-48e0-87e1-8cd7d2f9f721,,,INV-002663,Invoice for Services,cancelled,2025-12-03,2026-09-07,2026-03-13T15:16:27.412488,,80329.67,15,12049.45,92379.12,0,92379.12,USD,,,2025-11-27T20:26:24.412494,
4a5a68de-539f-44f8-bbce-42a0d1bbab37,7179207a-0cc9-48e0-87e1-8cd7d2f9f721,,,INV-002664,Invoice for Subscription,viewed,2026-07-14,2027-01-18,2026-06-12T20:34:47.412529,,19864.75,0,0.0,19864.75,0,19864.75,USD,,,2026-02-28T04:15:42.412535,
61e60753-9c87-4fd8-ad64-5f17e99140a5,7179207a-0cc9-48e0-87e1-8cd7d2f9f721,91ba4d12-36b3-42e9-9f99-054a5d803c80,,INV-002665,Invoice for Consulting,viewed,2026-07-15,2026-12-30,2026-04-25T01:18:49.412563,,55616.0,5,2780.8,58396.8,0,58396.8,USD,,,2026-07-12T08:39:39.412568,
4db401c6-dff8-40b4-8a0c-0ba763a8aeb4,7179207a-0cc9-48e0-87e1-8cd7d2f9f721,,,INV-002666,Invoice for Consulting,partial,2025-10-20,2026-12-21,2026-02-09T00:33:19.412593,,85823.17,8,6865.85,92689.02,46344.51,46344.51,USD,,,2025-12-06T00:02:43.412600,
0c42b68d-3273-48ec-a404-7df485a96a1d,7179207a-0cc9-48e0-87e1-8cd7d2f9f721,,01e5021f-340e-4103-8226-c1ffcf1b02e4,INV-002667,Invoice for Support,draft,2025-12-05,2026-12-18,,,33916.56,5,1695.83,35612.39,0,35612.39,USD,,,2025-12-10T10:40:50.412634,
3176c941-9688-4a74-8c82-733d401e5ac0,7179207a-0cc9-48e0-87e1-8cd7d2f9f721,bd8f8248-354b-434b-b9c6-c14828b2a630,,INV-002668,Invoice for Support,viewed,2026-03-08,2026-08-31,2026-06-18T04:18:01.412661,,35661.34,0,0.0,35661.34,0,35661.34,USD,,,2026-02-20T08:50:54.412667,
8ca5cafe-24a9-4dbe-9796-6841d8c77346,7179207a-0cc9-48e0-87e1-8cd7d2f9f721,63c75289-c08f-4cb5-8429-1e057b0773d5,,INV-002669,Invoice for Support,partial,2025-10-05,2026-09-05,2026-04-01T20:16:50.412697,,76522.87,15,11478.43,88001.3,44000.65,44000.65,USD,Thank you for your business!,,2026-03-18T02:33:18.412703,
fe1dfda6-ba91-4f6d-b107-06d449de7d92,7179207a-0cc9-48e0-87e1-8cd7d2f9f721,871e9a8e-2c06-43ef-97d0-8a7244d17725,,INV-002670,Invoice for Subscription,viewed,2026-04-11,2026-12-26,2026-03-12T06:25:06.412730,,54144.29,15,8121.64,62265.93,0,62265.93,USD,,,2026-06-07T06:23:23.412735,
be37e1c3-96f2-4465-9d67-a5b88fd0d59a,7179207a-0cc9-48e0-87e1-8cd7d2f9f721,,9ba0b040-52b7-49b9-ba62-48b920c913e9,INV-002671,Invoice for Products,draft,2025-10-07,2027-01-21,,,8334.6,7.5,625.1,8959.7,0,8959.7,USD,,,2025-12-14T01:43:58.412763,
64dcb799-b2cb-4f35-ab4b-c9a6803f2f79,7179207a-0cc9-48e0-87e1-8cd7d2f9f721,eba736f1-9694-44e7-b530-b3d30ef062fb,,INV-002672,Invoice for Services,partial,2026-01-24,2026-10-08,2026-07-06T23:31:40.412794,,95710.91,7.5,7178.32,102889.23,51444.615,51444.615,USD,Thank you for your business!,,2026-04-17T06:37:11.412800,
adfeab68-cfe1-476a-a42d-3557d1b9b23c,7179207a-0cc9-48e0-87e1-8cd7d2f9f721,,,INV-002673,Invoice for Consulting,overdue,2026-05-06,2027-01-05,2026-05-21T17:21:10.412825,,64065.74,7.5,4804.93,68870.67,0,68870.67,USD,Thank you for your business!,,2026-01-12T13:58:41.412831,
3bce12df-adeb-4ddd-9298-daa879f7e32e,7179207a-0cc9-48e0-87e1-8cd7d2f9f721,,,INV-002674,Invoice for Support,partial,2026-08-01,2027-01-01,2026-06-03T19:51:58.412856,,11074.96,0,0.0,11074.96,5537.48,5537.48,USD,,7f0e8e1f-608b-4838-ba64-f85b96d2eebc,2026-01-06T13:55:08.412863,
c0af2cd9-2e93-4c5d-ad1c-5e90f6c9a7fb,7179207a-0cc9-48e0-87e1-8cd7d2f9f721,,de2b29b6-971f-47fc-8ce7-cf18f0f5ffb9,INV-002675,Invoice for Support,paid,2026-07-18,2026-11-11,2026-04-08T06:35:08.412889,2026-05-06T00:03:25.412895,39866.04,7.5,2989.95,42855.99,42855.99,0,USD,Thank you for your business!,,2026-03-22T20:16:47.412900,
43f52a65-7847-42d6-b12c-26c5b8250a54,7179207a-0cc9-48e0-87e1-8cd7d2f9f721,0db02633-e232-441d-a518-9fa076630dba,,INV-002676,Invoice for Support,cancelled,2025-11-01,2026-10-16,2026-02-25T07:39:42.412927,,9285.74,10,928.57,10214.31,0,10214.31,USD,,,2026-03-04T21:13:49.412933,
c7a54cf3-f5a4-42f9-828c-5780a19abc2b,7179207a-0cc9-48e0-87e1-8cd7d2f9f721,9380ebbb-d6ac-4b30-9016-81e17cb873a9,,INV-002677,Invoice for Consulting,draft,2026-02-15,2026-10-05,,,84351.55,5,4217.58,88569.13,0,88569.13,USD,,,2025-11-30T05:42:09.412964,
3bc1d7cf-ccdb-4035-b50b-a3f8f35764f7,7179207a-0cc9-48e0-87e1-8cd7d2f9f721,,,INV-002678,Invoice for Products,paid,2026-04-10,2026-10-21,2026-07-04T20:53:39.412993,2026-07-12T19:46:45.412998,58298.34,20,11659.67,69958.01,69958.01,0,USD,Thank you for your business!,,2025-08-27T07:24:51.413004,
d32570e0-3cc8-406d-a20f-7f86a4b5d5b1,7179207a-0cc9-48e0-87e1-8cd7d2f9f721,,,INV-002679,Invoice for Products,overdue,2026-05-25,2027-01-05,2026-05-02T21:33:47.413030,,58071.85,10,5807.19,63879.04,0,63879.04,USD,Thank you for your business!,,2026-06-06T02:12:53.413036,
fd0c8544-9054-4bc7-8451-0c4892eb6674,7179207a-0cc9-48e0-87e1-8cd7d2f9f721,,,INV-002680,Invoice for Support,viewed,2026-07-03,2027-01-11,2026-06-27T19:37:42.413061,,31191.48,8,2495.32,33686.8,0,33686.8,USD,,,2026-04-28T04:30:32.413067,
9742cf13-7ee6-44a1-9ceb-12128832c592,7179207a-0cc9-48e0-87e1-8cd7d2f9f721,871e9a8e-2c06-43ef-97d0-8a7244d17725,,INV-002681,Invoice for Consulting,viewed,2026-06-07,2027-01-19,2026-03-19T20:49:06.413093,,95314.88,15,14297.23,109612.11,0,109612.11,USD,Thank you for your business!,,2025-09-04T02:39:17.413098,
2535bbe7-6549-40ec-80b2-d2c900e02591,7179207a-0cc9-48e0-87e1-8cd7d2f9f721,c1c9fc80-db0d-48f1-ab5b-53b741b480c7,,INV-002682,Invoice for Support,sent,2026-03-13,2026-11-08,2026-06-16T22:47:28.413134,,57507.35,20,11501.47,69008.82,0,69008.82,USD,,,2025-10-01T20:11:37.413140,
098a4874-95d2-49eb-9d9a-a068b9df4e89,7179207a-0cc9-48e0-87e1-8cd7d2f9f721,,,INV-002683,Invoice for Services,draft,2026-07-20,2026-11-27,,,87461.09,7.5,6559.58,94020.67,0,94020.67,USD,,,2026-03-31T06:36:46.413165,
5d5ed984-2f71-43bb-8713-5351ea244469,7179207a-0cc9-48e0-87e1-8cd7d2f9f721,64d52d2f-a43a-481f-9c89-97751fd0c84b,,INV-002684,Invoice for Support,draft,2026-06-30,2026-10-14,,,39252.3,7.5,2943.92,42196.22,0,42196.22,USD,,,2025-11-01T11:27:40.413196,
f534048a-e44c-422a-8ce4-46f23ffcd3bb,7179207a-0cc9-48e0-87e1-8cd7d2f9f721,203db0c1-d483-459e-99bd-b9e73888b179,,INV-002685,Invoice for Subscription,partial,2026-07-21,2026-08-29,2026-07-22T10:02:57.413221,,9621.73,5,481.09,10102.82,5051.41,5051.41,USD,,7ca4e6ea-479a-40e9-8b4a-7b81af62912d,2026-03-24T02:29:21.413229,
48ed4d87-59cc-48cb-a41d-64d6d5bd36bb,7179207a-0cc9-48e0-87e1-8cd7d2f9f721,,,INV-002686,Invoice for Products,sent,2025-09-08,2027-02-01,2026-02-11T02:58:05.413253,,84567.99,5,4228.4,88796.39,0,88796.39,USD,,48c36456-4f75-4d21-a265-28fda7cacf1d,2026-06-14T11:34:53.413264,
3a5a12e3-a1c6-4954-9d3b-d1c49d98925a,7179207a-0cc9-48e0-87e1-8cd7d2f9f721,,,INV-002687,Invoice for Services,draft,2026-03-17,2026-10-04,,,58448.07,15,8767.21,67215.28,0,67215.28,USD,,,2025-11-10T16:33:54.413291,
75cd7f72-dfef-48b3-abbf-1520260c90cd,7179207a-0cc9-48e0-87e1-8cd7d2f9f721,5042887b-31d6-49b7-8cc4-fcabfc99693d,,INV-002688,Invoice for Support,paid,2026-02-22,2026-11-05,2026-06-11T22:24:33.413320,2026-05-03T09:30:52.413326,98395.85,10,9839.58,108235.43,108235.43,0,USD,,,2026-02-08T17:35:23.413331,
ff8bfa3b-a9c1-4f91-a82f-edda333ba5b7,7179207a-0cc9-48e0-87e1-8cd7d2f9f721,c9cc5457-7cec-4c5a-a3a4-a99d328133c6,7783b5f3-2e53-4adf-a826-0a38597b49da,INV-002689,Invoice for Consulting,draft,2025-09-26,2026-12-20,,,72013.88,7.5,5401.04,77414.92,0,77414.92,USD,Thank you for your business!,,2025-10-09T21:44:14.413359,
bc7c49dc-e4ec-4cd2-aff9-d0521904a995,7179207a-0cc9-48e0-87e1-8cd7d2f9f721,,,INV-002690,Invoice for Support,cancelled,2025-12-21,2026-09-18,2026-05-09T23:12:38.413385,,13117.74,0,0.0,13117.74,0,13117.74,USD,,,2026-03-08T04:31:48.413391,
67d451f2-63d0-48b5-859a-8d8de53f2842,7179207a-0cc9-48e0-87e1-8cd7d2f9f721,a61988f3-3948-4718-904b-561efb1d3193,77b1067b-e95d-4a21-be33-52bec97b1c8c,INV-002691,Invoice for Consulting,paid,2025-09-28,2026-09-02,2026-06-09T06:22:54.413418,2026-04-21T22:05:34.413423,92340.27,7.5,6925.52,99265.79,99265.79,0,USD,,,2025-08-22T02:53:43.413429,
f88bbaa9-7585-4b45-8e38-48b47420cc0c,7179207a-0cc9-48e0-87e1-8cd7d2f9f721,6e75e00b-69fb-4f39-9caa-9c41d1d72e41,,INV-002692,Invoice for Services,partial,2026-01-07,2026-11-23,2026-06-13T16:54:38.413456,,18059.92,5,903.0,18962.92,9481.46,9481.46,USD,Thank you for your business!,,2025-10-05T09:26:13.413462,
993683e4-b4d7-44e8-91df-91d9c2b64798,7179207a-0cc9-48e0-87e1-8cd7d2f9f721,7f23cdb3-32d6-4722-adfd-49ebdb87ab09,8567e926-6a58-4388-a3fd-e08767acc311,INV-002693,Invoice for Products,sent,2026-02-21,2027-01-14,2026-06-20T15:35:40.413493,,76671.9,20,15334.38,92006.28,0,92006.28,USD,,6b094a83-4216-4ee0-9db7-8bc1766d23e1,2025-12-15T08:21:44.413500,
ca7e49b0-c459-4966-b8fb-a8c681dc001e,7179207a-0cc9-48e0-87e1-8cd7d2f9f721,eadfab01-c8b0-4bd6-a112-97ba1179dd1c,c0f8f3bf-33b1-47a4-a6b9-c64553526bf4,INV-002694,Invoice for Support,overdue,2026-03-23,2026-08-31,2026-07-21T03:22:09.413534,,92077.2,0,0.0,92077.2,0,92077.2,USD,Thank you for your business!,,2025-11-23T17:43:46.413540,
357838cf-8e24-4d55-8e5e-1b386ea506b3,7179207a-0cc9-48e0-87e1-8cd7d2f9f721,5b629c80-90e5-4a49-8465-5e683a33d990,,INV-002695,Invoice for Support,paid,2026-06-19,2026-08-21,2026-04-14T04:46:21.413567,2026-07-21T22:56:04.413572,40459.36,8,3236.75,43696.11,43696.11,0,USD,,,2026-06-22T20:59:07.413578,
621882ea-8154-4cca-8071-d38e0e03c49c,7179207a-0cc9-48e0-87e1-8cd7d2f9f721,d0b37a64-2430-4936-a11a-c0f5c2b10403,,INV-002696,Invoice for Products,paid,2026-01-02,2026-09-21,2026-05-11T07:58:07.413604,2026-06-27T05:09:31.413609,44029.43,10,4402.94,48432.37,48432.37,0,USD,,,2026-02-18T06:55:31.413616,
c65e0c76-981f-43f8-98c4-f1fb098b6068,7179207a-0cc9-48e0-87e1-8cd7d2f9f721,40c96f6c-2112-48ab-b73d-c34d183adf83,,INV-002697,Invoice for Consulting,sent,2026-04-07,2026-08-15,2026-07-28T00:09:45.413644,,7977.93,10,797.79,8775.72,0,8775.72,USD,Thank you for your business!,,2025-10-12T22:43:41.413650,
83e8cbfa-1081-4d5c-a6df-1bb9693b1c59,7179207a-0cc9-48e0-87e1-8cd7d2f9f721,,,INV-002698,Invoice for Support,partial,2025-11-07,2026-11-04,2026-05-17T15:22:21.413679,,52565.89,0,0.0,52565.89,26282.945,26282.945,USD,,,2026-04-19T18:06:31.413685,
04c9a3af-03bd-4bd6-9555-04dd707519d8,7179207a-0cc9-48e0-87e1-8cd7d2f9f721,,7783b5f3-2e53-4adf-a826-0a38597b49da,INV-002699,Invoice for Consulting,viewed,2026-02-23,2026-10-07,2026-06-11T12:24:16.413711,,77731.53,8,6218.52,83950.05,0,83950.05,USD,Thank you for your business!,,2025-09-06T20:32:51.413716,
ef77c5a5-06c9-47d3-aac4-f1d62223f4aa,7179207a-0cc9-48e0-87e1-8cd7d2f9f721,,,INV-002700,Invoice for Consulting,viewed,2026-04-15,2026-09-29,2026-04-12T23:57:46.413741,,8869.59,8,709.57,9579.16,0,9579.16,USD,,,2026-01-31T16:33:21.413747,
4a1eae49-fd15-424c-b0cf-c36293725c1a,7179207a-0cc9-48e0-87e1-8cd7d2f9f721,51361462-b622-4767-8748-40616ee44f59,6ce47478-8e67-4198-9d15-070eb61dd2c9,INV-002701,Invoice for Support,viewed,2026-06-05,2026-11-29,2026-04-26T23:35:27.413774,,20814.99,0,0.0,20814.99,0,20814.99,USD,Thank you for your business!,,2025-11-15T13:06:07.413780,
373553ac-d99f-483e-beab-81c44139d157,7179207a-0cc9-48e0-87e1-8cd7d2f9f721,6246f493-6b34-47e4-8c93-7e4cde648d96,,INV-002702,Invoice for Services,sent,2026-01-22,2026-11-19,2026-03-07T05:03:34.413806,,27270.09,15,4090.51,31360.6,0,31360.6,USD,,,2025-10-12T06:27:23.413812,
30482c54-4341-48a6-a0a2-05b20f19c144,7179207a-0cc9-48e0-87e1-8cd7d2f9f721,,,INV-002703,Invoice for Support,sent,2025-12-20,2026-10-04,2026-07-31T00:51:37.413847,,3550.65,10,355.06,3905.71,0,3905.71,USD,,8e9ed357-6d38-4c60-b485-27c3ee4b7caf,2025-09-25T18:51:08.413854,
42d685b0-3364-4166-955f-663d0e8d66bc,7179207a-0cc9-48e0-87e1-8cd7d2f9f721,,,INV-002704,Invoice for Products,overdue,2025-08-10,2026-08-25,2026-07-26T07:48:41.413879,,8036.11,20,1607.22,9643.33,0,9643.33,USD,Thank you for your business!,42213dd2-0133-49a7-8e76-e882dce61740,2026-04-25T06:10:15.413886,
3e4119e4-6357-48dc-acea-76682baaf520,7179207a-0cc9-48e0-87e1-8cd7d2f9f721,8b034549-3f19-4041-abde-9df1ce48269a,,INV-002705,Invoice for Consulting,viewed,2026-01-28,2026-09-17,2026-05-11T00:53:15.413912,,65585.34,5,3279.27,68864.61,0,68864.61,USD,,e98f8410-94ac-47e8-a729-294f28502238,2026-03-24T16:45:26.413919,
a42f1040-c279-40af-a36a-be7f6fa2906f,7179207a-0cc9-48e0-87e1-8cd7d2f9f721,487d9fff-dc5f-4d4b-a94d-f51d32b9d0d0,b3bcf1e5-aafc-4af0-be6b-c8faa8815587,INV-002706,Invoice for Support,paid,2026-04-24,2027-01-09,2026-03-08T06:29:04.413946,2026-05-18T16:10:52.413952,31394.59,10,3139.46,34534.05,34534.05,0,USD,Thank you for your business!,,2026-04-17T11:27:40.413957,
228a9e72-b15b-499a-9056-376d6e74e25a,7179207a-0cc9-48e0-87e1-8cd7d2f9f721,,,INV-002707,Invoice for Services,cancelled,2026-02-06,2026-08-28,2026-02-11T10:02:31.413982,,34901.08,5,1745.05,36646.13,0,36646.13,USD,Thank you for your business!,,2026-07-16T19:56:17.413988,
98186b92-d406-4c61-a7e3-1c3eb6f94493,7179207a-0cc9-48e0-87e1-8cd7d2f9f721,ff051e76-4784-414c-8dd1-6a99b8226cf5,01e5021f-340e-4103-8226-c1ffcf1b02e4,INV-002708,Invoice for Services,cancelled,2026-07-21,2026-09-28,2026-03-22T20:47:48.414014,,25687.75,20,5137.55,30825.3,0,30825.3,USD,,,2026-05-20T12:52:38.414020,
f2dee05b-5774-4214-a0b1-feb6d0b3f506,7179207a-0cc9-48e0-87e1-8cd7d2f9f721,75ebc451-43d5-4ec0-9619-2369018cd64a,,INV-002709,Invoice for Subscription,partial,2025-12-30,2026-08-31,2026-08-06T08:22:30.414051,,63807.9,8,5104.63,68912.53,34456.265,34456.265,USD,,,2026-07-26T03:14:23.414057,
bd0f535f-eefe-4175-aacf-eaf36b618c86,7179207a-0cc9-48e0-87e1-8cd7d2f9f721,4e51c09b-d2bb-4f58-b67d-1af4c5eb98a1,5d8839b0-98a4-4870-895b-916399b6e3d6,INV-002710,Invoice for Subscription,draft,2026-04-13,2026-09-08,,,56738.23,10,5673.82,62412.05,0,62412.05,USD,,,2025-12-19T11:54:56.414090,
06215f0f-86c8-40dd-b51a-0af95b1a3181,7179207a-0cc9-48e0-87e1-8cd7d2f9f721,77e9886a-a63e-4849-931b-3ebee0114f24,e6cb3154-a14e-4c50-a4de-de1156876ec4,INV-002711,Invoice for Support,draft,2026-05-27,2026-08-21,,,39360.6,20,7872.12,47232.72,0,47232.72,USD,Thank you for your business!,626c7062-6545-4318-b088-6b8c0bc6ea6c,2026-08-03T05:19:39.414125,
e16e9bb9-1223-4731-b56a-de9098822c5a,7179207a-0cc9-48e0-87e1-8cd7d2f9f721,,6fd09a47-2143-4822-b6df-41db7775467e,INV-002712,Invoice for Consulting,sent,2026-06-05,2026-10-17,2026-05-21T14:28:33.414153,,27442.08,15,4116.31,31558.39,0,31558.39,USD,Thank you for your business!,,2025-09-02T01:09:59.414159,
7d952446-01f0-414c-976f-cb87acdedb67,7179207a-0cc9-48e0-87e1-8cd7d2f9f721,8e13065f-0349-42d5-97ea-22026a7c666f,378ea9b4-4b21-4866-b53d-bc8f4ff60881,INV-002713,Invoice for Products,sent,2026-08-02,2026-08-25,2026-05-20T02:45:43.414186,,62489.84,0,0.0,62489.84,0,62489.84,USD,,,2025-10-09T23:36:32.414192,
883aed44-bbbe-4a5b-b90a-1ffbbc182a41,7179207a-0cc9-48e0-87e1-8cd7d2f9f721,d4df4a0a-210b-4c65-8e54-dbd21b75db50,,INV-002714,Invoice for Support,draft,2026-03-01,2026-12-14,,,31503.35,15,4725.5,36228.85,0,36228.85,USD,,e4efe192-1cec-4bfa-ab2c-f207c4424557,2026-06-09T19:07:41.414225,
2f4bee89-c2c3-4713-b944-e808ae832073,7179207a-0cc9-48e0-87e1-8cd7d2f9f721,,9ba0b040-52b7-49b9-ba62-48b920c913e9,INV-002715,Invoice for Support,draft,2026-07-27,2026-09-18,,,43718.77,5,2185.94,45904.71,0,45904.71,USD,,,2026-07-28T19:13:09.414252,
ce80642e-dfe0-4dd5-9f12-88da7b5006cd,7179207a-0cc9-48e0-87e1-8cd7d2f9f721,,,INV-002716,Invoice for Products,sent,2026-04-01,2026-09-03,2026-06-25T22:25:49.414276,,93376.04,7.5,7003.2,100379.24,0,100379.24,USD,Thank you for your business!,,2026-03-26T04:02:22.414282,
77021895-1e7f-4506-be40-5939ceddc838,7179207a-0cc9-48e0-87e1-8cd7d2f9f721,,,INV-002717,Invoice for Services,paid,2025-10-12,2026-12-30,2026-03-20T03:26:46.414307,2026-05-11T18:25:53.414313,81245.25,5,4062.26,85307.51,85307.51,0,USD,Thank you for your business!,,2026-05-03T07:56:58.414318,
ac2e00c1-abcf-481e-a3b8-08c059ebab9f,7179207a-0cc9-48e0-87e1-8cd7d2f9f721,abc3cc02-4253-4716-b4d7-01175a67a046,,INV-002718,Invoice for Subscription,paid,2026-03-11,2026-11-27,2026-02-21T02:02:53.414344,2026-05-31T21:09:11.414350,9600.46,5,480.02,10080.48,10080.48,0,USD,Thank you for your business!,,2026-07-09T00:19:14.414356,
1f772c19-dd20-4767-8b70-6bc83c2b6295,7179207a-0cc9-48e0-87e1-8cd7d2f9f721,,,INV-002719,Invoice for Consulting,sent,2026-03-04,2026-08-24,2026-06-27T10:57:26.414385,,59402.82,8,4752.23,64155.05,0,64155.05,USD,,,2025-08-11T12:47:54.414391,
95f7993e-6f1b-4fb8-943b-d40a95ef6b8e,7179207a-0cc9-48e0-87e1-8cd7d2f9f721,b8b8c20e-25c7-430d-9cc8-0dcc30e6e0cf,,INV-002720,Invoice for Subscription,partial,2026-03-27,2027-02-01,2026-07-25T13:21:47.414417,,37298.72,15,5594.81,42893.53,21446.765,21446.765,USD,Thank you for your business!,,2026-02-03T17:54:08.414429,
eda468a6-d83f-4233-a9ff-b3c35d607084,7179207a-0cc9-48e0-87e1-8cd7d2f9f721,33fd2f95-8fdd-4026-ae9c-b2fc774539f2,b384b495-7534-4a5c-bc88-f3db351e6764,INV-002721,Invoice for Subscription,viewed,2026-05-16,2026-09-30,2026-07-17T17:08:14.414458,,72806.84,15,10921.03,83727.87,0,83727.87,USD,,,2026-03-23T08:20:08.414464,
8158cb68-4701-4d7d-885f-7c7a9f74490d,7179207a-0cc9-48e0-87e1-8cd7d2f9f721,,57fb56e7-45a9-449f-bbf6-1d4e184fa71f,INV-002722,Invoice for Subscription,viewed,2026-01-21,2027-01-30,2026-07-23T23:09:09.414489,,58862.47,0,0.0,58862.47,0,58862.47,USD,Thank you for your business!,,2026-03-08T12:11:33.414495,
d9396ef4-dbc3-40da-86c8-37f92293d836,7179207a-0cc9-48e0-87e1-8cd7d2f9f721,34322dbd-85dd-4aed-92f2-d476f790157c,4f959820-0145-4dda-8015-cfdbfa99052b,INV-002723,Invoice for Consulting,sent,2026-06-11,2026-09-21,2026-06-09T08:15:48.414527,,84105.02,8,6728.4,90833.42,0,90833.42,USD,Thank you for your business!,,2026-02-09T20:46:51.414533,
fb2c73bf-b1f9-419f-9d63-ed6b0a63a37e,7179207a-0cc9-48e0-87e1-8cd7d2f9f721,51014ecc-d2cf-4289-b977-447bef0eae9d,,INV-002724,Invoice for Subscription,sent,2025-08-19,2027-01-07,2026-05-18T05:04:55.414568,,92477.76,7.5,6935.83,99413.59,0,99413.59,USD,,,2026-03-03T16:13:45.414574,
a50291fa-ca88-42b2-bbfb-615b8ffe1eb1,7179207a-0cc9-48e0-87e1-8cd7d2f9f721,,,INV-002725,Invoice for Consulting,viewed,2026-01-04,2026-08-21,2026-03-18T19:57:10.414602,,45306.41,20,9061.28,54367.69,0,54367.69,USD,Thank you for your business!,687d0c36-ff4a-499e-9f0e-fa21110bc781,2025-12-25T09:12:58.414609,
5a3d346f-a657-499d-9859-539f4a1846bb,7179207a-0cc9-48e0-87e1-8cd7d2f9f721,557da2da-61a8-4981-9be8-113f001267ec,5ddc9f21-49b9-40a5-b8fc-d740c3030048,INV-002726,Invoice for Subscription,partial,2026-02-21,2026-12-14,2026-06-17T12:13:15.414651,,19759.91,15,2963.99,22723.9,11361.95,11361.95,USD,Thank you for your business!,,2025-11-10T00:54:46.414657,
de8a5623-218e-428b-8eb2-cd0be0277aeb,7179207a-0cc9-48e0-87e1-8cd7d2f9f721,73a02218-6f48-4460-a96f-c56df44096c0,81b11d4f-9c38-44f7-9683-ffa6d79128ce,INV-002727,Invoice for Consulting,overdue,2026-06-11,2026-12-07,2026-02-19T02:39:15.414721,,43578.61,5,2178.93,45757.54,0,45757.54,USD,,,2025-12-04T04:02:35.414736,
0e0eb999-76fe-40d2-a159-e12e7b591edd,7179207a-0cc9-48e0-87e1-8cd7d2f9f721,b28a703a-02de-4ce9-b1fe-7c5644b02fa6,,INV-002728,Invoice for Services,sent,2026-06-22,2026-12-01,2026-07-07T04:57:16.414795,,99558.81,10,9955.88,109514.69,0,109514.69,USD,Thank you for your business!,,2025-11-12T10:21:46.414801,
ff4d2093-0a28-4a1b-bd5e-19466d448307,7179207a-0cc9-48e0-87e1-8cd7d2f9f721,,f34173dc-bb21-4c9b-8b46-1c07867af312,INV-002729,Invoice for Products,draft,2025-11-21,2026-12-19,,,44006.41,8,3520.51,47526.92,0,47526.92,USD,Thank you for your business!,,2026-01-30T14:54:39.414836,
2f283111-8b36-45fd-be13-2bf22c9abc91,7179207a-0cc9-48e0-87e1-8cd7d2f9f721,613a9139-7b30-47f7-9ade-a98895c2df54,,INV-002730,Invoice for Support,paid,2026-02-07,2026-12-17,2026-07-19T05:25:58.414864,2026-05-11T15:58:14.414869,99282.47,15,14892.37,114174.84,114174.84,0,USD,Thank you for your business!,,2026-07-18T23:22:27.414875,
0631aba6-ba5d-4041-a7da-634235054966,7179207a-0cc9-48e0-87e1-8cd7d2f9f721,c512e538-d2cc-4511-8a96-fa6be83d8727,,INV-002731,Invoice for Support,sent,2025-09-11,2026-08-08,2026-04-07T10:19:20.414903,,26074.55,7.5,1955.59,28030.14,0,28030.14,USD,,,2025-11-17T20:32:09.414909,
a15fe851-9423-4b7e-8541-5062b9a54ad9,7179207a-0cc9-48e0-87e1-8cd7d2f9f721,,,INV-002732,Invoice for Services,viewed,2025-12-21,2026-10-20,2026-07-02T17:52:26.414934,,27542.08,7.5,2065.66,29607.74,0,29607.74,USD,Thank you for your business!,ada7d77e-132d-439e-92fb-2bd165379b2f,2025-08-22T08:51:44.414941,
471d7b0d-1dc8-4701-b1eb-d4b428afc148,7179207a-0cc9-48e0-87e1-8cd7d2f9f721,6c39c62d-df6a-4fe7-872d-db22d2a2784e,,INV-002733,Invoice for Support,cancelled,2026-05-31,2026-12-18,2026-03-23T02:40:23.414969,,52634.18,5,2631.71,55265.89,0,55265.89,USD,Thank you for your business!,,2025-08-22T20:36:58.414975,
25dd43b5-ec60-4a5c-b765-d0443bf84905,7179207a-0cc9-48e0-87e1-8cd7d2f9f721,9be56edf-10eb-4acd-8687-c689a8ce278a,107a793e-cc89-4a1b-bd77-4d40acdaeb06,INV-002734,Invoice for Services,sent,2025-08-06,2026-08-10,2026-08-03T05:47:29.415003,,2772.88,5,138.64,2911.52,0,2911.52,USD,,e7e7352b-fe72-4b90-87a9-e45f24c542d8,2025-09-13T20:28:30.415011,
18ec2da4-e97a-4370-a0b1-3ee6ec02ae3c,7179207a-0cc9-48e0-87e1-8cd7d2f9f721,,823bfd80-d6e3-4a5f-9240-dfb3f6f9e6fe,INV-002735,Invoice for Consulting,overdue,2026-02-26,2026-12-01,2026-07-14T21:25:59.415042,,77225.62,10,7722.56,84948.18,0,84948.18,USD,Thank you for your business!,6c0f0068-3db4-4ed1-94c6-f384a2ada05f,2025-09-06T06:07:12.415048,
2479c88f-01c3-43c3-a9bd-07258190984b,7179207a-0cc9-48e0-87e1-8cd7d2f9f721,45c163d2-b09f-4df7-b006-5780e947e962,,INV-002736,Invoice for Support,partial,2026-07-24,2026-09-30,2026-04-20T16:32:47.415076,,13795.77,7.5,1034.68,14830.45,7415.225,7415.225,USD,,,2026-03-16T13:29:53.415083,
3490e6ef-5dcc-4c53-a451-e49416ea55f4,7179207a-0cc9-48e0-87e1-8cd7d2f9f721,,87121801-fb88-4f14-9e84-dc5d50f73d91,INV-002737,Invoice for Products,viewed,2025-10-09,2026-10-30,2026-05-13T04:25:07.415123,,94941.79,7.5,7120.63,102062.42,0,102062.42,USD,Thank you for your business!,,2026-01-14T02:12:09.415129,
a1a20cd3-718e-4dc1-b5ea-e819ba16c15b,7179207a-0cc9-48e0-87e1-8cd7d2f9f721,96075a74-936d-4bc4-bfd4-284bd90a192f,33c0787e-41b6-40ba-9e9e-6ed4da7dd9df,INV-002738,Invoice for Consulting,overdue,2025-08-27,2026-12-22,2026-07-15T05:32:59.415159,,15311.98,10,1531.2,16843.18,0,16843.18,USD,,4c71925d-47b8-4680-aac8-6175573f7514,2025-11-07T07:33:21.415166,
cb257328-e274-4f9c-b9ee-c0f135731603,7179207a-0cc9-48e0-87e1-8cd7d2f9f721,55dc0a18-a17a-439a-9b6f-87ae6a962965,,INV-002739,Invoice for Services,viewed,2026-05-06,2027-01-11,2026-02-14T01:24:20.415194,,44300.93,0,0.0,44300.93,0,44300.93,USD,Thank you for your business!,,2025-09-25T08:58:22.415200,
29240c70-0b69-41eb-8824-ae370980e320,7179207a-0cc9-48e0-87e1-8cd7d2f9f721,f8ad58da-e179-43c2-afe7-e9fdddf5caa2,adf9dc7a-4bad-43bc-9c10-d1e4d67ff394,INV-002740,Invoice for Subscription,draft,2026-02-05,2027-02-01,,,75043.21,8,6003.46,81046.67,0,81046.67,USD,,,2026-01-26T08:45:20.415233,
d3cb3275-f843-477d-aaa4-2d47e42622d0,7179207a-0cc9-48e0-87e1-8cd7d2f9f721,,4cd25afa-3d9e-4b13-804e-f6b33b37221f,INV-002741,Invoice for Subscription,overdue,2025-09-07,2026-09-13,2026-08-03T21:52:03.415263,,88595.71,15,13289.36,101885.07,0,101885.07,USD,,,2026-04-06T15:29:06.415269,
72aaf25f-dfed-470f-b6d6-5bee9c2cb642,7179207a-0cc9-48e0-87e1-8cd7d2f9f721,05672d50-c561-447e-bd14-531691fbb2b9,,INV-002742,Invoice for Support,sent,2025-11-03,2027-02-02,2026-05-16T12:03:02.415296,,38063.91,10,3806.39,41870.3,0,41870.3,USD,,,2026-04-07T22:49:41.415302,
cc0def3c-6dd0-4123-bc71-f7b5199a0295,7179207a-0cc9-48e0-87e1-8cd7d2f9f721,,db4a033b-5bb9-4eef-8f69-5440055971b9,INV-002743,Invoice for Consulting,overdue,2025-12-12,2026-11-26,2026-03-01T20:36:00.415327,,29181.36,8,2334.51,31515.87,0,31515.87,USD,,,2026-02-14T23:22:35.415333,
ffa92864-6b89-435a-99cb-a4978b600d66,7179207a-0cc9-48e0-87e1-8cd7d2f9f721,0c6214f5-445e-4793-a83f-a4617ef2eb26,,INV-002744,Invoice for Consulting,sent,2025-09-09,2026-12-19,2026-04-05T07:23:01.415360,,52606.82,15,7891.02,60497.84,0,60497.84,USD,Thank you for your business!,26b3706a-e920-48c5-9aea-01cebf1f4f80,2026-06-13T22:01:20.415368,
c38613d9-5658-4c36-805f-d18cdbf6f4e0,7179207a-0cc9-48e0-87e1-8cd7d2f9f721,,ec7ab146-e354-4aa1-8886-6a55c1083ea5,INV-002745,Invoice for Products,draft,2026-02-22,2026-11-08,,,61668.07,20,12333.61,74001.68,0,74001.68,USD,,89fb927c-0b70-42c8-b8d4-6dbafe200b25,2025-11-23T02:24:36.415403,
4d0c81f0-494a-4c6e-9faa-59ffcade358a,7179207a-0cc9-48e0-87e1-8cd7d2f9f721,c954f5ca-6dd2-494c-8029-103ad0fb3aa8,,INV-002746,Invoice for Support,sent,2025-12-12,2026-12-28,2026-05-23T02:06:08.415430,,97695.36,5,4884.77,102580.13,0,102580.13,USD,,,2026-06-12T07:36:09.415436,
50ab0f8d-e380-4313-b4f6-f5e64c7cf51a,7179207a-0cc9-48e0-87e1-8cd7d2f9f721,9476f0ac-a671-4dd6-8205-bedb0748c8ea,e91b6751-9667-432d-98b7-859e149d72ff,INV-002747,Invoice for Products,sent,2026-02-10,2026-10-25,2026-08-01T04:18:57.415463,,43844.56,8,3507.56,47352.12,0,47352.12,USD,,129af07a-f2ec-47d7-a968-66757c05057c,2026-06-05T17:35:07.415470,
a635647e-bb91-4f66-84a9-9048dc8f54cc,7179207a-0cc9-48e0-87e1-8cd7d2f9f721,acdafec4-d3fb-4fbe-855d-3c3e3482a54f,,INV-002748,Invoice for Products,paid,2025-12-21,2026-10-30,2026-04-09T00:14:15.415496,2026-06-29T18:39:58.415502,17551.73,15,2632.76,20184.49,20184.49,0,USD,Thank you for your business!,,2025-12-22T07:51:38.415508,
4b64ecf0-fc27-4280-9b2b-fdd423f9ca68,7179207a-0cc9-48e0-87e1-8cd7d2f9f721,acec36ec-d432-465b-96ef-472888887df2,,INV-002749,Invoice for Subscription,draft,2026-02-26,2026-11-28,,,70498.26,20,14099.65,84597.91,0,84597.91,USD,,ee046887-5e9e-448b-b751-4e16c927742a,2025-10-13T00:56:46.415536,
f8bb7092-7459-4598-8126-f46858ed50c1,7179207a-0cc9-48e0-87e1-8cd7d2f9f721,,,INV-002750,Invoice for Products,overdue,2025-09-10,2026-12-05,2026-02-07T08:13:47.415565,,11201.53,7.5,840.11,12041.64,0,12041.64,USD,,,2026-06-06T06:21:08.415571,
273351e7-936c-4d66-b3fe-e1fcf428bbc1,7179207a-0cc9-48e0-87e1-8cd7d2f9f721,174f2216-fc12-4886-8fac-732c9e60258b,,INV-002751,Invoice for Consulting,partial,2025-11-20,2026-11-13,2026-07-06T10:08:21.415597,,5808.46,20,1161.69,6970.15,3485.075,3485.075,USD,,d8f93ed6-a481-4fc7-8823-4fa85f08b18a,2025-09-01T21:07:33.415605,
67b2d284-f9ff-484c-8d91-7c6bcd6c02c2,7179207a-0cc9-48e0-87e1-8cd7d2f9f721,87e00355-b0ff-4ddb-bb1f-c7a7b515a1d4,b3bcf1e5-aafc-4af0-be6b-c8faa8815587,INV-002752,Invoice for Services,overdue,2026-01-01,2026-09-02,2026-02-12T19:21:01.415634,,3913.49,7.5,293.51,4207.0,0,4207.0,USD,Thank you for your business!,,2026-07-28T21:46:38.415640,
c9f353ae-b840-4343-8750-e61e25d8a4c2,7179207a-0cc9-48e0-87e1-8cd7d2f9f721,86490e8e-2f30-4b81-b52e-3b5569183769,,INV-002753,Invoice for Support,cancelled,2025-10-22,2026-08-11,2026-05-24T19:30:18.415666,,18258.76,10,1825.88,20084.64,0,20084.64,USD,Thank you for your business!,,2025-10-09T18:13:41.415672,
516bbb4d-776a-42d9-ba91-7aaa8bca6e44,7179207a-0cc9-48e0-87e1-8cd7d2f9f721,acb07032-a40d-4d4f-aeb8-e6a5bfd7ed70,01e5021f-340e-4103-8226-c1ffcf1b02e4,INV-002754,Invoice for Services,paid,2025-08-23,2027-02-05,2026-07-04T18:41:01.415699,2026-05-02T11:59:50.415704,51387.24,15,7708.09,59095.33,59095.33,0,USD,,,2026-05-02T13:35:00.415714,
94f68367-9bf2-42f8-986c-99434c5dec26,7179207a-0cc9-48e0-87e1-8cd7d2f9f721,0dac60ea-16e3-4313-9f85-fccac735e1e4,dbcd7de0-ed40-49ef-b80c-07b4444fd325,INV-002755,Invoice for Services,overdue,2025-08-09,2026-11-05,2026-06-15T22:40:56.415741,,23555.01,7.5,1766.63,25321.64,0,25321.64,USD,,06b9fea2-a51a-4a25-8f94-bcd748c0329d,2025-12-17T13:20:28.415748,
2f23fdca-d7c9-4560-a63b-009a74741a3e,7179207a-0cc9-48e0-87e1-8cd7d2f9f721,625cafec-abe9-4008-acfd-34fc230a78da,,INV-002756,Invoice for Support,viewed,2026-04-17,2026-11-04,2026-06-01T17:13:39.415806,,21132.94,0,0.0,21132.94,0,21132.94,USD,Thank you for your business!,,2026-03-07T08:27:50.415812,
55138517-3b96-4952-8c80-ee5cd957ff19,7179207a-0cc9-48e0-87e1-8cd7d2f9f721,,,INV-002757,Invoice for Consulting,viewed,2026-05-29,2027-01-25,2026-07-21T16:58:22.415842,,25175.59,0,0.0,25175.59,0,25175.59,USD,,,2026-07-17T11:53:34.415848,
89c44dd8-3309-4315-b189-3646dca95f21,7179207a-0cc9-48e0-87e1-8cd7d2f9f721,bd06c890-cbe4-4206-bd78-cde45e9d1f6d,,INV-002758,Invoice for Support,cancelled,2025-12-26,2027-01-31,2026-05-15T09:47:56.415874,,78226.99,20,15645.4,93872.39,0,93872.39,USD,Thank you for your business!,656a89a8-a069-484a-816b-fd08ff71d114,2025-09-30T13:42:22.415881,
a96e2aee-1e12-4374-983c-25616236a61d,7179207a-0cc9-48e0-87e1-8cd7d2f9f721,05c97206-720d-457c-a9f6-d430af504094,8567e926-6a58-4388-a3fd-e08767acc311,INV-002759,Invoice for Products,overdue,2026-01-05,2026-12-19,2026-02-25T14:25:16.415908,,63714.71,10,6371.47,70086.18,0,70086.18,USD,Thank you for your business!,,2026-06-27T19:17:55.415915,
100a301c-2f51-4776-9584-25d0358146ea,7179207a-0cc9-48e0-87e1-8cd7d2f9f721,56f88d62-c3b4-4eb2-baa4-849316a2c4d3,3e500625-0f87-4de0-88cf-ba4984e6be1f,INV-002760,Invoice for Support,paid,2026-07-21,2026-12-06,2026-06-14T00:21:37.415942,2026-05-28T17:23:32.415947,18652.71,0,0.0,18652.71,18652.71,0,USD,,14f3674a-4e01-4566-8073-fbfbc8381ead,2025-08-18T10:08:56.415954,
25a2902e-6785-4563-889a-cb843c1fa9f4,7179207a-0cc9-48e0-87e1-8cd7d2f9f721,e449778b-538c-4f2c-870a-71c82292b90f,,INV-002761,Invoice for Services,cancelled,2026-07-01,2027-01-24,2026-07-09T02:45:44.415984,,80201.7,0,0.0,80201.7,0,80201.7,USD,,,2025-10-23T23:44:53.415990,
93b3b01b-f892-4d77-bba6-39aaf6bda26f,7179207a-0cc9-48e0-87e1-8cd7d2f9f721,,,INV-002762,Invoice for Services,overdue,2025-10-16,2027-01-11,2026-03-14T05:20:42.416015,,42807.69,20,8561.54,51369.23,0,51369.23,USD,,4ee50a11-f175-4b2a-bb42-490ee6b0ac46,2025-08-23T08:58:10.416022,
cc9eb89e-7aae-4ce8-8776-552c17f775e5,7179207a-0cc9-48e0-87e1-8cd7d2f9f721,45c163d2-b09f-4df7-b006-5780e947e962,,INV-002763,Invoice for Subscription,cancelled,2026-03-08,2026-08-15,2026-07-13T04:00:09.416047,,84901.28,20,16980.26,101881.54,0,101881.54,USD,,,2025-08-20T07:50:06.416053,
91c6971d-c374-444d-9731-23a63f241cda,7179207a-0cc9-48e0-87e1-8cd7d2f9f721,,24779288-0088-4ba7-802b-a3a66173212a,INV-002764,Invoice for Consulting,overdue,2025-08-29,2027-01-19,2026-04-13T02:18:47.416083,,75283.27,7.5,5646.25,80929.52,0,80929.52,USD,,,2025-11-13T12:22:02.416089,
9951e6aa-84b5-4f27-89a6-6181256608ac,7179207a-0cc9-48e0-87e1-8cd7d2f9f721,dbcb8998-2a17-4745-8e3b-ed4975dfc7d4,,INV-002765,Invoice for Subscription,sent,2026-01-10,2026-09-17,2026-03-26T05:33:56.416120,,36307.54,8,2904.6,39212.14,0,39212.14,USD,,,2025-09-06T03:45:29.416127,
748a73b0-3731-4f5e-bba2-350dae9dc823,7179207a-0cc9-48e0-87e1-8cd7d2f9f721,aefd3f12-b7eb-4d90-a40f-ff5234d8115a,,INV-002766,Invoice for Services,overdue,2025-12-11,2026-11-23,2026-03-16T03:40:34.416157,,9119.6,10,911.96,10031.56,0,10031.56,USD,Thank you for your business!,,2026-01-18T18:09:29.416163,
b2736f2b-063a-4f9d-a1f8-9066d87d5e1e,7179207a-0cc9-48e0-87e1-8cd7d2f9f721,a2b079cb-d145-41cd-847b-fdbdcf34ec06,,INV-002767,Invoice for Consulting,cancelled,2026-06-10,2026-10-06,2026-07-22T14:56:41.416190,,71421.87,7.5,5356.64,76778.51,0,76778.51,USD,,,2025-08-19T08:45:13.416196,
118e6a53-3358-4eda-9b10-f05ff4423895,7179207a-0cc9-48e0-87e1-8cd7d2f9f721,,,INV-002768,Invoice for Support,paid,2026-03-27,2026-12-17,2026-04-09T19:23:24.416221,2026-05-11T11:14:58.416226,12614.15,0,0.0,12614.15,12614.15,0,USD,Thank you for your business!,08cc1233-df72-4de8-ad8f-12a9adc57fd5,2025-10-23T19:49:19.416233,
5496b3be-750f-4258-9459-5427e8c114c1,7179207a-0cc9-48e0-87e1-8cd7d2f9f721,,b384b495-7534-4a5c-bc88-f3db351e6764,INV-002769,Invoice for Subscription,draft,2026-06-17,2027-01-17,,,92337.79,10,9233.78,101571.57,0,101571.57,USD,,,2026-06-27T23:48:11.416260,
a2613ab3-9c3e-4cf9-965a-7ab5d4f193b2,7179207a-0cc9-48e0-87e1-8cd7d2f9f721,180a7d62-7115-4277-a4ad-230031e6bf67,de2b29b6-971f-47fc-8ce7-cf18f0f5ffb9,INV-002770,Invoice for Services,draft,2026-02-02,2026-09-28,,,15215.02,0,0.0,15215.02,0,15215.02,USD,,d6a83a0e-d70b-4f48-ba5e-0b100b05894a,2026-02-24T12:18:59.416288,
85c97950-57fe-4c7e-8583-b83bc6e3106e,7179207a-0cc9-48e0-87e1-8cd7d2f9f721,,ab4cd954-0726-4d7a-8ef2-efbb531a1ce2,INV-002771,Invoice for Products,partial,2026-03-07,2026-08-07,2026-07-26T19:36:43.416319,,28110.23,0,0.0,28110.23,14055.115,14055.115,USD,Thank you for your business!,,2025-09-20T19:40:08.416328,
e5fb3ced-2fde-4bf3-b640-4235e9fda501,7179207a-0cc9-48e0-87e1-8cd7d2f9f721,,,INV-002772,Invoice for Support,draft,2025-09-01,2026-10-26,,,32343.85,10,3234.39,35578.24,0,35578.24,USD,,,2025-08-31T08:35:36.416355,
49621f8a-87c9-4dbd-aefc-655f517bca28,7179207a-0cc9-48e0-87e1-8cd7d2f9f721,,,INV-002773,Invoice for Services,draft,2026-04-03,2026-08-07,,,36333.25,20,7266.65,43599.9,0,43599.9,USD,,,2025-11-21T01:56:30.416385,
530db1cd-6ad2-44ed-b39f-0cc6576d9a1d,7179207a-0cc9-48e0-87e1-8cd7d2f9f721,aad775fb-732a-4488-985e-9e375c4e3f63,ec7ab146-e354-4aa1-8886-6a55c1083ea5,INV-002774,Invoice for Consulting,overdue,2026-04-23,2026-11-15,2026-05-25T13:16:35.416411,,20700.66,15,3105.1,23805.76,0,23805.76,USD,Thank you for your business!,981a1ff6-cd3d-41dc-ae75-9954d45824c7,2026-04-11T06:26:42.416418,
41f942f5-307c-4435-9e17-685806581d01,7179207a-0cc9-48e0-87e1-8cd7d2f9f721,,,INV-002775,Invoice for Services,viewed,2025-12-18,2026-11-28,2026-05-20T13:00:57.416443,,69574.87,5,3478.74,73053.61,0,73053.61,USD,Thank you for your business!,,2026-05-19T08:13:49.416449,
885edafd-4701-4a6a-8459-832d79370048,7179207a-0cc9-48e0-87e1-8cd7d2f9f721,,,INV-002776,Invoice for Services,draft,2026-06-14,2027-01-29,,,62941.87,5,3147.09,66088.96,0,66088.96,USD,,,2026-02-11T05:53:38.416479,
975ed98a-af49-4a53-933a-e8068885fa09,7179207a-0cc9-48e0-87e1-8cd7d2f9f721,80cca806-3592-459b-86e3-6e5c5788b703,,INV-002777,Invoice for Products,overdue,2026-06-18,2026-09-24,2026-02-07T12:38:04.416505,,23245.55,10,2324.55,25570.1,0,25570.1,USD,Thank you for your business!,,2026-07-29T15:35:16.416512,
1dae5b87-c84e-4c7e-9671-63eee6caa786,7179207a-0cc9-48e0-87e1-8cd7d2f9f721,80d63b95-4003-4b22-b940-e7fc8d3a77c8,216c5cf1-08e2-4e62-aa27-38880a976196,INV-002778,Invoice for Products,draft,2026-05-02,2026-11-29,,,57091.83,10,5709.18,62801.01,0,62801.01,USD,Thank you for your business!,,2026-02-15T20:27:50.416540,
cf806107-3487-46b1-8261-e771a95399bd,7179207a-0cc9-48e0-87e1-8cd7d2f9f721,,1ad7e0d8-5b54-4810-9e9f-95c627b9a1ad,INV-002779,Invoice for Consulting,overdue,2026-05-06,2026-08-28,2026-07-11T14:24:17.416570,,18999.63,20,3799.93,22799.56,0,22799.56,USD,,,2025-10-31T09:42:03.416576,
dcdeebaa-6988-4af3-97fb-b7e99c4b9ddf,7179207a-0cc9-48e0-87e1-8cd7d2f9f721,54feec54-3130-4afe-8182-e45a4a1c600c,,INV-002780,Invoice for Services,paid,2026-03-01,2026-11-19,2026-04-15T07:56:39.416603,2026-05-25T10:07:14.416612,91902.04,7.5,6892.65,98794.69,98794.69,0,USD,,,2026-05-16T04:24:02.416620,
bf932206-9998-4d32-a459-0685a1067f57,7179207a-0cc9-48e0-87e1-8cd7d2f9f721,,,INV-002781,Invoice for Support,sent,2025-11-18,2026-09-12,2026-04-12T11:22:53.416647,,62210.03,7.5,4665.75,66875.78,0,66875.78,USD,Thank you for your business!,,2026-01-25T05:58:31.416652,
af2f9595-ffd0-440d-8e08-c202c9805087,7179207a-0cc9-48e0-87e1-8cd7d2f9f721,,,INV-002782,Invoice for Consulting,viewed,2025-09-19,2027-01-15,2026-04-18T16:38:34.416682,,30583.62,20,6116.72,36700.34,0,36700.34,USD,,6f660be6-0b38-4b70-bb27-a51674d02c8a,2026-02-02T11:32:44.416689,
7a2664e7-aed5-4f43-81d3-0208ec2f817b,7179207a-0cc9-48e0-87e1-8cd7d2f9f721,,,INV-002783,Invoice for Services,viewed,2026-04-02,2026-11-07,2026-04-10T14:38:47.416715,,84915.27,8,6793.22,91708.49,0,91708.49,USD,Thank you for your business!,,2026-03-25T09:05:14.416720,
c90458e2-3cda-40f3-b5f3-2907fd90b08a,7179207a-0cc9-48e0-87e1-8cd7d2f9f721,512af424-2967-4c08-8525-da3d62bbd349,,INV-002784,Invoice for Products,draft,2025-10-20,2026-09-04,,,82210.0,20,16442.0,98652.0,0,98652.0,USD,,,2026-07-06T01:07:57.416748,
8f93c816-e6ae-4b73-b698-ee835993f168,7179207a-0cc9-48e0-87e1-8cd7d2f9f721,e162a26a-540b-40c9-9ae7-dd415b50cc7e,,INV-002785,Invoice for Subscription,viewed,2025-10-25,2026-10-09,2026-05-05T21:34:24.416774,,55377.21,7.5,4153.29,59530.5,0,59530.5,USD,,,2026-08-03T19:07:55.416780,
d5a6c223-8cad-4559-9137-21d7624ed223,7179207a-0cc9-48e0-87e1-8cd7d2f9f721,,01e5021f-340e-4103-8226-c1ffcf1b02e4,INV-002786,Invoice for Support,paid,2025-12-30,2026-10-07,2026-05-08T02:58:46.416806,2026-04-29T02:01:14.416812,60519.63,5,3025.98,63545.61,63545.61,0,USD,Thank you for your business!,16fd49ca-4942-4e1b-a796-864eec9ecd41,2025-11-25T18:25:44.416818,
92677bdc-ae01-4c3d-806d-48615f07870b,7179207a-0cc9-48e0-87e1-8cd7d2f9f721,43137621-2ff0-452a-a597-8c2541fffd18,,INV-002787,Invoice for Support,paid,2026-01-27,2026-10-22,2026-07-31T23:35:00.417044,2026-08-03T12:31:27.417051,10609.5,10,1060.95,11670.45,11670.45,0,USD,Thank you for your business!,,2025-11-28T20:06:57.417058,
c7626912-c5b1-4144-95cb-2e7d00ea68a9,7179207a-0cc9-48e0-87e1-8cd7d2f9f721,f592f0ec-a86a-484c-a106-170c463d8cf9,57fb56e7-45a9-449f-bbf6-1d4e184fa71f,INV-002788,Invoice for Subscription,partial,2025-10-02,2026-12-26,2026-07-30T09:19:04.417097,,62867.91,8,5029.43,67897.34,33948.67,33948.67,USD,Thank you for your business!,eab56520-ebfc-4478-b635-86377cdd6a6b,2026-07-23T01:24:03.417105,
c07d0fa2-0b6b-4c0f-ab37-a26d639c6e83,7179207a-0cc9-48e0-87e1-8cd7d2f9f721,,,INV-002789,Invoice for Support,draft,2025-08-12,2026-12-31,,,97864.25,8,7829.14,105693.39,0,105693.39,USD,,,2026-07-04T08:21:12.417147,
6dd3a5af-6816-4ccd-94d2-f6cd68414860,7179207a-0cc9-48e0-87e1-8cd7d2f9f721,241d9413-099b-403e-9ad2-fbfb8d6bedd3,9e7c7437-7914-4c88-b32d-726169f830d9,INV-002790,Invoice for Services,draft,2026-04-25,2027-01-02,,,58066.53,0,0.0,58066.53,0,58066.53,USD,Thank you for your business!,,2026-01-10T08:05:34.417189,
7a9386fc-0cb7-46ab-9b40-2b7eb4fc4850,7179207a-0cc9-48e0-87e1-8cd7d2f9f721,,1a09eac6-5a0c-4256-86ce-682f9d4c61b3,INV-002791,Invoice for Products,paid,2026-05-30,2026-10-11,2026-05-29T10:20:53.417219,2026-07-02T07:23:00.417224,92841.03,15,13926.15,106767.18,106767.18,0,USD,,,2025-11-11T15:07:01.417230,
717e842d-8f31-4889-b398-c9cc00d3ca2c,7179207a-0cc9-48e0-87e1-8cd7d2f9f721,0edc889a-edff-4501-a782-a3fac1a9282b,dce7834e-01dc-449f-9db6-1392e74c1746,INV-002792,Invoice for Subscription,viewed,2025-09-17,2026-11-12,2026-07-28T08:37:50.417273,,24233.79,5,1211.69,25445.48,0,25445.48,USD,Thank you for your business!,4b4a4d5b-c2a2-4290-9cf5-241676a2a36f,2026-02-25T13:42:47.417285,
15cced46-b1dd-4b2c-bb63-d01ff223e24d,7179207a-0cc9-48e0-87e1-8cd7d2f9f721,7400d216-8a35-4355-b783-62952040b433,,INV-002793,Invoice for Support,cancelled,2026-06-08,2026-12-30,2026-03-10T04:50:29.417315,,5147.12,5,257.36,5404.48,0,5404.48,USD,,6bc9e54c-de8c-4210-a226-de3d3d600a94,2025-08-17T15:41:39.417322,
558c7939-346f-453f-95d7-cb66e754ac3d,7179207a-0cc9-48e0-87e1-8cd7d2f9f721,,,INV-002794,Invoice for Consulting,viewed,2025-11-18,2027-01-24,2026-05-02T14:28:03.417350,,49491.98,5,2474.6,51966.58,0,51966.58,USD,Thank you for your business!,,2026-02-25T13:36:16.417356,
cfdaedb8-9557-44db-ac2d-8b8afc6ba855,7179207a-0cc9-48e0-87e1-8cd7d2f9f721,42891dce-145d-4f32-ae9e-e8e2367fb39d,,INV-002795,Invoice for Subscription,sent,2026-07-30,2026-11-29,2026-07-18T05:15:17.417384,,82618.88,15,12392.83,95011.71,0,95011.71,USD,Thank you for your business!,,2026-04-11T02:25:12.417390,
596c02c9-9f30-473b-8f1b-3fc184fc7d35,7179207a-0cc9-48e0-87e1-8cd7d2f9f721,,,INV-002796,Invoice for Consulting,overdue,2026-03-14,2026-10-14,2026-03-23T07:31:38.417423,,84819.36,0,0.0,84819.36,0,84819.36,USD,Thank you for your business!,,2026-05-27T02:06:39.417429,
de933745-1e92-4501-a63d-1e0757b35e51,7179207a-0cc9-48e0-87e1-8cd7d2f9f721,,,INV-002797,Invoice for Subscription,sent,2026-04-03,2027-01-22,2026-06-29T05:24:50.417462,,79835.32,8,6386.83,86222.15,0,86222.15,USD,Thank you for your business!,,2026-01-30T00:59:40.417468,
8eb49619-7eef-4709-a1be-26db03968a3f,7179207a-0cc9-48e0-87e1-8cd7d2f9f721,54feec54-3130-4afe-8182-e45a4a1c600c,63147dc7-26c7-4f6c-aada-b1469c1b0170,INV-002798,Invoice for Services,overdue,2026-05-22,2026-11-23,2026-07-24T16:20:38.417498,,20111.86,15,3016.78,23128.64,0,23128.64,USD,,,2026-05-12T07:32:16.417504,
622042fa-e0d9-4fb8-83ac-f3180b260378,7179207a-0cc9-48e0-87e1-8cd7d2f9f721,5bed1efb-5f5e-4c98-a105-afd72c812b45,,INV-002799,Invoice for Services,viewed,2025-11-25,2026-08-26,2026-06-17T12:50:12.417532,,71320.25,8,5705.62,77025.87,0,77025.87,USD,,fbb79c75-2c86-4524-bce3-ff85c27bb181,2026-01-30T20:25:56.417539,
e35c503f-e32c-4a53-b595-567d02254f12,7179207a-0cc9-48e0-87e1-8cd7d2f9f721,,ab059735-3511-4fe6-a296-edc0c031c477,INV-002800,Invoice for Consulting,viewed,2026-04-09,2026-08-09,2026-05-29T12:16:48.417568,,23897.79,0,0.0,23897.79,0,23897.79,USD,Thank you for your business!,,2026-07-29T08:56:39.417574,
0d665b33-63a7-468e-9a43-e1497a9458a2,7179207a-0cc9-48e0-87e1-8cd7d2f9f721,,a5b05529-8806-4f1f-83b0-288a90ffe834,INV-002801,Invoice for Support,cancelled,2025-12-04,2026-11-29,2026-05-25T00:36:55.417604,,97428.67,8,7794.29,105222.96,0,105222.96,USD,,,2026-02-12T00:38:52.417610,
c8c774f1-840a-4446-8f77-053ccaa4eb34,7179207a-0cc9-48e0-87e1-8cd7d2f9f721,,,INV-002802,Invoice for Support,overdue,2025-11-24,2026-10-31,2026-05-07T13:30:08.417639,,99229.05,10,9922.91,109151.96,0,109151.96,USD,Thank you for your business!,f043c41b-8abb-413d-90a9-55379b2707a8,2026-06-15T09:40:53.417654,
462458f8-f4f6-43c8-bec8-b69a92f71688,7179207a-0cc9-48e0-87e1-8cd7d2f9f721,d3e0de41-c1ae-4c07-91c0-fe1dd618bbc2,206fc912-d36a-4e9c-9db6-a9ccc220bce5,INV-002803,Invoice for Support,paid,2026-04-06,2026-11-12,2026-06-08T23:43:45.417689,2026-06-28T04:16:51.417694,92682.07,5,4634.1,97316.17,97316.17,0,USD,Thank you for your business!,,2026-01-26T10:16:40.417700,
78c8111d-3154-4c11-a69e-38c706a843c8,7179207a-0cc9-48e0-87e1-8cd7d2f9f721,3cbe6381-32b5-4a04-9100-397d3000dc37,,INV-002804,Invoice for Products,sent,2026-01-21,2026-12-08,2026-07-09T01:25:04.417729,,75226.22,0,0.0,75226.22,0,75226.22,USD,,,2026-05-17T04:58:53.417736,
f1a5c732-e725-4485-bcfa-c0346b25d475,7179207a-0cc9-48e0-87e1-8cd7d2f9f721,,8053dbd2-d8d5-489c-b81f-8b5dcd0b03a8,INV-002805,Invoice for Support,sent,2026-07-05,2026-09-27,2026-04-27T07:27:15.417783,,87841.26,7.5,6588.09,94429.35,0,94429.35,USD,Thank you for your business!,808f57c5-a989-45db-90d9-03b2163c6197,2025-10-23T23:28:40.417791,
0107d16b-1f60-44a0-91b3-b79530c3df91,7179207a-0cc9-48e0-87e1-8cd7d2f9f721,c357fbaf-8027-4d2e-8395-9f6d187afc3d,,INV-002806,Invoice for Products,viewed,2026-07-15,2027-01-25,2026-08-06T09:43:34.417834,,27835.03,7.5,2087.63,29922.66,0,29922.66,USD,,,2026-05-18T03:24:22.417841,
a7b3e286-fe4d-4098-b76c-30e03cd0cb7f,7179207a-0cc9-48e0-87e1-8cd7d2f9f721,,,INV-002807,Invoice for Support,sent,2025-10-22,2026-09-20,2026-03-31T03:19:52.417870,,92876.91,20,18575.38,111452.29,0,111452.29,USD,,70ad8447-93f9-41df-a427-911aecbc7291,2026-07-04T14:22:06.417877,
fce4d587-d7e8-4315-b23b-1e62c5a8dff4,7179207a-0cc9-48e0-87e1-8cd7d2f9f721,,0c2f4731-4fb4-4a0a-a35e-a02facd7c85c,INV-002808,Invoice for Services,overdue,2025-11-14,2026-12-26,2026-05-08T16:10:25.417910,,3857.62,8,308.61,4166.23,0,4166.23,USD,Thank you for your business!,,2025-08-22T12:55:36.417916,
0cc28139-0c7e-45d0-9cca-ae865c3028aa,7179207a-0cc9-48e0-87e1-8cd7d2f9f721,b28fef03-42cb-4dc4-88df-b40b51a83057,83e65d26-3a07-4e79-96b8-0646f171b5d6,INV-002809,Invoice for Support,draft,2026-06-17,2026-08-13,,,80989.54,20,16197.91,97187.45,0,97187.45,USD,Thank you for your business!,,2025-12-16T07:25:19.417946,
78e8eb41-ab9d-47ee-9b53-f966c622ac45,7179207a-0cc9-48e0-87e1-8cd7d2f9f721,ac357b67-5854-40fa-b2e0-f4d5b1196885,,INV-002810,Invoice for Products,overdue,2025-09-02,2026-08-31,2026-07-30T12:55:36.417977,,19383.13,8,1550.65,20933.78,0,20933.78,USD,,fe44d66a-3886-4820-b265-b2a5a09bf23c,2026-04-13T06:41:38.417990,
5434c80b-da89-41ea-a905-3818fe9090da,7179207a-0cc9-48e0-87e1-8cd7d2f9f721,,,INV-002811,Invoice for Products,cancelled,2026-07-26,2026-09-25,2026-02-25T00:26:20.418022,,89834.66,8,7186.77,97021.43,0,97021.43,USD,,,2026-07-02T05:52:20.418029,
836d9e8c-a1eb-4547-9361-d22ec2da15ae,7179207a-0cc9-48e0-87e1-8cd7d2f9f721,,39717135-6a34-4d93-9dcc-ce70faac2925,INV-002812,Invoice for Products,overdue,2026-01-19,2027-01-27,2026-06-16T20:59:43.418059,,96780.27,5,4839.01,101619.28,0,101619.28,USD,,d45799ab-ebb7-439c-bc1b-03d4ab7ba02d,2026-05-30T21:58:04.418066,
8b28244c-ab38-4df2-9207-2868048ad3b8,7179207a-0cc9-48e0-87e1-8cd7d2f9f721,,,INV-002813,Invoice for Consulting,viewed,2026-07-11,2026-12-13,2026-03-30T10:55:13.418099,,59536.67,10,5953.67,65490.34,0,65490.34,USD,Thank you for your business!,,2025-10-05T14:05:14.418105,
273fc1b1-4d84-48b5-834a-c842b38bab2e,7179207a-0cc9-48e0-87e1-8cd7d2f9f721,90fb59b5-9398-429a-8a9b-47add2b6fe06,23bc7169-1ce6-44ac-a6c2-3d2ece8bb956,INV-002814,Invoice for Products,cancelled,2026-04-07,2026-08-16,2026-04-01T12:51:53.418134,,17199.1,20,3439.82,20638.92,0,20638.92,USD,Thank you for your business!,,2026-01-27T20:02:07.418140,
3bf03e56-9d7d-4dae-826e-f407a9f042dd,7179207a-0cc9-48e0-87e1-8cd7d2f9f721,,,INV-002815,Invoice for Consulting,cancelled,2026-07-09,2026-11-30,2026-05-07T06:03:09.418176,,17610.43,15,2641.56,20251.99,0,20251.99,USD,Thank you for your business!,,2026-07-31T08:27:11.418182,
3d0d7684-1617-4b21-8d3f-27e15d44a5ed,7179207a-0cc9-48e0-87e1-8cd7d2f9f721,b12f690f-c26d-42bb-abf8-52f51b0c70cc,,INV-002816,Invoice for Support,paid,2026-08-07,2026-09-19,2026-05-25T00:31:42.418210,2026-06-19T15:38:35.418215,80142.85,8,6411.43,86554.28,86554.28,0,USD,,c0a20f29-9313-48bc-902a-0d410bde58a7,2026-07-14T14:54:05.418222,
16cbe303-d1b2-408e-bb88-35251e40f340,7179207a-0cc9-48e0-87e1-8cd7d2f9f721,9f0c6d33-d88b-4b35-9a3d-58a042b679c3,823bfd80-d6e3-4a5f-9240-dfb3f6f9e6fe,INV-002817,Invoice for Products,draft,2026-05-15,2026-10-07,,,72587.8,20,14517.56,87105.36,0,87105.36,USD,,313436d5-1805-4a62-b594-692b55daca2e,2026-01-06T02:10:47.418253,
9b3fdadf-45a7-4f66-a84d-2ddf446af4f9,7179207a-0cc9-48e0-87e1-8cd7d2f9f721,b12f690f-c26d-42bb-abf8-52f51b0c70cc,7161b424-97d7-4ac7-8bda-3664ec91a763,INV-002818,Invoice for Support,paid,2026-06-14,2026-09-21,2026-04-30T11:10:07.418286,2026-08-02T12:26:17.418291,70833.22,20,14166.64,84999.86,84999.86,0,USD,Thank you for your business!,68efd91d-418d-4ae4-8260-24dba488818a,2026-04-29T23:51:36.418299,
26bfe9c0-c66d-468a-b5bc-78f228d1fc59,7179207a-0cc9-48e0-87e1-8cd7d2f9f721,1f6f2f95-cf57-4eda-ab4b-217843b27b34,,INV-002819,Invoice for Products,cancelled,2025-10-12,2026-11-06,2026-05-30T01:57:20.418326,,35661.56,8,2852.92,38514.48,0,38514.48,USD,Thank you for your business!,c89efc7c-9599-477a-854d-2bd8debdb53f,2026-01-26T12:56:18.418334,
90e532d0-63e6-4633-852f-ad9b41dfc4ea,7179207a-0cc9-48e0-87e1-8cd7d2f9f721,0638aecd-f845-4ed8-ae96-adb354493849,,INV-002820,Invoice for Support,draft,2026-01-23,2026-09-20,,,34375.78,8,2750.06,37125.84,0,37125.84,USD,,,2026-06-04T04:14:40.418362,
52017285-0826-4a75-a2e4-0a3612f6f650,7179207a-0cc9-48e0-87e1-8cd7d2f9f721,aefdd645-ef38-4d58-b1c7-bf4eb9993267,,INV-002821,Invoice for Support,cancelled,2025-09-18,2027-01-17,2026-07-24T03:10:46.418405,,5116.65,20,1023.33,6139.98,0,6139.98,USD,Thank you for your business!,,2026-06-30T00:40:30.418412,
0c9112db-ad69-44a5-b616-99f55ab0ccf9,7179207a-0cc9-48e0-87e1-8cd7d2f9f721,180a7d62-7115-4277-a4ad-230031e6bf67,08840ada-dc5d-4fda-8c80-ed37535503e4,INV-002822,Invoice for Products,overdue,2025-12-29,2026-08-24,2026-07-22T19:08:40.418441,,36082.47,5,1804.12,37886.59,0,37886.59,USD,,93711442-625a-4f20-91cf-846db6da4d21,2026-07-19T18:06:36.418448,
392823c0-5836-4756-bbdd-d42da74c1933,7179207a-0cc9-48e0-87e1-8cd7d2f9f721,,b7e65f1f-9065-4ca9-be4c-e75afb6f606a,INV-002823,Invoice for Services,cancelled,2025-11-21,2026-11-18,2026-02-12T08:50:37.418496,,7048.32,8,563.87,7612.19,0,7612.19,USD,,,2025-12-08T05:45:14.418506,
a9dd9870-25e0-49b6-8671-29515ee01e86,7179207a-0cc9-48e0-87e1-8cd7d2f9f721,,,INV-002824,Invoice for Consulting,overdue,2026-01-03,2026-11-20,2026-06-20T04:17:48.418533,,24788.65,8,1983.09,26771.74,0,26771.74,USD,Thank you for your business!,,2025-09-07T14:09:30.418539,
9f6f6352-f935-4720-bfef-064e2c511d22,7179207a-0cc9-48e0-87e1-8cd7d2f9f721,feb115c5-fe3d-490f-aa7b-fa4e676a6a97,,INV-002825,Invoice for Support,sent,2025-11-12,2026-11-14,2026-03-27T15:51:32.418567,,98397.24,15,14759.59,113156.83,0,113156.83,USD,,,2025-11-10T22:04:49.418573,
d8a14d4e-d4c2-42a8-818a-d37b2a0a90c9,7179207a-0cc9-48e0-87e1-8cd7d2f9f721,40db1e28-8961-4c99-9a9d-7da17d4d78ad,,INV-002826,Invoice for Consulting,partial,2026-07-23,2026-11-03,2026-06-29T07:36:35.418601,,47632.89,7.5,3572.47,51205.36,25602.68,25602.68,USD,,,2025-10-07T16:14:53.418607,
12eb1b65-1c5f-4d6a-bae0-dc06620eb293,7179207a-0cc9-48e0-87e1-8cd7d2f9f721,,,INV-002827,Invoice for Services,sent,2025-12-24,2027-01-24,2026-06-06T18:23:45.418633,,40041.06,5,2002.05,42043.11,0,42043.11,USD,Thank you for your business!,,2026-06-06T12:54:11.418639,
c27aae59-4a4e-4c24-ba9e-ec1887339994,7179207a-0cc9-48e0-87e1-8cd7d2f9f721,,,INV-002828,Invoice for Subscription,overdue,2025-08-14,2026-12-29,2026-05-26T07:00:01.418709,,14323.66,0,0.0,14323.66,0,14323.66,USD,,,2026-05-18T12:48:31.418715,
a21030a7-9829-434f-b38c-79eee0d35468,7179207a-0cc9-48e0-87e1-8cd7d2f9f721,902d8c2f-89eb-4e97-ae39-5be0ba0abb21,3ef1de54-9996-4fb6-8764-1d0bf830dfb6,INV-002829,Invoice for Support,overdue,2026-02-13,2026-10-21,2026-03-27T17:21:14.418754,,96874.57,15,14531.19,111405.76,0,111405.76,USD,,,2025-08-19T21:11:27.418761,
e69b7c4e-3a62-436f-969e-617d3a357d64,7179207a-0cc9-48e0-87e1-8cd7d2f9f721,61a6f900-f9e3-4963-8223-757a67749d1d,cc5290ea-6b67-484d-9985-b1d98a5e87a6,INV-002830,Invoice for Consulting,partial,2025-09-07,2026-11-18,2026-02-12T10:35:30.418788,,962.6,8,77.01,1039.61,519.805,519.805,USD,Thank you for your business!,74b76d79-fa9d-42d5-9a92-49000bdec297,2026-03-16T13:37:01.418797,
73eb59ed-2cd9-40f2-a5cb-ea8da71b55e2,7179207a-0cc9-48e0-87e1-8cd7d2f9f721,da289b76-a64d-4ad2-a28e-968211bc9be6,,INV-002831,Invoice for Products,draft,2026-06-25,2027-01-11,,,10532.52,15,1579.88,12112.4,0,12112.4,USD,Thank you for your business!,,2026-01-30T02:15:06.418825,
e9ed96eb-d648-45a7-a226-411b0de0cfbb,7179207a-0cc9-48e0-87e1-8cd7d2f9f721,5316393c-a56e-4171-ab24-12053d1742bf,0875ab85-1332-4297-83e0-ee9e1d9dc502,INV-002832,Invoice for Consulting,paid,2025-12-18,2026-09-21,2026-06-09T04:00:09.418854,2026-06-25T09:22:15.418859,31250.09,10,3125.01,34375.1,34375.1,0,USD,,1b4f98c4-2967-4218-a4a3-6428f403f69f,2026-05-10T18:29:26.418866,
76576e67-c346-4924-88cd-5a2d8287170b,7179207a-0cc9-48e0-87e1-8cd7d2f9f721,9eddc019-f550-4ddc-b3ee-cf9b1db5397c,,INV-002833,Invoice for Services,draft,2026-04-29,2026-08-22,,,10260.63,7.5,769.55,11030.18,0,11030.18,USD,Thank you for your business!,,2025-11-23T23:11:59.418895,
8db90f6e-c35d-4f33-a4c2-a30cfdd1f187,7179207a-0cc9-48e0-87e1-8cd7d2f9f721,e7895523-71e8-4264-8107-e8f15a657217,,INV-002834,Invoice for Products,viewed,2025-08-31,2026-10-01,2026-02-10T08:15:51.418926,,21421.48,10,2142.15,23563.63,0,23563.63,USD,Thank you for your business!,,2025-08-29T06:35:06.418932,
14bc8dec-3584-4c3c-bb06-4e0ad4718318,7179207a-0cc9-48e0-87e1-8cd7d2f9f721,369a7c08-b16f-4835-b182-a1f3f44f178b,,INV-002835,Invoice for Consulting,paid,2026-04-07,2027-02-03,2026-07-18T22:34:55.418959,2026-06-13T06:26:17.418964,59125.97,7.5,4434.45,63560.42,63560.42,0,USD,,,2026-03-13T06:20:23.418970,
8a500e0c-5de8-46f8-b94b-5666bed4c8cb,7179207a-0cc9-48e0-87e1-8cd7d2f9f721,586ab2ef-712f-4a51-8207-ac461d6dac12,,INV-002836,Invoice for Subscription,overdue,2025-11-20,2026-12-06,2026-05-18T00:06:46.418997,,64417.78,0,0.0,64417.78,0,64417.78,USD,Thank you for your business!,6dd29266-33ea-4642-8fa8-020d2324ab9e,2026-08-04T04:28:16.419005,
bf593d52-cd9b-466f-8370-448391a7bd3b,7179207a-0cc9-48e0-87e1-8cd7d2f9f721,e497736e-6fc0-4e01-bbd0-60c2b1536958,,INV-002837,Invoice for Products,cancelled,2026-01-05,2027-01-03,2026-02-20T01:45:21.419035,,58181.75,0,0.0,58181.75,0,58181.75,USD,,,2026-04-24T13:20:49.419041,
7df954a9-2378-492b-9259-98404f872eed,7179207a-0cc9-48e0-87e1-8cd7d2f9f721,6b9aa933-64aa-4976-add8-bef74add91a8,,INV-002838,Invoice for Products,partial,2025-09-23,2027-01-03,2026-06-23T15:01:19.419069,,40884.08,15,6132.61,47016.69,23508.345,23508.345,USD,,,2026-05-03T22:48:07.419074,
accf7f6b-c1df-4449-b509-3a6e829bdc09,7179207a-0cc9-48e0-87e1-8cd7d2f9f721,ce017471-2180-4718-914d-4232dc09d087,9d6f91f0-7eeb-4a21-a5f2-a33d58de9a1d,INV-002839,Invoice for Services,partial,2026-04-10,2026-12-23,2026-03-11T20:15:26.419106,,18601.03,7.5,1395.08,19996.11,9998.055,9998.055,USD,,,2026-07-07T00:03:33.419112,
92124774-8884-4662-b54e-35137ef19bf1,7179207a-0cc9-48e0-87e1-8cd7d2f9f721,,,INV-002840,Invoice for Services,sent,2025-09-13,2026-11-14,2026-02-12T03:25:51.419138,,2484.79,0,0.0,2484.79,0,2484.79,USD,,,2026-07-25T02:36:55.419150,
9031e7a4-343b-43c1-b821-ea83457e2105,7179207a-0cc9-48e0-87e1-8cd7d2f9f721,,,INV-002841,Invoice for Services,cancelled,2026-06-17,2027-01-18,2026-03-08T13:16:22.419177,,58261.67,8,4660.93,62922.6,0,62922.6,USD,Thank you for your business!,,2026-03-05T06:15:03.419184,
4022ff99-6e5c-42dd-99a3-17f6b9c1887f,7179207a-0cc9-48e0-87e1-8cd7d2f9f721,25e6955e-92e8-4dbc-ae21-e6764ad653e7,62bb2210-36ae-4880-8ae9-830fd59f5d7d,INV-002842,Invoice for Support,overdue,2025-08-13,2026-11-25,2026-06-24T04:01:00.419212,,81287.53,15,12193.13,93480.66,0,93480.66,USD,Thank you for your business!,,2026-07-03T02:06:50.419218,
657d81fa-a94f-46e0-ae21-3ca68586bbf4,7179207a-0cc9-48e0-87e1-8cd7d2f9f721,a29f1d90-0780-4476-9465-cd8a9cd29cc0,,INV-002843,Invoice for Subscription,paid,2025-08-27,2026-09-15,2026-05-12T19:37:37.419245,2026-07-02T16:09:11.419251,80807.42,10,8080.74,88888.16,88888.16,0,USD,Thank you for your business!,,2026-04-14T22:01:53.419257,
17ca55a2-fd29-424f-86d1-ff8fc91f1c41,7179207a-0cc9-48e0-87e1-8cd7d2f9f721,30f3edbf-1a11-4fb5-ab7c-c6e0b8744e3f,,INV-002844,Invoice for Services,overdue,2026-03-20,2027-01-24,2026-02-27T09:57:31.419288,,51908.98,15,7786.35,59695.33,0,59695.33,USD,,,2026-08-03T07:22:54.419294,
da409197-2c22-4709-83ec-cb1179ed265b,7179207a-0cc9-48e0-87e1-8cd7d2f9f721,568b2137-f6c8-492a-b3ed-f8a05b18986a,,INV-002845,Invoice for Services,partial,2025-08-31,2026-12-14,2026-05-10T23:31:15.419326,,61904.49,0,0.0,61904.49,30952.245,30952.245,USD,,,2025-08-29T09:39:49.419332,
90672a4e-adcc-4a53-9424-650bac422ad1,7179207a-0cc9-48e0-87e1-8cd7d2f9f721,,,INV-002846,Invoice for Consulting,overdue,2026-07-06,2026-11-09,2026-07-30T20:35:36.419357,,4746.21,10,474.62,5220.83,0,5220.83,USD,Thank you for your business!,,2026-08-02T02:09:35.419363,
918bc860-a0be-4bcb-b7a2-5a2c83b08272,7179207a-0cc9-48e0-87e1-8cd7d2f9f721,48c5db99-7323-4491-a1b8-03a9adc2d0fb,,INV-002847,Invoice for Support,overdue,2026-01-31,2026-10-24,2026-07-02T23:37:54.419391,,72715.43,7.5,5453.66,78169.09,0,78169.09,USD,,,2026-04-03T19:45:44.419397,
b2ecccec-3b97-4aeb-9886-8ef9401f6e5b,7179207a-0cc9-48e0-87e1-8cd7d2f9f721,6965e87e-0f60-47ec-86fc-e74e027151f6,,INV-002848,Invoice for Support,overdue,2025-08-16,2027-01-19,2026-02-10T16:00:24.419424,,88100.86,15,13215.13,101315.99,0,101315.99,USD,,,2025-10-04T02:43:28.419430,
50d40375-223f-4dc6-9215-4b3265e12edc,7179207a-0cc9-48e0-87e1-8cd7d2f9f721,81af1307-bea3-41e7-972e-0c02fc7fb1c1,,INV-002849,Invoice for Support,sent,2026-07-04,2027-01-12,2026-02-06T00:53:09.419457,,28662.17,15,4299.33,32961.5,0,32961.5,USD,Thank you for your business!,,2025-11-19T20:04:36.419464,
60afb19a-c7c7-4e11-8d3b-c8abc1e31a24,7179207a-0cc9-48e0-87e1-8cd7d2f9f721,3336fea3-feee-41b2-ae1c-0fe14dd5efe6,01119dec-c620-4bed-b27f-ee40ff29f39d,INV-002850,Invoice for Services,cancelled,2025-11-10,2026-12-04,2026-07-19T08:40:00.419498,,82649.32,10,8264.93,90914.25,0,90914.25,USD,Thank you for your business!,,2026-07-22T14:41:20.419504,
c48ff1d9-7082-41ce-8a81-4fb794efdce6,7179207a-0cc9-48e0-87e1-8cd7d2f9f721,999f6680-a37e-40d0-9d23-68133984b0e4,,INV-002851,Invoice for Subscription,viewed,2025-08-22,2026-09-12,2026-06-27T09:08:33.419533,,50077.3,15,7511.6,57588.9,0,57588.9,USD,,,2026-03-13T19:59:51.419540,
8258d398-8d65-4d18-9b0d-fb712ccbddd6,7179207a-0cc9-48e0-87e1-8cd7d2f9f721,,,INV-002852,Invoice for Products,draft,2025-08-21,2026-12-20,,,16874.49,15,2531.17,19405.66,0,19405.66,USD,,,2025-08-30T07:29:08.419566,
a26575fc-aa65-4541-975b-d596e081099c,7179207a-0cc9-48e0-87e1-8cd7d2f9f721,ebe654f9-3be5-4b77-8233-7f4be8ff58ba,,INV-002853,Invoice for Consulting,cancelled,2026-07-09,2026-10-10,2026-05-01T22:04:37.419600,,98766.65,0,0.0,98766.65,0,98766.65,USD,Thank you for your business!,,2026-03-13T06:18:44.419606,
73e95d97-7cc0-4b20-a23e-1ef654ec2765,7179207a-0cc9-48e0-87e1-8cd7d2f9f721,037b8bf9-d417-46d6-b532-ba41806bc211,,INV-002854,Invoice for Products,cancelled,2025-09-22,2026-09-02,2026-06-17T21:59:49.419636,,15916.19,15,2387.43,18303.62,0,18303.62,USD,Thank you for your business!,,2026-04-07T04:50:52.419649,
569b572b-a2c1-4af3-971e-f22ab573d93e,7179207a-0cc9-48e0-87e1-8cd7d2f9f721,ae9486ee-22ce-408c-a810-8c00086c56f1,,INV-002855,Invoice for Consulting,viewed,2025-08-18,2026-11-16,2026-06-10T19:19:31.419682,,27075.07,7.5,2030.63,29105.7,0,29105.7,USD,,,2026-07-28T09:43:43.419688,
85641400-4973-42fb-95a8-cba1f203afee,7179207a-0cc9-48e0-87e1-8cd7d2f9f721,3ad75c2d-6921-4b89-826a-963a848b1d25,,INV-002856,Invoice for Subscription,sent,2026-04-11,2026-08-09,2026-03-23T05:37:41.419715,,31309.63,0,0.0,31309.63,0,31309.63,USD,Thank you for your business!,,2025-10-17T14:06:16.419721,
e56acbda-7b95-476f-8749-0b4f61abe522,7179207a-0cc9-48e0-87e1-8cd7d2f9f721,,,INV-002857,Invoice for Consulting,cancelled,2026-04-07,2026-09-21,2026-04-08T16:55:16.419746,,56537.42,10,5653.74,62191.16,0,62191.16,USD,,,2026-01-11T12:40:39.419778,
163575d4-8753-4ded-a16c-137bb72b96b7,7179207a-0cc9-48e0-87e1-8cd7d2f9f721,,,INV-002858,Invoice for Products,viewed,2025-12-15,2026-09-03,2026-02-14T21:11:25.419814,,41813.46,10,4181.35,45994.81,0,45994.81,USD,Thank you for your business!,,2026-07-11T08:14:19.419820,
464c3132-83d5-45ce-8f8f-4b139b203753,7179207a-0cc9-48e0-87e1-8cd7d2f9f721,,778434b4-eafc-4a7c-aa81-482488038822,INV-002859,Invoice for Products,viewed,2025-11-21,2026-10-23,2026-03-15T07:28:31.419846,,90356.49,15,13553.47,103909.96,0,103909.96,USD,Thank you for your business!,,2026-07-25T14:59:59.419852,
2c18c6d2-9c9f-4c50-85dc-36b85a5d5b5c,7179207a-0cc9-48e0-87e1-8cd7d2f9f721,3ac6a81a-5fbf-4b5a-b375-d292e425d8f5,,INV-002860,Invoice for Services,overdue,2025-10-21,2026-08-07,2026-04-12T20:25:05.419882,,92932.28,7.5,6969.92,99902.2,0,99902.2,USD,,,2026-04-17T21:07:09.419888,
98e9b37d-22f0-423a-acb3-5abaa67490f6,7179207a-0cc9-48e0-87e1-8cd7d2f9f721,de09539b-4173-45be-8a70-55b40c70a2c3,,INV-002861,Invoice for Services,overdue,2026-02-06,2026-09-09,2026-04-22T04:25:28.419915,,8943.27,10,894.33,9837.6,0,9837.6,USD,,,2026-05-03T02:02:27.419921,
f1460a37-65b9-4b01-86d9-a493f95b6009,7179207a-0cc9-48e0-87e1-8cd7d2f9f721,,b7e65f1f-9065-4ca9-be4c-e75afb6f606a,INV-002862,Invoice for Support,partial,2025-08-14,2026-09-05,2026-03-15T04:42:12.419948,,63798.55,0,0.0,63798.55,31899.275,31899.275,USD,Thank you for your business!,,2026-05-07T02:22:39.419954,
147e9fc7-0fca-4989-abf7-0b0ba47c6e48,7179207a-0cc9-48e0-87e1-8cd7d2f9f721,7d545554-73c4-4d1c-9543-c3e2a3dbb546,11b7ef0b-8b18-46bd-a93b-56b1c61fefe7,INV-002863,Invoice for Products,partial,2025-11-15,2026-12-06,2026-05-22T03:58:20.419982,,2026.82,7.5,152.01,2178.83,1089.415,1089.415,USD,Thank you for your business!,ecf1700b-a8e6-4619-acf4-df91f9df142f,2026-05-09T20:39:20.419990,
79b4171e-46ba-4660-8022-5af490de23b7,7179207a-0cc9-48e0-87e1-8cd7d2f9f721,c0ae9200-d332-4106-b85f-69fb3de0ad69,401d9f28-ca87-4507-988f-18f6d658babf,INV-002864,Invoice for Services,partial,2025-12-24,2026-11-09,2026-07-09T20:35:46.420022,,57173.7,0,0.0,57173.7,28586.85,28586.85,USD,Thank you for your business!,,2026-03-13T02:22:57.420028,
8216c434-33d2-4103-ad4f-f888150c9f81,7179207a-0cc9-48e0-87e1-8cd7d2f9f721,06954c45-7531-4043-9c6f-56dd77d4c74d,4f959820-0145-4dda-8015-cfdbfa99052b,INV-002865,Invoice for Consulting,sent,2026-05-09,2027-01-21,2026-08-01T03:01:21.420061,,23106.51,8,1848.52,24955.03,0,24955.03,USD,,,2026-05-23T14:06:51.420067,
6fe0b69e-99e3-462d-ae3e-2ed3f7bc5fcc,7179207a-0cc9-48e0-87e1-8cd7d2f9f721,,,INV-002866,Invoice for Support,viewed,2026-01-22,2027-02-01,2026-02-08T20:12:44.420093,,85079.17,15,12761.88,97841.05,0,97841.05,USD,,,2026-06-24T10:51:45.420099,
b83e2480-102a-4ec1-acc3-1472f6150778,7179207a-0cc9-48e0-87e1-8cd7d2f9f721,2be98922-035b-4742-9df2-1d20468db849,7783b5f3-2e53-4adf-a826-0a38597b49da,INV-002867,Invoice for Consulting,sent,2025-12-09,2026-10-24,2026-03-19T08:54:09.420126,,88254.6,15,13238.19,101492.79,0,101492.79,USD,Thank you for your business!,,2025-12-29T15:08:29.420132,
1cc43138-59cc-42a0-9afe-47df6d245789,7179207a-0cc9-48e0-87e1-8cd7d2f9f721,4ddf159d-fb19-476c-98a8-67754d9a74eb,,INV-002868,Invoice for Products,partial,2025-11-18,2026-09-06,2026-07-20T18:08:50.420162,,33219.64,0,0.0,33219.64,16609.82,16609.82,USD,,,2025-09-01T09:48:05.420168,
ec74ed3c-c294-4cbe-a609-6c8d3b741ae4,7179207a-0cc9-48e0-87e1-8cd7d2f9f721,,,INV-002869,Invoice for Subscription,draft,2025-09-04,2026-10-06,,,56346.68,10,5634.67,61981.35,0,61981.35,USD,,713b7a44-d7f9-40b3-a1fb-3679a19f6462,2026-06-07T10:54:24.420200,
90e99860-2f56-4652-aa1d-2eff75267245,7179207a-0cc9-48e0-87e1-8cd7d2f9f721,1faafadf-57ab-4800-9a79-0c6272d5c4f0,,INV-002870,Invoice for Subscription,draft,2026-01-25,2027-01-05,,,45255.02,5,2262.75,47517.77,0,47517.77,USD,,,2025-09-21T23:10:18.420240,
45cd0dea-f356-4b11-a086-5e9f64afc586,7179207a-0cc9-48e0-87e1-8cd7d2f9f721,,ee8b44da-e14e-4ff5-a9e6-7c13eef301d9,INV-002871,Invoice for Consulting,draft,2025-12-22,2026-11-30,,,80185.99,15,12027.9,92213.89,0,92213.89,USD,Thank you for your business!,9fb78f7b-bf18-4180-b598-990917fdbcc1,2026-03-19T07:20:22.420268,
d5c9ed28-c128-4528-8c29-4feebdd30958,7179207a-0cc9-48e0-87e1-8cd7d2f9f721,,0386d13f-b548-4bec-a77e-da0af8e3edea,INV-002872,Invoice for Products,overdue,2026-02-03,2026-09-14,2026-03-10T17:20:06.420294,,34669.41,15,5200.41,39869.82,0,39869.82,USD,Thank you for your business!,f87d9fb4-13cd-4498-8259-26a6dcd5d4c8,2025-08-22T21:25:07.420301,
3d3ba10b-4970-420b-b1ba-5ebba83def94,7179207a-0cc9-48e0-87e1-8cd7d2f9f721,,,INV-002873,Invoice for Support,paid,2025-10-01,2026-11-26,2026-05-21T03:13:13.420327,2026-05-09T21:26:07.420336,94368.47,20,18873.69,113242.16,113242.16,0,USD,Thank you for your business!,27bf766a-2c37-4bf0-af81-ae75a65b7ebb,2026-03-20T23:06:21.420343,
f4a6a6ae-aad9-4843-ad32-d2a7c8fb6f2b,7179207a-0cc9-48e0-87e1-8cd7d2f9f721,9dae307c-c15c-4dfd-a2aa-a1209a755404,,INV-002874,Invoice for Services,sent,2025-10-26,2026-11-06,2026-04-23T16:14:38.420370,,76553.34,8,6124.27,82677.61,0,82677.61,USD,,,2025-11-21T07:44:04.420376,
d8ec4ba6-03d0-4a70-a2ed-977673ecf1ee,7179207a-0cc9-48e0-87e1-8cd7d2f9f721,1640c282-93d9-4bf4-9abc-e04e732ce224,,INV-002875,Invoice for Consulting,paid,2026-06-19,2026-12-13,2026-06-21T04:29:30.420407,2026-05-09T03:44:25.420412,17172.09,15,2575.81,19747.9,19747.9,0,USD,,,2025-12-13T04:29:46.420418,
dae186e0-d2c4-4dfc-93fe-295484883db8,7179207a-0cc9-48e0-87e1-8cd7d2f9f721,,,INV-002876,Invoice for Subscription,draft,2026-04-20,2026-08-16,,,71294.73,8,5703.58,76998.31,0,76998.31,USD,Thank you for your business!,,2025-11-27T22:25:59.420451,
b4f73e7d-06de-47e3-814c-2f642ef0ed14,7179207a-0cc9-48e0-87e1-8cd7d2f9f721,,,INV-002877,Invoice for Subscription,partial,2025-08-12,2026-11-07,2026-06-24T03:47:39.420476,,24403.98,20,4880.8,29284.78,14642.39,14642.39,USD,,,2025-08-16T19:57:17.420482,
427fba97-c171-4cf4-a7ad-d12e73869f92,7179207a-0cc9-48e0-87e1-8cd7d2f9f721,3ad75c2d-6921-4b89-826a-963a848b1d25,,INV-002878,Invoice for Products,viewed,2026-02-06,2026-10-09,2026-03-25T17:05:26.420509,,59589.4,0,0.0,59589.4,0,59589.4,USD,Thank you for your business!,,2026-08-03T03:06:10.420515,
338a8b98-df8b-4260-846e-86235fb263a8,7179207a-0cc9-48e0-87e1-8cd7d2f9f721,,,INV-002879,Invoice for Services,draft,2025-09-28,2027-01-23,,,20433.7,5,1021.68,21455.38,0,21455.38,USD,,,2026-07-17T15:53:19.420542,
aeb9c71f-fe5b-4a2f-97b3-7fc6dfee4148,7179207a-0cc9-48e0-87e1-8cd7d2f9f721,,5c9b13b2-d5d0-46be-8e8c-19a20e78f7d9,INV-002880,Invoice for Consulting,viewed,2026-05-11,2026-11-10,2026-02-07T05:32:33.420567,,49504.32,5,2475.22,51979.54,0,51979.54,USD,,,2025-10-13T13:15:18.420573,
2e46b6e0-9310-4b6c-b758-3e89da526a37,7179207a-0cc9-48e0-87e1-8cd7d2f9f721,8d82c5f8-7fa1-47aa-b3d7-f103164b3cd3,522beb3a-87bc-4e22-9b81-fd70c9b443af,INV-002881,Invoice for Subscription,sent,2026-07-10,2026-08-30,2026-08-05T13:50:39.420606,,97906.84,10,9790.68,107697.52,0,107697.52,USD,,,2025-11-17T16:46:55.420612,
6879aefb-e2cd-4339-b3ae-75632310651c,7179207a-0cc9-48e0-87e1-8cd7d2f9f721,ef25a4f7-b382-4771-ba15-b857141710a6,,INV-002882,Invoice for Subscription,viewed,2025-11-08,2027-01-19,2026-06-30T10:25:04.420638,,31756.01,10,3175.6,34931.61,0,34931.61,USD,,,2026-03-21T22:19:03.420650,
4f0b7a2d-f890-4fa2-8022-a12ad2ff3534,7179207a-0cc9-48e0-87e1-8cd7d2f9f721,b306bb0d-92ae-45ba-b6ab-a7d20a45a878,e8fe3b76-7099-4ae1-8e9c-538d3a1a349c,INV-002883,Invoice for Subscription,viewed,2025-10-24,2026-08-28,2026-02-20T05:56:50.420679,,13178.59,15,1976.79,15155.38,0,15155.38,USD,Thank you for your business!,7c636f72-b910-4754-97af-92ccee3f7cd2,2025-11-06T08:56:13.420686,
f578a8dd-3ea7-4fc7-9351-5943cc2f5e2a,7179207a-0cc9-48e0-87e1-8cd7d2f9f721,,,INV-002884,Invoice for Products,partial,2026-07-27,2026-11-27,2026-06-26T16:21:44.420720,,39168.43,0,0.0,39168.43,19584.215,19584.215,USD,Thank you for your business!,,2026-05-07T15:28:15.420726,
3adcae13-92a4-4f70-aac4-c312c983c2c1,7179207a-0cc9-48e0-87e1-8cd7d2f9f721,625cafec-abe9-4008-acfd-34fc230a78da,,INV-002885,Invoice for Products,draft,2026-08-05,2026-11-16,,,91629.79,8,7330.38,98960.17,0,98960.17,USD,,56f95d38-461e-43ed-aaf4-9adaa0671c73,2026-08-03T00:33:54.420760,
f6a9b2a0-ccaa-4b20-8f91-937078f4404d,7179207a-0cc9-48e0-87e1-8cd7d2f9f721,f8e725de-56fb-4599-abad-6b431430b8cf,,INV-002886,Invoice for Products,overdue,2025-08-22,2027-01-12,2026-03-16T03:32:51.420817,,20473.88,5,1023.69,21497.57,0,21497.57,USD,Thank you for your business!,,2026-01-24T16:39:51.420824,
65d25f29-4b59-476f-ab7a-165584a43384,7179207a-0cc9-48e0-87e1-8cd7d2f9f721,03cd018b-fd7a-46af-b669-01c2fa95d1f9,,INV-002887,Invoice for Support,draft,2025-10-16,2026-09-05,,,96702.52,0,0.0,96702.52,0,96702.52,USD,,,2025-10-30T08:54:04.420852,
eeee1b6d-a86a-4e22-83be-eba4f7b5641e,7179207a-0cc9-48e0-87e1-8cd7d2f9f721,,,INV-002888,Invoice for Products,draft,2025-09-02,2027-01-25,,,29352.29,8,2348.18,31700.47,0,31700.47,USD,Thank you for your business!,,2025-08-07T09:59:10.420878,
21e9f524-754f-4651-ab95-18a4187f0397,7179207a-0cc9-48e0-87e1-8cd7d2f9f721,,,INV-002889,Invoice for Products,draft,2025-09-20,2026-12-21,,,14257.19,20,2851.44,17108.63,0,17108.63,USD,,,2026-03-12T06:32:56.420904,
f2f23805-b1c7-4f8b-a6d9-313ab701f2c2,7179207a-0cc9-48e0-87e1-8cd7d2f9f721,,4bdd6d9e-de5c-4ff8-acd4-77fabf3d98b5,INV-002890,Invoice for Services,paid,2025-08-31,2026-10-24,2026-05-01T04:23:57.420930,2026-04-23T16:14:10.420936,62806.45,10,6280.65,69087.1,69087.1,0,USD,,,2026-02-06T13:22:57.420942,
35ffa682-5f5f-49f9-ada2-cd99a9ee80f3,7179207a-0cc9-48e0-87e1-8cd7d2f9f721,,,INV-002891,Invoice for Consulting,paid,2025-11-06,2026-12-24,2026-08-04T17:39:42.420967,2026-05-15T22:07:02.420972,89400.85,0,0.0,89400.85,89400.85,0,USD,,25612010-2c7d-4c1e-bc6f-e85137db1409,2026-06-14T20:47:08.420979,
1fdb5385-d961-430e-acb3-057a5b61e1b1,7179207a-0cc9-48e0-87e1-8cd7d2f9f721,,,INV-002892,Invoice for Services,paid,2026-06-13,2026-08-31,2026-06-10T03:29:45.421005,2026-05-10T15:33:49.421010,69148.1,0,0.0,69148.1,69148.1,0,USD,Thank you for your business!,,2026-04-23T04:07:44.421016,
1548c426-6b9e-4109-84f9-a9ea5fedd462,7179207a-0cc9-48e0-87e1-8cd7d2f9f721,4042497c-5578-4d98-bb91-4c5341f17857,,INV-002893,Invoice for Products,partial,2025-08-13,2026-08-08,2026-03-28T17:55:10.421049,,11727.25,10,1172.72,12899.97,6449.985,6449.985,USD,Thank you for your business!,9ab28c4a-953b-4dea-8c2f-e2b327977d88,2025-12-08T00:24:56.421057,
0973c10e-2ff2-4ebc-bc42-70754f70abbf,7179207a-0cc9-48e0-87e1-8cd7d2f9f721,c8674e4c-5408-489c-a681-1d6b97340ccf,2668e9b3-994f-4f88-8336-fc7655e40913,INV-002894,Invoice for Services,viewed,2025-11-07,2026-11-22,2026-03-11T00:19:11.421087,,50084.57,5,2504.23,52588.8,0,52588.8,USD,Thank you for your business!,,2026-04-21T22:30:00.421093,
a96fd433-f9a6-4203-aca2-b08355eefc76,7179207a-0cc9-48e0-87e1-8cd7d2f9f721,,,INV-002895,Invoice for Consulting,draft,2025-11-10,2026-09-14,,,14582.13,7.5,1093.66,15675.79,0,15675.79,USD,,,2025-12-23T17:08:18.421120,
f325f76a-09dd-4402-89ba-b6f2f106b216,7179207a-0cc9-48e0-87e1-8cd7d2f9f721,,,INV-002896,Invoice for Support,sent,2025-12-02,2026-11-15,2026-02-27T01:04:02.421146,,39772.84,8,3181.83,42954.67,0,42954.67,USD,,,2026-02-12T08:03:46.421152,
4464359b-50e1-4633-a12c-0cbdf33b9d2f,7179207a-0cc9-48e0-87e1-8cd7d2f9f721,6fff968c-aacd-47d6-a933-d0d19a5bf1e1,,INV-002897,Invoice for Subscription,sent,2025-10-31,2027-01-29,2026-04-25T06:05:39.421178,,14332.48,10,1433.25,15765.73,0,15765.73,USD,,,2025-08-25T02:34:56.421184,
e55ac032-5deb-4770-91b1-3115ac9775e9,7179207a-0cc9-48e0-87e1-8cd7d2f9f721,3d287d01-c678-4097-9802-bfc03c75069c,,INV-002898,Invoice for Consulting,partial,2025-11-07,2026-08-20,2026-07-23T18:44:54.421210,,7679.23,15,1151.88,8831.11,4415.555,4415.555,USD,Thank you for your business!,,2025-11-18T03:00:22.421216,
f4334929-7352-49e6-aaba-e07b23f68817,7179207a-0cc9-48e0-87e1-8cd7d2f9f721,2bd83ca4-470b-49e0-97fb-4c9796c773ad,,INV-002899,Invoice for Subscription,overdue,2025-10-25,2026-08-10,2026-05-07T17:02:30.421243,,2911.05,10,291.11,3202.16,0,3202.16,USD,,,2026-07-17T04:30:34.421250,
e874ee45-db34-4a9e-82c7-fdd1d6ba0c3b,7179207a-0cc9-48e0-87e1-8cd7d2f9f721,,7783b5f3-2e53-4adf-a826-0a38597b49da,INV-002900,Invoice for Services,partial,2026-04-09,2027-01-30,2026-02-24T08:10:24.421276,,63397.8,15,9509.67,72907.47,36453.735,36453.735,USD,Thank you for your business!,,2026-02-22T06:47:01.421282,
907c81d3-c1f1-4376-aa0e-41909b45fdde,7179207a-0cc9-48e0-87e1-8cd7d2f9f721,00fefcbe-ec02-41ca-8cdc-6fbc7d5fb192,,INV-002901,Invoice for Consulting,draft,2026-05-08,2026-11-25,,,52059.57,15,7808.94,59868.51,0,59868.51,USD,Thank you for your business!,,2026-06-19T04:35:35.421313,
13662eef-24f6-4699-87d7-88332c12e68d,7179207a-0cc9-48e0-87e1-8cd7d2f9f721,9bab2e12-f580-47a5-8427-cda8e1b994ce,,INV-002902,Invoice for Services,sent,2026-03-21,2026-09-12,2026-03-05T01:03:27.421340,,49033.28,5,2451.66,51484.94,0,51484.94,USD,,,2026-02-06T23:30:17.421346,
a0279f68-69dc-4f1c-9c1e-269623bbe894,7179207a-0cc9-48e0-87e1-8cd7d2f9f721,cdc312b9-709f-4bfc-a808-c5b2102c860c,,INV-002903,Invoice for Subscription,overdue,2025-10-28,2026-10-12,2026-07-18T18:09:22.421373,,39908.78,5,1995.44,41904.22,0,41904.22,USD,,ab7e386e-4242-4f38-8ab2-4eea4f94944b,2026-03-02T20:52:31.421380,
dfc74d1a-c0b7-4b78-8f54-76d1ce918e23,7179207a-0cc9-48e0-87e1-8cd7d2f9f721,3b1a5e48-3900-48a8-8ef3-14c1d71213e0,,INV-002904,Invoice for Support,partial,2025-09-12,2026-10-25,2026-07-17T19:56:33.421408,,43713.4,20,8742.68,52456.08,26228.04,26228.04,USD,,3b19c72b-ff93-4a42-b866-f1b5338e2cec,2025-09-29T16:04:53.421415,
c0fd01b0-2ecb-4550-adc5-bd1a50176836,7179207a-0cc9-48e0-87e1-8cd7d2f9f721,,f34173dc-bb21-4c9b-8b46-1c07867af312,INV-002905,Invoice for Products,paid,2025-11-03,2027-01-01,2026-05-11T20:19:32.421443,2026-04-24T20:50:20.421448,33786.98,15,5068.05,38855.03,38855.03,0,USD,Thank you for your business!,,2026-02-13T02:22:04.421454,
affea01d-7bb1-41a9-a71f-d53bdc93733e,7179207a-0cc9-48e0-87e1-8cd7d2f9f721,,,INV-002906,Invoice for Services,cancelled,2025-11-20,2026-10-17,2026-03-16T22:08:19.421480,,85242.27,15,12786.34,98028.61,0,98028.61,USD,,,2026-08-01T14:59:45.421486,
d922ffe5-2794-4523-98ff-f6ac9d7d9ac7,7179207a-0cc9-48e0-87e1-8cd7d2f9f721,828d080e-1fd1-497d-8909-575f27f1e8ee,,INV-002907,Invoice for Services,paid,2026-02-14,2027-02-04,2026-03-25T09:35:07.421520,2026-07-15T10:00:58.421525,12379.84,7.5,928.49,13308.33,13308.33,0,USD,,0bd8c150-155a-46a5-a4aa-f66df5f27012,2025-11-09T23:29:59.421532,
fc28bfaf-d378-47da-ab00-b7c5408aaf24,7179207a-0cc9-48e0-87e1-8cd7d2f9f721,b80d5fe4-15a6-4dac-85d0-8e45bc3f1645,,INV-002908,Invoice for Consulting,sent,2026-05-13,2026-09-01,2026-05-16T10:39:02.421558,,61538.4,8,4923.07,66461.47,0,66461.47,USD,,,2025-10-10T12:15:00.421564,
e0c159f9-cf2d-467f-8460-40e38717a7b4,7179207a-0cc9-48e0-87e1-8cd7d2f9f721,6c308065-3d6a-45d3-b7aa-a13130a52ff0,9d6f91f0-7eeb-4a21-a5f2-a33d58de9a1d,INV-002909,Invoice for Products,viewed,2026-07-01,2026-11-14,2026-06-22T23:10:13.421591,,42129.91,8,3370.39,45500.3,0,45500.3,USD,Thank you for your business!,,2025-08-08T14:26:57.421597,
677b6922-8639-44b2-8854-cca7207f87b7,7179207a-0cc9-48e0-87e1-8cd7d2f9f721,5cef5889-057c-4dce-a909-47b49bb70c68,66976ba2-38e9-4a46-aac4-363db0c457d3,INV-002910,Invoice for Subscription,sent,2026-01-11,2027-01-10,2026-06-25T18:21:00.421630,,83887.47,8,6711.0,90598.47,0,90598.47,USD,,,2026-05-26T03:12:48.421635,
b067b133-9dd6-41f2-b14e-c74fdbba6c85,7179207a-0cc9-48e0-87e1-8cd7d2f9f721,,13e89b6a-a51c-4940-afec-9bc1b495cc53,INV-002911,Invoice for Support,overdue,2025-11-12,2026-08-13,2026-06-24T04:34:37.421673,,39200.64,0,0.0,39200.64,0,39200.64,USD,,,2026-05-29T03:09:53.421679,
e556bd6a-2e47-4ed5-a95a-0d418e90993a,7179207a-0cc9-48e0-87e1-8cd7d2f9f721,,,INV-002912,Invoice for Products,draft,2026-06-12,2026-10-26,,,31294.31,15,4694.15,35988.46,0,35988.46,USD,Thank you for your business!,,2026-07-21T01:50:19.421705,
57d1d826-9c52-4c51-b6dc-af84e0ceac39,7179207a-0cc9-48e0-87e1-8cd7d2f9f721,,,INV-002913,Invoice for Support,paid,2025-09-23,2026-12-21,2026-05-10T06:42:17.421729,2026-07-30T12:00:42.421735,28573.16,20,5714.63,34287.79,34287.79,0,USD,,,2025-10-20T22:02:21.421740,
30aa9b70-f382-4204-9c94-ea2dd7aad176,7179207a-0cc9-48e0-87e1-8cd7d2f9f721,5cec6b11-c32c-46d2-bd5a-06e30f39bd5c,cc24500c-aefb-4f79-95b3-ee69f9682028,INV-002914,Invoice for Products,partial,2026-01-14,2026-10-02,2026-04-17T18:19:22.421767,,54506.38,15,8175.96,62682.34,31341.17,31341.17,USD,Thank you for your business!,,2025-09-17T14:57:38.421773,
78aa9f7d-7721-4aae-81d6-ac46a8604f6c,7179207a-0cc9-48e0-87e1-8cd7d2f9f721,,,INV-002915,Invoice for Services,sent,2026-05-29,2026-09-24,2026-06-20T17:52:00.421798,,28786.41,7.5,2158.98,30945.39,0,30945.39,USD,Thank you for your business!,,2026-08-03T14:07:32.421804,
dd013868-d0f8-4cc9-a403-b46c390fb4bc,7179207a-0cc9-48e0-87e1-8cd7d2f9f721,929f9b48-759e-436d-beff-c70502e6315e,,INV-002916,Invoice for Products,overdue,2026-01-06,2026-09-21,2026-03-08T21:59:05.421830,,16769.18,5,838.46,17607.64,0,17607.64,USD,,c09ad40e-c646-43f6-8625-b7772c1c354e,2026-04-13T10:32:16.421837,
4a48a4b6-674b-45ac-a184-0ad499d5f0ae,7179207a-0cc9-48e0-87e1-8cd7d2f9f721,de09539b-4173-45be-8a70-55b40c70a2c3,,INV-002917,Invoice for Consulting,viewed,2026-03-17,2027-01-27,2026-05-14T14:20:15.421868,,21346.71,7.5,1601.0,22947.71,0,22947.71,USD,Thank you for your business!,,2026-02-13T14:43:24.421875,
890855a6-7760-4d04-a198-ef8e1bd4bf93,7179207a-0cc9-48e0-87e1-8cd7d2f9f721,4315f19c-6a1b-4e4c-9d25-39325661de52,47516a2f-01d3-4eda-8cb3-48c33e1f2116,INV-002918,Invoice for Support,overdue,2026-05-09,2026-08-21,2026-03-30T10:28:49.421902,,97461.24,10,9746.12,107207.36,0,107207.36,USD,,fe142de6-4019-4bab-85e2-e5019824007a,2026-07-15T20:59:08.421910,
3e445cdf-b812-4c73-a1f5-628239f00591,7179207a-0cc9-48e0-87e1-8cd7d2f9f721,94d95d38-65fc-49db-8efa-ee963ede81e2,,INV-002919,Invoice for Products,paid,2026-07-29,2026-09-17,2026-05-07T09:07:43.421940,2026-06-04T21:38:04.421945,10946.59,8,875.73,11822.32,11822.32,0,USD,Thank you for your business!,,2025-12-29T22:26:03.421951,
46c19d79-fe50-4ba7-bd2e-e590cd55f8d6,7179207a-0cc9-48e0-87e1-8cd7d2f9f721,90fb59b5-9398-429a-8a9b-47add2b6fe06,3b4822f7-0a3c-4d86-ac8c-66a59a394d32,INV-002920,Invoice for Support,paid,2026-05-29,2026-10-09,2026-06-19T11:57:13.421978,2026-06-15T22:19:20.421983,4428.81,20,885.76,5314.57,5314.57,0,USD,Thank you for your business!,,2026-02-09T07:43:48.421989,
5f26674b-1c72-49f0-aeca-717739b67d39,7179207a-0cc9-48e0-87e1-8cd7d2f9f721,,,INV-002921,Invoice for Services,viewed,2026-04-04,2026-09-15,2026-08-01T23:30:19.422014,,28416.67,7.5,2131.25,30547.92,0,30547.92,USD,,,2025-09-17T07:50:44.422020,
e18ae94e-cd28-4311-9990-7078dabd74a0,7179207a-0cc9-48e0-87e1-8cd7d2f9f721,daaea7f5-4f40-4ebb-90a9-437afe64ed5d,,INV-002922,Invoice for Products,draft,2025-11-04,2026-08-31,,,72641.3,15,10896.19,83537.49,0,83537.49,USD,,,2025-09-05T11:40:35.422053,
1f0951ce-b91b-4d5e-bb63-bf0db964c8d9,7179207a-0cc9-48e0-87e1-8cd7d2f9f721,,,INV-002923,Invoice for Consulting,cancelled,2025-11-10,2026-12-14,2026-07-15T11:33:56.422078,,40537.23,20,8107.45,48644.68,0,48644.68,USD,,,2026-07-15T03:03:35.422084,
3ecae545-d137-4e2c-a89f-1bcc52a900d8,7179207a-0cc9-48e0-87e1-8cd7d2f9f721,3b91dcf1-6c09-4a6f-9fdd-e52cb3d1f704,,INV-002924,Invoice for Products,cancelled,2026-04-03,2027-01-14,2026-06-27T10:39:10.422114,,57987.5,10,5798.75,63786.25,0,63786.25,USD,Thank you for your business!,27bf766a-2c37-4bf0-af81-ae75a65b7ebb,2026-03-31T03:39:33.422121,
c55ed947-5c23-4eb3-95ae-a6e1446a78e7,7179207a-0cc9-48e0-87e1-8cd7d2f9f721,c786b6f4-ac71-42f6-9842-0f596ed12a40,,INV-002925,Invoice for Subscription,paid,2025-09-08,2026-08-17,2026-04-27T12:27:01.422147,2026-07-20T11:14:42.422152,83609.99,15,12541.5,96151.49,96151.49,0,USD,,,2025-09-03T13:18:01.422158,
081762d2-78c4-4b36-9f16-b7449d9a60e2,7179207a-0cc9-48e0-87e1-8cd7d2f9f721,74217cff-9987-49b5-b563-071057f16dd2,,INV-002926,Invoice for Support,paid,2025-11-22,2026-10-22,2026-02-17T01:36:07.422185,2026-07-27T11:47:08.422194,18957.16,7.5,1421.79,20378.95,20378.95,0,USD,Thank you for your business!,ee046887-5e9e-448b-b751-4e16c927742a,2025-11-07T07:09:05.422202,
4a9a3cd0-7083-481f-8728-141c08ae8914,7179207a-0cc9-48e0-87e1-8cd7d2f9f721,,69a347d6-61cc-4280-a42d-a4184d98e2a0,INV-002927,Invoice for Consulting,paid,2025-08-26,2026-08-26,2026-02-25T09:15:42.422230,2026-06-30T18:35:20.422235,19671.29,7.5,1475.35,21146.64,21146.64,0,USD,Thank you for your business!,,2026-04-17T17:52:14.422241,
2d2b4e06-7810-45b0-af81-4bc369ec7809,7179207a-0cc9-48e0-87e1-8cd7d2f9f721,,,INV-002928,Invoice for Subscription,paid,2025-12-29,2026-09-03,2026-04-18T22:18:38.422266,2026-07-19T01:04:57.422271,51882.35,8,4150.59,56032.94,56032.94,0,USD,Thank you for your business!,,2026-04-30T11:58:39.422277,
661fb848-4acf-45a2-9f69-bacc17c9892a,7179207a-0cc9-48e0-87e1-8cd7d2f9f721,62009299-7c6f-4ea2-beb7-778366a16358,e3061b89-5937-489b-8589-75f82a8ad37d,INV-002929,Invoice for Services,draft,2026-01-02,2027-02-01,,,2763.27,0,0.0,2763.27,0,2763.27,USD,Thank you for your business!,,2026-05-25T06:42:15.422309,
ff3b1f72-aa68-49d4-bc1f-8bb7e6429e66,7179207a-0cc9-48e0-87e1-8cd7d2f9f721,4827a48f-f1c2-4c6d-bfea-6ddf65d2622d,,INV-002930,Invoice for Services,overdue,2025-10-21,2027-01-07,2026-07-27T19:20:25.422335,,94325.27,0,0.0,94325.27,0,94325.27,USD,Thank you for your business!,,2026-02-12T17:19:37.422341,
4446889f-83c4-4652-a600-69cecc615149,7179207a-0cc9-48e0-87e1-8cd7d2f9f721,6e32f93a-9c24-4d0f-ad24-0831450b9e66,dd414cd7-47d1-49bd-ab82-fe287673300d,INV-002931,Invoice for Consulting,draft,2025-12-15,2026-09-02,,,80110.86,8,6408.87,86519.73,0,86519.73,USD,Thank you for your business!,,2026-01-30T07:12:35.422369,
ac869db8-f126-4d6a-844b-2cc1a54bb1d0,7179207a-0cc9-48e0-87e1-8cd7d2f9f721,deaf5606-a994-4263-8999-0c92c732959d,,INV-002932,Invoice for Consulting,viewed,2025-12-18,2026-12-28,2026-02-26T04:41:57.422395,,90462.56,20,18092.51,108555.07,0,108555.07,USD,Thank you for your business!,,2026-05-20T03:06:20.422401,
4e026095-e814-4860-858e-ceca7d428eed,7179207a-0cc9-48e0-87e1-8cd7d2f9f721,,,INV-002933,Invoice for Products,viewed,2025-09-05,2026-11-21,2026-02-24T10:51:06.422430,,56137.61,0,0.0,56137.61,0,56137.61,USD,Thank you for your business!,,2026-06-08T12:32:31.422436,
8b3c1890-767a-444f-a31a-38b9305fede2,7179207a-0cc9-48e0-87e1-8cd7d2f9f721,b7363a0a-de39-46e7-b2c4-7008e9846583,db4a033b-5bb9-4eef-8f69-5440055971b9,INV-002934,Invoice for Services,sent,2025-12-18,2026-11-25,2026-07-11T15:40:38.422467,,63644.06,5,3182.2,66826.26,0,66826.26,USD,Thank you for your business!,,2025-12-09T14:12:50.422473,
6fe04e8d-767f-41a1-bfbb-f78c2a25aa18,7179207a-0cc9-48e0-87e1-8cd7d2f9f721,941b920f-3a7b-4403-93a6-5083a04f68fa,,INV-002935,Invoice for Support,partial,2026-03-15,2026-08-25,2026-03-22T21:31:34.422498,,50638.14,5,2531.91,53170.05,26585.025,26585.025,USD,Thank you for your business!,,2026-01-02T14:08:27.422505,
7be3f2d9-463c-422a-af5a-4a351656555b,7179207a-0cc9-48e0-87e1-8cd7d2f9f721,,5b0db07b-4abb-453e-a071-4950dd6cb15d,INV-002936,Invoice for Consulting,paid,2026-06-19,2027-01-25,2026-03-01T17:41:34.422530,2026-08-03T10:29:25.422536,27471.76,20,5494.35,32966.11,32966.11,0,USD,,,2026-04-18T13:29:14.422541,
2023c5f1-73d1-4af6-a4ab-9f8142457dd1,7179207a-0cc9-48e0-87e1-8cd7d2f9f721,,db4a033b-5bb9-4eef-8f69-5440055971b9,INV-002937,Invoice for Consulting,draft,2025-09-13,2026-09-09,,,51995.33,7.5,3899.65,55894.98,0,55894.98,USD,,,2025-11-19T21:15:37.422567,
1204ab4c-eb75-4f5f-9822-76661a077365,7179207a-0cc9-48e0-87e1-8cd7d2f9f721,4a2ae9c0-7f22-4b35-b06b-1539cf5252fa,,INV-002938,Invoice for Consulting,draft,2026-03-06,2027-01-10,,,24535.36,10,2453.54,26988.9,0,26988.9,USD,Thank you for your business!,,2026-07-14T02:29:44.422594,
9e5b0bdf-4bb2-4a56-8d54-bb0158ef2f44,7179207a-0cc9-48e0-87e1-8cd7d2f9f721,b3033e38-f601-4015-8a62-9c5eb4cec210,63147dc7-26c7-4f6c-aada-b1469c1b0170,INV-002939,Invoice for Support,viewed,2026-07-19,2026-11-11,2026-03-11T13:48:27.422625,,86881.94,15,13032.29,99914.23,0,99914.23,USD,,,2025-08-29T18:37:08.422631,
9cfd32f1-8835-4b6b-afaf-3048b843fdfa,7179207a-0cc9-48e0-87e1-8cd7d2f9f721,e6c79472-bcbf-44b2-a4e7-4e6473c7c9d8,a162539a-e6fc-4ca8-ac12-9f5d5743fa18,INV-002940,Invoice for Consulting,paid,2026-07-25,2026-11-15,2026-04-22T07:10:37.422664,2026-05-08T01:23:40.422669,64067.77,20,12813.55,76881.32,76881.32,0,USD,Thank you for your business!,,2025-12-22T06:17:32.422675,
a8e5c7fe-b885-4970-b423-3b68815c8758,7179207a-0cc9-48e0-87e1-8cd7d2f9f721,,35bdbff9-ee7d-44a3-9437-eaea77a12d17,INV-002941,Invoice for Subscription,draft,2026-01-25,2027-01-29,,,18427.47,5,921.37,19348.84,0,19348.84,USD,,,2026-07-31T02:03:48.422702,
c9dccfd5-0bfc-45af-94b8-8f0dd19afc34,7179207a-0cc9-48e0-87e1-8cd7d2f9f721,,,INV-002942,Invoice for Products,sent,2026-02-23,2026-09-21,2026-02-05T20:51:56.422727,,4304.56,8,344.36,4648.92,0,4648.92,USD,,,2026-06-22T18:17:18.422733,
fd96ba0e-7836-45a9-a98c-4677478840e2,7179207a-0cc9-48e0-87e1-8cd7d2f9f721,9d8b5cc2-70f4-4ff3-ad94-3c6134870c0d,a16aa5e8-0c44-47aa-8fd9-0d0d8a528585,INV-002943,Invoice for Products,partial,2025-12-06,2026-10-15,2026-07-15T19:42:46.422765,,87764.33,15,13164.65,100928.98,50464.49,50464.49,USD,,,2025-08-08T21:07:00.422771,
2c385383-6794-4b82-95b7-971828321dbe,7179207a-0cc9-48e0-87e1-8cd7d2f9f721,6814fd59-10eb-4ed4-99a5-789ccd3660fb,,INV-002944,Invoice for Subscription,cancelled,2025-10-31,2026-09-02,2026-03-25T09:53:54.422797,,10965.92,7.5,822.44,11788.36,0,11788.36,USD,,,2025-12-31T23:30:09.422803,
accaa872-6bf8-47d0-bab2-5e11930e65e1,7179207a-0cc9-48e0-87e1-8cd7d2f9f721,5e138ad9-aadc-444b-b3fc-b3f9de642fb7,303014e4-2176-4aae-80ef-8087a3718e95,INV-002945,Invoice for Services,sent,2025-09-04,2026-11-11,2026-06-09T05:31:44.422835,,32482.14,10,3248.21,35730.35,0,35730.35,USD,Thank you for your business!,,2025-11-01T23:16:51.422841,
6abad179-1b97-4651-9592-6352970751f4,7179207a-0cc9-48e0-87e1-8cd7d2f9f721,,,INV-002946,Invoice for Subscription,paid,2025-11-13,2026-09-15,2026-07-16T05:31:15.422866,2026-07-20T03:39:23.422872,66396.25,15,9959.44,76355.69,76355.69,0,USD,Thank you for your business!,,2026-06-01T22:36:21.422878,
36582dd0-b7d1-40f5-a76a-dc60ef0d2f0e,7179207a-0cc9-48e0-87e1-8cd7d2f9f721,,3018088a-1c7d-4349-8515-8e3647ed5f8e,INV-002947,Invoice for Products,sent,2025-11-02,2027-01-25,2026-06-06T17:10:12.422904,,69262.87,7.5,5194.72,74457.59,0,74457.59,USD,,,2026-04-18T21:16:55.422910,
175c3d49-55e2-4c21-849d-8bd1a0ab9d48,7179207a-0cc9-48e0-87e1-8cd7d2f9f721,,,INV-002948,Invoice for Support,partial,2026-07-02,2026-08-21,2026-05-10T17:03:31.422935,,79886.09,15,11982.91,91869.0,45934.5,45934.5,USD,,,2026-05-23T20:04:08.422941,
c6f9cc85-539f-4424-b0e9-42bed46a9149,7179207a-0cc9-48e0-87e1-8cd7d2f9f721,3ec99358-3f7b-404d-9c2e-5356ded70f5d,,INV-002949,Invoice for Support,sent,2025-11-19,2026-10-07,2026-04-08T09:40:32.422975,,59865.87,5,2993.29,62859.16,0,62859.16,USD,,,2026-05-24T00:15:53.422981,
a93c5ce2-59c1-4660-9649-8bc10c43f6a2,7179207a-0cc9-48e0-87e1-8cd7d2f9f721,,,INV-002950,Invoice for Support,overdue,2026-07-26,2026-09-16,2026-03-31T11:48:55.423012,,68711.48,8,5496.92,74208.4,0,74208.4,USD,Thank you for your business!,,2025-08-18T22:48:25.423018,
03a3b6c7-7e38-4c51-8804-567a3c4cfd3c,7179207a-0cc9-48e0-87e1-8cd7d2f9f721,,,INV-002951,Invoice for Products,cancelled,2025-10-03,2027-02-03,2026-02-19T06:40:43.423043,,36861.63,10,3686.16,40547.79,0,40547.79,USD,,,2025-10-27T21:37:19.423049,
ff3df52d-dcd2-4566-a1ee-ef58b0bc9fbe,7179207a-0cc9-48e0-87e1-8cd7d2f9f721,51b3965b-14cf-4d77-a2e8-d32960ea09c1,,INV-002952,Invoice for Consulting,draft,2025-11-22,2027-01-03,,,35301.94,8,2824.16,38126.1,0,38126.1,USD,,6b0af088-ddc4-4157-8aa3-64774c0c70df,2026-04-11T03:12:17.423077,
37246eaa-bd54-425a-8cc1-e9fc28d078c2,7179207a-0cc9-48e0-87e1-8cd7d2f9f721,,2509ca4d-c2c1-452e-bb07-de956886ebbc,INV-002953,Invoice for Consulting,draft,2026-05-10,2026-11-20,,,11067.77,0,0.0,11067.77,0,11067.77,USD,Thank you for your business!,9e62e65c-4cdf-4400-95f6-b03a352642e6,2026-05-07T06:29:22.423106,
e003a25f-5dca-4e64-910c-e2c013b55e9b,7179207a-0cc9-48e0-87e1-8cd7d2f9f721,b6ffc335-f3a3-4e16-abf6-e5a8d2e81148,0c2f4731-4fb4-4a0a-a35e-a02facd7c85c,INV-002954,Invoice for Support,paid,2025-09-12,2026-10-21,2026-07-28T13:50:53.423134,2026-06-02T04:56:48.423139,28790.34,15,4318.55,33108.89,33108.89,0,USD,Thank you for your business!,,2026-07-11T18:39:00.423145,
f53eadfd-e47d-4ba4-baf8-d746f7df23f3,7179207a-0cc9-48e0-87e1-8cd7d2f9f721,d4e0270b-d016-4a9e-a8f3-0e96c250e178,110105f3-0ba3-4842-9334-c27408e95a81,INV-002955,Invoice for Consulting,paid,2026-02-19,2026-08-17,2026-06-23T17:14:54.423178,2026-06-26T01:51:33.423183,37065.92,5,1853.3,38919.22,38919.22,0,USD,Thank you for your business!,,2025-10-19T00:47:31.423189,
a2f4ca16-71ea-4aae-b520-5539dbbc8787,7179207a-0cc9-48e0-87e1-8cd7d2f9f721,0dd8695d-69d1-44a0-9355-7c6a6e028aef,,INV-002956,Invoice for Subscription,viewed,2026-03-31,2026-10-21,2026-05-11T21:45:49.423215,,46388.94,8,3711.12,50100.06,0,50100.06,USD,Thank you for your business!,,2026-02-12T00:15:33.423220,
9178bb1a-d37c-4b9a-9b45-1c056fb46b4e,7179207a-0cc9-48e0-87e1-8cd7d2f9f721,40d0ba43-e451-4caf-a0e1-e606affadf0e,,INV-002957,Invoice for Consulting,paid,2026-07-08,2026-09-28,2026-05-09T11:27:11.423246,2026-08-06T11:49:38.423252,2905.36,10,290.54,3195.9,3195.9,0,USD,Thank you for your business!,,2026-06-28T18:44:40.423257,
d57cf532-9a1c-4d46-ab91-6a267d8c8824,7179207a-0cc9-48e0-87e1-8cd7d2f9f721,182b604d-5c8b-4887-93b5-d0dd2bdc67c6,,INV-002958,Invoice for Support,partial,2026-06-20,2026-10-30,2026-06-23T12:47:03.423284,,76924.1,20,15384.82,92308.92,46154.46,46154.46,USD,Thank you for your business!,bd0d6bfc-6e4b-4e43-8802-ac22344a8693,2026-04-26T06:55:07.423290,
37fbd87f-6da0-4a3f-926b-9226dfec101a,7179207a-0cc9-48e0-87e1-8cd7d2f9f721,f592f0ec-a86a-484c-a106-170c463d8cf9,,INV-002959,Invoice for Products,cancelled,2026-02-25,2026-09-20,2026-06-03T17:41:44.423321,,51978.39,8,4158.27,56136.66,0,56136.66,USD,Thank you for your business!,,2026-05-12T10:04:25.423331,
6d25b834-7d64-4188-8752-32409d3f8394,7179207a-0cc9-48e0-87e1-8cd7d2f9f721,,,INV-002960,Invoice for Consulting,overdue,2026-01-21,2027-01-08,2026-02-12T23:42:57.423361,,32061.26,20,6412.25,38473.51,0,38473.51,USD,,77da28ec-27bd-4599-bbe1-a2d4bc13ca82,2025-12-29T11:04:31.423368,
080f0047-00ac-49ee-ae4f-56b738c43496,7179207a-0cc9-48e0-87e1-8cd7d2f9f721,1e165cb9-691e-4aeb-a0a8-ba677cd65afb,e252f0d5-efa2-488a-83ed-23eabfe340f8,INV-002961,Invoice for Consulting,viewed,2026-05-23,2027-01-15,2026-06-26T21:38:49.423400,,94685.63,5,4734.28,99419.91,0,99419.91,USD,Thank you for your business!,,2025-08-24T22:37:43.423406,
9ffb6dda-1156-4fe5-b9b2-0d4f0480a63d,7179207a-0cc9-48e0-87e1-8cd7d2f9f721,7f56e39f-8b2d-4b7c-9844-842bf2ab6c54,adec4498-8d9a-4b90-bb67-581131b4ae51,INV-002962,Invoice for Products,sent,2026-03-05,2026-11-15,2026-02-08T02:57:51.423433,,91462.19,10,9146.22,100608.41,0,100608.41,USD,,,2025-11-21T00:51:01.423438,
db37573c-51c3-4d47-a07a-ad5b451391b7,7179207a-0cc9-48e0-87e1-8cd7d2f9f721,01801e41-1b09-46c0-8694-bd52cc46c780,,INV-002963,Invoice for Support,viewed,2026-07-25,2027-02-03,2026-05-13T22:53:23.423465,,57256.04,0,0.0,57256.04,0,57256.04,USD,Thank you for your business!,,2026-07-29T16:11:40.423470,
569dc315-fd4b-4fae-aeae-932c37d681bd,7179207a-0cc9-48e0-87e1-8cd7d2f9f721,7617c097-aac2-47e5-88de-f87298c42597,,INV-002964,Invoice for Consulting,draft,2025-09-18,2026-09-16,,,37239.27,20,7447.85,44687.12,0,44687.12,USD,,,2026-03-01T13:04:42.423497,
e7f97c07-3c6a-49de-9b82-11251ee2fa2a,7179207a-0cc9-48e0-87e1-8cd7d2f9f721,,edf42169-971e-48f5-a573-44f4df24b6c6,INV-002965,Invoice for Products,partial,2026-04-28,2026-10-19,2026-03-11T13:36:36.423527,,94940.14,15,14241.02,109181.16,54590.58,54590.58,USD,Thank you for your business!,e9411872-f680-4227-84af-9d094524e2f3,2026-03-12T02:45:53.423534,
8dfc8da1-978a-41ee-9f07-aa94f38abefa,7179207a-0cc9-48e0-87e1-8cd7d2f9f721,,e1920283-c54c-48e7-bd27-0bddb21c81f4,INV-002966,Invoice for Consulting,draft,2026-02-26,2026-10-18,,,20531.12,7.5,1539.83,22070.95,0,22070.95,USD,Thank you for your business!,,2026-04-11T06:19:39.423564,
7d8aa94d-f59c-4fa4-aa46-0636ae1b08eb,7179207a-0cc9-48e0-87e1-8cd7d2f9f721,8ed5331a-f3ad-413b-bc0b-5fbf4bb2ecc2,de4e95e2-beb1-4411-9189-1d641556f026,INV-002967,Invoice for Services,sent,2026-05-10,2027-01-10,2026-06-26T17:37:35.423591,,78282.96,5,3914.15,82197.11,0,82197.11,USD,Thank you for your business!,,2025-12-09T01:07:08.423597,
c46b92e2-65bc-4f11-802b-c865dac1f452,7179207a-0cc9-48e0-87e1-8cd7d2f9f721,6bfdc49e-0d49-49f0-929b-c23ae8b29f40,,INV-002968,Invoice for Subscription,viewed,2026-04-11,2026-12-23,2026-05-05T22:16:02.423623,,36276.93,10,3627.69,39904.62,0,39904.62,USD,Thank you for your business!,,2026-03-30T02:14:14.423628,
c2b4b3bd-c85f-4133-a481-3ad0d4033b40,7179207a-0cc9-48e0-87e1-8cd7d2f9f721,11877f8f-3c05-433e-ae81-b17bc67c26c5,383153b2-c29b-43af-a649-c7c64ba2669d,INV-002969,Invoice for Services,draft,2026-01-03,2026-11-15,,,59414.49,0,0.0,59414.49,0,59414.49,USD,,,2026-03-29T08:00:28.423663,
7abf0262-f2ae-411e-8e9e-de2b99518f42,7179207a-0cc9-48e0-87e1-8cd7d2f9f721,4fa2a41e-f03c-4143-b160-5ab33b8c62cd,,INV-002970,Invoice for Support,cancelled,2026-02-08,2027-01-26,2026-07-31T19:12:48.423689,,89991.31,10,8999.13,98990.44,0,98990.44,USD,Thank you for your business!,,2026-04-04T04:51:53.423695,
d8507111-5be7-4d38-9ae2-fcd820f439c4,7179207a-0cc9-48e0-87e1-8cd7d2f9f721,5c276f69-2846-4084-acc5-18fbe9de16e1,a16aa5e8-0c44-47aa-8fd9-0d0d8a528585,INV-002971,Invoice for Products,partial,2025-12-29,2026-09-10,2026-07-27T17:02:06.423725,,84568.78,0,0.0,84568.78,42284.39,42284.39,USD,Thank you for your business!,706fb710-ffec-4c8d-b13c-db3293f91924,2026-02-03T16:19:22.423732,
a9bdec8d-1376-42d3-931d-c10c1e671d9f,7179207a-0cc9-48e0-87e1-8cd7d2f9f721,f36a1a9b-6b57-4c94-affd-9b6106c449fa,,INV-002972,Invoice for Products,viewed,2026-02-23,2026-10-16,2026-05-11T03:18:51.423782,,70708.79,10,7070.88,77779.67,0,77779.67,USD,Thank you for your business!,9083191a-e961-4244-95b9-d0a37265c1e7,2025-11-13T01:59:09.423790,
13945f94-8b05-4768-87c4-76acc27ccf95,7179207a-0cc9-48e0-87e1-8cd7d2f9f721,,7783b5f3-2e53-4adf-a826-0a38597b49da,INV-002973,Invoice for Consulting,sent,2026-06-28,2026-10-08,2026-03-14T23:33:57.423817,,57094.15,7.5,4282.06,61376.21,0,61376.21,USD,,,2026-06-08T17:04:00.423823,
3521e80d-27a2-4cb0-9ca2-6bd3acc738cb,7179207a-0cc9-48e0-87e1-8cd7d2f9f721,d760cf32-6490-43d7-9587-5961efd5823e,d91b21f2-f91d-4d8d-8fa5-e188730f0390,INV-002974,Invoice for Subscription,overdue,2025-09-16,2026-12-21,2026-07-17T19:13:40.423850,,48428.38,0,0.0,48428.38,0,48428.38,USD,Thank you for your business!,b786cb0c-b120-4530-8f7d-bc11aa28d5d9,2026-06-07T05:48:26.423856,
08fdcd58-ad08-4ca5-a6c9-ca60c2864f7b,7179207a-0cc9-48e0-87e1-8cd7d2f9f721,7b0395a8-9d6a-4eef-819b-48f747c41dcb,0e3456e1-3d71-449d-bf2f-e06289a2ea29,INV-002975,Invoice for Products,sent,2026-03-18,2026-11-02,2026-04-19T11:36:51.423884,,8871.8,7.5,665.38,9537.18,0,9537.18,USD,Thank you for your business!,,2025-10-30T13:16:03.423890,
74b00715-dfa4-48de-8298-b76fd844d8ba,7179207a-0cc9-48e0-87e1-8cd7d2f9f721,ef1f32e2-82d0-438d-9188-8197f2604ee4,,INV-002976,Invoice for Consulting,overdue,2026-04-23,2026-12-01,2026-05-26T04:19:24.423920,,7204.88,0,0.0,7204.88,0,7204.88,USD,,,2026-05-18T12:58:12.423926,
3cf908d3-5e9b-4d18-a931-1c427a2bcf6f,7179207a-0cc9-48e0-87e1-8cd7d2f9f721,,ca3dadcf-50ac-4d54-9075-5941dccb1715,INV-002977,Invoice for Consulting,viewed,2026-02-13,2027-02-04,2026-07-19T15:57:28.423951,,69681.62,0,0.0,69681.62,0,69681.62,USD,,6b0af088-ddc4-4157-8aa3-64774c0c70df,2026-06-18T19:05:38.423961,
3b68e5dc-82b0-4302-8e91-2eed1a7bf2ac,7179207a-0cc9-48e0-87e1-8cd7d2f9f721,,,INV-002978,Invoice for Subscription,cancelled,2025-08-16,2026-09-08,2026-05-11T14:40:06.423987,,19906.04,8,1592.48,21498.52,0,21498.52,USD,,,2025-12-18T12:59:28.423993,
473cc82c-2400-450e-83d4-7ad98e745cdd,7179207a-0cc9-48e0-87e1-8cd7d2f9f721,e653260c-b2ca-4671-ab05-785576a1b6ff,,INV-002979,Invoice for Consulting,overdue,2026-05-03,2026-12-08,2026-02-27T22:35:49.424019,,4454.61,0,0.0,4454.61,0,4454.61,USD,,,2026-04-02T07:32:57.424024,
312926e1-c172-49a2-b0ad-1b88e3b9161c,7179207a-0cc9-48e0-87e1-8cd7d2f9f721,4bfc41b2-22fa-4037-8c23-491fb123c974,adec4498-8d9a-4b90-bb67-581131b4ae51,INV-002980,Invoice for Products,viewed,2026-03-22,2026-09-25,2026-06-12T21:09:48.424051,,2051.22,7.5,153.84,2205.06,0,2205.06,USD,Thank you for your business!,,2025-10-25T23:39:42.424057,
c3f35009-a286-4b2a-a2c2-a510d5cb7b98,7179207a-0cc9-48e0-87e1-8cd7d2f9f721,,d91b21f2-f91d-4d8d-8fa5-e188730f0390,INV-002981,Invoice for Support,viewed,2026-07-31,2027-01-17,2026-02-22T06:21:02.424100,,14935.29,10,1493.53,16428.82,0,16428.82,USD,Thank you for your business!,,2026-04-11T14:12:14.424106,
9bd44830-604c-423c-90cd-4ea6509010c4,7179207a-0cc9-48e0-87e1-8cd7d2f9f721,71734e1f-5241-4ae3-9da8-a06b40de85d5,,INV-002982,Invoice for Consulting,viewed,2026-03-27,2026-11-05,2026-07-24T03:57:29.424132,,34645.56,7.5,2598.42,37243.98,0,37243.98,USD,Thank you for your business!,,2025-09-08T15:01:03.424138,
65fd0abe-1644-4eab-9c04-6d972cd0e9de,7179207a-0cc9-48e0-87e1-8cd7d2f9f721,f567f2f5-5bc4-4951-b660-3fa4366e1d6e,,INV-002983,Invoice for Products,partial,2026-04-13,2026-12-27,2026-02-10T21:07:03.424164,,61993.8,0,0.0,61993.8,30996.9,30996.9,USD,,,2025-11-21T23:31:43.424170,
f2f5ea4d-2a81-4498-acc1-3285b050e8c8,7179207a-0cc9-48e0-87e1-8cd7d2f9f721,430ed494-a69d-483b-ba45-47452e33cfff,488869ff-fb38-415d-938d-f39d37b046b4,INV-002984,Invoice for Subscription,viewed,2025-08-09,2026-12-03,2026-06-25T11:04:48.424196,,79971.04,7.5,5997.83,85968.87,0,85968.87,USD,Thank you for your business!,,2025-12-06T15:00:28.424202,
c638c033-5e44-4a7d-bf30-a1f74bd16cad,7179207a-0cc9-48e0-87e1-8cd7d2f9f721,d4274902-334c-4529-b638-3afc7affda41,0c2f4731-4fb4-4a0a-a35e-a02facd7c85c,INV-002985,Invoice for Products,sent,2026-05-27,2026-09-24,2026-02-05T05:47:37.424228,,18655.9,8,1492.47,20148.37,0,20148.37,USD,Thank you for your business!,,2025-10-15T15:36:40.424234,
12c8070e-73eb-47c6-a8f6-a9d6966ef1f5,7179207a-0cc9-48e0-87e1-8cd7d2f9f721,9269ab74-45b4-4be0-8aea-5f6d0cb268b4,,INV-002986,Invoice for Services,sent,2026-02-02,2026-12-11,2026-03-21T23:59:41.424264,,82762.68,7.5,6207.2,88969.88,0,88969.88,USD,Thank you for your business!,,2025-10-04T14:11:01.424270,
f649355f-765c-4e45-b327-378b74974e1f,7179207a-0cc9-48e0-87e1-8cd7d2f9f721,,,INV-002987,Invoice for Consulting,sent,2025-12-09,2026-09-10,2026-02-23T13:28:12.424294,,38604.43,20,7720.89,46325.32,0,46325.32,USD,,,2026-07-05T15:08:15.424300,
ef105dff-64c3-4561-a889-4061b82b1fdd,7179207a-0cc9-48e0-87e1-8cd7d2f9f721,7253cde9-7dd0-4d4f-8619-2b5d82cc7b4a,,INV-002988,Invoice for Services,sent,2026-02-21,2027-01-29,2026-04-29T21:58:32.424325,,29032.14,15,4354.82,33386.96,0,33386.96,USD,Thank you for your business!,,2025-10-06T03:12:13.424331,
a3615a38-b276-4668-b9b7-1c09b2451eb3,7179207a-0cc9-48e0-87e1-8cd7d2f9f721,,,INV-002989,Invoice for Support,overdue,2026-05-21,2026-12-25,2026-06-27T07:31:30.424356,,63622.66,15,9543.4,73166.06,0,73166.06,USD,Thank you for your business!,,2026-02-01T09:51:27.424362,
3ff65690-f790-4337-b50f-85f0e8d1e767,7179207a-0cc9-48e0-87e1-8cd7d2f9f721,0e93bcb1-628e-4e0c-88fb-96827e98ba0c,,INV-002990,Invoice for Support,partial,2025-11-27,2026-09-19,2026-03-11T19:06:32.424387,,20681.72,0,0.0,20681.72,10340.86,10340.86,USD,Thank you for your business!,,2026-08-07T01:02:19.424393,
145d7d70-863f-4f7d-ac20-44be2144bbe2,7179207a-0cc9-48e0-87e1-8cd7d2f9f721,cdb86357-5572-4ee4-b387-8711f2035386,3b4822f7-0a3c-4d86-ac8c-66a59a394d32,INV-002991,Invoice for Services,partial,2025-12-31,2026-08-21,2026-07-09T07:52:26.424423,,22183.29,0,0.0,22183.29,11091.645,11091.645,USD,Thank you for your business!,e0c931c2-0b2e-42f1-aebb-974ad67e0f47,2026-03-05T06:23:31.424430,
8d6abb66-d336-4805-bd6c-4e1abd660db5,7179207a-0cc9-48e0-87e1-8cd7d2f9f721,6c308065-3d6a-45d3-b7aa-a13130a52ff0,,INV-002992,Invoice for Support,cancelled,2026-04-02,2026-10-16,2026-02-09T01:17:00.424474,,34051.86,7.5,2553.89,36605.75,0,36605.75,USD,,,2026-02-20T03:56:01.424480,
0aeb9ed3-9ddc-41df-82e5-c2e14f4009dd,7179207a-0cc9-48e0-87e1-8cd7d2f9f721,,,INV-002993,Invoice for Products,viewed,2026-05-26,2026-08-19,2026-02-18T20:22:29.424506,,17817.34,10,1781.73,19599.07,0,19599.07,USD,,,2026-03-16T21:33:39.424512,
a2599efa-00f9-424b-a136-ae3e5f376105,7179207a-0cc9-48e0-87e1-8cd7d2f9f721,,,INV-002994,Invoice for Consulting,viewed,2025-12-02,2026-11-05,2026-07-20T01:59:21.424537,,27465.9,5,1373.3,28839.2,0,28839.2,USD,Thank you for your business!,,2025-12-08T08:24:40.424543,
6d7b96b0-9dfc-41e4-a7d3-307a6a7084d5,7179207a-0cc9-48e0-87e1-8cd7d2f9f721,aac21f5d-8e29-4f5e-957e-5b5f6196f477,30f7a49e-c851-4904-b109-c2e3c1d85778,INV-002995,Invoice for Services,partial,2026-03-22,2026-10-26,2026-05-31T09:46:58.424577,,87803.47,7.5,6585.26,94388.73,47194.365,47194.365,USD,Thank you for your business!,,2026-04-12T00:07:21.424584,
8d16b3ea-e341-4131-86fc-e0b51c1c3f6a,7179207a-0cc9-48e0-87e1-8cd7d2f9f721,ef1f32e2-82d0-438d-9188-8197f2604ee4,bdcc1d95-e8f9-4bf9-bc7d-baefb6cf5b58,INV-002996,Invoice for Consulting,overdue,2026-04-15,2026-09-19,2026-02-11T15:40:17.424613,,58611.88,20,11722.38,70334.26,0,70334.26,USD,Thank you for your business!,4ee50a11-f175-4b2a-bb42-490ee6b0ac46,2025-10-30T06:07:58.424620,
77c32283-db21-4661-a40d-c5144e24a7b5,7179207a-0cc9-48e0-87e1-8cd7d2f9f721,430bfed4-c32a-4785-95d6-0a297f62ba7b,,INV-002997,Invoice for Support,draft,2026-04-29,2026-12-10,,,12293.38,7.5,922.0,13215.38,0,13215.38,USD,,,2025-09-08T21:22:54.424656,
e5ac5ae7-ffb9-4484-a79e-73a5b7308984,7179207a-0cc9-48e0-87e1-8cd7d2f9f721,,,INV-002998,Invoice for Subscription,overdue,2026-02-25,2026-11-05,2026-05-02T19:41:09.424682,,333.88,15,50.08,383.96,0,383.96,USD,Thank you for your business!,808f57c5-a989-45db-90d9-03b2163c6197,2025-11-25T15:04:28.424689,
526665d8-2662-4956-95ef-15904548d5d2,7179207a-0cc9-48e0-87e1-8cd7d2f9f721,,,INV-002999,Invoice for Subscription,partial,2026-05-11,2026-11-18,2026-02-20T10:36:40.424713,,81113.73,8,6489.1,87602.83,43801.415,43801.415,USD,Thank you for your business!,,2026-05-12T23:30:59.424719,
6ef6749b-d3a2-4bff-9b9e-860c8695fe9f,7179207a-0cc9-48e0-87e1-8cd7d2f9f721,d4cfea2d-e345-4ff3-a19f-71f068e2ec56,16f68f54-bed3-419f-8525-947feec68121,INV-003000,Invoice for Support,sent,2025-08-19,2027-01-31,2026-06-17T10:51:34.424751,,97214.76,5,4860.74,102075.5,0,102075.5,USD,,,2025-11-20T05:53:13.424757,
