id,tenant_id,user_id,contact_id,deal_id,title,description,start_time,end_time,location,status,created_at,created_by
61734ed0-fefa-4303-b5e9-cc64d35a670a,6e2684b5-dd18-4549-8440-7276b577d2b5,8e8f6232-b5f8-466d-98c1-6a9d8090c3eb,41659826-013c-4c7a-b21b-6be7faa73788,,Training Workshop,Meeting about board meeting,2026-05-17T06:44:37.428473,2026-05-17T08:44:37.428473,In Person,cancelled,2026-01-25T04:03:06.428570,876017f1-7629-48e0-9ce9-20b44276c7d6
a39a3e6e-af6f-4b52-a3ca-9a84dbfbb678,6e2684b5-dd18-4549-8440-7276b577d2b5,d53e375b-e751-4c1c-9dd2-2c198336f144,5763a345-fa1b-4064-a6db-dc54be9b2381,,Strategy Meeting,Meeting about contract negotiation,2026-09-14T20:41:14.428583,2026-09-14T20:56:14.428583,Phone,cancelled,2025-10-18T04:06:19.428605,58f39eeb-75cb-4ef4-96ba-4a30c22a7a1e
57b5e9d9-ad3b-4f9a-804c-05e5f46881d1,6e2684b5-dd18-4549-8440-7276b577d2b5,7675c849-0f1f-4fa3-923c-f392ea4a2f35,,,Contract Negotiation,Meeting about project update,2026-09-25T19:01:33.428613,2026-09-25T20:31:33.428613,Phone,cancelled,2026-05-06T16:18:12.428631,1f599b2d-4c19-4c7e-91e2-f8655b60b03d
8a004f11-dca3-4df6-b987-7304c4f7c0a7,6e2684b5-dd18-4549-8440-7276b577d2b5,f26bd177-029d-4863-993c-dfebe5004897,,,Strategy Meeting,Meeting about contract negotiation,2026-08-12T07:33:53.428659,2026-08-12T09:33:53.428659,Teams,completed,2025-11-08T14:33:06.428681,8b51f21b-0da9-4139-8f04-0ef4187ce705
fa68a9db-24b9-4436-8783-05ea9463b907,6e2684b5-dd18-4549-8440-7276b577d2b5,6339ef1b-ca56-4fa5-9ddb-36a79ac9d12f,eda8e36a-d935-4bb1-ad91-ba7d06020329,,Budget Review,Meeting about support call,2026-05-22T16:43:40.428690,2026-05-22T18:43:40.428690,Google Meet,no_show,2025-12-06T18:48:40.428711,d53e375b-e751-4c1c-9dd2-2c198336f144
2615a372-3c21-4d9b-a44a-c7364dcc4397,6e2684b5-dd18-4549-8440-7276b577d2b5,1f599b2d-4c19-4c7e-91e2-f8655b60b03d,,79dc17b9-da5e-426d-ab04-911a5654052b,Partnership Discussion,Meeting about training workshop,2026-06-17T20:55:27.428718,2026-06-17T21:25:27.428718,Zoom,completed,2026-07-05T05:31:54.428735,8e8f6232-b5f8-466d-98c1-6a9d8090c3eb
0ec179a2-c796-4c11-a073-c12a9492a795,6e2684b5-dd18-4549-8440-7276b577d2b5,1f599b2d-4c19-4c7e-91e2-f8655b60b03d,,,Sales Call,Meeting about board meeting,2026-08-09T16:02:51.428742,2026-08-09T17:32:51.428742,Teams,no_show,2026-02-25T19:39:37.428759,13f891f6-02c5-48a2-bb4f-65f664be06a0
64c7eee4-eb67-40f1-b2de-e7af90bc1c7f,6e2684b5-dd18-4549-8440-7276b577d2b5,7223e10a-b124-4a7f-a342-f0f59020ba2f,,d6b2e96f-96b9-4546-90bd-e5ac2332b879,Client Check-in,Meeting about support call,2026-05-13T17:51:45.428769,2026-05-13T19:21:45.428769,Zoom,scheduled,2026-06-21T22:12:45.428791,1f599b2d-4c19-4c7e-91e2-f8655b60b03d
92e59283-59ac-4646-bb02-3020f5e0ddb0,6e2684b5-dd18-4549-8440-7276b577d2b5,7675c849-0f1f-4fa3-923c-f392ea4a2f35,54c72754-c4bb-4dd8-bf11-18c0c400f393,,Contract Negotiation,Meeting about project update,2026-10-17T00:50:00.428798,2026-10-17T01:20:00.428798,In Person,completed,2026-04-04T00:11:43.428822,eb9f903e-4cd4-462b-9c0c-0720da83cfc0
e97ae6f4-8cb3-4678-acec-5297fa813d6a,6e2684b5-dd18-4549-8440-7276b577d2b5,7223e10a-b124-4a7f-a342-f0f59020ba2f,,,Board Meeting,Meeting about project update,2026-09-08T05:45:27.428829,2026-09-08T07:45:27.428829,Zoom,no_show,2025-12-17T02:27:55.428845,8e8f6232-b5f8-466d-98c1-6a9d8090c3eb
dcb2170b-8845-45ea-8f4a-b12e83cba675,6e2684b5-dd18-4549-8440-7276b577d2b5,d53e375b-e751-4c1c-9dd2-2c198336f144,cd5e2323-8b0d-4f58-9965-e874e2df6543,55279fa2-4f34-4c6a-a8ba-1eca0b2efce8,Strategy Meeting,Meeting about strategy meeting,2026-06-05T18:35:22.428855,2026-06-05T19:05:22.428855,Phone,no_show,2026-01-22T00:00:31.428873,58f39eeb-75cb-4ef4-96ba-4a30c22a7a1e
226a4e66-8d19-4123-837f-bd0835e0600c,6e2684b5-dd18-4549-8440-7276b577d2b5,1f599b2d-4c19-4c7e-91e2-f8655b60b03d,cf46c5ca-3e5e-4188-b06c-19b5d979a157,b8c5ac77-91eb-421f-bbf4-c4ccd60bfad0,Board Meeting,Meeting about partnership discussion,2026-07-20T22:04:22.428879,2026-07-20T23:34:22.428879,Phone,no_show,2026-05-13T19:07:27.428900,8e8f6232-b5f8-466d-98c1-6a9d8090c3eb
46623d87-47c2-4946-ac5c-7c659063baca,6e2684b5-dd18-4549-8440-7276b577d2b5,58f39eeb-75cb-4ef4-96ba-4a30c22a7a1e,,,Onboarding Session,Meeting about performance review,2026-07-04T00:21:59.428907,2026-07-04T00:36:59.428907,Zoom,completed,2026-07-30T08:27:01.428922,63c904bb-37e1-42e9-b828-03d273915302
00f3ecdc-487e-4cf4-b7e5-fd9262d26f1e,6e2684b5-dd18-4549-8440-7276b577d2b5,71030eb2-1621-4863-8e2d-b6184abb7f32,0fa9efd7-f22e-4f76-a1b2-35282e5bf94a,,Product Demo,Meeting about client check-in,2026-08-20T06:44:37.428933,2026-08-20T07:44:37.428933,Google Meet,no_show,2026-03-24T11:18:49.428954,13f891f6-02c5-48a2-bb4f-65f664be06a0
a9b8166f-62af-4aca-9edd-913bdbbc87e6,6e2684b5-dd18-4549-8440-7276b577d2b5,8b51f21b-0da9-4139-8f04-0ef4187ce705,91c18464-ccc3-4eca-89bb-de4a6713c118,,Contract Negotiation,Meeting about quarterly review,2026-06-27T21:15:49.428961,2026-06-27T22:00:49.428961,,completed,2026-07-13T08:15:28.428977,876017f1-7629-48e0-9ce9-20b44276c7d6
6bbc0b2e-5149-428e-b675-915867b10a05,6e2684b5-dd18-4549-8440-7276b577d2b5,8b51f21b-0da9-4139-8f04-0ef4187ce705,,,Strategy Meeting,Meeting about onboarding session,2026-10-14T13:25:37.428983,2026-10-14T14:25:37.428983,In Person,scheduled,2025-11-26T11:50:38.428998,1f599b2d-4c19-4c7e-91e2-f8655b60b03d
e99ab3cf-c7b5-49c6-8730-a4b39fcee0be,6e2684b5-dd18-4549-8440-7276b577d2b5,13f891f6-02c5-48a2-bb4f-65f664be06a0,36653647-15dc-4217-ac30-b26ad0196374,,Strategy Meeting,Meeting about board meeting,2026-08-19T03:03:59.429004,2026-08-19T05:03:59.429004,Teams,scheduled,2025-11-03T20:28:41.429022,7223e10a-b124-4a7f-a342-f0f59020ba2f
04689083-57e6-45cc-bb96-304762dee661,6e2684b5-dd18-4549-8440-7276b577d2b5,58f39eeb-75cb-4ef4-96ba-4a30c22a7a1e,,e7dc263a-2119-4c7d-bb5f-02dcd404176a,Partnership Discussion,Meeting about partnership discussion,2026-05-27T02:45:41.429028,2026-05-27T03:30:41.429028,Zoom,scheduled,2026-01-13T04:41:23.429044,7223e10a-b124-4a7f-a342-f0f59020ba2f
598d890e-9f3a-4f98-8f3a-3de365af1614,6e2684b5-dd18-4549-8440-7276b577d2b5,7675c849-0f1f-4fa3-923c-f392ea4a2f35,,,Partnership Discussion,Meeting about client check-in,2026-05-09T15:19:45.429051,2026-05-09T15:49:45.429051,In Person,completed,2026-05-18T22:35:06.429068,eb9f903e-4cd4-462b-9c0c-0720da83cfc0
032f4624-46d4-4384-bce6-283d86ceb4c9,6e2684b5-dd18-4549-8440-7276b577d2b5,7223e10a-b124-4a7f-a342-f0f59020ba2f,,,Support Call,Meeting about support call,2026-06-21T07:37:39.429074,2026-06-21T09:37:39.429074,Teams,scheduled,2025-10-12T15:54:21.429089,7675c849-0f1f-4fa3-923c-f392ea4a2f35
180ef074-4873-4f25-88b8-b792e837d533,6e2684b5-dd18-4549-8440-7276b577d2b5,1f599b2d-4c19-4c7e-91e2-f8655b60b03d,,,Sales Call,Meeting about onboarding session,2026-08-12T03:49:06.429095,2026-08-12T04:34:06.429095,,completed,2026-04-12T13:50:50.429110,eb9f903e-4cd4-462b-9c0c-0720da83cfc0
39d826ce-675e-4cec-8731-2403e9840673,6e2684b5-dd18-4549-8440-7276b577d2b5,9d990953-1d48-4691-9104-88f3d84dc63c,b00a9aa0-677e-4f8a-ac0f-52479b0224fb,,Client Check-in,Meeting about contract negotiation,2026-09-23T04:09:27.429116,2026-09-23T04:54:27.429116,,no_show,2026-06-19T07:57:36.429132,13f891f6-02c5-48a2-bb4f-65f664be06a0
2f151627-21d1-4a04-a26a-e2188133476f,6e2684b5-dd18-4549-8440-7276b577d2b5,8e8f6232-b5f8-466d-98c1-6a9d8090c3eb,,55279fa2-4f34-4c6a-a8ba-1eca0b2efce8,Quarterly Review,Meeting about quarterly review,2026-10-12T04:16:20.429138,2026-10-12T05:01:20.429138,Google Meet,no_show,2026-07-15T09:43:18.429154,8b51f21b-0da9-4139-8f04-0ef4187ce705
7fa7d1dd-777f-4f50-80b6-5fdafaa346cc,6e2684b5-dd18-4549-8440-7276b577d2b5,f26bd177-029d-4863-993c-dfebe5004897,d47d2cd4-6801-463e-8ca9-4b47972f0518,28c66521-ddb5-4c67-98a8-f185b6a69cd4,Training Workshop,Meeting about contract negotiation,2026-08-07T19:01:10.429166,2026-08-07T19:31:10.429166,Teams,completed,2025-10-08T23:05:39.429184,7675c849-0f1f-4fa3-923c-f392ea4a2f35
ac011acc-082d-4703-b278-a01f4d48ee63,6e2684b5-dd18-4549-8440-7276b577d2b5,63c904bb-37e1-42e9-b828-03d273915302,,,Budget Review,Meeting about performance review,2026-05-28T10:23:19.429190,2026-05-28T11:08:19.429190,In Person,completed,2025-09-10T16:44:30.429208,8e8f6232-b5f8-466d-98c1-6a9d8090c3eb
2e8d2505-6e8d-4166-a63e-eb5c95b9f4f0,6e2684b5-dd18-4549-8440-7276b577d2b5,d53e375b-e751-4c1c-9dd2-2c198336f144,,24f28013-c3b0-4d2c-ae64-ffedcc404e7a,Client Check-in,Meeting about budget review,2026-05-20T12:32:23.429215,2026-05-20T13:32:23.429215,,scheduled,2026-04-13T20:30:24.429230,1f599b2d-4c19-4c7e-91e2-f8655b60b03d
dcdb8fab-2933-4d2e-beed-ecf6c76f3119,6e2684b5-dd18-4549-8440-7276b577d2b5,876017f1-7629-48e0-9ce9-20b44276c7d6,6b56a952-c719-4211-bff1-54df3dcee253,,Client Check-in,Meeting about budget review,2026-09-08T02:08:21.429236,2026-09-08T03:08:21.429236,Google Meet,no_show,2026-05-30T07:26:10.429252,d53e375b-e751-4c1c-9dd2-2c198336f144
457d6550-2847-4db3-92b0-e9efa18d8e93,6e2684b5-dd18-4549-8440-7276b577d2b5,63c904bb-37e1-42e9-b828-03d273915302,4e540afc-6f8c-4272-8773-8882e02207ac,,Product Demo,Meeting about budget review,2026-08-08T01:56:09.429259,2026-08-08T02:11:09.429259,Google Meet,cancelled,2026-05-04T23:50:07.429275,71030eb2-1621-4863-8e2d-b6184abb7f32
d434732e-b26e-485d-aee4-c924444f40ff,6e2684b5-dd18-4549-8440-7276b577d2b5,f26bd177-029d-4863-993c-dfebe5004897,7c978ffc-cb90-4468-8c25-0d1fe47a26fd,,Performance Review,Meeting about performance review,2026-05-24T18:20:44.429281,2026-05-24T19:20:44.429281,Google Meet,completed,2026-07-26T15:39:02.429297,58f39eeb-75cb-4ef4-96ba-4a30c22a7a1e
bdf089fe-a353-4cda-8173-0337f1892247,6e2684b5-dd18-4549-8440-7276b577d2b5,f26bd177-029d-4863-993c-dfebe5004897,,0ba0942b-5072-43ed-943a-b7b1c188e8cd,Partnership Discussion,Meeting about quarterly review,2026-10-14T05:30:07.429303,2026-10-14T07:00:07.429303,,no_show,2026-03-22T21:50:35.429319,1f599b2d-4c19-4c7e-91e2-f8655b60b03d
644acb48-0249-46ab-8b6b-ca11a27d547d,6e2684b5-dd18-4549-8440-7276b577d2b5,58f39eeb-75cb-4ef4-96ba-4a30c22a7a1e,,,Team Standup,Meeting about performance review,2026-05-18T18:20:29.429325,2026-05-18T19:05:29.429325,Google Meet,cancelled,2026-04-18T00:55:09.429340,d53e375b-e751-4c1c-9dd2-2c198336f144
b7ffb964-45b8-4e00-8a1b-a47bab9b6976,6e2684b5-dd18-4549-8440-7276b577d2b5,9d990953-1d48-4691-9104-88f3d84dc63c,b3c7dc12-d59d-4a20-80b5-e445e410a0f7,d4e79d9b-e38e-41fb-87a9-352581ff397c,Contract Negotiation,Meeting about client check-in,2026-06-05T20:38:34.429346,2026-06-05T21:38:34.429346,,no_show,2025-08-07T01:18:10.429364,13f891f6-02c5-48a2-bb4f-65f664be06a0
d697874b-a2aa-4380-a150-5df936eed478,6e2684b5-dd18-4549-8440-7276b577d2b5,9d990953-1d48-4691-9104-88f3d84dc63c,a4716d5e-fed0-463b-895a-132e35728fb0,,Contract Negotiation,Meeting about support call,2026-10-12T02:53:28.429370,2026-10-12T04:23:28.429370,Phone,cancelled,2026-06-10T08:58:21.429386,eb9f903e-4cd4-462b-9c0c-0720da83cfc0
727d8c18-6d95-466f-a36a-e5725f4bb295,6e2684b5-dd18-4549-8440-7276b577d2b5,63c904bb-37e1-42e9-b828-03d273915302,73baa301-eda2-4f2d-8c12-27e36bc235a5,,Project Update,Meeting about support call,2026-06-15T18:38:34.429396,2026-06-15T19:08:34.429396,Phone,cancelled,2025-08-14T07:00:23.429414,9d990953-1d48-4691-9104-88f3d84dc63c
7e1b28fd-2c6f-410e-a844-e6750561b6d0,6e2684b5-dd18-4549-8440-7276b577d2b5,8e8f6232-b5f8-466d-98c1-6a9d8090c3eb,,093c9e92-1a92-4302-8b5c-cf7c3436a6cb,Team Standup,Meeting about client check-in,2026-06-27T21:21:52.429420,2026-06-27T22:51:52.429420,Zoom,cancelled,2025-12-13T07:27:18.429436,71030eb2-1621-4863-8e2d-b6184abb7f32
33ca76ac-e804-42ce-88f9-f75d66a9c04f,6e2684b5-dd18-4549-8440-7276b577d2b5,1f599b2d-4c19-4c7e-91e2-f8655b60b03d,,,Performance Review,Meeting about performance review,2026-10-14T01:43:28.429443,2026-10-14T02:13:28.429443,Zoom,cancelled,2026-05-12T21:07:45.429458,7223e10a-b124-4a7f-a342-f0f59020ba2f
0eba918d-a405-42da-91c0-bcbda8c5432c,6e2684b5-dd18-4549-8440-7276b577d2b5,9d990953-1d48-4691-9104-88f3d84dc63c,7ee842c5-a528-42c1-82f9-0b49c4db4df3,6a490a73-654e-40c1-bfc1-9e9d6be8bae8,Project Update,Meeting about sales call,2026-09-18T19:31:45.429464,2026-09-18T20:01:45.429464,,scheduled,2026-01-18T04:23:34.429481,8e8f6232-b5f8-466d-98c1-6a9d8090c3eb
31c1c9e0-0583-4cad-942a-81dce8cba06e,6e2684b5-dd18-4549-8440-7276b577d2b5,eb9f903e-4cd4-462b-9c0c-0720da83cfc0,fd09e164-ba59-455a-a15e-102b4e37d130,5c6e1319-8d30-4d7b-9c34-42514f4b97f2,Strategy Meeting,Meeting about board meeting,2026-05-12T16:40:30.429490,2026-05-12T17:10:30.429490,Zoom,no_show,2025-09-20T13:20:49.429507,9d990953-1d48-4691-9104-88f3d84dc63c
99582038-63c0-4917-8343-b75a57c95084,6e2684b5-dd18-4549-8440-7276b577d2b5,6339ef1b-ca56-4fa5-9ddb-36a79ac9d12f,73a5ca22-6abc-47aa-9bf0-b59d9a1ab35e,,Quarterly Review,Meeting about contract negotiation,2026-09-04T14:52:15.429513,2026-09-04T16:22:15.429513,In Person,no_show,2026-01-01T16:20:21.429530,f26bd177-029d-4863-993c-dfebe5004897
971bbeb8-c65c-47f9-b583-13c47f408f23,6e2684b5-dd18-4549-8440-7276b577d2b5,f26bd177-029d-4863-993c-dfebe5004897,0af751da-b998-4235-9b80-2066500abd4d,c69a7314-3bc7-4df7-b15f-28991c104f4f,Training Workshop,Meeting about support call,2026-07-29T07:20:47.429536,2026-07-29T08:05:47.429536,In Person,completed,2025-11-21T07:40:31.429553,7675c849-0f1f-4fa3-923c-f392ea4a2f35
4a282a85-0672-4dc2-a8eb-03729c40f88e,6e2684b5-dd18-4549-8440-7276b577d2b5,8e8f6232-b5f8-466d-98c1-6a9d8090c3eb,bcb2c276-d84b-47e5-86d8-c78ac25feec4,,Sales Call,Meeting about quarterly review,2026-10-01T13:02:33.429559,2026-10-01T13:32:33.429559,Teams,scheduled,2026-05-25T04:09:45.429576,eb9f903e-4cd4-462b-9c0c-0720da83cfc0
ec19f7c0-5e0e-4238-8888-fe50e0e61e9c,6e2684b5-dd18-4549-8440-7276b577d2b5,71030eb2-1621-4863-8e2d-b6184abb7f32,,,Team Standup,Meeting about partnership discussion,2026-08-06T04:51:32.429583,2026-08-06T06:21:32.429583,,cancelled,2026-04-08T07:57:43.429597,8b51f21b-0da9-4139-8f04-0ef4187ce705
1f5894a7-53b7-4766-8736-bf8fe2885237,6e2684b5-dd18-4549-8440-7276b577d2b5,7675c849-0f1f-4fa3-923c-f392ea4a2f35,fbdcc052-60af-4a96-95e9-721a8b3c0167,,Strategy Meeting,Meeting about product demo,2026-10-12T22:21:17.429603,2026-10-12T22:36:17.429603,Phone,cancelled,2026-06-25T02:19:34.429619,1f599b2d-4c19-4c7e-91e2-f8655b60b03d
6748f591-ee04-4922-b339-54c7ad0c4c53,6e2684b5-dd18-4549-8440-7276b577d2b5,f26bd177-029d-4863-993c-dfebe5004897,,,Project Update,Meeting about product demo,2026-09-10T16:20:05.429629,2026-09-10T17:05:05.429629,Teams,no_show,2026-02-23T10:55:51.429652,1f599b2d-4c19-4c7e-91e2-f8655b60b03d
e05d28e9-51b7-4598-b2da-51764b5bae01,6e2684b5-dd18-4549-8440-7276b577d2b5,71030eb2-1621-4863-8e2d-b6184abb7f32,a78bcc0b-7f3b-4bda-9cfe-a5fa9debce75,,Contract Negotiation,Meeting about product demo,2026-05-31T11:10:28.429658,2026-05-31T11:25:28.429658,Teams,completed,2025-11-13T10:46:44.429674,8b51f21b-0da9-4139-8f04-0ef4187ce705
9ebddaf0-004b-4634-bd2d-8839997a8f3b,6e2684b5-dd18-4549-8440-7276b577d2b5,9d990953-1d48-4691-9104-88f3d84dc63c,,,Team Standup,Meeting about onboarding session,2026-08-07T18:43:53.429680,2026-08-07T19:13:53.429680,Teams,completed,2025-12-01T23:15:04.429699,8b51f21b-0da9-4139-8f04-0ef4187ce705
cee9e4f3-da13-4fb4-837d-a2183f739a9b,6e2684b5-dd18-4549-8440-7276b577d2b5,58f39eeb-75cb-4ef4-96ba-4a30c22a7a1e,bd44024a-54b5-44ba-ad10-5c599c04052f,,Budget Review,Meeting about product demo,2026-05-24T14:52:59.429705,2026-05-24T15:37:59.429705,Zoom,cancelled,2026-06-04T19:42:35.429722,6339ef1b-ca56-4fa5-9ddb-36a79ac9d12f
3ebae1e2-49b7-41ec-9a1e-9070c552975e,6e2684b5-dd18-4549-8440-7276b577d2b5,71030eb2-1621-4863-8e2d-b6184abb7f32,13177363-81a8-4ab9-b556-840ce5b727a6,,Training Workshop,Meeting about team standup,2026-08-12T16:07:31.429728,2026-08-12T16:52:31.429728,Google Meet,scheduled,2025-12-12T09:23:33.429745,7223e10a-b124-4a7f-a342-f0f59020ba2f
251d282f-cc8f-4dfc-9e21-9f8276a90173,6e2684b5-dd18-4549-8440-7276b577d2b5,58f39eeb-75cb-4ef4-96ba-4a30c22a7a1e,55864491-cc6d-46e6-be40-3b60c93042a8,,Board Meeting,Meeting about onboarding session,2026-09-22T02:58:36.429751,2026-09-22T03:43:36.429751,,scheduled,2025-10-04T09:58:19.429766,7675c849-0f1f-4fa3-923c-f392ea4a2f35
c769cc2b-4bd7-4884-89cc-1f0d53058128,6e2684b5-dd18-4549-8440-7276b577d2b5,f26bd177-029d-4863-993c-dfebe5004897,,,Training Workshop,Meeting about support call,2026-08-23T20:14:57.429772,2026-08-23T21:14:57.429772,Zoom,completed,2025-08-18T17:57:21.429787,8b51f21b-0da9-4139-8f04-0ef4187ce705
ac76a327-2119-41ec-8488-7f04842c30d1,6e2684b5-dd18-4549-8440-7276b577d2b5,71030eb2-1621-4863-8e2d-b6184abb7f32,c6f35f31-ee47-487c-bc05-c462ad9fc94c,7aea6f79-8a55-4687-98c8-cca8787d2dfa,Strategy Meeting,Meeting about project update,2026-09-29T15:51:00.429793,2026-09-29T17:21:00.429793,Phone,cancelled,2025-12-06T21:20:13.429811,8b51f21b-0da9-4139-8f04-0ef4187ce705
5776e9ea-c2bd-4cbf-8850-edf33d52b70a,6e2684b5-dd18-4549-8440-7276b577d2b5,6339ef1b-ca56-4fa5-9ddb-36a79ac9d12f,,,Onboarding Session,Meeting about product demo,2026-10-22T23:39:16.429821,2026-10-23T00:09:16.429821,Phone,scheduled,2026-01-04T02:10:35.429837,f26bd177-029d-4863-993c-dfebe5004897
acc6264d-0c14-4f59-99d8-1a6893a2b24b,6e2684b5-dd18-4549-8440-7276b577d2b5,9d990953-1d48-4691-9104-88f3d84dc63c,,,Sales Call,Meeting about project update,2026-08-10T02:05:02.429843,2026-08-10T03:35:02.429843,Zoom,cancelled,2026-06-24T10:13:11.429858,63c904bb-37e1-42e9-b828-03d273915302
6a977969-ec1e-4882-b772-4fb890382f6b,6e2684b5-dd18-4549-8440-7276b577d2b5,8b51f21b-0da9-4139-8f04-0ef4187ce705,bf6a8be4-f5b5-471b-b049-22980c910666,75992de1-95cc-49a6-93a2-833548e77a32,Board Meeting,Meeting about board meeting,2026-05-22T23:37:59.429871,2026-05-23T01:07:59.429871,In Person,scheduled,2026-01-24T23:44:13.429888,f26bd177-029d-4863-993c-dfebe5004897
db502392-b1a8-40e7-a88b-071e89ec9cd1,6e2684b5-dd18-4549-8440-7276b577d2b5,1f599b2d-4c19-4c7e-91e2-f8655b60b03d,da542979-555c-41ad-9a20-714325160724,,Board Meeting,Meeting about product demo,2026-05-19T20:35:31.429895,2026-05-19T21:35:31.429895,Google Meet,no_show,2026-01-04T10:20:10.429911,7675c849-0f1f-4fa3-923c-f392ea4a2f35
8ccb9054-46fa-49b4-ad73-f900fbed4f3e,6e2684b5-dd18-4549-8440-7276b577d2b5,8e8f6232-b5f8-466d-98c1-6a9d8090c3eb,68201c76-f58e-4584-ac26-5e69995c9b66,1f93466a-0b32-4eb5-8fc1-1fb45871102d,Board Meeting,Meeting about support call,2026-08-17T05:25:41.429918,2026-08-17T06:25:41.429918,Phone,completed,2026-06-12T14:18:42.429935,7223e10a-b124-4a7f-a342-f0f59020ba2f
6cd04a9b-a78f-4757-8cd5-38eef5277e58,6e2684b5-dd18-4549-8440-7276b577d2b5,58f39eeb-75cb-4ef4-96ba-4a30c22a7a1e,dffa5af5-00cd-48ab-b60c-5c8ae68d120f,,Training Workshop,Meeting about board meeting,2026-08-11T23:17:47.429941,2026-08-11T23:47:47.429941,Phone,scheduled,2026-04-04T11:23:21.429957,6339ef1b-ca56-4fa5-9ddb-36a79ac9d12f
69e54043-8dee-488d-b36d-817aaab69c42,6e2684b5-dd18-4549-8440-7276b577d2b5,d53e375b-e751-4c1c-9dd2-2c198336f144,,,Board Meeting,Meeting about partnership discussion,2026-07-31T18:50:52.429963,2026-07-31T20:20:52.429963,Phone,completed,2026-04-16T16:47:28.429977,71030eb2-1621-4863-8e2d-b6184abb7f32
d879fd58-7605-4426-9c9d-86366d7e0331,6e2684b5-dd18-4549-8440-7276b577d2b5,8b51f21b-0da9-4139-8f04-0ef4187ce705,,,Onboarding Session,Meeting about sales call,2026-06-07T22:57:30.429983,2026-06-07T23:57:30.429983,Zoom,completed,2026-05-23T22:43:41.430002,71030eb2-1621-4863-8e2d-b6184abb7f32
353fd036-8585-485c-93da-32e23e84d774,6e2684b5-dd18-4549-8440-7276b577d2b5,58f39eeb-75cb-4ef4-96ba-4a30c22a7a1e,,ba005acf-db13-4503-884b-0c05ab1ad616,Performance Review,Meeting about performance review,2026-10-05T22:24:14.430008,2026-10-05T23:09:14.430008,Phone,no_show,2026-05-23T20:49:45.430024,876017f1-7629-48e0-9ce9-20b44276c7d6
2f8213ca-4fa1-4591-8101-1fa4542bf32b,6e2684b5-dd18-4549-8440-7276b577d2b5,1f599b2d-4c19-4c7e-91e2-f8655b60b03d,,,Budget Review,Meeting about sales call,2026-06-18T17:37:41.430031,2026-06-18T19:37:41.430031,,cancelled,2026-03-10T06:55:44.430045,1f599b2d-4c19-4c7e-91e2-f8655b60b03d
bba103f1-c9b6-4bfc-97ff-3057f79d3ceb,6e2684b5-dd18-4549-8440-7276b577d2b5,7675c849-0f1f-4fa3-923c-f392ea4a2f35,,,Contract Negotiation,Meeting about client check-in,2026-07-19T01:19:26.430051,2026-07-19T01:49:26.430051,Teams,scheduled,2026-06-04T21:07:12.430066,d53e375b-e751-4c1c-9dd2-2c198336f144
492d3c9b-57f1-41b7-86a1-597dbe63fb68,6e2684b5-dd18-4549-8440-7276b577d2b5,876017f1-7629-48e0-9ce9-20b44276c7d6,5acccb22-b79b-429b-bea7-33767ddc21e1,,Strategy Meeting,Meeting about support call,2026-06-09T08:48:58.430072,2026-06-09T09:33:58.430072,Teams,scheduled,2026-07-11T18:47:50.430088,8e8f6232-b5f8-466d-98c1-6a9d8090c3eb
d6498c6a-dc55-49c9-9a81-c6441fbdaef8,6e2684b5-dd18-4549-8440-7276b577d2b5,8b51f21b-0da9-4139-8f04-0ef4187ce705,,,Strategy Meeting,Meeting about strategy meeting,2026-08-14T11:24:21.430097,2026-08-14T12:54:21.430097,Zoom,cancelled,2026-05-08T09:24:37.430113,6339ef1b-ca56-4fa5-9ddb-36a79ac9d12f
dbef0530-986b-4578-bac8-0854bbba10fe,6e2684b5-dd18-4549-8440-7276b577d2b5,71030eb2-1621-4863-8e2d-b6184abb7f32,a763a43c-d1b3-4fb8-8e21-3670bfc4f6d9,e1302d37-d929-4362-896a-18e12de1337e,Team Standup,Meeting about project update,2026-09-17T01:11:37.430122,2026-09-17T02:11:37.430122,Phone,scheduled,2026-02-01T06:07:26.430140,f26bd177-029d-4863-993c-dfebe5004897
1dc16923-cc77-4325-bcc3-7870701feb13,6e2684b5-dd18-4549-8440-7276b577d2b5,7675c849-0f1f-4fa3-923c-f392ea4a2f35,,,Performance Review,Meeting about quarterly review,2026-06-17T15:28:09.430146,2026-06-17T16:58:09.430146,In Person,scheduled,2026-08-03T01:51:12.430161,7223e10a-b124-4a7f-a342-f0f59020ba2f
4d572bad-0b90-4f86-b4d5-3f5af81fcb57,6e2684b5-dd18-4549-8440-7276b577d2b5,63c904bb-37e1-42e9-b828-03d273915302,0ed9b0b5-6df4-46a7-8e0a-12f9fd45e020,,Contract Negotiation,Meeting about sales call,2026-09-03T11:13:31.430167,2026-09-03T13:13:31.430167,Teams,completed,2026-02-06T01:02:19.430183,7223e10a-b124-4a7f-a342-f0f59020ba2f
33b8a6e0-0e7c-49fd-b674-3a1161df332d,6e2684b5-dd18-4549-8440-7276b577d2b5,876017f1-7629-48e0-9ce9-20b44276c7d6,,,Project Update,Meeting about client check-in,2026-09-27T09:32:42.430190,2026-09-27T11:02:42.430190,Teams,cancelled,2025-11-17T03:01:10.430204,13f891f6-02c5-48a2-bb4f-65f664be06a0
bfffc5fc-11a1-45f2-be79-ab9e1f71602a,6e2684b5-dd18-4549-8440-7276b577d2b5,f26bd177-029d-4863-993c-dfebe5004897,,,Client Check-in,Meeting about support call,2026-07-08T06:46:43.430211,2026-07-08T07:46:43.430211,,completed,2025-09-09T09:05:28.430225,7223e10a-b124-4a7f-a342-f0f59020ba2f
fbb59a94-b204-4664-914b-ad35ab30d3fd,6e2684b5-dd18-4549-8440-7276b577d2b5,8e8f6232-b5f8-466d-98c1-6a9d8090c3eb,,52830570-f4e6-4313-bc0f-ae485bf3d311,Contract Negotiation,Meeting about project update,2026-05-26T23:02:37.430231,2026-05-26T23:17:37.430231,,no_show,2025-09-14T17:16:09.430247,58f39eeb-75cb-4ef4-96ba-4a30c22a7a1e
6a092177-046a-42d8-bc06-3d3fd8ae497d,6e2684b5-dd18-4549-8440-7276b577d2b5,876017f1-7629-48e0-9ce9-20b44276c7d6,4ff11463-3a98-405e-a6bc-7864b47e57e6,,Training Workshop,Meeting about client check-in,2026-06-03T22:10:45.430253,2026-06-03T23:10:45.430253,Zoom,no_show,2025-11-21T19:51:52.430269,63c904bb-37e1-42e9-b828-03d273915302
64d1d93c-d087-4691-b8d2-6720691616f2,6e2684b5-dd18-4549-8440-7276b577d2b5,1f599b2d-4c19-4c7e-91e2-f8655b60b03d,,,Budget Review,Meeting about quarterly review,2026-10-17T04:39:46.430275,2026-10-17T05:24:46.430275,Phone,no_show,2026-05-22T05:26:46.430290,7223e10a-b124-4a7f-a342-f0f59020ba2f
9e0eb44a-114d-4925-8593-5b9d27dc76ea,6e2684b5-dd18-4549-8440-7276b577d2b5,1f599b2d-4c19-4c7e-91e2-f8655b60b03d,787a273c-07af-44ba-803d-ef563b822850,,Team Standup,Meeting about product demo,2026-07-27T17:31:06.430296,2026-07-27T17:46:06.430296,,no_show,2026-06-16T17:20:34.430312,f26bd177-029d-4863-993c-dfebe5004897
f9fabd54-b8a3-439c-a7c4-c543d77a9f92,6e2684b5-dd18-4549-8440-7276b577d2b5,876017f1-7629-48e0-9ce9-20b44276c7d6,,2edf53b7-fd18-4e68-b184-5f5774480dc7,Budget Review,Meeting about support call,2026-06-14T23:34:33.430321,2026-06-15T00:34:33.430321,Phone,cancelled,2026-06-06T06:34:18.430337,1f599b2d-4c19-4c7e-91e2-f8655b60b03d
3eef832e-4973-413b-8f47-1b0e9ee3a273,6e2684b5-dd18-4549-8440-7276b577d2b5,8b51f21b-0da9-4139-8f04-0ef4187ce705,,,Product Demo,Meeting about product demo,2026-07-08T20:04:12.430343,2026-07-08T20:49:12.430343,Phone,scheduled,2025-09-12T00:40:48.430357,7223e10a-b124-4a7f-a342-f0f59020ba2f
e25e8fc5-838e-496e-9096-242205378a97,6e2684b5-dd18-4549-8440-7276b577d2b5,71030eb2-1621-4863-8e2d-b6184abb7f32,4078d1ed-dae7-4edd-b9a1-7df058d6b02c,6bbdfb63-1b63-400c-9d4f-e4d4aef14168,Quarterly Review,Meeting about onboarding session,2026-05-15T03:34:46.430363,2026-05-15T04:04:46.430363,Phone,no_show,2025-12-28T22:43:03.430380,58f39eeb-75cb-4ef4-96ba-4a30c22a7a1e
77f5be12-a5df-48d0-b2ef-dacf50f9487e,6e2684b5-dd18-4549-8440-7276b577d2b5,8b51f21b-0da9-4139-8f04-0ef4187ce705,5c348c52-421f-45d7-b491-cea31252286d,,Sales Call,Meeting about team standup,2026-05-13T06:12:01.430386,2026-05-13T06:57:01.430386,In Person,scheduled,2025-11-19T12:24:02.430403,58f39eeb-75cb-4ef4-96ba-4a30c22a7a1e
f8be2775-87b9-4b55-b945-98c607193ee2,6e2684b5-dd18-4549-8440-7276b577d2b5,8b51f21b-0da9-4139-8f04-0ef4187ce705,77c61a14-b71a-4ebb-b04f-6c315343214e,,Quarterly Review,Meeting about partnership discussion,2026-07-06T16:46:23.430413,2026-07-06T17:31:23.430413,,no_show,2025-09-04T14:24:17.430429,8e8f6232-b5f8-466d-98c1-6a9d8090c3eb
32d54761-812e-4188-8332-1975c7325ecb,6e2684b5-dd18-4549-8440-7276b577d2b5,7223e10a-b124-4a7f-a342-f0f59020ba2f,42d9002b-cbb1-4592-9450-71c354a42b23,,Board Meeting,Meeting about performance review,2026-07-09T15:27:35.430435,2026-07-09T17:27:35.430435,Zoom,no_show,2026-07-09T21:07:13.430451,7675c849-0f1f-4fa3-923c-f392ea4a2f35
55231517-b696-4b15-b778-b586c196a7d9,6e2684b5-dd18-4549-8440-7276b577d2b5,8b51f21b-0da9-4139-8f04-0ef4187ce705,8eaa697c-5e86-407f-8c4e-bd32bb723c25,,Support Call,Meeting about strategy meeting,2026-05-09T01:00:02.430457,2026-05-09T01:30:02.430457,In Person,scheduled,2025-09-08T12:00:37.430473,eb9f903e-4cd4-462b-9c0c-0720da83cfc0
01abe7d5-8e3b-4bc7-8d2d-8115f8068dff,6e2684b5-dd18-4549-8440-7276b577d2b5,58f39eeb-75cb-4ef4-96ba-4a30c22a7a1e,32aa6c54-2ccb-4977-8313-08d78102b9ea,,Budget Review,Meeting about quarterly review,2026-09-26T12:16:01.430479,2026-09-26T13:01:01.430479,,scheduled,2026-04-28T09:10:26.430495,eb9f903e-4cd4-462b-9c0c-0720da83cfc0
057ee5c7-d208-416d-afd5-6d0da28516d0,6e2684b5-dd18-4549-8440-7276b577d2b5,7223e10a-b124-4a7f-a342-f0f59020ba2f,,,Partnership Discussion,Meeting about training workshop,2026-09-04T13:33:38.430501,2026-09-04T14:18:38.430501,Phone,scheduled,2026-04-17T05:19:56.430515,7675c849-0f1f-4fa3-923c-f392ea4a2f35
4c800cb3-8fa5-41ad-a7a1-0e79c7905494,6e2684b5-dd18-4549-8440-7276b577d2b5,876017f1-7629-48e0-9ce9-20b44276c7d6,c9f6177e-89ab-476c-9bcd-6ba3dffdf320,a389d8c1-21e2-4f98-83f2-939313688349,Onboarding Session,Meeting about project update,2026-10-28T20:11:34.430521,2026-10-28T20:41:34.430521,,no_show,2025-09-14T20:38:05.430538,876017f1-7629-48e0-9ce9-20b44276c7d6
a6173cb8-4fa0-4fdd-841d-5adbed48d1b6,6e2684b5-dd18-4549-8440-7276b577d2b5,7675c849-0f1f-4fa3-923c-f392ea4a2f35,,,Quarterly Review,Meeting about contract negotiation,2026-09-02T03:59:48.430547,2026-09-02T04:44:48.430547,,cancelled,2026-05-17T22:55:43.430562,d53e375b-e751-4c1c-9dd2-2c198336f144
89d5c095-df1a-4073-a635-7b09eec06049,6e2684b5-dd18-4549-8440-7276b577d2b5,eb9f903e-4cd4-462b-9c0c-0720da83cfc0,4c26240a-fa07-4380-a5c0-d9d89cf67da9,ef28e599-2885-4b95-85c6-b0225437dd8a,Team Standup,Meeting about performance review,2026-05-12T10:41:31.430568,2026-05-12T12:11:31.430568,Zoom,scheduled,2025-11-23T22:48:09.430585,7675c849-0f1f-4fa3-923c-f392ea4a2f35
1577e8d7-50a8-4469-8ef4-7d0c11ba31ce,6e2684b5-dd18-4549-8440-7276b577d2b5,58f39eeb-75cb-4ef4-96ba-4a30c22a7a1e,,,Strategy Meeting,Meeting about training workshop,2026-08-18T21:34:20.430591,2026-08-18T22:19:20.430591,Teams,no_show,2025-12-22T05:09:57.430606,6339ef1b-ca56-4fa5-9ddb-36a79ac9d12f
839b04ed-0c6f-4039-9c6a-f508b10f2eb0,6e2684b5-dd18-4549-8440-7276b577d2b5,13f891f6-02c5-48a2-bb4f-65f664be06a0,eb744fdb-452f-4629-9a01-b042106bb892,a6e2264a-c929-445f-a817-907e7ab13ae9,Client Check-in,Meeting about onboarding session,2026-06-17T15:04:45.430612,2026-06-17T15:34:45.430612,Zoom,scheduled,2026-03-05T14:31:58.430628,71030eb2-1621-4863-8e2d-b6184abb7f32
2781a61f-0724-4ec8-bbab-2f7aa005801a,6e2684b5-dd18-4549-8440-7276b577d2b5,8b51f21b-0da9-4139-8f04-0ef4187ce705,,42ce6e24-6026-4bad-8cba-f59af45ce06f,Strategy Meeting,Meeting about team standup,2026-09-04T02:24:43.430634,2026-09-04T03:09:43.430634,,scheduled,2026-07-09T18:41:27.430655,7675c849-0f1f-4fa3-923c-f392ea4a2f35
e3784275-f812-4035-86e9-cf85a93cbe9c,6e2684b5-dd18-4549-8440-7276b577d2b5,9d990953-1d48-4691-9104-88f3d84dc63c,c710d261-2cbb-456e-b3ba-fcf91a1d23ec,,Performance Review,Meeting about partnership discussion,2026-07-30T08:06:25.430661,2026-07-30T10:06:25.430661,Teams,no_show,2026-02-23T13:48:11.430677,eb9f903e-4cd4-462b-9c0c-0720da83cfc0
d559fab4-4ffb-4d7f-8a69-3ead31b6e1c7,6e2684b5-dd18-4549-8440-7276b577d2b5,876017f1-7629-48e0-9ce9-20b44276c7d6,dcbfbb5d-fbe9-437e-b8c3-63c1497a2cbe,,Contract Negotiation,Meeting about partnership discussion,2026-08-16T18:50:28.430683,2026-08-16T20:50:28.430683,Google Meet,no_show,2026-02-09T19:53:04.430699,1f599b2d-4c19-4c7e-91e2-f8655b60b03d
1bd19eaa-dec3-4a4c-b0a3-60c01ee0168e,6e2684b5-dd18-4549-8440-7276b577d2b5,71030eb2-1621-4863-8e2d-b6184abb7f32,,,Project Update,Meeting about quarterly review,2026-07-12T00:25:12.430705,2026-07-12T01:10:12.430705,In Person,completed,2026-03-01T13:09:18.430720,6339ef1b-ca56-4fa5-9ddb-36a79ac9d12f
5abb3be0-bbb5-4748-8918-1b60f66c679d,6e2684b5-dd18-4549-8440-7276b577d2b5,13f891f6-02c5-48a2-bb4f-65f664be06a0,,,Strategy Meeting,Meeting about sales call,2026-10-26T18:27:12.430726,2026-10-26T19:12:12.430726,Phone,completed,2026-05-09T14:31:13.430747,7675c849-0f1f-4fa3-923c-f392ea4a2f35
3b2941ea-8316-4632-85db-87acf212d2db,6e2684b5-dd18-4549-8440-7276b577d2b5,58f39eeb-75cb-4ef4-96ba-4a30c22a7a1e,,5371d2e5-31e8-454d-8115-e99afc6ca966,Quarterly Review,Meeting about partnership discussion,2026-08-18T07:45:19.430754,2026-08-18T09:45:19.430754,Teams,cancelled,2025-09-22T23:51:40.430769,6339ef1b-ca56-4fa5-9ddb-36a79ac9d12f
bfbe9245-7827-4568-b328-da1f27d3334e,6e2684b5-dd18-4549-8440-7276b577d2b5,63c904bb-37e1-42e9-b828-03d273915302,,,Onboarding Session,Meeting about partnership discussion,2026-06-28T10:44:07.430780,2026-06-28T11:14:07.430780,Google Meet,cancelled,2026-03-09T18:10:20.430795,71030eb2-1621-4863-8e2d-b6184abb7f32
e3a3212d-fdea-4b16-b02e-4bd47dae6ae2,6e2684b5-dd18-4549-8440-7276b577d2b5,f26bd177-029d-4863-993c-dfebe5004897,e48f6125-ccae-4f2f-ad44-577563fc50ff,7c573a71-92c2-4dd6-9d10-9872963c73cd,Contract Negotiation,Meeting about budget review,2026-07-05T20:49:26.430801,2026-07-05T21:19:26.430801,,scheduled,2025-12-13T02:45:10.430817,63c904bb-37e1-42e9-b828-03d273915302
1ee28844-c7e1-44e3-8015-707da81b6cd9,6e2684b5-dd18-4549-8440-7276b577d2b5,eb9f903e-4cd4-462b-9c0c-0720da83cfc0,,,Client Check-in,Meeting about client check-in,2026-08-09T23:46:46.430823,2026-08-10T01:46:46.430823,In Person,no_show,2026-02-09T14:55:52.430838,63c904bb-37e1-42e9-b828-03d273915302
8a146f1a-534c-43d6-b297-24fb83a22d0c,6e2684b5-dd18-4549-8440-7276b577d2b5,f26bd177-029d-4863-993c-dfebe5004897,,a4bf5acd-b5e4-4ad6-8e43-49b2ffb71961,Project Update,Meeting about training workshop,2026-10-17T10:54:15.430844,2026-10-17T12:24:15.430844,Google Meet,scheduled,2025-10-12T18:39:42.430860,63c904bb-37e1-42e9-b828-03d273915302
e221918e-aacd-44cc-ac50-5ccac2c46e47,6e2684b5-dd18-4549-8440-7276b577d2b5,7223e10a-b124-4a7f-a342-f0f59020ba2f,,,Quarterly Review,Meeting about quarterly review,2026-07-09T00:06:08.430866,2026-07-09T00:51:08.430866,Teams,no_show,2025-09-03T04:50:59.430881,8e8f6232-b5f8-466d-98c1-6a9d8090c3eb
3ce2439c-ea73-4cd4-8d0b-7c83bb7e6d8a,6e2684b5-dd18-4549-8440-7276b577d2b5,f26bd177-029d-4863-993c-dfebe5004897,,7aea6f79-8a55-4687-98c8-cca8787d2dfa,Performance Review,Meeting about partnership discussion,2026-09-29T16:46:21.430887,2026-09-29T17:16:21.430887,Google Meet,scheduled,2026-02-09T18:25:32.430902,63c904bb-37e1-42e9-b828-03d273915302
c807c1fa-5313-45aa-bfe3-aa8c83a0fe58,6e2684b5-dd18-4549-8440-7276b577d2b5,9d990953-1d48-4691-9104-88f3d84dc63c,,de3b648b-f351-4e05-987f-24fae2125926,Quarterly Review,Meeting about partnership discussion,2026-10-24T16:26:16.430908,2026-10-24T17:26:16.430908,Phone,completed,2026-03-19T20:18:11.430923,13f891f6-02c5-48a2-bb4f-65f664be06a0
f82de353-a09f-48ff-a192-fc5bd5b969e7,6e2684b5-dd18-4549-8440-7276b577d2b5,9d990953-1d48-4691-9104-88f3d84dc63c,781aeff0-071d-4bba-a9cd-ee48de0bca5e,,Budget Review,Meeting about training workshop,2026-09-17T05:30:04.430929,2026-09-17T06:30:04.430929,Phone,completed,2026-01-29T10:04:56.430945,9d990953-1d48-4691-9104-88f3d84dc63c
f8c06884-f741-44e8-81ae-cd6e081404ff,6e2684b5-dd18-4549-8440-7276b577d2b5,9d990953-1d48-4691-9104-88f3d84dc63c,a328cba9-4b33-428c-b5e3-16346c2ee910,,Training Workshop,Meeting about onboarding session,2026-06-11T15:38:30.430951,2026-06-11T16:38:30.430951,Google Meet,completed,2025-12-22T11:52:35.430967,eb9f903e-4cd4-462b-9c0c-0720da83cfc0
18b65400-44cd-411a-9bd4-1773e1e0cd5d,6e2684b5-dd18-4549-8440-7276b577d2b5,6339ef1b-ca56-4fa5-9ddb-36a79ac9d12f,7eb3b3b4-2d5f-4f9e-ac56-ec03dd48da15,fdeb599b-766d-4b54-b1f0-4706efdf4103,Quarterly Review,Meeting about partnership discussion,2026-09-05T07:52:15.430973,2026-09-05T09:52:15.430973,Zoom,no_show,2026-05-02T04:00:56.430989,63c904bb-37e1-42e9-b828-03d273915302
4745b24d-2a6d-4b2e-b2c9-06735ea301e2,6e2684b5-dd18-4549-8440-7276b577d2b5,1f599b2d-4c19-4c7e-91e2-f8655b60b03d,,,Performance Review,Meeting about performance review,2026-07-13T13:11:18.430999,2026-07-13T13:56:18.430999,Teams,completed,2026-05-31T08:49:23.431014,71030eb2-1621-4863-8e2d-b6184abb7f32
70c26ad7-4a4e-40e6-adf1-9d230f9a675a,6e2684b5-dd18-4549-8440-7276b577d2b5,f26bd177-029d-4863-993c-dfebe5004897,5c3e2302-b0bb-4ee9-9a85-bd394f188ed3,b28bfd7a-31df-4c91-8346-9642541d0459,Training Workshop,Meeting about strategy meeting,2026-09-29T07:05:22.431020,2026-09-29T07:50:22.431020,Google Meet,no_show,2026-04-17T18:45:43.431037,7675c849-0f1f-4fa3-923c-f392ea4a2f35
e9781c4a-ed3b-4110-9d85-54c59706004c,6e2684b5-dd18-4549-8440-7276b577d2b5,9d990953-1d48-4691-9104-88f3d84dc63c,3afd4bf9-76c5-4477-a3a1-5138256da4ff,,Performance Review,Meeting about training workshop,2026-07-25T03:36:14.431043,2026-07-25T05:36:14.431043,In Person,no_show,2026-07-06T06:25:38.431058,8e8f6232-b5f8-466d-98c1-6a9d8090c3eb
2278884c-83ab-4561-8a5f-f686e25e4ed3,6e2684b5-dd18-4549-8440-7276b577d2b5,9d990953-1d48-4691-9104-88f3d84dc63c,e9855fcb-ee69-48dc-8b4d-00c499c9728d,,Product Demo,Meeting about board meeting,2026-07-15T12:25:47.431064,2026-07-15T13:25:47.431064,Zoom,no_show,2025-12-14T18:52:00.431084,876017f1-7629-48e0-9ce9-20b44276c7d6
c8876886-bb3b-4468-b766-a046a54c8de1,6e2684b5-dd18-4549-8440-7276b577d2b5,71030eb2-1621-4863-8e2d-b6184abb7f32,0be06001-e3e6-48d1-9ae7-2e7cb7da61f6,,Support Call,Meeting about client check-in,2026-10-07T12:50:05.431091,2026-10-07T13:20:05.431091,Google Meet,no_show,2026-04-21T17:57:07.431107,9d990953-1d48-4691-9104-88f3d84dc63c
f3f20ce0-944d-46b6-8228-d4f8dd46aa13,6e2684b5-dd18-4549-8440-7276b577d2b5,f26bd177-029d-4863-993c-dfebe5004897,,c0bf2e29-e77b-4938-93c9-c0a0d1dd6e56,Partnership Discussion,Meeting about quarterly review,2026-10-23T20:37:05.431113,2026-10-23T21:07:05.431113,Phone,completed,2025-12-23T13:40:28.431129,7223e10a-b124-4a7f-a342-f0f59020ba2f
046bb677-0712-48ac-a80c-4a68c0f14c8f,6e2684b5-dd18-4549-8440-7276b577d2b5,71030eb2-1621-4863-8e2d-b6184abb7f32,,,Product Demo,Meeting about training workshop,2026-10-09T06:39:20.431136,2026-10-09T08:09:20.431136,Zoom,cancelled,2026-03-24T09:03:37.431154,1f599b2d-4c19-4c7e-91e2-f8655b60b03d
c2e4bd85-72a3-4193-96ae-573104e596cb,6e2684b5-dd18-4549-8440-7276b577d2b5,8e8f6232-b5f8-466d-98c1-6a9d8090c3eb,b0cc7caa-a901-42ef-8cd0-4ece6516f280,,Quarterly Review,Meeting about contract negotiation,2026-07-23T21:14:51.431160,2026-07-23T22:44:51.431160,,scheduled,2025-09-03T09:48:44.431176,6339ef1b-ca56-4fa5-9ddb-36a79ac9d12f
c83dd235-3112-41bf-be36-52e65d1caa95,6e2684b5-dd18-4549-8440-7276b577d2b5,7223e10a-b124-4a7f-a342-f0f59020ba2f,b101ea0b-e74c-445a-b625-1f5743b32973,,Budget Review,Meeting about support call,2026-08-01T20:20:09.431182,2026-08-01T20:50:09.431182,Google Meet,cancelled,2025-08-27T09:41:03.431198,7675c849-0f1f-4fa3-923c-f392ea4a2f35
1fc5e624-3ce7-4b42-ba19-f4278198f559,6e2684b5-dd18-4549-8440-7276b577d2b5,f26bd177-029d-4863-993c-dfebe5004897,f6e99917-6992-4c10-9080-c585866ed9e9,,Support Call,Meeting about strategy meeting,2026-09-14T05:15:16.431204,2026-09-14T05:30:16.431204,Teams,cancelled,2026-01-26T14:38:05.431220,8b51f21b-0da9-4139-8f04-0ef4187ce705
dc499155-0bb8-4a1a-8c28-0761dbd2e80e,6e2684b5-dd18-4549-8440-7276b577d2b5,eb9f903e-4cd4-462b-9c0c-0720da83cfc0,c71df5f6-70de-4372-9bcc-6f013a96f544,,Board Meeting,Meeting about budget review,2026-07-15T16:47:21.431232,2026-07-15T17:17:21.431232,Google Meet,cancelled,2026-07-12T08:30:55.431248,8e8f6232-b5f8-466d-98c1-6a9d8090c3eb
e4414cc5-80f6-4edb-a84f-fbbf0a5c153a,6e2684b5-dd18-4549-8440-7276b577d2b5,7223e10a-b124-4a7f-a342-f0f59020ba2f,c2cc6298-53d7-4fb8-bdcc-74c79ad3e38c,20f17537-b788-45b6-b956-2c46fbbd06bc,Client Check-in,Meeting about client check-in,2026-06-28T13:44:30.431254,2026-06-28T14:14:30.431254,In Person,cancelled,2026-04-27T13:43:32.431271,d53e375b-e751-4c1c-9dd2-2c198336f144
46884e2b-ebcd-4dd2-9bac-127752d1ae79,6e2684b5-dd18-4549-8440-7276b577d2b5,8b51f21b-0da9-4139-8f04-0ef4187ce705,339df9ff-bb67-4b42-bed7-613f0f570e80,,Onboarding Session,Meeting about budget review,2026-10-16T08:51:41.431277,2026-10-16T10:51:41.431277,Phone,no_show,2025-08-07T23:36:36.431293,13f891f6-02c5-48a2-bb4f-65f664be06a0
e9fc2197-af16-49fd-91db-92e21423d5b6,6e2684b5-dd18-4549-8440-7276b577d2b5,71030eb2-1621-4863-8e2d-b6184abb7f32,,,Sales Call,Meeting about project update,2026-08-03T10:35:24.431299,2026-08-03T11:05:24.431299,Google Meet,scheduled,2026-06-30T21:21:02.431314,7675c849-0f1f-4fa3-923c-f392ea4a2f35
a91d1689-dddd-4b73-b1bd-69b5e79b03c4,6e2684b5-dd18-4549-8440-7276b577d2b5,58f39eeb-75cb-4ef4-96ba-4a30c22a7a1e,a497a481-59ef-491a-a269-cda7ddbe192b,dfc46aa1-9dfb-4d0d-af66-efc2c6bfd32a,Project Update,Meeting about training workshop,2026-10-23T06:44:45.431320,2026-10-23T07:29:45.431320,Zoom,completed,2025-10-05T02:48:39.431337,6339ef1b-ca56-4fa5-9ddb-36a79ac9d12f
b2863c45-7a13-4da5-9f32-ac5fa6bc757b,6e2684b5-dd18-4549-8440-7276b577d2b5,1f599b2d-4c19-4c7e-91e2-f8655b60b03d,1f86b64c-54bd-4cc4-9de8-c68dafba673c,,Strategy Meeting,Meeting about quarterly review,2026-10-28T02:29:12.431343,2026-10-28T03:14:12.431343,Phone,cancelled,2025-08-08T00:50:47.431358,7223e10a-b124-4a7f-a342-f0f59020ba2f
08279d79-6ad3-4ca6-ae9f-952727045e30,6e2684b5-dd18-4549-8440-7276b577d2b5,d53e375b-e751-4c1c-9dd2-2c198336f144,44b37f92-a833-4249-b46d-3024f67f09ab,,Board Meeting,Meeting about product demo,2026-07-08T06:35:36.431368,2026-07-08T07:35:36.431368,Teams,scheduled,2026-03-17T15:33:12.431385,876017f1-7629-48e0-9ce9-20b44276c7d6
dd9a680a-53a5-4ccf-ad9a-ac592a4213fd,6e2684b5-dd18-4549-8440-7276b577d2b5,58f39eeb-75cb-4ef4-96ba-4a30c22a7a1e,,,Strategy Meeting,Meeting about training workshop,2026-05-26T16:40:11.431391,2026-05-26T17:25:11.431391,Phone,no_show,2025-08-21T08:24:56.431405,6339ef1b-ca56-4fa5-9ddb-36a79ac9d12f
6deab325-3766-4a02-8101-90ecf2aae6ac,6e2684b5-dd18-4549-8440-7276b577d2b5,6339ef1b-ca56-4fa5-9ddb-36a79ac9d12f,,4b6d7100-04ad-4cc1-9b56-d4d59df31d41,Product Demo,Meeting about sales call,2026-06-16T00:18:46.431412,2026-06-16T00:33:46.431412,Google Meet,no_show,2025-11-04T19:25:38.431427,8e8f6232-b5f8-466d-98c1-6a9d8090c3eb
2a3c5b7c-2913-47e8-b79b-1ea15b474263,6e2684b5-dd18-4549-8440-7276b577d2b5,1f599b2d-4c19-4c7e-91e2-f8655b60b03d,,690dbd1d-b24e-423d-a4c5-c8c8a129a86d,Performance Review,Meeting about partnership discussion,2026-09-17T19:06:29.431433,2026-09-17T21:06:29.431433,Zoom,cancelled,2025-08-09T22:56:43.431449,8b51f21b-0da9-4139-8f04-0ef4187ce705
2cccbcbe-8e8e-48ea-a2d0-7e8bce57b334,6e2684b5-dd18-4549-8440-7276b577d2b5,f26bd177-029d-4863-993c-dfebe5004897,66a6b3f6-545b-47c9-ac2e-f0ce5f04cf20,,Partnership Discussion,Meeting about onboarding session,2026-06-27T15:49:29.431460,2026-06-27T16:04:29.431460,In Person,completed,2026-03-31T19:45:26.431476,7675c849-0f1f-4fa3-923c-f392ea4a2f35
e7999739-c35d-4a6c-b639-31e007ea4de2,6e2684b5-dd18-4549-8440-7276b577d2b5,876017f1-7629-48e0-9ce9-20b44276c7d6,220fa8d6-ac45-41db-a886-5bbc12ce4961,,Performance Review,Meeting about strategy meeting,2026-05-09T00:28:20.431482,2026-05-09T01:13:20.431482,In Person,cancelled,2025-10-03T01:59:34.431501,71030eb2-1621-4863-8e2d-b6184abb7f32
fa1bfc77-9bb2-4b77-8138-0b5e12f17f16,6e2684b5-dd18-4549-8440-7276b577d2b5,eb9f903e-4cd4-462b-9c0c-0720da83cfc0,c6c7826d-a730-4364-9780-f3aa709033dd,3608f98b-faff-4c27-84cb-20a6f6f84759,Performance Review,Meeting about board meeting,2026-06-07T03:59:07.431508,2026-06-07T04:14:07.431508,In Person,no_show,2025-10-29T00:52:22.431524,8e8f6232-b5f8-466d-98c1-6a9d8090c3eb
4c0ee4c3-22d5-45bb-bc76-34e955097ce3,6e2684b5-dd18-4549-8440-7276b577d2b5,876017f1-7629-48e0-9ce9-20b44276c7d6,,,Project Update,Meeting about project update,2026-10-10T03:26:41.431530,2026-10-10T05:26:41.431530,In Person,completed,2026-06-29T12:48:29.431545,13f891f6-02c5-48a2-bb4f-65f664be06a0
61e0c8c6-dcd2-4497-ae0c-ad59653f7aab,6e2684b5-dd18-4549-8440-7276b577d2b5,876017f1-7629-48e0-9ce9-20b44276c7d6,,,Onboarding Session,Meeting about partnership discussion,2026-10-23T01:47:35.431551,2026-10-23T02:17:35.431551,Phone,no_show,2026-07-19T15:31:56.431567,7675c849-0f1f-4fa3-923c-f392ea4a2f35
1d47688c-ae58-401c-8b2c-e40c21f15a04,6e2684b5-dd18-4549-8440-7276b577d2b5,d53e375b-e751-4c1c-9dd2-2c198336f144,accf0d11-925a-41a9-9e10-b2bb9ac21501,1e8b6ba1-9240-4fd5-94cc-7bafd866b526,Training Workshop,Meeting about support call,2026-09-15T03:21:48.431573,2026-09-15T05:21:48.431573,,completed,2025-12-25T06:22:15.431590,7223e10a-b124-4a7f-a342-f0f59020ba2f
585ce39e-c65a-4602-a77d-167130f40ab9,6e2684b5-dd18-4549-8440-7276b577d2b5,63c904bb-37e1-42e9-b828-03d273915302,a5ba926f-63ab-4bb7-9831-49f6587de62e,,Client Check-in,Meeting about strategy meeting,2026-10-07T23:04:33.431601,2026-10-07T23:34:33.431601,Google Meet,scheduled,2026-06-22T15:32:01.431617,1f599b2d-4c19-4c7e-91e2-f8655b60b03d
a70a4055-c161-453a-a665-baf2e92d5951,6e2684b5-dd18-4549-8440-7276b577d2b5,1f599b2d-4c19-4c7e-91e2-f8655b60b03d,6a5ffa59-6816-41b5-bdda-e2fbfa3feb0e,90abe841-209d-4e45-b16b-02a6f0786276,Onboarding Session,Meeting about support call,2026-09-29T01:53:49.431623,2026-09-29T03:53:49.431623,,cancelled,2026-03-24T15:55:52.431640,7675c849-0f1f-4fa3-923c-f392ea4a2f35
65090e7e-4cef-4e2f-9b89-9bfdfc3560b2,6e2684b5-dd18-4549-8440-7276b577d2b5,7223e10a-b124-4a7f-a342-f0f59020ba2f,199c8dcd-1226-4229-85ce-4a372f4b0b23,,Performance Review,Meeting about support call,2026-05-15T21:16:28.431652,2026-05-15T23:16:28.431652,,scheduled,2025-11-08T13:08:07.431668,9d990953-1d48-4691-9104-88f3d84dc63c
5f3ec8e4-fde4-4a65-aa8c-fd2665ffaa91,6e2684b5-dd18-4549-8440-7276b577d2b5,63c904bb-37e1-42e9-b828-03d273915302,,,Product Demo,Meeting about team standup,2026-08-10T07:31:46.431674,2026-08-10T08:31:46.431674,,no_show,2026-03-02T16:01:19.431693,9d990953-1d48-4691-9104-88f3d84dc63c
969b2b73-599b-4190-bcd1-d3fe5e66569a,6e2684b5-dd18-4549-8440-7276b577d2b5,9d990953-1d48-4691-9104-88f3d84dc63c,,,Sales Call,Meeting about quarterly review,2026-08-06T18:45:26.431703,2026-08-06T20:15:26.431703,Google Meet,no_show,2025-11-30T10:48:12.431718,71030eb2-1621-4863-8e2d-b6184abb7f32
39ac71ad-e8e5-4b71-8f24-5285a4caf770,6e2684b5-dd18-4549-8440-7276b577d2b5,58f39eeb-75cb-4ef4-96ba-4a30c22a7a1e,14b7fd17-bfd8-42e6-af11-295deb384cd8,d2ab004c-f5bb-4698-9f64-f1b27795ba09,Performance Review,Meeting about training workshop,2026-08-27T17:28:53.431724,2026-08-27T18:28:53.431724,Teams,no_show,2026-05-01T18:43:42.431741,13f891f6-02c5-48a2-bb4f-65f664be06a0
d65bb1e0-785e-4c43-85be-fc1bc7af9ee2,6e2684b5-dd18-4549-8440-7276b577d2b5,63c904bb-37e1-42e9-b828-03d273915302,a9da6af1-93b3-441c-a878-a659f4a4df5a,,Budget Review,Meeting about client check-in,2026-10-23T02:08:56.431747,2026-10-23T02:23:56.431747,Google Meet,completed,2026-04-28T07:43:12.431849,876017f1-7629-48e0-9ce9-20b44276c7d6
1432ee37-433b-4eb6-bcf9-1904974121a8,6e2684b5-dd18-4549-8440-7276b577d2b5,63c904bb-37e1-42e9-b828-03d273915302,,,Partnership Discussion,Meeting about budget review,2026-10-07T14:33:31.431858,2026-10-07T15:03:31.431858,Zoom,no_show,2025-12-12T09:38:19.431875,1f599b2d-4c19-4c7e-91e2-f8655b60b03d
25ddff79-2c1a-4ab3-bff9-39082f84256e,6e2684b5-dd18-4549-8440-7276b577d2b5,6339ef1b-ca56-4fa5-9ddb-36a79ac9d12f,,,Budget Review,Meeting about sales call,2026-06-11T12:07:00.431881,2026-06-11T12:37:00.431881,In Person,cancelled,2025-11-16T22:04:51.431896,6339ef1b-ca56-4fa5-9ddb-36a79ac9d12f
0c5d9100-7f2a-431d-8b06-56b9af227d38,6e2684b5-dd18-4549-8440-7276b577d2b5,13f891f6-02c5-48a2-bb4f-65f664be06a0,,754800b2-5b4b-4079-89b4-757003d21470,Onboarding Session,Meeting about sales call,2026-05-25T16:22:24.431902,2026-05-25T16:37:24.431902,Teams,no_show,2026-06-16T14:07:36.431919,f26bd177-029d-4863-993c-dfebe5004897
081152b0-ac4f-4cd7-a05c-3b8d21e17bf6,6e2684b5-dd18-4549-8440-7276b577d2b5,876017f1-7629-48e0-9ce9-20b44276c7d6,0cf2c59e-b17c-4101-a968-c7852aaf949e,,Client Check-in,Meeting about onboarding session,2026-09-29T14:10:52.431925,2026-09-29T14:40:52.431925,Phone,scheduled,2025-11-01T08:17:21.431941,71030eb2-1621-4863-8e2d-b6184abb7f32
865f0c54-f4f5-4bb3-b7b1-90e49ef09f18,6e2684b5-dd18-4549-8440-7276b577d2b5,9d990953-1d48-4691-9104-88f3d84dc63c,,,Quarterly Review,Meeting about client check-in,2026-06-01T23:21:51.431947,2026-06-01T23:36:51.431947,Zoom,completed,2025-09-14T07:06:31.431962,d53e375b-e751-4c1c-9dd2-2c198336f144
729b6437-1960-4fc6-9055-745aeb1566c1,6e2684b5-dd18-4549-8440-7276b577d2b5,d53e375b-e751-4c1c-9dd2-2c198336f144,fa7cb6eb-00a2-472d-abd4-5c9e06f91665,34178a3a-2bc5-4cd3-a083-42ef0f2fd7f7,Team Standup,Meeting about strategy meeting,2026-06-18T21:54:31.431968,2026-06-18T22:09:31.431968,Zoom,no_show,2026-01-31T15:37:09.431985,8e8f6232-b5f8-466d-98c1-6a9d8090c3eb
99bb8d81-3a7a-4a41-a28b-6cfdc3445203,6e2684b5-dd18-4549-8440-7276b577d2b5,1f599b2d-4c19-4c7e-91e2-f8655b60b03d,,,Support Call,Meeting about product demo,2026-08-17T02:10:58.431992,2026-08-17T03:10:58.431992,Zoom,no_show,2026-03-12T04:41:50.432006,13f891f6-02c5-48a2-bb4f-65f664be06a0
42043dd3-7f92-40ae-9d03-bd2693311edb,6e2684b5-dd18-4549-8440-7276b577d2b5,8b51f21b-0da9-4139-8f04-0ef4187ce705,,,Board Meeting,Meeting about product demo,2026-06-12T10:38:57.432018,2026-06-12T12:08:57.432018,In Person,scheduled,2026-02-11T22:36:17.432033,6339ef1b-ca56-4fa5-9ddb-36a79ac9d12f
7006b5dc-9c82-47ea-a411-fe013d5adae0,6e2684b5-dd18-4549-8440-7276b577d2b5,9d990953-1d48-4691-9104-88f3d84dc63c,,4e5718ec-f312-4c46-8b2c-2d099dd03aac,Board Meeting,Meeting about board meeting,2026-07-29T13:34:30.432039,2026-07-29T14:19:30.432039,Phone,cancelled,2025-08-23T10:44:20.432056,58f39eeb-75cb-4ef4-96ba-4a30c22a7a1e
2a04bb2e-312c-4af7-8604-edc4b3935f50,6e2684b5-dd18-4549-8440-7276b577d2b5,1f599b2d-4c19-4c7e-91e2-f8655b60b03d,bf0d7594-9eee-4022-aad3-4ef42783e140,,Budget Review,Meeting about project update,2026-05-27T20:42:36.432062,2026-05-27T22:12:36.432062,Teams,no_show,2025-09-30T11:56:42.432082,d53e375b-e751-4c1c-9dd2-2c198336f144
984d203f-d72c-4348-add5-c2c95821ef23,6e2684b5-dd18-4549-8440-7276b577d2b5,8e8f6232-b5f8-466d-98c1-6a9d8090c3eb,390249ef-6fa6-4b4b-93f9-e47ebae1a444,,Project Update,Meeting about training workshop,2026-09-07T19:42:53.432088,2026-09-07T19:57:53.432088,In Person,cancelled,2025-10-18T13:52:49.432105,8b51f21b-0da9-4139-8f04-0ef4187ce705
6bdc345a-584b-45ea-9be7-c77439ebcfb4,6e2684b5-dd18-4549-8440-7276b577d2b5,eb9f903e-4cd4-462b-9c0c-0720da83cfc0,,,Project Update,Meeting about project update,2026-09-09T05:10:33.432111,2026-09-09T05:25:33.432111,In Person,no_show,2025-12-09T10:11:09.432126,1f599b2d-4c19-4c7e-91e2-f8655b60b03d
577d1d56-2f08-42f6-9d19-dda318eb9f59,6e2684b5-dd18-4549-8440-7276b577d2b5,7223e10a-b124-4a7f-a342-f0f59020ba2f,6ef34e4e-4aa8-44b9-958c-a2a64618f298,,Performance Review,Meeting about board meeting,2026-08-18T17:37:07.432132,2026-08-18T18:07:07.432132,In Person,cancelled,2026-01-30T08:34:13.432151,876017f1-7629-48e0-9ce9-20b44276c7d6
118c3feb-10c4-41d2-86f6-28a93d11b01a,6e2684b5-dd18-4549-8440-7276b577d2b5,d53e375b-e751-4c1c-9dd2-2c198336f144,,,Team Standup,Meeting about support call,2026-10-25T16:13:41.432157,2026-10-25T16:28:41.432157,Google Meet,no_show,2025-11-22T15:06:48.432173,d53e375b-e751-4c1c-9dd2-2c198336f144
9a46717f-fca7-4030-a6e9-35f6c57ea2f8,6e2684b5-dd18-4549-8440-7276b577d2b5,7223e10a-b124-4a7f-a342-f0f59020ba2f,8eaa697c-5e86-407f-8c4e-bd32bb723c25,,Team Standup,Meeting about team standup,2026-09-11T06:59:35.432179,2026-09-11T07:14:35.432179,In Person,no_show,2025-12-10T06:36:19.432195,71030eb2-1621-4863-8e2d-b6184abb7f32
dd33591d-33e0-4b2f-b842-451122690098,6e2684b5-dd18-4549-8440-7276b577d2b5,13f891f6-02c5-48a2-bb4f-65f664be06a0,,,Product Demo,Meeting about partnership discussion,2026-10-01T01:51:27.432201,2026-10-01T02:21:27.432201,Phone,scheduled,2025-10-19T05:57:43.432216,876017f1-7629-48e0-9ce9-20b44276c7d6
ef753c93-95ca-4bdb-81b5-9871a88c0c80,6e2684b5-dd18-4549-8440-7276b577d2b5,9d990953-1d48-4691-9104-88f3d84dc63c,82d86d64-e48d-4644-93d3-4dd9b5ae11fb,,Quarterly Review,Meeting about performance review,2026-08-22T12:19:14.432222,2026-08-22T13:19:14.432222,Zoom,no_show,2026-06-25T04:22:48.432237,13f891f6-02c5-48a2-bb4f-65f664be06a0
6a89a486-9601-460c-9c9e-c27b9974f23a,6e2684b5-dd18-4549-8440-7276b577d2b5,6339ef1b-ca56-4fa5-9ddb-36a79ac9d12f,,,Budget Review,Meeting about sales call,2026-06-23T22:35:41.432248,2026-06-24T00:05:41.432248,Phone,cancelled,2026-02-13T06:32:38.432263,eb9f903e-4cd4-462b-9c0c-0720da83cfc0
b30539c0-41e5-41c7-a336-fd42873d3964,6e2684b5-dd18-4549-8440-7276b577d2b5,8b51f21b-0da9-4139-8f04-0ef4187ce705,,ce6392e0-6f87-4ce6-a209-a1b8849dda81,Team Standup,Meeting about contract negotiation,2026-07-28T23:44:13.432269,2026-07-28T23:59:13.432269,Zoom,cancelled,2026-05-16T05:12:36.432285,7675c849-0f1f-4fa3-923c-f392ea4a2f35
118c3df5-693b-4bad-b0d4-f4da750ef59d,6e2684b5-dd18-4549-8440-7276b577d2b5,876017f1-7629-48e0-9ce9-20b44276c7d6,7f0d3836-7dbc-40ec-b25b-6c81788633e6,e7dc263a-2119-4c7d-bb5f-02dcd404176a,Product Demo,Meeting about support call,2026-05-09T19:50:24.432291,2026-05-09T21:50:24.432291,Zoom,no_show,2025-09-03T16:01:34.432307,58f39eeb-75cb-4ef4-96ba-4a30c22a7a1e
3c502a40-86cd-45d2-9f8b-0774e8bbaef8,6e2684b5-dd18-4549-8440-7276b577d2b5,876017f1-7629-48e0-9ce9-20b44276c7d6,,,Quarterly Review,Meeting about strategy meeting,2026-10-01T10:11:09.432313,2026-10-01T10:26:09.432313,In Person,completed,2025-08-08T02:24:20.432328,8e8f6232-b5f8-466d-98c1-6a9d8090c3eb
5eb5c1f7-7cd2-4bf2-baca-468cf0d888bc,6e2684b5-dd18-4549-8440-7276b577d2b5,eb9f903e-4cd4-462b-9c0c-0720da83cfc0,,,Contract Negotiation,Meeting about board meeting,2026-05-21T11:07:42.432334,2026-05-21T11:22:42.432334,,cancelled,2026-07-18T12:22:32.432348,8b51f21b-0da9-4139-8f04-0ef4187ce705
ed2746e3-809a-4dee-bef6-05551da7e7bf,6e2684b5-dd18-4549-8440-7276b577d2b5,d53e375b-e751-4c1c-9dd2-2c198336f144,4ae484ec-c170-4a1f-a6b1-0c3fa959d749,,Support Call,Meeting about contract negotiation,2026-10-10T11:47:09.432354,2026-10-10T13:17:09.432354,In Person,scheduled,2026-07-16T15:05:44.432370,7675c849-0f1f-4fa3-923c-f392ea4a2f35
689fd350-ec78-4b78-9a48-94d3b2e074ac,6e2684b5-dd18-4549-8440-7276b577d2b5,eb9f903e-4cd4-462b-9c0c-0720da83cfc0,,4c4f22a9-2791-439d-9cdd-48facc6c92be,Partnership Discussion,Meeting about board meeting,2026-08-30T16:43:15.432376,2026-08-30T18:13:15.432376,Google Meet,completed,2025-08-29T16:51:14.432395,58f39eeb-75cb-4ef4-96ba-4a30c22a7a1e
b79cd65e-e240-4c0f-ae63-49d8bf7f6eaa,6e2684b5-dd18-4549-8440-7276b577d2b5,f26bd177-029d-4863-993c-dfebe5004897,,9bd4f202-47c3-4578-8964-6ebc286b8299,Training Workshop,Meeting about contract negotiation,2026-05-28T23:47:42.432402,2026-05-29T01:47:42.432402,Zoom,no_show,2025-09-10T11:04:59.432422,8b51f21b-0da9-4139-8f04-0ef4187ce705
bbf3a7d4-e9da-427b-93e9-a5e45a0d0818,6e2684b5-dd18-4549-8440-7276b577d2b5,71030eb2-1621-4863-8e2d-b6184abb7f32,bb4f5ae6-8e27-4345-92dd-01047419bad5,,Product Demo,Meeting about board meeting,2026-09-23T05:47:17.432428,2026-09-23T06:02:17.432428,,completed,2026-04-29T20:12:30.432444,71030eb2-1621-4863-8e2d-b6184abb7f32
7ce3ab16-72d0-474a-b131-a349f1a8814d,6e2684b5-dd18-4549-8440-7276b577d2b5,13f891f6-02c5-48a2-bb4f-65f664be06a0,c14fc27d-fc80-43dd-bc7d-f3dafed3cee0,,Contract Negotiation,Meeting about onboarding session,2026-07-27T03:50:29.432450,2026-07-27T04:20:29.432450,Google Meet,scheduled,2025-08-28T20:07:15.432466,58f39eeb-75cb-4ef4-96ba-4a30c22a7a1e
7562890b-e36a-43fb-b711-cc8170956498,6e2684b5-dd18-4549-8440-7276b577d2b5,7675c849-0f1f-4fa3-923c-f392ea4a2f35,24e7ffe7-54d3-4e9d-9fc5-5ea852dccea5,,Sales Call,Meeting about sales call,2026-10-11T01:39:48.432476,2026-10-11T03:39:48.432476,Teams,no_show,2026-05-12T12:54:48.432492,71030eb2-1621-4863-8e2d-b6184abb7f32
45ae3b79-ef17-425c-a9c0-9fd564c6f319,6e2684b5-dd18-4549-8440-7276b577d2b5,6339ef1b-ca56-4fa5-9ddb-36a79ac9d12f,dd36de89-45de-4491-b4b1-ac8f77765306,,Contract Negotiation,Meeting about budget review,2026-07-27T11:20:34.432498,2026-07-27T11:35:34.432498,Google Meet,completed,2025-08-13T02:35:43.432515,71030eb2-1621-4863-8e2d-b6184abb7f32
7d224cfe-85f5-49da-ac37-74f40d3adb7b,6e2684b5-dd18-4549-8440-7276b577d2b5,58f39eeb-75cb-4ef4-96ba-4a30c22a7a1e,,,Budget Review,Meeting about contract negotiation,2026-10-10T12:41:25.432521,2026-10-10T14:11:25.432521,Zoom,no_show,2025-09-08T10:25:33.432536,d53e375b-e751-4c1c-9dd2-2c198336f144
7c26e3de-2a1c-4b6a-9bc4-0e1391bc1547,6e2684b5-dd18-4549-8440-7276b577d2b5,1f599b2d-4c19-4c7e-91e2-f8655b60b03d,f0a5c8c0-a33f-40a2-9b2d-8712d605092b,,Support Call,Meeting about project update,2026-09-11T03:11:27.432542,2026-09-11T04:11:27.432542,,completed,2026-04-17T03:50:02.432557,876017f1-7629-48e0-9ce9-20b44276c7d6
40a9b2b8-ca8a-43d6-8a7a-06d4d52e85d8,6e2684b5-dd18-4549-8440-7276b577d2b5,63c904bb-37e1-42e9-b828-03d273915302,,08583efa-96e7-4df4-bf43-b3edcf208435,Project Update,Meeting about support call,2026-06-26T15:21:51.432563,2026-06-26T15:36:51.432563,Zoom,cancelled,2026-05-27T20:08:36.432579,9d990953-1d48-4691-9104-88f3d84dc63c
f3e426b0-15d4-4e14-9c03-7af89dc5f3a6,6e2684b5-dd18-4549-8440-7276b577d2b5,d53e375b-e751-4c1c-9dd2-2c198336f144,,,Budget Review,Meeting about partnership discussion,2026-08-06T18:36:11.432585,2026-08-06T18:51:11.432585,Zoom,cancelled,2025-10-20T00:36:01.432600,71030eb2-1621-4863-8e2d-b6184abb7f32
914c1455-8a58-433d-bbf3-aeb37367f747,6e2684b5-dd18-4549-8440-7276b577d2b5,58f39eeb-75cb-4ef4-96ba-4a30c22a7a1e,3e24ae81-8656-4556-8274-fba1ba7d7d05,,Product Demo,Meeting about contract negotiation,2026-05-20T06:05:09.432606,2026-05-20T06:20:09.432606,Google Meet,no_show,2026-06-11T05:36:00.432622,7675c849-0f1f-4fa3-923c-f392ea4a2f35
5e17ee59-cb19-4d11-9b7b-f8c225780133,6e2684b5-dd18-4549-8440-7276b577d2b5,7675c849-0f1f-4fa3-923c-f392ea4a2f35,fad9ec4a-879a-4477-b3d9-a40967fe1367,,Contract Negotiation,Meeting about project update,2026-08-18T02:02:32.432628,2026-08-18T02:47:32.432628,Phone,scheduled,2025-11-11T19:31:02.432649,7223e10a-b124-4a7f-a342-f0f59020ba2f
6941d8e5-db89-4d6a-b490-6fdac3d413cf,6e2684b5-dd18-4549-8440-7276b577d2b5,71030eb2-1621-4863-8e2d-b6184abb7f32,,2424a8a4-8ccd-4368-bb43-9de36fb62a48,Onboarding Session,Meeting about support call,2026-06-21T23:03:53.432655,2026-06-22T01:03:53.432655,In Person,completed,2026-08-03T19:02:55.432672,9d990953-1d48-4691-9104-88f3d84dc63c
835e2a43-de5c-4a47-946b-a1cd9e7d5005,6e2684b5-dd18-4549-8440-7276b577d2b5,7675c849-0f1f-4fa3-923c-f392ea4a2f35,ae7890af-041a-46ef-b51d-5fec55b5e0ff,29124d96-5b2b-43be-999c-4feecc400b86,Client Check-in,Meeting about board meeting,2026-10-17T06:46:47.432678,2026-10-17T08:16:47.432678,Phone,scheduled,2025-10-08T09:28:55.432695,7223e10a-b124-4a7f-a342-f0f59020ba2f
6f6c77b0-177f-4d3c-8d81-e2599bdf3541,6e2684b5-dd18-4549-8440-7276b577d2b5,13f891f6-02c5-48a2-bb4f-65f664be06a0,dea9b974-f1b1-4222-acc2-98af14e11815,,Partnership Discussion,Meeting about contract negotiation,2026-11-02T00:55:59.432705,2026-11-02T02:55:59.432705,Google Meet,no_show,2025-10-10T07:13:26.432728,eb9f903e-4cd4-462b-9c0c-0720da83cfc0
ca0b277b-34a6-4730-8fc0-30b489e497f0,6e2684b5-dd18-4549-8440-7276b577d2b5,58f39eeb-75cb-4ef4-96ba-4a30c22a7a1e,fb8a3a81-c5bc-44c1-af6b-6508213a4898,,Performance Review,Meeting about budget review,2026-05-21T02:28:10.432735,2026-05-21T03:58:10.432735,Zoom,completed,2025-09-11T20:18:42.432750,eb9f903e-4cd4-462b-9c0c-0720da83cfc0
9cd25636-f21b-4aab-a22c-bc051c583d9c,6e2684b5-dd18-4549-8440-7276b577d2b5,8e8f6232-b5f8-466d-98c1-6a9d8090c3eb,,,Board Meeting,Meeting about sales call,2026-08-21T11:51:25.432757,2026-08-21T12:21:25.432757,,cancelled,2025-12-05T07:15:33.432771,58f39eeb-75cb-4ef4-96ba-4a30c22a7a1e
0cc8df3f-3743-4cce-81b8-d05e7db1c1fa,6e2684b5-dd18-4549-8440-7276b577d2b5,eb9f903e-4cd4-462b-9c0c-0720da83cfc0,2a117811-e6a7-442c-be59-8af4b9f9adea,7c573a71-92c2-4dd6-9d10-9872963c73cd,Board Meeting,Meeting about onboarding session,2026-07-16T20:21:11.432777,2026-07-16T21:06:11.432777,,cancelled,2026-06-09T15:01:37.432793,8b51f21b-0da9-4139-8f04-0ef4187ce705
8960862b-65db-44c0-af68-8bb312bef8a1,6e2684b5-dd18-4549-8440-7276b577d2b5,7675c849-0f1f-4fa3-923c-f392ea4a2f35,,,Sales Call,Meeting about partnership discussion,2026-10-08T17:26:53.432799,2026-10-08T18:56:53.432799,Google Meet,scheduled,2026-02-26T02:38:56.432815,13f891f6-02c5-48a2-bb4f-65f664be06a0
2f24b269-86e9-40a2-a218-f886cb56187e,6e2684b5-dd18-4549-8440-7276b577d2b5,7675c849-0f1f-4fa3-923c-f392ea4a2f35,,7c4df25b-f22c-4d31-bc3b-700d36c84eb7,Board Meeting,Meeting about sales call,2026-08-11T21:58:25.432821,2026-08-11T22:58:25.432821,Zoom,completed,2026-02-19T00:37:57.432838,13f891f6-02c5-48a2-bb4f-65f664be06a0
f2a4df59-77b0-4528-9374-bfb119c20423,6e2684b5-dd18-4549-8440-7276b577d2b5,6339ef1b-ca56-4fa5-9ddb-36a79ac9d12f,,,Quarterly Review,Meeting about training workshop,2026-09-08T02:22:09.432844,2026-09-08T03:22:09.432844,In Person,scheduled,2026-02-10T01:45:11.432860,1f599b2d-4c19-4c7e-91e2-f8655b60b03d
8c3955ad-62eb-4e5e-991b-67d25871ba1b,6e2684b5-dd18-4549-8440-7276b577d2b5,6339ef1b-ca56-4fa5-9ddb-36a79ac9d12f,,,Sales Call,Meeting about product demo,2026-07-26T14:59:10.432866,2026-07-26T16:59:10.432866,Phone,cancelled,2025-09-20T14:09:12.432881,eb9f903e-4cd4-462b-9c0c-0720da83cfc0
6e69a0a0-886d-4ef5-858c-adcd55ef7b11,6e2684b5-dd18-4549-8440-7276b577d2b5,7675c849-0f1f-4fa3-923c-f392ea4a2f35,9bab2f63-9d70-43ca-ab95-9fccdd09186e,,Onboarding Session,Meeting about budget review,2026-07-23T15:56:59.432887,2026-07-23T16:41:59.432887,Phone,no_show,2026-01-21T01:49:17.432903,7675c849-0f1f-4fa3-923c-f392ea4a2f35
195dc176-d485-4b97-90ed-abd0521151dd,6e2684b5-dd18-4549-8440-7276b577d2b5,71030eb2-1621-4863-8e2d-b6184abb7f32,6b2163c7-0095-4a63-8fc5-d3eae64f075f,a680fa62-bd23-4a99-b66c-fe9f02b7b7d4,Product Demo,Meeting about onboarding session,2026-10-05T07:51:13.432909,2026-10-05T08:21:13.432909,In Person,no_show,2025-09-08T10:12:48.432926,8b51f21b-0da9-4139-8f04-0ef4187ce705
1cea4322-5dfa-4ca5-9f7b-a9e8e12216f3,6e2684b5-dd18-4549-8440-7276b577d2b5,d53e375b-e751-4c1c-9dd2-2c198336f144,db5f03e0-a6e9-478e-b9e2-8c4bbd93fe0c,e29be172-493e-44b5-861e-3095325b703d,Team Standup,Meeting about strategy meeting,2026-06-13T10:41:17.432935,2026-06-13T11:26:17.432935,Google Meet,no_show,2025-10-04T13:03:30.432953,8e8f6232-b5f8-466d-98c1-6a9d8090c3eb
9c9b1df3-1351-4c3e-9f3f-176cc719bcbf,6e2684b5-dd18-4549-8440-7276b577d2b5,d53e375b-e751-4c1c-9dd2-2c198336f144,,,Strategy Meeting,Meeting about support call,2026-06-13T07:59:45.432959,2026-06-13T08:59:45.432959,Teams,scheduled,2026-03-08T18:36:26.432974,7675c849-0f1f-4fa3-923c-f392ea4a2f35
cae56f12-f24f-4ae5-81a8-e4249880cc05,6e2684b5-dd18-4549-8440-7276b577d2b5,13f891f6-02c5-48a2-bb4f-65f664be06a0,,03b623be-163d-4e9a-96cb-e64f63dd7239,Contract Negotiation,Meeting about client check-in,2026-07-04T09:53:15.432980,2026-07-04T10:53:15.432980,Phone,completed,2026-04-25T03:46:35.432996,9d990953-1d48-4691-9104-88f3d84dc63c
4d8c440e-c1cb-4a47-aa8e-60ee70798b01,6e2684b5-dd18-4549-8440-7276b577d2b5,8b51f21b-0da9-4139-8f04-0ef4187ce705,c4c02271-6cc9-4d49-bf17-f52ee8589a9f,,Budget Review,Meeting about strategy meeting,2026-09-27T20:06:02.433002,2026-09-27T21:36:02.433002,Google Meet,completed,2026-03-22T22:21:21.433018,9d990953-1d48-4691-9104-88f3d84dc63c
34237789-4f5f-4918-aabd-a9ab2e4fbf2d,6e2684b5-dd18-4549-8440-7276b577d2b5,8e8f6232-b5f8-466d-98c1-6a9d8090c3eb,2e6f3cf9-49f2-4764-a6b7-260c049942f8,63d6258e-e465-4df8-910a-998fa6519411,Performance Review,Meeting about onboarding session,2026-07-02T17:16:43.433030,2026-07-02T17:46:43.433030,Zoom,scheduled,2026-07-27T17:24:16.433047,d53e375b-e751-4c1c-9dd2-2c198336f144
05388cf0-79ea-4b67-acaa-16f4b9347800,6e2684b5-dd18-4549-8440-7276b577d2b5,63c904bb-37e1-42e9-b828-03d273915302,,,Quarterly Review,Meeting about training workshop,2026-07-06T13:57:18.433053,2026-07-06T14:12:18.433053,Teams,completed,2026-06-11T03:26:12.433068,9d990953-1d48-4691-9104-88f3d84dc63c
6134df0a-2ea9-4c9a-99c7-1d16fe6863d4,6e2684b5-dd18-4549-8440-7276b577d2b5,eb9f903e-4cd4-462b-9c0c-0720da83cfc0,,,Support Call,Meeting about contract negotiation,2026-06-29T17:43:29.433074,2026-06-29T17:58:29.433074,,completed,2026-07-10T14:09:15.433088,d53e375b-e751-4c1c-9dd2-2c198336f144
a61bcf87-7dae-4104-81a4-243db6aa3e97,6e2684b5-dd18-4549-8440-7276b577d2b5,8e8f6232-b5f8-466d-98c1-6a9d8090c3eb,e3b8b12e-5c38-4c09-9989-33f6ae71b93f,21f98508-e4f2-461b-b91b-7f58c6531cb0,Contract Negotiation,Meeting about performance review,2026-07-31T06:33:13.433094,2026-07-31T07:18:13.433094,Zoom,cancelled,2026-06-22T15:11:25.433111,f26bd177-029d-4863-993c-dfebe5004897
766b5704-4843-499c-b383-77a1719f15a9,6e2684b5-dd18-4549-8440-7276b577d2b5,eb9f903e-4cd4-462b-9c0c-0720da83cfc0,490ea139-96c7-4f3e-a3be-cfbaedb48dd2,,Partnership Discussion,Meeting about team standup,2026-06-02T08:30:08.433118,2026-06-02T10:00:08.433118,Zoom,no_show,2025-12-09T15:38:38.433137,8e8f6232-b5f8-466d-98c1-6a9d8090c3eb
07ad7679-cdf4-4e5d-88e5-73ddf0883179,6e2684b5-dd18-4549-8440-7276b577d2b5,eb9f903e-4cd4-462b-9c0c-0720da83cfc0,97df2d00-fff2-4f9c-bb95-f79639485208,29c70690-e1c3-4538-a77b-110e225132a2,Contract Negotiation,Meeting about product demo,2026-10-07T04:25:56.433146,2026-10-07T05:10:56.433146,Phone,no_show,2026-03-01T04:36:44.433167,8e8f6232-b5f8-466d-98c1-6a9d8090c3eb
a31e6191-bd30-4716-a72a-55b4f5793220,6e2684b5-dd18-4549-8440-7276b577d2b5,1f599b2d-4c19-4c7e-91e2-f8655b60b03d,ffea67ae-d09d-42d6-827a-8c4bb51442f3,,Product Demo,Meeting about sales call,2026-07-18T02:10:27.433177,2026-07-18T03:40:27.433177,Teams,cancelled,2025-12-10T06:46:07.433193,d53e375b-e751-4c1c-9dd2-2c198336f144
76155c2b-a5f8-457d-9c2c-eb552459baaa,6e2684b5-dd18-4549-8440-7276b577d2b5,1f599b2d-4c19-4c7e-91e2-f8655b60b03d,,6a490a73-654e-40c1-bfc1-9e9d6be8bae8,Support Call,Meeting about sales call,2026-09-19T06:06:00.433199,2026-09-19T07:06:00.433199,Teams,completed,2026-05-15T14:15:52.433214,7223e10a-b124-4a7f-a342-f0f59020ba2f
6cc73054-65e6-4db6-a03c-c70148387f29,6e2684b5-dd18-4549-8440-7276b577d2b5,8b51f21b-0da9-4139-8f04-0ef4187ce705,,64f19854-a49d-4b60-a10f-effd175e19a6,Performance Review,Meeting about client check-in,2026-09-26T09:57:28.433220,2026-09-26T11:27:28.433220,,cancelled,2025-12-07T17:52:10.433235,876017f1-7629-48e0-9ce9-20b44276c7d6
784af175-f9ab-422a-b42d-0f1025da2405,6e2684b5-dd18-4549-8440-7276b577d2b5,6339ef1b-ca56-4fa5-9ddb-36a79ac9d12f,295069e7-685a-4cd1-8e2d-040f448305a4,,Client Check-in,Meeting about product demo,2026-06-18T13:16:26.433241,2026-06-18T13:46:26.433241,,cancelled,2026-03-12T11:48:43.433259,7675c849-0f1f-4fa3-923c-f392ea4a2f35
3fd47a55-e08a-4b84-bec1-c0dc04201061,6e2684b5-dd18-4549-8440-7276b577d2b5,13f891f6-02c5-48a2-bb4f-65f664be06a0,4c26240a-fa07-4380-a5c0-d9d89cf67da9,,Strategy Meeting,Meeting about performance review,2026-07-20T20:22:37.433266,2026-07-20T20:37:37.433266,Phone,cancelled,2025-12-03T07:03:47.433282,71030eb2-1621-4863-8e2d-b6184abb7f32
71df7d39-e890-4f64-9e56-d64870459013,6e2684b5-dd18-4549-8440-7276b577d2b5,8b51f21b-0da9-4139-8f04-0ef4187ce705,a1cd2279-0587-43df-a5fe-1b103c7e3e45,5371d2e5-31e8-454d-8115-e99afc6ca966,Onboarding Session,Meeting about support call,2026-08-18T21:10:55.433288,2026-08-18T22:10:55.433288,Zoom,scheduled,2026-07-07T17:51:14.433305,71030eb2-1621-4863-8e2d-b6184abb7f32
73aae255-9138-46f5-8842-eb375ff24701,6e2684b5-dd18-4549-8440-7276b577d2b5,f26bd177-029d-4863-993c-dfebe5004897,,,Product Demo,Meeting about product demo,2026-07-24T14:27:49.433311,2026-07-24T16:27:49.433311,Zoom,scheduled,2025-10-18T15:35:28.433325,f26bd177-029d-4863-993c-dfebe5004897
612f9758-90f2-4bd0-a45d-633d1b47f494,6e2684b5-dd18-4549-8440-7276b577d2b5,876017f1-7629-48e0-9ce9-20b44276c7d6,,,Budget Review,Meeting about budget review,2026-05-23T16:15:54.433332,2026-05-23T17:45:54.433332,Teams,cancelled,2026-03-31T02:23:25.433350,9d990953-1d48-4691-9104-88f3d84dc63c
f7de9d51-8fc2-4846-9841-824f4eb7ee57,6e2684b5-dd18-4549-8440-7276b577d2b5,6339ef1b-ca56-4fa5-9ddb-36a79ac9d12f,,,Team Standup,Meeting about contract negotiation,2026-10-14T21:01:25.433357,2026-10-14T21:16:25.433357,Zoom,no_show,2026-01-04T16:43:27.433372,eb9f903e-4cd4-462b-9c0c-0720da83cfc0
84a897b0-7ecf-4b36-9e79-e12f4a342f26,6e2684b5-dd18-4549-8440-7276b577d2b5,58f39eeb-75cb-4ef4-96ba-4a30c22a7a1e,,cd2b5382-119d-49dc-8846-4ed517dd825c,Strategy Meeting,Meeting about quarterly review,2026-07-15T03:54:09.433378,2026-07-15T04:09:09.433378,In Person,scheduled,2026-05-22T00:53:02.433394,58f39eeb-75cb-4ef4-96ba-4a30c22a7a1e
6218e2c2-6860-40e3-bbea-1f4bed3ba47d,6e2684b5-dd18-4549-8440-7276b577d2b5,8e8f6232-b5f8-466d-98c1-6a9d8090c3eb,,,Quarterly Review,Meeting about support call,2026-09-05T06:47:36.433403,2026-09-05T07:17:36.433403,Phone,completed,2025-09-05T17:31:00.433418,7223e10a-b124-4a7f-a342-f0f59020ba2f
e6fc7272-2033-4623-8454-f6031c73dacf,6e2684b5-dd18-4549-8440-7276b577d2b5,9d990953-1d48-4691-9104-88f3d84dc63c,,,Client Check-in,Meeting about product demo,2026-07-30T17:45:04.433424,2026-07-30T19:15:04.433424,Teams,cancelled,2026-03-04T03:26:18.433439,876017f1-7629-48e0-9ce9-20b44276c7d6
ec446528-15ea-4aca-94db-57e3afe72266,6e2684b5-dd18-4549-8440-7276b577d2b5,1f599b2d-4c19-4c7e-91e2-f8655b60b03d,,,Strategy Meeting,Meeting about strategy meeting,2026-07-03T23:40:47.433445,2026-07-04T01:40:47.433445,Phone,completed,2026-04-14T08:11:47.433459,13f891f6-02c5-48a2-bb4f-65f664be06a0
194137ab-3983-485a-967a-e492059c5fb8,6e2684b5-dd18-4549-8440-7276b577d2b5,9d990953-1d48-4691-9104-88f3d84dc63c,079ab20b-5bb7-4a9f-bfbc-3fe20ee741e7,,Training Workshop,Meeting about performance review,2026-07-11T10:07:29.433466,2026-07-11T10:37:29.433466,Teams,cancelled,2025-12-20T13:03:10.433481,d53e375b-e751-4c1c-9dd2-2c198336f144
c5353240-dd04-48a4-b9a4-6260c77cbd62,6e2684b5-dd18-4549-8440-7276b577d2b5,f26bd177-029d-4863-993c-dfebe5004897,,5a7dc290-49c5-4a23-a354-b0b33ab4d5cc,Product Demo,Meeting about sales call,2026-06-03T17:29:00.433487,2026-06-03T19:29:00.433487,Teams,no_show,2026-07-24T06:44:39.433503,71030eb2-1621-4863-8e2d-b6184abb7f32
0af0bdee-c257-42b4-8195-fc4c843f0ed6,6e2684b5-dd18-4549-8440-7276b577d2b5,8b51f21b-0da9-4139-8f04-0ef4187ce705,00fe25f6-9406-4da3-81ab-2d9a1eeec466,,Contract Negotiation,Meeting about partnership discussion,2026-10-01T05:50:43.433509,2026-10-01T07:20:43.433509,Google Meet,scheduled,2026-04-17T06:17:00.433526,1f599b2d-4c19-4c7e-91e2-f8655b60b03d
0b209334-fbec-48f0-9c58-86423ea22070,6e2684b5-dd18-4549-8440-7276b577d2b5,6339ef1b-ca56-4fa5-9ddb-36a79ac9d12f,2f8b0fd9-b8f0-4fb4-a40f-903b1e0011d7,,Strategy Meeting,Meeting about budget review,2026-05-10T12:46:09.433532,2026-05-10T14:46:09.433532,,no_show,2026-05-15T11:03:07.433547,8b51f21b-0da9-4139-8f04-0ef4187ce705
54236d57-c1b0-4ac1-9389-90e13de8dc31,6e2684b5-dd18-4549-8440-7276b577d2b5,7223e10a-b124-4a7f-a342-f0f59020ba2f,,84eb380f-7df3-4d14-83c2-91514b7be142,Project Update,Meeting about budget review,2026-08-07T20:05:48.433553,2026-08-07T21:05:48.433553,Zoom,no_show,2026-05-03T08:46:03.433569,71030eb2-1621-4863-8e2d-b6184abb7f32
905c2ff9-e40b-4dae-abaf-673b351fed43,6e2684b5-dd18-4549-8440-7276b577d2b5,d53e375b-e751-4c1c-9dd2-2c198336f144,8ae57c83-37a6-4cad-aa06-540a06f013db,4e16d65c-abb6-4a39-abc0-569c968b74fa,Team Standup,Meeting about training workshop,2026-06-20T14:06:47.433575,2026-06-20T16:06:47.433575,Teams,scheduled,2026-07-04T07:08:57.433593,71030eb2-1621-4863-8e2d-b6184abb7f32
ec5c060b-7a08-4ff8-be37-788867793513,6e2684b5-dd18-4549-8440-7276b577d2b5,f26bd177-029d-4863-993c-dfebe5004897,e367610b-bbbd-4039-bd08-55ba0f9877d2,e677ad5d-e2d5-42d4-b4ea-7cf0a626d587,Onboarding Session,Meeting about partnership discussion,2026-05-20T23:29:04.433599,2026-05-20T23:44:04.433599,Zoom,cancelled,2026-07-26T00:40:19.433615,9d990953-1d48-4691-9104-88f3d84dc63c
ceb2fbf4-fc02-49ad-8257-b89aa8d5bac2,6e2684b5-dd18-4549-8440-7276b577d2b5,d53e375b-e751-4c1c-9dd2-2c198336f144,040b1386-9ec0-4975-aa39-69db3cd0ba78,63f00509-4672-46eb-9b90-89af8753cb3a,Product Demo,Meeting about team standup,2026-06-29T10:52:13.433625,2026-06-29T12:22:13.433625,In Person,cancelled,2025-11-04T01:29:49.433649,7675c849-0f1f-4fa3-923c-f392ea4a2f35
90bb3161-573f-457b-bc14-6cf6a74dc1ad,6e2684b5-dd18-4549-8440-7276b577d2b5,7675c849-0f1f-4fa3-923c-f392ea4a2f35,b9dc6f02-49d8-41a5-82e6-e86b82a00031,,Quarterly Review,Meeting about budget review,2026-05-28T20:28:44.433655,2026-05-28T21:28:44.433655,In Person,cancelled,2026-05-11T00:46:11.433675,58f39eeb-75cb-4ef4-96ba-4a30c22a7a1e
b487310c-1b45-411b-8c00-6fa1c83d7e66,6e2684b5-dd18-4549-8440-7276b577d2b5,9d990953-1d48-4691-9104-88f3d84dc63c,3dbbda1b-a764-4e1d-872b-51f7fc51489a,,Quarterly Review,Meeting about strategy meeting,2026-07-09T11:12:49.433681,2026-07-09T12:42:49.433681,Phone,scheduled,2026-04-02T11:53:16.433698,f26bd177-029d-4863-993c-dfebe5004897
ac4342c4-60c1-489e-8954-b0678f7b6a2d,6e2684b5-dd18-4549-8440-7276b577d2b5,f26bd177-029d-4863-993c-dfebe5004897,,,Team Standup,Meeting about team standup,2026-08-11T14:59:34.433704,2026-08-11T16:29:34.433704,Teams,completed,2025-11-05T10:19:50.433718,876017f1-7629-48e0-9ce9-20b44276c7d6
7cd79b10-e7f4-4ce0-815d-25bb61871241,6e2684b5-dd18-4549-8440-7276b577d2b5,7223e10a-b124-4a7f-a342-f0f59020ba2f,,6b0fdb97-6c88-42ff-b1bf-6545d5fb8e8e,Client Check-in,Meeting about support call,2026-05-21T02:26:34.433724,2026-05-21T03:26:34.433724,,cancelled,2026-03-02T14:16:57.433739,eb9f903e-4cd4-462b-9c0c-0720da83cfc0
30a19740-d7f6-4bcf-8967-ed3700c13931,6e2684b5-dd18-4549-8440-7276b577d2b5,f26bd177-029d-4863-993c-dfebe5004897,,,Support Call,Meeting about quarterly review,2026-10-06T20:36:53.433745,2026-10-06T22:06:53.433745,In Person,scheduled,2025-08-22T23:12:17.433760,8e8f6232-b5f8-466d-98c1-6a9d8090c3eb
5fff0eb0-a862-456c-965b-d407d595df98,6e2684b5-dd18-4549-8440-7276b577d2b5,7223e10a-b124-4a7f-a342-f0f59020ba2f,f5eaf36e-f46c-4a62-905c-9e14693f9609,8a1b4597-e6de-4047-9c6c-b9704c43d27c,Performance Review,Meeting about performance review,2026-10-03T12:36:22.433766,2026-10-03T14:06:22.433766,Teams,completed,2026-01-12T08:32:42.433783,7675c849-0f1f-4fa3-923c-f392ea4a2f35
addc626a-9c6b-4396-b8f6-d22648246ca0,6e2684b5-dd18-4549-8440-7276b577d2b5,58f39eeb-75cb-4ef4-96ba-4a30c22a7a1e,,,Performance Review,Meeting about client check-in,2026-10-16T17:38:55.433789,2026-10-16T18:08:55.433789,,no_show,2026-06-30T07:18:21.433804,13f891f6-02c5-48a2-bb4f-65f664be06a0
2f2923d8-38fd-4aa4-865e-3e383a543a14,6e2684b5-dd18-4549-8440-7276b577d2b5,876017f1-7629-48e0-9ce9-20b44276c7d6,,,Team Standup,Meeting about board meeting,2026-07-05T23:44:45.433810,2026-07-06T00:14:45.433810,Zoom,completed,2025-09-29T10:17:56.433825,876017f1-7629-48e0-9ce9-20b44276c7d6
50fe18a9-f3ea-467d-8cb6-3c1c70a4f88e,6e2684b5-dd18-4549-8440-7276b577d2b5,f26bd177-029d-4863-993c-dfebe5004897,,4aee1835-aba3-4a87-a5de-6728178f1b2d,Performance Review,Meeting about contract negotiation,2026-07-03T09:00:38.433831,2026-07-03T11:00:38.433831,Teams,no_show,2026-02-02T04:36:47.433847,13f891f6-02c5-48a2-bb4f-65f664be06a0
370562f3-ae10-469c-8195-5ab1748fc6dd,6e2684b5-dd18-4549-8440-7276b577d2b5,58f39eeb-75cb-4ef4-96ba-4a30c22a7a1e,,,Support Call,Meeting about client check-in,2026-06-02T14:08:52.433857,2026-06-02T15:08:52.433857,Phone,cancelled,2025-10-12T12:34:17.433872,7223e10a-b124-4a7f-a342-f0f59020ba2f
b38bd025-6f3e-4668-a90b-38944721e3c4,6e2684b5-dd18-4549-8440-7276b577d2b5,13f891f6-02c5-48a2-bb4f-65f664be06a0,00e7e0eb-3bc1-4384-a7b2-a03ceb0abfc4,,Partnership Discussion,Meeting about board meeting,2026-08-10T08:59:13.433878,2026-08-10T10:59:13.433878,In Person,cancelled,2026-03-14T17:54:28.433964,71030eb2-1621-4863-8e2d-b6184abb7f32
a409e15c-9505-47a3-afec-26617040bcea,6e2684b5-dd18-4549-8440-7276b577d2b5,13f891f6-02c5-48a2-bb4f-65f664be06a0,81b74ec9-b197-46cb-9f42-a092a5025b4b,,Strategy Meeting,Meeting about support call,2026-11-04T02:05:13.433971,2026-11-04T03:05:13.433971,Phone,completed,2026-06-27T23:24:48.433987,8b51f21b-0da9-4139-8f04-0ef4187ce705
56f5be10-8f9a-4eb4-8ab9-d5bedf79b836,6e2684b5-dd18-4549-8440-7276b577d2b5,d53e375b-e751-4c1c-9dd2-2c198336f144,,,Sales Call,Meeting about budget review,2026-08-30T10:25:49.433993,2026-08-30T10:40:49.433993,Phone,no_show,2025-11-25T13:00:59.434012,1f599b2d-4c19-4c7e-91e2-f8655b60b03d
3d759b96-f1b1-4da7-8a9b-b2936deb7ce7,6e2684b5-dd18-4549-8440-7276b577d2b5,7223e10a-b124-4a7f-a342-f0f59020ba2f,,,Contract Negotiation,Meeting about onboarding session,2026-10-19T01:26:23.434018,2026-10-19T02:26:23.434018,,scheduled,2026-03-27T07:59:13.434032,58f39eeb-75cb-4ef4-96ba-4a30c22a7a1e
ae785bd6-722d-4538-b4e0-4aa42ed02b67,6e2684b5-dd18-4549-8440-7276b577d2b5,d53e375b-e751-4c1c-9dd2-2c198336f144,,,Client Check-in,Meeting about board meeting,2026-10-28T19:47:34.434042,2026-10-28T20:32:34.434042,,no_show,2025-10-25T20:28:27.434057,1f599b2d-4c19-4c7e-91e2-f8655b60b03d
f02a2d1d-b268-426f-8c1f-775e26755c27,6e2684b5-dd18-4549-8440-7276b577d2b5,63c904bb-37e1-42e9-b828-03d273915302,4a8745a2-3210-4fc9-807f-98ce6b2b2b87,,Support Call,Meeting about partnership discussion,2026-08-23T22:36:33.434063,2026-08-23T22:51:33.434063,,scheduled,2025-09-02T22:37:27.434078,6339ef1b-ca56-4fa5-9ddb-36a79ac9d12f
5f2777cf-6fc4-48a6-9da7-3708729a5f9d,6e2684b5-dd18-4549-8440-7276b577d2b5,6339ef1b-ca56-4fa5-9ddb-36a79ac9d12f,53138a5c-3803-469d-a28f-cae10b9b6c58,c3f7adf7-cb9e-4a2f-aa88-3be9983fc6f0,Support Call,Meeting about client check-in,2026-07-12T07:48:42.434085,2026-07-12T08:33:42.434085,Zoom,cancelled,2026-06-10T20:24:10.434101,6339ef1b-ca56-4fa5-9ddb-36a79ac9d12f
4cf62794-c920-47b7-a812-41ffd049cb3b,6e2684b5-dd18-4549-8440-7276b577d2b5,6339ef1b-ca56-4fa5-9ddb-36a79ac9d12f,,,Strategy Meeting,Meeting about quarterly review,2026-05-15T17:47:36.434107,2026-05-15T18:17:36.434107,Zoom,cancelled,2026-03-24T15:46:49.434122,8b51f21b-0da9-4139-8f04-0ef4187ce705
cc080644-3f47-40a1-878e-336ddb722cc2,6e2684b5-dd18-4549-8440-7276b577d2b5,13f891f6-02c5-48a2-bb4f-65f664be06a0,,,Performance Review,Meeting about strategy meeting,2026-10-10T05:35:17.434128,2026-10-10T05:50:17.434128,Google Meet,no_show,2026-02-25T04:54:07.434143,7223e10a-b124-4a7f-a342-f0f59020ba2f
5020f531-bf52-4f19-b1fb-b3d4ba4a5b22,6e2684b5-dd18-4549-8440-7276b577d2b5,63c904bb-37e1-42e9-b828-03d273915302,2f93cefb-dffb-4f7a-aaf1-ae9f9e069726,7c4df25b-f22c-4d31-bc3b-700d36c84eb7,Strategy Meeting,Meeting about client check-in,2026-11-01T05:50:07.434152,2026-11-01T06:05:07.434152,Zoom,scheduled,2026-07-29T21:16:39.434169,58f39eeb-75cb-4ef4-96ba-4a30c22a7a1e
59131f02-4af7-4d3a-9262-25ca208e25a5,6e2684b5-dd18-4549-8440-7276b577d2b5,d53e375b-e751-4c1c-9dd2-2c198336f144,,8040acc5-9297-4da5-9e4b-3d4b832f8684,Strategy Meeting,Meeting about quarterly review,2026-06-27T15:38:45.434175,2026-06-27T17:38:45.434175,,completed,2026-04-03T11:27:30.434190,876017f1-7629-48e0-9ce9-20b44276c7d6
d086f35d-b235-4983-a706-6ce28597f59a,6e2684b5-dd18-4549-8440-7276b577d2b5,7223e10a-b124-4a7f-a342-f0f59020ba2f,cc16b17a-98e7-4a8b-b94b-2a1ac15faeed,,Performance Review,Meeting about onboarding session,2026-07-12T04:42:19.434196,2026-07-12T05:27:19.434196,Teams,no_show,2026-01-27T06:41:40.434212,f26bd177-029d-4863-993c-dfebe5004897
ad4c3e01-0ed7-4000-9818-077f47b3fbe8,6e2684b5-dd18-4549-8440-7276b577d2b5,1f599b2d-4c19-4c7e-91e2-f8655b60b03d,,78af007a-9e1a-4cdb-9549-5bd7bd58fe4d,Contract Negotiation,Meeting about training workshop,2026-05-25T05:19:39.434218,2026-05-25T06:04:39.434218,In Person,scheduled,2026-07-11T12:13:41.434237,8e8f6232-b5f8-466d-98c1-6a9d8090c3eb
2a81829a-de23-4420-961b-0338243aecf9,6e2684b5-dd18-4549-8440-7276b577d2b5,8b51f21b-0da9-4139-8f04-0ef4187ce705,ab5e1cea-22e1-4614-bd5b-ec4ff2d3103e,4964cffd-2605-492c-abea-c7b95c6e5213,Product Demo,Meeting about client check-in,2026-05-11T09:06:23.434244,2026-05-11T11:06:23.434244,Zoom,completed,2026-08-02T00:29:06.434260,71030eb2-1621-4863-8e2d-b6184abb7f32
f8737037-75e6-4692-a5e6-569ec828001d,6e2684b5-dd18-4549-8440-7276b577d2b5,1f599b2d-4c19-4c7e-91e2-f8655b60b03d,,efe2a828-1136-4be7-98e9-a3e8b07cc64b,Performance Review,Meeting about sales call,2026-09-23T16:48:21.434266,2026-09-23T17:03:21.434266,Teams,no_show,2026-06-04T09:05:08.434281,71030eb2-1621-4863-8e2d-b6184abb7f32
2381a2ae-f8f3-4a46-aa88-768edcff29ed,6e2684b5-dd18-4549-8440-7276b577d2b5,9d990953-1d48-4691-9104-88f3d84dc63c,,,Sales Call,Meeting about product demo,2026-08-08T10:09:45.434287,2026-08-08T11:39:45.434287,Google Meet,no_show,2025-10-10T15:45:21.434302,9d990953-1d48-4691-9104-88f3d84dc63c
3867b16a-a09b-45c3-bbf7-f3fad894ec7c,6e2684b5-dd18-4549-8440-7276b577d2b5,7675c849-0f1f-4fa3-923c-f392ea4a2f35,,,Project Update,Meeting about strategy meeting,2026-06-09T12:03:58.434308,2026-06-09T12:48:58.434308,Zoom,completed,2025-10-06T06:51:29.434322,6339ef1b-ca56-4fa5-9ddb-36a79ac9d12f
956e4abb-aaf2-4bfb-9ed6-c7cece65655c,6e2684b5-dd18-4549-8440-7276b577d2b5,8e8f6232-b5f8-466d-98c1-6a9d8090c3eb,,,Contract Negotiation,Meeting about strategy meeting,2026-05-30T03:30:04.434328,2026-05-30T05:00:04.434328,Teams,no_show,2026-04-11T16:38:44.434346,f26bd177-029d-4863-993c-dfebe5004897
44f52eb6-49ad-44a8-9f21-dfe643457200,6e2684b5-dd18-4549-8440-7276b577d2b5,7223e10a-b124-4a7f-a342-f0f59020ba2f,63e74504-82c5-4495-a95e-b392035b371f,,Quarterly Review,Meeting about sales call,2026-05-11T22:54:33.434352,2026-05-11T23:39:33.434352,Phone,scheduled,2026-02-04T09:34:37.434368,876017f1-7629-48e0-9ce9-20b44276c7d6
a531ed3a-a9e1-4b58-82ae-784ee4304026,6e2684b5-dd18-4549-8440-7276b577d2b5,eb9f903e-4cd4-462b-9c0c-0720da83cfc0,77a19406-14bf-4aca-a2af-9a829cb707f4,,Project Update,Meeting about training workshop,2026-05-29T13:42:04.434386,2026-05-29T15:42:04.434386,In Person,no_show,2025-12-14T23:25:51.434401,9d990953-1d48-4691-9104-88f3d84dc63c
ff96fd14-da20-421e-a938-30ec7a232e6a,6e2684b5-dd18-4549-8440-7276b577d2b5,eb9f903e-4cd4-462b-9c0c-0720da83cfc0,,801eb957-5e53-4e1f-ab8b-98d42411739e,Training Workshop,Meeting about onboarding session,2026-10-07T14:16:06.434407,2026-10-07T14:46:06.434407,Teams,scheduled,2026-05-01T22:02:46.434423,8b51f21b-0da9-4139-8f04-0ef4187ce705
a568bd62-b7ce-4889-92fe-9ddb21e2f3c8,6e2684b5-dd18-4549-8440-7276b577d2b5,58f39eeb-75cb-4ef4-96ba-4a30c22a7a1e,91c18464-ccc3-4eca-89bb-de4a6713c118,53bae4fd-8175-4111-bdbb-61f651989214,Board Meeting,Meeting about support call,2026-07-23T08:09:45.434429,2026-07-23T09:39:45.434429,Zoom,no_show,2026-05-22T00:56:22.434445,8e8f6232-b5f8-466d-98c1-6a9d8090c3eb
58f29818-ad41-4ff7-8578-ac306d58c4d8,6e2684b5-dd18-4549-8440-7276b577d2b5,1f599b2d-4c19-4c7e-91e2-f8655b60b03d,5a13dfb5-e31b-4e96-bbce-bf083a3c3cf6,,Team Standup,Meeting about quarterly review,2026-10-15T21:35:04.434451,2026-10-15T22:05:04.434451,Google Meet,completed,2026-05-28T06:45:17.434466,6339ef1b-ca56-4fa5-9ddb-36a79ac9d12f
278b39e6-ab44-440c-be1b-f1ac5f16cda4,6e2684b5-dd18-4549-8440-7276b577d2b5,d53e375b-e751-4c1c-9dd2-2c198336f144,,,Client Check-in,Meeting about quarterly review,2026-08-15T17:08:44.434472,2026-08-15T18:38:44.434472,Phone,cancelled,2025-09-09T08:56:52.434486,7223e10a-b124-4a7f-a342-f0f59020ba2f
a82153f5-db3b-461f-8e10-31e8673897e1,6e2684b5-dd18-4549-8440-7276b577d2b5,8b51f21b-0da9-4139-8f04-0ef4187ce705,,,Project Update,Meeting about strategy meeting,2026-09-29T16:09:43.434492,2026-09-29T16:54:43.434492,Zoom,cancelled,2025-12-01T11:30:04.434507,7675c849-0f1f-4fa3-923c-f392ea4a2f35
27535c5c-e61f-4e6a-ba1c-87adf2f45157,6e2684b5-dd18-4549-8440-7276b577d2b5,9d990953-1d48-4691-9104-88f3d84dc63c,19b0563b-b79b-43d5-a0cc-7a422dce3ea7,,Partnership Discussion,Meeting about product demo,2026-07-07T06:58:00.434514,2026-07-07T07:58:00.434514,,scheduled,2026-03-24T23:16:51.434529,7675c849-0f1f-4fa3-923c-f392ea4a2f35
e46f5c56-4e6d-4d82-aed6-51fc05923eeb,6e2684b5-dd18-4549-8440-7276b577d2b5,63c904bb-37e1-42e9-b828-03d273915302,,,Quarterly Review,Meeting about performance review,2026-07-27T20:14:02.434535,2026-07-27T20:44:02.434535,,cancelled,2026-04-15T04:36:06.434549,9d990953-1d48-4691-9104-88f3d84dc63c
5a44609c-e395-4a85-9dfa-8a525cb4fb57,6e2684b5-dd18-4549-8440-7276b577d2b5,1f599b2d-4c19-4c7e-91e2-f8655b60b03d,3a4a82a6-2dcf-447a-bd0f-585c4e9fb9b1,,Quarterly Review,Meeting about board meeting,2026-09-18T01:57:34.434556,2026-09-18T02:27:34.434556,Zoom,no_show,2025-09-04T19:22:18.434571,63c904bb-37e1-42e9-b828-03d273915302
b241fab8-191c-4df9-8daf-adb3114b50d6,6e2684b5-dd18-4549-8440-7276b577d2b5,71030eb2-1621-4863-8e2d-b6184abb7f32,,,Strategy Meeting,Meeting about product demo,2026-07-23T20:30:12.434578,2026-07-23T21:00:12.434578,In Person,completed,2026-01-15T15:11:49.434592,9d990953-1d48-4691-9104-88f3d84dc63c
316b3880-54e2-42da-ba53-39c17a0dac6e,6e2684b5-dd18-4549-8440-7276b577d2b5,f26bd177-029d-4863-993c-dfebe5004897,4f6af695-8bfd-411a-95c0-b4e23f86e722,,Budget Review,Meeting about performance review,2026-07-31T22:59:10.434602,2026-07-31T23:44:10.434602,Phone,completed,2025-09-14T05:38:45.434618,6339ef1b-ca56-4fa5-9ddb-36a79ac9d12f
12dea87c-1072-43d7-aa69-3bc9d94e0d3d,6e2684b5-dd18-4549-8440-7276b577d2b5,71030eb2-1621-4863-8e2d-b6184abb7f32,,,Support Call,Meeting about contract negotiation,2026-10-14T14:03:46.434624,2026-10-14T14:18:46.434624,Google Meet,scheduled,2025-09-29T11:59:24.434640,13f891f6-02c5-48a2-bb4f-65f664be06a0
fd3953ef-509b-48f0-8cbb-5bb39b7e5cd2,6e2684b5-dd18-4549-8440-7276b577d2b5,876017f1-7629-48e0-9ce9-20b44276c7d6,f1e732c4-5596-4002-9303-0943f3a4b9de,,Partnership Discussion,Meeting about strategy meeting,2026-07-26T00:04:40.434659,2026-07-26T00:49:40.434659,Google Meet,scheduled,2026-03-13T13:51:46.434677,8e8f6232-b5f8-466d-98c1-6a9d8090c3eb
aa0798d5-c3be-4922-aeca-113e4eaa5c48,6e2684b5-dd18-4549-8440-7276b577d2b5,1f599b2d-4c19-4c7e-91e2-f8655b60b03d,,498cb99d-ee85-4913-8074-d786bb5ea56b,Team Standup,Meeting about partnership discussion,2026-09-13T07:38:47.434683,2026-09-13T08:23:47.434683,Zoom,cancelled,2025-12-01T19:16:31.434698,7223e10a-b124-4a7f-a342-f0f59020ba2f
ed7859e7-79ac-42de-ab36-a285eec07d83,6e2684b5-dd18-4549-8440-7276b577d2b5,7223e10a-b124-4a7f-a342-f0f59020ba2f,,,Onboarding Session,Meeting about team standup,2026-07-17T09:04:18.434704,2026-07-17T10:04:18.434704,Google Meet,completed,2026-01-20T04:39:19.434719,eb9f903e-4cd4-462b-9c0c-0720da83cfc0
a5d1ac19-0eb6-4436-9d95-cf626262c02a,6e2684b5-dd18-4549-8440-7276b577d2b5,71030eb2-1621-4863-8e2d-b6184abb7f32,,,Team Standup,Meeting about quarterly review,2026-07-23T00:09:57.434725,2026-07-23T01:09:57.434725,Zoom,scheduled,2026-07-04T13:21:45.434739,8b51f21b-0da9-4139-8f04-0ef4187ce705
aaeeef68-cf14-40ce-ad1f-1074eb2e2378,6e2684b5-dd18-4549-8440-7276b577d2b5,58f39eeb-75cb-4ef4-96ba-4a30c22a7a1e,,,Strategy Meeting,Meeting about strategy meeting,2026-07-18T04:36:40.434746,2026-07-18T05:21:40.434746,Google Meet,scheduled,2026-04-27T08:13:41.434792,d53e375b-e751-4c1c-9dd2-2c198336f144
84353e23-4c9f-46d1-8da3-78324524ea16,6e2684b5-dd18-4549-8440-7276b577d2b5,7223e10a-b124-4a7f-a342-f0f59020ba2f,bdbe4ff7-999c-4a65-b8ab-4d0b9900b927,635bce9e-3988-4e15-ae76-8d43ab61da99,Support Call,Meeting about client check-in,2026-07-01T16:59:05.434810,2026-07-01T17:44:05.434810,Zoom,completed,2025-09-30T08:57:26.434858,6339ef1b-ca56-4fa5-9ddb-36a79ac9d12f
4da3ce57-7258-4688-b856-3c7235ef0688,6e2684b5-dd18-4549-8440-7276b577d2b5,9d990953-1d48-4691-9104-88f3d84dc63c,d1f5acb8-32b5-49d2-ba9e-96919f8ad744,,Product Demo,Meeting about onboarding session,2026-06-30T07:27:43.434872,2026-06-30T09:27:43.434872,Zoom,no_show,2026-02-26T05:30:37.434902,63c904bb-37e1-42e9-b828-03d273915302
0a6993bb-4cb8-4484-8cdb-be389b2ac2a3,6e2684b5-dd18-4549-8440-7276b577d2b5,f26bd177-029d-4863-993c-dfebe5004897,,,Support Call,Meeting about project update,2026-11-01T05:14:14.434909,2026-11-01T06:44:14.434909,Phone,scheduled,2026-05-07T07:39:13.434925,1f599b2d-4c19-4c7e-91e2-f8655b60b03d
8139a37a-687d-41bd-9c76-b2cb53cbdc85,6e2684b5-dd18-4549-8440-7276b577d2b5,7223e10a-b124-4a7f-a342-f0f59020ba2f,,,Team Standup,Meeting about project update,2026-07-14T17:48:37.434935,2026-07-14T18:33:37.434935,Zoom,cancelled,2025-12-07T00:40:53.434951,13f891f6-02c5-48a2-bb4f-65f664be06a0
d16f6635-069d-41f1-a94d-9bb8477725a6,6e2684b5-dd18-4549-8440-7276b577d2b5,1f599b2d-4c19-4c7e-91e2-f8655b60b03d,,,Onboarding Session,Meeting about performance review,2026-10-15T12:28:50.434957,2026-10-15T14:28:50.434957,Teams,completed,2026-05-10T13:41:07.434972,eb9f903e-4cd4-462b-9c0c-0720da83cfc0
c72e54e2-5e5e-4343-a318-7505f9c266d5,6e2684b5-dd18-4549-8440-7276b577d2b5,63c904bb-37e1-42e9-b828-03d273915302,,2d23044b-1c89-4f23-8526-5a87bd4805ee,Project Update,Meeting about onboarding session,2026-06-26T01:47:12.434978,2026-06-26T02:17:12.434978,Google Meet,cancelled,2026-06-02T08:56:45.434995,1f599b2d-4c19-4c7e-91e2-f8655b60b03d
57109de0-4ae4-42d2-98c3-b8bc1317bd2a,6e2684b5-dd18-4549-8440-7276b577d2b5,9d990953-1d48-4691-9104-88f3d84dc63c,,,Team Standup,Meeting about team standup,2026-06-04T11:48:47.435001,2026-06-04T13:18:47.435001,,no_show,2026-03-03T14:35:56.435016,9d990953-1d48-4691-9104-88f3d84dc63c
f6ee3e00-4db7-4e2f-8946-6e2e101faa99,6e2684b5-dd18-4549-8440-7276b577d2b5,13f891f6-02c5-48a2-bb4f-65f664be06a0,78552d58-d304-447f-8e09-7750f6a021e4,,Product Demo,Meeting about client check-in,2026-05-24T23:37:15.435022,2026-05-25T01:07:15.435022,In Person,no_show,2025-10-11T15:04:48.435039,7675c849-0f1f-4fa3-923c-f392ea4a2f35
5f516cac-6247-4daf-80b7-1b83c9446ad0,6e2684b5-dd18-4549-8440-7276b577d2b5,8b51f21b-0da9-4139-8f04-0ef4187ce705,,,Team Standup,Meeting about board meeting,2026-10-23T17:03:04.435045,2026-10-23T19:03:04.435045,Teams,no_show,2026-02-11T03:57:01.435060,8e8f6232-b5f8-466d-98c1-6a9d8090c3eb
c9e3cc1e-fe34-4e8b-be10-369efe06d664,6e2684b5-dd18-4549-8440-7276b577d2b5,58f39eeb-75cb-4ef4-96ba-4a30c22a7a1e,11c8899c-1b6d-44af-a6b9-4d0a335c1fa7,,Budget Review,Meeting about training workshop,2026-07-16T03:00:13.435071,2026-07-16T04:30:13.435071,Zoom,completed,2025-10-21T06:36:46.435089,63c904bb-37e1-42e9-b828-03d273915302
a090d800-6771-4fd5-bc06-14dab5396321,6e2684b5-dd18-4549-8440-7276b577d2b5,63c904bb-37e1-42e9-b828-03d273915302,ba8bb408-ab5f-4b7c-910f-92844af01586,8040acc5-9297-4da5-9e4b-3d4b832f8684,Contract Negotiation,Meeting about project update,2026-09-29T12:49:20.435095,2026-09-29T13:19:20.435095,Phone,cancelled,2025-12-01T08:37:39.435113,8e8f6232-b5f8-466d-98c1-6a9d8090c3eb
c6c6320e-c9c4-41cc-9570-32fabe100d9e,6e2684b5-dd18-4549-8440-7276b577d2b5,58f39eeb-75cb-4ef4-96ba-4a30c22a7a1e,,,Onboarding Session,Meeting about strategy meeting,2026-10-15T13:26:58.435119,2026-10-15T15:26:58.435119,Google Meet,no_show,2025-09-01T06:07:55.435134,71030eb2-1621-4863-8e2d-b6184abb7f32
186dd4da-eddc-4f70-b41f-45acd50ccd63,6e2684b5-dd18-4549-8440-7276b577d2b5,6339ef1b-ca56-4fa5-9ddb-36a79ac9d12f,,,Contract Negotiation,Meeting about support call,2026-08-23T23:09:42.435141,2026-08-23T23:39:42.435141,Google Meet,scheduled,2026-06-23T03:47:35.435158,58f39eeb-75cb-4ef4-96ba-4a30c22a7a1e
ce6f5d5a-2298-4c0a-bb15-0ce7bd32928a,6e2684b5-dd18-4549-8440-7276b577d2b5,71030eb2-1621-4863-8e2d-b6184abb7f32,692095d8-788d-46d3-8322-af2528809ee6,,Product Demo,Meeting about board meeting,2026-11-01T23:15:20.435168,2026-11-02T01:15:20.435168,Teams,completed,2026-03-17T16:07:28.435185,71030eb2-1621-4863-8e2d-b6184abb7f32
b3252a88-24a2-474d-bb3c-3f6261d76f29,6e2684b5-dd18-4549-8440-7276b577d2b5,1f599b2d-4c19-4c7e-91e2-f8655b60b03d,428864d6-4b9d-41a5-a8db-1f3606d6f271,2132a96b-db24-434f-a406-1a7592fa4346,Onboarding Session,Meeting about contract negotiation,2026-08-12T15:05:22.435191,2026-08-12T17:05:22.435191,,completed,2026-06-10T07:06:30.435208,8b51f21b-0da9-4139-8f04-0ef4187ce705
617bec21-9a8f-40e2-a6f4-a809f4119dd9,6e2684b5-dd18-4549-8440-7276b577d2b5,9d990953-1d48-4691-9104-88f3d84dc63c,,,Performance Review,Meeting about quarterly review,2026-09-09T07:22:24.435215,2026-09-09T08:07:24.435215,In Person,cancelled,2026-01-31T17:52:53.435229,63c904bb-37e1-42e9-b828-03d273915302
2a1ccd3f-59c3-4bd1-af90-047baf48a181,6e2684b5-dd18-4549-8440-7276b577d2b5,9d990953-1d48-4691-9104-88f3d84dc63c,,964cf819-5def-469b-948c-e924b95e7774,Support Call,Meeting about quarterly review,2026-07-07T23:06:32.435235,2026-07-08T00:06:32.435235,In Person,cancelled,2026-01-06T15:01:03.435252,1f599b2d-4c19-4c7e-91e2-f8655b60b03d
061c6d4c-4ec0-4b3a-8b30-178b7cc7b98b,6e2684b5-dd18-4549-8440-7276b577d2b5,f26bd177-029d-4863-993c-dfebe5004897,,5b8b3e4f-e0d5-4f42-a024-4f696d519453,Quarterly Review,Meeting about budget review,2026-06-19T07:00:22.435258,2026-06-19T07:15:22.435258,In Person,scheduled,2026-05-25T03:38:16.435274,876017f1-7629-48e0-9ce9-20b44276c7d6
38fc8d8c-3a11-4617-ad19-b7b45d7d30ca,6e2684b5-dd18-4549-8440-7276b577d2b5,58f39eeb-75cb-4ef4-96ba-4a30c22a7a1e,64491030-68f3-46da-9bbd-66c8db830ce8,,Strategy Meeting,Meeting about onboarding session,2026-06-10T17:46:41.435280,2026-06-10T18:16:41.435280,Phone,completed,2026-08-01T00:09:56.435296,876017f1-7629-48e0-9ce9-20b44276c7d6
d49de488-dab3-46b9-97ba-a66647c42e4c,6e2684b5-dd18-4549-8440-7276b577d2b5,f26bd177-029d-4863-993c-dfebe5004897,793f63e6-1599-47e0-b1de-449120ff9177,,Budget Review,Meeting about project update,2026-07-24T12:38:41.435302,2026-07-24T13:23:41.435302,In Person,no_show,2025-09-15T07:10:14.435319,876017f1-7629-48e0-9ce9-20b44276c7d6
bf3ef6da-e863-4514-94dd-03fbd2ddd1fe,6e2684b5-dd18-4549-8440-7276b577d2b5,6339ef1b-ca56-4fa5-9ddb-36a79ac9d12f,,,Project Update,Meeting about product demo,2026-10-04T00:26:29.435325,2026-10-04T00:41:29.435325,,cancelled,2025-10-31T01:13:28.435340,8e8f6232-b5f8-466d-98c1-6a9d8090c3eb
90618704-4fc5-435a-93d8-66f9781f3d2f,6e2684b5-dd18-4549-8440-7276b577d2b5,13f891f6-02c5-48a2-bb4f-65f664be06a0,,,Board Meeting,Meeting about strategy meeting,2026-07-24T10:16:02.435346,2026-07-24T10:31:02.435346,,cancelled,2026-06-30T21:08:32.435360,1f599b2d-4c19-4c7e-91e2-f8655b60b03d
aae230d2-2824-494f-862f-8608dff1819e,6e2684b5-dd18-4549-8440-7276b577d2b5,8b51f21b-0da9-4139-8f04-0ef4187ce705,,6ca0e6f9-5429-4461-95a0-004fd841833d,Support Call,Meeting about quarterly review,2026-08-22T12:15:08.435370,2026-08-22T14:15:08.435370,Google Meet,no_show,2025-12-20T17:35:25.435387,8e8f6232-b5f8-466d-98c1-6a9d8090c3eb
4f0bff6e-7816-4386-8999-19179dedc51c,6e2684b5-dd18-4549-8440-7276b577d2b5,7223e10a-b124-4a7f-a342-f0f59020ba2f,,15b85fbd-81df-451b-9e87-f45a30e5921e,Partnership Discussion,Meeting about contract negotiation,2026-06-30T21:14:17.435396,2026-06-30T23:14:17.435396,,scheduled,2025-12-13T02:19:55.435412,7675c849-0f1f-4fa3-923c-f392ea4a2f35
1f81b1c5-dba7-447b-b65c-bed7086d8ae5,6e2684b5-dd18-4549-8440-7276b577d2b5,9d990953-1d48-4691-9104-88f3d84dc63c,76cd3b22-be0e-4522-9e7a-3676703dc64b,4527d267-9590-416f-a30f-273755ad69d0,Training Workshop,Meeting about client check-in,2026-09-01T01:30:53.435418,2026-09-01T02:15:53.435418,Google Meet,scheduled,2026-06-24T07:11:03.435435,eb9f903e-4cd4-462b-9c0c-0720da83cfc0
3f421e61-d842-4ec0-9b71-365dc8a6b9a0,6e2684b5-dd18-4549-8440-7276b577d2b5,876017f1-7629-48e0-9ce9-20b44276c7d6,,,Budget Review,Meeting about contract negotiation,2026-05-22T02:46:23.435441,2026-05-22T04:16:23.435441,Teams,no_show,2026-04-14T11:21:05.435456,6339ef1b-ca56-4fa5-9ddb-36a79ac9d12f
5348cf97-58ba-4bf4-9d67-0c51339f418d,6e2684b5-dd18-4549-8440-7276b577d2b5,8b51f21b-0da9-4139-8f04-0ef4187ce705,4727a6da-7431-4d84-b85c-35f0d1785593,,Strategy Meeting,Meeting about team standup,2026-07-22T01:23:27.435462,2026-07-22T02:08:27.435462,Teams,completed,2026-07-08T11:06:45.435478,71030eb2-1621-4863-8e2d-b6184abb7f32
72bdd62a-36a1-489e-a909-eb0085acd103,6e2684b5-dd18-4549-8440-7276b577d2b5,7675c849-0f1f-4fa3-923c-f392ea4a2f35,,2132a96b-db24-434f-a406-1a7592fa4346,Budget Review,Meeting about performance review,2026-08-05T17:25:15.435484,2026-08-05T18:55:15.435484,,no_show,2025-12-04T23:13:05.435499,7223e10a-b124-4a7f-a342-f0f59020ba2f
134b4428-a940-4d94-920d-7ac3a84661db,6e2684b5-dd18-4549-8440-7276b577d2b5,9d990953-1d48-4691-9104-88f3d84dc63c,,,Board Meeting,Meeting about partnership discussion,2026-09-07T10:35:10.435505,2026-09-07T11:20:10.435505,,scheduled,2026-03-08T01:19:40.435520,7675c849-0f1f-4fa3-923c-f392ea4a2f35
f0b2fe71-5770-4191-bd1f-db418bd5fc1e,6e2684b5-dd18-4549-8440-7276b577d2b5,1f599b2d-4c19-4c7e-91e2-f8655b60b03d,5fe61f0e-8534-46be-94b7-a282abb01ee7,,Team Standup,Meeting about project update,2026-10-08T10:40:45.435526,2026-10-08T11:25:45.435526,Phone,no_show,2025-12-22T03:23:24.435541,876017f1-7629-48e0-9ce9-20b44276c7d6
eeed2ac0-3732-4b77-b6a9-cea31010f473,6e2684b5-dd18-4549-8440-7276b577d2b5,71030eb2-1621-4863-8e2d-b6184abb7f32,,,Contract Negotiation,Meeting about project update,2026-09-06T19:19:38.435548,2026-09-06T19:34:38.435548,Phone,no_show,2025-11-22T18:31:28.435562,876017f1-7629-48e0-9ce9-20b44276c7d6
2da83ecf-3a7b-486b-be37-8f7cac1ec31d,6e2684b5-dd18-4549-8440-7276b577d2b5,58f39eeb-75cb-4ef4-96ba-4a30c22a7a1e,,52830570-f4e6-4313-bc0f-ae485bf3d311,Quarterly Review,Meeting about client check-in,2026-07-22T19:53:03.435568,2026-07-22T20:08:03.435568,,cancelled,2025-08-07T15:26:23.435583,7675c849-0f1f-4fa3-923c-f392ea4a2f35
7f2347fb-d50f-42c2-9693-a02dca9a4af5,6e2684b5-dd18-4549-8440-7276b577d2b5,7675c849-0f1f-4fa3-923c-f392ea4a2f35,d14318e3-596a-49e5-9fc7-56d5b188f517,,Quarterly Review,Meeting about strategy meeting,2026-09-16T09:31:55.435590,2026-09-16T11:01:55.435590,,no_show,2026-02-21T17:52:54.435605,8b51f21b-0da9-4139-8f04-0ef4187ce705
db99160c-597d-4d75-b52a-0c81d4575007,6e2684b5-dd18-4549-8440-7276b577d2b5,7223e10a-b124-4a7f-a342-f0f59020ba2f,,,Project Update,Meeting about support call,2026-07-27T19:50:26.435615,2026-07-27T20:05:26.435615,Phone,scheduled,2025-11-12T07:52:37.435630,eb9f903e-4cd4-462b-9c0c-0720da83cfc0
2721f544-11f1-4aee-aefe-e8f74a2f04a8,6e2684b5-dd18-4549-8440-7276b577d2b5,63c904bb-37e1-42e9-b828-03d273915302,,,Client Check-in,Meeting about client check-in,2026-05-16T08:57:42.435636,2026-05-16T09:12:42.435636,In Person,completed,2026-08-06T08:31:11.435661,9d990953-1d48-4691-9104-88f3d84dc63c
16233a69-bd08-40ad-a680-c8fa6cd21ccf,6e2684b5-dd18-4549-8440-7276b577d2b5,7223e10a-b124-4a7f-a342-f0f59020ba2f,,,Sales Call,Meeting about contract negotiation,2026-05-09T14:06:44.435667,2026-05-09T14:21:44.435667,Teams,scheduled,2026-03-06T09:18:22.435682,71030eb2-1621-4863-8e2d-b6184abb7f32
60a2cd70-bd20-4143-9596-b30c8bf3fc81,6e2684b5-dd18-4549-8440-7276b577d2b5,8e8f6232-b5f8-466d-98c1-6a9d8090c3eb,97bf03b2-dad3-4a0f-81f6-401c5af84000,,Contract Negotiation,Meeting about training workshop,2026-10-05T21:15:02.435692,2026-10-05T22:00:02.435692,Teams,completed,2025-09-17T03:22:38.435708,1f599b2d-4c19-4c7e-91e2-f8655b60b03d
49dc598a-2bc4-4428-8fe4-9b29b346c47e,6e2684b5-dd18-4549-8440-7276b577d2b5,1f599b2d-4c19-4c7e-91e2-f8655b60b03d,16710d97-6734-4224-94dd-ca02f958e95b,,Project Update,Meeting about quarterly review,2026-07-09T18:09:03.435714,2026-07-09T20:09:03.435714,,no_show,2026-03-02T17:48:08.435730,f26bd177-029d-4863-993c-dfebe5004897
82ed0824-82f3-4567-b6c8-c5f3301383f1,6e2684b5-dd18-4549-8440-7276b577d2b5,13f891f6-02c5-48a2-bb4f-65f664be06a0,85d752db-a83b-41ab-a0f0-b2b693c6dbd3,,Sales Call,Meeting about onboarding session,2026-11-01T07:13:38.435736,2026-11-01T09:13:38.435736,Phone,no_show,2025-09-18T21:56:14.435804,8b51f21b-0da9-4139-8f04-0ef4187ce705
3a0eda41-8d25-411a-93f2-a296e2ae5f0a,6e2684b5-dd18-4549-8440-7276b577d2b5,63c904bb-37e1-42e9-b828-03d273915302,,2ab19b11-a072-4689-9f38-da9d486239e6,Client Check-in,Meeting about client check-in,2026-06-11T21:02:24.435822,2026-06-11T22:02:24.435822,,scheduled,2026-03-29T13:33:54.435843,8e8f6232-b5f8-466d-98c1-6a9d8090c3eb
13de7c6e-30d5-4e55-9875-1a91969d28b0,6e2684b5-dd18-4549-8440-7276b577d2b5,876017f1-7629-48e0-9ce9-20b44276c7d6,,,Performance Review,Meeting about onboarding session,2026-07-24T05:05:53.435849,2026-07-24T05:20:53.435849,In Person,cancelled,2026-06-28T10:03:42.435869,1f599b2d-4c19-4c7e-91e2-f8655b60b03d
c9d62e82-410f-4aed-a6c6-7c645ed55ffb,6e2684b5-dd18-4549-8440-7276b577d2b5,1f599b2d-4c19-4c7e-91e2-f8655b60b03d,b8627492-da7d-4ae5-9586-7269141ebd27,8a0c618a-038f-46bd-9014-8dfcec664ff0,Budget Review,Meeting about onboarding session,2026-06-19T02:27:46.435875,2026-06-19T03:12:46.435875,Google Meet,cancelled,2026-01-12T04:24:47.435893,876017f1-7629-48e0-9ce9-20b44276c7d6
14c46f61-7329-4467-a770-7d7b7643ca5c,6e2684b5-dd18-4549-8440-7276b577d2b5,7223e10a-b124-4a7f-a342-f0f59020ba2f,,,Budget Review,Meeting about performance review,2026-06-27T03:04:50.435899,2026-06-27T03:19:50.435899,Phone,no_show,2025-08-09T20:29:36.435914,8e8f6232-b5f8-466d-98c1-6a9d8090c3eb
58de9d2a-37f6-4722-a990-2e81dae6d2c1,6e2684b5-dd18-4549-8440-7276b577d2b5,6339ef1b-ca56-4fa5-9ddb-36a79ac9d12f,,,Performance Review,Meeting about training workshop,2026-07-17T09:49:49.435923,2026-07-17T11:19:49.435923,In Person,cancelled,2026-06-01T08:47:19.435939,7675c849-0f1f-4fa3-923c-f392ea4a2f35
eb6bd840-e97a-4158-b6fe-24e3435636c7,6e2684b5-dd18-4549-8440-7276b577d2b5,63c904bb-37e1-42e9-b828-03d273915302,0d9f8d66-9e73-4a72-8bd3-f06601137ff1,,Training Workshop,Meeting about sales call,2026-07-26T17:56:18.435945,2026-07-26T19:26:18.435945,Google Meet,completed,2025-08-25T03:58:00.435961,7223e10a-b124-4a7f-a342-f0f59020ba2f
0a42b6c3-c83f-4625-bf36-d6958ee2135a,6e2684b5-dd18-4549-8440-7276b577d2b5,7223e10a-b124-4a7f-a342-f0f59020ba2f,,,Board Meeting,Meeting about training workshop,2026-06-19T23:38:38.435967,2026-06-20T00:23:38.435967,In Person,no_show,2026-03-27T07:39:15.435983,63c904bb-37e1-42e9-b828-03d273915302
550d573d-a01e-4560-aa9a-aa2418dec065,6e2684b5-dd18-4549-8440-7276b577d2b5,7223e10a-b124-4a7f-a342-f0f59020ba2f,,,Contract Negotiation,Meeting about project update,2026-09-03T15:39:42.435989,2026-09-03T15:54:42.435989,Phone,cancelled,2025-11-05T21:01:36.436025,6339ef1b-ca56-4fa5-9ddb-36a79ac9d12f
5a34b2d4-722c-4697-996f-55088cdaa941,6e2684b5-dd18-4549-8440-7276b577d2b5,f26bd177-029d-4863-993c-dfebe5004897,8cbfc383-6e06-4a20-b40e-d8c57fe07f3c,faa77012-a2a2-4adf-82e8-4a990d0b633a,Sales Call,Meeting about strategy meeting,2026-09-02T03:39:07.436041,2026-09-02T05:39:07.436041,Teams,completed,2025-10-26T17:23:00.436091,8b51f21b-0da9-4139-8f04-0ef4187ce705
9244852b-db4c-4e00-8d4d-2277d87905a4,6e2684b5-dd18-4549-8440-7276b577d2b5,13f891f6-02c5-48a2-bb4f-65f664be06a0,,,Strategy Meeting,Meeting about support call,2026-10-16T07:37:29.436104,2026-10-16T09:37:29.436104,In Person,scheduled,2025-10-01T05:00:56.436161,13f891f6-02c5-48a2-bb4f-65f664be06a0
e32e640e-76fb-4a63-8f58-ffdcf79714b7,6e2684b5-dd18-4549-8440-7276b577d2b5,1f599b2d-4c19-4c7e-91e2-f8655b60b03d,715ad453-6630-4f51-bf8b-b4ae45460add,,Client Check-in,Meeting about support call,2026-07-21T23:04:56.436176,2026-07-22T00:04:56.436176,Teams,scheduled,2025-10-30T16:58:52.436216,7675c849-0f1f-4fa3-923c-f392ea4a2f35
2c9dcf21-0b85-4bb4-b3cb-f2c06de48d9d,6e2684b5-dd18-4549-8440-7276b577d2b5,63c904bb-37e1-42e9-b828-03d273915302,1e06398a-ec6f-465a-974f-7b05f288c257,,Client Check-in,Meeting about product demo,2026-09-25T01:14:11.436228,2026-09-25T02:14:11.436228,Zoom,no_show,2026-04-11T18:49:05.436258,8b51f21b-0da9-4139-8f04-0ef4187ce705
c6d92189-ca5c-429e-bfa9-33133133b2c7,6e2684b5-dd18-4549-8440-7276b577d2b5,13f891f6-02c5-48a2-bb4f-65f664be06a0,,6c8f9816-4f33-4baa-88c0-a7bb23e3a286,Support Call,Meeting about partnership discussion,2026-10-03T08:49:18.436269,2026-10-03T09:19:18.436269,,completed,2026-04-16T17:24:22.436314,7675c849-0f1f-4fa3-923c-f392ea4a2f35
e847ef56-b581-4454-8da9-f3bdbcd08def,6e2684b5-dd18-4549-8440-7276b577d2b5,71030eb2-1621-4863-8e2d-b6184abb7f32,4b025b8d-4ff2-4b6d-9d79-a0ded40298cb,faa77012-a2a2-4adf-82e8-4a990d0b633a,Strategy Meeting,Meeting about support call,2026-08-07T00:36:21.436334,2026-08-07T02:06:21.436334,,scheduled,2025-08-14T03:46:23.436373,7223e10a-b124-4a7f-a342-f0f59020ba2f
5c5658f2-e2af-4812-add9-0d9100655072,6e2684b5-dd18-4549-8440-7276b577d2b5,f26bd177-029d-4863-993c-dfebe5004897,92cb6107-fe7f-4f93-9cd9-359b39736cf4,,Contract Negotiation,Meeting about contract negotiation,2026-10-07T14:32:38.436396,2026-10-07T16:02:38.436396,Zoom,scheduled,2025-09-04T02:53:35.436434,f26bd177-029d-4863-993c-dfebe5004897
46f50f7c-e465-474d-951f-2f91439957ce,6e2684b5-dd18-4549-8440-7276b577d2b5,1f599b2d-4c19-4c7e-91e2-f8655b60b03d,,5667749d-bfbd-40e8-81b4-62d9dfd248c7,Team Standup,Meeting about board meeting,2026-05-26T18:29:25.436441,2026-05-26T19:29:25.436441,Google Meet,cancelled,2026-05-16T12:43:04.436459,7675c849-0f1f-4fa3-923c-f392ea4a2f35
81796336-8d15-4a75-a182-da812fbdcce9,6e2684b5-dd18-4549-8440-7276b577d2b5,13f891f6-02c5-48a2-bb4f-65f664be06a0,,,Sales Call,Meeting about training workshop,2026-09-25T16:52:12.436465,2026-09-25T17:22:12.436465,Google Meet,completed,2026-07-07T14:26:44.436480,8e8f6232-b5f8-466d-98c1-6a9d8090c3eb
a1192dbd-d848-478f-9f5f-0f95940e62eb,6e2684b5-dd18-4549-8440-7276b577d2b5,71030eb2-1621-4863-8e2d-b6184abb7f32,325c6fac-7125-4d16-9ce4-6129d4f1f757,f5cae76e-f254-4c26-ab23-376486b801b0,Performance Review,Meeting about client check-in,2026-08-28T10:31:54.436487,2026-08-28T11:16:54.436487,,completed,2026-03-23T15:27:20.436503,6339ef1b-ca56-4fa5-9ddb-36a79ac9d12f
e53f0c35-2027-49bd-bc9e-3a359788bb5e,6e2684b5-dd18-4549-8440-7276b577d2b5,9d990953-1d48-4691-9104-88f3d84dc63c,,,Partnership Discussion,Meeting about quarterly review,2026-09-11T11:28:42.436510,2026-09-11T12:28:42.436510,,cancelled,2026-07-01T20:12:54.436525,eb9f903e-4cd4-462b-9c0c-0720da83cfc0
5d92dd85-cde0-4ce3-8aec-a87d5847d6d1,6e2684b5-dd18-4549-8440-7276b577d2b5,58f39eeb-75cb-4ef4-96ba-4a30c22a7a1e,,ba005acf-db13-4503-884b-0c05ab1ad616,Client Check-in,Meeting about project update,2026-08-13T14:18:45.436531,2026-08-13T14:48:45.436531,Phone,scheduled,2025-09-03T01:38:26.436547,58f39eeb-75cb-4ef4-96ba-4a30c22a7a1e
dfcba68e-7140-4b0f-98ad-e290a715bd79,6e2684b5-dd18-4549-8440-7276b577d2b5,71030eb2-1621-4863-8e2d-b6184abb7f32,,,Contract Negotiation,Meeting about sales call,2026-05-25T19:14:13.436553,2026-05-25T19:29:13.436553,Zoom,scheduled,2026-06-29T13:06:51.436569,9d990953-1d48-4691-9104-88f3d84dc63c
b77052bc-7e10-4835-88f7-890e74c43263,6e2684b5-dd18-4549-8440-7276b577d2b5,876017f1-7629-48e0-9ce9-20b44276c7d6,c825fe45-56ed-457c-be38-afd509254b9d,2e5a15a0-7786-45ff-963f-c644be97998d,Quarterly Review,Meeting about strategy meeting,2026-06-26T15:43:01.436575,2026-06-26T16:43:01.436575,Google Meet,scheduled,2025-12-17T00:11:41.436592,876017f1-7629-48e0-9ce9-20b44276c7d6
df96fa6d-e3b1-4889-81d9-2efb74cfd15c,6e2684b5-dd18-4549-8440-7276b577d2b5,876017f1-7629-48e0-9ce9-20b44276c7d6,03ed4d39-4614-48d1-847f-9f08d3196c8c,,Quarterly Review,Meeting about contract negotiation,2026-10-09T13:47:36.436598,2026-10-09T15:17:36.436598,Teams,cancelled,2025-09-28T05:27:57.436618,58f39eeb-75cb-4ef4-96ba-4a30c22a7a1e
fa31ed8a-391c-432e-9edb-df81f987bbc4,6e2684b5-dd18-4549-8440-7276b577d2b5,1f599b2d-4c19-4c7e-91e2-f8655b60b03d,,,Team Standup,Meeting about onboarding session,2026-10-24T22:07:24.436624,2026-10-24T22:22:24.436624,Teams,completed,2026-05-16T08:51:12.436639,d53e375b-e751-4c1c-9dd2-2c198336f144
da0acf26-accb-4dd6-a856-6d1d9775673a,6e2684b5-dd18-4549-8440-7276b577d2b5,9d990953-1d48-4691-9104-88f3d84dc63c,e455423a-1206-491d-b1b9-4bccf1a69edf,,Project Update,Meeting about team standup,2026-06-29T03:28:50.436654,2026-06-29T04:13:50.436654,,cancelled,2025-10-27T18:53:06.436677,8e8f6232-b5f8-466d-98c1-6a9d8090c3eb
2b3e89bd-5e3c-4423-a105-af157b566d32,6e2684b5-dd18-4549-8440-7276b577d2b5,58f39eeb-75cb-4ef4-96ba-4a30c22a7a1e,c9f6177e-89ab-476c-9bcd-6ba3dffdf320,,Performance Review,Meeting about sales call,2026-10-13T08:20:45.436684,2026-10-13T10:20:45.436684,Phone,no_show,2026-02-03T13:18:03.436701,d53e375b-e751-4c1c-9dd2-2c198336f144
ab6a25fe-cc98-4eb0-95c0-d1c861194231,6e2684b5-dd18-4549-8440-7276b577d2b5,eb9f903e-4cd4-462b-9c0c-0720da83cfc0,,,Training Workshop,Meeting about team standup,2026-08-11T14:06:00.436707,2026-08-11T14:21:00.436707,In Person,cancelled,2025-12-18T10:10:07.436722,6339ef1b-ca56-4fa5-9ddb-36a79ac9d12f
09ba4d0e-91dc-4dd2-aeac-1fbf8467de7d,6e2684b5-dd18-4549-8440-7276b577d2b5,58f39eeb-75cb-4ef4-96ba-4a30c22a7a1e,a01d2539-fa9f-409d-94a6-7b7baea865ab,,Project Update,Meeting about quarterly review,2026-09-15T00:20:20.436728,2026-09-15T01:50:20.436728,Google Meet,scheduled,2025-10-14T06:32:51.436745,eb9f903e-4cd4-462b-9c0c-0720da83cfc0
13d4a5cd-d2d8-4370-91ad-7df239aebf14,6e2684b5-dd18-4549-8440-7276b577d2b5,58f39eeb-75cb-4ef4-96ba-4a30c22a7a1e,85d752db-a83b-41ab-a0f0-b2b693c6dbd3,,Training Workshop,Meeting about partnership discussion,2026-09-19T21:49:36.436751,2026-09-19T22:34:36.436751,Zoom,completed,2025-09-25T13:31:49.436768,8e8f6232-b5f8-466d-98c1-6a9d8090c3eb
6f21e884-4128-42b5-a395-1a8c34b1a74e,6e2684b5-dd18-4549-8440-7276b577d2b5,6339ef1b-ca56-4fa5-9ddb-36a79ac9d12f,5db1efb0-691d-4ee2-9d00-11f097328cd8,310951ff-ad57-45ea-a3aa-c29d30c7a070,Training Workshop,Meeting about performance review,2026-07-23T18:33:44.436774,2026-07-23T18:48:44.436774,Teams,no_show,2025-10-05T05:08:08.436795,58f39eeb-75cb-4ef4-96ba-4a30c22a7a1e
b47b926b-1ff8-44d4-a06a-33f7ddcc99e9,6e2684b5-dd18-4549-8440-7276b577d2b5,1f599b2d-4c19-4c7e-91e2-f8655b60b03d,,69383b63-d854-49df-ad6a-c68fa2de1daa,Strategy Meeting,Meeting about training workshop,2026-07-30T15:58:29.436801,2026-07-30T16:43:29.436801,,cancelled,2025-11-10T08:37:17.436817,6339ef1b-ca56-4fa5-9ddb-36a79ac9d12f
299583dd-a731-40bf-91be-f95e4b96f333,6e2684b5-dd18-4549-8440-7276b577d2b5,f26bd177-029d-4863-993c-dfebe5004897,9efec801-a78d-4b40-80f8-65dfde5bbd37,,Performance Review,Meeting about project update,2026-09-24T17:57:58.436823,2026-09-24T18:42:58.436823,Phone,scheduled,2026-04-09T06:20:11.436839,13f891f6-02c5-48a2-bb4f-65f664be06a0
3a3a19f0-1c48-4b38-bed4-6d04536f77b6,6e2684b5-dd18-4549-8440-7276b577d2b5,7675c849-0f1f-4fa3-923c-f392ea4a2f35,9032bcb3-8a24-4bc6-bd72-c0042cc4407e,,Budget Review,Meeting about support call,2026-09-02T19:36:30.436846,2026-09-02T21:36:30.436846,Phone,completed,2025-11-07T12:55:40.436862,6339ef1b-ca56-4fa5-9ddb-36a79ac9d12f
c1e900c6-1eff-40ff-bcfe-0f785a520444,6e2684b5-dd18-4549-8440-7276b577d2b5,13f891f6-02c5-48a2-bb4f-65f664be06a0,,,Partnership Discussion,Meeting about quarterly review,2026-06-07T18:21:16.436868,2026-06-07T20:21:16.436868,Google Meet,cancelled,2026-07-31T14:17:38.436883,876017f1-7629-48e0-9ce9-20b44276c7d6
7741fefe-bba3-45b9-8c28-5661453e8b55,6e2684b5-dd18-4549-8440-7276b577d2b5,7675c849-0f1f-4fa3-923c-f392ea4a2f35,,,Budget Review,Meeting about contract negotiation,2026-09-02T22:49:58.436893,2026-09-03T00:19:58.436893,In Person,no_show,2025-08-20T18:55:04.436909,71030eb2-1621-4863-8e2d-b6184abb7f32
9fa5b43f-e6b8-4432-ab16-524397db638b,6e2684b5-dd18-4549-8440-7276b577d2b5,f26bd177-029d-4863-993c-dfebe5004897,,,Performance Review,Meeting about sales call,2026-10-19T17:44:17.436915,2026-10-19T19:44:17.436915,Teams,no_show,2026-06-19T20:28:10.436930,9d990953-1d48-4691-9104-88f3d84dc63c
ed36439b-d715-4849-a7c1-843c1764a08d,6e2684b5-dd18-4549-8440-7276b577d2b5,7675c849-0f1f-4fa3-923c-f392ea4a2f35,,,Board Meeting,Meeting about quarterly review,2026-10-28T13:27:25.436936,2026-10-28T15:27:25.436936,Google Meet,completed,2025-08-20T08:20:00.436952,7675c849-0f1f-4fa3-923c-f392ea4a2f35
a7280764-d989-4aca-b470-cca862222d8c,6e2684b5-dd18-4549-8440-7276b577d2b5,f26bd177-029d-4863-993c-dfebe5004897,294fbd8c-56e6-4b96-bc78-d4f91a2e755f,2e5a15a0-7786-45ff-963f-c644be97998d,Performance Review,Meeting about quarterly review,2026-10-21T04:44:56.436958,2026-10-21T05:29:56.436958,Teams,scheduled,2026-05-26T01:18:30.436975,8e8f6232-b5f8-466d-98c1-6a9d8090c3eb
8521f7aa-5213-42ea-b039-b131a4e61a9c,6e2684b5-dd18-4549-8440-7276b577d2b5,eb9f903e-4cd4-462b-9c0c-0720da83cfc0,,,Budget Review,Meeting about contract negotiation,2026-09-27T10:29:21.436985,2026-09-27T10:59:21.436985,Phone,completed,2025-11-01T16:04:43.437001,876017f1-7629-48e0-9ce9-20b44276c7d6
274f966e-548d-42c5-be66-9017a8ee9420,6e2684b5-dd18-4549-8440-7276b577d2b5,1f599b2d-4c19-4c7e-91e2-f8655b60b03d,,,Training Workshop,Meeting about partnership discussion,2026-09-24T06:06:18.437007,2026-09-24T07:06:18.437007,Teams,cancelled,2025-12-20T08:25:28.437026,eb9f903e-4cd4-462b-9c0c-0720da83cfc0
2d134cb3-cf18-463a-a6bd-0451f0e732a6,6e2684b5-dd18-4549-8440-7276b577d2b5,6339ef1b-ca56-4fa5-9ddb-36a79ac9d12f,7a1fbf80-f2d0-42df-88a3-81d74dbf89e8,,Budget Review,Meeting about onboarding session,2026-07-12T16:20:50.437033,2026-07-12T18:20:50.437033,Teams,cancelled,2026-05-27T20:28:37.437052,8e8f6232-b5f8-466d-98c1-6a9d8090c3eb
c77c8a2c-767c-4cca-b8d1-c77d3612086d,6e2684b5-dd18-4549-8440-7276b577d2b5,8b51f21b-0da9-4139-8f04-0ef4187ce705,,,Budget Review,Meeting about team standup,2026-10-30T22:47:50.437059,2026-10-31T00:47:50.437059,Google Meet,completed,2026-01-11T06:58:28.437074,eb9f903e-4cd4-462b-9c0c-0720da83cfc0
b96ff643-9706-4f2c-a227-8dde1edd4114,6e2684b5-dd18-4549-8440-7276b577d2b5,1f599b2d-4c19-4c7e-91e2-f8655b60b03d,5dffcb2b-af38-4109-8a6f-de5e74fa78e9,,Quarterly Review,Meeting about partnership discussion,2026-10-14T10:04:27.437080,2026-10-14T10:19:27.437080,Phone,no_show,2026-06-21T23:19:31.437096,7223e10a-b124-4a7f-a342-f0f59020ba2f
140c1800-ef0e-4bac-bf22-d5cc30ec7621,6e2684b5-dd18-4549-8440-7276b577d2b5,58f39eeb-75cb-4ef4-96ba-4a30c22a7a1e,,,Quarterly Review,Meeting about client check-in,2026-06-07T08:25:57.437103,2026-06-07T08:55:57.437103,In Person,completed,2026-06-05T15:01:25.437118,1f599b2d-4c19-4c7e-91e2-f8655b60b03d
d173af06-1b4a-40ed-b289-f2c6b34badc8,6e2684b5-dd18-4549-8440-7276b577d2b5,d53e375b-e751-4c1c-9dd2-2c198336f144,5382894b-1454-4df3-af35-f82e91cba227,,Performance Review,Meeting about sales call,2026-11-02T21:38:55.437128,2026-11-02T22:38:55.437128,,scheduled,2025-09-03T07:24:12.437144,58f39eeb-75cb-4ef4-96ba-4a30c22a7a1e
62e000e5-879d-46ac-9e59-617c071ce106,6e2684b5-dd18-4549-8440-7276b577d2b5,13f891f6-02c5-48a2-bb4f-65f664be06a0,,,Onboarding Session,Meeting about client check-in,2026-06-05T19:30:18.437151,2026-06-05T20:00:18.437151,Teams,completed,2026-04-14T08:16:44.437166,71030eb2-1621-4863-8e2d-b6184abb7f32
df504835-7ac3-41f1-a820-6a0b85c34a20,6e2684b5-dd18-4549-8440-7276b577d2b5,6339ef1b-ca56-4fa5-9ddb-36a79ac9d12f,28195a0c-f073-41cf-b16c-8337eb729f71,,Support Call,Meeting about partnership discussion,2026-08-06T13:06:50.437173,2026-08-06T14:36:50.437173,Teams,cancelled,2026-02-07T02:32:13.437190,71030eb2-1621-4863-8e2d-b6184abb7f32
24f1a656-9f52-4713-a819-1ad0efc4c216,6e2684b5-dd18-4549-8440-7276b577d2b5,eb9f903e-4cd4-462b-9c0c-0720da83cfc0,761b82e7-ba59-4c68-bab0-9dd2dc0f26f4,,Strategy Meeting,Meeting about sales call,2026-07-14T04:59:44.437197,2026-07-14T06:59:44.437197,Phone,no_show,2025-11-12T12:02:35.437213,63c904bb-37e1-42e9-b828-03d273915302
0eb87904-4258-4ec4-8cc1-85ecaa250975,6e2684b5-dd18-4549-8440-7276b577d2b5,8b51f21b-0da9-4139-8f04-0ef4187ce705,09b675ae-a6c2-4c43-b6f7-a94b28d8693b,36dbdfce-9e96-48b7-b810-e4d884b35f19,Contract Negotiation,Meeting about budget review,2026-10-15T03:56:55.437219,2026-10-15T05:56:55.437219,Teams,scheduled,2026-05-28T06:34:19.437237,eb9f903e-4cd4-462b-9c0c-0720da83cfc0
a3251544-9b38-4f80-9eda-aabe8832d3bf,6e2684b5-dd18-4549-8440-7276b577d2b5,1f599b2d-4c19-4c7e-91e2-f8655b60b03d,d0a5d8f9-7cf2-409e-ad37-fdf7d20f9327,032b14be-596d-42fb-8d27-92d715da544b,Sales Call,Meeting about project update,2026-07-29T09:20:47.437244,2026-07-29T09:35:47.437244,Google Meet,completed,2026-02-10T13:28:40.437261,1f599b2d-4c19-4c7e-91e2-f8655b60b03d
179cb6de-8fc6-4754-81e4-e12d5b9cdff5,6e2684b5-dd18-4549-8440-7276b577d2b5,71030eb2-1621-4863-8e2d-b6184abb7f32,393dcabe-f007-4f3d-80ca-f4758d248edb,,Support Call,Meeting about board meeting,2026-08-13T06:27:18.437268,2026-08-13T06:57:18.437268,In Person,cancelled,2025-10-09T06:21:34.437288,d53e375b-e751-4c1c-9dd2-2c198336f144
ee1a2141-afd6-4abf-bb08-64f0712847b4,6e2684b5-dd18-4549-8440-7276b577d2b5,8b51f21b-0da9-4139-8f04-0ef4187ce705,f502b643-79f7-4a50-a6a2-150f9835d9d3,e79c6d2f-9615-4041-9bfd-1a60fb29d9f6,Budget Review,Meeting about contract negotiation,2026-07-10T03:58:08.437295,2026-07-10T04:43:08.437295,,completed,2025-09-03T07:29:42.437312,7675c849-0f1f-4fa3-923c-f392ea4a2f35
ad1e9604-387d-4028-a1b5-cd26eb090afb,6e2684b5-dd18-4549-8440-7276b577d2b5,7675c849-0f1f-4fa3-923c-f392ea4a2f35,,,Strategy Meeting,Meeting about onboarding session,2026-07-31T22:31:34.437318,2026-07-31T23:01:34.437318,Phone,scheduled,2026-07-28T07:42:35.437338,6339ef1b-ca56-4fa5-9ddb-36a79ac9d12f
1b229b93-b121-4598-942c-d518577ff379,6e2684b5-dd18-4549-8440-7276b577d2b5,63c904bb-37e1-42e9-b828-03d273915302,,,Quarterly Review,Meeting about project update,2026-07-04T05:26:49.437344,2026-07-04T06:56:49.437344,Teams,completed,2026-03-24T21:58:35.437360,63c904bb-37e1-42e9-b828-03d273915302
55476a1e-37f3-4082-9f34-e219cb58b491,6e2684b5-dd18-4549-8440-7276b577d2b5,8e8f6232-b5f8-466d-98c1-6a9d8090c3eb,,1f93466a-0b32-4eb5-8fc1-1fb45871102d,Client Check-in,Meeting about budget review,2026-09-21T01:36:35.437371,2026-09-21T02:21:35.437371,Google Meet,completed,2026-01-24T19:38:29.437388,876017f1-7629-48e0-9ce9-20b44276c7d6
a2757c3c-a996-4c1e-a2b6-4bd7bd92786c,6e2684b5-dd18-4549-8440-7276b577d2b5,876017f1-7629-48e0-9ce9-20b44276c7d6,d1321298-1e6b-45ef-a71e-a29143fcedfa,,Strategy Meeting,Meeting about client check-in,2026-08-02T16:01:07.437395,2026-08-02T17:01:07.437395,Zoom,scheduled,2025-09-15T15:32:17.437412,63c904bb-37e1-42e9-b828-03d273915302
66776dfe-79e1-49e2-af69-28665889bb61,6e2684b5-dd18-4549-8440-7276b577d2b5,1f599b2d-4c19-4c7e-91e2-f8655b60b03d,,,Product Demo,Meeting about product demo,2026-07-11T15:50:14.437418,2026-07-11T16:35:14.437418,Zoom,cancelled,2025-11-18T07:12:18.437434,9d990953-1d48-4691-9104-88f3d84dc63c
c5d86d39-b363-435a-a7cc-f2aa3c68fb92,6e2684b5-dd18-4549-8440-7276b577d2b5,8e8f6232-b5f8-466d-98c1-6a9d8090c3eb,1bb97d23-9e6f-4b65-93ec-707b0debdc77,f5cae76e-f254-4c26-ab23-376486b801b0,Project Update,Meeting about product demo,2026-05-31T12:41:09.437440,2026-05-31T13:26:09.437440,Google Meet,completed,2026-02-15T19:48:09.437457,1f599b2d-4c19-4c7e-91e2-f8655b60b03d
01467388-91cf-4955-af8d-f88d74e56d71,6e2684b5-dd18-4549-8440-7276b577d2b5,6339ef1b-ca56-4fa5-9ddb-36a79ac9d12f,,,Strategy Meeting,Meeting about client check-in,2026-06-26T15:03:39.437464,2026-06-26T17:03:39.437464,Phone,scheduled,2026-01-05T18:13:39.437480,13f891f6-02c5-48a2-bb4f-65f664be06a0
2f692dbf-4d48-448e-9507-9cef8d42d7a0,6e2684b5-dd18-4549-8440-7276b577d2b5,eb9f903e-4cd4-462b-9c0c-0720da83cfc0,,,Sales Call,Meeting about onboarding session,2026-08-25T00:41:54.437487,2026-08-25T02:41:54.437487,In Person,cancelled,2026-03-16T06:32:25.437502,1f599b2d-4c19-4c7e-91e2-f8655b60b03d
e3884ebd-110d-4a53-87d3-4a5cc4305f3b,6e2684b5-dd18-4549-8440-7276b577d2b5,58f39eeb-75cb-4ef4-96ba-4a30c22a7a1e,,,Budget Review,Meeting about contract negotiation,2026-09-05T05:27:25.437509,2026-09-05T06:27:25.437509,Teams,cancelled,2026-02-06T09:55:13.437528,f26bd177-029d-4863-993c-dfebe5004897
502830db-204e-437f-9900-db819787e0e3,6e2684b5-dd18-4549-8440-7276b577d2b5,9d990953-1d48-4691-9104-88f3d84dc63c,f433abed-84e0-4ef4-989c-b8efa6347d66,,Partnership Discussion,Meeting about sales call,2026-10-26T17:36:24.437535,2026-10-26T17:51:24.437535,Teams,no_show,2026-02-09T16:29:16.437552,9d990953-1d48-4691-9104-88f3d84dc63c
09b3830d-58da-4400-a0c7-f82044c84d03,6e2684b5-dd18-4549-8440-7276b577d2b5,d53e375b-e751-4c1c-9dd2-2c198336f144,e96b5b97-8100-4fb4-a0f9-5f120789c72c,,Support Call,Meeting about client check-in,2026-07-07T09:55:53.437558,2026-07-07T10:55:53.437558,Teams,completed,2025-09-22T04:31:13.437575,d53e375b-e751-4c1c-9dd2-2c198336f144
031118e6-02d8-4a20-9b48-4fe92613a22a,6e2684b5-dd18-4549-8440-7276b577d2b5,876017f1-7629-48e0-9ce9-20b44276c7d6,,63f00509-4672-46eb-9b90-89af8753cb3a,Onboarding Session,Meeting about board meeting,2026-07-29T17:19:49.437581,2026-07-29T18:04:49.437581,Phone,cancelled,2026-06-29T08:25:18.437598,58f39eeb-75cb-4ef4-96ba-4a30c22a7a1e
7cf373ef-210b-4ae0-87ca-d05e5f3e0e18,6e2684b5-dd18-4549-8440-7276b577d2b5,6339ef1b-ca56-4fa5-9ddb-36a79ac9d12f,,,Team Standup,Meeting about strategy meeting,2026-07-30T22:33:00.437608,2026-07-30T23:33:00.437608,,no_show,2026-06-24T02:26:25.437624,8b51f21b-0da9-4139-8f04-0ef4187ce705
7e538c09-badf-47eb-921a-fb0fac674479,6e2684b5-dd18-4549-8440-7276b577d2b5,7675c849-0f1f-4fa3-923c-f392ea4a2f35,,,Performance Review,Meeting about team standup,2026-10-02T19:41:39.437630,2026-10-02T21:11:39.437630,Zoom,completed,2025-08-11T15:03:14.437684,d53e375b-e751-4c1c-9dd2-2c198336f144
91904710-9809-4389-b88f-f721540e15ee,6e2684b5-dd18-4549-8440-7276b577d2b5,6339ef1b-ca56-4fa5-9ddb-36a79ac9d12f,,,Quarterly Review,Meeting about quarterly review,2026-10-20T22:34:24.437700,2026-10-20T22:49:24.437700,In Person,completed,2025-10-14T08:32:07.437740,8b51f21b-0da9-4139-8f04-0ef4187ce705
36055b62-8b92-4593-920d-dddeaebe8018,6e2684b5-dd18-4549-8440-7276b577d2b5,1f599b2d-4c19-4c7e-91e2-f8655b60b03d,818531e1-37e7-4b7b-89ae-a66007f027f4,,Client Check-in,Meeting about training workshop,2026-09-27T11:53:25.437759,2026-09-27T13:23:25.437759,In Person,cancelled,2025-11-19T05:52:31.437808,63c904bb-37e1-42e9-b828-03d273915302
125cb7e5-a1e8-45dd-9dc5-63fa62cfdac5,6e2684b5-dd18-4549-8440-7276b577d2b5,7223e10a-b124-4a7f-a342-f0f59020ba2f,,,Partnership Discussion,Meeting about board meeting,2026-07-05T17:50:54.437824,2026-07-05T18:05:54.437824,Phone,completed,2025-10-15T21:50:53.437853,f26bd177-029d-4863-993c-dfebe5004897
80629d66-a9fb-4361-b8f7-9f9a2ac0f9c7,6e2684b5-dd18-4549-8440-7276b577d2b5,7675c849-0f1f-4fa3-923c-f392ea4a2f35,,,Quarterly Review,Meeting about performance review,2026-10-15T11:56:30.437860,2026-10-15T12:41:30.437860,Teams,scheduled,2026-01-04T17:08:00.437876,9d990953-1d48-4691-9104-88f3d84dc63c
615137fa-8ec5-4211-8654-aee7d7a80b7b,6e2684b5-dd18-4549-8440-7276b577d2b5,d53e375b-e751-4c1c-9dd2-2c198336f144,4f21a7ba-cad7-472d-a18e-6a9ca90ea20f,2e556756-7139-48bf-80ef-8b7dbdb05d24,Board Meeting,Meeting about quarterly review,2026-06-22T09:44:02.437883,2026-06-22T10:14:02.437883,Phone,completed,2025-10-31T10:39:08.437902,7223e10a-b124-4a7f-a342-f0f59020ba2f
f13bbae8-647e-478b-8983-58e9b41d16d9,6e2684b5-dd18-4549-8440-7276b577d2b5,58f39eeb-75cb-4ef4-96ba-4a30c22a7a1e,e3172428-d22c-44e0-85d3-a5e3a1bcc033,,Training Workshop,Meeting about budget review,2026-05-26T17:23:35.437908,2026-05-26T17:53:35.437908,Zoom,no_show,2025-11-05T02:32:36.437925,8e8f6232-b5f8-466d-98c1-6a9d8090c3eb
4514c768-9c18-43ce-abd8-3b4dfad39625,6e2684b5-dd18-4549-8440-7276b577d2b5,7223e10a-b124-4a7f-a342-f0f59020ba2f,e00361b1-dbc8-4e89-a887-e1d4c9253959,,Training Workshop,Meeting about team standup,2026-07-22T03:10:25.437932,2026-07-22T03:40:25.437932,In Person,cancelled,2026-06-30T17:47:59.437949,7223e10a-b124-4a7f-a342-f0f59020ba2f
fab2f282-9a60-4f23-b35c-d1a7007cc77d,6e2684b5-dd18-4549-8440-7276b577d2b5,876017f1-7629-48e0-9ce9-20b44276c7d6,7cded4ed-67a7-4b78-8264-07d10ed1c08c,,Budget Review,Meeting about team standup,2026-10-04T07:28:37.437955,2026-10-04T07:58:37.437955,Google Meet,scheduled,2025-11-25T07:57:24.437973,8b51f21b-0da9-4139-8f04-0ef4187ce705
a9fddc0e-55dc-4144-881e-34ae5d8c58e8,6e2684b5-dd18-4549-8440-7276b577d2b5,f26bd177-029d-4863-993c-dfebe5004897,,,Budget Review,Meeting about partnership discussion,2026-10-02T11:37:17.437984,2026-10-02T11:52:17.437984,Phone,cancelled,2025-12-20T23:25:05.438023,7675c849-0f1f-4fa3-923c-f392ea4a2f35
5f0d7b78-8c8b-49c4-94ae-a45c7be6d263,6e2684b5-dd18-4549-8440-7276b577d2b5,58f39eeb-75cb-4ef4-96ba-4a30c22a7a1e,,,Strategy Meeting,Meeting about sales call,2026-06-16T20:27:44.438034,2026-06-16T21:27:44.438034,Zoom,completed,2025-10-22T02:32:20.438059,9d990953-1d48-4691-9104-88f3d84dc63c
e3c1b093-4ba4-4b3b-beda-247d37f77aaf,6e2684b5-dd18-4549-8440-7276b577d2b5,876017f1-7629-48e0-9ce9-20b44276c7d6,b70f6372-dab6-412b-b0d1-a55b0452e3a9,99b60946-9069-4c59-88af-b17bd50038c4,Partnership Discussion,Meeting about project update,2026-09-12T21:44:09.438068,2026-09-12T23:14:09.438068,,completed,2025-08-17T01:24:10.438093,58f39eeb-75cb-4ef4-96ba-4a30c22a7a1e
67e2c4f7-25ea-4e53-b3d3-d97df7ecf6e4,6e2684b5-dd18-4549-8440-7276b577d2b5,1f599b2d-4c19-4c7e-91e2-f8655b60b03d,,,Strategy Meeting,Meeting about strategy meeting,2026-10-09T03:25:29.438102,2026-10-09T04:55:29.438102,Phone,cancelled,2025-11-06T15:44:41.438126,63c904bb-37e1-42e9-b828-03d273915302
39fb15d3-ea8d-4626-bebd-7eeb3b768e39,6e2684b5-dd18-4549-8440-7276b577d2b5,f26bd177-029d-4863-993c-dfebe5004897,b5a485af-eccc-4e2b-b3d1-69291d7c9731,84eb380f-7df3-4d14-83c2-91514b7be142,Quarterly Review,Meeting about sales call,2026-06-12T16:35:18.438140,2026-06-12T17:20:18.438140,Phone,cancelled,2025-11-26T20:09:23.438180,f26bd177-029d-4863-993c-dfebe5004897
b69a35c3-f23e-4613-b563-9baa409f703f,6e2684b5-dd18-4549-8440-7276b577d2b5,8e8f6232-b5f8-466d-98c1-6a9d8090c3eb,c62bc241-2df6-4be4-a8e7-f3a94352d82d,,Strategy Meeting,Meeting about board meeting,2026-05-26T16:58:27.438188,2026-05-26T18:58:27.438188,Google Meet,cancelled,2026-03-14T15:08:11.438213,7223e10a-b124-4a7f-a342-f0f59020ba2f
70c76112-2c7c-44d7-b60f-5a650e4a09e4,6e2684b5-dd18-4549-8440-7276b577d2b5,8b51f21b-0da9-4139-8f04-0ef4187ce705,,0a7b351e-ed29-4755-9539-86686e206b53,Performance Review,Meeting about onboarding session,2026-09-08T00:37:35.438219,2026-09-08T01:07:35.438219,Teams,cancelled,2025-08-16T17:43:27.438236,8e8f6232-b5f8-466d-98c1-6a9d8090c3eb
b323ba56-cb49-4e86-86ee-52e119ba0646,6e2684b5-dd18-4549-8440-7276b577d2b5,63c904bb-37e1-42e9-b828-03d273915302,,,Product Demo,Meeting about support call,2026-07-13T12:08:02.438242,2026-07-13T13:08:02.438242,Zoom,cancelled,2025-11-07T09:10:33.438258,876017f1-7629-48e0-9ce9-20b44276c7d6
19b788a8-7922-450c-ba2f-9406a7220467,6e2684b5-dd18-4549-8440-7276b577d2b5,71030eb2-1621-4863-8e2d-b6184abb7f32,,,Training Workshop,Meeting about budget review,2026-08-09T10:52:32.438264,2026-08-09T11:52:32.438264,Teams,completed,2026-01-17T11:34:58.438280,13f891f6-02c5-48a2-bb4f-65f664be06a0
a974fb85-a53d-4d08-aca2-aff2923a0130,6e2684b5-dd18-4549-8440-7276b577d2b5,1f599b2d-4c19-4c7e-91e2-f8655b60b03d,,,Performance Review,Meeting about contract negotiation,2026-11-02T20:08:40.438287,2026-11-02T20:23:40.438287,Phone,scheduled,2026-02-10T09:26:07.438303,71030eb2-1621-4863-8e2d-b6184abb7f32
30de0e6f-2b4c-4004-844f-8b2fde703a66,6e2684b5-dd18-4549-8440-7276b577d2b5,6339ef1b-ca56-4fa5-9ddb-36a79ac9d12f,,c69a7314-3bc7-4df7-b15f-28991c104f4f,Support Call,Meeting about contract negotiation,2026-07-25T17:30:52.438313,2026-07-25T19:30:52.438313,Zoom,completed,2025-10-26T13:17:52.438329,13f891f6-02c5-48a2-bb4f-65f664be06a0
d0993c7c-cab7-4c2b-806a-c77d255b4930,6e2684b5-dd18-4549-8440-7276b577d2b5,6339ef1b-ca56-4fa5-9ddb-36a79ac9d12f,e9855fcb-ee69-48dc-8b4d-00c499c9728d,,Team Standup,Meeting about strategy meeting,2026-06-12T12:20:23.438336,2026-06-12T12:35:23.438336,Teams,completed,2026-02-21T10:48:21.438352,876017f1-7629-48e0-9ce9-20b44276c7d6
d326ef99-783f-4613-bd8e-b16f2d131b04,6e2684b5-dd18-4549-8440-7276b577d2b5,eb9f903e-4cd4-462b-9c0c-0720da83cfc0,04760c87-898c-4abc-8e26-3c826027ba48,,Product Demo,Meeting about budget review,2026-09-07T02:37:21.438359,2026-09-07T02:52:21.438359,In Person,scheduled,2025-11-28T17:27:59.438375,58f39eeb-75cb-4ef4-96ba-4a30c22a7a1e
2b19364c-b840-47ba-a6cb-b0f0054e7794,6e2684b5-dd18-4549-8440-7276b577d2b5,6339ef1b-ca56-4fa5-9ddb-36a79ac9d12f,4b35c681-219e-45e4-aff0-22bd83179397,,Project Update,Meeting about performance review,2026-09-07T04:34:49.438382,2026-09-07T05:19:49.438382,Google Meet,cancelled,2026-06-12T00:18:28.438398,eb9f903e-4cd4-462b-9c0c-0720da83cfc0
96f377e3-0165-4d8d-adf2-1cc0195716d8,6e2684b5-dd18-4549-8440-7276b577d2b5,1f599b2d-4c19-4c7e-91e2-f8655b60b03d,942dc75b-cbbe-40cc-8e71-aef04e5f739c,,Team Standup,Meeting about project update,2026-09-15T02:20:55.438404,2026-09-15T03:50:55.438404,In Person,completed,2025-08-31T18:43:11.438421,7223e10a-b124-4a7f-a342-f0f59020ba2f
37042f65-dd26-488c-9d77-4500c9c577e9,6e2684b5-dd18-4549-8440-7276b577d2b5,6339ef1b-ca56-4fa5-9ddb-36a79ac9d12f,d4c100c5-ab38-4e4e-bf88-6564b706bdbd,,Partnership Discussion,Meeting about training workshop,2026-08-11T09:53:51.438427,2026-08-11T11:53:51.438427,Teams,cancelled,2026-01-23T04:12:23.438444,58f39eeb-75cb-4ef4-96ba-4a30c22a7a1e
a5d5dd1e-f8e6-42e3-85e7-a127552c586e,6e2684b5-dd18-4549-8440-7276b577d2b5,eb9f903e-4cd4-462b-9c0c-0720da83cfc0,,,Sales Call,Meeting about budget review,2026-09-30T10:13:39.438450,2026-09-30T10:28:39.438450,Zoom,completed,2025-11-18T00:13:05.438465,6339ef1b-ca56-4fa5-9ddb-36a79ac9d12f
48b2524f-46fe-413a-a56b-eb3e05782111,6e2684b5-dd18-4549-8440-7276b577d2b5,13f891f6-02c5-48a2-bb4f-65f664be06a0,,4e16d65c-abb6-4a39-abc0-569c968b74fa,Quarterly Review,Meeting about team standup,2026-10-04T18:43:56.438472,2026-10-04T20:13:56.438472,,no_show,2026-03-19T18:00:05.438487,eb9f903e-4cd4-462b-9c0c-0720da83cfc0
3f29c53d-702c-4e93-881a-1a37155d0e99,6e2684b5-dd18-4549-8440-7276b577d2b5,63c904bb-37e1-42e9-b828-03d273915302,dff90fcf-625a-4c20-ace3-252f0d2a4780,,Strategy Meeting,Meeting about training workshop,2026-07-14T21:36:06.438494,2026-07-14T23:36:06.438494,Teams,scheduled,2025-11-20T20:33:11.438514,13f891f6-02c5-48a2-bb4f-65f664be06a0
9fbd1beb-a7a8-4a31-9149-2185949b0289,6e2684b5-dd18-4549-8440-7276b577d2b5,1f599b2d-4c19-4c7e-91e2-f8655b60b03d,efdd1ddf-5b04-47e2-a06d-7ddcf3abf50c,,Quarterly Review,Meeting about sales call,2026-10-20T11:51:49.438521,2026-10-20T12:51:49.438521,Teams,completed,2026-02-03T06:03:28.438538,7223e10a-b124-4a7f-a342-f0f59020ba2f
c711fc7c-e9bd-4da5-9d8f-8254c2f15bef,6e2684b5-dd18-4549-8440-7276b577d2b5,d53e375b-e751-4c1c-9dd2-2c198336f144,,99b60946-9069-4c59-88af-b17bd50038c4,Partnership Discussion,Meeting about partnership discussion,2026-09-16T04:08:06.438552,2026-09-16T06:08:06.438552,In Person,scheduled,2025-11-20T20:46:44.438568,58f39eeb-75cb-4ef4-96ba-4a30c22a7a1e
fd8f56dc-e85d-448a-9b04-45d62b5cba5d,6e2684b5-dd18-4549-8440-7276b577d2b5,7223e10a-b124-4a7f-a342-f0f59020ba2f,,,Product Demo,Meeting about budget review,2026-05-24T15:26:28.438575,2026-05-24T16:56:28.438575,Google Meet,scheduled,2026-04-19T22:32:00.438599,8e8f6232-b5f8-466d-98c1-6a9d8090c3eb
bf3394e3-0702-46de-822e-1b3dcb308b10,6e2684b5-dd18-4549-8440-7276b577d2b5,d53e375b-e751-4c1c-9dd2-2c198336f144,001e692d-2a89-41d2-ab81-d0b31f0ec21b,,Product Demo,Meeting about onboarding session,2026-06-06T02:15:50.438606,2026-06-06T03:45:50.438606,Zoom,no_show,2026-04-30T08:05:16.438622,13f891f6-02c5-48a2-bb4f-65f664be06a0
e7bb588e-4173-457a-be1a-3a48630c6fa3,6e2684b5-dd18-4549-8440-7276b577d2b5,6339ef1b-ca56-4fa5-9ddb-36a79ac9d12f,001e692d-2a89-41d2-ab81-d0b31f0ec21b,,Partnership Discussion,Meeting about training workshop,2026-08-08T20:13:14.438628,2026-08-08T21:43:14.438628,In Person,cancelled,2025-11-09T21:56:33.438651,8e8f6232-b5f8-466d-98c1-6a9d8090c3eb
1a644cb9-34f7-470e-bf9e-5d85a3fcdde1,6e2684b5-dd18-4549-8440-7276b577d2b5,f26bd177-029d-4863-993c-dfebe5004897,,,Project Update,Meeting about team standup,2026-05-12T16:56:29.438658,2026-05-12T17:11:29.438658,,no_show,2026-05-20T17:09:54.438674,9d990953-1d48-4691-9104-88f3d84dc63c
7e86f8ba-3710-4f3b-8cff-c3c0c2209556,6e2684b5-dd18-4549-8440-7276b577d2b5,8e8f6232-b5f8-466d-98c1-6a9d8090c3eb,5fe61f0e-8534-46be-94b7-a282abb01ee7,,Project Update,Meeting about quarterly review,2026-10-19T14:54:41.438681,2026-10-19T15:54:41.438681,In Person,completed,2026-04-07T07:21:02.438697,7675c849-0f1f-4fa3-923c-f392ea4a2f35
faa7bbdf-e8f9-48a6-9a91-fb96bc0949af,6e2684b5-dd18-4549-8440-7276b577d2b5,63c904bb-37e1-42e9-b828-03d273915302,b9c086af-7d01-4267-b8b8-e1c443615846,93ad970f-371f-433e-acfd-ce35245bcb5a,Sales Call,Meeting about product demo,2026-07-18T21:47:06.438703,2026-07-18T22:17:06.438703,Google Meet,scheduled,2026-07-16T20:48:24.438721,1f599b2d-4c19-4c7e-91e2-f8655b60b03d
7c7445a6-c1d6-4f60-a837-98363bebaebc,7319bb38-0e1a-42a0-a1a3-c170af371232,5b11e466-caa2-4b0d-ad40-becd33c6cbc2,,,Contract Negotiation,Meeting about strategy meeting,2026-11-02T07:37:01.442414,2026-11-02T09:37:01.442414,Google Meet,scheduled,2026-01-29T02:13:02.442507,fd2fd60f-404e-41a6-95e7-9a06e7913261
d7651918-ed47-47b5-a028-960142bacfdc,7319bb38-0e1a-42a0-a1a3-c170af371232,f6c1513d-8b13-441d-98bb-1a986c21400d,,,Strategy Meeting,Meeting about contract negotiation,2026-06-04T00:02:48.442519,2026-06-04T00:17:48.442519,,completed,2026-06-01T16:06:44.442538,638bfc6a-5a8b-4bf8-9f66-0c0d0744f19a
736c8109-e597-4233-b068-7b6477756122,7319bb38-0e1a-42a0-a1a3-c170af371232,aabd8828-4992-4138-a82c-82d2ace3e408,,,Quarterly Review,Meeting about board meeting,2026-08-11T19:31:09.442545,2026-08-11T19:46:09.442545,Phone,cancelled,2026-06-19T05:37:07.442561,af8ae744-eaf6-49a6-9c7f-4f4aa9e503ee
23114230-402c-462e-b1f8-39da106a1089,7319bb38-0e1a-42a0-a1a3-c170af371232,fd2fd60f-404e-41a6-95e7-9a06e7913261,,,Budget Review,Meeting about contract negotiation,2026-05-16T08:50:26.442577,2026-05-16T09:05:26.442577,,cancelled,2026-06-09T16:07:02.442593,0d1a00d8-532c-48b5-a0d5-e8f37068b7e8
633e94a5-8f90-4a59-a93b-43641c586a06,7319bb38-0e1a-42a0-a1a3-c170af371232,a3b11eec-7159-4649-ad03-75eeb3c9b04f,484b38c9-4f3b-4d1c-af7e-a2ff9676dd48,,Training Workshop,Meeting about client check-in,2026-05-20T18:58:25.442599,2026-05-20T20:58:25.442599,Teams,scheduled,2026-02-14T01:01:15.442617,96bb061b-9355-4d14-bab8-c5b59a63ac2a
286a9e36-209f-46c3-a18d-f61a4431ee04,7319bb38-0e1a-42a0-a1a3-c170af371232,ba4c6a8d-6e78-4532-82ad-fccefbf8ab96,,,Onboarding Session,Meeting about support call,2026-05-25T00:25:53.442624,2026-05-25T01:25:53.442624,Teams,cancelled,2026-04-18T23:03:09.442653,ba4c6a8d-6e78-4532-82ad-fccefbf8ab96
c462d791-bab4-4a0f-a8a0-a218e187efb5,7319bb38-0e1a-42a0-a1a3-c170af371232,f6c1513d-8b13-441d-98bb-1a986c21400d,484f2225-4663-4445-9e61-e2a0b69a8d06,,Support Call,Meeting about strategy meeting,2026-10-06T11:27:01.442660,2026-10-06T12:12:01.442660,In Person,cancelled,2025-11-25T00:09:35.442678,eaf0989b-5b56-4b72-9a32-2711e9c394ff
96b3c979-0598-4913-8a13-d1c358fea84d,7319bb38-0e1a-42a0-a1a3-c170af371232,aabd8828-4992-4138-a82c-82d2ace3e408,06a509a0-d9ff-4e63-bd66-e76ef3975194,,Training Workshop,Meeting about contract negotiation,2026-09-21T15:17:38.442684,2026-09-21T16:17:38.442684,Google Meet,cancelled,2026-04-27T02:01:02.442700,ba4c6a8d-6e78-4532-82ad-fccefbf8ab96
4150949d-1094-43f4-a959-334ea3cd468f,7319bb38-0e1a-42a0-a1a3-c170af371232,eaf0989b-5b56-4b72-9a32-2711e9c394ff,c510c57d-c9fb-49ea-8cde-d7d82241c8d9,,Team Standup,Meeting about project update,2026-05-10T22:13:11.442707,2026-05-10T22:28:11.442707,,cancelled,2025-10-27T03:19:30.442723,38b1938d-3cd4-479f-8f9c-d5fc4c1dd8fd
625192b3-98ce-4337-8af7-70767c185d61,7319bb38-0e1a-42a0-a1a3-c170af371232,0d1a00d8-532c-48b5-a0d5-e8f37068b7e8,,e5553bd3-fc6c-4a20-80fa-d3960260b88e,Contract Negotiation,Meeting about partnership discussion,2026-07-10T15:06:09.442729,2026-07-10T17:06:09.442729,,no_show,2026-06-01T11:07:29.442745,638bfc6a-5a8b-4bf8-9f66-0c0d0744f19a
c07285c6-ca08-4f1b-bec3-f36f769146a4,7319bb38-0e1a-42a0-a1a3-c170af371232,38b1938d-3cd4-479f-8f9c-d5fc4c1dd8fd,59a37037-7966-471a-830b-27ce1678207f,6a7b222f-9540-4dcc-850e-f75a22a27bbb,Board Meeting,Meeting about client check-in,2026-10-20T10:22:23.442751,2026-10-20T11:22:23.442751,Phone,completed,2026-01-23T20:40:46.442769,638bfc6a-5a8b-4bf8-9f66-0c0d0744f19a
24fb05c2-abdb-4f9e-853c-140c80fe390f,7319bb38-0e1a-42a0-a1a3-c170af371232,ba4c6a8d-6e78-4532-82ad-fccefbf8ab96,fe880529-f17b-4716-944e-e5a9711873bf,,Training Workshop,Meeting about product demo,2026-10-29T13:17:32.442775,2026-10-29T15:17:32.442775,Zoom,cancelled,2026-03-23T23:48:19.442791,968afaab-9fc3-43d8-aea9-de1b0845fb8c
7b84c6af-2c46-4c85-981a-d76bb80a9a17,7319bb38-0e1a-42a0-a1a3-c170af371232,f6c1513d-8b13-441d-98bb-1a986c21400d,c2a733bc-90af-418e-9f82-3d6f137ccab0,03ca408d-2036-4159-9305-166379ad1c2a,Budget Review,Meeting about support call,2026-05-30T11:02:48.442797,2026-05-30T12:02:48.442797,,completed,2025-10-30T10:12:26.442813,eaf0989b-5b56-4b72-9a32-2711e9c394ff
bd5c543d-ef7a-4169-a3d5-49bc1b219be1,7319bb38-0e1a-42a0-a1a3-c170af371232,af8e7df9-9ce7-4499-ab19-610e813af04b,26900f94-ec93-4b04-8732-53195717cb0c,,Product Demo,Meeting about partnership discussion,2026-08-10T10:29:31.442824,2026-08-10T11:14:31.442824,,cancelled,2026-06-15T03:55:04.442840,fd2fd60f-404e-41a6-95e7-9a06e7913261
4ecf95f6-1cb4-46bd-91a4-5ed3f39d5868,7319bb38-0e1a-42a0-a1a3-c170af371232,96bb061b-9355-4d14-bab8-c5b59a63ac2a,,,Strategy Meeting,Meeting about board meeting,2026-07-07T23:08:45.442846,2026-07-07T23:23:45.442846,Google Meet,completed,2026-06-28T18:37:43.442861,638bfc6a-5a8b-4bf8-9f66-0c0d0744f19a
bd9b0794-ecef-47c5-9135-fa9183761a32,7319bb38-0e1a-42a0-a1a3-c170af371232,96bb061b-9355-4d14-bab8-c5b59a63ac2a,,,Strategy Meeting,Meeting about partnership discussion,2026-10-12T17:49:24.442868,2026-10-12T18:34:24.442868,Teams,no_show,2026-04-01T12:04:48.442882,f6c1513d-8b13-441d-98bb-1a986c21400d
5bcafecb-efb8-4e1c-b45d-56b57d9b621e,7319bb38-0e1a-42a0-a1a3-c170af371232,a3b11eec-7159-4649-ad03-75eeb3c9b04f,33710731-f222-4a77-af23-8351e8c628c3,5360f7c3-1b3b-4d26-8327-300eba011c06,Performance Review,Meeting about contract negotiation,2026-09-13T17:30:23.442888,2026-09-13T17:45:23.442888,Teams,completed,2026-05-10T16:45:44.442906,af8e7df9-9ce7-4499-ab19-610e813af04b
c89dba3e-bf73-47db-b405-bd4f1c10cb34,7319bb38-0e1a-42a0-a1a3-c170af371232,fd2fd60f-404e-41a6-95e7-9a06e7913261,d47bb701-4df3-461a-8a8f-04e30c1f0924,,Partnership Discussion,Meeting about project update,2026-05-23T10:35:00.442912,2026-05-23T12:05:00.442912,Teams,completed,2025-10-26T14:21:29.442928,8ae3dae5-38cd-4160-84ef-5c590af0066c
7d8bc47b-98a3-43f4-aa4a-11f4ae5ef9e8,7319bb38-0e1a-42a0-a1a3-c170af371232,f6c1513d-8b13-441d-98bb-1a986c21400d,,,Onboarding Session,Meeting about support call,2026-09-09T01:35:39.442934,2026-09-09T03:35:39.442934,,completed,2026-04-09T09:21:47.442949,eaf0989b-5b56-4b72-9a32-2711e9c394ff
f73fa1ab-22da-47f9-a2b2-e49f03969583,7319bb38-0e1a-42a0-a1a3-c170af371232,96bb061b-9355-4d14-bab8-c5b59a63ac2a,,,Strategy Meeting,Meeting about training workshop,2026-08-20T13:17:47.442955,2026-08-20T14:02:47.442955,Zoom,cancelled,2026-07-18T16:30:36.442974,968afaab-9fc3-43d8-aea9-de1b0845fb8c
b9ef7bc9-517c-45bf-a1b5-2809d540f8a6,7319bb38-0e1a-42a0-a1a3-c170af371232,8ae3dae5-38cd-4160-84ef-5c590af0066c,e7eb3bd0-c3ed-4c3d-afc5-fbef4d5766a0,,Board Meeting,Meeting about board meeting,2026-07-01T13:25:54.442980,2026-07-01T14:55:54.442980,In Person,scheduled,2026-03-14T18:03:40.442996,968afaab-9fc3-43d8-aea9-de1b0845fb8c
2cf6b6e0-c7a3-4e60-8eca-8f03e676e12c,7319bb38-0e1a-42a0-a1a3-c170af371232,af8ae744-eaf6-49a6-9c7f-4f4aa9e503ee,,934fa91c-f88f-462f-b60d-2318e430af37,Quarterly Review,Meeting about project update,2026-09-08T03:47:36.443003,2026-09-08T05:17:36.443003,Phone,cancelled,2025-11-09T07:17:45.443020,968afaab-9fc3-43d8-aea9-de1b0845fb8c
d477cbdc-bea8-460f-bd38-cc0603ecbbe6,7319bb38-0e1a-42a0-a1a3-c170af371232,f6c1513d-8b13-441d-98bb-1a986c21400d,64c870bc-6258-40e9-b2e0-cfa2423828d4,730e2645-05d2-42da-aa84-d1aaab8d8eae,Client Check-in,Meeting about onboarding session,2026-07-19T20:24:07.443026,2026-07-19T20:39:07.443026,,scheduled,2026-02-01T09:17:11.443044,38b1938d-3cd4-479f-8f9c-d5fc4c1dd8fd
174db2c0-4c37-4bf9-a1eb-8ee7b8cdcb57,7319bb38-0e1a-42a0-a1a3-c170af371232,38b1938d-3cd4-479f-8f9c-d5fc4c1dd8fd,,,Client Check-in,Meeting about team standup,2026-05-22T23:42:26.443053,2026-05-23T01:12:26.443053,Phone,scheduled,2026-07-21T11:00:58.443069,ba4c6a8d-6e78-4532-82ad-fccefbf8ab96
bf482f17-aea5-4fe7-a9db-ae31ec3092f5,7319bb38-0e1a-42a0-a1a3-c170af371232,38b1938d-3cd4-479f-8f9c-d5fc4c1dd8fd,3a0f21de-f8ff-4fe4-ad81-4a015431bd74,,Quarterly Review,Meeting about board meeting,2026-05-28T09:00:34.443075,2026-05-28T09:15:34.443075,In Person,completed,2025-09-16T16:35:51.443091,38b1938d-3cd4-479f-8f9c-d5fc4c1dd8fd
4e0b2bdd-4bec-49a0-83ff-ef7874ffe2df,7319bb38-0e1a-42a0-a1a3-c170af371232,5b11e466-caa2-4b0d-ad40-becd33c6cbc2,702992d6-d13f-4810-a3cd-bfc3941716fc,a4351ad4-5811-4caf-b051-b10a6f5e6619,Contract Negotiation,Meeting about board meeting,2026-10-09T13:40:38.443097,2026-10-09T15:10:38.443097,Zoom,cancelled,2026-03-25T05:42:05.443114,aabd8828-4992-4138-a82c-82d2ace3e408
60da5a65-616f-435e-a306-9b0402fe31b8,7319bb38-0e1a-42a0-a1a3-c170af371232,96bb061b-9355-4d14-bab8-c5b59a63ac2a,,,Budget Review,Meeting about contract negotiation,2026-07-16T01:09:58.443120,2026-07-16T02:09:58.443120,Phone,scheduled,2026-01-18T00:59:34.443135,a3b11eec-7159-4649-ad03-75eeb3c9b04f
1529f57f-8c41-4727-a00e-2b297e328311,7319bb38-0e1a-42a0-a1a3-c170af371232,0d1a00d8-532c-48b5-a0d5-e8f37068b7e8,3ce522f2-b2ee-4eea-bd8d-b3eee85a799b,,Quarterly Review,Meeting about performance review,2026-09-04T05:46:26.443142,2026-09-04T06:01:26.443142,In Person,no_show,2026-04-16T12:38:15.443163,af8ae744-eaf6-49a6-9c7f-4f4aa9e503ee
0345964c-d888-4275-b897-c784188d6abf,7319bb38-0e1a-42a0-a1a3-c170af371232,38b1938d-3cd4-479f-8f9c-d5fc4c1dd8fd,f5b446fc-5b62-4fa9-8854-69673858fb03,4dc2c124-ddb6-495a-bdb2-df23a4643bf2,Team Standup,Meeting about onboarding session,2026-08-29T21:35:11.443169,2026-08-29T22:35:11.443169,Phone,cancelled,2025-10-28T15:40:48.443191,5b11e466-caa2-4b0d-ad40-becd33c6cbc2
bfd5ac14-0902-45a0-aa12-c30c74f297b6,7319bb38-0e1a-42a0-a1a3-c170af371232,a3b11eec-7159-4649-ad03-75eeb3c9b04f,,,Product Demo,Meeting about onboarding session,2026-10-27T19:34:16.443197,2026-10-27T20:04:16.443197,Phone,completed,2026-06-22T21:52:22.443213,f6c1513d-8b13-441d-98bb-1a986c21400d
d7792bfa-5a77-46ee-ab81-f157439ecf85,7319bb38-0e1a-42a0-a1a3-c170af371232,0d1a00d8-532c-48b5-a0d5-e8f37068b7e8,,48b48108-9b60-4e6e-ad0b-485967114b8c,Budget Review,Meeting about quarterly review,2026-08-22T07:57:55.443219,2026-08-22T08:42:55.443219,,no_show,2025-12-14T06:02:10.443235,638bfc6a-5a8b-4bf8-9f66-0c0d0744f19a
8054b77e-afc6-476f-af7a-cf2691931ff8,7319bb38-0e1a-42a0-a1a3-c170af371232,a3b11eec-7159-4649-ad03-75eeb3c9b04f,,e6798f24-c440-45a0-9ebd-2043ca23659f,Client Check-in,Meeting about performance review,2026-05-09T10:35:17.443241,2026-05-09T11:20:17.443241,Zoom,scheduled,2025-08-26T10:30:05.443257,0d1a00d8-532c-48b5-a0d5-e8f37068b7e8
7e616728-332b-453a-bcfe-e24447cee61b,7319bb38-0e1a-42a0-a1a3-c170af371232,af8ae744-eaf6-49a6-9c7f-4f4aa9e503ee,,,Support Call,Meeting about project update,2026-05-20T15:27:25.443263,2026-05-20T16:57:25.443263,Zoom,cancelled,2025-10-31T10:00:23.443279,96bb061b-9355-4d14-bab8-c5b59a63ac2a
10f33553-f408-425e-81c0-60a6441e152d,7319bb38-0e1a-42a0-a1a3-c170af371232,ba4c6a8d-6e78-4532-82ad-fccefbf8ab96,,3849afad-08d9-421d-af57-794aa76f17fc,Onboarding Session,Meeting about support call,2026-08-03T12:42:32.443289,2026-08-03T13:27:32.443289,Phone,completed,2025-11-26T18:06:49.443307,0d1a00d8-532c-48b5-a0d5-e8f37068b7e8
d76055b6-70c3-40a2-8c10-fd7e3b37816e,7319bb38-0e1a-42a0-a1a3-c170af371232,96bb061b-9355-4d14-bab8-c5b59a63ac2a,,,Board Meeting,Meeting about support call,2026-07-09T21:47:51.443313,2026-07-09T22:02:51.443313,,cancelled,2026-04-27T10:18:53.443333,8ae3dae5-38cd-4160-84ef-5c590af0066c
7a63c076-e280-495f-9f0c-a71eb1791681,7319bb38-0e1a-42a0-a1a3-c170af371232,8ae3dae5-38cd-4160-84ef-5c590af0066c,,,Training Workshop,Meeting about budget review,2026-05-26T14:23:31.443339,2026-05-26T14:38:31.443339,Teams,scheduled,2025-08-12T20:18:52.443354,96bb061b-9355-4d14-bab8-c5b59a63ac2a
26395e19-1c57-47a1-8b34-4eda3b4dd4ee,7319bb38-0e1a-42a0-a1a3-c170af371232,0d1a00d8-532c-48b5-a0d5-e8f37068b7e8,,,Client Check-in,Meeting about product demo,2026-07-16T08:46:24.443361,2026-07-16T09:31:24.443361,In Person,completed,2025-11-02T04:12:46.443375,a3b11eec-7159-4649-ad03-75eeb3c9b04f
3d73e4c8-ec4b-46ac-a1f7-6e6efed7b895,7319bb38-0e1a-42a0-a1a3-c170af371232,8ae3dae5-38cd-4160-84ef-5c590af0066c,,,Team Standup,Meeting about contract negotiation,2026-05-12T23:16:59.443381,2026-05-13T00:16:59.443381,Google Meet,scheduled,2026-07-28T08:55:45.443396,638bfc6a-5a8b-4bf8-9f66-0c0d0744f19a
6453c2c7-df16-4c06-b86f-27cd4b1f4ffe,7319bb38-0e1a-42a0-a1a3-c170af371232,a3b11eec-7159-4649-ad03-75eeb3c9b04f,704e086b-391a-44f5-ab7f-185be81adbbf,570af650-d13c-4ac8-af82-63c9e5898b6f,Performance Review,Meeting about performance review,2026-06-26T17:13:47.443402,2026-06-26T17:43:47.443402,Google Meet,completed,2026-04-11T08:33:27.443419,af8ae744-eaf6-49a6-9c7f-4f4aa9e503ee
dd1be6af-fe6d-4d1a-b8cf-99eac9426825,7319bb38-0e1a-42a0-a1a3-c170af371232,96bb061b-9355-4d14-bab8-c5b59a63ac2a,d47bb701-4df3-461a-8a8f-04e30c1f0924,,Team Standup,Meeting about support call,2026-06-10T18:31:37.443425,2026-06-10T20:31:37.443425,Teams,no_show,2026-06-06T18:35:31.443441,aabd8828-4992-4138-a82c-82d2ace3e408
ae082030-77eb-4ac8-81ec-e0d0834d13fc,7319bb38-0e1a-42a0-a1a3-c170af371232,968afaab-9fc3-43d8-aea9-de1b0845fb8c,,cb273110-4d2c-4c5c-a372-130b73c49950,Strategy Meeting,Meeting about onboarding session,2026-09-26T10:53:36.443447,2026-09-26T11:38:36.443447,Teams,completed,2026-01-15T01:01:37.443462,0d1a00d8-532c-48b5-a0d5-e8f37068b7e8
aa2fec2f-1576-4435-b06d-977b20a77bf1,7319bb38-0e1a-42a0-a1a3-c170af371232,968afaab-9fc3-43d8-aea9-de1b0845fb8c,ec5b3b2b-bd03-419f-9187-3b07f8435181,,Quarterly Review,Meeting about product demo,2026-09-20T17:55:25.443468,2026-09-20T18:40:25.443468,,cancelled,2025-10-20T04:04:06.443484,af8e7df9-9ce7-4499-ab19-610e813af04b
a5bdf690-8261-43e9-ac4e-f65cb9fe97c7,7319bb38-0e1a-42a0-a1a3-c170af371232,8ae3dae5-38cd-4160-84ef-5c590af0066c,cce362a8-931c-4d53-b09f-456bdd8815a7,e698b171-07d5-47d4-a10c-ce010e5c6eca,Team Standup,Meeting about contract negotiation,2026-07-25T00:34:11.443490,2026-07-25T01:19:11.443490,In Person,completed,2025-09-27T19:26:00.443508,aabd8828-4992-4138-a82c-82d2ace3e408
7a14c8a5-d56c-4de8-9242-139440c9589a,7319bb38-0e1a-42a0-a1a3-c170af371232,38b1938d-3cd4-479f-8f9c-d5fc4c1dd8fd,0985550e-bc4a-43c5-8a92-238032da6237,,Sales Call,Meeting about sales call,2026-10-12T05:16:59.443521,2026-10-12T05:31:59.443521,In Person,scheduled,2026-05-28T03:50:57.443538,af8e7df9-9ce7-4499-ab19-610e813af04b
898ea151-39a7-439c-9a88-9e6fc8215517,7319bb38-0e1a-42a0-a1a3-c170af371232,5b11e466-caa2-4b0d-ad40-becd33c6cbc2,,,Project Update,Meeting about budget review,2026-07-12T08:25:34.443544,2026-07-12T08:55:34.443544,Zoom,no_show,2025-09-13T11:19:13.443559,638bfc6a-5a8b-4bf8-9f66-0c0d0744f19a
142363c7-f0eb-4864-aa7c-ee8eff55c71d,7319bb38-0e1a-42a0-a1a3-c170af371232,eaf0989b-5b56-4b72-9a32-2711e9c394ff,588337b3-7218-4fd2-a2f2-ab7c9c9f0ef7,,Training Workshop,Meeting about performance review,2026-10-17T12:43:37.443565,2026-10-17T14:13:37.443565,Google Meet,completed,2026-03-02T07:02:22.443581,8ae3dae5-38cd-4160-84ef-5c590af0066c
30231492-3c98-4c15-93c6-bdab15a84bb7,7319bb38-0e1a-42a0-a1a3-c170af371232,8ae3dae5-38cd-4160-84ef-5c590af0066c,,,Contract Negotiation,Meeting about partnership discussion,2026-06-08T16:51:49.443587,2026-06-08T17:21:49.443587,Teams,scheduled,2025-09-25T19:15:10.443602,96bb061b-9355-4d14-bab8-c5b59a63ac2a
6b8422f5-02f0-4c55-ba13-b39204bda391,7319bb38-0e1a-42a0-a1a3-c170af371232,f6c1513d-8b13-441d-98bb-1a986c21400d,,615b9e3c-d27e-4aae-97c6-e30e23df6e88,Board Meeting,Meeting about quarterly review,2026-10-07T22:00:50.443608,2026-10-08T00:00:50.443608,,no_show,2026-01-10T19:09:17.443623,af8ae744-eaf6-49a6-9c7f-4f4aa9e503ee
02a4ad18-91c3-431e-ba47-ed87bb91e6bf,7319bb38-0e1a-42a0-a1a3-c170af371232,aabd8828-4992-4138-a82c-82d2ace3e408,1497ed9c-d3f3-445e-8bef-15fc80f96f97,b9a81227-2211-4831-b17d-1ff9949a7761,Sales Call,Meeting about performance review,2026-10-05T05:55:39.443633,2026-10-05T07:25:39.443633,Zoom,cancelled,2026-03-04T04:32:36.443656,aabd8828-4992-4138-a82c-82d2ace3e408
775ec0b6-e9c2-46c1-b9bd-aa68e629d192,7319bb38-0e1a-42a0-a1a3-c170af371232,eaf0989b-5b56-4b72-9a32-2711e9c394ff,e8245351-e33a-46f7-b0b1-f8d30e443003,e8b40e71-4338-4e9e-ae68-12c00e5dd3d2,Onboarding Session,Meeting about product demo,2026-10-29T14:20:24.443663,2026-10-29T16:20:24.443663,Zoom,no_show,2025-08-28T10:09:50.443680,fd2fd60f-404e-41a6-95e7-9a06e7913261
cd0de898-5923-436e-8046-013d04c9e59c,7319bb38-0e1a-42a0-a1a3-c170af371232,fd2fd60f-404e-41a6-95e7-9a06e7913261,7acf3067-02a6-4adc-922b-b35ab44f3904,,Performance Review,Meeting about training workshop,2026-10-21T04:04:27.443686,2026-10-21T05:04:27.443686,In Person,cancelled,2025-11-18T16:30:53.443702,38b1938d-3cd4-479f-8f9c-d5fc4c1dd8fd
0e52cad8-c348-461f-9f82-a84629aa7c91,7319bb38-0e1a-42a0-a1a3-c170af371232,ba4c6a8d-6e78-4532-82ad-fccefbf8ab96,f0ffd248-5804-4f2f-bd02-85e04be91fd9,,Client Check-in,Meeting about project update,2026-09-19T03:35:49.443708,2026-09-19T03:50:49.443708,Phone,scheduled,2025-11-17T00:35:08.443725,eaf0989b-5b56-4b72-9a32-2711e9c394ff
b7d2268b-b2fe-461a-b58c-7ae76c927d6b,7319bb38-0e1a-42a0-a1a3-c170af371232,5b11e466-caa2-4b0d-ad40-becd33c6cbc2,,,Project Update,Meeting about performance review,2026-10-29T10:15:00.443731,2026-10-29T10:30:00.443731,Phone,scheduled,2025-10-10T13:42:22.443746,96bb061b-9355-4d14-bab8-c5b59a63ac2a
4228c10d-0df5-499f-88f9-0017c7b456f0,7319bb38-0e1a-42a0-a1a3-c170af371232,ba4c6a8d-6e78-4532-82ad-fccefbf8ab96,76734a91-569e-40b8-a40e-361e96e7483d,3aedb41a-a7e9-4483-a4d5-7024124fdb30,Board Meeting,Meeting about sales call,2026-10-30T02:00:01.443815,2026-10-30T02:45:01.443815,In Person,cancelled,2026-02-26T14:30:11.443850,eaf0989b-5b56-4b72-9a32-2711e9c394ff
9913554d-f7a8-4923-98c4-dae16cfe5852,7319bb38-0e1a-42a0-a1a3-c170af371232,96bb061b-9355-4d14-bab8-c5b59a63ac2a,225ae9cb-070c-4622-be41-0da108bd90c9,,Training Workshop,Meeting about board meeting,2026-06-01T03:36:18.443856,2026-06-01T04:21:18.443856,,no_show,2026-04-23T16:53:21.443872,fd2fd60f-404e-41a6-95e7-9a06e7913261
9199a61f-e226-45f6-8862-b78282abd3a2,7319bb38-0e1a-42a0-a1a3-c170af371232,96bb061b-9355-4d14-bab8-c5b59a63ac2a,6ebed262-c0a7-4cb0-af2f-ba50a4fe6e0e,b5c359a1-219e-4740-ae22-9729edf191ca,Strategy Meeting,Meeting about sales call,2026-09-22T19:21:46.443879,2026-09-22T19:51:46.443879,Teams,no_show,2025-11-09T00:33:39.443895,aabd8828-4992-4138-a82c-82d2ace3e408
be441199-0d01-4607-9441-aa80cc150de7,7319bb38-0e1a-42a0-a1a3-c170af371232,5b11e466-caa2-4b0d-ad40-becd33c6cbc2,da569aff-34fe-4ca4-b764-cbea9157c9d3,,Contract Negotiation,Meeting about quarterly review,2026-05-10T03:56:03.443902,2026-05-10T04:56:03.443902,Zoom,cancelled,2026-02-05T21:14:08.443918,ba4c6a8d-6e78-4532-82ad-fccefbf8ab96
ff3d00e1-8e9b-4bca-b14e-e1c066960d43,7319bb38-0e1a-42a0-a1a3-c170af371232,f6c1513d-8b13-441d-98bb-1a986c21400d,f3c645e6-87ff-43dd-bd6f-0b0f3efdd757,,Sales Call,Meeting about client check-in,2026-06-03T08:26:03.443925,2026-06-03T10:26:03.443925,Google Meet,scheduled,2026-06-06T17:15:23.443945,8ae3dae5-38cd-4160-84ef-5c590af0066c
ea0d44e4-ee31-4957-9125-d6c4d8034d60,7319bb38-0e1a-42a0-a1a3-c170af371232,968afaab-9fc3-43d8-aea9-de1b0845fb8c,ae6dc352-b2b9-4d98-90b4-d069d44bd14f,fce61265-98ed-48fb-a452-d9da5ab0f680,Training Workshop,Meeting about product demo,2026-06-22T05:28:22.443952,2026-06-22T07:28:22.443952,,no_show,2025-08-23T10:31:08.443969,a3b11eec-7159-4649-ad03-75eeb3c9b04f
35cc229e-04dc-410c-80d9-a7803604f91d,7319bb38-0e1a-42a0-a1a3-c170af371232,5b11e466-caa2-4b0d-ad40-becd33c6cbc2,,,Budget Review,Meeting about contract negotiation,2026-07-20T21:47:51.443975,2026-07-20T22:47:51.443975,Phone,cancelled,2025-09-08T01:48:36.443990,8ae3dae5-38cd-4160-84ef-5c590af0066c
30739f76-6cc9-41e5-9700-937887f825e9,7319bb38-0e1a-42a0-a1a3-c170af371232,96bb061b-9355-4d14-bab8-c5b59a63ac2a,,,Sales Call,Meeting about product demo,2026-07-10T21:46:35.443996,2026-07-10T22:01:35.443996,Phone,no_show,2026-06-27T18:28:01.444011,fd2fd60f-404e-41a6-95e7-9a06e7913261
c121ed7c-b289-4afa-9f0d-b1b43a1a1538,7319bb38-0e1a-42a0-a1a3-c170af371232,f6c1513d-8b13-441d-98bb-1a986c21400d,edc16f73-755d-4280-aa25-1aa9e8775fe5,,Onboarding Session,Meeting about training workshop,2026-10-10T14:27:23.444017,2026-10-10T15:27:23.444017,,scheduled,2025-09-26T04:55:12.444036,fd2fd60f-404e-41a6-95e7-9a06e7913261
84234823-04a5-4d63-9897-475bbbed6d4a,7319bb38-0e1a-42a0-a1a3-c170af371232,af8ae744-eaf6-49a6-9c7f-4f4aa9e503ee,daa3312c-d7ed-48ad-a32a-03a0b4f0a046,,Client Check-in,Meeting about contract negotiation,2026-07-29T16:41:14.444043,2026-07-29T17:26:14.444043,Zoom,completed,2026-07-27T11:41:19.444059,aabd8828-4992-4138-a82c-82d2ace3e408
400c88de-7111-451b-ae91-d520eb5c9bae,7319bb38-0e1a-42a0-a1a3-c170af371232,38b1938d-3cd4-479f-8f9c-d5fc4c1dd8fd,,ad2c4c4d-1c72-40ff-8fe4-3d20a6a78751,Quarterly Review,Meeting about product demo,2026-06-02T17:57:59.444068,2026-06-02T18:12:59.444068,Zoom,no_show,2025-09-13T22:33:26.444085,638bfc6a-5a8b-4bf8-9f66-0c0d0744f19a
ca3cc0f4-1a8f-4f62-9a94-c40a61387374,7319bb38-0e1a-42a0-a1a3-c170af371232,968afaab-9fc3-43d8-aea9-de1b0845fb8c,34c380b7-2b0f-465d-a1ac-d0a4dd7335d1,,Partnership Discussion,Meeting about onboarding session,2026-05-11T20:35:19.444091,2026-05-11T21:05:19.444091,Zoom,completed,2026-02-08T03:53:16.444107,af8e7df9-9ce7-4499-ab19-610e813af04b
b1b60828-bfc4-4a25-9de4-0bc877b3e345,7319bb38-0e1a-42a0-a1a3-c170af371232,8ae3dae5-38cd-4160-84ef-5c590af0066c,,,Project Update,Meeting about budget review,2026-08-18T20:21:58.444113,2026-08-18T20:51:58.444113,Google Meet,no_show,2025-11-20T12:01:39.444128,968afaab-9fc3-43d8-aea9-de1b0845fb8c
a518994d-6746-4648-ab48-27e9b885882e,7319bb38-0e1a-42a0-a1a3-c170af371232,38b1938d-3cd4-479f-8f9c-d5fc4c1dd8fd,1139979e-ae92-4b8e-b9c8-7845b85c0088,,Team Standup,Meeting about support call,2026-08-09T12:57:27.444134,2026-08-09T14:57:27.444134,Teams,scheduled,2026-01-26T17:17:33.444153,968afaab-9fc3-43d8-aea9-de1b0845fb8c
c43da533-40e8-4acf-b1b8-3720d25f85e0,7319bb38-0e1a-42a0-a1a3-c170af371232,af8ae744-eaf6-49a6-9c7f-4f4aa9e503ee,,,Product Demo,Meeting about contract negotiation,2026-05-09T16:36:39.444159,2026-05-09T17:36:39.444159,Google Meet,scheduled,2026-02-22T05:51:58.444174,aabd8828-4992-4138-a82c-82d2ace3e408
3a25bef4-347d-4309-b377-54fae1ccd6c3,7319bb38-0e1a-42a0-a1a3-c170af371232,af8e7df9-9ce7-4499-ab19-610e813af04b,,,Board Meeting,Meeting about training workshop,2026-09-16T06:29:50.444180,2026-09-16T07:59:50.444180,,no_show,2026-04-24T11:36:30.444195,5b11e466-caa2-4b0d-ad40-becd33c6cbc2
13da2e02-52ee-43ca-a6a4-39f6fbfefef0,7319bb38-0e1a-42a0-a1a3-c170af371232,8ae3dae5-38cd-4160-84ef-5c590af0066c,eae08149-74d8-4057-8e06-db91753ab556,,Support Call,Meeting about budget review,2026-10-31T05:47:02.444201,2026-10-31T06:47:02.444201,,scheduled,2026-06-22T14:34:19.444217,968afaab-9fc3-43d8-aea9-de1b0845fb8c
4a1a2aa8-ef8d-4ad1-bc77-a2bdf7bdb809,7319bb38-0e1a-42a0-a1a3-c170af371232,638bfc6a-5a8b-4bf8-9f66-0c0d0744f19a,dcd5c46b-8a26-4750-92f6-eab549d0fd84,,Strategy Meeting,Meeting about onboarding session,2026-10-27T16:57:31.444223,2026-10-27T18:27:31.444223,Phone,scheduled,2025-11-03T20:08:49.444239,fd2fd60f-404e-41a6-95e7-9a06e7913261
9bb1968b-bbe8-46c0-af2f-f5b2024fd624,7319bb38-0e1a-42a0-a1a3-c170af371232,eaf0989b-5b56-4b72-9a32-2711e9c394ff,cdbd9c42-7e98-4148-ac71-36c6f247dc89,a92293d6-315f-4b9b-9331-2b80ed343cbe,Project Update,Meeting about onboarding session,2026-06-18T12:58:30.444245,2026-06-18T13:58:30.444245,,cancelled,2025-11-28T07:40:40.444261,f6c1513d-8b13-441d-98bb-1a986c21400d
7a98520e-c314-4fb2-8f05-ff6918906c06,7319bb38-0e1a-42a0-a1a3-c170af371232,ba4c6a8d-6e78-4532-82ad-fccefbf8ab96,f723de59-bde4-413b-b5af-208ce6e48db0,,Performance Review,Meeting about sales call,2026-08-03T07:46:03.444267,2026-08-03T08:31:03.444267,Zoom,completed,2026-05-19T12:47:41.444283,8ae3dae5-38cd-4160-84ef-5c590af0066c
556e61cb-7f10-43c2-9fbf-23783b0e4c10,7319bb38-0e1a-42a0-a1a3-c170af371232,f6c1513d-8b13-441d-98bb-1a986c21400d,2f823281-891f-427d-bce5-8f2b607dfec0,,Strategy Meeting,Meeting about quarterly review,2026-08-06T03:21:57.444292,2026-08-06T05:21:57.444292,,scheduled,2025-09-03T16:00:00.444308,a3b11eec-7159-4649-ad03-75eeb3c9b04f
77b6742c-8ec8-44da-9d00-4fae0fa5c40c,7319bb38-0e1a-42a0-a1a3-c170af371232,968afaab-9fc3-43d8-aea9-de1b0845fb8c,0541e719-66bb-44ba-9f5e-4b7376f38ee0,,Strategy Meeting,Meeting about quarterly review,2026-05-27T18:49:17.444314,2026-05-27T19:04:17.444314,In Person,completed,2026-01-06T23:58:35.444331,eaf0989b-5b56-4b72-9a32-2711e9c394ff
41f1c9e0-ce81-467c-99eb-6cf05533875e,7319bb38-0e1a-42a0-a1a3-c170af371232,f6c1513d-8b13-441d-98bb-1a986c21400d,,,Sales Call,Meeting about project update,2026-09-05T21:58:32.444337,2026-09-05T22:43:32.444337,,completed,2025-12-17T17:40:31.444355,af8e7df9-9ce7-4499-ab19-610e813af04b
c957ca1a-c22d-4552-aec6-a090cdc2ed9f,7319bb38-0e1a-42a0-a1a3-c170af371232,5b11e466-caa2-4b0d-ad40-becd33c6cbc2,3e2cf2b5-c62f-4d4a-91c6-dc7ecd7eb911,,Product Demo,Meeting about board meeting,2026-07-03T10:38:28.444361,2026-07-03T12:08:28.444361,Phone,cancelled,2025-10-20T20:15:42.444377,ba4c6a8d-6e78-4532-82ad-fccefbf8ab96
5c5292a5-8a58-43f1-9e17-490fbaa901f8,7319bb38-0e1a-42a0-a1a3-c170af371232,af8ae744-eaf6-49a6-9c7f-4f4aa9e503ee,e515e735-c8e4-4770-9ec3-0873b991c975,,Performance Review,Meeting about quarterly review,2026-07-31T13:23:24.444383,2026-07-31T13:38:24.444383,In Person,scheduled,2026-06-20T06:54:53.444399,ba4c6a8d-6e78-4532-82ad-fccefbf8ab96
0bc911f1-f43d-4c10-9a72-abcc72afbc8e,7319bb38-0e1a-42a0-a1a3-c170af371232,38b1938d-3cd4-479f-8f9c-d5fc4c1dd8fd,,2ae23479-8c9a-4b50-b47f-62d08239c3a3,Support Call,Meeting about product demo,2026-09-14T12:37:36.444404,2026-09-14T14:37:36.444404,Teams,scheduled,2025-09-06T23:19:50.444421,a3b11eec-7159-4649-ad03-75eeb3c9b04f
201c7dba-1b1b-4f05-9290-c3bd3a71ccab,7319bb38-0e1a-42a0-a1a3-c170af371232,5b11e466-caa2-4b0d-ad40-becd33c6cbc2,dcfbcc99-4915-4d16-9eed-7dfd1c1ceb42,742a5f15-023b-4513-9cf7-30dee11ff42f,Partnership Discussion,Meeting about support call,2026-07-01T00:37:30.444427,2026-07-01T01:22:30.444427,In Person,scheduled,2026-03-01T03:52:55.444444,a3b11eec-7159-4649-ad03-75eeb3c9b04f
17c09fa5-73ef-453a-b1d5-a4f7fad79878,7319bb38-0e1a-42a0-a1a3-c170af371232,f6c1513d-8b13-441d-98bb-1a986c21400d,,,Sales Call,Meeting about performance review,2026-08-02T16:19:25.444450,2026-08-02T17:19:25.444450,Phone,completed,2026-03-09T05:15:07.444465,38b1938d-3cd4-479f-8f9c-d5fc4c1dd8fd
6aafccc1-f13e-4099-8a84-d25faf3527e4,7319bb38-0e1a-42a0-a1a3-c170af371232,0d1a00d8-532c-48b5-a0d5-e8f37068b7e8,ab0deb15-3130-49fb-87ec-1e6da81b52ce,,Strategy Meeting,Meeting about budget review,2026-07-23T18:15:33.444471,2026-07-23T19:15:33.444471,In Person,cancelled,2026-07-29T04:04:26.444487,eaf0989b-5b56-4b72-9a32-2711e9c394ff
36008957-d24f-4542-85fb-56151e1bf9a4,7319bb38-0e1a-42a0-a1a3-c170af371232,fd2fd60f-404e-41a6-95e7-9a06e7913261,,,Sales Call,Meeting about partnership discussion,2026-08-18T13:13:05.444493,2026-08-18T13:28:05.444493,Phone,no_show,2026-02-27T18:34:38.444508,5b11e466-caa2-4b0d-ad40-becd33c6cbc2
5d27dce1-4a08-454b-93b8-9658572027d6,7319bb38-0e1a-42a0-a1a3-c170af371232,f6c1513d-8b13-441d-98bb-1a986c21400d,,b44f98c5-8be7-4478-ac67-8d892583ed61,Sales Call,Meeting about product demo,2026-05-25T03:09:18.444518,2026-05-25T03:54:18.444518,Google Meet,completed,2026-02-28T07:48:03.444534,a3b11eec-7159-4649-ad03-75eeb3c9b04f
0c54b726-ef3d-45af-970c-12dbcd3476a9,7319bb38-0e1a-42a0-a1a3-c170af371232,96bb061b-9355-4d14-bab8-c5b59a63ac2a,,,Contract Negotiation,Meeting about sales call,2026-07-16T09:38:08.444540,2026-07-16T10:38:08.444540,,no_show,2026-03-23T06:53:07.444554,38b1938d-3cd4-479f-8f9c-d5fc4c1dd8fd
abe10377-ab33-40a0-ab01-2c78c1d80cab,7319bb38-0e1a-42a0-a1a3-c170af371232,a3b11eec-7159-4649-ad03-75eeb3c9b04f,,03e6d861-dec6-414e-b99c-4acb41933c53,Onboarding Session,Meeting about sales call,2026-10-24T11:01:51.444561,2026-10-24T13:01:51.444561,Zoom,completed,2026-06-04T12:48:18.444576,f6c1513d-8b13-441d-98bb-1a986c21400d
e6362648-aeea-42d7-93bf-e7fd34d13a70,7319bb38-0e1a-42a0-a1a3-c170af371232,a3b11eec-7159-4649-ad03-75eeb3c9b04f,bfc58a28-2afd-46cd-9bb3-7017c8e266cf,eecdadc6-4c15-4afb-b64c-d2cd6decfef9,Client Check-in,Meeting about performance review,2026-08-23T03:22:15.444583,2026-08-23T03:37:15.444583,,no_show,2026-01-23T03:42:12.444599,af8e7df9-9ce7-4499-ab19-610e813af04b
d3402288-5e7d-454d-b1c0-b2e188e79ed6,7319bb38-0e1a-42a0-a1a3-c170af371232,ba4c6a8d-6e78-4532-82ad-fccefbf8ab96,,,Support Call,Meeting about client check-in,2026-08-07T14:24:20.444605,2026-08-07T14:39:20.444605,,completed,2026-01-25T08:04:15.444619,5b11e466-caa2-4b0d-ad40-becd33c6cbc2
071b0db5-433e-469b-8290-1180aa466bab,7319bb38-0e1a-42a0-a1a3-c170af371232,38b1938d-3cd4-479f-8f9c-d5fc4c1dd8fd,,,Training Workshop,Meeting about performance review,2026-05-15T18:08:46.444625,2026-05-15T20:08:46.444625,Teams,no_show,2025-08-19T00:07:07.444640,0d1a00d8-532c-48b5-a0d5-e8f37068b7e8
a7d6977a-4c9e-426e-9e69-a36680cc0fe1,7319bb38-0e1a-42a0-a1a3-c170af371232,eaf0989b-5b56-4b72-9a32-2711e9c394ff,,,Budget Review,Meeting about project update,2026-06-14T05:01:07.444651,2026-06-14T05:46:07.444651,In Person,completed,2026-01-11T02:48:00.444674,96bb061b-9355-4d14-bab8-c5b59a63ac2a
f0f2d172-f85b-4d44-9fa2-f0671a18873c,7319bb38-0e1a-42a0-a1a3-c170af371232,96bb061b-9355-4d14-bab8-c5b59a63ac2a,,,Product Demo,Meeting about support call,2026-07-01T06:58:22.444680,2026-07-01T08:58:22.444680,,no_show,2025-09-04T00:21:24.444694,96bb061b-9355-4d14-bab8-c5b59a63ac2a
96b49002-2f34-4bf3-a807-dcebc73a395e,7319bb38-0e1a-42a0-a1a3-c170af371232,ba4c6a8d-6e78-4532-82ad-fccefbf8ab96,,,Team Standup,Meeting about support call,2026-05-10T12:03:33.444700,2026-05-10T13:33:33.444700,,no_show,2026-03-09T02:42:18.444718,38b1938d-3cd4-479f-8f9c-d5fc4c1dd8fd
14a795a2-b793-45a2-8128-3b1a73d540c5,7319bb38-0e1a-42a0-a1a3-c170af371232,0d1a00d8-532c-48b5-a0d5-e8f37068b7e8,,b992e6f3-31ac-4dda-aa25-a49979adec8e,Client Check-in,Meeting about project update,2026-05-16T00:31:54.444724,2026-05-16T02:01:54.444724,Google Meet,cancelled,2026-03-18T19:26:10.444739,ba4c6a8d-6e78-4532-82ad-fccefbf8ab96
2e1dcb02-b579-44e4-9d90-45516d5583e1,7319bb38-0e1a-42a0-a1a3-c170af371232,638bfc6a-5a8b-4bf8-9f66-0c0d0744f19a,4e6c1a60-1143-4b22-a658-c800c5d431b7,5f558afe-802b-403b-bf2c-18b5f73ba775,Contract Negotiation,Meeting about onboarding session,2026-08-05T08:23:48.444749,2026-08-05T08:38:48.444749,,no_show,2026-04-25T22:09:59.444766,38b1938d-3cd4-479f-8f9c-d5fc4c1dd8fd
1b7c8cff-02c0-4622-8ba9-8cb630bbcabf,7319bb38-0e1a-42a0-a1a3-c170af371232,af8e7df9-9ce7-4499-ab19-610e813af04b,,,Project Update,Meeting about client check-in,2026-09-15T02:16:01.444772,2026-09-15T04:16:01.444772,,cancelled,2026-04-12T10:10:46.444786,8ae3dae5-38cd-4160-84ef-5c590af0066c
57166de2-4d26-4722-aa0d-da6e2e719b91,7319bb38-0e1a-42a0-a1a3-c170af371232,38b1938d-3cd4-479f-8f9c-d5fc4c1dd8fd,,cbb09be2-c46e-4f37-ab3e-1b9dd880be5a,Support Call,Meeting about training workshop,2026-10-09T03:32:46.444792,2026-10-09T04:32:46.444792,Teams,no_show,2025-12-15T03:30:48.444808,38b1938d-3cd4-479f-8f9c-d5fc4c1dd8fd
784e3ebe-fc49-48fe-8183-d462b89023fe,7319bb38-0e1a-42a0-a1a3-c170af371232,eaf0989b-5b56-4b72-9a32-2711e9c394ff,6c5430d9-4145-46f3-8907-774638972773,,Onboarding Session,Meeting about onboarding session,2026-09-10T01:41:50.444814,2026-09-10T03:11:50.444814,Teams,no_show,2026-04-30T15:47:24.444830,af8ae744-eaf6-49a6-9c7f-4f4aa9e503ee
9de42aa6-ea21-415c-8886-f6aebbb953eb,7319bb38-0e1a-42a0-a1a3-c170af371232,0d1a00d8-532c-48b5-a0d5-e8f37068b7e8,26d535b2-70e4-4f51-b06c-3e0cdf1ebbfe,,Support Call,Meeting about board meeting,2026-10-22T21:36:43.444836,2026-10-22T22:06:43.444836,Phone,no_show,2026-05-08T18:05:03.444852,968afaab-9fc3-43d8-aea9-de1b0845fb8c
247bf4f9-6289-452b-bae1-083f73422ef1,7319bb38-0e1a-42a0-a1a3-c170af371232,38b1938d-3cd4-479f-8f9c-d5fc4c1dd8fd,74ba0a17-b612-44cb-a015-488528d4ddd4,,Board Meeting,Meeting about product demo,2026-10-11T10:01:43.444858,2026-10-11T10:46:43.444858,In Person,cancelled,2026-03-09T02:53:14.444874,8ae3dae5-38cd-4160-84ef-5c590af0066c
78b421fd-645d-42fe-8155-e0683c806fdd,7319bb38-0e1a-42a0-a1a3-c170af371232,968afaab-9fc3-43d8-aea9-de1b0845fb8c,fef7b5a7-490a-47f9-92bc-cb1710b59754,,Board Meeting,Meeting about board meeting,2026-08-09T03:03:33.444880,2026-08-09T03:33:33.444880,In Person,completed,2026-01-09T04:16:19.444895,af8ae744-eaf6-49a6-9c7f-4f4aa9e503ee
9ea76251-072b-49fb-80cf-d8e9c799cb06,7319bb38-0e1a-42a0-a1a3-c170af371232,f6c1513d-8b13-441d-98bb-1a986c21400d,,,Project Update,Meeting about sales call,2026-08-20T07:25:08.444901,2026-08-20T07:55:08.444901,Zoom,scheduled,2026-01-04T19:06:19.444916,fd2fd60f-404e-41a6-95e7-9a06e7913261
262bc974-5319-4919-9f63-12925c0cfac9,7319bb38-0e1a-42a0-a1a3-c170af371232,eaf0989b-5b56-4b72-9a32-2711e9c394ff,,d2690b1c-6ef1-4579-bb1a-5a61188b7128,Quarterly Review,Meeting about budget review,2026-10-07T16:27:25.444922,2026-10-07T16:42:25.444922,Teams,no_show,2026-01-01T00:44:05.444937,af8ae744-eaf6-49a6-9c7f-4f4aa9e503ee
f1458fbf-1fe2-4a95-b350-84749323c5b7,7319bb38-0e1a-42a0-a1a3-c170af371232,a3b11eec-7159-4649-ad03-75eeb3c9b04f,,,Support Call,Meeting about client check-in,2026-09-18T15:10:11.444944,2026-09-18T17:10:11.444944,Teams,cancelled,2026-05-15T15:05:20.444961,af8e7df9-9ce7-4499-ab19-610e813af04b
47b839e5-a16f-407a-91a6-38bc725715dd,7319bb38-0e1a-42a0-a1a3-c170af371232,aabd8828-4992-4138-a82c-82d2ace3e408,51755538-1020-4b95-afd4-8fe6f6e0fe13,,Onboarding Session,Meeting about support call,2026-07-05T04:11:26.444971,2026-07-05T04:26:26.444971,,cancelled,2026-05-31T11:54:11.444987,638bfc6a-5a8b-4bf8-9f66-0c0d0744f19a
9fb4106b-86c8-4800-8307-4e2a763a45a5,7319bb38-0e1a-42a0-a1a3-c170af371232,8ae3dae5-38cd-4160-84ef-5c590af0066c,32a9f3bd-5d6a-4a25-83a1-63d335c30364,,Quarterly Review,Meeting about client check-in,2026-07-04T13:55:15.444993,2026-07-04T14:40:15.444993,Zoom,completed,2026-01-02T08:36:19.445009,ba4c6a8d-6e78-4532-82ad-fccefbf8ab96
df51bde3-d69e-4e98-bfc8-5eba9ffbec80,7319bb38-0e1a-42a0-a1a3-c170af371232,8ae3dae5-38cd-4160-84ef-5c590af0066c,eeb4b98b-7707-4a18-ab29-eddcef9f4dae,,Project Update,Meeting about partnership discussion,2026-05-14T01:39:11.445015,2026-05-14T02:24:11.445015,,scheduled,2025-09-29T09:09:19.445030,8ae3dae5-38cd-4160-84ef-5c590af0066c
003f82b6-4339-4c25-90e0-bcae6f8adff4,7319bb38-0e1a-42a0-a1a3-c170af371232,fd2fd60f-404e-41a6-95e7-9a06e7913261,,,Performance Review,Meeting about board meeting,2026-05-16T15:34:19.445036,2026-05-16T16:34:19.445036,Google Meet,no_show,2026-06-23T13:47:35.445051,af8ae744-eaf6-49a6-9c7f-4f4aa9e503ee
7d77a0eb-6b27-4700-9265-0be6e8ae7888,7319bb38-0e1a-42a0-a1a3-c170af371232,96bb061b-9355-4d14-bab8-c5b59a63ac2a,bf79788b-f668-4293-bfe0-b71bdb88ade2,,Budget Review,Meeting about contract negotiation,2026-08-07T22:56:15.445057,2026-08-07T23:26:15.445057,In Person,scheduled,2025-09-20T00:40:16.445073,968afaab-9fc3-43d8-aea9-de1b0845fb8c
4c5e3e0c-079e-4588-a574-fafd4948aa93,7319bb38-0e1a-42a0-a1a3-c170af371232,5b11e466-caa2-4b0d-ad40-becd33c6cbc2,4528d2cc-16e4-437c-bf82-448dc2899712,,Team Standup,Meeting about strategy meeting,2026-09-12T17:32:47.445079,2026-09-12T18:17:47.445079,Google Meet,completed,2026-02-21T14:25:04.445096,eaf0989b-5b56-4b72-9a32-2711e9c394ff
be25e482-fa04-438e-94f9-7576a5dcea23,7319bb38-0e1a-42a0-a1a3-c170af371232,ba4c6a8d-6e78-4532-82ad-fccefbf8ab96,,,Contract Negotiation,Meeting about strategy meeting,2026-07-04T08:24:48.445102,2026-07-04T09:09:48.445102,Zoom,no_show,2026-06-20T00:50:22.445118,968afaab-9fc3-43d8-aea9-de1b0845fb8c
02b719d3-13ce-404f-a019-08df82eb064f,7319bb38-0e1a-42a0-a1a3-c170af371232,af8e7df9-9ce7-4499-ab19-610e813af04b,c880d844-444d-4a36-a300-b84c59b552b1,83274ab0-a7b1-4c0c-bc66-ee31b0297108,Strategy Meeting,Meeting about contract negotiation,2026-05-16T16:39:59.445125,2026-05-16T17:09:59.445125,Teams,cancelled,2026-07-20T12:53:43.445142,968afaab-9fc3-43d8-aea9-de1b0845fb8c
bb6938ad-1206-442d-8c51-cb0426d10bd9,7319bb38-0e1a-42a0-a1a3-c170af371232,38b1938d-3cd4-479f-8f9c-d5fc4c1dd8fd,,,Team Standup,Meeting about onboarding session,2026-10-11T15:18:13.445151,2026-10-11T16:03:13.445151,Teams,completed,2025-12-23T14:01:26.445166,af8ae744-eaf6-49a6-9c7f-4f4aa9e503ee
87f0d044-942a-4e6b-a4d8-1cc281782f4f,7319bb38-0e1a-42a0-a1a3-c170af371232,af8ae744-eaf6-49a6-9c7f-4f4aa9e503ee,,4274a6a6-2332-42df-a9d0-ffe75991ab56,Strategy Meeting,Meeting about project update,2026-06-11T06:12:04.445172,2026-06-11T07:42:04.445172,Zoom,completed,2025-10-04T19:26:39.445188,af8ae744-eaf6-49a6-9c7f-4f4aa9e503ee
cdc2fa97-2da6-462a-8c20-a71d02a313e8,7319bb38-0e1a-42a0-a1a3-c170af371232,5b11e466-caa2-4b0d-ad40-becd33c6cbc2,,0c4c2ad3-a988-4b38-88db-50e2597d168f,Team Standup,Meeting about quarterly review,2026-08-05T01:02:32.445200,2026-08-05T03:02:32.445200,Zoom,no_show,2026-04-04T00:15:05.445217,0d1a00d8-532c-48b5-a0d5-e8f37068b7e8
bc011cc2-f05f-45a8-9ef4-6821be23c7d2,7319bb38-0e1a-42a0-a1a3-c170af371232,af8e7df9-9ce7-4499-ab19-610e813af04b,,,Quarterly Review,Meeting about quarterly review,2026-08-27T09:40:28.445223,2026-08-27T10:40:28.445223,Teams,no_show,2026-04-03T00:16:00.445238,638bfc6a-5a8b-4bf8-9f66-0c0d0744f19a
9ae5a226-02f0-43d6-a123-54240d13f34b,7319bb38-0e1a-42a0-a1a3-c170af371232,8ae3dae5-38cd-4160-84ef-5c590af0066c,9cc0cb06-95ec-4ff1-9872-1adf5af77fc2,,Quarterly Review,Meeting about support call,2026-10-15T06:34:55.445244,2026-10-15T07:19:55.445244,Google Meet,cancelled,2026-01-05T03:08:03.445260,aabd8828-4992-4138-a82c-82d2ace3e408
0e9edbd6-7fc7-4e26-9f8e-aa8477ea209e,7319bb38-0e1a-42a0-a1a3-c170af371232,af8e7df9-9ce7-4499-ab19-610e813af04b,5d65c4b5-1f55-4a3a-9027-266729850f35,,Training Workshop,Meeting about product demo,2026-08-11T04:58:04.445266,2026-08-11T05:13:04.445266,Zoom,completed,2026-07-28T21:32:31.445292,f6c1513d-8b13-441d-98bb-1a986c21400d
e8813c5b-2024-4814-aab3-468e6b16f53e,7319bb38-0e1a-42a0-a1a3-c170af371232,af8ae744-eaf6-49a6-9c7f-4f4aa9e503ee,,68b15a67-18d2-4974-9b78-79f67edf46b6,Strategy Meeting,Meeting about quarterly review,2026-08-18T09:06:08.445298,2026-08-18T09:21:08.445298,In Person,completed,2026-04-19T03:32:41.445314,968afaab-9fc3-43d8-aea9-de1b0845fb8c
ff31b222-7767-4d57-893e-093027c3bc08,7319bb38-0e1a-42a0-a1a3-c170af371232,af8ae744-eaf6-49a6-9c7f-4f4aa9e503ee,3f46e89b-2f17-4358-b4e4-40776a017d97,,Training Workshop,Meeting about strategy meeting,2026-09-16T00:07:02.445320,2026-09-16T01:07:02.445320,Phone,no_show,2025-11-12T13:46:39.445336,f6c1513d-8b13-441d-98bb-1a986c21400d
2ba135c7-4fcc-49ef-bbdc-0bbb45207473,7319bb38-0e1a-42a0-a1a3-c170af371232,96bb061b-9355-4d14-bab8-c5b59a63ac2a,,,Project Update,Meeting about client check-in,2026-10-26T08:03:37.445342,2026-10-26T08:48:37.445342,Zoom,scheduled,2026-05-19T06:42:57.445357,0d1a00d8-532c-48b5-a0d5-e8f37068b7e8
68789b24-03a9-412d-bde7-ea5497edff30,7319bb38-0e1a-42a0-a1a3-c170af371232,638bfc6a-5a8b-4bf8-9f66-0c0d0744f19a,7068625f-6235-4b7e-97aa-3e490d010f83,,Budget Review,Meeting about quarterly review,2026-07-12T10:45:26.445363,2026-07-12T11:15:26.445363,Zoom,completed,2026-01-25T10:57:52.445378,fd2fd60f-404e-41a6-95e7-9a06e7913261
3e02e236-3cb8-43c6-ad87-1abbe7ce6949,7319bb38-0e1a-42a0-a1a3-c170af371232,f6c1513d-8b13-441d-98bb-1a986c21400d,,6b15428e-d84b-46ad-b56f-b8c10ec3b25a,Onboarding Session,Meeting about budget review,2026-06-23T00:09:07.445385,2026-06-23T02:09:07.445385,Teams,completed,2025-09-08T08:09:50.445401,aabd8828-4992-4138-a82c-82d2ace3e408
164f60b2-a38c-4c41-b032-3f3140bbef69,7319bb38-0e1a-42a0-a1a3-c170af371232,fd2fd60f-404e-41a6-95e7-9a06e7913261,,,Performance Review,Meeting about team standup,2026-08-26T02:08:50.445407,2026-08-26T03:38:50.445407,In Person,no_show,2026-04-20T22:35:38.445421,38b1938d-3cd4-479f-8f9c-d5fc4c1dd8fd
1cb8b04a-7a0a-43d9-8119-2b9ffc96a457,7319bb38-0e1a-42a0-a1a3-c170af371232,ba4c6a8d-6e78-4532-82ad-fccefbf8ab96,1f4b2f22-3471-4ed7-b647-b49466be994b,,Onboarding Session,Meeting about performance review,2026-06-09T23:12:37.445431,2026-06-10T01:12:37.445431,Google Meet,scheduled,2026-07-06T08:32:25.445447,8ae3dae5-38cd-4160-84ef-5c590af0066c
c73998c1-3f94-4841-a0e4-2a372ca999b0,7319bb38-0e1a-42a0-a1a3-c170af371232,0d1a00d8-532c-48b5-a0d5-e8f37068b7e8,,,Product Demo,Meeting about sales call,2026-10-22T08:22:34.445453,2026-10-22T08:52:34.445453,Teams,completed,2025-10-22T23:55:30.445471,fd2fd60f-404e-41a6-95e7-9a06e7913261
a78a8a4c-2205-430e-83ac-bd03ef4d5dc4,7319bb38-0e1a-42a0-a1a3-c170af371232,968afaab-9fc3-43d8-aea9-de1b0845fb8c,,94a1777a-3787-4d1e-9409-5403e5db8423,Team Standup,Meeting about sales call,2026-07-02T09:30:19.445477,2026-07-02T10:15:19.445477,Teams,no_show,2026-07-08T07:46:40.445493,a3b11eec-7159-4649-ad03-75eeb3c9b04f
4d56c815-529a-416b-83b5-5d7d8b44b5b1,7319bb38-0e1a-42a0-a1a3-c170af371232,638bfc6a-5a8b-4bf8-9f66-0c0d0744f19a,6592f8ad-d050-4761-ae6a-f4734ab1dc64,,Product Demo,Meeting about team standup,2026-10-15T09:32:48.445499,2026-10-15T10:32:48.445499,Phone,cancelled,2026-07-16T23:37:25.445515,638bfc6a-5a8b-4bf8-9f66-0c0d0744f19a
0084bbd6-086a-461c-aab4-844ea2dcd856,7319bb38-0e1a-42a0-a1a3-c170af371232,af8e7df9-9ce7-4499-ab19-610e813af04b,cf48d015-6a77-4908-b437-9ed6377aa33f,,Partnership Discussion,Meeting about product demo,2026-10-07T17:52:56.445521,2026-10-07T18:22:56.445521,,completed,2026-01-18T23:29:54.445536,968afaab-9fc3-43d8-aea9-de1b0845fb8c
60f18785-114c-4557-a797-ef5493d2eab5,7319bb38-0e1a-42a0-a1a3-c170af371232,f6c1513d-8b13-441d-98bb-1a986c21400d,16326a4a-db52-4407-a8ba-a797a18a88be,,Onboarding Session,Meeting about onboarding session,2026-09-22T10:57:37.445543,2026-09-22T12:27:37.445543,,scheduled,2026-07-10T19:46:35.445558,af8e7df9-9ce7-4499-ab19-610e813af04b
94f1c856-8e6f-4867-9807-32f34329c97a,7319bb38-0e1a-42a0-a1a3-c170af371232,af8ae744-eaf6-49a6-9c7f-4f4aa9e503ee,abebd39c-a866-4bba-bae9-74bcf3780dd2,,Training Workshop,Meeting about sales call,2026-05-31T19:12:13.445564,2026-05-31T21:12:13.445564,,no_show,2026-06-25T14:22:40.445583,0d1a00d8-532c-48b5-a0d5-e8f37068b7e8
5dec9e54-1f21-47b8-bf7c-01c8d88a3f42,7319bb38-0e1a-42a0-a1a3-c170af371232,96bb061b-9355-4d14-bab8-c5b59a63ac2a,4a7f8427-02c0-4dfb-b6ba-2c9526ffa9c4,49092d4d-eed9-4a17-bfad-a9fe060c4e83,Board Meeting,Meeting about team standup,2026-06-03T20:57:13.445590,2026-06-03T21:27:13.445590,In Person,scheduled,2026-03-15T05:58:32.445607,aabd8828-4992-4138-a82c-82d2ace3e408
a8147440-ea08-42ba-9a0f-cf6d89eb532c,7319bb38-0e1a-42a0-a1a3-c170af371232,5b11e466-caa2-4b0d-ad40-becd33c6cbc2,cb298ef8-1d4d-4519-aae9-3657b1a26bc1,,Budget Review,Meeting about budget review,2026-07-28T03:16:09.445613,2026-07-28T05:16:09.445613,Google Meet,completed,2026-06-10T14:53:39.445629,aabd8828-4992-4138-a82c-82d2ace3e408
2699f2a7-cffc-4a33-a462-238e18d5002f,7319bb38-0e1a-42a0-a1a3-c170af371232,a3b11eec-7159-4649-ad03-75eeb3c9b04f,,,Client Check-in,Meeting about client check-in,2026-05-30T04:14:30.445635,2026-05-30T04:29:30.445635,Phone,no_show,2026-06-05T21:14:16.445656,968afaab-9fc3-43d8-aea9-de1b0845fb8c
3117503d-21ed-4b97-a3bb-f9a6724f95a1,7319bb38-0e1a-42a0-a1a3-c170af371232,38b1938d-3cd4-479f-8f9c-d5fc4c1dd8fd,ea2b3868-59a8-4929-a996-1fa9ff7c7e65,eb050259-4cd8-4fd7-868c-9c61caa05f35,Performance Review,Meeting about product demo,2026-09-21T06:05:13.445682,2026-09-21T08:05:13.445682,Teams,cancelled,2025-10-14T22:17:24.445700,a3b11eec-7159-4649-ad03-75eeb3c9b04f
e452b4f1-6969-443f-a4fa-36e8842c435a,7319bb38-0e1a-42a0-a1a3-c170af371232,38b1938d-3cd4-479f-8f9c-d5fc4c1dd8fd,,,Performance Review,Meeting about project update,2026-08-14T19:37:54.445706,2026-08-14T20:37:54.445706,In Person,no_show,2026-06-25T14:22:03.445721,0d1a00d8-532c-48b5-a0d5-e8f37068b7e8
9d64dba7-c843-4b74-8866-c8ffeae431c4,7319bb38-0e1a-42a0-a1a3-c170af371232,af8e7df9-9ce7-4499-ab19-610e813af04b,c3fdca52-e33e-4c61-accd-cfd524e384c2,7d2a40ee-f12d-4bd7-bd31-b210d632805b,Quarterly Review,Meeting about sales call,2026-05-10T19:07:53.445727,2026-05-10T21:07:53.445727,Google Meet,completed,2025-11-09T19:03:18.445744,96bb061b-9355-4d14-bab8-c5b59a63ac2a
06534f7f-8e76-499a-8391-e25aa72408c1,7319bb38-0e1a-42a0-a1a3-c170af371232,638bfc6a-5a8b-4bf8-9f66-0c0d0744f19a,220ee593-9fbc-4862-9aff-7c7ccf374ac6,e5553bd3-fc6c-4a20-80fa-d3960260b88e,Training Workshop,Meeting about team standup,2026-06-13T20:37:25.445750,2026-06-13T22:07:25.445750,,scheduled,2026-02-04T10:26:03.445766,0d1a00d8-532c-48b5-a0d5-e8f37068b7e8
73af0d28-ee8d-45b4-9487-e2a4b40f13da,7319bb38-0e1a-42a0-a1a3-c170af371232,fd2fd60f-404e-41a6-95e7-9a06e7913261,,57d7fff8-820e-4ba6-9250-6ab009ab6dd9,Budget Review,Meeting about onboarding session,2026-06-29T22:23:47.445773,2026-06-29T23:53:47.445773,Phone,no_show,2026-07-21T22:09:10.445788,96bb061b-9355-4d14-bab8-c5b59a63ac2a
3bb24cee-2556-4449-8b86-d39997e0f389,7319bb38-0e1a-42a0-a1a3-c170af371232,968afaab-9fc3-43d8-aea9-de1b0845fb8c,,,Sales Call,Meeting about budget review,2026-05-11T00:28:42.445794,2026-05-11T01:13:42.445794,Zoom,cancelled,2026-01-31T15:46:47.445809,fd2fd60f-404e-41a6-95e7-9a06e7913261
aa4197fe-9437-4df2-88ad-1bea8b55c03b,7319bb38-0e1a-42a0-a1a3-c170af371232,ba4c6a8d-6e78-4532-82ad-fccefbf8ab96,,f120f2a2-febe-4d16-8943-072ff6a19050,Contract Negotiation,Meeting about partnership discussion,2026-05-14T02:05:18.445814,2026-05-14T02:50:18.445814,Teams,no_show,2025-08-06T18:09:00.445830,af8ae744-eaf6-49a6-9c7f-4f4aa9e503ee
9cdfaae6-b0b4-4eb7-8895-5b7b2290a6dc,7319bb38-0e1a-42a0-a1a3-c170af371232,38b1938d-3cd4-479f-8f9c-d5fc4c1dd8fd,7258810f-f20e-4c46-96aa-25b9637638a0,e078120c-ea0c-4be8-878a-0c3f0f509fbc,Project Update,Meeting about product demo,2026-09-18T12:33:22.445836,2026-09-18T12:48:22.445836,Teams,no_show,2026-03-21T09:28:36.445853,af8e7df9-9ce7-4499-ab19-610e813af04b
fb536d4f-32a8-4c5b-9481-7673fdf5b8a0,7319bb38-0e1a-42a0-a1a3-c170af371232,ba4c6a8d-6e78-4532-82ad-fccefbf8ab96,,,Support Call,Meeting about strategy meeting,2026-06-15T07:11:53.445860,2026-06-15T07:41:53.445860,,scheduled,2026-04-11T23:09:12.445874,5b11e466-caa2-4b0d-ad40-becd33c6cbc2
cf9df9b1-5d03-4a11-a614-69940947e7fc,7319bb38-0e1a-42a0-a1a3-c170af371232,5b11e466-caa2-4b0d-ad40-becd33c6cbc2,,,Partnership Discussion,Meeting about training workshop,2026-06-30T05:40:06.445880,2026-06-30T07:10:06.445880,,cancelled,2025-10-16T02:01:40.445894,eaf0989b-5b56-4b72-9a32-2711e9c394ff
7164f906-f106-4668-a358-b0dd290e5888,7319bb38-0e1a-42a0-a1a3-c170af371232,af8e7df9-9ce7-4499-ab19-610e813af04b,47fdb6e4-a9bd-41ea-984e-d7f154c2f7a8,,Support Call,Meeting about training workshop,2026-05-12T00:19:37.445907,2026-05-12T01:19:37.445907,Teams,scheduled,2026-04-05T13:44:55.445924,5b11e466-caa2-4b0d-ad40-becd33c6cbc2
77450907-7808-4f96-8a1a-804821f3a09b,7319bb38-0e1a-42a0-a1a3-c170af371232,38b1938d-3cd4-479f-8f9c-d5fc4c1dd8fd,,,Quarterly Review,Meeting about sales call,2026-07-11T18:24:08.445931,2026-07-11T18:54:08.445931,,scheduled,2025-12-01T05:34:56.445945,a3b11eec-7159-4649-ad03-75eeb3c9b04f
0571acbd-c023-4250-a7f7-e51f9fc4ebce,7319bb38-0e1a-42a0-a1a3-c170af371232,968afaab-9fc3-43d8-aea9-de1b0845fb8c,b872a354-8f65-4aa7-896b-e89ee57ba99f,,Performance Review,Meeting about performance review,2026-07-14T12:50:44.445951,2026-07-14T13:35:44.445951,Teams,completed,2026-07-06T05:23:33.445967,0d1a00d8-532c-48b5-a0d5-e8f37068b7e8
133325c6-37c9-4eab-a7b3-8c4bd776204f,7319bb38-0e1a-42a0-a1a3-c170af371232,ba4c6a8d-6e78-4532-82ad-fccefbf8ab96,,34574d50-6a4a-4745-bea5-bed38486feac,Budget Review,Meeting about sales call,2026-10-24T18:11:41.445973,2026-10-24T20:11:41.445973,In Person,cancelled,2025-10-19T01:36:59.445989,5b11e466-caa2-4b0d-ad40-becd33c6cbc2
ff80d07a-a96b-4cd5-a387-0c4d200e79f5,7319bb38-0e1a-42a0-a1a3-c170af371232,af8e7df9-9ce7-4499-ab19-610e813af04b,,,Contract Negotiation,Meeting about partnership discussion,2026-10-17T04:06:40.445995,2026-10-17T05:36:40.445995,Zoom,scheduled,2026-03-07T12:58:31.446009,968afaab-9fc3-43d8-aea9-de1b0845fb8c
c29fffb3-32ce-404a-b688-b481ed612668,7319bb38-0e1a-42a0-a1a3-c170af371232,638bfc6a-5a8b-4bf8-9f66-0c0d0744f19a,,,Board Meeting,Meeting about support call,2026-07-27T13:19:53.446015,2026-07-27T13:49:53.446015,Phone,no_show,2026-03-20T06:11:36.446029,af8e7df9-9ce7-4499-ab19-610e813af04b
0abb05e5-8475-4d51-bb67-d05360dd598e,7319bb38-0e1a-42a0-a1a3-c170af371232,af8e7df9-9ce7-4499-ab19-610e813af04b,6612e9ea-ff09-45ff-8edd-ec8e4775591a,80f18fb3-94c5-4a3b-a6bd-86ed365ce32d,Support Call,Meeting about product demo,2026-07-25T00:54:23.446035,2026-07-25T01:24:23.446035,Teams,cancelled,2026-01-30T05:08:26.446052,968afaab-9fc3-43d8-aea9-de1b0845fb8c
7edeaf1f-0cde-43cc-ac71-0d7104c2088e,7319bb38-0e1a-42a0-a1a3-c170af371232,968afaab-9fc3-43d8-aea9-de1b0845fb8c,752cf138-d423-45f8-a1a4-825c7fc64d21,a18eebb9-b7cb-4bf0-81df-0d93e8932066,Contract Negotiation,Meeting about contract negotiation,2026-06-08T01:14:39.446058,2026-06-08T01:59:39.446058,In Person,no_show,2026-05-06T19:22:36.446105,638bfc6a-5a8b-4bf8-9f66-0c0d0744f19a
3f2eccd3-259d-4081-82ed-6c927d392591,7319bb38-0e1a-42a0-a1a3-c170af371232,96bb061b-9355-4d14-bab8-c5b59a63ac2a,06894bb4-03b8-473d-8fd8-291b55f0596d,9c5256ec-7908-4011-977c-f1cdcfb6fad0,Client Check-in,Meeting about board meeting,2026-08-23T20:14:19.446122,2026-08-23T20:59:19.446122,In Person,no_show,2026-08-03T18:51:22.446156,af8ae744-eaf6-49a6-9c7f-4f4aa9e503ee
201ec5fa-29ae-4310-ba72-f2af56653141,7319bb38-0e1a-42a0-a1a3-c170af371232,968afaab-9fc3-43d8-aea9-de1b0845fb8c,29d044e3-ea7d-4e32-83f1-63e61ce8be63,,Sales Call,Meeting about budget review,2026-09-07T17:55:41.446172,2026-09-07T18:10:41.446172,Zoom,cancelled,2026-04-01T02:45:35.446198,fd2fd60f-404e-41a6-95e7-9a06e7913261
c34dd6de-97e8-44ad-a3c8-3429597970a1,7319bb38-0e1a-42a0-a1a3-c170af371232,968afaab-9fc3-43d8-aea9-de1b0845fb8c,,,Board Meeting,Meeting about performance review,2026-06-12T18:54:35.446210,2026-06-12T20:24:35.446210,,cancelled,2026-04-02T11:41:01.446226,638bfc6a-5a8b-4bf8-9f66-0c0d0744f19a
0fb170f8-3a7c-4380-ad17-dd8ae409d3e6,7319bb38-0e1a-42a0-a1a3-c170af371232,5b11e466-caa2-4b0d-ad40-becd33c6cbc2,a0fc2fa0-a949-4fa2-80bb-c7e9f23f7fc6,,Product Demo,Meeting about performance review,2026-05-12T13:59:10.446233,2026-05-12T15:29:10.446233,,cancelled,2026-08-06T11:29:09.446249,8ae3dae5-38cd-4160-84ef-5c590af0066c
e59ff1dc-bed9-4835-9610-eb514ea96726,7319bb38-0e1a-42a0-a1a3-c170af371232,aabd8828-4992-4138-a82c-82d2ace3e408,,,Team Standup,Meeting about team standup,2026-07-12T08:46:40.446255,2026-07-12T10:16:40.446255,,scheduled,2026-05-22T14:31:10.446274,968afaab-9fc3-43d8-aea9-de1b0845fb8c
ffe3b1e9-0ab0-44c0-94d5-7afa7b1dfd67,7319bb38-0e1a-42a0-a1a3-c170af371232,5b11e466-caa2-4b0d-ad40-becd33c6cbc2,6aab92db-7904-4c50-8cd3-46e7f3cd26f1,,Support Call,Meeting about strategy meeting,2026-07-04T07:52:44.446280,2026-07-04T09:52:44.446280,Teams,no_show,2026-04-07T10:20:26.446299,638bfc6a-5a8b-4bf8-9f66-0c0d0744f19a
3a3c12c2-7aef-4f53-b979-7fe1c16e6e36,7319bb38-0e1a-42a0-a1a3-c170af371232,ba4c6a8d-6e78-4532-82ad-fccefbf8ab96,522b18a4-40fa-4635-ba6f-33a174788868,,Quarterly Review,Meeting about board meeting,2026-06-24T17:52:23.446306,2026-06-24T18:52:23.446306,Phone,no_show,2025-12-02T04:40:32.446323,8ae3dae5-38cd-4160-84ef-5c590af0066c
4f5c5815-69f1-47a8-a901-e729a9a1e36f,7319bb38-0e1a-42a0-a1a3-c170af371232,fd2fd60f-404e-41a6-95e7-9a06e7913261,79ec6bbb-567a-42b6-ab6b-d9850309d637,8272661e-85f2-4a2a-a2d5-a1b5b97b69eb,Partnership Discussion,Meeting about training workshop,2026-06-09T16:32:45.446329,2026-06-09T17:32:45.446329,Teams,scheduled,2025-11-04T07:41:14.446347,ba4c6a8d-6e78-4532-82ad-fccefbf8ab96
4c98cd73-9398-4027-a658-abf974687298,7319bb38-0e1a-42a0-a1a3-c170af371232,af8e7df9-9ce7-4499-ab19-610e813af04b,,,Contract Negotiation,Meeting about product demo,2026-08-07T01:55:52.446353,2026-08-07T02:10:52.446353,Teams,cancelled,2026-06-05T16:21:52.446371,eaf0989b-5b56-4b72-9a32-2711e9c394ff
553f3c68-8b65-450b-9107-dfa7186ba75a,7319bb38-0e1a-42a0-a1a3-c170af371232,aabd8828-4992-4138-a82c-82d2ace3e408,12aa09b9-ee3c-44ea-809a-5bc87e5bb3ef,,Client Check-in,Meeting about performance review,2026-07-03T03:24:38.446377,2026-07-03T03:39:38.446377,In Person,completed,2025-09-26T09:55:27.446394,38b1938d-3cd4-479f-8f9c-d5fc4c1dd8fd
7df498a3-f343-4e30-a2b2-e5ee2bd748a1,7319bb38-0e1a-42a0-a1a3-c170af371232,ba4c6a8d-6e78-4532-82ad-fccefbf8ab96,4ed9571a-0444-4262-964c-fbd265372f8f,,Client Check-in,Meeting about product demo,2026-09-22T23:53:42.446400,2026-09-23T01:53:42.446400,Teams,cancelled,2025-08-20T11:37:29.446416,638bfc6a-5a8b-4bf8-9f66-0c0d0744f19a
ff60fa71-6cbb-44e0-93e0-0fa77cbe7e82,7319bb38-0e1a-42a0-a1a3-c170af371232,38b1938d-3cd4-479f-8f9c-d5fc4c1dd8fd,,,Contract Negotiation,Meeting about contract negotiation,2026-09-23T12:02:09.446423,2026-09-23T13:32:09.446423,Phone,scheduled,2025-10-05T09:59:42.446438,af8ae744-eaf6-49a6-9c7f-4f4aa9e503ee
73302a75-0c06-42a3-89c4-66527f3e740e,7319bb38-0e1a-42a0-a1a3-c170af371232,38b1938d-3cd4-479f-8f9c-d5fc4c1dd8fd,42de0523-c7b2-4264-822f-f62c4e171a47,,Team Standup,Meeting about product demo,2026-09-10T17:14:35.446447,2026-09-10T18:14:35.446447,Zoom,completed,2026-05-12T23:53:14.446464,af8ae744-eaf6-49a6-9c7f-4f4aa9e503ee
4210b950-772e-4928-9653-30ae43043405,7319bb38-0e1a-42a0-a1a3-c170af371232,0d1a00d8-532c-48b5-a0d5-e8f37068b7e8,083e95d4-6ff4-41a2-ac38-f3fdf4aa984b,71f1b0e7-7f6f-4011-aa34-08720675e01a,Sales Call,Meeting about support call,2026-06-03T16:36:47.446470,2026-06-03T17:36:47.446470,In Person,scheduled,2025-09-17T15:37:50.446487,38b1938d-3cd4-479f-8f9c-d5fc4c1dd8fd
4d42db4d-9fed-4dbb-aa99-dff0293d2959,7319bb38-0e1a-42a0-a1a3-c170af371232,ba4c6a8d-6e78-4532-82ad-fccefbf8ab96,,34185384-9bd6-4a43-943b-f631f99f243f,Strategy Meeting,Meeting about team standup,2026-07-16T01:39:54.446493,2026-07-16T03:39:54.446493,Teams,completed,2026-06-30T05:28:14.446509,eaf0989b-5b56-4b72-9a32-2711e9c394ff
e3774faa-3575-4737-b824-7521aa33fb8e,7319bb38-0e1a-42a0-a1a3-c170af371232,af8ae744-eaf6-49a6-9c7f-4f4aa9e503ee,3263a949-3505-4fd8-976d-fa7090eb7289,6e7987f0-5634-45e4-99c9-5d7236768864,Sales Call,Meeting about product demo,2026-06-05T12:47:57.446515,2026-06-05T14:47:57.446515,,completed,2025-09-27T08:19:50.446533,a3b11eec-7159-4649-ad03-75eeb3c9b04f
1db9c3d1-f1d4-4130-be01-72aff5a0e3e1,7319bb38-0e1a-42a0-a1a3-c170af371232,5b11e466-caa2-4b0d-ad40-becd33c6cbc2,c479e4d8-ac62-4296-ba07-dca3778f3d61,,Quarterly Review,Meeting about partnership discussion,2026-08-20T05:30:25.446539,2026-08-20T06:15:25.446539,,no_show,2026-06-29T05:48:38.446555,eaf0989b-5b56-4b72-9a32-2711e9c394ff
ad2bf37b-dc98-48f0-b8e0-6c0121953630,7319bb38-0e1a-42a0-a1a3-c170af371232,a3b11eec-7159-4649-ad03-75eeb3c9b04f,ff905cd6-2d64-480b-a163-e640fc753324,,Contract Negotiation,Meeting about budget review,2026-06-18T18:21:16.446561,2026-06-18T20:21:16.446561,Google Meet,no_show,2025-11-10T07:03:26.446577,f6c1513d-8b13-441d-98bb-1a986c21400d
0f835f8c-c8de-4e72-ad14-0696a72c1776,7319bb38-0e1a-42a0-a1a3-c170af371232,af8ae744-eaf6-49a6-9c7f-4f4aa9e503ee,ad699bad-503d-47f5-ad42-31fe6227ae6e,f62c3bed-01a7-443a-bdda-fa260072e76f,Team Standup,Meeting about strategy meeting,2026-09-18T08:26:16.446583,2026-09-18T08:56:16.446583,,completed,2025-08-22T22:28:50.446599,8ae3dae5-38cd-4160-84ef-5c590af0066c
040a050c-a8ab-412c-8a39-07495e7d08be,7319bb38-0e1a-42a0-a1a3-c170af371232,a3b11eec-7159-4649-ad03-75eeb3c9b04f,,,Budget Review,Meeting about client check-in,2026-07-08T06:05:40.446605,2026-07-08T07:35:40.446605,Phone,completed,2026-07-11T15:25:20.446628,aabd8828-4992-4138-a82c-82d2ace3e408
d7186940-e1c6-4ae0-b06f-d5627f6a85ce,7319bb38-0e1a-42a0-a1a3-c170af371232,ba4c6a8d-6e78-4532-82ad-fccefbf8ab96,5a89e5df-57f2-48ad-9d7b-172a8c152a04,,Contract Negotiation,Meeting about strategy meeting,2026-06-25T09:40:43.446634,2026-06-25T10:25:43.446634,Zoom,cancelled,2026-04-22T10:11:42.446656,a3b11eec-7159-4649-ad03-75eeb3c9b04f
949806d3-d125-494a-ba86-f6464ca1c2c9,7319bb38-0e1a-42a0-a1a3-c170af371232,0d1a00d8-532c-48b5-a0d5-e8f37068b7e8,62bc5a21-b001-472b-967e-f73188248982,,Contract Negotiation,Meeting about team standup,2026-07-17T10:57:14.446663,2026-07-17T12:27:14.446663,,no_show,2026-03-22T20:28:52.446678,38b1938d-3cd4-479f-8f9c-d5fc4c1dd8fd
827728cc-70b5-4db7-b37f-ea38a8e5c1ed,7319bb38-0e1a-42a0-a1a3-c170af371232,968afaab-9fc3-43d8-aea9-de1b0845fb8c,583d4d9d-9c07-4e98-bbef-8a1b53dbc94f,7ff62c0e-bd59-4a2d-bd54-d73780e41e84,Quarterly Review,Meeting about budget review,2026-08-02T12:12:04.446688,2026-08-02T12:42:04.446688,,scheduled,2026-01-31T03:06:31.446705,a3b11eec-7159-4649-ad03-75eeb3c9b04f
c2016709-3f03-4438-b58b-7832b7f2efe9,7319bb38-0e1a-42a0-a1a3-c170af371232,5b11e466-caa2-4b0d-ad40-becd33c6cbc2,,,Product Demo,Meeting about quarterly review,2026-05-18T20:08:50.446712,2026-05-18T22:08:50.446712,,cancelled,2026-01-13T23:16:07.446726,38b1938d-3cd4-479f-8f9c-d5fc4c1dd8fd
6a47c6f9-fac9-4acf-8960-cf72d3949ae8,7319bb38-0e1a-42a0-a1a3-c170af371232,fd2fd60f-404e-41a6-95e7-9a06e7913261,,,Strategy Meeting,Meeting about contract negotiation,2026-07-15T22:23:28.446733,2026-07-15T22:53:28.446733,Google Meet,cancelled,2025-10-03T17:19:08.446748,96bb061b-9355-4d14-bab8-c5b59a63ac2a
568c7c5f-611b-4501-805a-2936a5dd9d1c,7319bb38-0e1a-42a0-a1a3-c170af371232,968afaab-9fc3-43d8-aea9-de1b0845fb8c,,22c86b50-0983-4a6e-8ed5-df4206f48a06,Performance Review,Meeting about contract negotiation,2026-08-19T12:08:21.446754,2026-08-19T13:08:21.446754,Teams,completed,2026-03-13T09:43:03.446769,fd2fd60f-404e-41a6-95e7-9a06e7913261
b72a564e-ad87-4027-9afd-7f9b63e60b37,7319bb38-0e1a-42a0-a1a3-c170af371232,5b11e466-caa2-4b0d-ad40-becd33c6cbc2,,652e088f-9881-40bd-9606-04d842b67bc6,Strategy Meeting,Meeting about team standup,2026-08-20T12:24:09.446775,2026-08-20T13:09:09.446775,Google Meet,no_show,2026-01-07T20:31:32.446792,af8e7df9-9ce7-4499-ab19-610e813af04b
5ac86ac8-a170-4219-bfa2-d89ecca03a8b,7319bb38-0e1a-42a0-a1a3-c170af371232,8ae3dae5-38cd-4160-84ef-5c590af0066c,e7c98717-f136-4afa-872b-6bcfebe51faf,448f9931-1d69-4b62-9258-d207bcdb51ce,Product Demo,Meeting about board meeting,2026-08-29T11:13:06.446798,2026-08-29T13:13:06.446798,,scheduled,2025-09-25T12:00:50.446815,638bfc6a-5a8b-4bf8-9f66-0c0d0744f19a
24562fdc-80b4-43a6-b34d-56a72c8a5b37,7319bb38-0e1a-42a0-a1a3-c170af371232,ba4c6a8d-6e78-4532-82ad-fccefbf8ab96,,b0a43766-58be-4fe6-b777-934b4156b516,Training Workshop,Meeting about budget review,2026-06-07T16:06:07.446821,2026-06-07T17:06:07.446821,,no_show,2026-08-03T00:40:05.446836,0d1a00d8-532c-48b5-a0d5-e8f37068b7e8
2925edb6-c841-4774-9f1f-672fe4293b92,7319bb38-0e1a-42a0-a1a3-c170af371232,ba4c6a8d-6e78-4532-82ad-fccefbf8ab96,30569a0f-caa8-442c-9f4a-f66990b89250,,Performance Review,Meeting about board meeting,2026-05-19T11:43:24.446842,2026-05-19T13:13:24.446842,,no_show,2025-09-09T22:00:43.446857,8ae3dae5-38cd-4160-84ef-5c590af0066c
eb59895a-b3af-4364-b4ad-97182b32b4d8,7319bb38-0e1a-42a0-a1a3-c170af371232,96bb061b-9355-4d14-bab8-c5b59a63ac2a,a2f7f380-cd54-4939-b3c3-58c975599cf7,,Board Meeting,Meeting about partnership discussion,2026-10-12T09:54:14.446864,2026-10-12T11:54:14.446864,Teams,scheduled,2025-10-04T05:47:46.446879,f6c1513d-8b13-441d-98bb-1a986c21400d
b5cd58b3-d0de-433c-b99d-dcb0206834e0,7319bb38-0e1a-42a0-a1a3-c170af371232,ba4c6a8d-6e78-4532-82ad-fccefbf8ab96,dba6aff9-0ed3-407c-9e53-9ea6c786293e,,Performance Review,Meeting about sales call,2026-08-05T16:06:01.446885,2026-08-05T16:51:01.446885,,no_show,2026-04-27T15:34:14.446901,968afaab-9fc3-43d8-aea9-de1b0845fb8c
0aeb90b7-55dd-43a0-90b3-f8a1de5337c6,7319bb38-0e1a-42a0-a1a3-c170af371232,f6c1513d-8b13-441d-98bb-1a986c21400d,,e5b3afae-0b66-4d1a-b94b-9acd9dbf5a19,Team Standup,Meeting about onboarding session,2026-07-16T02:38:39.446913,2026-07-16T02:53:39.446913,,no_show,2025-11-05T01:40:18.446930,eaf0989b-5b56-4b72-9a32-2711e9c394ff
22c41b05-e5dd-4b32-806c-ffe954576922,7319bb38-0e1a-42a0-a1a3-c170af371232,5b11e466-caa2-4b0d-ad40-becd33c6cbc2,,92f03601-885c-448e-829f-3da15e643c3f,Onboarding Session,Meeting about team standup,2026-05-11T18:18:11.446940,2026-05-11T19:48:11.446940,Phone,completed,2025-10-12T17:01:09.446956,8ae3dae5-38cd-4160-84ef-5c590af0066c
399c9bea-5398-4dcd-87a1-b2dbb8975111,7319bb38-0e1a-42a0-a1a3-c170af371232,eaf0989b-5b56-4b72-9a32-2711e9c394ff,,,Contract Negotiation,Meeting about quarterly review,2026-08-01T09:09:18.446962,2026-08-01T10:09:18.446962,,scheduled,2025-09-11T05:44:34.446977,8ae3dae5-38cd-4160-84ef-5c590af0066c
4fcb73e9-7094-4da5-b884-1fc1f965093a,7319bb38-0e1a-42a0-a1a3-c170af371232,38b1938d-3cd4-479f-8f9c-d5fc4c1dd8fd,aabef4c4-923a-48d1-9e67-66d5a511da87,,Sales Call,Meeting about onboarding session,2026-07-01T01:23:30.446983,2026-07-01T01:53:30.446983,In Person,cancelled,2026-02-10T06:20:20.447000,af8e7df9-9ce7-4499-ab19-610e813af04b
d8e2ac70-bb20-49b3-8121-0545fa9d955f,7319bb38-0e1a-42a0-a1a3-c170af371232,fd2fd60f-404e-41a6-95e7-9a06e7913261,,,Training Workshop,Meeting about product demo,2026-06-01T01:09:13.447006,2026-06-01T01:24:13.447006,Teams,cancelled,2026-07-10T17:37:13.447021,aabd8828-4992-4138-a82c-82d2ace3e408
8d1462df-ef6d-45a0-bb78-d5cbd85f6c82,7319bb38-0e1a-42a0-a1a3-c170af371232,968afaab-9fc3-43d8-aea9-de1b0845fb8c,,,Project Update,Meeting about board meeting,2026-08-29T03:49:43.447027,2026-08-29T04:34:43.447027,Phone,cancelled,2026-05-05T14:09:52.447042,638bfc6a-5a8b-4bf8-9f66-0c0d0744f19a
a74233dd-6563-4e6c-9dc6-fc0d3fc34bd6,7319bb38-0e1a-42a0-a1a3-c170af371232,aabd8828-4992-4138-a82c-82d2ace3e408,,,Board Meeting,Meeting about client check-in,2026-07-29T04:45:20.447048,2026-07-29T05:15:20.447048,Zoom,cancelled,2026-05-06T21:47:05.447063,af8ae744-eaf6-49a6-9c7f-4f4aa9e503ee
0a761108-9268-46e3-b1ef-736a53ebf4bc,7319bb38-0e1a-42a0-a1a3-c170af371232,af8ae744-eaf6-49a6-9c7f-4f4aa9e503ee,b3bc24d7-0184-48aa-ba84-2f50e25c9e31,,Board Meeting,Meeting about project update,2026-07-08T13:43:58.447069,2026-07-08T14:43:58.447069,Zoom,scheduled,2026-05-14T15:18:00.447086,eaf0989b-5b56-4b72-9a32-2711e9c394ff
1bac293c-f63b-4c54-bd54-79e63785231c,7319bb38-0e1a-42a0-a1a3-c170af371232,38b1938d-3cd4-479f-8f9c-d5fc4c1dd8fd,,,Project Update,Meeting about client check-in,2026-08-08T05:01:26.447092,2026-08-08T06:31:26.447092,In Person,no_show,2025-09-30T16:06:51.447107,38b1938d-3cd4-479f-8f9c-d5fc4c1dd8fd
04aab4f0-cda5-4a22-92e1-c18688ce2b6d,7319bb38-0e1a-42a0-a1a3-c170af371232,af8ae744-eaf6-49a6-9c7f-4f4aa9e503ee,,70b48c83-47d2-48f8-9314-7c0ece6799f7,Performance Review,Meeting about product demo,2026-07-25T23:03:55.447113,2026-07-25T23:48:55.447113,,cancelled,2025-11-19T04:50:05.447129,ba4c6a8d-6e78-4532-82ad-fccefbf8ab96
3867be13-bdf7-45cb-92b0-fe1b50075088,7319bb38-0e1a-42a0-a1a3-c170af371232,f6c1513d-8b13-441d-98bb-1a986c21400d,bfab6e3d-5a45-47ba-bc73-17b80de19e26,,Team Standup,Meeting about quarterly review,2026-09-13T07:52:54.447141,2026-09-13T08:22:54.447141,Phone,completed,2026-06-04T06:57:27.447165,38b1938d-3cd4-479f-8f9c-d5fc4c1dd8fd
2a111fbd-6c0b-4ff2-a7c3-79830c5a8e6e,7319bb38-0e1a-42a0-a1a3-c170af371232,96bb061b-9355-4d14-bab8-c5b59a63ac2a,,,Training Workshop,Meeting about contract negotiation,2026-10-05T05:05:14.447171,2026-10-05T05:35:14.447171,Phone,completed,2026-05-01T03:23:32.447190,0d1a00d8-532c-48b5-a0d5-e8f37068b7e8
72298e34-a77b-4396-81cc-9ac853227e0f,7319bb38-0e1a-42a0-a1a3-c170af371232,ba4c6a8d-6e78-4532-82ad-fccefbf8ab96,,,Onboarding Session,Meeting about project update,2026-11-04T20:39:37.447222,2026-11-04T21:39:37.447222,In Person,scheduled,2026-07-28T18:37:08.447253,ba4c6a8d-6e78-4532-82ad-fccefbf8ab96
90deab28-1d8b-4b5d-aabf-d0c555431410,7319bb38-0e1a-42a0-a1a3-c170af371232,8ae3dae5-38cd-4160-84ef-5c590af0066c,16cd21b5-5e86-4825-871e-c46e8a26a610,,Client Check-in,Meeting about support call,2026-06-26T21:47:03.447268,2026-06-26T22:32:03.447268,Phone,no_show,2026-03-01T12:40:18.447301,8ae3dae5-38cd-4160-84ef-5c590af0066c
f1efb195-4ce2-4202-996e-fef98877cbb0,7319bb38-0e1a-42a0-a1a3-c170af371232,af8ae744-eaf6-49a6-9c7f-4f4aa9e503ee,a9072291-740e-4762-a959-ed5cc9b1f9e3,d8347f55-5e3f-4b8a-9017-613a9d5e3ff7,Quarterly Review,Meeting about performance review,2026-10-07T17:07:49.447330,2026-10-07T18:37:49.447330,Teams,cancelled,2026-03-10T11:30:06.447377,8ae3dae5-38cd-4160-84ef-5c590af0066c
f650a640-b677-4094-b219-2e40d6175463,7319bb38-0e1a-42a0-a1a3-c170af371232,38b1938d-3cd4-479f-8f9c-d5fc4c1dd8fd,3c7d1399-b94f-4c57-8d9d-fc06a0d8d224,,Team Standup,Meeting about team standup,2026-08-26T04:25:53.447386,2026-08-26T05:25:53.447386,Phone,scheduled,2025-11-15T04:24:57.447404,38b1938d-3cd4-479f-8f9c-d5fc4c1dd8fd
509a64e8-170c-492f-b580-f7b42408b334,7319bb38-0e1a-42a0-a1a3-c170af371232,a3b11eec-7159-4649-ad03-75eeb3c9b04f,,,Support Call,Meeting about performance review,2026-10-31T23:27:47.447410,2026-11-01T00:57:47.447410,,cancelled,2026-01-15T07:12:36.447426,fd2fd60f-404e-41a6-95e7-9a06e7913261
c9ac30c5-46a5-45b8-8f71-7aa192b2511d,7319bb38-0e1a-42a0-a1a3-c170af371232,968afaab-9fc3-43d8-aea9-de1b0845fb8c,,b0bfe290-31fa-4739-a456-f936907de1fa,Partnership Discussion,Meeting about client check-in,2026-05-26T06:46:22.447432,2026-05-26T08:46:22.447432,In Person,cancelled,2026-06-13T09:09:13.447448,fd2fd60f-404e-41a6-95e7-9a06e7913261
f5ac1071-2dfc-4797-8a35-d8f56f0e2516,7319bb38-0e1a-42a0-a1a3-c170af371232,8ae3dae5-38cd-4160-84ef-5c590af0066c,,,Onboarding Session,Meeting about budget review,2026-05-29T07:47:24.447455,2026-05-29T08:32:24.447455,Zoom,completed,2026-05-05T09:49:34.447470,5b11e466-caa2-4b0d-ad40-becd33c6cbc2
1e32b398-8a62-42a2-9cd3-fe0deaf79101,7319bb38-0e1a-42a0-a1a3-c170af371232,ba4c6a8d-6e78-4532-82ad-fccefbf8ab96,4d62fe81-816c-4c64-adbd-7270b8530b71,,Partnership Discussion,Meeting about strategy meeting,2026-10-31T01:52:15.447476,2026-10-31T03:22:15.447476,In Person,cancelled,2026-07-06T11:59:07.447493,a3b11eec-7159-4649-ad03-75eeb3c9b04f
93d633ad-7c06-4f06-b033-5bc40c9daf2a,7319bb38-0e1a-42a0-a1a3-c170af371232,af8e7df9-9ce7-4499-ab19-610e813af04b,,,Board Meeting,Meeting about quarterly review,2026-10-15T13:10:44.447502,2026-10-15T13:55:44.447502,In Person,scheduled,2026-05-15T22:45:43.447518,af8e7df9-9ce7-4499-ab19-610e813af04b
04fc437e-2a5e-44f3-aae9-0db1b1b8ba44,7319bb38-0e1a-42a0-a1a3-c170af371232,968afaab-9fc3-43d8-aea9-de1b0845fb8c,5684f685-54cd-4438-b691-88289675e77f,,Team Standup,Meeting about board meeting,2026-06-03T15:39:42.447524,2026-06-03T17:09:42.447524,In Person,completed,2025-11-29T02:11:43.447541,96bb061b-9355-4d14-bab8-c5b59a63ac2a
70a0f35d-559a-47f5-9772-39c1b95a9983,7319bb38-0e1a-42a0-a1a3-c170af371232,aabd8828-4992-4138-a82c-82d2ace3e408,,,Quarterly Review,Meeting about board meeting,2026-09-30T04:42:53.447547,2026-09-30T05:27:53.447547,Google Meet,scheduled,2026-03-03T14:06:06.447563,96bb061b-9355-4d14-bab8-c5b59a63ac2a
6ab5e7ef-b526-47b2-a21b-5cf5ef15cf50,7319bb38-0e1a-42a0-a1a3-c170af371232,fd2fd60f-404e-41a6-95e7-9a06e7913261,7d01787f-19f2-4e2b-82c0-eb2880f19486,,Team Standup,Meeting about partnership discussion,2026-05-25T21:51:41.447569,2026-05-25T23:21:41.447569,,scheduled,2026-07-06T07:12:06.447585,0d1a00d8-532c-48b5-a0d5-e8f37068b7e8
fbaab0ca-291a-4a7a-b042-6dc8c207d16c,7319bb38-0e1a-42a0-a1a3-c170af371232,ba4c6a8d-6e78-4532-82ad-fccefbf8ab96,,147abeb9-1c20-4af8-9c10-a2e4149d0062,Training Workshop,Meeting about strategy meeting,2026-10-14T05:12:27.447591,2026-10-14T05:27:27.447591,Phone,cancelled,2026-06-29T13:55:08.447607,eaf0989b-5b56-4b72-9a32-2711e9c394ff
b7274028-6526-43de-aabb-ca7e2269cd73,7319bb38-0e1a-42a0-a1a3-c170af371232,af8e7df9-9ce7-4499-ab19-610e813af04b,847212f4-69d5-4610-957b-3e2c52661fe6,,Strategy Meeting,Meeting about support call,2026-07-31T10:23:16.447613,2026-07-31T11:23:16.447613,Phone,completed,2026-02-21T05:04:59.447630,af8e7df9-9ce7-4499-ab19-610e813af04b
76a07f6f-b450-4315-9738-7fd6cfd25f6c,7319bb38-0e1a-42a0-a1a3-c170af371232,ba4c6a8d-6e78-4532-82ad-fccefbf8ab96,7cb51c12-6f6a-4796-8064-6b1d0b07d117,,Product Demo,Meeting about project update,2026-09-13T21:00:11.447636,2026-09-13T21:45:11.447636,Google Meet,cancelled,2026-08-01T10:05:27.447677,ba4c6a8d-6e78-4532-82ad-fccefbf8ab96
a044bbba-6ea9-4141-b66d-96f72473f8fb,7319bb38-0e1a-42a0-a1a3-c170af371232,af8ae744-eaf6-49a6-9c7f-4f4aa9e503ee,2c11dc85-9128-4b42-9625-273c0076695f,,Strategy Meeting,Meeting about support call,2026-08-12T06:03:25.447684,2026-08-12T07:03:25.447684,Google Meet,scheduled,2026-06-29T18:26:29.447703,f6c1513d-8b13-441d-98bb-1a986c21400d
8fbdf0ee-1c9f-4b5e-8735-cfc7c29f0e19,7319bb38-0e1a-42a0-a1a3-c170af371232,fd2fd60f-404e-41a6-95e7-9a06e7913261,,7d6027c6-bcc8-4be4-ac13-44dbbf166a1b,Performance Review,Meeting about board meeting,2026-06-22T08:06:31.447710,2026-06-22T08:51:31.447710,In Person,completed,2026-06-04T22:21:04.447726,0d1a00d8-532c-48b5-a0d5-e8f37068b7e8
cd1f4967-a53f-4e6f-a661-21f6e65acb3d,7319bb38-0e1a-42a0-a1a3-c170af371232,0d1a00d8-532c-48b5-a0d5-e8f37068b7e8,,3a9e7324-a343-4de6-961e-268a99af2dac,Contract Negotiation,Meeting about contract negotiation,2026-08-18T18:25:28.447733,2026-08-18T18:40:28.447733,In Person,no_show,2025-09-20T22:00:38.447748,fd2fd60f-404e-41a6-95e7-9a06e7913261
85c0d6ad-27b8-4dd4-a5f4-46b52a183e0f,7319bb38-0e1a-42a0-a1a3-c170af371232,eaf0989b-5b56-4b72-9a32-2711e9c394ff,,,Training Workshop,Meeting about onboarding session,2026-08-08T08:15:01.447815,2026-08-08T09:15:01.447815,Teams,completed,2026-07-20T07:14:17.447836,38b1938d-3cd4-479f-8f9c-d5fc4c1dd8fd
2f551f1c-2ce9-46d4-ac49-ab621b8a8c66,7319bb38-0e1a-42a0-a1a3-c170af371232,0d1a00d8-532c-48b5-a0d5-e8f37068b7e8,,,Partnership Discussion,Meeting about performance review,2026-07-29T07:08:51.447843,2026-07-29T08:38:51.447843,In Person,no_show,2026-03-26T09:52:02.447858,a3b11eec-7159-4649-ad03-75eeb3c9b04f
f2982d77-9772-45ee-b66d-23dd047fa1ca,7319bb38-0e1a-42a0-a1a3-c170af371232,638bfc6a-5a8b-4bf8-9f66-0c0d0744f19a,,,Support Call,Meeting about quarterly review,2026-05-18T10:28:34.447864,2026-05-18T11:58:34.447864,Phone,cancelled,2025-09-07T12:03:50.447880,96bb061b-9355-4d14-bab8-c5b59a63ac2a
6848e349-b2ec-4c32-a9a0-dea2822160a0,7319bb38-0e1a-42a0-a1a3-c170af371232,5b11e466-caa2-4b0d-ad40-becd33c6cbc2,bd3a7b7a-d0ae-4489-a8aa-51f8abb1d656,,Product Demo,Meeting about performance review,2026-06-28T07:10:24.447886,2026-06-28T08:40:24.447886,Google Meet,completed,2026-02-23T01:00:04.447902,638bfc6a-5a8b-4bf8-9f66-0c0d0744f19a
36936ce2-1ec9-4076-bcb6-2c56729cf3b0,7319bb38-0e1a-42a0-a1a3-c170af371232,a3b11eec-7159-4649-ad03-75eeb3c9b04f,47c3ba94-b494-4e64-801b-eddb29056cc6,,Contract Negotiation,Meeting about partnership discussion,2026-10-22T05:49:58.447908,2026-10-22T07:49:58.447908,In Person,no_show,2025-12-08T02:21:59.447924,968afaab-9fc3-43d8-aea9-de1b0845fb8c
7c7de832-a351-4d30-950e-c7dfd5945fd0,7319bb38-0e1a-42a0-a1a3-c170af371232,0d1a00d8-532c-48b5-a0d5-e8f37068b7e8,54da1bf1-cd49-4452-997d-fa7c3e71f0ec,7d2a40ee-f12d-4bd7-bd31-b210d632805b,Performance Review,Meeting about onboarding session,2026-07-07T02:45:13.447931,2026-07-07T03:15:13.447931,Teams,cancelled,2025-10-28T07:47:23.447971,aabd8828-4992-4138-a82c-82d2ace3e408
abd6ffd8-f701-439c-9b9e-a28e84cf9b55,7319bb38-0e1a-42a0-a1a3-c170af371232,eaf0989b-5b56-4b72-9a32-2711e9c394ff,1eede66e-ee71-4d08-a29d-65ee218fac18,a0ebf92e-d006-41bc-aaa5-43f6b6f33953,Training Workshop,Meeting about support call,2026-09-17T08:54:48.447985,2026-09-17T09:54:48.447985,Zoom,completed,2025-10-16T13:39:40.448024,af8ae744-eaf6-49a6-9c7f-4f4aa9e503ee
a7b3b0f6-acf9-40b1-9c8f-85b0a11c2541,7319bb38-0e1a-42a0-a1a3-c170af371232,a3b11eec-7159-4649-ad03-75eeb3c9b04f,befec77d-e921-4085-b728-5ee64d32ff83,,Board Meeting,Meeting about product demo,2026-08-05T13:36:40.448034,2026-08-05T14:06:40.448034,Zoom,no_show,2026-01-19T05:06:45.448069,5b11e466-caa2-4b0d-ad40-becd33c6cbc2
caf15c21-04fe-4e68-9fba-ee0715ccb9b7,7319bb38-0e1a-42a0-a1a3-c170af371232,a3b11eec-7159-4649-ad03-75eeb3c9b04f,e7c98717-f136-4afa-872b-6bcfebe51faf,,Support Call,Meeting about quarterly review,2026-10-01T07:37:22.448085,2026-10-01T09:37:22.448085,Phone,no_show,2025-08-17T08:25:39.448125,8ae3dae5-38cd-4160-84ef-5c590af0066c
7a809737-bd97-4c47-ab3d-314d3e234954,7319bb38-0e1a-42a0-a1a3-c170af371232,5b11e466-caa2-4b0d-ad40-becd33c6cbc2,a63b4743-7f7d-4e89-97ee-581f23634211,,Support Call,Meeting about strategy meeting,2026-06-21T08:24:05.448144,2026-06-21T09:24:05.448144,Zoom,scheduled,2026-07-29T23:18:51.448191,638bfc6a-5a8b-4bf8-9f66-0c0d0744f19a
0b64584e-1c98-4f4a-a643-e4e1e488a0b1,7319bb38-0e1a-42a0-a1a3-c170af371232,968afaab-9fc3-43d8-aea9-de1b0845fb8c,,,Partnership Discussion,Meeting about client check-in,2026-06-03T12:03:22.448211,2026-06-03T13:03:22.448211,,no_show,2026-04-10T08:09:13.448237,638bfc6a-5a8b-4bf8-9f66-0c0d0744f19a
bac4b98a-3824-4a09-bd15-d2aabcc1cc74,7319bb38-0e1a-42a0-a1a3-c170af371232,eaf0989b-5b56-4b72-9a32-2711e9c394ff,,,Quarterly Review,Meeting about partnership discussion,2026-07-20T08:09:31.448246,2026-07-20T08:39:31.448246,Zoom,completed,2025-10-20T04:24:00.448270,a3b11eec-7159-4649-ad03-75eeb3c9b04f
b70b8d00-8e66-4398-b445-9a5409fd3483,7319bb38-0e1a-42a0-a1a3-c170af371232,af8e7df9-9ce7-4499-ab19-610e813af04b,71d9c125-8cfe-45b2-986a-3287687d6113,,Strategy Meeting,Meeting about board meeting,2026-08-18T00:54:59.448279,2026-08-18T02:24:59.448279,In Person,no_show,2025-12-22T07:36:47.448315,968afaab-9fc3-43d8-aea9-de1b0845fb8c
02780527-4fcf-482e-ae74-f64e10ee10e2,7319bb38-0e1a-42a0-a1a3-c170af371232,aabd8828-4992-4138-a82c-82d2ace3e408,,7feddacb-6dc0-4642-beef-439ccff6d242,Sales Call,Meeting about onboarding session,2026-09-27T09:56:52.448328,2026-09-27T11:56:52.448328,Google Meet,completed,2026-02-08T06:48:08.448353,5b11e466-caa2-4b0d-ad40-becd33c6cbc2
c9c0825a-8551-4be6-9b8c-7f159352937b,7319bb38-0e1a-42a0-a1a3-c170af371232,638bfc6a-5a8b-4bf8-9f66-0c0d0744f19a,,,Board Meeting,Meeting about onboarding session,2026-09-03T04:40:18.448363,2026-09-03T05:10:18.448363,Phone,completed,2025-08-29T17:43:33.448385,f6c1513d-8b13-441d-98bb-1a986c21400d
826a063a-0157-45d8-a2e5-76f95750f6fe,7319bb38-0e1a-42a0-a1a3-c170af371232,0d1a00d8-532c-48b5-a0d5-e8f37068b7e8,f205cd29-71ee-4f09-9514-f412f5553858,e2d3ba0f-a2ba-4307-b0d1-4b6cd365eab9,Contract Negotiation,Meeting about onboarding session,2026-06-11T20:27:56.448394,2026-06-11T21:27:56.448394,Phone,completed,2025-10-20T20:11:21.448440,8ae3dae5-38cd-4160-84ef-5c590af0066c
ed194e2e-8976-4ca1-bf1c-271225ec122c,7319bb38-0e1a-42a0-a1a3-c170af371232,5b11e466-caa2-4b0d-ad40-becd33c6cbc2,9c06ab2d-b1d7-4925-b36e-764b1a60cb0a,60df0fae-aef0-4ea5-94cb-edca05f82224,Quarterly Review,Meeting about product demo,2026-08-23T17:07:09.448450,2026-08-23T17:52:09.448450,Zoom,no_show,2026-02-05T16:25:36.448474,eaf0989b-5b56-4b72-9a32-2711e9c394ff
f59806c1-39b4-43cf-9633-1a10f6f6da64,7319bb38-0e1a-42a0-a1a3-c170af371232,f6c1513d-8b13-441d-98bb-1a986c21400d,,,Board Meeting,Meeting about onboarding session,2026-07-31T11:05:56.448483,2026-07-31T12:35:56.448483,,no_show,2026-07-09T17:31:20.448505,f6c1513d-8b13-441d-98bb-1a986c21400d
1d8ccefb-4732-44a8-a41c-812257c1f8b1,7319bb38-0e1a-42a0-a1a3-c170af371232,fd2fd60f-404e-41a6-95e7-9a06e7913261,,ac54c3d3-c8d6-4084-b242-f90d498c88e9,Support Call,Meeting about team standup,2026-09-09T11:18:16.448513,2026-09-09T12:18:16.448513,Phone,scheduled,2025-12-10T06:45:13.448536,ba4c6a8d-6e78-4532-82ad-fccefbf8ab96
335ed1ed-52d4-4460-8c25-d3cfa164f7a4,7319bb38-0e1a-42a0-a1a3-c170af371232,5b11e466-caa2-4b0d-ad40-becd33c6cbc2,,,Board Meeting,Meeting about training workshop,2026-10-23T22:26:35.448546,2026-10-23T22:41:35.448546,Zoom,scheduled,2026-06-09T07:25:39.448567,0d1a00d8-532c-48b5-a0d5-e8f37068b7e8
5104013f-41a2-4cf9-a92a-878175185340,7319bb38-0e1a-42a0-a1a3-c170af371232,f6c1513d-8b13-441d-98bb-1a986c21400d,0bc95aa0-e417-47ce-8f59-bde1569bd42b,08831b95-0761-4104-8f1b-54b9e0207e75,Team Standup,Meeting about product demo,2026-10-18T00:00:32.448582,2026-10-18T00:15:32.448582,In Person,no_show,2026-06-28T15:02:42.448615,8ae3dae5-38cd-4160-84ef-5c590af0066c
dda601e5-29b8-4b9b-9259-ca65b660878d,7319bb38-0e1a-42a0-a1a3-c170af371232,0d1a00d8-532c-48b5-a0d5-e8f37068b7e8,f5f130bf-a969-4562-97e8-c26d412e57ea,,Product Demo,Meeting about sales call,2026-09-11T20:03:40.448632,2026-09-11T21:03:40.448632,Google Meet,scheduled,2025-12-07T04:53:21.448672,af8e7df9-9ce7-4499-ab19-610e813af04b
55821288-0d92-487d-9347-7d1b86d71526,7319bb38-0e1a-42a0-a1a3-c170af371232,968afaab-9fc3-43d8-aea9-de1b0845fb8c,,,Team Standup,Meeting about project update,2026-06-11T11:36:05.448682,2026-06-11T12:06:05.448682,Zoom,completed,2025-12-22T03:30:43.448705,a3b11eec-7159-4649-ad03-75eeb3c9b04f
7178422f-cd7c-4482-bbcf-dfcdcd02e798,7319bb38-0e1a-42a0-a1a3-c170af371232,0d1a00d8-532c-48b5-a0d5-e8f37068b7e8,88e08883-1623-4a94-b19e-7a6a0f3eb3f2,1cb87396-aca3-4050-a3dc-9f77b7c354ce,Team Standup,Meeting about onboarding session,2026-06-10T15:30:57.448715,2026-06-10T17:00:57.448715,Zoom,no_show,2026-01-17T09:57:14.448739,638bfc6a-5a8b-4bf8-9f66-0c0d0744f19a
6f67e493-b6ee-497b-a004-e73d910c3b9b,7319bb38-0e1a-42a0-a1a3-c170af371232,8ae3dae5-38cd-4160-84ef-5c590af0066c,,8df90522-5c50-4e00-af3b-7ae95fc809ea,Team Standup,Meeting about team standup,2026-05-12T23:52:46.448749,2026-05-13T00:37:46.448749,,no_show,2026-03-08T13:31:11.448772,a3b11eec-7159-4649-ad03-75eeb3c9b04f
d2489376-1f69-4a41-9bf0-41062c81dc21,7319bb38-0e1a-42a0-a1a3-c170af371232,96bb061b-9355-4d14-bab8-c5b59a63ac2a,fcac05cb-436e-46c0-8980-27fb0bdc1b81,239b4499-f591-4b5b-a3a6-00acd49eef19,Quarterly Review,Meeting about sales call,2026-09-29T09:55:20.448781,2026-09-29T10:25:20.448781,In Person,scheduled,2026-01-11T08:00:45.448807,aabd8828-4992-4138-a82c-82d2ace3e408
491878a6-653c-4870-9aeb-2d2bd1274d72,7319bb38-0e1a-42a0-a1a3-c170af371232,968afaab-9fc3-43d8-aea9-de1b0845fb8c,73ca5c34-1195-4faf-bd79-56ca851001f4,00b70e07-0edc-4252-8974-bc99a3b1101c,Support Call,Meeting about client check-in,2026-07-29T19:41:12.448816,2026-07-29T21:11:12.448816,Google Meet,no_show,2026-05-21T09:59:29.448851,638bfc6a-5a8b-4bf8-9f66-0c0d0744f19a
4a82cddb-c747-4ebc-8efa-b51bdc397479,7319bb38-0e1a-42a0-a1a3-c170af371232,638bfc6a-5a8b-4bf8-9f66-0c0d0744f19a,5c72dc1e-135c-4297-83af-8e4a27315c0a,,Board Meeting,Meeting about training workshop,2026-06-12T18:05:51.448862,2026-06-12T18:20:51.448862,Phone,cancelled,2026-04-14T11:59:36.448898,96bb061b-9355-4d14-bab8-c5b59a63ac2a
20c22f7a-614d-47a0-827a-2bfbcfd3dba7,7319bb38-0e1a-42a0-a1a3-c170af371232,af8ae744-eaf6-49a6-9c7f-4f4aa9e503ee,a8c93fc0-472a-4be6-9812-0e8e006caf9b,02fdf4e9-61ca-4826-9a45-70c40f9c5546,Partnership Discussion,Meeting about project update,2026-10-22T18:35:28.448910,2026-10-22T19:20:28.448910,In Person,no_show,2026-02-22T09:24:23.448942,638bfc6a-5a8b-4bf8-9f66-0c0d0744f19a
6059ef5c-3fa7-4448-937c-b4d283b645fa,7319bb38-0e1a-42a0-a1a3-c170af371232,a3b11eec-7159-4649-ad03-75eeb3c9b04f,,,Partnership Discussion,Meeting about performance review,2026-08-09T20:28:20.448949,2026-08-09T21:58:20.448949,,no_show,2026-04-07T18:51:25.448964,eaf0989b-5b56-4b72-9a32-2711e9c394ff
20335a1f-9f87-4001-a1a9-b7df1f71f5ed,7319bb38-0e1a-42a0-a1a3-c170af371232,aabd8828-4992-4138-a82c-82d2ace3e408,,,Team Standup,Meeting about budget review,2026-08-21T22:32:08.448974,2026-08-21T23:32:08.448974,Google Meet,cancelled,2026-03-06T17:58:15.448990,af8e7df9-9ce7-4499-ab19-610e813af04b
1d1035a4-89a2-4941-a1b1-22ea6ddade0c,7319bb38-0e1a-42a0-a1a3-c170af371232,38b1938d-3cd4-479f-8f9c-d5fc4c1dd8fd,,,Board Meeting,Meeting about quarterly review,2026-06-29T19:58:13.448997,2026-06-29T20:43:13.448997,,completed,2025-08-10T16:05:27.449011,aabd8828-4992-4138-a82c-82d2ace3e408
7b3271d7-d8dc-49de-aa16-0388bfc40eae,7319bb38-0e1a-42a0-a1a3-c170af371232,38b1938d-3cd4-479f-8f9c-d5fc4c1dd8fd,a101f027-16cc-46b3-9301-dae68690b654,,Budget Review,Meeting about board meeting,2026-10-23T06:07:56.449018,2026-10-23T06:22:56.449018,Google Meet,scheduled,2025-10-19T22:26:21.449034,8ae3dae5-38cd-4160-84ef-5c590af0066c
846ca78b-14f4-4041-9824-e50c38c6aae6,7319bb38-0e1a-42a0-a1a3-c170af371232,af8ae744-eaf6-49a6-9c7f-4f4aa9e503ee,,49092d4d-eed9-4a17-bfad-a9fe060c4e83,Budget Review,Meeting about project update,2026-06-05T00:50:40.449040,2026-06-05T01:20:40.449040,Phone,cancelled,2026-04-30T05:10:15.449056,38b1938d-3cd4-479f-8f9c-d5fc4c1dd8fd
80d56318-899d-4dc0-bdfc-55f7555b4dad,7319bb38-0e1a-42a0-a1a3-c170af371232,eaf0989b-5b56-4b72-9a32-2711e9c394ff,,ebd64158-5c41-4838-9a35-8acfb0f6e246,Partnership Discussion,Meeting about support call,2026-10-18T06:06:49.449062,2026-10-18T08:06:49.449062,Google Meet,no_show,2026-07-05T10:47:20.449077,968afaab-9fc3-43d8-aea9-de1b0845fb8c
3ed7eddb-1fa2-4e59-b731-5a18470cf204,7319bb38-0e1a-42a0-a1a3-c170af371232,8ae3dae5-38cd-4160-84ef-5c590af0066c,24ea8855-0907-4813-b1dc-acdb98fd4e3b,,Quarterly Review,Meeting about onboarding session,2026-05-31T07:00:49.449084,2026-05-31T07:30:49.449084,Zoom,completed,2025-09-20T09:00:16.449100,96bb061b-9355-4d14-bab8-c5b59a63ac2a
0696a6da-c090-4051-b0c0-f44983fd091d,7319bb38-0e1a-42a0-a1a3-c170af371232,eaf0989b-5b56-4b72-9a32-2711e9c394ff,0403367d-f3c6-4726-967c-f5f62b070a98,7b5e7f32-eef5-49f8-aa3a-0796df8f1e54,Performance Review,Meeting about project update,2026-06-21T17:31:33.449107,2026-06-21T18:31:33.449107,Teams,completed,2026-05-23T18:15:05.449124,af8e7df9-9ce7-4499-ab19-610e813af04b
b49a9e3d-4b5a-4ccb-b15d-6929ee2fce25,7319bb38-0e1a-42a0-a1a3-c170af371232,638bfc6a-5a8b-4bf8-9f66-0c0d0744f19a,,,Partnership Discussion,Meeting about performance review,2026-08-16T11:08:56.449130,2026-08-16T11:38:56.449130,Teams,cancelled,2025-09-30T16:12:07.449148,0d1a00d8-532c-48b5-a0d5-e8f37068b7e8
f5b661e9-7367-4777-804f-c5503072b97c,7319bb38-0e1a-42a0-a1a3-c170af371232,af8ae744-eaf6-49a6-9c7f-4f4aa9e503ee,,,Strategy Meeting,Meeting about onboarding session,2026-09-20T07:36:59.449154,2026-09-20T09:36:59.449154,Google Meet,completed,2026-05-21T12:51:28.449169,0d1a00d8-532c-48b5-a0d5-e8f37068b7e8
7b50a4dc-e645-479c-80a0-c8211b01ede8,7319bb38-0e1a-42a0-a1a3-c170af371232,96bb061b-9355-4d14-bab8-c5b59a63ac2a,,,Team Standup,Meeting about performance review,2026-09-15T12:56:22.449175,2026-09-15T13:56:22.449175,Google Meet,scheduled,2026-04-07T18:13:48.449190,638bfc6a-5a8b-4bf8-9f66-0c0d0744f19a
ca594c1a-46c7-46fd-a009-8e080da324b2,7319bb38-0e1a-42a0-a1a3-c170af371232,638bfc6a-5a8b-4bf8-9f66-0c0d0744f19a,2a8355e9-13f6-4a0e-bea1-5de73c23b0b5,,Strategy Meeting,Meeting about budget review,2026-06-12T01:15:36.449203,2026-06-12T03:15:36.449203,Google Meet,scheduled,2025-10-02T02:34:47.449223,0d1a00d8-532c-48b5-a0d5-e8f37068b7e8
61d69130-e969-46e3-af7a-f9a56c66909f,7319bb38-0e1a-42a0-a1a3-c170af371232,0d1a00d8-532c-48b5-a0d5-e8f37068b7e8,c6b1e99d-d64b-4138-b316-3a523de25d3f,,Performance Review,Meeting about budget review,2026-10-21T00:44:12.449231,2026-10-21T00:59:12.449231,Google Meet,completed,2026-05-15T03:59:07.449248,eaf0989b-5b56-4b72-9a32-2711e9c394ff
b2b557fa-96d8-40ae-8a09-650c63f1ce18,7319bb38-0e1a-42a0-a1a3-c170af371232,af8ae744-eaf6-49a6-9c7f-4f4aa9e503ee,,,Project Update,Meeting about product demo,2026-08-07T18:33:31.449254,2026-08-07T20:03:31.449254,In Person,no_show,2026-05-12T07:05:57.449269,a3b11eec-7159-4649-ad03-75eeb3c9b04f
a0dec92b-ecbc-429b-838d-35ab73c15180,7319bb38-0e1a-42a0-a1a3-c170af371232,38b1938d-3cd4-479f-8f9c-d5fc4c1dd8fd,,,Team Standup,Meeting about performance review,2026-08-02T09:54:47.449275,2026-08-02T11:54:47.449275,Phone,scheduled,2025-11-20T16:58:01.449290,af8ae744-eaf6-49a6-9c7f-4f4aa9e503ee
00a840b7-1f8b-4182-a524-893516dd5911,7319bb38-0e1a-42a0-a1a3-c170af371232,ba4c6a8d-6e78-4532-82ad-fccefbf8ab96,,,Client Check-in,Meeting about training workshop,2026-07-04T06:02:01.449296,2026-07-04T08:02:01.449296,In Person,no_show,2026-06-28T03:42:48.449316,38b1938d-3cd4-479f-8f9c-d5fc4c1dd8fd
93731482-2fa0-403d-9668-d549970aba31,7319bb38-0e1a-42a0-a1a3-c170af371232,38b1938d-3cd4-479f-8f9c-d5fc4c1dd8fd,be603f91-c0f2-4926-b30a-57f0ed84ed5a,,Onboarding Session,Meeting about training workshop,2026-10-21T14:44:04.449322,2026-10-21T16:14:04.449322,Teams,no_show,2026-02-27T20:14:59.449339,8ae3dae5-38cd-4160-84ef-5c590af0066c
d9209454-7d21-452b-93ee-cdfce679b4e4,7319bb38-0e1a-42a0-a1a3-c170af371232,38b1938d-3cd4-479f-8f9c-d5fc4c1dd8fd,,,Budget Review,Meeting about project update,2026-07-11T09:01:35.449345,2026-07-11T11:01:35.449345,Teams,no_show,2026-07-25T17:03:41.449360,af8ae744-eaf6-49a6-9c7f-4f4aa9e503ee
85ad93cf-6f09-481d-a7f5-48958e8b9c00,7319bb38-0e1a-42a0-a1a3-c170af371232,af8ae744-eaf6-49a6-9c7f-4f4aa9e503ee,29330771-e1f1-4185-8845-87955a3a4af4,,Performance Review,Meeting about budget review,2026-06-08T17:33:11.449366,2026-06-08T17:48:11.449366,Zoom,completed,2025-10-02T13:14:41.449382,638bfc6a-5a8b-4bf8-9f66-0c0d0744f19a
ee9f4f33-2e58-4e0f-bfb0-9983d615f5a3,7319bb38-0e1a-42a0-a1a3-c170af371232,a3b11eec-7159-4649-ad03-75eeb3c9b04f,c93f4c96-3937-4a9c-8241-0196094e05ee,,Team Standup,Meeting about performance review,2026-07-05T07:15:08.449388,2026-07-05T07:45:08.449388,,scheduled,2026-06-30T06:21:01.449404,af8e7df9-9ce7-4499-ab19-610e813af04b
c9e3995c-7a91-4641-8c02-566602ef6fee,7319bb38-0e1a-42a0-a1a3-c170af371232,8ae3dae5-38cd-4160-84ef-5c590af0066c,b9a7b4f7-7ba9-4fb9-bc82-9b9eaf916d3f,,Budget Review,Meeting about team standup,2026-06-15T14:26:30.449410,2026-06-15T15:11:30.449410,Teams,completed,2025-09-08T11:08:05.449426,f6c1513d-8b13-441d-98bb-1a986c21400d
bb66c15a-8ab6-4c65-a89b-65eaa71a01dd,7319bb38-0e1a-42a0-a1a3-c170af371232,aabd8828-4992-4138-a82c-82d2ace3e408,,,Partnership Discussion,Meeting about onboarding session,2026-05-31T05:28:09.449435,2026-05-31T07:28:09.449435,In Person,no_show,2025-11-21T09:08:09.449450,eaf0989b-5b56-4b72-9a32-2711e9c394ff
7321b770-ebb7-4251-8e6b-be62f98882c1,7319bb38-0e1a-42a0-a1a3-c170af371232,a3b11eec-7159-4649-ad03-75eeb3c9b04f,,,Training Workshop,Meeting about sales call,2026-05-31T03:19:54.449457,2026-05-31T04:49:54.449457,Teams,no_show,2025-08-31T02:14:36.449472,968afaab-9fc3-43d8-aea9-de1b0845fb8c
de22f1bf-f867-49af-93c2-8fd2261c898a,7319bb38-0e1a-42a0-a1a3-c170af371232,aabd8828-4992-4138-a82c-82d2ace3e408,,,Onboarding Session,Meeting about sales call,2026-10-27T14:43:14.449478,2026-10-27T16:43:14.449478,In Person,no_show,2026-04-11T02:19:21.449493,eaf0989b-5b56-4b72-9a32-2711e9c394ff
ca064538-3f76-49af-9bce-c07b2c57b726,7319bb38-0e1a-42a0-a1a3-c170af371232,eaf0989b-5b56-4b72-9a32-2711e9c394ff,2381afad-9fdf-4320-ba9c-d85098374bf7,40e7eccb-46de-47b6-befe-81335047b8b7,Training Workshop,Meeting about partnership discussion,2026-09-26T04:44:37.449499,2026-09-26T05:14:37.449499,Phone,no_show,2026-03-31T05:41:52.449516,aabd8828-4992-4138-a82c-82d2ace3e408
db09d40c-1f9b-44bc-b5fc-4a28150a228e,7319bb38-0e1a-42a0-a1a3-c170af371232,96bb061b-9355-4d14-bab8-c5b59a63ac2a,,,Training Workshop,Meeting about quarterly review,2026-05-27T04:58:59.449526,2026-05-27T05:13:59.449526,Google Meet,no_show,2026-07-09T07:36:37.449541,5b11e466-caa2-4b0d-ad40-becd33c6cbc2
2c347c9a-fbaa-4f33-8d9c-6a7adc24beeb,7319bb38-0e1a-42a0-a1a3-c170af371232,8ae3dae5-38cd-4160-84ef-5c590af0066c,4f593151-1d43-4ab9-9ed9-44bf45092e6f,,Project Update,Meeting about performance review,2026-09-26T23:01:43.449548,2026-09-26T23:46:43.449548,Google Meet,completed,2026-07-19T11:14:32.449564,5b11e466-caa2-4b0d-ad40-becd33c6cbc2
5110dc5b-d25a-4651-8e43-e43577f866db,7319bb38-0e1a-42a0-a1a3-c170af371232,eaf0989b-5b56-4b72-9a32-2711e9c394ff,202a9741-6c5a-49e0-ba19-afb77018a3cd,,Product Demo,Meeting about onboarding session,2026-06-18T11:54:47.449570,2026-06-18T12:09:47.449570,,completed,2025-12-26T04:06:03.449586,8ae3dae5-38cd-4160-84ef-5c590af0066c
2c4c5099-deaf-41b6-b38b-1ef8301d1d9b,7319bb38-0e1a-42a0-a1a3-c170af371232,af8e7df9-9ce7-4499-ab19-610e813af04b,a315137a-7049-4744-bc68-1176c0c6c8b7,5cc4d84c-c357-4301-ab40-ab6bb1a2faa7,Partnership Discussion,Meeting about support call,2026-06-12T22:52:50.449592,2026-06-12T23:07:50.449592,Teams,cancelled,2025-12-27T07:37:57.449609,0d1a00d8-532c-48b5-a0d5-e8f37068b7e8
71bdcb8a-2992-448b-822a-97320eac89fa,7319bb38-0e1a-42a0-a1a3-c170af371232,638bfc6a-5a8b-4bf8-9f66-0c0d0744f19a,0403367d-f3c6-4726-967c-f5f62b070a98,,Client Check-in,Meeting about client check-in,2026-11-05T06:34:11.449615,2026-11-05T07:04:11.449615,In Person,no_show,2025-08-27T13:48:31.449631,8ae3dae5-38cd-4160-84ef-5c590af0066c
2b05c448-3012-4c91-a5d6-1cc9aef4dafd,7319bb38-0e1a-42a0-a1a3-c170af371232,5b11e466-caa2-4b0d-ad40-becd33c6cbc2,a189928c-e021-45c5-b7cc-3ce060d0958b,,Performance Review,Meeting about strategy meeting,2026-07-09T08:53:05.449637,2026-07-09T09:53:05.449637,Google Meet,completed,2026-01-31T04:58:09.449660,af8ae744-eaf6-49a6-9c7f-4f4aa9e503ee
8a775b1a-a2a4-4162-8725-365825340e2c,7319bb38-0e1a-42a0-a1a3-c170af371232,aabd8828-4992-4138-a82c-82d2ace3e408,,,Sales Call,Meeting about budget review,2026-10-30T13:19:04.449671,2026-10-30T13:49:04.449671,Google Meet,cancelled,2025-09-05T21:17:06.449686,8ae3dae5-38cd-4160-84ef-5c590af0066c
16f5e397-e84e-4165-bb40-060ab073936a,7319bb38-0e1a-42a0-a1a3-c170af371232,af8ae744-eaf6-49a6-9c7f-4f4aa9e503ee,,,Quarterly Review,Meeting about project update,2026-09-20T02:32:02.449693,2026-09-20T03:02:02.449693,,scheduled,2026-01-16T04:30:38.449707,0d1a00d8-532c-48b5-a0d5-e8f37068b7e8
6768334b-ea45-4706-86fb-5e9ab6c8151e,7319bb38-0e1a-42a0-a1a3-c170af371232,af8e7df9-9ce7-4499-ab19-610e813af04b,997d1e72-39aa-4acf-a3e1-b5d3bc4a5ae5,,Support Call,Meeting about product demo,2026-10-12T22:53:48.449714,2026-10-12T23:08:48.449714,,cancelled,2025-09-02T06:00:27.449729,fd2fd60f-404e-41a6-95e7-9a06e7913261
789bd856-f758-44bf-879d-f6a5fd8e002c,7319bb38-0e1a-42a0-a1a3-c170af371232,8ae3dae5-38cd-4160-84ef-5c590af0066c,,42595a40-28dd-4e1f-91cd-c853da5826cc,Support Call,Meeting about budget review,2026-08-29T10:56:26.449735,2026-08-29T11:56:26.449735,Zoom,cancelled,2025-10-10T06:25:57.449751,0d1a00d8-532c-48b5-a0d5-e8f37068b7e8
8cb65b37-fe8a-423e-bbe7-98ac17bb5672,7319bb38-0e1a-42a0-a1a3-c170af371232,af8e7df9-9ce7-4499-ab19-610e813af04b,,,Budget Review,Meeting about contract negotiation,2026-08-31T11:29:52.449757,2026-08-31T12:29:52.449757,,cancelled,2025-12-04T21:45:01.449772,5b11e466-caa2-4b0d-ad40-becd33c6cbc2
d40088e0-7f72-4ea2-a3f7-6a28bd1be334,7319bb38-0e1a-42a0-a1a3-c170af371232,968afaab-9fc3-43d8-aea9-de1b0845fb8c,627119b3-e6b8-4ee5-8b1f-06d43ea3abe4,,Strategy Meeting,Meeting about project update,2026-08-10T22:27:25.449778,2026-08-10T23:12:25.449778,Zoom,scheduled,2025-12-03T14:33:40.449794,a3b11eec-7159-4649-ad03-75eeb3c9b04f
4150fdc3-03dd-4fd8-a0b7-56ff500a53a6,7319bb38-0e1a-42a0-a1a3-c170af371232,638bfc6a-5a8b-4bf8-9f66-0c0d0744f19a,ad706565-bc46-4092-b3fb-1a2afe82bd24,,Partnership Discussion,Meeting about performance review,2026-07-23T20:40:35.449826,2026-07-23T21:25:35.449826,Teams,cancelled,2026-02-15T00:03:56.449867,968afaab-9fc3-43d8-aea9-de1b0845fb8c
6cbb60c7-9700-4f4f-b687-75b97b6f8334,7319bb38-0e1a-42a0-a1a3-c170af371232,0d1a00d8-532c-48b5-a0d5-e8f37068b7e8,,,Project Update,Meeting about board meeting,2026-09-11T19:26:57.449879,2026-09-11T19:41:57.449879,In Person,completed,2026-06-06T16:55:26.449911,ba4c6a8d-6e78-4532-82ad-fccefbf8ab96
5d1f310f-d055-49a6-bd0b-e3c0d5d0faa4,7319bb38-0e1a-42a0-a1a3-c170af371232,af8e7df9-9ce7-4499-ab19-610e813af04b,,,Performance Review,Meeting about support call,2026-07-16T10:12:40.449918,2026-07-16T10:57:40.449918,Zoom,scheduled,2026-03-31T07:58:23.449934,aabd8828-4992-4138-a82c-82d2ace3e408
d1eb1c9b-4008-41d1-8e68-47eeae891734,7319bb38-0e1a-42a0-a1a3-c170af371232,ba4c6a8d-6e78-4532-82ad-fccefbf8ab96,3bcd356d-6c35-43bc-86dc-680da8852601,,Strategy Meeting,Meeting about onboarding session,2026-05-17T08:50:28.449941,2026-05-17T09:05:28.449941,Phone,scheduled,2025-11-04T14:40:16.449957,0d1a00d8-532c-48b5-a0d5-e8f37068b7e8
da8809bb-b12e-4285-b731-8f1ca4c3a110,7319bb38-0e1a-42a0-a1a3-c170af371232,af8e7df9-9ce7-4499-ab19-610e813af04b,bc7f14f7-8f5f-4542-8f9d-18a874225683,f3b0a86f-6f42-4134-a11c-68098813160d,Contract Negotiation,Meeting about performance review,2026-07-03T04:19:47.449968,2026-07-03T04:49:47.449968,Google Meet,completed,2026-03-12T15:13:09.449989,38b1938d-3cd4-479f-8f9c-d5fc4c1dd8fd
7a03e376-349a-4350-914d-d30e4f7d4f05,7319bb38-0e1a-42a0-a1a3-c170af371232,af8e7df9-9ce7-4499-ab19-610e813af04b,d58b70f1-0899-4119-b18a-edc923448747,,Onboarding Session,Meeting about product demo,2026-07-27T22:54:02.449996,2026-07-27T23:09:02.449996,Google Meet,scheduled,2026-06-28T00:52:58.450012,8ae3dae5-38cd-4160-84ef-5c590af0066c
746ffb2f-6b56-40b7-bb14-7e77e44077b5,7319bb38-0e1a-42a0-a1a3-c170af371232,5b11e466-caa2-4b0d-ad40-becd33c6cbc2,,,Client Check-in,Meeting about training workshop,2026-06-19T11:49:55.450018,2026-06-19T12:34:55.450018,Google Meet,completed,2026-07-25T15:12:45.450034,38b1938d-3cd4-479f-8f9c-d5fc4c1dd8fd
cfc808dc-30d4-4c55-8872-0364333b5155,7319bb38-0e1a-42a0-a1a3-c170af371232,af8ae744-eaf6-49a6-9c7f-4f4aa9e503ee,9c27ff24-d56f-472e-8df8-0c48114dd060,,Onboarding Session,Meeting about quarterly review,2026-06-23T20:40:48.450040,2026-06-23T21:25:48.450040,Google Meet,cancelled,2026-02-16T14:30:53.450057,96bb061b-9355-4d14-bab8-c5b59a63ac2a
fdf944e8-4a8c-4f23-b71f-3e8e37f71b99,7319bb38-0e1a-42a0-a1a3-c170af371232,638bfc6a-5a8b-4bf8-9f66-0c0d0744f19a,,,Onboarding Session,Meeting about support call,2026-08-10T22:48:11.450064,2026-08-10T23:03:11.450064,,cancelled,2025-09-05T19:43:08.450079,968afaab-9fc3-43d8-aea9-de1b0845fb8c
f1ca6790-ad8f-40e4-8d7e-e0717d13a7b7,7319bb38-0e1a-42a0-a1a3-c170af371232,af8ae744-eaf6-49a6-9c7f-4f4aa9e503ee,,3e5ac805-aeec-480c-a0ed-30cfb88612f4,Team Standup,Meeting about quarterly review,2026-06-15T21:00:03.450086,2026-06-15T21:45:03.450086,Zoom,cancelled,2026-07-22T10:55:15.450104,f6c1513d-8b13-441d-98bb-1a986c21400d
28bdccc7-7d74-4c18-9144-cc6b655a89ef,7319bb38-0e1a-42a0-a1a3-c170af371232,fd2fd60f-404e-41a6-95e7-9a06e7913261,,,Strategy Meeting,Meeting about quarterly review,2026-09-18T12:01:12.450110,2026-09-18T12:46:12.450110,Zoom,cancelled,2026-05-03T14:37:32.450125,638bfc6a-5a8b-4bf8-9f66-0c0d0744f19a
07ab14f7-7764-447a-a4e5-3681c9e6eb96,7319bb38-0e1a-42a0-a1a3-c170af371232,aabd8828-4992-4138-a82c-82d2ace3e408,,,Product Demo,Meeting about budget review,2026-11-03T03:57:43.450132,2026-11-03T04:27:43.450132,Zoom,no_show,2025-12-04T09:37:29.450153,968afaab-9fc3-43d8-aea9-de1b0845fb8c
c476c107-24c6-4872-abba-60682ef258f1,7319bb38-0e1a-42a0-a1a3-c170af371232,af8ae744-eaf6-49a6-9c7f-4f4aa9e503ee,f214a439-0925-418a-bb84-8e5f61438a63,,Quarterly Review,Meeting about project update,2026-08-05T10:24:59.450159,2026-08-05T11:09:59.450159,Google Meet,cancelled,2025-12-12T08:13:19.450176,968afaab-9fc3-43d8-aea9-de1b0845fb8c
f7e97da8-d4db-45d0-9e4c-6e04d822af6c,7319bb38-0e1a-42a0-a1a3-c170af371232,96bb061b-9355-4d14-bab8-c5b59a63ac2a,,6a7b222f-9540-4dcc-850e-f75a22a27bbb,Sales Call,Meeting about board meeting,2026-06-04T11:25:43.450182,2026-06-04T13:25:43.450182,Zoom,cancelled,2025-09-13T18:37:11.450198,96bb061b-9355-4d14-bab8-c5b59a63ac2a
30f18228-2b86-41d8-aff0-1de8df75ca59,7319bb38-0e1a-42a0-a1a3-c170af371232,0d1a00d8-532c-48b5-a0d5-e8f37068b7e8,917d4b06-4f32-4f41-a2d9-73c2c9c41513,,Training Workshop,Meeting about quarterly review,2026-07-26T23:41:54.450208,2026-07-26T23:56:54.450208,,completed,2026-06-16T05:22:31.450224,5b11e466-caa2-4b0d-ad40-becd33c6cbc2
4a507e88-2457-4712-93ad-410d233955ed,7319bb38-0e1a-42a0-a1a3-c170af371232,af8ae744-eaf6-49a6-9c7f-4f4aa9e503ee,fcac05cb-436e-46c0-8980-27fb0bdc1b81,7ff62c0e-bd59-4a2d-bd54-d73780e41e84,Quarterly Review,Meeting about product demo,2026-08-20T12:06:02.450234,2026-08-20T12:36:02.450234,Google Meet,no_show,2025-12-30T22:09:24.450251,968afaab-9fc3-43d8-aea9-de1b0845fb8c
5c09abb6-fcc2-4981-a695-2da7127375a9,7319bb38-0e1a-42a0-a1a3-c170af371232,fd2fd60f-404e-41a6-95e7-9a06e7913261,,,Quarterly Review,Meeting about support call,2026-09-02T06:55:44.450257,2026-09-02T07:40:44.450257,Teams,cancelled,2025-10-18T07:00:44.450272,38b1938d-3cd4-479f-8f9c-d5fc4c1dd8fd
4f260fd3-58f2-42fa-8f3f-74e9af05437c,7319bb38-0e1a-42a0-a1a3-c170af371232,38b1938d-3cd4-479f-8f9c-d5fc4c1dd8fd,,,Strategy Meeting,Meeting about board meeting,2026-10-02T07:30:42.450278,2026-10-02T08:00:42.450278,,completed,2026-02-28T07:16:14.450293,af8ae744-eaf6-49a6-9c7f-4f4aa9e503ee
87c7ed07-2e09-45b8-bab5-c87e9bd08200,7319bb38-0e1a-42a0-a1a3-c170af371232,0d1a00d8-532c-48b5-a0d5-e8f37068b7e8,,60df0fae-aef0-4ea5-94cb-edca05f82224,Project Update,Meeting about project update,2026-08-04T12:15:50.450299,2026-08-04T12:45:50.450299,In Person,cancelled,2026-05-13T10:39:57.450315,ba4c6a8d-6e78-4532-82ad-fccefbf8ab96
4634c62d-8cda-4b40-97f0-aa6d37b1ce98,7319bb38-0e1a-42a0-a1a3-c170af371232,8ae3dae5-38cd-4160-84ef-5c590af0066c,fef81808-85d3-4dd8-ab9c-69dc06d3c75e,,Project Update,Meeting about support call,2026-10-19T02:16:56.450322,2026-10-19T02:31:56.450322,,scheduled,2025-08-09T15:15:26.450338,ba4c6a8d-6e78-4532-82ad-fccefbf8ab96
1c5178d2-079f-4838-b5e5-5a4fa97634af,7319bb38-0e1a-42a0-a1a3-c170af371232,aabd8828-4992-4138-a82c-82d2ace3e408,575ed9d9-8793-48aa-83f3-8f6a2867f89f,,Sales Call,Meeting about contract negotiation,2026-10-17T18:59:16.450344,2026-10-17T19:44:16.450344,Phone,cancelled,2026-04-02T01:33:02.450360,ba4c6a8d-6e78-4532-82ad-fccefbf8ab96
20c65422-f980-4c5e-a14d-326698bad089,7319bb38-0e1a-42a0-a1a3-c170af371232,eaf0989b-5b56-4b72-9a32-2711e9c394ff,,40e7eccb-46de-47b6-befe-81335047b8b7,Budget Review,Meeting about sales call,2026-10-23T15:43:00.450366,2026-10-23T17:43:00.450366,Phone,scheduled,2026-07-10T01:40:38.450382,5b11e466-caa2-4b0d-ad40-becd33c6cbc2
ff1a92cf-1878-4678-9256-8695da6d2cc8,7319bb38-0e1a-42a0-a1a3-c170af371232,968afaab-9fc3-43d8-aea9-de1b0845fb8c,897d419a-71a7-4da6-bf30-5d100eaf85ad,,Team Standup,Meeting about board meeting,2026-07-13T08:03:32.450388,2026-07-13T09:33:32.450388,In Person,cancelled,2026-03-01T12:39:21.450404,968afaab-9fc3-43d8-aea9-de1b0845fb8c
ff7e1475-be5d-4781-9158-72e716cc9648,7319bb38-0e1a-42a0-a1a3-c170af371232,638bfc6a-5a8b-4bf8-9f66-0c0d0744f19a,d4d29285-4756-4b0f-90ec-464e17099a30,,Partnership Discussion,Meeting about project update,2026-09-30T10:56:38.450410,2026-09-30T11:11:38.450410,,no_show,2026-07-29T09:28:45.450426,968afaab-9fc3-43d8-aea9-de1b0845fb8c
46c4a542-1640-4286-90b3-ad7144b11f11,7319bb38-0e1a-42a0-a1a3-c170af371232,0d1a00d8-532c-48b5-a0d5-e8f37068b7e8,53b2a3b6-250e-4af5-a91d-f0368d62f80b,62be7851-8e3a-4696-ae18-eaadcfada06d,Onboarding Session,Meeting about performance review,2026-08-04T04:33:36.450436,2026-08-04T05:03:36.450436,Teams,no_show,2025-09-20T18:36:41.450454,96bb061b-9355-4d14-bab8-c5b59a63ac2a
77c53df6-8a11-4144-bd43-3416e1f8b96e,7319bb38-0e1a-42a0-a1a3-c170af371232,fd2fd60f-404e-41a6-95e7-9a06e7913261,,,Support Call,Meeting about training workshop,2026-06-06T22:26:51.450460,2026-06-06T23:11:51.450460,In Person,cancelled,2026-04-05T06:06:04.450476,5b11e466-caa2-4b0d-ad40-becd33c6cbc2
a5281720-ed18-4504-9b10-e9da333ab01c,7319bb38-0e1a-42a0-a1a3-c170af371232,5b11e466-caa2-4b0d-ad40-becd33c6cbc2,d47296f7-cdb1-4fa9-825e-02505ef14113,89a99434-56ea-46aa-9944-8764ddc648a5,Strategy Meeting,Meeting about support call,2026-10-07T22:32:10.450482,2026-10-08T00:32:10.450482,Teams,no_show,2026-07-18T16:40:26.450499,96bb061b-9355-4d14-bab8-c5b59a63ac2a
719358c4-c6d4-4b80-a22d-2e35e9061fcc,7319bb38-0e1a-42a0-a1a3-c170af371232,af8ae744-eaf6-49a6-9c7f-4f4aa9e503ee,2a23f4d1-4ff2-4851-9e36-63106c5da94e,400103f1-8822-4150-82dc-6c538a302335,Training Workshop,Meeting about training workshop,2026-08-01T21:28:42.450505,2026-08-01T23:28:42.450505,Google Meet,cancelled,2025-11-06T23:30:26.450522,38b1938d-3cd4-479f-8f9c-d5fc4c1dd8fd
8c871e3d-db1e-427f-9dcc-735cc584ca8b,7319bb38-0e1a-42a0-a1a3-c170af371232,a3b11eec-7159-4649-ad03-75eeb3c9b04f,,7691fa0f-87ec-4e89-9140-d081436965d1,Onboarding Session,Meeting about product demo,2026-05-19T12:03:36.450528,2026-05-19T12:48:36.450528,,cancelled,2025-09-10T04:00:02.450548,5b11e466-caa2-4b0d-ad40-becd33c6cbc2
cf79ba83-7639-4397-ab24-acd7aa620aec,7319bb38-0e1a-42a0-a1a3-c170af371232,638bfc6a-5a8b-4bf8-9f66-0c0d0744f19a,,b4e06a7c-4ce5-4343-b6bf-6210cb4f6e3e,Support Call,Meeting about budget review,2026-07-17T21:40:38.450554,2026-07-17T22:10:38.450554,Zoom,no_show,2026-01-06T11:44:48.450570,aabd8828-4992-4138-a82c-82d2ace3e408
351bd7c9-8857-40c0-b162-d3e1676d3238,7319bb38-0e1a-42a0-a1a3-c170af371232,0d1a00d8-532c-48b5-a0d5-e8f37068b7e8,,,Training Workshop,Meeting about board meeting,2026-11-04T09:13:51.450576,2026-11-04T09:43:51.450576,,completed,2026-07-11T01:41:28.450591,0d1a00d8-532c-48b5-a0d5-e8f37068b7e8
ef767c81-4380-4992-b4e1-63e366c4ecd6,7319bb38-0e1a-42a0-a1a3-c170af371232,38b1938d-3cd4-479f-8f9c-d5fc4c1dd8fd,,99aa048b-0111-41fc-acd5-3e8bb624c3e3,Client Check-in,Meeting about strategy meeting,2026-09-05T08:42:04.450597,2026-09-05T10:12:04.450597,Google Meet,scheduled,2026-05-22T20:14:30.450614,fd2fd60f-404e-41a6-95e7-9a06e7913261
57056acf-c7cd-404a-9b7a-376953a24a26,7319bb38-0e1a-42a0-a1a3-c170af371232,aabd8828-4992-4138-a82c-82d2ace3e408,4c5f1ada-9972-4b69-9755-f83e0f6ad0a4,,Product Demo,Meeting about support call,2026-06-02T14:29:39.450620,2026-06-02T15:29:39.450620,Teams,completed,2025-10-20T10:52:41.450636,a3b11eec-7159-4649-ad03-75eeb3c9b04f
d49f6d08-14a2-4382-82c7-a515cc1c8cdf,7319bb38-0e1a-42a0-a1a3-c170af371232,638bfc6a-5a8b-4bf8-9f66-0c0d0744f19a,,,Team Standup,Meeting about onboarding session,2026-08-23T21:50:01.450648,2026-08-23T22:20:01.450648,,scheduled,2025-08-27T09:44:11.450663,96bb061b-9355-4d14-bab8-c5b59a63ac2a
b6a29859-9727-4a6e-a3e3-be9528f3d374,7319bb38-0e1a-42a0-a1a3-c170af371232,fd2fd60f-404e-41a6-95e7-9a06e7913261,,48b48108-9b60-4e6e-ad0b-485967114b8c,Project Update,Meeting about product demo,2026-09-21T16:54:54.450673,2026-09-21T18:24:54.450673,Teams,no_show,2026-02-18T15:34:28.450688,96bb061b-9355-4d14-bab8-c5b59a63ac2a
686c0671-4265-4cf3-9f91-9eb6585bc99f,7319bb38-0e1a-42a0-a1a3-c170af371232,fd2fd60f-404e-41a6-95e7-9a06e7913261,3463340a-eed2-4b19-85ed-42e3ff8371d4,b6ca1dcb-5fea-4f86-956a-b3f7af239747,Contract Negotiation,Meeting about onboarding session,2026-10-15T12:31:20.450695,2026-10-15T13:31:20.450695,,scheduled,2026-06-12T11:05:03.450711,af8e7df9-9ce7-4499-ab19-610e813af04b
65de0fa3-7381-4fbc-a0a5-e04224f823ec,7319bb38-0e1a-42a0-a1a3-c170af371232,ba4c6a8d-6e78-4532-82ad-fccefbf8ab96,972dcf26-cd3d-4340-b3f0-41f6a7c571f5,,Onboarding Session,Meeting about support call,2026-05-11T14:05:55.450717,2026-05-11T15:35:55.450717,Zoom,cancelled,2025-11-21T21:46:50.450733,0d1a00d8-532c-48b5-a0d5-e8f37068b7e8
9f75b28f-9bea-4b79-8f85-62f920ffa61f,7319bb38-0e1a-42a0-a1a3-c170af371232,38b1938d-3cd4-479f-8f9c-d5fc4c1dd8fd,90b02055-028e-4318-a742-804f627d3a1a,,Project Update,Meeting about support call,2026-10-08T20:00:57.450740,2026-10-08T21:00:57.450740,Teams,cancelled,2026-03-05T05:46:13.450756,638bfc6a-5a8b-4bf8-9f66-0c0d0744f19a
f8d908b7-74b8-4d2d-804c-6006eedaf58f,7319bb38-0e1a-42a0-a1a3-c170af371232,a3b11eec-7159-4649-ad03-75eeb3c9b04f,,269a2645-efa4-4dcd-ad81-a96eafaf2240,Sales Call,Meeting about budget review,2026-09-26T12:17:11.450762,2026-09-26T12:32:11.450762,In Person,cancelled,2026-04-21T13:40:12.450778,a3b11eec-7159-4649-ad03-75eeb3c9b04f
cb73df3c-ccf7-41c0-b9ec-622473a024b1,7319bb38-0e1a-42a0-a1a3-c170af371232,38b1938d-3cd4-479f-8f9c-d5fc4c1dd8fd,7a406049-ad1a-4e08-9b76-4a70c0549ca4,,Board Meeting,Meeting about strategy meeting,2026-10-18T21:09:17.450784,2026-10-18T21:39:17.450784,Google Meet,cancelled,2026-07-02T08:16:07.450800,af8e7df9-9ce7-4499-ab19-610e813af04b
ce419895-7b07-4253-8593-d191200ad74e,7319bb38-0e1a-42a0-a1a3-c170af371232,38b1938d-3cd4-479f-8f9c-d5fc4c1dd8fd,507f2f26-0060-42be-9306-85148fbb2d38,,Quarterly Review,Meeting about project update,2026-08-31T08:30:38.450806,2026-08-31T10:30:38.450806,Phone,scheduled,2025-08-16T02:03:14.450822,a3b11eec-7159-4649-ad03-75eeb3c9b04f
8195ffa8-2257-41bb-b4c2-e632a516f390,7319bb38-0e1a-42a0-a1a3-c170af371232,fd2fd60f-404e-41a6-95e7-9a06e7913261,0e3aa613-e26e-4368-a468-29370df4aea0,,Quarterly Review,Meeting about client check-in,2026-06-11T09:18:46.450829,2026-06-11T11:18:46.450829,Phone,cancelled,2025-11-16T10:52:18.450851,f6c1513d-8b13-441d-98bb-1a986c21400d
d2f2e99f-67f4-4c18-9791-8ad4e0fe0588,7319bb38-0e1a-42a0-a1a3-c170af371232,af8e7df9-9ce7-4499-ab19-610e813af04b,a4eb89db-35d4-40c2-9043-56ffb8f55e89,,Budget Review,Meeting about board meeting,2026-07-06T00:55:26.450857,2026-07-06T01:25:26.450857,Zoom,scheduled,2026-07-16T16:52:37.450873,0d1a00d8-532c-48b5-a0d5-e8f37068b7e8
c4e139a1-1838-4fba-ad4f-32f93ddd122c,7319bb38-0e1a-42a0-a1a3-c170af371232,eaf0989b-5b56-4b72-9a32-2711e9c394ff,,e13fd994-03f1-4925-bbb0-d43a25dca7c4,Support Call,Meeting about product demo,2026-05-11T00:21:03.450879,2026-05-11T02:21:03.450879,Teams,scheduled,2026-07-28T03:06:28.450895,a3b11eec-7159-4649-ad03-75eeb3c9b04f
bfbf7835-a69d-4225-b5f9-bdd70ea419ce,7319bb38-0e1a-42a0-a1a3-c170af371232,af8ae744-eaf6-49a6-9c7f-4f4aa9e503ee,,5c9df4f1-b04e-4fb9-81e3-6bd85d5fef57,Contract Negotiation,Meeting about quarterly review,2026-10-12T16:56:15.450905,2026-10-12T17:56:15.450905,Google Meet,scheduled,2026-05-31T04:14:29.450921,af8ae744-eaf6-49a6-9c7f-4f4aa9e503ee
6ac746e7-4382-4c6d-8fed-e323bb0af9ca,7319bb38-0e1a-42a0-a1a3-c170af371232,fd2fd60f-404e-41a6-95e7-9a06e7913261,203cdb0a-ddb7-474c-b690-01a82a4f8c24,,Team Standup,Meeting about product demo,2026-08-30T12:00:18.450927,2026-08-30T13:00:18.450927,,cancelled,2026-07-31T15:09:46.450943,f6c1513d-8b13-441d-98bb-1a986c21400d
5a7973e2-1eb2-49d2-803f-f5cd0ec32c14,7319bb38-0e1a-42a0-a1a3-c170af371232,af8ae744-eaf6-49a6-9c7f-4f4aa9e503ee,,,Quarterly Review,Meeting about team standup,2026-07-27T09:57:00.450949,2026-07-27T11:27:00.450949,Zoom,scheduled,2026-03-13T22:23:28.450965,a3b11eec-7159-4649-ad03-75eeb3c9b04f
2825d621-55c5-4afc-a552-23a08db4612f,7319bb38-0e1a-42a0-a1a3-c170af371232,968afaab-9fc3-43d8-aea9-de1b0845fb8c,f31f1803-0b49-42ff-9cbf-821cd8df6651,a98c2bca-4c03-425b-9fb9-e5432b652bb8,Performance Review,Meeting about team standup,2026-10-20T00:31:41.450971,2026-10-20T01:16:41.450971,Teams,cancelled,2026-06-26T18:52:09.450988,af8ae744-eaf6-49a6-9c7f-4f4aa9e503ee
ad16f887-877f-4c92-abf9-990d9d10829f,7319bb38-0e1a-42a0-a1a3-c170af371232,968afaab-9fc3-43d8-aea9-de1b0845fb8c,c97ca7fa-5ef9-44a7-89a5-8a053f60dc92,a0ebf92e-d006-41bc-aaa5-43f6b6f33953,Client Check-in,Meeting about product demo,2026-10-31T08:45:51.450994,2026-10-31T09:00:51.450994,Phone,no_show,2025-08-09T22:47:01.451011,38b1938d-3cd4-479f-8f9c-d5fc4c1dd8fd
e2100c58-6a27-4f2c-aa66-1f7dca40482a,7319bb38-0e1a-42a0-a1a3-c170af371232,5b11e466-caa2-4b0d-ad40-becd33c6cbc2,,01af0c4b-799e-4869-93b5-cd03abb1285f,Quarterly Review,Meeting about budget review,2026-05-22T18:36:04.451017,2026-05-22T18:51:04.451017,In Person,scheduled,2025-10-28T07:11:54.451033,af8ae744-eaf6-49a6-9c7f-4f4aa9e503ee
83119c45-6a81-4472-8989-6e55a30fa67d,7319bb38-0e1a-42a0-a1a3-c170af371232,af8ae744-eaf6-49a6-9c7f-4f4aa9e503ee,4c471805-e13c-4eed-924c-8b692a680f64,,Sales Call,Meeting about sales call,2026-10-14T07:05:50.451039,2026-10-14T07:50:50.451039,In Person,no_show,2026-05-01T22:23:04.451059,0d1a00d8-532c-48b5-a0d5-e8f37068b7e8
00d414c5-c9cf-4d2d-bbfc-f93eb7eb6c86,7319bb38-0e1a-42a0-a1a3-c170af371232,5b11e466-caa2-4b0d-ad40-becd33c6cbc2,34606b5f-3d46-45c3-91dd-e990c3f6f828,7ce2b96f-098a-47d3-9ce4-a75be74fb43e,Support Call,Meeting about support call,2026-08-06T02:12:12.451065,2026-08-06T04:12:12.451065,,cancelled,2026-06-16T15:02:25.451083,aabd8828-4992-4138-a82c-82d2ace3e408
631c4b6a-4423-4fd1-bc28-737f248c973d,7319bb38-0e1a-42a0-a1a3-c170af371232,fd2fd60f-404e-41a6-95e7-9a06e7913261,494c395e-b359-478e-80ca-36cadd6e4c8b,4017fe36-3602-43fb-a4ea-741ddeddc508,Quarterly Review,Meeting about product demo,2026-05-30T20:33:47.451089,2026-05-30T21:18:47.451089,Teams,cancelled,2025-12-19T18:51:27.451106,af8e7df9-9ce7-4499-ab19-610e813af04b
c9d8678c-e0b8-4acf-a4d2-750c46f99f0f,7319bb38-0e1a-42a0-a1a3-c170af371232,8ae3dae5-38cd-4160-84ef-5c590af0066c,,38a646fe-daeb-49b5-87fd-01afa3f6dc70,Onboarding Session,Meeting about contract negotiation,2026-06-07T12:16:30.451112,2026-06-07T13:01:30.451112,Teams,cancelled,2025-11-16T01:12:36.451128,8ae3dae5-38cd-4160-84ef-5c590af0066c
51f9199e-97b1-40c3-9b1c-991369a1daba,7319bb38-0e1a-42a0-a1a3-c170af371232,aabd8828-4992-4138-a82c-82d2ace3e408,,,Support Call,Meeting about partnership discussion,2026-05-30T16:13:25.451138,2026-05-30T16:43:25.451138,Phone,no_show,2025-10-23T04:03:50.451160,8ae3dae5-38cd-4160-84ef-5c590af0066c
8af9a7d3-d1cd-4023-87e1-64286c0f6ad7,7319bb38-0e1a-42a0-a1a3-c170af371232,38b1938d-3cd4-479f-8f9c-d5fc4c1dd8fd,,,Contract Negotiation,Meeting about support call,2026-10-26T05:56:38.451166,2026-10-26T07:26:38.451166,Phone,no_show,2026-04-09T17:24:44.451182,968afaab-9fc3-43d8-aea9-de1b0845fb8c
a85d4241-ae23-4738-8e04-87c418acc176,7319bb38-0e1a-42a0-a1a3-c170af371232,5b11e466-caa2-4b0d-ad40-becd33c6cbc2,ae451846-6d5f-4554-9a4f-a228dea8d7c6,,Contract Negotiation,Meeting about team standup,2026-06-14T20:05:42.451188,2026-06-14T21:05:42.451188,In Person,scheduled,2025-10-26T07:17:15.451205,0d1a00d8-532c-48b5-a0d5-e8f37068b7e8
95e5ab63-7eef-427b-b3e3-9080d5140571,7319bb38-0e1a-42a0-a1a3-c170af371232,aabd8828-4992-4138-a82c-82d2ace3e408,5341d1a5-d23e-4a5b-89cf-238e4d60deaf,3be0c1a1-a81e-41eb-a840-46f930e07f77,Performance Review,Meeting about partnership discussion,2026-10-25T11:08:53.451211,2026-10-25T11:38:53.451211,In Person,cancelled,2025-10-17T19:06:51.451227,a3b11eec-7159-4649-ad03-75eeb3c9b04f
8a92261e-7e2d-4385-a5bd-86760c95150f,7319bb38-0e1a-42a0-a1a3-c170af371232,eaf0989b-5b56-4b72-9a32-2711e9c394ff,c9106562-4259-43cc-870d-48753272915b,,Product Demo,Meeting about partnership discussion,2026-09-29T04:24:59.451233,2026-09-29T06:24:59.451233,,completed,2025-12-12T03:08:47.451249,96bb061b-9355-4d14-bab8-c5b59a63ac2a
0082167c-6f38-4121-ac01-3d2a17ce5970,7319bb38-0e1a-42a0-a1a3-c170af371232,fd2fd60f-404e-41a6-95e7-9a06e7913261,,d464a02f-bb12-4859-a6e2-f6aa3b1551d5,Contract Negotiation,Meeting about client check-in,2026-08-07T18:04:00.451255,2026-08-07T20:04:00.451255,Teams,no_show,2025-12-24T04:46:59.451272,638bfc6a-5a8b-4bf8-9f66-0c0d0744f19a
f8e4d161-2f54-4f28-af7d-7a9575cf6eec,7319bb38-0e1a-42a0-a1a3-c170af371232,38b1938d-3cd4-479f-8f9c-d5fc4c1dd8fd,,,Project Update,Meeting about client check-in,2026-08-02T20:54:17.451279,2026-08-02T21:09:17.451279,,completed,2026-01-29T03:42:35.451293,8ae3dae5-38cd-4160-84ef-5c590af0066c
73b1c9c5-4126-4aad-8307-91d5d2d11cde,7319bb38-0e1a-42a0-a1a3-c170af371232,ba4c6a8d-6e78-4532-82ad-fccefbf8ab96,7f6a5ee9-38f8-426d-ad51-36a0ed6bef87,,Partnership Discussion,Meeting about performance review,2026-10-25T05:59:33.451299,2026-10-25T07:29:33.451299,,scheduled,2025-11-11T02:30:42.451315,af8e7df9-9ce7-4499-ab19-610e813af04b
c95efc07-d4ac-4e36-b976-d1d2f44f745f,7319bb38-0e1a-42a0-a1a3-c170af371232,638bfc6a-5a8b-4bf8-9f66-0c0d0744f19a,,,Contract Negotiation,Meeting about project update,2026-09-03T19:28:45.451321,2026-09-03T19:43:45.451321,In Person,scheduled,2025-12-31T19:42:52.451336,fd2fd60f-404e-41a6-95e7-9a06e7913261
c2b125aa-adbf-435e-b2b8-258c25920032,7319bb38-0e1a-42a0-a1a3-c170af371232,f6c1513d-8b13-441d-98bb-1a986c21400d,,,Budget Review,Meeting about team standup,2026-08-02T09:47:53.451342,2026-08-02T11:47:53.451342,In Person,completed,2026-04-24T09:56:04.451357,af8e7df9-9ce7-4499-ab19-610e813af04b
b85908ed-f775-4b0e-a28d-dbbdf404ea5b,7319bb38-0e1a-42a0-a1a3-c170af371232,af8ae744-eaf6-49a6-9c7f-4f4aa9e503ee,f506f003-8e94-4503-99bb-34314d3b327f,dee5c399-2cce-41ee-b174-0ac2abcbde20,Sales Call,Meeting about sales call,2026-05-28T08:00:06.451367,2026-05-28T08:30:06.451367,Teams,no_show,2025-10-14T10:26:58.451384,96bb061b-9355-4d14-bab8-c5b59a63ac2a
e1e4519c-a930-4fd3-855b-23e887b7980a,7319bb38-0e1a-42a0-a1a3-c170af371232,96bb061b-9355-4d14-bab8-c5b59a63ac2a,1592a342-ced8-42b6-a117-fa6bc426ec52,,Quarterly Review,Meeting about project update,2026-10-06T04:10:35.451390,2026-10-06T04:25:35.451390,,scheduled,2025-10-17T07:02:30.451406,5b11e466-caa2-4b0d-ad40-becd33c6cbc2
db41d54a-c41a-4227-bfb5-8b3e5dd4da74,7319bb38-0e1a-42a0-a1a3-c170af371232,8ae3dae5-38cd-4160-84ef-5c590af0066c,bec4ae3a-b8ee-4fc3-bc97-ef99077d13fb,,Client Check-in,Meeting about quarterly review,2026-08-09T00:46:54.451412,2026-08-09T01:31:54.451412,Teams,scheduled,2026-03-14T03:02:55.451428,aabd8828-4992-4138-a82c-82d2ace3e408
6218ade0-a5aa-49b2-aec4-a3c0d6801e7c,7319bb38-0e1a-42a0-a1a3-c170af371232,8ae3dae5-38cd-4160-84ef-5c590af0066c,63dbec56-d38c-4769-8106-b148160b6e2e,,Performance Review,Meeting about onboarding session,2026-09-20T04:30:57.451434,2026-09-20T06:30:57.451434,,cancelled,2026-04-01T20:17:21.451453,8ae3dae5-38cd-4160-84ef-5c590af0066c
7c78713b-c234-4af9-a20c-6e4f206de73f,7319bb38-0e1a-42a0-a1a3-c170af371232,fd2fd60f-404e-41a6-95e7-9a06e7913261,,,Budget Review,Meeting about contract negotiation,2026-08-09T04:04:14.451460,2026-08-09T04:49:14.451460,,completed,2025-08-17T20:11:06.451478,fd2fd60f-404e-41a6-95e7-9a06e7913261
6a423d71-23f3-4e1c-b96f-7daef8c999b3,7319bb38-0e1a-42a0-a1a3-c170af371232,f6c1513d-8b13-441d-98bb-1a986c21400d,7fa0c0ab-28a5-42ae-b035-ae4d87e2b4a6,,Onboarding Session,Meeting about training workshop,2026-05-31T00:10:31.451485,2026-05-31T01:10:31.451485,Phone,cancelled,2026-01-29T07:23:01.451501,aabd8828-4992-4138-a82c-82d2ace3e408
e2307f54-c83f-42b8-a012-c0187f40b380,7319bb38-0e1a-42a0-a1a3-c170af371232,ba4c6a8d-6e78-4532-82ad-fccefbf8ab96,6f1b452a-2799-47ec-b353-409270f2a41e,,Training Workshop,Meeting about project update,2026-10-21T19:44:09.451508,2026-10-21T21:44:09.451508,Zoom,completed,2026-01-02T19:48:26.451524,f6c1513d-8b13-441d-98bb-1a986c21400d
b1bc8c1a-90f4-4743-9d44-47bf0cbe883f,7319bb38-0e1a-42a0-a1a3-c170af371232,ba4c6a8d-6e78-4532-82ad-fccefbf8ab96,7c08219e-cb9a-4923-9740-083764747a3f,,Quarterly Review,Meeting about contract negotiation,2026-05-28T03:52:03.451530,2026-05-28T05:22:03.451530,Teams,scheduled,2026-07-26T05:27:11.451545,f6c1513d-8b13-441d-98bb-1a986c21400d
0c5e72eb-ea89-404c-93b1-da997f697469,7319bb38-0e1a-42a0-a1a3-c170af371232,eaf0989b-5b56-4b72-9a32-2711e9c394ff,,3e96b89d-8e0b-4692-a14f-9b39fb23d29c,Support Call,Meeting about support call,2026-10-22T03:22:47.451552,2026-10-22T04:22:47.451552,In Person,no_show,2025-09-28T12:18:18.451568,0d1a00d8-532c-48b5-a0d5-e8f37068b7e8
fc344486-2849-4215-afad-f343bf3f9db9,7319bb38-0e1a-42a0-a1a3-c170af371232,638bfc6a-5a8b-4bf8-9f66-0c0d0744f19a,,,Onboarding Session,Meeting about team standup,2026-06-14T06:17:36.451574,2026-06-14T06:32:36.451574,Google Meet,scheduled,2025-12-17T07:10:41.451589,f6c1513d-8b13-441d-98bb-1a986c21400d
c80f80bb-0b70-4e59-908f-b44329b9c375,7319bb38-0e1a-42a0-a1a3-c170af371232,fd2fd60f-404e-41a6-95e7-9a06e7913261,,,Support Call,Meeting about contract negotiation,2026-07-31T22:52:40.451598,2026-08-01T00:52:40.451598,Zoom,completed,2026-05-01T23:18:00.451614,af8ae744-eaf6-49a6-9c7f-4f4aa9e503ee
159389ff-0fc8-4ff1-8f0e-ab7799434c0a,7319bb38-0e1a-42a0-a1a3-c170af371232,f6c1513d-8b13-441d-98bb-1a986c21400d,,,Training Workshop,Meeting about partnership discussion,2026-06-25T05:31:49.451620,2026-06-25T06:31:49.451620,,completed,2025-09-01T23:44:57.451635,f6c1513d-8b13-441d-98bb-1a986c21400d
ca76a098-207f-458a-91f0-b1eb5523de77,7319bb38-0e1a-42a0-a1a3-c170af371232,af8ae744-eaf6-49a6-9c7f-4f4aa9e503ee,,,Project Update,Meeting about training workshop,2026-11-02T15:23:13.451646,2026-11-02T16:08:13.451646,Teams,scheduled,2025-10-05T11:14:21.451661,af8ae744-eaf6-49a6-9c7f-4f4aa9e503ee
1a216d89-38f6-4fd3-b69f-752b296c238c,7319bb38-0e1a-42a0-a1a3-c170af371232,fd2fd60f-404e-41a6-95e7-9a06e7913261,,,Training Workshop,Meeting about performance review,2026-09-16T10:33:12.451668,2026-09-16T11:33:12.451668,Phone,scheduled,2026-05-30T15:37:29.451683,af8ae744-eaf6-49a6-9c7f-4f4aa9e503ee
c0c5d97d-d98c-4b21-a7b5-602662a31519,7319bb38-0e1a-42a0-a1a3-c170af371232,5b11e466-caa2-4b0d-ad40-becd33c6cbc2,ce0a4900-9e7b-4a7f-9ed6-6ff7839b2ff5,,Support Call,Meeting about contract negotiation,2026-08-15T05:18:30.451689,2026-08-15T06:18:30.451689,,completed,2026-07-23T11:01:03.451705,5b11e466-caa2-4b0d-ad40-becd33c6cbc2
87152ecc-b452-46b1-bd2a-21b33885ac1b,7319bb38-0e1a-42a0-a1a3-c170af371232,fd2fd60f-404e-41a6-95e7-9a06e7913261,f8916c32-b581-4065-9780-98c6ad57cf4d,,Project Update,Meeting about client check-in,2026-08-10T02:08:38.451711,2026-08-10T02:53:38.451711,,completed,2026-06-06T08:11:42.451727,0d1a00d8-532c-48b5-a0d5-e8f37068b7e8
3e10b17f-b94f-4bfe-a655-730bcbb0b8c5,7319bb38-0e1a-42a0-a1a3-c170af371232,f6c1513d-8b13-441d-98bb-1a986c21400d,,,Partnership Discussion,Meeting about product demo,2026-08-30T14:52:25.451733,2026-08-30T16:52:25.451733,Phone,no_show,2025-12-20T22:21:33.451752,638bfc6a-5a8b-4bf8-9f66-0c0d0744f19a
0915e2e5-a359-41c6-a510-f428d9408b64,7319bb38-0e1a-42a0-a1a3-c170af371232,8ae3dae5-38cd-4160-84ef-5c590af0066c,975add03-9366-4a0e-98e2-992cc8a8f65f,,Strategy Meeting,Meeting about sales call,2026-06-30T07:45:22.451818,2026-06-30T08:00:22.451818,,no_show,2025-09-19T00:57:50.451839,38b1938d-3cd4-479f-8f9c-d5fc4c1dd8fd
9cbd61d8-0f6c-45b5-b271-aabef46df77b,7319bb38-0e1a-42a0-a1a3-c170af371232,f6c1513d-8b13-441d-98bb-1a986c21400d,,,Partnership Discussion,Meeting about contract negotiation,2026-08-04T01:22:17.451846,2026-08-04T03:22:17.451846,,no_show,2025-09-17T20:33:55.451861,af8e7df9-9ce7-4499-ab19-610e813af04b
142017b4-3fc0-45db-990a-595e0b195110,7319bb38-0e1a-42a0-a1a3-c170af371232,5b11e466-caa2-4b0d-ad40-becd33c6cbc2,2123b279-d298-46e2-8970-48984dd4ec20,,Training Workshop,Meeting about support call,2026-05-14T09:31:20.451868,2026-05-14T10:01:20.451868,Zoom,cancelled,2025-11-09T04:36:50.451889,38b1938d-3cd4-479f-8f9c-d5fc4c1dd8fd
615dafcc-0a87-4fdf-8810-fad676014156,7319bb38-0e1a-42a0-a1a3-c170af371232,aabd8828-4992-4138-a82c-82d2ace3e408,,8890c8ec-c29c-4b20-ba4a-ad6198c6d83f,Product Demo,Meeting about performance review,2026-08-17T22:14:13.451899,2026-08-17T22:59:13.451899,,cancelled,2026-04-17T06:07:38.451916,0d1a00d8-532c-48b5-a0d5-e8f37068b7e8
a10c1a0d-8b07-4a06-ac7c-64e2ec8afdd7,7319bb38-0e1a-42a0-a1a3-c170af371232,968afaab-9fc3-43d8-aea9-de1b0845fb8c,,,Contract Negotiation,Meeting about performance review,2026-08-02T03:38:45.451922,2026-08-02T05:08:45.451922,,no_show,2025-12-06T14:15:52.451937,af8ae744-eaf6-49a6-9c7f-4f4aa9e503ee
f1b7b012-74a8-4d0d-9e99-225fc68f3251,7319bb38-0e1a-42a0-a1a3-c170af371232,5b11e466-caa2-4b0d-ad40-becd33c6cbc2,ed6d1e34-e4d9-4058-be65-55193d1b1cf1,,Training Workshop,Meeting about product demo,2026-10-17T05:28:12.451962,2026-10-17T06:28:12.451962,Zoom,no_show,2025-11-10T11:00:13.451996,5b11e466-caa2-4b0d-ad40-becd33c6cbc2
9cb6ce4f-a98a-4561-be04-7bfa938a8bef,7319bb38-0e1a-42a0-a1a3-c170af371232,a3b11eec-7159-4649-ad03-75eeb3c9b04f,,,Contract Negotiation,Meeting about performance review,2026-10-16T03:28:43.452009,2026-10-16T04:13:43.452009,Zoom,no_show,2025-12-05T05:36:34.452038,af8ae744-eaf6-49a6-9c7f-4f4aa9e503ee
bf3458d1-c44a-4bbf-9542-82d6411551f7,7319bb38-0e1a-42a0-a1a3-c170af371232,af8e7df9-9ce7-4499-ab19-610e813af04b,ddc86973-202e-4a54-b129-5bce8ca943e4,,Strategy Meeting,Meeting about strategy meeting,2026-07-31T17:02:37.452049,2026-07-31T17:17:37.452049,Zoom,completed,2026-05-14T02:51:02.452079,eaf0989b-5b56-4b72-9a32-2711e9c394ff
b65e3b6e-901b-407e-9c04-9c52e89a5f5e,7319bb38-0e1a-42a0-a1a3-c170af371232,0d1a00d8-532c-48b5-a0d5-e8f37068b7e8,,,Training Workshop,Meeting about sales call,2026-06-20T13:33:07.452093,2026-06-20T14:33:07.452093,,cancelled,2026-01-16T03:54:13.452117,af8ae744-eaf6-49a6-9c7f-4f4aa9e503ee
ed7e7da1-d17b-444b-b9d2-a9b22bcfbb0b,7319bb38-0e1a-42a0-a1a3-c170af371232,ba4c6a8d-6e78-4532-82ad-fccefbf8ab96,ab499ac4-51fe-48b4-bec0-7efd8f6776e6,,Project Update,Meeting about contract negotiation,2026-07-19T04:28:06.452125,2026-07-19T05:28:06.452125,Teams,scheduled,2026-01-28T07:04:09.452150,638bfc6a-5a8b-4bf8-9f66-0c0d0744f19a
56a22209-5bb9-4878-ab1a-46099b9b2b04,7319bb38-0e1a-42a0-a1a3-c170af371232,af8ae744-eaf6-49a6-9c7f-4f4aa9e503ee,,,Training Workshop,Meeting about performance review,2026-09-09T23:58:33.452158,2026-09-10T00:28:33.452158,Zoom,cancelled,2026-07-14T03:02:32.452180,0d1a00d8-532c-48b5-a0d5-e8f37068b7e8
f18e856a-1629-4a5f-ba7a-d081eb5e5b92,7319bb38-0e1a-42a0-a1a3-c170af371232,af8e7df9-9ce7-4499-ab19-610e813af04b,663813fe-ed11-4006-9aa4-3bf1cc6eca2d,,Budget Review,Meeting about team standup,2026-08-03T06:22:25.452189,2026-08-03T08:22:25.452189,Zoom,cancelled,2025-12-15T16:04:09.452212,a3b11eec-7159-4649-ad03-75eeb3c9b04f
f9a982c0-06f0-49f0-b813-211f006c4020,7319bb38-0e1a-42a0-a1a3-c170af371232,8ae3dae5-38cd-4160-84ef-5c590af0066c,,90e4d60e-047b-4ce0-91b0-3a3ddf174f78,Team Standup,Meeting about client check-in,2026-06-23T00:08:57.452220,2026-06-23T01:38:57.452220,Google Meet,completed,2025-10-06T03:10:55.452243,38b1938d-3cd4-479f-8f9c-d5fc4c1dd8fd
6eefaf00-c55f-43f0-a681-164b3a7f7385,7319bb38-0e1a-42a0-a1a3-c170af371232,5b11e466-caa2-4b0d-ad40-becd33c6cbc2,,08863d6d-e03c-47e5-a3db-3ef832788e13,Client Check-in,Meeting about contract negotiation,2026-10-13T10:05:23.452258,2026-10-13T10:35:23.452258,Zoom,scheduled,2025-11-29T09:10:31.452283,638bfc6a-5a8b-4bf8-9f66-0c0d0744f19a
e805f74c-a61c-4b99-89e6-634651cea746,7319bb38-0e1a-42a0-a1a3-c170af371232,8ae3dae5-38cd-4160-84ef-5c590af0066c,2a451929-2daf-458d-98e4-735d2159e082,,Sales Call,Meeting about training workshop,2026-09-20T14:15:27.452292,2026-09-20T16:15:27.452292,Phone,no_show,2025-11-17T03:37:43.452316,0d1a00d8-532c-48b5-a0d5-e8f37068b7e8
6242e0d4-ac86-4c0e-b529-b5dadf06bec9,7319bb38-0e1a-42a0-a1a3-c170af371232,5b11e466-caa2-4b0d-ad40-becd33c6cbc2,,e15dc33e-0703-47c4-99ff-6169015abf03,Budget Review,Meeting about product demo,2026-10-07T05:39:20.452326,2026-10-07T06:09:20.452326,,cancelled,2026-03-04T13:40:18.452350,eaf0989b-5b56-4b72-9a32-2711e9c394ff
d6fe2e1a-4ef7-410d-8320-67cfda6d0d72,7319bb38-0e1a-42a0-a1a3-c170af371232,96bb061b-9355-4d14-bab8-c5b59a63ac2a,,57d7fff8-820e-4ba6-9250-6ab009ab6dd9,Quarterly Review,Meeting about budget review,2026-06-14T13:39:18.452359,2026-06-14T15:09:18.452359,Google Meet,completed,2026-06-27T02:07:11.452389,8ae3dae5-38cd-4160-84ef-5c590af0066c
d5c03bbf-d494-4229-9671-9b6b4cf7084f,7319bb38-0e1a-42a0-a1a3-c170af371232,5b11e466-caa2-4b0d-ad40-becd33c6cbc2,,,Client Check-in,Meeting about product demo,2026-07-16T10:31:18.452399,2026-07-16T12:01:18.452399,Phone,scheduled,2026-07-10T17:05:42.452424,aabd8828-4992-4138-a82c-82d2ace3e408
b38cbdfd-cdd3-4d0c-940c-f46a5026635e,7319bb38-0e1a-42a0-a1a3-c170af371232,af8ae744-eaf6-49a6-9c7f-4f4aa9e503ee,,,Support Call,Meeting about strategy meeting,2026-11-01T23:01:22.452434,2026-11-01T23:46:22.452434,Zoom,cancelled,2026-06-26T11:50:35.452459,aabd8828-4992-4138-a82c-82d2ace3e408
23627a36-79a6-4474-83ca-b453636babf4,7319bb38-0e1a-42a0-a1a3-c170af371232,96bb061b-9355-4d14-bab8-c5b59a63ac2a,,,Product Demo,Meeting about team standup,2026-06-24T09:20:55.452470,2026-06-24T09:50:55.452470,,scheduled,2026-03-14T18:34:41.452495,96bb061b-9355-4d14-bab8-c5b59a63ac2a
68d5ef88-a455-4c11-a4e4-b3f6ca2f8f7f,7319bb38-0e1a-42a0-a1a3-c170af371232,ba4c6a8d-6e78-4532-82ad-fccefbf8ab96,,,Team Standup,Meeting about client check-in,2026-08-25T09:15:06.452505,2026-08-25T11:15:06.452505,Zoom,scheduled,2026-06-07T22:44:20.452530,0d1a00d8-532c-48b5-a0d5-e8f37068b7e8
0fae3aff-409e-400a-a575-8d5d12d47e4a,7319bb38-0e1a-42a0-a1a3-c170af371232,638bfc6a-5a8b-4bf8-9f66-0c0d0744f19a,06798cd7-0b31-4d59-84de-2e6781d31642,,Quarterly Review,Meeting about project update,2026-09-20T03:45:24.452541,2026-09-20T05:45:24.452541,Google Meet,completed,2025-11-26T11:33:14.452568,ba4c6a8d-6e78-4532-82ad-fccefbf8ab96
bd01b6ef-0275-4adf-8a13-0f7364c8ffa0,7319bb38-0e1a-42a0-a1a3-c170af371232,aabd8828-4992-4138-a82c-82d2ace3e408,1d24ceee-8319-46eb-aefa-4fa2009b438e,,Project Update,Meeting about onboarding session,2026-07-04T14:23:20.452579,2026-07-04T16:23:20.452579,,no_show,2025-12-17T17:14:37.452606,f6c1513d-8b13-441d-98bb-1a986c21400d
c18c69b6-a129-4759-bd66-303e7c438b61,7319bb38-0e1a-42a0-a1a3-c170af371232,968afaab-9fc3-43d8-aea9-de1b0845fb8c,575b75d7-f508-4e1a-bbd6-337960f6accf,,Training Workshop,Meeting about support call,2026-08-17T18:32:48.452625,2026-08-17T19:32:48.452625,Phone,completed,2025-09-02T17:29:32.452664,5b11e466-caa2-4b0d-ad40-becd33c6cbc2
1349f24e-c437-41cc-850b-fc38499ba0fb,7319bb38-0e1a-42a0-a1a3-c170af371232,af8ae744-eaf6-49a6-9c7f-4f4aa9e503ee,d321cace-f99b-4ead-aad5-32571bd0001c,,Contract Negotiation,Meeting about team standup,2026-08-12T03:23:29.452676,2026-08-12T04:08:29.452676,In Person,scheduled,2025-11-15T03:15:07.452703,38b1938d-3cd4-479f-8f9c-d5fc4c1dd8fd
cbede1fb-976e-470e-adac-0c1bfd6c7d8e,7319bb38-0e1a-42a0-a1a3-c170af371232,96bb061b-9355-4d14-bab8-c5b59a63ac2a,,,Partnership Discussion,Meeting about contract negotiation,2026-08-20T15:15:40.452714,2026-08-20T15:45:40.452714,Teams,cancelled,2025-12-07T08:13:04.452739,5b11e466-caa2-4b0d-ad40-becd33c6cbc2
b1186ab4-230d-42e9-a8db-4c7639df7097,7319bb38-0e1a-42a0-a1a3-c170af371232,0d1a00d8-532c-48b5-a0d5-e8f37068b7e8,,,Sales Call,Meeting about training workshop,2026-06-17T11:39:37.452750,2026-06-17T12:09:37.452750,Zoom,cancelled,2026-06-21T16:35:44.452776,a3b11eec-7159-4649-ad03-75eeb3c9b04f
117d14cd-d6e1-4e1b-81ad-4b012a0f9485,7319bb38-0e1a-42a0-a1a3-c170af371232,a3b11eec-7159-4649-ad03-75eeb3c9b04f,,,Product Demo,Meeting about partnership discussion,2026-05-23T22:46:04.452788,2026-05-23T23:31:04.452788,Phone,cancelled,2026-06-25T20:41:23.452814,5b11e466-caa2-4b0d-ad40-becd33c6cbc2
24b915fc-0f64-4539-aac3-9631fdca7eca,7319bb38-0e1a-42a0-a1a3-c170af371232,96bb061b-9355-4d14-bab8-c5b59a63ac2a,af4f23f2-b687-4dc5-9ef4-b9cd68b9188e,d11e4cc9-4556-4ba3-b521-f3b5901a753e,Partnership Discussion,Meeting about board meeting,2026-08-03T09:40:32.452825,2026-08-03T11:40:32.452825,Google Meet,no_show,2026-07-18T06:57:37.452853,96bb061b-9355-4d14-bab8-c5b59a63ac2a
7d29df8a-70b2-4482-b002-dcb9187d983f,7319bb38-0e1a-42a0-a1a3-c170af371232,f6c1513d-8b13-441d-98bb-1a986c21400d,,,Contract Negotiation,Meeting about project update,2026-05-12T18:59:25.452864,2026-05-12T19:29:25.452864,Phone,scheduled,2026-04-16T12:00:45.452899,96bb061b-9355-4d14-bab8-c5b59a63ac2a
6c454890-9a2e-47f9-9bad-1678ed0aed94,7319bb38-0e1a-42a0-a1a3-c170af371232,af8e7df9-9ce7-4499-ab19-610e813af04b,,,Performance Review,Meeting about support call,2026-06-08T23:51:56.452911,2026-06-09T01:21:56.452911,Zoom,no_show,2026-05-11T05:07:33.452938,fd2fd60f-404e-41a6-95e7-9a06e7913261
e36fd1d3-333f-4c80-af43-c14d236896be,7319bb38-0e1a-42a0-a1a3-c170af371232,638bfc6a-5a8b-4bf8-9f66-0c0d0744f19a,77818715-1e48-468f-a542-2c5d88c1c1c7,,Partnership Discussion,Meeting about budget review,2026-06-07T03:28:50.452949,2026-06-07T04:13:50.452949,Teams,no_show,2026-01-21T22:56:41.452981,968afaab-9fc3-43d8-aea9-de1b0845fb8c
377cee87-4ceb-4a5b-8bb1-abe7379b03a1,7319bb38-0e1a-42a0-a1a3-c170af371232,f6c1513d-8b13-441d-98bb-1a986c21400d,344dd113-5f64-416e-b8b5-5eb9b82625b5,,Support Call,Meeting about project update,2026-09-16T07:57:53.452992,2026-09-16T08:42:53.452992,Google Meet,cancelled,2025-11-10T23:36:23.453021,8ae3dae5-38cd-4160-84ef-5c590af0066c
b3fe383e-bb26-4f2d-8aaf-7c860668f40f,7319bb38-0e1a-42a0-a1a3-c170af371232,f6c1513d-8b13-441d-98bb-1a986c21400d,,,Quarterly Review,Meeting about strategy meeting,2026-06-10T23:36:31.453037,2026-06-10T23:51:31.453037,Zoom,no_show,2025-08-17T15:41:04.453064,f6c1513d-8b13-441d-98bb-1a986c21400d
89e67252-d164-47ee-b1da-e3798163823e,7319bb38-0e1a-42a0-a1a3-c170af371232,0d1a00d8-532c-48b5-a0d5-e8f37068b7e8,e1bdf8fc-3e7a-4a83-be48-25b80ed5b45f,,Performance Review,Meeting about contract negotiation,2026-07-24T19:28:11.453074,2026-07-24T19:58:11.453074,,no_show,2025-11-10T00:30:34.453101,638bfc6a-5a8b-4bf8-9f66-0c0d0744f19a
b308bae5-2483-47b0-a86a-1a11d68875f8,7319bb38-0e1a-42a0-a1a3-c170af371232,0d1a00d8-532c-48b5-a0d5-e8f37068b7e8,4488097e-ddb6-4bbd-a1f6-ab419ffc2cd9,,Performance Review,Meeting about contract negotiation,2026-10-09T06:07:24.453112,2026-10-09T06:52:24.453112,In Person,scheduled,2026-06-14T03:42:41.453140,38b1938d-3cd4-479f-8f9c-d5fc4c1dd8fd
f6921ac5-ce9c-413c-8e9e-657e15b14086,7319bb38-0e1a-42a0-a1a3-c170af371232,96bb061b-9355-4d14-bab8-c5b59a63ac2a,5009ac7d-aaab-4ac9-a4fd-b30499117008,,Strategy Meeting,Meeting about training workshop,2026-08-03T02:03:16.453151,2026-08-03T03:33:16.453151,Teams,scheduled,2026-03-17T09:38:27.453178,968afaab-9fc3-43d8-aea9-de1b0845fb8c
ec1c1be7-0678-4b3e-832c-23837f7366b8,7319bb38-0e1a-42a0-a1a3-c170af371232,aabd8828-4992-4138-a82c-82d2ace3e408,,e0f35d6b-048c-4b4c-882e-3e0b5065580d,Team Standup,Meeting about support call,2026-05-10T23:10:32.453189,2026-05-11T00:10:32.453189,In Person,completed,2026-03-17T07:53:07.453216,f6c1513d-8b13-441d-98bb-1a986c21400d
5007b3ea-6eba-4038-b063-21cb3becddd3,7319bb38-0e1a-42a0-a1a3-c170af371232,ba4c6a8d-6e78-4532-82ad-fccefbf8ab96,3c8e5404-2528-4030-bb7f-0f87c8279f28,,Training Workshop,Meeting about support call,2026-10-27T01:16:02.453226,2026-10-27T02:01:02.453226,,scheduled,2026-03-14T19:39:43.453250,638bfc6a-5a8b-4bf8-9f66-0c0d0744f19a
4c026c59-55c9-40b8-a4a7-6be424c5364e,7319bb38-0e1a-42a0-a1a3-c170af371232,0d1a00d8-532c-48b5-a0d5-e8f37068b7e8,,,Product Demo,Meeting about project update,2026-06-10T15:52:31.453259,2026-06-10T16:52:31.453259,Phone,scheduled,2026-06-20T21:01:31.453280,aabd8828-4992-4138-a82c-82d2ace3e408
1efece2b-e628-4d12-920c-f701cebb9922,2742825a-3e35-4f86-ae5a-aca92762e3ea,20c3bda5-fea6-4ea8-a48c-7cd0305cde2d,ceb8cf7d-3f2e-40e6-b8b0-2b43c1de1373,,Strategy Meeting,Meeting about client check-in,2026-07-31T19:22:06.457255,2026-07-31T20:52:06.457255,In Person,scheduled,2026-07-31T16:49:19.457339,a669f01c-9d90-47fe-b1f8-79740e2b0070
337d540e-daab-4e9e-9979-7729b264f6aa,2742825a-3e35-4f86-ae5a-aca92762e3ea,b7d19994-038b-4dbe-8e38-5141d55ae804,7d869788-ef97-4e52-8576-516be6c967ba,,Partnership Discussion,Meeting about project update,2026-10-10T02:31:51.457350,2026-10-10T04:31:51.457350,In Person,completed,2026-01-11T13:36:37.457371,1f4e14bd-50ce-450c-ab7d-5e06108ba712
b909a8b7-ba0a-46f5-ae77-1cce780b00b4,2742825a-3e35-4f86-ae5a-aca92762e3ea,c74050eb-0b79-4cba-8d19-adf0d3e0b9db,,6992205a-25f4-4ebf-a4aa-8018567a7556,Project Update,Meeting about project update,2026-10-13T12:51:12.457378,2026-10-13T14:51:12.457378,Teams,no_show,2026-06-05T12:29:41.457394,20c3bda5-fea6-4ea8-a48c-7cd0305cde2d
35b12450-8c4c-477a-9831-9f4571f96e4c,2742825a-3e35-4f86-ae5a-aca92762e3ea,8c0e1935-13b5-4990-a8a3-0be81dad1a78,,,Sales Call,Meeting about budget review,2026-07-26T20:58:38.457412,2026-07-26T22:58:38.457412,Google Meet,completed,2025-10-05T22:07:19.457429,c74050eb-0b79-4cba-8d19-adf0d3e0b9db
fe1f51dd-429d-41b8-9a14-e2b48741e8da,2742825a-3e35-4f86-ae5a-aca92762e3ea,20c3bda5-fea6-4ea8-a48c-7cd0305cde2d,,,Product Demo,Meeting about quarterly review,2026-08-19T05:26:14.457435,2026-08-19T06:26:14.457435,In Person,completed,2025-12-24T09:14:55.457451,b7d19994-038b-4dbe-8e38-5141d55ae804
a087bc33-ace0-4ead-b717-50063f5b2141,2742825a-3e35-4f86-ae5a-aca92762e3ea,a669f01c-9d90-47fe-b1f8-79740e2b0070,9bebb356-e4f2-47b9-ba54-d795907e0641,d58a6ab0-7896-4676-bad5-ff1222af3081,Board Meeting,Meeting about client check-in,2026-07-08T12:57:13.457457,2026-07-08T13:57:13.457457,Teams,cancelled,2026-04-17T06:31:27.457474,c74050eb-0b79-4cba-8d19-adf0d3e0b9db
72d19099-5eee-4493-8dfb-c84be72ea210,2742825a-3e35-4f86-ae5a-aca92762e3ea,a3cb50e2-619e-40b9-82fa-b0ae6c6c06ca,,,Client Check-in,Meeting about sales call,2026-07-16T09:03:17.457481,2026-07-16T10:03:17.457481,Phone,completed,2026-08-03T22:50:46.457496,56bbe842-f0da-4e30-a46c-38025bfb382e
62361b01-c09c-4e3b-9756-a0be3dafe328,2742825a-3e35-4f86-ae5a-aca92762e3ea,8c0e1935-13b5-4990-a8a3-0be81dad1a78,60a6a76a-e1e5-494f-8bca-02f1c94ddcab,,Strategy Meeting,Meeting about team standup,2026-10-16T22:35:34.457503,2026-10-16T23:20:34.457503,Phone,cancelled,2026-01-18T06:08:50.457519,8c0e1935-13b5-4990-a8a3-0be81dad1a78
62b41b45-6f5b-4d8a-9f27-f68d9514df89,2742825a-3e35-4f86-ae5a-aca92762e3ea,56bbe842-f0da-4e30-a46c-38025bfb382e,ecc4175d-570a-4baf-ad85-e00bcd07d481,,Training Workshop,Meeting about client check-in,2026-08-23T03:52:47.457526,2026-08-23T04:22:47.457526,Teams,completed,2026-01-24T08:06:17.457542,126bc002-0870-4341-a019-6dbae3d39a09
a878a953-0bba-4233-9f01-702aef1ddfea,2742825a-3e35-4f86-ae5a-aca92762e3ea,20c3bda5-fea6-4ea8-a48c-7cd0305cde2d,,,Product Demo,Meeting about strategy meeting,2026-06-15T08:43:09.457549,2026-06-15T08:58:09.457549,Zoom,scheduled,2025-10-21T13:51:08.457564,fc5f1462-0be4-4ddf-81a8-aa82b5148124
54a66914-cd18-4bec-8c73-e58e9801c4b6,2742825a-3e35-4f86-ae5a-aca92762e3ea,4a7a2306-6666-4f6b-9b4e-18f69f445d60,,,Budget Review,Meeting about training workshop,2026-06-09T20:53:24.457570,2026-06-09T22:23:24.457570,,completed,2026-04-28T11:58:12.457588,fdbc7119-6732-45ab-9136-cb056076a38a
d4d7012f-5426-4f7c-b29e-376b05580536,2742825a-3e35-4f86-ae5a-aca92762e3ea,56bbe842-f0da-4e30-a46c-38025bfb382e,,81d04eb7-19d1-40ee-8f27-d94391de1298,Support Call,Meeting about project update,2026-10-06T19:01:23.457595,2026-10-06T20:01:23.457595,,no_show,2026-01-06T14:06:27.457611,56bbe842-f0da-4e30-a46c-38025bfb382e
647557dd-dbf4-490c-a7c8-306a19aafe7f,2742825a-3e35-4f86-ae5a-aca92762e3ea,a3cb50e2-619e-40b9-82fa-b0ae6c6c06ca,f6bff418-ae88-4dc1-bd8f-a7beb66a7aa6,,Onboarding Session,Meeting about contract negotiation,2026-06-08T04:06:03.457617,2026-06-08T05:36:03.457617,Google Meet,completed,2025-11-16T01:43:39.457634,b7d19994-038b-4dbe-8e38-5141d55ae804
266244ec-3248-4faa-9540-6dc388c44661,2742825a-3e35-4f86-ae5a-aca92762e3ea,1f4e14bd-50ce-450c-ab7d-5e06108ba712,6d0a834e-6517-4f8d-b82a-e7fc299b92bc,,Training Workshop,Meeting about project update,2026-09-10T19:54:15.457652,2026-09-10T21:24:15.457652,In Person,scheduled,2026-07-13T16:38:50.457670,d7b70429-3c34-4940-81f0-2fd516ab47cb
98adab26-c2aa-4d76-89be-e9417499a616,2742825a-3e35-4f86-ae5a-aca92762e3ea,56bbe842-f0da-4e30-a46c-38025bfb382e,74a902bc-17ed-4225-92de-7337e9c67a71,,Support Call,Meeting about project update,2026-10-28T10:45:10.457676,2026-10-28T12:45:10.457676,,cancelled,2026-05-21T13:16:05.457692,d7b70429-3c34-4940-81f0-2fd516ab47cb
28e4a713-3f99-4ede-9849-02cd4fc09ed6,2742825a-3e35-4f86-ae5a-aca92762e3ea,c74050eb-0b79-4cba-8d19-adf0d3e0b9db,1cc996b6-152e-42f8-8163-1f2944d0b494,,Support Call,Meeting about strategy meeting,2026-08-11T23:33:42.457698,2026-08-12T00:33:42.457698,Teams,no_show,2026-03-14T12:20:23.457714,d7b70429-3c34-4940-81f0-2fd516ab47cb
22fa1dad-a07d-433b-8dff-af8cbd30e2e9,2742825a-3e35-4f86-ae5a-aca92762e3ea,56bbe842-f0da-4e30-a46c-38025bfb382e,,,Support Call,Meeting about board meeting,2026-09-26T08:56:58.457721,2026-09-26T09:41:58.457721,,completed,2025-10-10T13:34:42.457740,56bbe842-f0da-4e30-a46c-38025bfb382e
2ae23fd5-d032-4347-927c-407e3c5838b2,2742825a-3e35-4f86-ae5a-aca92762e3ea,c74050eb-0b79-4cba-8d19-adf0d3e0b9db,71d7347a-1d24-4414-bae8-69e507a35d06,,Product Demo,Meeting about budget review,2026-09-12T00:56:47.457746,2026-09-12T01:11:47.457746,Phone,cancelled,2026-08-02T20:37:08.457762,c74050eb-0b79-4cba-8d19-adf0d3e0b9db
2fc2e31b-c348-4a4b-8c91-b779098e0584,2742825a-3e35-4f86-ae5a-aca92762e3ea,c74050eb-0b79-4cba-8d19-adf0d3e0b9db,f5cac3f5-fb4a-418b-ae8e-bd0690de88df,,Support Call,Meeting about project update,2026-07-28T12:31:42.457768,2026-07-28T13:01:42.457768,,completed,2026-07-04T19:51:54.457787,c74050eb-0b79-4cba-8d19-adf0d3e0b9db
45ae7f8c-e623-4157-a168-3462bbcd1358,2742825a-3e35-4f86-ae5a-aca92762e3ea,56bbe842-f0da-4e30-a46c-38025bfb382e,,,Product Demo,Meeting about sales call,2026-10-20T02:42:18.457794,2026-10-20T03:27:18.457794,Phone,cancelled,2025-11-28T01:56:06.457809,4a7a2306-6666-4f6b-9b4e-18f69f445d60
ef9882b2-b74e-4eea-bbed-00cf747072a8,2742825a-3e35-4f86-ae5a-aca92762e3ea,fc5f1462-0be4-4ddf-81a8-aa82b5148124,,,Onboarding Session,Meeting about training workshop,2026-08-03T23:21:05.457815,2026-08-04T00:06:05.457815,Phone,no_show,2026-03-12T16:21:41.457831,a669f01c-9d90-47fe-b1f8-79740e2b0070
04041317-5537-453b-9993-ecb4c6646201,2742825a-3e35-4f86-ae5a-aca92762e3ea,1f4e14bd-50ce-450c-ab7d-5e06108ba712,,,Board Meeting,Meeting about support call,2026-05-25T20:28:06.457837,2026-05-25T21:28:06.457837,In Person,completed,2026-03-04T11:54:30.457852,1f4e14bd-50ce-450c-ab7d-5e06108ba712
4da5744d-6883-484c-b28e-dc24b564897c,2742825a-3e35-4f86-ae5a-aca92762e3ea,a3cb50e2-619e-40b9-82fa-b0ae6c6c06ca,,,Board Meeting,Meeting about project update,2026-09-03T20:09:08.457859,2026-09-03T20:39:08.457859,Phone,cancelled,2026-04-10T13:57:36.457874,c74050eb-0b79-4cba-8d19-adf0d3e0b9db
7a4adaa9-3fc0-4df7-b48d-93269b6806ec,2742825a-3e35-4f86-ae5a-aca92762e3ea,1f4e14bd-50ce-450c-ab7d-5e06108ba712,cea0b046-bd4a-452e-b0e3-61a29269bdb5,,Quarterly Review,Meeting about contract negotiation,2026-07-13T20:12:36.457884,2026-07-13T20:42:36.457884,Google Meet,scheduled,2026-05-23T11:27:49.457900,8c0e1935-13b5-4990-a8a3-0be81dad1a78
1d6a121f-e151-4c94-b6ce-b224fee1ed5b,2742825a-3e35-4f86-ae5a-aca92762e3ea,64557d9f-67a1-4513-b6da-e641464f66bb,,,Project Update,Meeting about board meeting,2026-06-24T19:34:56.457907,2026-06-24T21:34:56.457907,Zoom,completed,2026-05-28T13:20:11.457921,126bc002-0870-4341-a019-6dbae3d39a09
cee8d01e-d140-4394-83b2-81748b89f07c,2742825a-3e35-4f86-ae5a-aca92762e3ea,d7b70429-3c34-4940-81f0-2fd516ab47cb,04b592d3-50c6-4e81-a319-f95322dd997a,,Quarterly Review,Meeting about strategy meeting,2026-10-02T05:29:22.457928,2026-10-02T05:44:22.457928,Teams,cancelled,2026-01-11T22:10:41.457945,ae300c2a-88df-4b79-b08f-dabbd0efed46
76a663fa-5cad-4ac1-9c0a-baccf49221b1,2742825a-3e35-4f86-ae5a-aca92762e3ea,1f4e14bd-50ce-450c-ab7d-5e06108ba712,5fa6b9f8-0925-43ce-9804-64e53fb35edc,,Quarterly Review,Meeting about project update,2026-05-19T15:54:22.457951,2026-05-19T16:54:22.457951,Teams,completed,2025-09-04T18:32:55.457967,56bbe842-f0da-4e30-a46c-38025bfb382e
9c59c1ce-43ab-491c-b1e5-c3045d8c4a90,2742825a-3e35-4f86-ae5a-aca92762e3ea,20c3bda5-fea6-4ea8-a48c-7cd0305cde2d,71d7347a-1d24-4414-bae8-69e507a35d06,,Product Demo,Meeting about project update,2026-07-13T21:27:07.457973,2026-07-13T22:57:07.457973,Phone,completed,2025-10-06T03:31:52.457989,fc5f1462-0be4-4ddf-81a8-aa82b5148124
78dff6af-7172-49e1-b2db-16ff20a3569e,2742825a-3e35-4f86-ae5a-aca92762e3ea,126bc002-0870-4341-a019-6dbae3d39a09,,,Project Update,Meeting about board meeting,2026-10-19T09:42:36.457996,2026-10-19T10:27:36.457996,Zoom,scheduled,2026-04-28T01:53:48.458010,4a7a2306-6666-4f6b-9b4e-18f69f445d60
bb077e53-0b33-4e1e-9467-33527ec8ce36,2742825a-3e35-4f86-ae5a-aca92762e3ea,a669f01c-9d90-47fe-b1f8-79740e2b0070,8c85451a-a4ea-4ebb-82b4-53bf3447e668,,Training Workshop,Meeting about client check-in,2026-06-23T09:34:49.458020,2026-06-23T10:34:49.458020,Teams,no_show,2026-06-25T18:42:35.458037,ae300c2a-88df-4b79-b08f-dabbd0efed46
26225b30-84c3-4d45-8276-5a94cc471478,2742825a-3e35-4f86-ae5a-aca92762e3ea,b7d19994-038b-4dbe-8e38-5141d55ae804,997046ae-cac4-4bf8-b00c-8adf9d727dd6,e0707436-8831-40fd-870e-f2bf6e7b48ad,Budget Review,Meeting about contract negotiation,2026-05-16T11:51:44.458043,2026-05-16T13:21:44.458043,Phone,scheduled,2025-12-18T19:18:45.458063,d7b70429-3c34-4940-81f0-2fd516ab47cb
2d32101f-5b72-451f-b7bf-6a01ee8f6b12,2742825a-3e35-4f86-ae5a-aca92762e3ea,fc5f1462-0be4-4ddf-81a8-aa82b5148124,80463376-a790-4a26-a64c-c8f68bd39378,606d405c-a91c-44a9-a1e6-151ede2bfb5d,Contract Negotiation,Meeting about partnership discussion,2026-08-02T03:13:33.458070,2026-08-02T03:28:33.458070,Zoom,scheduled,2026-07-28T04:43:15.458087,ae300c2a-88df-4b79-b08f-dabbd0efed46
8f42d477-2f4f-4ac6-8cda-4e1e6c2f2495,2742825a-3e35-4f86-ae5a-aca92762e3ea,d7b70429-3c34-4940-81f0-2fd516ab47cb,,,Training Workshop,Meeting about team standup,2026-05-13T10:19:15.458093,2026-05-13T11:19:15.458093,Zoom,completed,2026-05-11T16:38:38.458108,8c0e1935-13b5-4990-a8a3-0be81dad1a78
7ecd2749-2c68-4974-bb7b-d591ea6af395,2742825a-3e35-4f86-ae5a-aca92762e3ea,a3cb50e2-619e-40b9-82fa-b0ae6c6c06ca,ae85da80-0229-4389-a16c-e51f09755e8b,,Contract Negotiation,Meeting about onboarding session,2026-09-26T20:45:42.458122,2026-09-26T21:15:42.458122,Zoom,no_show,2026-04-15T11:31:50.458139,fc5f1462-0be4-4ddf-81a8-aa82b5148124
46b0a5d1-844c-47e1-9eec-c4d9db87f627,2742825a-3e35-4f86-ae5a-aca92762e3ea,20c3bda5-fea6-4ea8-a48c-7cd0305cde2d,39d4f5d7-8572-4f55-9248-e7b9314ce595,,Performance Review,Meeting about product demo,2026-10-02T02:52:58.458145,2026-10-02T03:22:58.458145,In Person,completed,2026-02-24T16:18:56.458162,64557d9f-67a1-4513-b6da-e641464f66bb
15459464-5e0b-409b-ab4a-28709dca32f7,2742825a-3e35-4f86-ae5a-aca92762e3ea,4a7a2306-6666-4f6b-9b4e-18f69f445d60,,,Product Demo,Meeting about product demo,2026-10-30T05:30:19.458168,2026-10-30T06:30:19.458168,Phone,scheduled,2026-04-17T09:07:06.458183,126bc002-0870-4341-a019-6dbae3d39a09
6d003f51-d870-4f3d-83c6-594586057441,2742825a-3e35-4f86-ae5a-aca92762e3ea,56bbe842-f0da-4e30-a46c-38025bfb382e,,,Board Meeting,Meeting about onboarding session,2026-07-07T02:13:32.458189,2026-07-07T04:13:32.458189,Zoom,scheduled,2026-05-09T00:38:03.458204,a3cb50e2-619e-40b9-82fa-b0ae6c6c06ca
7dbd6bd7-1d89-482b-8c20-2e431d79002f,2742825a-3e35-4f86-ae5a-aca92762e3ea,8c0e1935-13b5-4990-a8a3-0be81dad1a78,,,Performance Review,Meeting about product demo,2026-08-04T12:24:40.458210,2026-08-04T12:39:40.458210,Google Meet,cancelled,2026-06-13T08:09:42.458225,b7d19994-038b-4dbe-8e38-5141d55ae804
f2788a7c-a0f1-4b96-ba10-3a70ab800872,2742825a-3e35-4f86-ae5a-aca92762e3ea,64557d9f-67a1-4513-b6da-e641464f66bb,,,Training Workshop,Meeting about budget review,2026-10-30T17:57:31.458231,2026-10-30T18:12:31.458231,Google Meet,completed,2026-07-01T21:51:48.458245,a669f01c-9d90-47fe-b1f8-79740e2b0070
23bbd3d1-5bd0-4187-a233-60cfb5e2a8e8,2742825a-3e35-4f86-ae5a-aca92762e3ea,fc5f1462-0be4-4ddf-81a8-aa82b5148124,a32cd356-c07d-4d89-a2ef-955a3fdff3a0,,Onboarding Session,Meeting about board meeting,2026-10-27T01:12:41.458252,2026-10-27T02:42:41.458252,In Person,scheduled,2025-12-24T19:23:30.458267,4a7a2306-6666-4f6b-9b4e-18f69f445d60
0c6a0225-e5fd-4f63-be0a-8bf8cc477621,2742825a-3e35-4f86-ae5a-aca92762e3ea,4a7a2306-6666-4f6b-9b4e-18f69f445d60,,8907818c-8d3f-4ee9-b3c9-b4f74aa53632,Onboarding Session,Meeting about board meeting,2026-07-17T22:44:52.458274,2026-07-18T00:44:52.458274,Teams,completed,2025-10-05T12:43:29.458290,d7b70429-3c34-4940-81f0-2fd516ab47cb
04a7eae7-03b6-49c2-96bb-7cb5302743be,2742825a-3e35-4f86-ae5a-aca92762e3ea,8c0e1935-13b5-4990-a8a3-0be81dad1a78,,c09c3627-6692-4498-a2ea-801df3c81d63,Contract Negotiation,Meeting about sales call,2026-10-18T00:00:09.458296,2026-10-18T00:45:09.458296,,scheduled,2026-04-16T20:05:57.458311,b7d19994-038b-4dbe-8e38-5141d55ae804
857dfbf1-a194-4e43-b98b-426803507fdb,2742825a-3e35-4f86-ae5a-aca92762e3ea,8c0e1935-13b5-4990-a8a3-0be81dad1a78,d62765a8-ae5d-4dac-939d-c433b85f78cf,,Support Call,Meeting about product demo,2026-10-28T16:51:29.458318,2026-10-28T17:06:29.458318,Teams,no_show,2026-01-20T04:50:12.458337,c74050eb-0b79-4cba-8d19-adf0d3e0b9db
88e76202-be69-4ca1-8e7d-a3e138173ea3,2742825a-3e35-4f86-ae5a-aca92762e3ea,56bbe842-f0da-4e30-a46c-38025bfb382e,,,Quarterly Review,Meeting about support call,2026-09-12T02:11:15.458347,2026-09-12T04:11:15.458347,Google Meet,completed,2026-03-16T08:15:33.458362,64557d9f-67a1-4513-b6da-e641464f66bb
f007d5fd-4fc5-408b-8005-65dacc75fb32,2742825a-3e35-4f86-ae5a-aca92762e3ea,fc5f1462-0be4-4ddf-81a8-aa82b5148124,3f90507e-3211-4d1c-af46-0182a0f4a067,006581aa-3022-4977-9cba-5b89272202a7,Onboarding Session,Meeting about contract negotiation,2026-08-28T04:35:23.458368,2026-08-28T04:50:23.458368,Teams,completed,2025-10-02T22:40:58.458385,fdbc7119-6732-45ab-9136-cb056076a38a
fb6e8c5a-f2d6-4a1c-96a9-27ddf3c6dd58,2742825a-3e35-4f86-ae5a-aca92762e3ea,ae300c2a-88df-4b79-b08f-dabbd0efed46,,4978457e-33c8-4f56-b09e-86793b01b246,Product Demo,Meeting about sales call,2026-10-26T18:30:34.458391,2026-10-26T19:00:34.458391,In Person,no_show,2026-04-27T10:15:12.458407,fdbc7119-6732-45ab-9136-cb056076a38a
df23cd63-f47a-4fce-b80a-f84aca321fe2,2742825a-3e35-4f86-ae5a-aca92762e3ea,a669f01c-9d90-47fe-b1f8-79740e2b0070,b9f0e8f0-9328-4be7-bd02-0a4235b87a83,31d1e953-88ad-4e81-a256-833c8a683234,Training Workshop,Meeting about project update,2026-10-17T02:59:23.458413,2026-10-17T03:59:23.458413,Phone,no_show,2025-10-20T19:31:53.458430,8c0e1935-13b5-4990-a8a3-0be81dad1a78
58508bab-7a87-47a7-8006-f3c51a256521,2742825a-3e35-4f86-ae5a-aca92762e3ea,1f4e14bd-50ce-450c-ab7d-5e06108ba712,,,Onboarding Session,Meeting about product demo,2026-05-29T20:39:05.458436,2026-05-29T20:54:05.458436,Phone,scheduled,2026-01-27T02:43:37.458451,a3cb50e2-619e-40b9-82fa-b0ae6c6c06ca
1be7b765-922c-4028-8255-34d98ec7ce8e,2742825a-3e35-4f86-ae5a-aca92762e3ea,64557d9f-67a1-4513-b6da-e641464f66bb,,b1a03a5a-5692-487d-a394-42a0b3f63699,Partnership Discussion,Meeting about quarterly review,2026-06-20T04:31:01.458457,2026-06-20T06:31:01.458457,Teams,completed,2025-12-10T17:29:06.458472,8c0e1935-13b5-4990-a8a3-0be81dad1a78
4cc79f3f-e319-47f8-b05f-a1b297d9a803,2742825a-3e35-4f86-ae5a-aca92762e3ea,126bc002-0870-4341-a019-6dbae3d39a09,,,Contract Negotiation,Meeting about sales call,2026-11-04T23:47:33.458478,2026-11-05T00:17:33.458478,,cancelled,2025-10-11T02:26:17.458493,b7d19994-038b-4dbe-8e38-5141d55ae804
c40b4986-ee90-4db8-98dd-8ec59d382cda,2742825a-3e35-4f86-ae5a-aca92762e3ea,20c3bda5-fea6-4ea8-a48c-7cd0305cde2d,54bce71c-97b6-4754-9a8b-29490318eed5,32a98904-24ba-480c-b4cf-8be1aabb62e0,Client Check-in,Meeting about quarterly review,2026-06-07T00:25:17.458499,2026-06-07T00:55:17.458499,Zoom,completed,2026-07-15T21:38:52.458516,126bc002-0870-4341-a019-6dbae3d39a09
96647ad4-a8c5-40f9-8a03-8ae22e744164,2742825a-3e35-4f86-ae5a-aca92762e3ea,64557d9f-67a1-4513-b6da-e641464f66bb,cf1c80ae-e8c8-48f0-b186-09c41c7cb16a,,Partnership Discussion,Meeting about performance review,2026-06-06T01:09:42.458522,2026-06-06T01:24:42.458522,Google Meet,cancelled,2025-11-02T19:02:51.458539,a3cb50e2-619e-40b9-82fa-b0ae6c6c06ca
12dd34e6-0489-45f7-9eac-9480d5d1a10e,2742825a-3e35-4f86-ae5a-aca92762e3ea,64557d9f-67a1-4513-b6da-e641464f66bb,,72fb6cc0-a3a0-4a48-bec1-6b514dd9222d,Team Standup,Meeting about board meeting,2026-05-26T10:55:15.458545,2026-05-26T12:55:15.458545,Google Meet,completed,2026-01-16T04:33:00.458561,fdbc7119-6732-45ab-9136-cb056076a38a
df93a87d-5e9d-4c8b-8ebb-bcb17b0e8df6,2742825a-3e35-4f86-ae5a-aca92762e3ea,a3cb50e2-619e-40b9-82fa-b0ae6c6c06ca,,,Product Demo,Meeting about budget review,2026-08-10T05:44:00.458570,2026-08-10T06:44:00.458570,Google Meet,no_show,2025-12-18T08:02:58.458586,1f4e14bd-50ce-450c-ab7d-5e06108ba712
2706d781-32b8-4494-9518-3cadd2b7ce29,2742825a-3e35-4f86-ae5a-aca92762e3ea,20c3bda5-fea6-4ea8-a48c-7cd0305cde2d,c2a18e03-c0c8-4418-a0d4-d67983263528,,Project Update,Meeting about quarterly review,2026-09-09T11:08:35.458592,2026-09-09T11:38:35.458592,Phone,completed,2025-10-25T01:04:26.458609,20c3bda5-fea6-4ea8-a48c-7cd0305cde2d
358336cf-5a05-4ea6-b637-b4a27d8637bc,2742825a-3e35-4f86-ae5a-aca92762e3ea,56bbe842-f0da-4e30-a46c-38025bfb382e,2616910a-21ea-4caa-8a0b-7ebf0c14b099,,Project Update,Meeting about performance review,2026-05-27T23:09:04.458615,2026-05-28T00:09:04.458615,Zoom,cancelled,2026-07-11T22:11:56.458631,56bbe842-f0da-4e30-a46c-38025bfb382e
58eceae3-5ab3-483e-b741-60b44087c612,2742825a-3e35-4f86-ae5a-aca92762e3ea,1f4e14bd-50ce-450c-ab7d-5e06108ba712,,,Budget Review,Meeting about support call,2026-05-14T14:03:25.458637,2026-05-14T15:03:25.458637,Google Meet,cancelled,2025-11-01T09:12:54.458662,a669f01c-9d90-47fe-b1f8-79740e2b0070
e429db45-b507-4c33-8268-b1bb5eb912db,2742825a-3e35-4f86-ae5a-aca92762e3ea,b7d19994-038b-4dbe-8e38-5141d55ae804,8c85451a-a4ea-4ebb-82b4-53bf3447e668,,Support Call,Meeting about board meeting,2026-10-30T21:56:39.458669,2026-10-30T23:56:39.458669,In Person,scheduled,2025-11-30T04:04:32.458684,c74050eb-0b79-4cba-8d19-adf0d3e0b9db
dcce3878-5b07-40fe-b505-6bf5292fa1a0,2742825a-3e35-4f86-ae5a-aca92762e3ea,ae300c2a-88df-4b79-b08f-dabbd0efed46,,60e56974-f15f-4c24-bc13-9970989bab01,Performance Review,Meeting about quarterly review,2026-05-15T01:20:37.458690,2026-05-15T01:35:37.458690,Teams,scheduled,2026-07-27T23:44:57.458706,20c3bda5-fea6-4ea8-a48c-7cd0305cde2d
0269fdba-be7e-4cea-bf58-b876681e1e2e,2742825a-3e35-4f86-ae5a-aca92762e3ea,1f4e14bd-50ce-450c-ab7d-5e06108ba712,,,Training Workshop,Meeting about product demo,2026-06-10T21:57:54.458712,2026-06-10T23:27:54.458712,Zoom,scheduled,2026-05-24T15:14:55.458727,a3cb50e2-619e-40b9-82fa-b0ae6c6c06ca
466a13ca-9c80-402a-a1d1-fefb0c780e9f,2742825a-3e35-4f86-ae5a-aca92762e3ea,a669f01c-9d90-47fe-b1f8-79740e2b0070,2f15845d-b2e3-4563-bfc8-83cf8a62871f,,Support Call,Meeting about quarterly review,2026-05-23T16:20:40.458733,2026-05-23T16:50:40.458733,Teams,no_show,2026-02-13T20:47:12.458749,fc5f1462-0be4-4ddf-81a8-aa82b5148124
38ef2b2c-7ff2-48eb-bbe9-f3b07f15a59a,2742825a-3e35-4f86-ae5a-aca92762e3ea,8c0e1935-13b5-4990-a8a3-0be81dad1a78,d59f00f5-9f56-4bf6-ad11-a36fd376bd67,,Performance Review,Meeting about strategy meeting,2026-06-08T06:22:55.458756,2026-06-08T07:07:55.458756,In Person,no_show,2026-06-05T19:45:57.458772,4a7a2306-6666-4f6b-9b4e-18f69f445d60
70c2007a-bc55-43f6-9360-1827df335815,2742825a-3e35-4f86-ae5a-aca92762e3ea,b7d19994-038b-4dbe-8e38-5141d55ae804,,ca449f1c-0763-43ae-92b2-d0d3195cbe16,Performance Review,Meeting about contract negotiation,2026-07-23T04:04:05.458778,2026-07-23T06:04:05.458778,Phone,cancelled,2026-04-21T23:06:44.458794,fc5f1462-0be4-4ddf-81a8-aa82b5148124
ecabff0d-c314-4c99-9f2e-a154393e4623,2742825a-3e35-4f86-ae5a-aca92762e3ea,4a7a2306-6666-4f6b-9b4e-18f69f445d60,859b452b-6aaa-473c-858d-a8f64934bbc9,,Training Workshop,Meeting about budget review,2026-08-12T15:14:16.458803,2026-08-12T16:14:16.458803,Zoom,no_show,2025-12-11T03:38:50.458820,a3cb50e2-619e-40b9-82fa-b0ae6c6c06ca
3ba4a1f1-293e-4a05-aaf9-e6c2f3f93956,2742825a-3e35-4f86-ae5a-aca92762e3ea,c74050eb-0b79-4cba-8d19-adf0d3e0b9db,,,Budget Review,Meeting about budget review,2026-07-26T08:06:30.458826,2026-07-26T08:51:30.458826,In Person,completed,2026-05-06T11:36:20.458841,b7d19994-038b-4dbe-8e38-5141d55ae804
5eb8e03a-17aa-4836-926c-7e3cce61d0de,2742825a-3e35-4f86-ae5a-aca92762e3ea,126bc002-0870-4341-a019-6dbae3d39a09,74a6fc4b-f78c-4ab7-a6ca-5d0ef475552a,,Quarterly Review,Meeting about quarterly review,2026-05-28T23:18:34.458847,2026-05-28T23:48:34.458847,Teams,completed,2026-04-07T06:10:17.458867,4a7a2306-6666-4f6b-9b4e-18f69f445d60
f313e37d-7755-40ba-8176-651ed7a7c912,2742825a-3e35-4f86-ae5a-aca92762e3ea,a669f01c-9d90-47fe-b1f8-79740e2b0070,76850b46-ad44-42d4-9cce-39b56015f541,198e4965-c251-4db3-8e58-9661f25092c2,Product Demo,Meeting about performance review,2026-07-20T21:23:49.458873,2026-07-20T22:53:49.458873,Teams,scheduled,2026-06-18T18:27:58.458889,4a7a2306-6666-4f6b-9b4e-18f69f445d60
5f540316-5599-4b72-8472-5264d5edf986,2742825a-3e35-4f86-ae5a-aca92762e3ea,4a7a2306-6666-4f6b-9b4e-18f69f445d60,,,Budget Review,Meeting about onboarding session,2026-09-12T23:25:20.458895,2026-09-12T23:40:20.458895,In Person,cancelled,2026-03-02T11:14:39.458910,56bbe842-f0da-4e30-a46c-38025bfb382e
d39dc7b1-8a84-4f01-be1c-805d71edaf70,2742825a-3e35-4f86-ae5a-aca92762e3ea,1f4e14bd-50ce-450c-ab7d-5e06108ba712,27be5d54-4c7c-437f-b410-61c9fee840a1,8b360a73-87d4-49b2-9a89-b8fec44a85d9,Onboarding Session,Meeting about partnership discussion,2026-08-07T23:32:53.458916,2026-08-08T01:02:53.458916,Teams,completed,2026-06-24T15:03:17.458933,1f4e14bd-50ce-450c-ab7d-5e06108ba712
c94d773f-431d-4cdd-b629-7600b965c6af,2742825a-3e35-4f86-ae5a-aca92762e3ea,126bc002-0870-4341-a019-6dbae3d39a09,67abdf28-39ef-4981-ae40-ae695289bdbe,68d4e429-56e6-46fc-ab36-b93bbf037304,Team Standup,Meeting about onboarding session,2026-07-20T00:00:43.458939,2026-07-20T00:15:43.458939,In Person,no_show,2025-08-24T05:17:24.458955,4a7a2306-6666-4f6b-9b4e-18f69f445d60
437123cf-f04d-404a-b6eb-75960d696a13,2742825a-3e35-4f86-ae5a-aca92762e3ea,d7b70429-3c34-4940-81f0-2fd516ab47cb,,,Project Update,Meeting about budget review,2026-07-05T21:40:33.458961,2026-07-05T22:40:33.458961,In Person,cancelled,2026-07-28T01:54:12.458980,20c3bda5-fea6-4ea8-a48c-7cd0305cde2d
2f8f4689-3698-4b84-af1a-bfa77ab8f67a,2742825a-3e35-4f86-ae5a-aca92762e3ea,ae300c2a-88df-4b79-b08f-dabbd0efed46,e4b0899e-e302-4dd3-8204-06745320e5ba,,Onboarding Session,Meeting about project update,2026-06-05T11:58:46.458986,2026-06-05T12:43:46.458986,Google Meet,completed,2026-05-26T05:34:02.459044,4a7a2306-6666-4f6b-9b4e-18f69f445d60
a7707e20-9bf6-419f-bb75-bbce926e11f0,2742825a-3e35-4f86-ae5a-aca92762e3ea,4a7a2306-6666-4f6b-9b4e-18f69f445d60,1fffec2b-6b1f-4401-bf90-6211405232f7,,Board Meeting,Meeting about client check-in,2026-10-24T20:43:51.459055,2026-10-24T22:13:51.459055,Teams,scheduled,2025-12-08T11:12:26.459078,1f4e14bd-50ce-450c-ab7d-5e06108ba712
77287146-6871-4686-b0cd-f81dfa30b597,2742825a-3e35-4f86-ae5a-aca92762e3ea,a669f01c-9d90-47fe-b1f8-79740e2b0070,,a88c7dcc-d9cb-4a1e-806d-ece05977d531,Partnership Discussion,Meeting about board meeting,2026-10-10T11:38:56.459093,2026-10-10T13:38:56.459093,In Person,completed,2026-07-14T18:45:56.459119,c74050eb-0b79-4cba-8d19-adf0d3e0b9db
54f3611c-f3be-4a69-b2f5-37eb6cd8ed69,2742825a-3e35-4f86-ae5a-aca92762e3ea,126bc002-0870-4341-a019-6dbae3d39a09,e235781d-93fd-46aa-8d36-2d84ade71193,,Support Call,Meeting about strategy meeting,2026-05-27T11:32:34.459129,2026-05-27T11:47:34.459129,,completed,2026-03-21T03:42:31.459160,a3cb50e2-619e-40b9-82fa-b0ae6c6c06ca
2143d81a-15ce-4cf2-b1a0-ee84c355ad7d,2742825a-3e35-4f86-ae5a-aca92762e3ea,a669f01c-9d90-47fe-b1f8-79740e2b0070,07d4726b-07f0-4725-8e46-1e2a263e01be,,Quarterly Review,Meeting about support call,2026-06-03T07:00:46.459171,2026-06-03T08:00:46.459171,,scheduled,2025-11-30T00:08:33.459202,1f4e14bd-50ce-450c-ab7d-5e06108ba712
3d23b36e-50f4-4d77-a2be-28438553e2b1,2742825a-3e35-4f86-ae5a-aca92762e3ea,fc5f1462-0be4-4ddf-81a8-aa82b5148124,,,Budget Review,Meeting about client check-in,2026-09-26T15:20:13.459213,2026-09-26T15:35:13.459213,Phone,cancelled,2026-04-20T19:07:26.459238,fc5f1462-0be4-4ddf-81a8-aa82b5148124
ea087dcf-d60e-4be4-958a-4ff94228df2e,2742825a-3e35-4f86-ae5a-aca92762e3ea,a669f01c-9d90-47fe-b1f8-79740e2b0070,086e9681-6b80-497c-b555-9d19689d7d00,,Board Meeting,Meeting about performance review,2026-08-13T00:34:01.459253,2026-08-13T02:04:01.459253,In Person,no_show,2025-10-22T04:21:03.459271,d7b70429-3c34-4940-81f0-2fd516ab47cb
ac9e341b-ad32-48d7-9d2e-e402b72f6f23,2742825a-3e35-4f86-ae5a-aca92762e3ea,d7b70429-3c34-4940-81f0-2fd516ab47cb,f4e2fc2d-cb5a-4963-9dec-7093b317b6aa,,Client Check-in,Meeting about strategy meeting,2026-08-31T07:39:40.459277,2026-08-31T07:54:40.459277,,cancelled,2026-07-13T01:08:23.459294,64557d9f-67a1-4513-b6da-e641464f66bb
61268898-5f0d-40f4-a651-5e2f74078efd,2742825a-3e35-4f86-ae5a-aca92762e3ea,4a7a2306-6666-4f6b-9b4e-18f69f445d60,acc1dd20-880d-4bad-bd9e-f25e0d5979c5,5deb3f05-fbf1-49df-abcf-369543f2f77d,Team Standup,Meeting about client check-in,2026-08-11T19:15:31.459300,2026-08-11T20:15:31.459300,Google Meet,scheduled,2026-07-13T23:19:36.459318,fc5f1462-0be4-4ddf-81a8-aa82b5148124
9fea0e9b-d40b-4f5e-94f7-2d7b3c4a9c7c,2742825a-3e35-4f86-ae5a-aca92762e3ea,126bc002-0870-4341-a019-6dbae3d39a09,,6440fd92-3c4d-40f3-be19-32fd4b55763b,Training Workshop,Meeting about product demo,2026-08-12T18:20:17.459324,2026-08-12T19:20:17.459324,Google Meet,no_show,2025-08-30T20:52:13.459340,d7b70429-3c34-4940-81f0-2fd516ab47cb
615cfd7b-45c2-4e02-8a5d-42b6754af512,2742825a-3e35-4f86-ae5a-aca92762e3ea,a669f01c-9d90-47fe-b1f8-79740e2b0070,,,Support Call,Meeting about sales call,2026-09-10T10:50:19.459346,2026-09-10T11:05:19.459346,Phone,cancelled,2026-05-09T15:15:23.459361,c74050eb-0b79-4cba-8d19-adf0d3e0b9db
252d1a24-1abc-429c-8382-da47d5a19d2a,2742825a-3e35-4f86-ae5a-aca92762e3ea,4a7a2306-6666-4f6b-9b4e-18f69f445d60,,,Product Demo,Meeting about contract negotiation,2026-09-09T16:08:12.459367,2026-09-09T17:08:12.459367,Teams,completed,2025-11-03T11:26:55.459382,d7b70429-3c34-4940-81f0-2fd516ab47cb
0cb64bdb-a0cd-475c-af58-a9b0d275802b,2742825a-3e35-4f86-ae5a-aca92762e3ea,1f4e14bd-50ce-450c-ab7d-5e06108ba712,,4f309503-8425-45e6-b983-f2ea5ce696c1,Onboarding Session,Meeting about budget review,2026-05-13T13:34:56.459393,2026-05-13T14:19:56.459393,,completed,2026-04-24T22:05:09.459413,fdbc7119-6732-45ab-9136-cb056076a38a
ca3fdfc2-f4ad-4e14-9164-635411faebf4,2742825a-3e35-4f86-ae5a-aca92762e3ea,c74050eb-0b79-4cba-8d19-adf0d3e0b9db,,,Performance Review,Meeting about team standup,2026-06-07T21:36:50.459419,2026-06-07T22:36:50.459419,Zoom,completed,2025-09-10T19:26:52.459435,a669f01c-9d90-47fe-b1f8-79740e2b0070
01d602c0-e837-4f38-8ae9-f4fd1b384ee5,2742825a-3e35-4f86-ae5a-aca92762e3ea,a669f01c-9d90-47fe-b1f8-79740e2b0070,,,Performance Review,Meeting about project update,2026-05-28T21:56:19.459441,2026-05-28T23:56:19.459441,Teams,completed,2025-11-11T02:35:27.459457,c74050eb-0b79-4cba-8d19-adf0d3e0b9db
6aca4f09-088d-43f7-ac1e-8db2695b1e4b,2742825a-3e35-4f86-ae5a-aca92762e3ea,d7b70429-3c34-4940-81f0-2fd516ab47cb,,,Strategy Meeting,Meeting about board meeting,2026-06-12T18:23:32.459463,2026-06-12T18:53:32.459463,In Person,completed,2026-02-26T23:56:23.459478,64557d9f-67a1-4513-b6da-e641464f66bb
c3a40464-dcb0-4486-b043-01ada1245b94,2742825a-3e35-4f86-ae5a-aca92762e3ea,8c0e1935-13b5-4990-a8a3-0be81dad1a78,,,Board Meeting,Meeting about performance review,2026-06-29T09:10:48.459484,2026-06-29T10:10:48.459484,Google Meet,completed,2025-12-24T14:12:37.459499,4a7a2306-6666-4f6b-9b4e-18f69f445d60
a8f4cc77-081c-49be-a7b1-defe796e1b9a,2742825a-3e35-4f86-ae5a-aca92762e3ea,1f4e14bd-50ce-450c-ab7d-5e06108ba712,,,Quarterly Review,Meeting about support call,2026-10-11T07:20:26.459505,2026-10-11T08:05:26.459505,,completed,2025-10-09T04:56:22.459520,ae300c2a-88df-4b79-b08f-dabbd0efed46
5d372858-412d-49b9-ae88-a1e10ec39e7d,2742825a-3e35-4f86-ae5a-aca92762e3ea,d7b70429-3c34-4940-81f0-2fd516ab47cb,9354cab5-4436-4e38-8fe5-2213de14a549,2f99d461-b366-4b9f-b58c-44b07421a74a,Budget Review,Meeting about training workshop,2026-10-23T06:45:07.459526,2026-10-23T07:00:07.459526,Teams,scheduled,2025-11-15T16:00:02.459544,c74050eb-0b79-4cba-8d19-adf0d3e0b9db
c064519b-3b98-4d12-9250-9f48b9a5320f,2742825a-3e35-4f86-ae5a-aca92762e3ea,56bbe842-f0da-4e30-a46c-38025bfb382e,,,Sales Call,Meeting about quarterly review,2026-08-18T04:04:07.459550,2026-08-18T05:34:07.459550,Google Meet,no_show,2025-09-04T23:21:00.459565,4a7a2306-6666-4f6b-9b4e-18f69f445d60
504aad92-2bb2-4760-ab67-4e2705a34984,2742825a-3e35-4f86-ae5a-aca92762e3ea,20c3bda5-fea6-4ea8-a48c-7cd0305cde2d,,,Sales Call,Meeting about quarterly review,2026-07-22T02:02:19.459571,2026-07-22T03:02:19.459571,Google Meet,no_show,2026-05-12T08:34:15.459586,ae300c2a-88df-4b79-b08f-dabbd0efed46
405159c6-4549-4b4d-83f5-02eb1adf4a20,2742825a-3e35-4f86-ae5a-aca92762e3ea,8c0e1935-13b5-4990-a8a3-0be81dad1a78,,815f4801-8c96-4d97-b1e0-5e4d982d6fc1,Client Check-in,Meeting about budget review,2026-09-30T20:07:41.459592,2026-09-30T21:07:41.459592,Zoom,scheduled,2025-08-30T00:51:39.459608,a669f01c-9d90-47fe-b1f8-79740e2b0070
6b184274-880c-4bf1-b421-9f4ce429335d,2742825a-3e35-4f86-ae5a-aca92762e3ea,d7b70429-3c34-4940-81f0-2fd516ab47cb,,2f2392cf-3809-4170-aefc-f58c8f5c59b2,Sales Call,Meeting about project update,2026-06-05T06:12:03.459617,2026-06-05T07:12:03.459617,,scheduled,2026-05-19T03:53:30.459633,1f4e14bd-50ce-450c-ab7d-5e06108ba712
c9c4c197-2d19-4c81-90a0-fa7eda8db40f,2742825a-3e35-4f86-ae5a-aca92762e3ea,8c0e1935-13b5-4990-a8a3-0be81dad1a78,,,Onboarding Session,Meeting about performance review,2026-07-03T12:24:49.459640,2026-07-03T14:24:49.459640,Zoom,scheduled,2025-10-25T20:29:35.459660,1f4e14bd-50ce-450c-ab7d-5e06108ba712
55d6d21b-9204-42a0-89b5-641f3804b732,2742825a-3e35-4f86-ae5a-aca92762e3ea,1f4e14bd-50ce-450c-ab7d-5e06108ba712,,,Quarterly Review,Meeting about contract negotiation,2026-09-10T21:46:01.459666,2026-09-10T22:46:01.459666,,no_show,2025-12-29T13:58:14.459681,8c0e1935-13b5-4990-a8a3-0be81dad1a78
2a82b181-369b-4349-b6c2-895c6bec47f3,2742825a-3e35-4f86-ae5a-aca92762e3ea,a669f01c-9d90-47fe-b1f8-79740e2b0070,093a02d1-87ed-49ec-af7e-97e96032c2f0,,Sales Call,Meeting about support call,2026-07-21T19:11:36.459687,2026-07-21T19:41:36.459687,Zoom,cancelled,2026-04-11T01:50:02.459703,64557d9f-67a1-4513-b6da-e641464f66bb
c936151b-4d91-4b54-8014-d2d7d9e2fa33,2742825a-3e35-4f86-ae5a-aca92762e3ea,a669f01c-9d90-47fe-b1f8-79740e2b0070,9f21b32e-df01-430b-8b3d-13e20fb866da,,Project Update,Meeting about sales call,2026-05-11T05:17:19.459713,2026-05-11T06:02:19.459713,Google Meet,scheduled,2025-11-28T18:49:22.459730,126bc002-0870-4341-a019-6dbae3d39a09
9a328e1e-4ff9-40a3-a04a-f2e33f988b04,2742825a-3e35-4f86-ae5a-aca92762e3ea,1f4e14bd-50ce-450c-ab7d-5e06108ba712,4c2c3caa-fa1d-4240-8816-f7891505f11b,,Performance Review,Meeting about team standup,2026-05-13T03:01:30.459736,2026-05-13T03:31:30.459736,,completed,2025-08-22T05:33:15.459809,c74050eb-0b79-4cba-8d19-adf0d3e0b9db
cd674d9c-0375-4b5a-9e05-c7b28eed7369,2742825a-3e35-4f86-ae5a-aca92762e3ea,20c3bda5-fea6-4ea8-a48c-7cd0305cde2d,,,Performance Review,Meeting about support call,2026-10-28T01:54:16.459823,2026-10-28T02:54:16.459823,Phone,completed,2026-02-12T11:33:15.459855,fdbc7119-6732-45ab-9136-cb056076a38a
1329850b-18fc-4739-b981-ba02edba04e5,2742825a-3e35-4f86-ae5a-aca92762e3ea,b7d19994-038b-4dbe-8e38-5141d55ae804,48108afb-9475-48a7-b479-8abc9a18e246,,Contract Negotiation,Meeting about board meeting,2026-07-17T19:21:44.459872,2026-07-17T20:21:44.459872,Google Meet,completed,2026-04-11T21:26:14.459892,a3cb50e2-619e-40b9-82fa-b0ae6c6c06ca
0d286e21-3aea-4be9-9476-321c7309d317,2742825a-3e35-4f86-ae5a-aca92762e3ea,56bbe842-f0da-4e30-a46c-38025bfb382e,56b44714-bddf-4c28-a72e-efc46d013f49,,Training Workshop,Meeting about client check-in,2026-10-25T10:20:56.459899,2026-10-25T10:50:56.459899,Zoom,no_show,2026-05-25T07:42:19.459916,126bc002-0870-4341-a019-6dbae3d39a09
255ebe46-7f85-4cdc-97dd-d3d12e2d3b44,2742825a-3e35-4f86-ae5a-aca92762e3ea,a669f01c-9d90-47fe-b1f8-79740e2b0070,c87f192e-03c7-4296-89a6-30f213cadfc1,,Quarterly Review,Meeting about client check-in,2026-07-17T20:03:32.459922,2026-07-17T21:03:32.459922,,no_show,2025-09-09T12:07:11.459938,4a7a2306-6666-4f6b-9b4e-18f69f445d60
01bef81e-ea5e-4e13-a8b1-666fdf36c88d,2742825a-3e35-4f86-ae5a-aca92762e3ea,126bc002-0870-4341-a019-6dbae3d39a09,,,Team Standup,Meeting about client check-in,2026-10-01T00:46:01.459951,2026-10-01T02:46:01.459951,,completed,2026-01-19T06:21:00.459967,4a7a2306-6666-4f6b-9b4e-18f69f445d60
4a4c1c90-2932-4f58-b74f-91495f78ec70,2742825a-3e35-4f86-ae5a-aca92762e3ea,1f4e14bd-50ce-450c-ab7d-5e06108ba712,4251ecb4-eec9-4197-8352-e0c136726868,45803c99-c5ec-4ec2-af6c-77a1ec046dc9,Partnership Discussion,Meeting about contract negotiation,2026-10-29T06:26:50.459973,2026-10-29T07:26:50.459973,Phone,completed,2026-07-12T20:29:20.459991,a669f01c-9d90-47fe-b1f8-79740e2b0070
28a0b6d5-c582-42f2-acf3-744bae895cc0,2742825a-3e35-4f86-ae5a-aca92762e3ea,a669f01c-9d90-47fe-b1f8-79740e2b0070,,,Training Workshop,Meeting about budget review,2026-09-19T03:53:58.459997,2026-09-19T04:08:58.459997,,cancelled,2026-07-04T12:01:31.460012,8c0e1935-13b5-4990-a8a3-0be81dad1a78
8f8954e7-57ad-421d-ba9a-eb9d3facc1a1,2742825a-3e35-4f86-ae5a-aca92762e3ea,c74050eb-0b79-4cba-8d19-adf0d3e0b9db,a706fbda-5826-4e4f-b3e6-cbfb4894e752,,Board Meeting,Meeting about partnership discussion,2026-07-20T19:23:54.460018,2026-07-20T20:53:54.460018,Google Meet,scheduled,2026-04-19T03:28:35.460035,20c3bda5-fea6-4ea8-a48c-7cd0305cde2d
7e86bb30-18e3-4386-9e31-7c07a3910136,2742825a-3e35-4f86-ae5a-aca92762e3ea,fdbc7119-6732-45ab-9136-cb056076a38a,5b732d6b-edec-4395-849a-14c63d74b910,882c0cf2-5cc8-4d30-8333-f7eed05565b1,Partnership Discussion,Meeting about quarterly review,2026-05-30T13:44:10.460041,2026-05-30T14:14:10.460041,Zoom,cancelled,2026-04-24T14:28:28.460058,a669f01c-9d90-47fe-b1f8-79740e2b0070
bf5456bd-b3c4-4b6c-b8e9-728082f5b846,2742825a-3e35-4f86-ae5a-aca92762e3ea,b7d19994-038b-4dbe-8e38-5141d55ae804,,,Board Meeting,Meeting about sales call,2026-07-31T19:07:16.460064,2026-07-31T20:37:16.460064,Google Meet,no_show,2026-02-17T07:09:34.460079,126bc002-0870-4341-a019-6dbae3d39a09
5fa9bda3-3dca-4061-b62e-73f1827a517b,2742825a-3e35-4f86-ae5a-aca92762e3ea,20c3bda5-fea6-4ea8-a48c-7cd0305cde2d,7b007347-7dc0-4e35-965f-32d55e92bcb0,,Training Workshop,Meeting about strategy meeting,2026-09-08T15:32:59.460085,2026-09-08T16:02:59.460085,Teams,cancelled,2026-07-03T22:40:29.460101,8c0e1935-13b5-4990-a8a3-0be81dad1a78
856ad9ff-6ae1-4b72-b100-898ef2a04122,2742825a-3e35-4f86-ae5a-aca92762e3ea,20c3bda5-fea6-4ea8-a48c-7cd0305cde2d,f137685e-c3c0-4aa4-9617-cd8502a07fbf,,Partnership Discussion,Meeting about strategy meeting,2026-08-26T03:58:26.460108,2026-08-26T04:28:26.460108,Zoom,completed,2026-05-25T19:09:41.460128,a3cb50e2-619e-40b9-82fa-b0ae6c6c06ca
d8b6a1d8-6cb1-4681-b7ff-5ab875404f95,2742825a-3e35-4f86-ae5a-aca92762e3ea,fdbc7119-6732-45ab-9136-cb056076a38a,,,Strategy Meeting,Meeting about quarterly review,2026-10-17T17:01:38.460134,2026-10-17T18:31:38.460134,Phone,completed,2026-06-15T01:28:42.460149,a3cb50e2-619e-40b9-82fa-b0ae6c6c06ca
d8ca5142-76cc-4d5e-8f7a-0b68eaede738,2742825a-3e35-4f86-ae5a-aca92762e3ea,a3cb50e2-619e-40b9-82fa-b0ae6c6c06ca,,e49f35eb-a6cb-47c6-bacd-fd11da181966,Budget Review,Meeting about budget review,2026-08-15T02:56:29.460155,2026-08-15T03:26:29.460155,,completed,2026-03-19T01:46:20.460171,fc5f1462-0be4-4ddf-81a8-aa82b5148124
d005eb6e-c018-410b-8f9c-05958932f414,2742825a-3e35-4f86-ae5a-aca92762e3ea,fdbc7119-6732-45ab-9136-cb056076a38a,e701da29-cc9a-4326-8f04-476b066f8d0a,a25e1239-23b5-4661-bc51-f41fc0e6f87a,Budget Review,Meeting about onboarding session,2026-07-20T16:50:29.460181,2026-07-20T17:35:29.460181,Phone,no_show,2025-08-17T23:48:07.460199,20c3bda5-fea6-4ea8-a48c-7cd0305cde2d
cec98dbb-d585-4044-b131-bf8470f0af48,2742825a-3e35-4f86-ae5a-aca92762e3ea,fdbc7119-6732-45ab-9136-cb056076a38a,579b8ea7-b252-434a-9c5d-39ddf0b14c68,,Support Call,Meeting about strategy meeting,2026-09-25T14:50:34.460205,2026-09-25T15:35:34.460205,In Person,completed,2026-04-25T06:25:06.460222,8c0e1935-13b5-4990-a8a3-0be81dad1a78
d08c3673-ca70-4a9e-955f-a64f712667f3,2742825a-3e35-4f86-ae5a-aca92762e3ea,a3cb50e2-619e-40b9-82fa-b0ae6c6c06ca,ef69044c-6320-4a94-a0c7-c3d74d6f60c9,,Performance Review,Meeting about support call,2026-05-12T00:29:59.460228,2026-05-12T01:29:59.460228,,no_show,2025-12-25T20:49:52.460245,126bc002-0870-4341-a019-6dbae3d39a09
0a050cc9-7786-4835-8103-734e279f627e,2742825a-3e35-4f86-ae5a-aca92762e3ea,c74050eb-0b79-4cba-8d19-adf0d3e0b9db,4228bf99-a424-4126-a961-07e38e02a7e4,,Onboarding Session,Meeting about sales call,2026-07-28T20:24:02.460251,2026-07-28T21:24:02.460251,,no_show,2025-10-25T11:27:27.460267,c74050eb-0b79-4cba-8d19-adf0d3e0b9db
cc37c59b-ed51-410c-8ed7-07574127d99a,2742825a-3e35-4f86-ae5a-aca92762e3ea,a3cb50e2-619e-40b9-82fa-b0ae6c6c06ca,e9670d48-7705-4e97-91cd-bb46190bcfb3,8aec6bbc-7260-4999-8410-139ef9952354,Quarterly Review,Meeting about partnership discussion,2026-10-10T09:51:17.460273,2026-10-10T11:51:17.460273,Google Meet,no_show,2026-01-25T05:21:51.460291,c74050eb-0b79-4cba-8d19-adf0d3e0b9db
a1da8ffc-45af-4295-b5d3-802451e01dbe,2742825a-3e35-4f86-ae5a-aca92762e3ea,fdbc7119-6732-45ab-9136-cb056076a38a,,,Project Update,Meeting about performance review,2026-09-02T15:01:41.460297,2026-09-02T15:46:41.460297,Teams,no_show,2026-03-17T00:27:30.460313,fc5f1462-0be4-4ddf-81a8-aa82b5148124
e184a9c2-ebb5-4e4e-9d71-149e451fae38,2742825a-3e35-4f86-ae5a-aca92762e3ea,a3cb50e2-619e-40b9-82fa-b0ae6c6c06ca,,,Client Check-in,Meeting about partnership discussion,2026-10-15T06:56:28.460319,2026-10-15T07:56:28.460319,Google Meet,cancelled,2026-05-03T09:37:49.460334,64557d9f-67a1-4513-b6da-e641464f66bb
dc670973-72f0-47c9-b2c3-ae94d0ce2923,2742825a-3e35-4f86-ae5a-aca92762e3ea,ae300c2a-88df-4b79-b08f-dabbd0efed46,,,Strategy Meeting,Meeting about onboarding session,2026-06-25T06:15:10.460340,2026-06-25T06:30:10.460340,Zoom,no_show,2025-09-10T23:35:49.460355,a3cb50e2-619e-40b9-82fa-b0ae6c6c06ca
8d09638e-cbf2-4c98-92b3-a776a512b715,2742825a-3e35-4f86-ae5a-aca92762e3ea,a3cb50e2-619e-40b9-82fa-b0ae6c6c06ca,,d12eddc8-1471-4001-b0ef-62596c2da312,Quarterly Review,Meeting about partnership discussion,2026-09-16T07:22:16.460361,2026-09-16T07:37:16.460361,Zoom,scheduled,2025-10-05T06:53:16.460377,fdbc7119-6732-45ab-9136-cb056076a38a
40c7622b-6da0-47fa-bc0b-586f230b954c,2742825a-3e35-4f86-ae5a-aca92762e3ea,64557d9f-67a1-4513-b6da-e641464f66bb,1f782227-f984-496f-9d3d-bdd1a6d22d21,,Product Demo,Meeting about partnership discussion,2026-05-21T15:21:27.460383,2026-05-21T16:21:27.460383,Google Meet,completed,2026-07-05T14:45:57.460400,d7b70429-3c34-4940-81f0-2fd516ab47cb
ce2f7e4b-8a29-4547-8d4e-2fe71e55f988,2742825a-3e35-4f86-ae5a-aca92762e3ea,64557d9f-67a1-4513-b6da-e641464f66bb,197eb98c-033b-4fd6-98b3-7d95dfd0bf1d,,Client Check-in,Meeting about training workshop,2026-07-11T00:27:09.460409,2026-07-11T02:27:09.460409,Google Meet,completed,2026-02-26T15:31:52.460495,64557d9f-67a1-4513-b6da-e641464f66bb
1693a202-9d77-46d8-89a8-7dc177b16563,2742825a-3e35-4f86-ae5a-aca92762e3ea,a669f01c-9d90-47fe-b1f8-79740e2b0070,,,Sales Call,Meeting about training workshop,2026-06-17T04:35:44.460502,2026-06-17T04:50:44.460502,In Person,no_show,2025-09-07T21:41:28.460519,d7b70429-3c34-4940-81f0-2fd516ab47cb
72df7b55-afc9-491f-8bad-6c0d07bf6e7c,2742825a-3e35-4f86-ae5a-aca92762e3ea,20c3bda5-fea6-4ea8-a48c-7cd0305cde2d,72f3d8bf-ffed-4118-b06e-b6681050fc66,ec253281-4208-46e1-9150-e3f30e0df3f5,Sales Call,Meeting about support call,2026-05-28T22:56:32.460531,2026-05-28T23:26:32.460531,,scheduled,2025-09-06T07:09:57.460549,1f4e14bd-50ce-450c-ab7d-5e06108ba712
0385d2b0-c45d-4c01-a299-9f2397456fe3,2742825a-3e35-4f86-ae5a-aca92762e3ea,c74050eb-0b79-4cba-8d19-adf0d3e0b9db,,,Product Demo,Meeting about training workshop,2026-09-05T03:34:19.460555,2026-09-05T04:19:19.460555,Zoom,scheduled,2026-04-30T16:02:49.460571,c74050eb-0b79-4cba-8d19-adf0d3e0b9db
814b69b9-c626-4504-a6b9-21300185fd9e,2742825a-3e35-4f86-ae5a-aca92762e3ea,56bbe842-f0da-4e30-a46c-38025bfb382e,b56f05e6-9e33-460b-ba7b-3bf514c8ba8a,,Contract Negotiation,Meeting about budget review,2026-07-07T10:14:31.460577,2026-07-07T12:14:31.460577,,completed,2026-06-29T12:56:36.460593,ae300c2a-88df-4b79-b08f-dabbd0efed46
9a16ad21-230e-42aa-b98e-31b95ddc34b0,2742825a-3e35-4f86-ae5a-aca92762e3ea,ae300c2a-88df-4b79-b08f-dabbd0efed46,8bfe514c-6533-4de7-8da0-9fa9ccc41254,,Board Meeting,Meeting about contract negotiation,2026-10-07T17:20:19.460599,2026-10-07T17:50:19.460599,Teams,scheduled,2025-09-24T04:25:00.460615,a3cb50e2-619e-40b9-82fa-b0ae6c6c06ca
327965e9-fdee-4361-96aa-c3cb4c4c05ff,2742825a-3e35-4f86-ae5a-aca92762e3ea,64557d9f-67a1-4513-b6da-e641464f66bb,,,Strategy Meeting,Meeting about onboarding session,2026-11-04T05:04:39.460621,2026-11-04T05:34:39.460621,Google Meet,no_show,2026-08-07T11:47:33.460637,fc5f1462-0be4-4ddf-81a8-aa82b5148124
96d25152-e178-45c7-af5a-349448c48e78,2742825a-3e35-4f86-ae5a-aca92762e3ea,a669f01c-9d90-47fe-b1f8-79740e2b0070,0f21953e-ece4-4879-a917-35c46b0ac2b0,,Sales Call,Meeting about budget review,2026-11-02T00:37:10.460650,2026-11-02T01:37:10.460650,Teams,no_show,2026-04-01T16:36:48.460671,8c0e1935-13b5-4990-a8a3-0be81dad1a78
e3ebda87-a472-45b2-be1c-6f8b5cdcbbc4,2742825a-3e35-4f86-ae5a-aca92762e3ea,b7d19994-038b-4dbe-8e38-5141d55ae804,,,Product Demo,Meeting about support call,2026-05-17T22:32:33.460678,2026-05-18T00:02:33.460678,,cancelled,2026-07-25T10:29:19.460693,8c0e1935-13b5-4990-a8a3-0be81dad1a78
94c23a89-1a84-4595-ad06-fac33be96bb7,2742825a-3e35-4f86-ae5a-aca92762e3ea,1f4e14bd-50ce-450c-ab7d-5e06108ba712,,,Onboarding Session,Meeting about budget review,2026-07-05T23:48:15.460699,2026-07-06T00:33:15.460699,Zoom,no_show,2025-12-21T13:18:08.460714,64557d9f-67a1-4513-b6da-e641464f66bb
a995768d-67a9-4595-a187-56148eb5d3fc,2742825a-3e35-4f86-ae5a-aca92762e3ea,fdbc7119-6732-45ab-9136-cb056076a38a,,a3bcd678-649d-4e24-8bd3-5e8e4d60c901,Budget Review,Meeting about team standup,2026-09-14T04:53:17.460724,2026-09-14T06:53:17.460724,Phone,completed,2025-10-07T09:13:36.460740,56bbe842-f0da-4e30-a46c-38025bfb382e
f1d50b84-8501-44df-88df-28a077a43c55,2742825a-3e35-4f86-ae5a-aca92762e3ea,a669f01c-9d90-47fe-b1f8-79740e2b0070,4931b016-a958-4a13-a96c-4d68e7df8fee,2596251b-ed29-4140-a350-2e5feb7cfbca,Strategy Meeting,Meeting about strategy meeting,2026-06-16T01:04:41.460746,2026-06-16T01:19:41.460746,Google Meet,no_show,2026-07-28T15:11:39.460763,64557d9f-67a1-4513-b6da-e641464f66bb
2d4bcedd-b9b0-4bda-87df-cb49305662ba,2742825a-3e35-4f86-ae5a-aca92762e3ea,b7d19994-038b-4dbe-8e38-5141d55ae804,,,Performance Review,Meeting about project update,2026-10-10T21:02:55.460769,2026-10-10T22:32:55.460769,Zoom,cancelled,2026-02-01T04:21:45.460784,1f4e14bd-50ce-450c-ab7d-5e06108ba712
45ee7940-b654-455f-9383-2423db44102e,2742825a-3e35-4f86-ae5a-aca92762e3ea,d7b70429-3c34-4940-81f0-2fd516ab47cb,,,Client Check-in,Meeting about support call,2026-09-27T07:42:38.460790,2026-09-27T07:57:38.460790,Teams,cancelled,2026-06-23T09:28:54.460805,64557d9f-67a1-4513-b6da-e641464f66bb
b92460a4-e8b4-474a-96cd-b0a53581ec61,2742825a-3e35-4f86-ae5a-aca92762e3ea,d7b70429-3c34-4940-81f0-2fd516ab47cb,,,Budget Review,Meeting about board meeting,2026-07-20T16:09:20.460811,2026-07-20T16:24:20.460811,Teams,scheduled,2026-01-08T06:20:53.460826,fc5f1462-0be4-4ddf-81a8-aa82b5148124
15f8bf74-b12d-44f9-aec7-385e3a80cc87,2742825a-3e35-4f86-ae5a-aca92762e3ea,56bbe842-f0da-4e30-a46c-38025bfb382e,e3219bf2-ed08-47b1-992e-cf52c2eebd87,,Product Demo,Meeting about project update,2026-05-23T21:31:57.460836,2026-05-23T23:31:57.460836,Teams,no_show,2026-03-18T07:21:26.460856,ae300c2a-88df-4b79-b08f-dabbd0efed46
aef474cb-7209-4d0a-976a-fc137366a3e5,2742825a-3e35-4f86-ae5a-aca92762e3ea,c74050eb-0b79-4cba-8d19-adf0d3e0b9db,,a3bcd678-649d-4e24-8bd3-5e8e4d60c901,Strategy Meeting,Meeting about contract negotiation,2026-06-30T02:56:15.460862,2026-06-30T04:56:15.460862,,completed,2026-02-13T11:37:20.460878,a3cb50e2-619e-40b9-82fa-b0ae6c6c06ca
312fb2b7-a3ab-436c-9452-8af2c7910240,2742825a-3e35-4f86-ae5a-aca92762e3ea,a3cb50e2-619e-40b9-82fa-b0ae6c6c06ca,,,Client Check-in,Meeting about team standup,2026-05-26T02:35:16.460884,2026-05-26T03:20:16.460884,Zoom,completed,2026-06-01T00:26:36.460899,64557d9f-67a1-4513-b6da-e641464f66bb
101602a6-70d4-48af-9f27-8d844cdcc546,2742825a-3e35-4f86-ae5a-aca92762e3ea,b7d19994-038b-4dbe-8e38-5141d55ae804,,b242d42e-fbfe-4e92-a141-13171a4be643,Onboarding Session,Meeting about sales call,2026-07-02T02:04:51.460905,2026-07-02T03:04:51.460905,,completed,2026-03-06T13:51:33.460921,1f4e14bd-50ce-450c-ab7d-5e06108ba712
8d1746c5-cbed-4f51-9d6d-11d33dcb30bd,2742825a-3e35-4f86-ae5a-aca92762e3ea,a3cb50e2-619e-40b9-82fa-b0ae6c6c06ca,,c4d5ad76-70f8-4003-b60c-8b5ef2eb1077,Team Standup,Meeting about strategy meeting,2026-06-19T02:15:46.460928,2026-06-19T03:00:46.460928,,completed,2025-11-27T11:07:53.460944,b7d19994-038b-4dbe-8e38-5141d55ae804
15d4f1d2-c9e9-4285-908c-dacf35267f12,2742825a-3e35-4f86-ae5a-aca92762e3ea,8c0e1935-13b5-4990-a8a3-0be81dad1a78,,,Project Update,Meeting about support call,2026-07-25T14:55:16.460953,2026-07-25T16:25:16.460953,Teams,scheduled,2026-01-04T19:06:01.460971,56bbe842-f0da-4e30-a46c-38025bfb382e
b2d6bbc1-9c30-45c6-96ba-2e2da12ae653,2742825a-3e35-4f86-ae5a-aca92762e3ea,b7d19994-038b-4dbe-8e38-5141d55ae804,54aece36-8b3f-4005-aa49-bc12b432f531,9f6f8c80-8b32-4788-b2e4-b12fdd8d3497,Team Standup,Meeting about team standup,2026-09-28T10:51:29.460978,2026-09-28T11:51:29.460978,In Person,no_show,2026-03-23T21:15:44.460995,56bbe842-f0da-4e30-a46c-38025bfb382e
714a6f63-f934-4026-9192-f13b3b9efd0b,2742825a-3e35-4f86-ae5a-aca92762e3ea,64557d9f-67a1-4513-b6da-e641464f66bb,,,Onboarding Session,Meeting about contract negotiation,2026-10-07T02:50:20.461001,2026-10-07T04:20:20.461001,,cancelled,2025-08-07T15:07:32.461016,126bc002-0870-4341-a019-6dbae3d39a09
85b3d255-3860-40b6-b89d-cc1496d95205,2742825a-3e35-4f86-ae5a-aca92762e3ea,a3cb50e2-619e-40b9-82fa-b0ae6c6c06ca,863f1e52-43ea-4d48-8aa7-f63046ec4a32,,Partnership Discussion,Meeting about product demo,2026-07-05T17:52:58.461022,2026-07-05T18:52:58.461022,Teams,no_show,2026-03-03T01:37:52.461038,fdbc7119-6732-45ab-9136-cb056076a38a
9a277af1-2b8b-481c-be57-c396701552b6,2742825a-3e35-4f86-ae5a-aca92762e3ea,126bc002-0870-4341-a019-6dbae3d39a09,,,Quarterly Review,Meeting about training workshop,2026-06-27T00:11:42.461044,2026-06-27T01:11:42.461044,Google Meet,no_show,2026-02-23T07:39:00.461059,fdbc7119-6732-45ab-9136-cb056076a38a
1cadabda-6779-402c-9ab6-2bfbd6b20e76,2742825a-3e35-4f86-ae5a-aca92762e3ea,b7d19994-038b-4dbe-8e38-5141d55ae804,,,Support Call,Meeting about performance review,2026-08-13T10:35:39.461065,2026-08-13T12:35:39.461065,,no_show,2025-11-13T16:33:07.461079,b7d19994-038b-4dbe-8e38-5141d55ae804
25c7302b-53eb-4dfd-af1c-9b77726eed23,2742825a-3e35-4f86-ae5a-aca92762e3ea,20c3bda5-fea6-4ea8-a48c-7cd0305cde2d,07d4726b-07f0-4725-8e46-1e2a263e01be,d55534b8-022f-4a06-9c1c-cea9c04ad2ec,Support Call,Meeting about sales call,2026-07-21T15:48:37.461085,2026-07-21T16:48:37.461085,In Person,no_show,2025-08-16T13:57:40.461101,56bbe842-f0da-4e30-a46c-38025bfb382e
bb110c9d-79ff-43b0-9d82-8e97fedd34d9,2742825a-3e35-4f86-ae5a-aca92762e3ea,8c0e1935-13b5-4990-a8a3-0be81dad1a78,3d1ad541-0b46-46c7-8425-be4abd2b398f,,Quarterly Review,Meeting about performance review,2026-10-18T03:27:56.461108,2026-10-18T04:27:56.461108,Teams,scheduled,2026-06-24T00:31:42.461123,ae300c2a-88df-4b79-b08f-dabbd0efed46
252acd1b-9e8e-4500-805c-3ed322ecdb4b,2742825a-3e35-4f86-ae5a-aca92762e3ea,56bbe842-f0da-4e30-a46c-38025bfb382e,a1c3d5dc-ffed-4593-ab5b-de63f22c1150,,Project Update,Meeting about client check-in,2026-09-25T21:12:30.461130,2026-09-25T21:57:30.461130,In Person,no_show,2026-01-13T22:49:18.461151,a3cb50e2-619e-40b9-82fa-b0ae6c6c06ca
30950ddf-63fa-4bc8-bc07-68451783c843,2742825a-3e35-4f86-ae5a-aca92762e3ea,fc5f1462-0be4-4ddf-81a8-aa82b5148124,d1e409e5-482e-4852-924c-c4e9326adb35,,Contract Negotiation,Meeting about quarterly review,2026-10-22T05:45:56.461157,2026-10-22T06:30:56.461157,Phone,cancelled,2025-08-08T13:52:04.461173,a669f01c-9d90-47fe-b1f8-79740e2b0070
1a9c3481-dbbb-4c4c-9512-06480820985b,2742825a-3e35-4f86-ae5a-aca92762e3ea,1f4e14bd-50ce-450c-ab7d-5e06108ba712,,,Support Call,Meeting about product demo,2026-09-26T01:10:53.461183,2026-09-26T01:25:53.461183,Google Meet,scheduled,2026-03-16T08:55:05.461198,56bbe842-f0da-4e30-a46c-38025bfb382e
920e11fb-89f7-4032-b97f-515ab01a11bd,2742825a-3e35-4f86-ae5a-aca92762e3ea,126bc002-0870-4341-a019-6dbae3d39a09,9bd47fc8-dc0b-4b5e-9275-c7d57bcac85a,,Support Call,Meeting about budget review,2026-06-30T10:45:04.461204,2026-06-30T11:45:04.461204,Google Meet,cancelled,2025-11-14T16:00:34.461220,c74050eb-0b79-4cba-8d19-adf0d3e0b9db
5ff59dbe-ec6f-4110-ac35-922889941743,2742825a-3e35-4f86-ae5a-aca92762e3ea,126bc002-0870-4341-a019-6dbae3d39a09,,,Quarterly Review,Meeting about onboarding session,2026-07-29T13:09:54.461226,2026-07-29T13:54:54.461226,In Person,cancelled,2026-04-19T01:56:41.461241,56bbe842-f0da-4e30-a46c-38025bfb382e
f6e6bff8-9724-481b-b251-0edecadc8e0c,2742825a-3e35-4f86-ae5a-aca92762e3ea,d7b70429-3c34-4940-81f0-2fd516ab47cb,5b5fdf18-071a-42ac-b6fb-c14985172f5e,,Support Call,Meeting about board meeting,2026-06-04T01:59:16.461247,2026-06-04T02:44:16.461247,Phone,no_show,2025-10-19T22:23:19.461263,20c3bda5-fea6-4ea8-a48c-7cd0305cde2d
f8015c02-1d54-4889-bf65-abb4fe56c550,2742825a-3e35-4f86-ae5a-aca92762e3ea,56bbe842-f0da-4e30-a46c-38025bfb382e,e3dfa45f-4d1c-4b91-80e0-12f89b14ddc1,,Onboarding Session,Meeting about quarterly review,2026-08-05T18:51:54.461269,2026-08-05T20:51:54.461269,Google Meet,cancelled,2025-09-06T18:04:33.461284,b7d19994-038b-4dbe-8e38-5141d55ae804
7ca90053-7494-403a-86ae-813bb7ea9036,2742825a-3e35-4f86-ae5a-aca92762e3ea,56bbe842-f0da-4e30-a46c-38025bfb382e,,,Product Demo,Meeting about sales call,2026-09-21T14:38:00.461290,2026-09-21T15:08:00.461290,,completed,2025-11-04T09:15:51.461305,4a7a2306-6666-4f6b-9b4e-18f69f445d60
9986ed9b-6d96-4bae-bd00-2db2ce752e61,2742825a-3e35-4f86-ae5a-aca92762e3ea,8c0e1935-13b5-4990-a8a3-0be81dad1a78,,10de0e77-52bb-4443-9ac7-50dbee50e79f,Onboarding Session,Meeting about contract negotiation,2026-07-17T17:14:13.461311,2026-07-17T17:59:13.461311,Google Meet,scheduled,2025-11-26T01:20:31.461327,8c0e1935-13b5-4990-a8a3-0be81dad1a78
d2633b1c-813a-4c14-b2bb-0bec2b5d47bc,2742825a-3e35-4f86-ae5a-aca92762e3ea,126bc002-0870-4341-a019-6dbae3d39a09,31991719-61ec-43a5-b398-a64d8da351d7,,Product Demo,Meeting about strategy meeting,2026-08-25T10:50:57.461333,2026-08-25T11:05:57.461333,In Person,completed,2025-09-16T09:01:00.461348,fc5f1462-0be4-4ddf-81a8-aa82b5148124
173c2d6b-91b2-459c-8e23-472cb69c31d3,2742825a-3e35-4f86-ae5a-aca92762e3ea,1f4e14bd-50ce-450c-ab7d-5e06108ba712,5d54e9ae-6c4d-4864-aa5b-1b2fee941147,,Contract Negotiation,Meeting about client check-in,2026-06-29T10:46:19.461355,2026-06-29T11:16:19.461355,Phone,cancelled,2026-03-12T17:06:17.461370,c74050eb-0b79-4cba-8d19-adf0d3e0b9db
68ac100e-d059-4857-a09d-b92449b80ad8,2742825a-3e35-4f86-ae5a-aca92762e3ea,ae300c2a-88df-4b79-b08f-dabbd0efed46,72f3d8bf-ffed-4118-b06e-b6681050fc66,,Partnership Discussion,Meeting about sales call,2026-06-09T18:56:33.461377,2026-06-09T20:56:33.461377,Zoom,completed,2026-03-30T13:22:59.461392,b7d19994-038b-4dbe-8e38-5141d55ae804
61ef6515-5efd-427b-9111-4fbe7c53abb3,2742825a-3e35-4f86-ae5a-aca92762e3ea,20c3bda5-fea6-4ea8-a48c-7cd0305cde2d,51f1a89e-0a8c-4879-8743-6a6c75144998,,Budget Review,Meeting about project update,2026-05-16T13:08:13.461401,2026-05-16T13:53:13.461401,Zoom,scheduled,2026-06-30T17:11:56.461418,a669f01c-9d90-47fe-b1f8-79740e2b0070
78926ac4-539a-4f11-bbd0-6b9fe3d5b713,2742825a-3e35-4f86-ae5a-aca92762e3ea,8c0e1935-13b5-4990-a8a3-0be81dad1a78,,,Onboarding Session,Meeting about quarterly review,2026-09-15T11:18:31.461424,2026-09-15T12:18:31.461424,Zoom,no_show,2026-03-31T11:57:45.461439,c74050eb-0b79-4cba-8d19-adf0d3e0b9db
9f072d9a-09eb-4445-9061-94ecc2f73b10,2742825a-3e35-4f86-ae5a-aca92762e3ea,8c0e1935-13b5-4990-a8a3-0be81dad1a78,,cf280a7a-67a8-4f4d-ad50-eee36e8fc2bb,Support Call,Meeting about performance review,2026-07-14T13:03:11.461448,2026-07-14T14:33:11.461448,Teams,completed,2026-04-06T22:50:37.461464,ae300c2a-88df-4b79-b08f-dabbd0efed46
b5c54777-350d-4fac-b7c5-9a828d7fce4b,2742825a-3e35-4f86-ae5a-aca92762e3ea,fc5f1462-0be4-4ddf-81a8-aa82b5148124,be6994e9-999c-446e-8a21-4e5876868af0,,Partnership Discussion,Meeting about partnership discussion,2026-08-15T10:06:59.461470,2026-08-15T11:36:59.461470,In Person,completed,2026-05-16T11:00:30.461490,fdbc7119-6732-45ab-9136-cb056076a38a
c1eed854-850a-49f0-8201-680405570627,2742825a-3e35-4f86-ae5a-aca92762e3ea,ae300c2a-88df-4b79-b08f-dabbd0efed46,,,Contract Negotiation,Meeting about quarterly review,2026-06-24T08:03:18.461496,2026-06-24T09:33:18.461496,Google Meet,no_show,2025-12-22T11:38:05.461511,a3cb50e2-619e-40b9-82fa-b0ae6c6c06ca
976c975f-ba04-4578-b033-e5b45c019c4d,2742825a-3e35-4f86-ae5a-aca92762e3ea,a669f01c-9d90-47fe-b1f8-79740e2b0070,,0d4a21d6-4471-43c8-b4a3-00dcec6a941b,Product Demo,Meeting about product demo,2026-09-14T00:17:41.461516,2026-09-14T02:17:41.461516,Teams,no_show,2025-10-10T04:27:40.461532,a669f01c-9d90-47fe-b1f8-79740e2b0070
e4abf1c5-d659-4432-8361-9c1a2b342906,2742825a-3e35-4f86-ae5a-aca92762e3ea,56bbe842-f0da-4e30-a46c-38025bfb382e,ff54c836-e582-48ad-9dcb-7ca7067610bf,,Team Standup,Meeting about quarterly review,2026-06-26T09:20:57.461538,2026-06-26T10:05:57.461538,Phone,completed,2025-09-17T07:13:33.461553,a669f01c-9d90-47fe-b1f8-79740e2b0070
afc7e007-5554-4269-8d83-f6ec982f8064,2742825a-3e35-4f86-ae5a-aca92762e3ea,1f4e14bd-50ce-450c-ab7d-5e06108ba712,79a012e7-2d38-4f06-8e33-a5cedcd9e7d4,22ca2c82-38e4-4cda-a7c6-a9225bd955cb,Onboarding Session,Meeting about partnership discussion,2026-11-04T07:28:03.461559,2026-11-04T07:43:03.461559,In Person,cancelled,2026-07-06T06:35:20.461576,c74050eb-0b79-4cba-8d19-adf0d3e0b9db
0ae16cbd-d2f7-4bec-97b1-d7e1f29ce7d3,2742825a-3e35-4f86-ae5a-aca92762e3ea,a3cb50e2-619e-40b9-82fa-b0ae6c6c06ca,daaa6574-726f-48d1-a12d-6abdb63c222b,,Client Check-in,Meeting about product demo,2026-09-25T09:38:38.461582,2026-09-25T10:23:38.461582,Phone,cancelled,2026-03-10T02:02:59.461597,b7d19994-038b-4dbe-8e38-5141d55ae804
409a99fa-4dd0-4502-898c-01d0b6357aeb,2742825a-3e35-4f86-ae5a-aca92762e3ea,fdbc7119-6732-45ab-9136-cb056076a38a,997994e8-ff1f-4f41-941b-0440118b0262,,Onboarding Session,Meeting about quarterly review,2026-07-22T21:46:22.461603,2026-07-22T23:16:22.461603,In Person,cancelled,2025-12-16T04:59:33.461619,a3cb50e2-619e-40b9-82fa-b0ae6c6c06ca
ec3476e3-a9bd-405b-afa9-c49fc2c7260d,2742825a-3e35-4f86-ae5a-aca92762e3ea,a3cb50e2-619e-40b9-82fa-b0ae6c6c06ca,,68d4e429-56e6-46fc-ab36-b93bbf037304,Sales Call,Meeting about quarterly review,2026-10-07T01:15:45.461633,2026-10-07T01:30:45.461633,Google Meet,no_show,2025-12-09T10:10:11.461656,ae300c2a-88df-4b79-b08f-dabbd0efed46
81df7046-40cf-41f7-b673-2b5a6821173a,2742825a-3e35-4f86-ae5a-aca92762e3ea,126bc002-0870-4341-a019-6dbae3d39a09,72965327-f785-495f-b93c-174d6506f7c4,,Project Update,Meeting about strategy meeting,2026-07-28T05:44:08.461662,2026-07-28T07:14:08.461662,Google Meet,cancelled,2026-06-04T12:24:40.461678,4a7a2306-6666-4f6b-9b4e-18f69f445d60
f74edf1e-8c29-4bb3-a468-ec5377c528d1,2742825a-3e35-4f86-ae5a-aca92762e3ea,b7d19994-038b-4dbe-8e38-5141d55ae804,,,Contract Negotiation,Meeting about product demo,2026-07-05T07:00:56.461684,2026-07-05T07:30:56.461684,,cancelled,2026-03-01T10:58:32.461699,8c0e1935-13b5-4990-a8a3-0be81dad1a78
21c4e62d-e19f-4544-96e8-76141cc102b8,2742825a-3e35-4f86-ae5a-aca92762e3ea,a3cb50e2-619e-40b9-82fa-b0ae6c6c06ca,,,Training Workshop,Meeting about budget review,2026-08-30T03:44:13.461705,2026-08-30T04:44:13.461705,Phone,cancelled,2025-09-13T18:45:25.461720,126bc002-0870-4341-a019-6dbae3d39a09
b8a0c0dc-0965-4693-9b93-ee3ecd3951b9,2742825a-3e35-4f86-ae5a-aca92762e3ea,64557d9f-67a1-4513-b6da-e641464f66bb,4fa78f64-f4d2-4a57-b885-f30a6daa826b,,Partnership Discussion,Meeting about quarterly review,2026-09-24T01:50:42.461726,2026-09-24T02:50:42.461726,Google Meet,no_show,2026-05-16T09:25:18.461742,d7b70429-3c34-4940-81f0-2fd516ab47cb
2d5eb99a-f41b-4712-9deb-01a74c4c8dff,2742825a-3e35-4f86-ae5a-aca92762e3ea,fdbc7119-6732-45ab-9136-cb056076a38a,49023267-b752-41c3-b26e-2b04bbf78aff,,Partnership Discussion,Meeting about support call,2026-06-20T13:59:45.461748,2026-06-20T14:44:45.461748,Zoom,no_show,2025-11-04T14:00:13.461767,fdbc7119-6732-45ab-9136-cb056076a38a
3330f469-ed2c-4564-9137-4216331515bf,2742825a-3e35-4f86-ae5a-aca92762e3ea,b7d19994-038b-4dbe-8e38-5141d55ae804,06b521c2-2732-46c5-afbf-5081e1113329,,Strategy Meeting,Meeting about board meeting,2026-08-09T05:23:20.461774,2026-08-09T05:38:20.461774,Google Meet,scheduled,2025-11-08T21:39:01.461790,1f4e14bd-50ce-450c-ab7d-5e06108ba712
e11c3086-65ea-4444-b835-2948575317b8,2742825a-3e35-4f86-ae5a-aca92762e3ea,4a7a2306-6666-4f6b-9b4e-18f69f445d60,,,Project Update,Meeting about budget review,2026-06-20T19:19:27.461796,2026-06-20T20:04:27.461796,In Person,scheduled,2025-10-10T11:29:50.461811,4a7a2306-6666-4f6b-9b4e-18f69f445d60
c5c21b5a-7f71-4c0a-919b-17bebfef4939,2742825a-3e35-4f86-ae5a-aca92762e3ea,20c3bda5-fea6-4ea8-a48c-7cd0305cde2d,,,Product Demo,Meeting about training workshop,2026-07-10T23:54:55.461816,2026-07-11T00:39:55.461816,Phone,no_show,2026-01-15T01:45:24.461831,ae300c2a-88df-4b79-b08f-dabbd0efed46
23aadf87-c796-49c7-87ce-f851b63f29ea,2742825a-3e35-4f86-ae5a-aca92762e3ea,b7d19994-038b-4dbe-8e38-5141d55ae804,,,Support Call,Meeting about strategy meeting,2026-08-03T02:40:04.461837,2026-08-03T03:10:04.461837,,cancelled,2026-03-09T06:40:42.461851,1f4e14bd-50ce-450c-ab7d-5e06108ba712
4e07d97d-c957-499a-85c3-a9bb5366c8f4,2742825a-3e35-4f86-ae5a-aca92762e3ea,8c0e1935-13b5-4990-a8a3-0be81dad1a78,,,Board Meeting,Meeting about onboarding session,2026-08-03T10:00:13.461861,2026-08-03T10:30:13.461861,Phone,completed,2026-03-15T04:20:36.461876,a669f01c-9d90-47fe-b1f8-79740e2b0070
18ec061e-ec2a-4ee7-b0fb-40e386e8750c,2742825a-3e35-4f86-ae5a-aca92762e3ea,8c0e1935-13b5-4990-a8a3-0be81dad1a78,,,Training Workshop,Meeting about training workshop,2026-08-18T00:41:24.461882,2026-08-18T02:41:24.461882,Google Meet,no_show,2026-03-03T18:03:03.461898,fc5f1462-0be4-4ddf-81a8-aa82b5148124
2b6043c7-e05c-4efd-8715-abf47a20bea5,2742825a-3e35-4f86-ae5a-aca92762e3ea,fc5f1462-0be4-4ddf-81a8-aa82b5148124,55acb336-87f9-4ee4-bb3c-56a90152480d,,Contract Negotiation,Meeting about project update,2026-11-03T17:33:37.461904,2026-11-03T19:03:37.461904,Zoom,cancelled,2025-08-13T02:59:42.461920,ae300c2a-88df-4b79-b08f-dabbd0efed46
0ed02638-8366-412f-bafa-013ad809e2d1,2742825a-3e35-4f86-ae5a-aca92762e3ea,a669f01c-9d90-47fe-b1f8-79740e2b0070,88b62d10-0da6-47dd-b114-543a61b9adf6,,Team Standup,Meeting about strategy meeting,2026-06-10T17:23:42.461926,2026-06-10T18:08:42.461926,Teams,completed,2025-11-02T19:29:42.461942,c74050eb-0b79-4cba-8d19-adf0d3e0b9db
0324ffc5-ab2e-4977-82fd-3523df4cb6c1,2742825a-3e35-4f86-ae5a-aca92762e3ea,56bbe842-f0da-4e30-a46c-38025bfb382e,,e4fac412-a21a-410e-ba9d-5c60764d6167,Client Check-in,Meeting about product demo,2026-07-17T16:35:14.461948,2026-07-17T17:05:14.461948,In Person,completed,2026-02-22T16:11:57.461964,c74050eb-0b79-4cba-8d19-adf0d3e0b9db
309efa95-92f1-4f7c-9f67-8462e210ef83,2742825a-3e35-4f86-ae5a-aca92762e3ea,4a7a2306-6666-4f6b-9b4e-18f69f445d60,,,Onboarding Session,Meeting about contract negotiation,2026-10-16T19:38:55.461970,2026-10-16T20:38:55.461970,Phone,no_show,2025-12-30T20:45:59.461985,c74050eb-0b79-4cba-8d19-adf0d3e0b9db
e18f5112-07bb-4def-8424-e608562816bb,2742825a-3e35-4f86-ae5a-aca92762e3ea,64557d9f-67a1-4513-b6da-e641464f66bb,bf4219ba-a552-4f28-97f9-977336e2d328,e2e7c2b4-81e4-42ef-ac89-13f7271ce055,Board Meeting,Meeting about partnership discussion,2026-06-13T01:25:29.461991,2026-06-13T02:10:29.461991,Phone,scheduled,2025-12-03T17:54:09.462007,a669f01c-9d90-47fe-b1f8-79740e2b0070
7ba3a912-87c4-466a-b53f-8983d74ad0b4,2742825a-3e35-4f86-ae5a-aca92762e3ea,1f4e14bd-50ce-450c-ab7d-5e06108ba712,,,Client Check-in,Meeting about board meeting,2026-06-14T20:58:57.462013,2026-06-14T22:58:57.462013,Teams,cancelled,2025-11-10T13:10:11.462028,a669f01c-9d90-47fe-b1f8-79740e2b0070
19124336-bad9-40a7-b29d-28c1dc5a1913,2742825a-3e35-4f86-ae5a-aca92762e3ea,1f4e14bd-50ce-450c-ab7d-5e06108ba712,,8a35b909-1990-4a68-86bb-72309df2463e,Sales Call,Meeting about onboarding session,2026-10-01T12:28:50.462034,2026-10-01T13:13:50.462034,Zoom,no_show,2026-06-23T13:57:56.462049,1f4e14bd-50ce-450c-ab7d-5e06108ba712
36971c91-f73b-4f91-af70-9f167a92754c,2742825a-3e35-4f86-ae5a-aca92762e3ea,a669f01c-9d90-47fe-b1f8-79740e2b0070,,,Strategy Meeting,Meeting about project update,2026-05-31T13:00:47.462055,2026-05-31T14:00:47.462055,Google Meet,completed,2025-10-19T10:33:42.462074,a3cb50e2-619e-40b9-82fa-b0ae6c6c06ca
249d74d7-42d1-407c-8fad-6d680fe2620d,2742825a-3e35-4f86-ae5a-aca92762e3ea,8c0e1935-13b5-4990-a8a3-0be81dad1a78,,,Contract Negotiation,Meeting about project update,2026-06-17T04:27:56.462083,2026-06-17T06:27:56.462083,,cancelled,2026-01-19T17:17:55.462098,c74050eb-0b79-4cba-8d19-adf0d3e0b9db
5aad031b-680f-4087-bfc4-de2ee3174fd2,2742825a-3e35-4f86-ae5a-aca92762e3ea,a3cb50e2-619e-40b9-82fa-b0ae6c6c06ca,,9f44f07e-d94a-44c3-a791-b5dad9e053c5,Sales Call,Meeting about project update,2026-09-03T21:27:44.462104,2026-09-03T22:57:44.462104,Phone,completed,2025-12-23T00:57:46.462119,1f4e14bd-50ce-450c-ab7d-5e06108ba712
daab2620-5cbf-436f-a3f1-59fcf2abb8c3,2742825a-3e35-4f86-ae5a-aca92762e3ea,64557d9f-67a1-4513-b6da-e641464f66bb,70574bd0-07cc-49fe-b81f-29fa94f64092,,Training Workshop,Meeting about product demo,2026-05-21T18:31:34.462125,2026-05-21T20:31:34.462125,,no_show,2026-07-11T04:45:53.462140,fdbc7119-6732-45ab-9136-cb056076a38a
acf1479c-f7f6-4f24-af72-1421365bbedb,2742825a-3e35-4f86-ae5a-aca92762e3ea,ae300c2a-88df-4b79-b08f-dabbd0efed46,,,Project Update,Meeting about sales call,2026-10-07T11:27:35.462146,2026-10-07T13:27:35.462146,Phone,completed,2025-10-14T10:10:37.462161,126bc002-0870-4341-a019-6dbae3d39a09
bc24558e-d99d-4736-a553-bd82a0bd8196,2742825a-3e35-4f86-ae5a-aca92762e3ea,ae300c2a-88df-4b79-b08f-dabbd0efed46,,,Project Update,Meeting about team standup,2026-10-28T02:36:22.462167,2026-10-28T04:36:22.462167,,completed,2026-07-23T13:30:25.462182,a3cb50e2-619e-40b9-82fa-b0ae6c6c06ca
2233abbc-63d9-4ffb-84b6-13457095ea70,2742825a-3e35-4f86-ae5a-aca92762e3ea,1f4e14bd-50ce-450c-ab7d-5e06108ba712,d3ae63c7-077a-49b2-a908-3cdc1c244e49,,Partnership Discussion,Meeting about quarterly review,2026-09-24T21:00:55.462188,2026-09-24T22:30:55.462188,Zoom,no_show,2026-03-05T18:57:25.462203,b7d19994-038b-4dbe-8e38-5141d55ae804
5673fd42-ce9c-47ae-b313-b4f06dafc4c3,2742825a-3e35-4f86-ae5a-aca92762e3ea,fdbc7119-6732-45ab-9136-cb056076a38a,,,Performance Review,Meeting about team standup,2026-06-21T15:01:14.462209,2026-06-21T17:01:14.462209,Zoom,cancelled,2025-08-14T08:47:07.462224,a3cb50e2-619e-40b9-82fa-b0ae6c6c06ca
31c73860-74fa-48a6-a6f3-13de62bba82f,2742825a-3e35-4f86-ae5a-aca92762e3ea,8c0e1935-13b5-4990-a8a3-0be81dad1a78,,,Training Workshop,Meeting about onboarding session,2026-10-19T20:21:17.462230,2026-10-19T21:21:17.462230,Teams,scheduled,2026-02-18T00:26:54.462245,4a7a2306-6666-4f6b-9b4e-18f69f445d60
b86966f5-4833-4e85-a1e6-979de5101827,2742825a-3e35-4f86-ae5a-aca92762e3ea,a3cb50e2-619e-40b9-82fa-b0ae6c6c06ca,a9c52b17-4e56-4429-a84c-82ea26ab1e11,,Project Update,Meeting about support call,2026-08-30T10:04:39.462251,2026-08-30T11:34:39.462251,,scheduled,2025-11-15T15:41:46.462273,fdbc7119-6732-45ab-9136-cb056076a38a
7e94b784-e1e8-4ce4-844a-114bcd8f84b1,2742825a-3e35-4f86-ae5a-aca92762e3ea,20c3bda5-fea6-4ea8-a48c-7cd0305cde2d,2a903d82-44e8-4550-9536-a1e5d2899006,,Quarterly Review,Meeting about training workshop,2026-07-01T02:00:04.462279,2026-07-01T03:30:04.462279,Google Meet,completed,2025-09-22T20:47:26.462295,d7b70429-3c34-4940-81f0-2fd516ab47cb
57b3aeec-cb05-4d0e-8f0a-668f61c3e806,2742825a-3e35-4f86-ae5a-aca92762e3ea,64557d9f-67a1-4513-b6da-e641464f66bb,4b2689e0-a027-48b2-9121-9c557161cbed,,Strategy Meeting,Meeting about support call,2026-08-30T08:18:39.462305,2026-08-30T08:33:39.462305,Teams,no_show,2026-07-25T10:34:24.462321,d7b70429-3c34-4940-81f0-2fd516ab47cb
fc6efb8d-bca3-42c7-8fcd-e9929e6249b6,2742825a-3e35-4f86-ae5a-aca92762e3ea,d7b70429-3c34-4940-81f0-2fd516ab47cb,,,Performance Review,Meeting about training workshop,2026-07-29T20:56:09.462327,2026-07-29T21:11:09.462327,Phone,cancelled,2026-02-21T21:11:37.462342,64557d9f-67a1-4513-b6da-e641464f66bb
74d74613-03c8-43d5-8dc2-0705bb4ea072,2742825a-3e35-4f86-ae5a-aca92762e3ea,ae300c2a-88df-4b79-b08f-dabbd0efed46,,,Performance Review,Meeting about onboarding session,2026-08-05T19:36:39.462348,2026-08-05T21:36:39.462348,Zoom,cancelled,2025-12-02T11:35:21.462367,c74050eb-0b79-4cba-8d19-adf0d3e0b9db
c5202e44-f7ac-4162-a1b7-3f5beb9bde27,2742825a-3e35-4f86-ae5a-aca92762e3ea,c74050eb-0b79-4cba-8d19-adf0d3e0b9db,,,Performance Review,Meeting about client check-in,2026-10-16T21:37:14.462373,2026-10-16T22:37:14.462373,Zoom,no_show,2026-03-09T23:40:38.462387,4a7a2306-6666-4f6b-9b4e-18f69f445d60
aab622dd-c85d-4b01-a6da-bfe5929b41f9,2742825a-3e35-4f86-ae5a-aca92762e3ea,a3cb50e2-619e-40b9-82fa-b0ae6c6c06ca,,,Sales Call,Meeting about board meeting,2026-08-23T00:12:16.462394,2026-08-23T01:42:16.462394,Google Meet,cancelled,2025-12-09T20:52:08.462409,ae300c2a-88df-4b79-b08f-dabbd0efed46
3dcf45c8-ec3f-424a-8eeb-5ed180f2111f,2742825a-3e35-4f86-ae5a-aca92762e3ea,20c3bda5-fea6-4ea8-a48c-7cd0305cde2d,87b9e910-9ee4-469b-bb10-338f9acbf7b0,,Board Meeting,Meeting about performance review,2026-07-14T02:39:22.462415,2026-07-14T02:54:22.462415,,cancelled,2026-07-30T08:51:07.462430,20c3bda5-fea6-4ea8-a48c-7cd0305cde2d
d7f8f9df-44fb-4c01-8ed2-20d2127dcf77,2742825a-3e35-4f86-ae5a-aca92762e3ea,c74050eb-0b79-4cba-8d19-adf0d3e0b9db,086c8faf-3751-487e-88c5-f51fc9b7d903,d0c1ae0f-6b7a-47f6-91a8-48feb70c6c64,Partnership Discussion,Meeting about project update,2026-09-13T06:10:01.462436,2026-09-13T08:10:01.462436,Phone,no_show,2026-01-01T09:28:21.462453,fdbc7119-6732-45ab-9136-cb056076a38a
16db462b-4c21-441b-8468-b31de9609ec2,2742825a-3e35-4f86-ae5a-aca92762e3ea,4a7a2306-6666-4f6b-9b4e-18f69f445d60,,,Team Standup,Meeting about partnership discussion,2026-05-29T23:50:19.462459,2026-05-30T00:35:19.462459,In Person,scheduled,2025-08-31T13:17:35.462474,64557d9f-67a1-4513-b6da-e641464f66bb
9978f4ad-e603-4be3-93f9-95304f31e791,2742825a-3e35-4f86-ae5a-aca92762e3ea,1f4e14bd-50ce-450c-ab7d-5e06108ba712,,,Strategy Meeting,Meeting about partnership discussion,2026-10-21T16:25:22.462480,2026-10-21T17:10:22.462480,Google Meet,no_show,2026-02-08T10:47:27.462495,56bbe842-f0da-4e30-a46c-38025bfb382e
f40eccff-1711-40f8-afeb-143f7e7c86e7,2742825a-3e35-4f86-ae5a-aca92762e3ea,ae300c2a-88df-4b79-b08f-dabbd0efed46,7bd9fd48-563e-4de9-9516-4fbd657fec0e,,Client Check-in,Meeting about team standup,2026-08-05T05:13:17.462501,2026-08-05T07:13:17.462501,In Person,scheduled,2026-06-11T00:02:55.462517,1f4e14bd-50ce-450c-ab7d-5e06108ba712
2441e869-bbf8-490c-bf38-3afbde677bd6,2742825a-3e35-4f86-ae5a-aca92762e3ea,c74050eb-0b79-4cba-8d19-adf0d3e0b9db,dbf300e8-dc69-48d6-8365-6222530fbb05,,Strategy Meeting,Meeting about project update,2026-07-19T00:24:36.462526,2026-07-19T02:24:36.462526,In Person,cancelled,2026-04-21T11:31:24.462542,56bbe842-f0da-4e30-a46c-38025bfb382e
fb08a6b0-8c6a-4188-949a-4aabdae16f14,2742825a-3e35-4f86-ae5a-aca92762e3ea,126bc002-0870-4341-a019-6dbae3d39a09,723c8202-79b7-4a5a-b1df-7268c7f1b6a0,,Product Demo,Meeting about contract negotiation,2026-06-29T16:06:03.462548,2026-06-29T18:06:03.462548,In Person,scheduled,2025-10-27T23:11:48.462564,4a7a2306-6666-4f6b-9b4e-18f69f445d60
58e9966a-0568-4fc5-8d0a-279cdd67b417,2742825a-3e35-4f86-ae5a-aca92762e3ea,fdbc7119-6732-45ab-9136-cb056076a38a,,0f9e3633-ecf3-42f3-b991-d7ffbf35dbc7,Board Meeting,Meeting about partnership discussion,2026-05-10T01:58:55.462570,2026-05-10T02:43:55.462570,Teams,completed,2026-02-04T00:40:07.462585,b7d19994-038b-4dbe-8e38-5141d55ae804
1669b699-75a9-496d-90db-08ef992b8c1c,2742825a-3e35-4f86-ae5a-aca92762e3ea,a669f01c-9d90-47fe-b1f8-79740e2b0070,29df4522-e51f-402d-8260-8e492d8d8ce1,,Team Standup,Meeting about board meeting,2026-07-02T13:01:19.462592,2026-07-02T15:01:19.462592,,cancelled,2025-12-16T01:11:14.462607,8c0e1935-13b5-4990-a8a3-0be81dad1a78
3db56be1-5d4f-4d4c-8e66-fdfc2bce264a,2742825a-3e35-4f86-ae5a-aca92762e3ea,1f4e14bd-50ce-450c-ab7d-5e06108ba712,f137685e-c3c0-4aa4-9617-cd8502a07fbf,,Performance Review,Meeting about partnership discussion,2026-07-27T09:39:59.462613,2026-07-27T10:39:59.462613,Phone,scheduled,2026-07-29T15:46:44.462629,20c3bda5-fea6-4ea8-a48c-7cd0305cde2d
90048a68-1606-4f79-b019-a7bd903e6bb1,2742825a-3e35-4f86-ae5a-aca92762e3ea,4a7a2306-6666-4f6b-9b4e-18f69f445d60,,,Training Workshop,Meeting about support call,2026-05-19T20:49:28.462635,2026-05-19T22:19:28.462635,Google Meet,scheduled,2026-03-31T16:09:24.462656,20c3bda5-fea6-4ea8-a48c-7cd0305cde2d
03691da8-d5cf-4c57-b42b-e4bcba7fcf83,2742825a-3e35-4f86-ae5a-aca92762e3ea,4a7a2306-6666-4f6b-9b4e-18f69f445d60,1bd88b8b-fbf1-4e4c-aa36-43db1ed55c7d,,Board Meeting,Meeting about project update,2026-07-28T22:19:32.462662,2026-07-28T23:19:32.462662,Zoom,completed,2026-06-25T19:08:20.462682,56bbe842-f0da-4e30-a46c-38025bfb382e
24a42949-6887-44ce-adc0-4f27d19e0dbe,2742825a-3e35-4f86-ae5a-aca92762e3ea,1f4e14bd-50ce-450c-ab7d-5e06108ba712,,,Sales Call,Meeting about onboarding session,2026-07-20T19:49:40.462689,2026-07-20T20:19:40.462689,In Person,no_show,2026-08-04T05:25:13.462705,b7d19994-038b-4dbe-8e38-5141d55ae804
6641334d-fc11-4f02-9cc0-5c245d43c312,2742825a-3e35-4f86-ae5a-aca92762e3ea,fdbc7119-6732-45ab-9136-cb056076a38a,,,Quarterly Review,Meeting about support call,2026-07-27T13:40:28.462711,2026-07-27T13:55:28.462711,,completed,2025-12-30T09:04:41.462726,fdbc7119-6732-45ab-9136-cb056076a38a
0531f18c-d346-406b-a146-3b5582f1b622,2742825a-3e35-4f86-ae5a-aca92762e3ea,a3cb50e2-619e-40b9-82fa-b0ae6c6c06ca,8e56f140-890d-40bb-b431-0983df59b7e7,,Team Standup,Meeting about product demo,2026-10-24T14:35:12.462732,2026-10-24T15:20:12.462732,In Person,cancelled,2025-08-24T19:13:15.462748,fc5f1462-0be4-4ddf-81a8-aa82b5148124
611850e8-c6f0-45a2-af5a-e8b4f3a7a594,2742825a-3e35-4f86-ae5a-aca92762e3ea,c74050eb-0b79-4cba-8d19-adf0d3e0b9db,,,Training Workshop,Meeting about sales call,2026-06-27T23:54:31.462758,2026-06-28T01:54:31.462758,Google Meet,completed,2026-02-09T16:13:43.462774,c74050eb-0b79-4cba-8d19-adf0d3e0b9db
2d33e9ab-30a9-457f-a4d9-ef0c0ac835a0,2742825a-3e35-4f86-ae5a-aca92762e3ea,64557d9f-67a1-4513-b6da-e641464f66bb,9a258686-0952-407d-b87c-5baaed4dfed8,52cc69f9-77c4-4dcf-9f28-1e72df8ebce9,Quarterly Review,Meeting about project update,2026-09-22T05:30:15.462780,2026-09-22T06:15:15.462780,Google Meet,completed,2025-10-27T08:36:21.462797,4a7a2306-6666-4f6b-9b4e-18f69f445d60
aadbb89c-6d44-4817-a252-455ba2fe8a89,2742825a-3e35-4f86-ae5a-aca92762e3ea,1f4e14bd-50ce-450c-ab7d-5e06108ba712,0d70fb54-5950-4d3f-bca3-d87d7f2e8c20,,Budget Review,Meeting about partnership discussion,2026-07-04T09:43:49.462803,2026-07-04T10:43:49.462803,Google Meet,cancelled,2026-02-27T15:33:47.462818,126bc002-0870-4341-a019-6dbae3d39a09
b1886c8b-beb8-4515-80c7-83c22fcf3bfa,2742825a-3e35-4f86-ae5a-aca92762e3ea,c74050eb-0b79-4cba-8d19-adf0d3e0b9db,0bd36792-4b37-417c-8dc3-2b6969b0b1f4,0d069d32-140e-4b3d-8511-aa954e2cc240,Strategy Meeting,Meeting about budget review,2026-07-16T15:23:52.462825,2026-07-16T15:38:52.462825,Teams,no_show,2026-07-24T20:13:04.462841,fdbc7119-6732-45ab-9136-cb056076a38a
2caec8df-63bd-44dd-bc37-8d95440cb490,2742825a-3e35-4f86-ae5a-aca92762e3ea,56bbe842-f0da-4e30-a46c-38025bfb382e,,,Strategy Meeting,Meeting about partnership discussion,2026-05-31T21:34:00.462847,2026-05-31T23:34:00.462847,,scheduled,2026-06-04T06:19:05.462862,a669f01c-9d90-47fe-b1f8-79740e2b0070
0322591b-fd4e-4fe0-be9b-ae93da84ce60,2742825a-3e35-4f86-ae5a-aca92762e3ea,c74050eb-0b79-4cba-8d19-adf0d3e0b9db,b0184c21-6226-46d8-b345-0eb8b6102983,00a633c0-0144-4c6b-a5ce-a31a792b7de6,Sales Call,Meeting about project update,2026-11-05T02:48:33.462868,2026-11-05T03:03:33.462868,Teams,scheduled,2025-12-21T00:04:00.462884,c74050eb-0b79-4cba-8d19-adf0d3e0b9db
bc01c1c5-2805-4fe8-af19-3f9b570345a1,2742825a-3e35-4f86-ae5a-aca92762e3ea,56bbe842-f0da-4e30-a46c-38025bfb382e,,30968c98-b498-4d43-b58b-c37855912895,Team Standup,Meeting about partnership discussion,2026-09-29T09:32:18.462890,2026-09-29T11:32:18.462890,In Person,scheduled,2026-04-19T21:21:45.462906,56bbe842-f0da-4e30-a46c-38025bfb382e
001826f0-c98e-44a6-8c8f-2eeb95d74a0a,2742825a-3e35-4f86-ae5a-aca92762e3ea,ae300c2a-88df-4b79-b08f-dabbd0efed46,59db55fc-f88b-4f63-a8a2-48b6035c7062,,Onboarding Session,Meeting about sales call,2026-07-06T06:37:28.462912,2026-07-06T07:07:28.462912,In Person,cancelled,2025-10-28T02:25:21.462929,20c3bda5-fea6-4ea8-a48c-7cd0305cde2d
d521a401-6ff0-49ac-a45d-a131fd40e1ef,2742825a-3e35-4f86-ae5a-aca92762e3ea,a669f01c-9d90-47fe-b1f8-79740e2b0070,c2a18e03-c0c8-4418-a0d4-d67983263528,9943aec4-d362-44d1-b2ee-ac150b67e200,Training Workshop,Meeting about budget review,2026-10-18T17:20:58.462935,2026-10-18T19:20:58.462935,Zoom,scheduled,2026-05-31T18:39:58.462952,b7d19994-038b-4dbe-8e38-5141d55ae804
1e2881cd-8adc-441f-a996-dba16a619a03,2742825a-3e35-4f86-ae5a-aca92762e3ea,20c3bda5-fea6-4ea8-a48c-7cd0305cde2d,b15d6303-34f8-4d89-b810-01825799395a,,Performance Review,Meeting about onboarding session,2026-10-25T21:04:44.462958,2026-10-25T23:04:44.462958,,no_show,2025-11-26T05:18:50.462978,64557d9f-67a1-4513-b6da-e641464f66bb
c9dfb886-18c0-487a-96f5-5298209984ad,2742825a-3e35-4f86-ae5a-aca92762e3ea,a669f01c-9d90-47fe-b1f8-79740e2b0070,,,Project Update,Meeting about training workshop,2026-05-12T08:58:28.462988,2026-05-12T09:28:28.462988,Zoom,no_show,2026-01-12T06:15:14.463004,b7d19994-038b-4dbe-8e38-5141d55ae804
6e1a4334-c8e6-4df9-86a9-3f3868233252,2742825a-3e35-4f86-ae5a-aca92762e3ea,a3cb50e2-619e-40b9-82fa-b0ae6c6c06ca,,,Partnership Discussion,Meeting about partnership discussion,2026-06-29T05:44:43.463014,2026-06-29T05:59:43.463014,Google Meet,scheduled,2025-11-08T20:05:42.463030,4a7a2306-6666-4f6b-9b4e-18f69f445d60
c9ac1463-0b9f-4528-bbad-07a0925e0597,2742825a-3e35-4f86-ae5a-aca92762e3ea,a3cb50e2-619e-40b9-82fa-b0ae6c6c06ca,1b755352-de52-4d5b-a073-e3c712aecd33,,Contract Negotiation,Meeting about product demo,2026-05-09T15:27:24.463036,2026-05-09T16:57:24.463036,,completed,2026-07-04T03:10:00.463051,20c3bda5-fea6-4ea8-a48c-7cd0305cde2d
442fa5d9-869c-41a6-aacd-6d1df6b85833,2742825a-3e35-4f86-ae5a-aca92762e3ea,a3cb50e2-619e-40b9-82fa-b0ae6c6c06ca,,,Sales Call,Meeting about project update,2026-07-31T21:48:45.463058,2026-07-31T22:48:45.463058,,no_show,2025-09-12T15:53:14.463072,4a7a2306-6666-4f6b-9b4e-18f69f445d60
3a749f7c-cf19-4f50-a167-b5993c8c7191,2742825a-3e35-4f86-ae5a-aca92762e3ea,fc5f1462-0be4-4ddf-81a8-aa82b5148124,,,Contract Negotiation,Meeting about performance review,2026-09-08T11:12:36.463078,2026-09-08T13:12:36.463078,Google Meet,scheduled,2026-07-31T18:03:30.463093,126bc002-0870-4341-a019-6dbae3d39a09
db550f7f-6209-4eac-b57f-f3ffc5fc6abf,2742825a-3e35-4f86-ae5a-aca92762e3ea,ae300c2a-88df-4b79-b08f-dabbd0efed46,,,Performance Review,Meeting about quarterly review,2026-05-22T16:58:07.463099,2026-05-22T17:28:07.463099,,completed,2025-10-20T17:19:06.463113,d7b70429-3c34-4940-81f0-2fd516ab47cb
1919fb3f-2357-469e-b9dd-241e4a06b663,2742825a-3e35-4f86-ae5a-aca92762e3ea,4a7a2306-6666-4f6b-9b4e-18f69f445d60,,,Onboarding Session,Meeting about strategy meeting,2026-06-20T18:09:29.463119,2026-06-20T19:09:29.463119,In Person,completed,2025-09-25T03:12:39.463134,ae300c2a-88df-4b79-b08f-dabbd0efed46
0bedae45-dfce-42f2-9f00-126de5758558,2742825a-3e35-4f86-ae5a-aca92762e3ea,20c3bda5-fea6-4ea8-a48c-7cd0305cde2d,,,Budget Review,Meeting about contract negotiation,2026-09-15T02:07:57.463140,2026-09-15T02:37:57.463140,Zoom,cancelled,2025-12-03T16:40:08.463155,b7d19994-038b-4dbe-8e38-5141d55ae804
0c130b49-7d42-4106-9997-0079125eb4ce,2742825a-3e35-4f86-ae5a-aca92762e3ea,ae300c2a-88df-4b79-b08f-dabbd0efed46,a1aaf4ca-4b86-4006-83bb-0bccb9c0ec49,,Quarterly Review,Meeting about quarterly review,2026-05-13T20:52:19.463161,2026-05-13T22:52:19.463161,,completed,2025-08-15T17:04:48.463177,8c0e1935-13b5-4990-a8a3-0be81dad1a78
6b313ed8-f112-40c7-ac98-568e355c05d5,2742825a-3e35-4f86-ae5a-aca92762e3ea,c74050eb-0b79-4cba-8d19-adf0d3e0b9db,,,Project Update,Meeting about support call,2026-10-02T13:14:38.463183,2026-10-02T14:14:38.463183,Zoom,cancelled,2025-11-03T07:26:37.463206,c74050eb-0b79-4cba-8d19-adf0d3e0b9db
c2844027-127e-4171-99b9-cf7ca40cb28b,2742825a-3e35-4f86-ae5a-aca92762e3ea,20c3bda5-fea6-4ea8-a48c-7cd0305cde2d,41476153-8a75-4175-b8d1-05eb17c2afa8,415f810a-83b1-4d92-83cb-790c38c11e3c,Partnership Discussion,Meeting about performance review,2026-08-03T01:27:20.463219,2026-08-03T03:27:20.463219,Google Meet,cancelled,2025-12-18T19:16:15.463237,a3cb50e2-619e-40b9-82fa-b0ae6c6c06ca
48510907-2258-4551-8060-33cd2e767ae9,2742825a-3e35-4f86-ae5a-aca92762e3ea,c74050eb-0b79-4cba-8d19-adf0d3e0b9db,1607cd63-0f4f-49f4-9f76-407cedebe7ec,e7c14c29-f7cd-420f-94f3-caabb5d75375,Quarterly Review,Meeting about partnership discussion,2026-10-20T03:02:16.463243,2026-10-20T03:17:16.463243,Google Meet,scheduled,2025-09-11T16:59:21.463259,20c3bda5-fea6-4ea8-a48c-7cd0305cde2d
a6c35407-33d8-443c-b214-89060c896465,2742825a-3e35-4f86-ae5a-aca92762e3ea,126bc002-0870-4341-a019-6dbae3d39a09,,,Support Call,Meeting about product demo,2026-09-21T04:47:03.463265,2026-09-21T06:17:03.463265,,completed,2025-12-28T05:21:47.463279,64557d9f-67a1-4513-b6da-e641464f66bb
de31b042-a971-4fdf-87ea-e596fbeff0b5,2742825a-3e35-4f86-ae5a-aca92762e3ea,b7d19994-038b-4dbe-8e38-5141d55ae804,06b521c2-2732-46c5-afbf-5081e1113329,72fb6cc0-a3a0-4a48-bec1-6b514dd9222d,Quarterly Review,Meeting about client check-in,2026-09-13T04:47:21.463285,2026-09-13T06:17:21.463285,Zoom,completed,2026-02-08T16:44:50.463301,ae300c2a-88df-4b79-b08f-dabbd0efed46
4c068ab8-5f98-4eae-be19-18b636aa3eb0,2742825a-3e35-4f86-ae5a-aca92762e3ea,64557d9f-67a1-4513-b6da-e641464f66bb,63c5578b-cccc-4ea3-b696-bb2d9e6710f7,,Support Call,Meeting about client check-in,2026-10-27T11:20:27.463307,2026-10-27T11:35:27.463307,Zoom,no_show,2025-09-21T04:48:53.463326,a669f01c-9d90-47fe-b1f8-79740e2b0070
6a16ce56-a87e-454b-b095-8cd3c48c9ad2,2742825a-3e35-4f86-ae5a-aca92762e3ea,fdbc7119-6732-45ab-9136-cb056076a38a,,09704e96-435b-48b2-a80c-80bd9ff5591f,Performance Review,Meeting about contract negotiation,2026-06-11T23:14:33.463333,2026-06-11T23:44:33.463333,Google Meet,no_show,2025-11-08T06:48:07.463349,d7b70429-3c34-4940-81f0-2fd516ab47cb
2546164b-2de8-4a2d-9dc4-d67077f23060,2742825a-3e35-4f86-ae5a-aca92762e3ea,64557d9f-67a1-4513-b6da-e641464f66bb,,,Training Workshop,Meeting about budget review,2026-07-12T05:26:28.463355,2026-07-12T05:56:28.463355,Teams,completed,2026-02-27T13:08:57.463401,4a7a2306-6666-4f6b-9b4e-18f69f445d60
16c545fb-4a64-4e44-ae03-e2cc11d18383,2742825a-3e35-4f86-ae5a-aca92762e3ea,64557d9f-67a1-4513-b6da-e641464f66bb,,,Client Check-in,Meeting about budget review,2026-08-10T03:21:06.463419,2026-08-10T03:36:06.463419,In Person,completed,2025-12-16T02:58:57.463469,b7d19994-038b-4dbe-8e38-5141d55ae804
542a4477-d51c-48b4-8699-436ff1b6eacc,2742825a-3e35-4f86-ae5a-aca92762e3ea,56bbe842-f0da-4e30-a46c-38025bfb382e,acbdee5f-36a8-4a39-ba00-1b1f73bb6074,,Client Check-in,Meeting about support call,2026-05-23T09:29:45.463480,2026-05-23T09:44:45.463480,Teams,no_show,2025-08-11T08:10:37.463510,8c0e1935-13b5-4990-a8a3-0be81dad1a78
59802593-7f74-4e2b-b38b-4735aa13c6d1,2742825a-3e35-4f86-ae5a-aca92762e3ea,4a7a2306-6666-4f6b-9b4e-18f69f445d60,d9b6224a-0708-46c7-acbf-1f252f17f5a4,,Client Check-in,Meeting about sales call,2026-09-09T23:17:18.463519,2026-09-10T01:17:18.463519,Zoom,cancelled,2025-10-25T14:33:11.463549,fdbc7119-6732-45ab-9136-cb056076a38a
1f9e65e2-65ca-4b62-ac1b-4b43b79859c3,2742825a-3e35-4f86-ae5a-aca92762e3ea,c74050eb-0b79-4cba-8d19-adf0d3e0b9db,253e412c-921a-4e12-a18f-5c55527afe67,,Contract Negotiation,Meeting about sales call,2026-09-03T09:32:04.463572,2026-09-03T10:02:04.463572,Zoom,no_show,2025-09-01T02:55:52.463615,d7b70429-3c34-4940-81f0-2fd516ab47cb
881d559d-b037-4214-a0da-3c5bb02a3728,2742825a-3e35-4f86-ae5a-aca92762e3ea,ae300c2a-88df-4b79-b08f-dabbd0efed46,,,Support Call,Meeting about sales call,2026-10-16T10:47:42.463627,2026-10-16T11:02:42.463627,Teams,cancelled,2025-11-10T16:11:53.463662,c74050eb-0b79-4cba-8d19-adf0d3e0b9db
7b8a5eb5-153d-4a26-bf11-14f897966ab9,2742825a-3e35-4f86-ae5a-aca92762e3ea,ae300c2a-88df-4b79-b08f-dabbd0efed46,,,Project Update,Meeting about strategy meeting,2026-08-29T12:54:10.463669,2026-08-29T13:09:10.463669,In Person,scheduled,2026-02-13T02:46:42.463717,8c0e1935-13b5-4990-a8a3-0be81dad1a78
268e4204-c4ba-4bfc-b09a-3c785915ba3c,2742825a-3e35-4f86-ae5a-aca92762e3ea,20c3bda5-fea6-4ea8-a48c-7cd0305cde2d,ec52cc9c-33bc-4200-ae10-e1148fb59f58,a9f51a4d-e810-475a-b89e-828aa6cba2cd,Support Call,Meeting about board meeting,2026-10-14T06:04:45.463731,2026-10-14T06:34:45.463731,Zoom,completed,2025-08-07T12:01:50.463802,b7d19994-038b-4dbe-8e38-5141d55ae804
e4e4997e-9b17-49ad-92c3-7cf134256c5a,2742825a-3e35-4f86-ae5a-aca92762e3ea,56bbe842-f0da-4e30-a46c-38025bfb382e,9f0327fd-aebc-4f74-974c-03e8e4b3bbe2,,Onboarding Session,Meeting about support call,2026-06-17T19:11:34.463814,2026-06-17T19:56:34.463814,Zoom,scheduled,2026-05-28T00:01:13.463844,c74050eb-0b79-4cba-8d19-adf0d3e0b9db
3ea1348c-71fa-41b7-98fd-f31742cba8d5,2742825a-3e35-4f86-ae5a-aca92762e3ea,fc5f1462-0be4-4ddf-81a8-aa82b5148124,,,Performance Review,Meeting about product demo,2026-07-19T10:52:48.463859,2026-07-19T11:37:48.463859,,cancelled,2026-06-29T00:36:10.463875,1f4e14bd-50ce-450c-ab7d-5e06108ba712
be1671e1-4c9e-49d1-91c0-75ad3166bb28,2742825a-3e35-4f86-ae5a-aca92762e3ea,c74050eb-0b79-4cba-8d19-adf0d3e0b9db,93f975e2-9940-4885-9719-54f522e2aae5,,Strategy Meeting,Meeting about onboarding session,2026-07-28T21:13:40.463882,2026-07-28T21:58:40.463882,Google Meet,scheduled,2026-01-14T11:38:55.463899,a3cb50e2-619e-40b9-82fa-b0ae6c6c06ca
30bac4eb-088c-4014-b5d9-dbfebca581e3,2742825a-3e35-4f86-ae5a-aca92762e3ea,126bc002-0870-4341-a019-6dbae3d39a09,,d813b7e8-82a2-4239-adb0-057b433aa95a,Product Demo,Meeting about board meeting,2026-09-04T22:03:59.463905,2026-09-05T00:03:59.463905,Teams,completed,2025-08-06T17:39:47.463922,fc5f1462-0be4-4ddf-81a8-aa82b5148124
fcce4ff0-344e-46d0-bffa-ebf17c30e7f1,2742825a-3e35-4f86-ae5a-aca92762e3ea,fc5f1462-0be4-4ddf-81a8-aa82b5148124,,d801a99f-09ba-48b0-8ee0-e19a8f0ce456,Quarterly Review,Meeting about performance review,2026-10-10T20:39:07.463935,2026-10-10T22:39:07.463935,Teams,cancelled,2026-05-14T04:32:24.463952,a669f01c-9d90-47fe-b1f8-79740e2b0070
610d375f-cbcb-4ac8-8e08-6ede468b2814,2742825a-3e35-4f86-ae5a-aca92762e3ea,ae300c2a-88df-4b79-b08f-dabbd0efed46,b6e7335f-64a9-4068-b274-9e3efdea468d,,Budget Review,Meeting about support call,2026-08-10T14:55:52.463958,2026-08-10T15:10:52.463958,Zoom,completed,2026-04-01T21:52:34.463975,fdbc7119-6732-45ab-9136-cb056076a38a
aaaef55d-9d41-4128-91ef-ca3e71e3f740,2742825a-3e35-4f86-ae5a-aca92762e3ea,56bbe842-f0da-4e30-a46c-38025bfb382e,d74495cf-5cf7-4f90-8fef-bc9134e51a62,f56d780c-f697-4392-ac66-353a1eed1cd2,Team Standup,Meeting about partnership discussion,2026-07-12T15:56:14.463985,2026-07-12T17:56:14.463985,Zoom,completed,2026-04-08T13:34:18.464003,8c0e1935-13b5-4990-a8a3-0be81dad1a78
e7706303-8229-4deb-881b-f83caa209355,2742825a-3e35-4f86-ae5a-aca92762e3ea,56bbe842-f0da-4e30-a46c-38025bfb382e,8b5c4b26-12c9-422d-b8e9-df47a6fbe531,,Budget Review,Meeting about training workshop,2026-09-25T04:08:39.464009,2026-09-25T04:23:39.464009,,completed,2026-06-21T04:11:08.464029,ae300c2a-88df-4b79-b08f-dabbd0efed46
4918964b-6f7a-419d-b386-2e5b06977890,2742825a-3e35-4f86-ae5a-aca92762e3ea,fdbc7119-6732-45ab-9136-cb056076a38a,94d68c96-21aa-4e5e-a220-dc44a4a11c95,,Team Standup,Meeting about team standup,2026-06-30T05:25:10.464035,2026-06-30T07:25:10.464035,Zoom,scheduled,2025-12-14T21:13:56.464055,ae300c2a-88df-4b79-b08f-dabbd0efed46
b458003b-2ef7-402b-9ea6-8f3b919cad81,2742825a-3e35-4f86-ae5a-aca92762e3ea,a669f01c-9d90-47fe-b1f8-79740e2b0070,21860c8a-75af-4666-b1cb-07757b8593cd,,Project Update,Meeting about training workshop,2026-08-06T02:22:31.464062,2026-08-06T03:52:31.464062,Google Meet,cancelled,2026-06-04T17:00:12.464078,64557d9f-67a1-4513-b6da-e641464f66bb
4ff5b861-4b61-4841-8f04-53fa25e42abf,2742825a-3e35-4f86-ae5a-aca92762e3ea,fdbc7119-6732-45ab-9136-cb056076a38a,612880f7-8636-472d-9660-a4a94cd76848,699a09d8-cbfa-4bcd-a079-103f4e417485,Sales Call,Meeting about support call,2026-05-19T01:47:04.464085,2026-05-19T03:47:04.464085,Zoom,no_show,2026-05-29T06:03:18.464102,8c0e1935-13b5-4990-a8a3-0be81dad1a78
e28f1d0a-49bf-4db3-a43b-f4491f54ac02,2742825a-3e35-4f86-ae5a-aca92762e3ea,a669f01c-9d90-47fe-b1f8-79740e2b0070,1dbd0edd-efab-416f-93f8-4070ceb9aeb4,,Strategy Meeting,Meeting about project update,2026-06-15T02:06:40.464108,2026-06-15T04:06:40.464108,,scheduled,2026-03-11T15:50:11.464124,1f4e14bd-50ce-450c-ab7d-5e06108ba712
bdc81ee4-3fde-48e6-add9-f395e65ef32f,2742825a-3e35-4f86-ae5a-aca92762e3ea,1f4e14bd-50ce-450c-ab7d-5e06108ba712,,,Onboarding Session,Meeting about board meeting,2026-07-30T07:18:27.464130,2026-07-30T07:48:27.464130,Zoom,scheduled,2025-10-03T22:23:50.464148,fdbc7119-6732-45ab-9136-cb056076a38a
3f0bafce-a1bc-4e80-979f-58c025df515d,2742825a-3e35-4f86-ae5a-aca92762e3ea,8c0e1935-13b5-4990-a8a3-0be81dad1a78,3e9c0c38-72e7-422b-b7d3-4e46d89cc8bd,,Performance Review,Meeting about contract negotiation,2026-10-29T19:33:17.464154,2026-10-29T20:03:17.464154,,scheduled,2026-01-06T13:08:49.464170,20c3bda5-fea6-4ea8-a48c-7cd0305cde2d
9b304986-d5b3-440b-841c-a4d0b7650c1e,2742825a-3e35-4f86-ae5a-aca92762e3ea,b7d19994-038b-4dbe-8e38-5141d55ae804,,,Board Meeting,Meeting about partnership discussion,2026-07-28T05:24:49.464176,2026-07-28T06:24:49.464176,In Person,completed,2026-08-05T00:11:57.464191,b7d19994-038b-4dbe-8e38-5141d55ae804
ce26bdf0-ad8f-421d-b5c0-193be8fac23b,2742825a-3e35-4f86-ae5a-aca92762e3ea,20c3bda5-fea6-4ea8-a48c-7cd0305cde2d,,,Strategy Meeting,Meeting about board meeting,2026-05-27T12:18:23.464197,2026-05-27T13:03:23.464197,Google Meet,cancelled,2025-11-13T22:44:16.464213,ae300c2a-88df-4b79-b08f-dabbd0efed46
0c882d1a-eab2-4c37-b8d2-fe56230efa40,2742825a-3e35-4f86-ae5a-aca92762e3ea,8c0e1935-13b5-4990-a8a3-0be81dad1a78,,29d83ad0-8e7c-4460-80f5-063ef2282b77,Contract Negotiation,Meeting about team standup,2026-10-19T20:24:07.464230,2026-10-19T20:54:07.464230,Phone,scheduled,2025-09-28T21:32:44.464248,fc5f1462-0be4-4ddf-81a8-aa82b5148124
db407529-4702-44fc-bf1f-4d56254ec201,2742825a-3e35-4f86-ae5a-aca92762e3ea,126bc002-0870-4341-a019-6dbae3d39a09,66fb6ce9-da27-4150-b21b-1e605d2545e1,,Strategy Meeting,Meeting about support call,2026-09-03T00:23:01.464254,2026-09-03T01:08:01.464254,Google Meet,scheduled,2025-11-20T03:13:46.464274,c74050eb-0b79-4cba-8d19-adf0d3e0b9db
4fb85277-1f10-4f0f-bd19-1dfd27fda006,2742825a-3e35-4f86-ae5a-aca92762e3ea,4a7a2306-6666-4f6b-9b4e-18f69f445d60,,,Contract Negotiation,Meeting about budget review,2026-09-08T07:48:11.464301,2026-09-08T08:48:11.464301,Phone,completed,2025-09-09T07:48:07.464330,a3cb50e2-619e-40b9-82fa-b0ae6c6c06ca
04314e33-e8d8-472c-b6a7-e8f58186bc8c,2742825a-3e35-4f86-ae5a-aca92762e3ea,fdbc7119-6732-45ab-9136-cb056076a38a,,,Onboarding Session,Meeting about quarterly review,2026-09-29T17:30:38.464339,2026-09-29T19:00:38.464339,Phone,cancelled,2025-12-14T12:56:12.464362,fc5f1462-0be4-4ddf-81a8-aa82b5148124
b20bd3e9-2537-4273-aa7d-6cd8bebc8671,2742825a-3e35-4f86-ae5a-aca92762e3ea,1f4e14bd-50ce-450c-ab7d-5e06108ba712,eefb3f5c-7719-4098-9816-26defdbd76e6,,Partnership Discussion,Meeting about contract negotiation,2026-10-12T14:38:08.464371,2026-10-12T14:53:08.464371,In Person,completed,2025-11-29T21:36:44.464396,56bbe842-f0da-4e30-a46c-38025bfb382e
033e080e-aa73-4d08-8ffa-04a620e18682,2742825a-3e35-4f86-ae5a-aca92762e3ea,20c3bda5-fea6-4ea8-a48c-7cd0305cde2d,,fe0588fc-e613-4709-be4c-bc029d4fc543,Support Call,Meeting about partnership discussion,2026-06-26T14:11:28.464405,2026-06-26T14:41:28.464405,Zoom,scheduled,2026-01-16T18:11:58.464430,4a7a2306-6666-4f6b-9b4e-18f69f445d60
0dd2f419-4a22-43db-8f4e-5c74297d0bd1,2742825a-3e35-4f86-ae5a-aca92762e3ea,64557d9f-67a1-4513-b6da-e641464f66bb,,,Contract Negotiation,Meeting about strategy meeting,2026-06-10T10:57:58.464442,2026-06-10T11:12:58.464442,Phone,cancelled,2026-01-12T13:59:31.464466,fc5f1462-0be4-4ddf-81a8-aa82b5148124
0084eb27-95ca-4bc7-b6c1-b3b7d373638a,2742825a-3e35-4f86-ae5a-aca92762e3ea,8c0e1935-13b5-4990-a8a3-0be81dad1a78,,fe0588fc-e613-4709-be4c-bc029d4fc543,Board Meeting,Meeting about sales call,2026-07-04T05:32:43.464475,2026-07-04T06:17:43.464475,Phone,completed,2026-06-12T20:32:51.464499,ae300c2a-88df-4b79-b08f-dabbd0efed46
fe473e01-62a0-4966-9f4c-2940fa8b2ee6,2742825a-3e35-4f86-ae5a-aca92762e3ea,d7b70429-3c34-4940-81f0-2fd516ab47cb,,014b45f2-1ca8-467b-b18a-272b82aa45f2,Sales Call,Meeting about support call,2026-06-06T05:45:49.464508,2026-06-06T06:00:49.464508,Google Meet,scheduled,2026-01-02T08:14:20.464532,64557d9f-67a1-4513-b6da-e641464f66bb
24cb3df9-2e4c-4312-ae2f-a769ce487e95,2742825a-3e35-4f86-ae5a-aca92762e3ea,d7b70429-3c34-4940-81f0-2fd516ab47cb,,c4342183-c078-47d7-aa9c-8592ae296ff3,Team Standup,Meeting about product demo,2026-06-12T13:35:04.464541,2026-06-12T15:35:04.464541,Zoom,cancelled,2026-03-31T05:33:23.464564,fdbc7119-6732-45ab-9136-cb056076a38a
748c6316-515b-4e21-a6ce-1a68bab5cb6c,2742825a-3e35-4f86-ae5a-aca92762e3ea,1f4e14bd-50ce-450c-ab7d-5e06108ba712,,,Support Call,Meeting about quarterly review,2026-05-09T18:06:32.464580,2026-05-09T18:51:32.464580,In Person,completed,2025-10-03T08:35:18.464602,b7d19994-038b-4dbe-8e38-5141d55ae804
710d6e0b-9b06-4f9b-bb21-c42fdb6377dc,2742825a-3e35-4f86-ae5a-aca92762e3ea,8c0e1935-13b5-4990-a8a3-0be81dad1a78,ed19f949-4014-49c3-a0ce-336ee4de1684,,Training Workshop,Meeting about contract negotiation,2026-06-01T20:46:49.464611,2026-06-01T22:16:49.464611,In Person,cancelled,2026-07-20T01:40:39.464634,ae300c2a-88df-4b79-b08f-dabbd0efed46
d438fb0d-a90e-47e6-8748-40ae0f868d46,2742825a-3e35-4f86-ae5a-aca92762e3ea,8c0e1935-13b5-4990-a8a3-0be81dad1a78,3d1ad541-0b46-46c7-8425-be4abd2b398f,,Budget Review,Meeting about team standup,2026-05-26T12:23:17.464652,2026-05-26T13:08:17.464652,Phone,completed,2026-05-09T18:28:45.464682,a3cb50e2-619e-40b9-82fa-b0ae6c6c06ca
360ed8fa-ab78-45c6-9f65-e4415bf8a1c5,2742825a-3e35-4f86-ae5a-aca92762e3ea,1f4e14bd-50ce-450c-ab7d-5e06108ba712,bf4219ba-a552-4f28-97f9-977336e2d328,,Sales Call,Meeting about board meeting,2026-07-15T18:37:40.464691,2026-07-15T20:37:40.464691,Phone,completed,2026-07-06T01:06:33.464714,56bbe842-f0da-4e30-a46c-38025bfb382e
e6df362c-8965-4c50-a476-57459e36de4a,2742825a-3e35-4f86-ae5a-aca92762e3ea,4a7a2306-6666-4f6b-9b4e-18f69f445d60,,e2e7c2b4-81e4-42ef-ac89-13f7271ce055,Team Standup,Meeting about budget review,2026-06-12T07:27:03.464723,2026-06-12T08:27:03.464723,,cancelled,2026-07-19T23:52:08.464745,a669f01c-9d90-47fe-b1f8-79740e2b0070
b54da2bf-1aac-4e98-89c5-341513145671,2742825a-3e35-4f86-ae5a-aca92762e3ea,4a7a2306-6666-4f6b-9b4e-18f69f445d60,751252b2-2a74-42f5-99e3-f50f0234fe38,,Contract Negotiation,Meeting about onboarding session,2026-09-20T14:41:39.464754,2026-09-20T14:56:39.464754,Teams,cancelled,2025-08-07T10:04:21.464783,20c3bda5-fea6-4ea8-a48c-7cd0305cde2d
91fb6db2-d710-4bf1-9465-2a4c68064aee,2742825a-3e35-4f86-ae5a-aca92762e3ea,64557d9f-67a1-4513-b6da-e641464f66bb,69bec563-2310-4956-9bcb-af77a8eebc4d,,Project Update,Meeting about onboarding session,2026-08-20T18:32:38.464792,2026-08-20T20:02:38.464792,Google Meet,no_show,2026-06-10T06:40:14.464815,126bc002-0870-4341-a019-6dbae3d39a09
ba393736-37e1-40fe-bf0d-52710e91fde2,2742825a-3e35-4f86-ae5a-aca92762e3ea,fdbc7119-6732-45ab-9136-cb056076a38a,70331f17-085c-4646-84c8-dfc9ae29fd92,,Training Workshop,Meeting about team standup,2026-08-16T10:44:04.464824,2026-08-16T10:59:04.464824,,cancelled,2026-05-06T13:36:14.464846,20c3bda5-fea6-4ea8-a48c-7cd0305cde2d
cf037458-612d-4b29-b3ad-ee70fd2f6557,2742825a-3e35-4f86-ae5a-aca92762e3ea,1f4e14bd-50ce-450c-ab7d-5e06108ba712,,b6c792de-9ea7-4645-b983-81976b60a6e1,Board Meeting,Meeting about onboarding session,2026-09-22T13:11:23.464854,2026-09-22T13:26:23.464854,Phone,scheduled,2026-02-05T15:43:35.464878,a669f01c-9d90-47fe-b1f8-79740e2b0070
272b5ad6-8e02-4a4d-94a7-e0b4dab3abbc,2742825a-3e35-4f86-ae5a-aca92762e3ea,1f4e14bd-50ce-450c-ab7d-5e06108ba712,6005ac68-2105-4298-90af-8dcbd0cf3dd3,,Onboarding Session,Meeting about sales call,2026-08-31T18:57:40.464888,2026-08-31T20:57:40.464888,Google Meet,completed,2025-12-17T10:47:23.464910,fc5f1462-0be4-4ddf-81a8-aa82b5148124
5e873f9f-ac39-4362-888c-21c60f662886,2742825a-3e35-4f86-ae5a-aca92762e3ea,ae300c2a-88df-4b79-b08f-dabbd0efed46,,,Performance Review,Meeting about partnership discussion,2026-07-12T14:55:52.464924,2026-07-12T15:40:52.464924,Phone,scheduled,2026-04-12T14:38:50.464947,8c0e1935-13b5-4990-a8a3-0be81dad1a78
3db7169d-d215-408d-9c6d-b7cf682803cd,2742825a-3e35-4f86-ae5a-aca92762e3ea,b7d19994-038b-4dbe-8e38-5141d55ae804,f0a451a7-c0e1-4025-8f82-0f0a429b4d0e,,Sales Call,Meeting about strategy meeting,2026-09-13T05:25:01.464958,2026-09-13T05:40:01.464958,Phone,cancelled,2025-08-14T02:09:05.464988,126bc002-0870-4341-a019-6dbae3d39a09
14a36cb7-03d7-4e9a-a09f-ad6bc15b86be,2742825a-3e35-4f86-ae5a-aca92762e3ea,a669f01c-9d90-47fe-b1f8-79740e2b0070,4d9d8a7e-5a73-42ac-b170-606bf4e5dc2c,138e360a-d777-4383-bf6a-81c406116844,Quarterly Review,Meeting about performance review,2026-08-18T15:01:49.464999,2026-08-18T15:16:49.464999,,completed,2026-05-08T01:27:41.465037,20c3bda5-fea6-4ea8-a48c-7cd0305cde2d
c9087c6e-534d-472c-a5c7-7ec38783f32b,2742825a-3e35-4f86-ae5a-aca92762e3ea,a669f01c-9d90-47fe-b1f8-79740e2b0070,,,Budget Review,Meeting about strategy meeting,2026-07-16T13:02:29.465049,2026-07-16T13:47:29.465049,Google Meet,scheduled,2026-02-25T19:44:57.465080,1f4e14bd-50ce-450c-ab7d-5e06108ba712
25f18c1e-9c7c-40f3-ac1c-dd3f52720c9a,2742825a-3e35-4f86-ae5a-aca92762e3ea,56bbe842-f0da-4e30-a46c-38025bfb382e,,b0e10d30-22b5-4fd8-bcd8-9abc801c166a,Quarterly Review,Meeting about client check-in,2026-08-01T22:17:46.465087,2026-08-01T23:02:46.465087,Google Meet,no_show,2026-07-05T15:35:55.465108,d7b70429-3c34-4940-81f0-2fd516ab47cb
f03a1e23-022d-4d73-ac54-4518a4fe2f26,2742825a-3e35-4f86-ae5a-aca92762e3ea,b7d19994-038b-4dbe-8e38-5141d55ae804,,0bc1cbc1-9f50-4272-bb09-951434980d1c,Contract Negotiation,Meeting about product demo,2026-06-29T10:39:36.465114,2026-06-29T12:09:36.465114,Teams,no_show,2025-12-14T03:57:11.465131,8c0e1935-13b5-4990-a8a3-0be81dad1a78
693a2264-f08a-4175-8377-54d60c5293f7,2742825a-3e35-4f86-ae5a-aca92762e3ea,a3cb50e2-619e-40b9-82fa-b0ae6c6c06ca,795f816e-c49c-4731-afc7-62947e754524,9fbd0044-51ee-4f00-b9f2-85d85c40de37,Strategy Meeting,Meeting about support call,2026-08-20T02:03:38.465137,2026-08-20T03:03:38.465137,In Person,scheduled,2025-08-22T08:58:30.465158,8c0e1935-13b5-4990-a8a3-0be81dad1a78
6796be73-39de-47ba-ae70-c76ccea45e97,2742825a-3e35-4f86-ae5a-aca92762e3ea,126bc002-0870-4341-a019-6dbae3d39a09,,,Quarterly Review,Meeting about support call,2026-08-03T13:13:56.465164,2026-08-03T13:28:56.465164,,scheduled,2026-01-31T01:37:35.465179,56bbe842-f0da-4e30-a46c-38025bfb382e
8d436aaa-5022-4c26-8be9-5dc40f1db5a1,2742825a-3e35-4f86-ae5a-aca92762e3ea,fc5f1462-0be4-4ddf-81a8-aa82b5148124,b24e17bb-a452-4e6e-b5c7-4db4488e37a9,,Support Call,Meeting about training workshop,2026-06-07T10:45:39.465186,2026-06-07T12:45:39.465186,Google Meet,scheduled,2026-05-04T13:08:32.465203,126bc002-0870-4341-a019-6dbae3d39a09
394e61ae-bde0-4041-873e-ca202a7ac176,2742825a-3e35-4f86-ae5a-aca92762e3ea,64557d9f-67a1-4513-b6da-e641464f66bb,,,Quarterly Review,Meeting about quarterly review,2026-10-25T05:51:09.465210,2026-10-25T06:51:09.465210,Teams,completed,2026-02-13T09:15:29.465229,1f4e14bd-50ce-450c-ab7d-5e06108ba712
5799b5bb-f6fc-434e-b281-e3aaa33ea041,2742825a-3e35-4f86-ae5a-aca92762e3ea,20c3bda5-fea6-4ea8-a48c-7cd0305cde2d,20c5f7e2-dc42-4a7d-8a34-0c8582981c2a,c9195c71-d1f4-4550-bbc5-67460fe24e65,Board Meeting,Meeting about contract negotiation,2026-07-15T08:49:37.465239,2026-07-15T09:49:37.465239,Google Meet,scheduled,2026-03-24T07:48:33.465257,4a7a2306-6666-4f6b-9b4e-18f69f445d60
9d60149a-1df9-4c92-bed4-279de5beb773,2742825a-3e35-4f86-ae5a-aca92762e3ea,c74050eb-0b79-4cba-8d19-adf0d3e0b9db,bc07c52c-c412-4a0d-9340-6ec63299e0b2,,Sales Call,Meeting about contract negotiation,2026-09-26T01:32:06.465263,2026-09-26T03:32:06.465263,Zoom,scheduled,2026-03-15T04:28:35.465279,a669f01c-9d90-47fe-b1f8-79740e2b0070
57dd6a3c-65c5-4efe-85b1-9aa1ac1dbc1a,2742825a-3e35-4f86-ae5a-aca92762e3ea,ae300c2a-88df-4b79-b08f-dabbd0efed46,,,Strategy Meeting,Meeting about quarterly review,2026-08-08T20:51:50.465285,2026-08-08T21:21:50.465285,Zoom,no_show,2026-04-30T07:14:25.465301,56bbe842-f0da-4e30-a46c-38025bfb382e
ed6a915b-49b8-45ee-bf54-cca9ba8e13d1,2742825a-3e35-4f86-ae5a-aca92762e3ea,1f4e14bd-50ce-450c-ab7d-5e06108ba712,c4dcb445-1ac5-4d06-b742-bb817ff70d1c,,Support Call,Meeting about contract negotiation,2026-08-05T12:45:22.465307,2026-08-05T14:45:22.465307,Teams,cancelled,2025-11-24T11:30:14.465323,64557d9f-67a1-4513-b6da-e641464f66bb
5d9e65d3-c00c-4a69-94d6-f77fe9cff538,2742825a-3e35-4f86-ae5a-aca92762e3ea,1f4e14bd-50ce-450c-ab7d-5e06108ba712,,,Project Update,Meeting about board meeting,2026-09-14T23:15:24.465330,2026-09-14T23:45:24.465330,Zoom,completed,2025-11-11T05:56:45.465345,56bbe842-f0da-4e30-a46c-38025bfb382e
306d5600-fa3e-482c-8588-f3f2e00a27fb,2742825a-3e35-4f86-ae5a-aca92762e3ea,8c0e1935-13b5-4990-a8a3-0be81dad1a78,,79729615-82e5-4b76-b9c7-cd3ba573e525,Performance Review,Meeting about contract negotiation,2026-09-15T20:35:58.465351,2026-09-15T21:05:58.465351,Teams,no_show,2026-07-17T11:00:36.465366,64557d9f-67a1-4513-b6da-e641464f66bb
8c539958-8755-4762-bbc1-ef3ca5340ce0,2742825a-3e35-4f86-ae5a-aca92762e3ea,126bc002-0870-4341-a019-6dbae3d39a09,,,Sales Call,Meeting about team standup,2026-06-30T07:43:20.465372,2026-06-30T07:58:20.465372,Zoom,scheduled,2026-04-19T09:13:49.465387,20c3bda5-fea6-4ea8-a48c-7cd0305cde2d
c301b43d-3076-4015-bdd2-5a6e97e1c7b6,2742825a-3e35-4f86-ae5a-aca92762e3ea,d7b70429-3c34-4940-81f0-2fd516ab47cb,88b62d10-0da6-47dd-b114-543a61b9adf6,,Project Update,Meeting about strategy meeting,2026-09-04T19:22:23.465394,2026-09-04T21:22:23.465394,Phone,scheduled,2026-03-13T04:05:47.465447,56bbe842-f0da-4e30-a46c-38025bfb382e
c4029ea5-794a-424f-9e41-226d0399dcf5,2742825a-3e35-4f86-ae5a-aca92762e3ea,126bc002-0870-4341-a019-6dbae3d39a09,1c4ada2f-8461-4c04-aaa3-6de52785ed64,,Strategy Meeting,Meeting about contract negotiation,2026-06-01T22:32:36.465463,2026-06-01T23:32:36.465463,In Person,no_show,2026-06-17T16:54:43.465495,a3cb50e2-619e-40b9-82fa-b0ae6c6c06ca
65c04f24-39d6-4482-ba08-cdb3e24a19cd,2742825a-3e35-4f86-ae5a-aca92762e3ea,4a7a2306-6666-4f6b-9b4e-18f69f445d60,a6e243df-ee73-44e2-bfe6-2d639507ba08,,Client Check-in,Meeting about project update,2026-09-05T13:33:36.465502,2026-09-05T13:48:36.465502,In Person,cancelled,2025-08-26T12:00:09.465520,4a7a2306-6666-4f6b-9b4e-18f69f445d60
7aaadbb5-bbf7-4b5b-9a9d-38074b1bd794,2742825a-3e35-4f86-ae5a-aca92762e3ea,20c3bda5-fea6-4ea8-a48c-7cd0305cde2d,60663f5e-460f-4837-ba72-d994635dd7cb,b28d55b8-cfeb-4ef1-b936-71d8d7f61ca9,Product Demo,Meeting about project update,2026-09-22T15:15:30.465534,2026-09-22T17:15:30.465534,Phone,scheduled,2026-04-20T20:26:36.465552,1f4e14bd-50ce-450c-ab7d-5e06108ba712
e814564e-55e9-4173-af79-4088c2cf11b2,2742825a-3e35-4f86-ae5a-aca92762e3ea,126bc002-0870-4341-a019-6dbae3d39a09,93eda350-cc17-4a69-9f15-cd35dc1f74f9,,Onboarding Session,Meeting about training workshop,2026-09-16T10:23:06.465558,2026-09-16T10:53:06.465558,Teams,no_show,2025-10-21T09:07:12.465575,a669f01c-9d90-47fe-b1f8-79740e2b0070
9a3449a0-0b92-4a86-9dfb-1b3705d56e63,2742825a-3e35-4f86-ae5a-aca92762e3ea,56bbe842-f0da-4e30-a46c-38025bfb382e,6c67d3bb-03a6-49c3-a5eb-71bade8ee206,a9f51a4d-e810-475a-b89e-828aa6cba2cd,Client Check-in,Meeting about strategy meeting,2026-06-20T11:44:41.465581,2026-06-20T12:44:41.465581,In Person,scheduled,2026-04-22T15:30:13.465598,b7d19994-038b-4dbe-8e38-5141d55ae804
73b678fe-0c63-4958-82c1-850d0e53d7e3,2742825a-3e35-4f86-ae5a-aca92762e3ea,fdbc7119-6732-45ab-9136-cb056076a38a,,746e6fa9-28b3-4353-ac2f-9d25c37e16ae,Onboarding Session,Meeting about budget review,2026-09-02T02:15:45.465605,2026-09-02T04:15:45.465605,Google Meet,cancelled,2026-06-27T14:27:15.465624,a669f01c-9d90-47fe-b1f8-79740e2b0070
9d1fa52d-9b30-4883-8619-ff45a37599d6,2742825a-3e35-4f86-ae5a-aca92762e3ea,fdbc7119-6732-45ab-9136-cb056076a38a,662a1eed-654c-43d0-8415-fe86b01c3c01,,Board Meeting,Meeting about contract negotiation,2026-10-10T10:08:54.465631,2026-10-10T10:23:54.465631,Zoom,no_show,2026-02-22T05:03:38.465652,fdbc7119-6732-45ab-9136-cb056076a38a
e690d43c-3dab-4cf4-b1fa-0ff67d28690f,2742825a-3e35-4f86-ae5a-aca92762e3ea,1f4e14bd-50ce-450c-ab7d-5e06108ba712,8c085596-b4df-408c-8c50-05ab339522b4,,Project Update,Meeting about sales call,2026-09-26T11:38:33.465659,2026-09-26T12:08:33.465659,Phone,completed,2026-05-25T21:51:29.465676,a669f01c-9d90-47fe-b1f8-79740e2b0070
ce914955-e544-4d52-89c0-5a29dc9dc891,2742825a-3e35-4f86-ae5a-aca92762e3ea,c74050eb-0b79-4cba-8d19-adf0d3e0b9db,acbdee5f-36a8-4a39-ba00-1b1f73bb6074,80f75601-6310-40aa-b123-df66eba75b0e,Board Meeting,Meeting about onboarding session,2026-08-22T13:41:01.465682,2026-08-22T15:11:01.465682,In Person,scheduled,2026-01-13T07:16:03.465700,a3cb50e2-619e-40b9-82fa-b0ae6c6c06ca
28ec7f67-069d-4c28-9758-3c37b419c6f3,2742825a-3e35-4f86-ae5a-aca92762e3ea,8c0e1935-13b5-4990-a8a3-0be81dad1a78,06dcdf8c-f8ec-4a0f-94d6-6dbfa62ca68f,,Training Workshop,Meeting about partnership discussion,2026-08-21T01:21:29.465706,2026-08-21T02:51:29.465706,Google Meet,no_show,2025-08-15T14:22:19.465722,4a7a2306-6666-4f6b-9b4e-18f69f445d60
fad8b806-6807-4235-bb65-38d3da7ff08c,2742825a-3e35-4f86-ae5a-aca92762e3ea,a3cb50e2-619e-40b9-82fa-b0ae6c6c06ca,0d3e2136-c5ff-430d-8076-240aa339c6d5,e41c0404-9f4d-4637-b930-c240ac9bbdfd,Performance Review,Meeting about board meeting,2026-06-02T15:00:22.465730,2026-06-02T15:15:22.465730,,scheduled,2026-07-21T00:13:39.465749,56bbe842-f0da-4e30-a46c-38025bfb382e
efffa5ad-1078-46b8-9f2b-433802a06074,2742825a-3e35-4f86-ae5a-aca92762e3ea,fdbc7119-6732-45ab-9136-cb056076a38a,,,Project Update,Meeting about client check-in,2026-07-11T22:55:08.465755,2026-07-12T00:55:08.465755,In Person,no_show,2025-10-21T04:19:58.465770,ae300c2a-88df-4b79-b08f-dabbd0efed46
e8c5f4d1-274c-4b89-bd5e-9206eefaba4f,2742825a-3e35-4f86-ae5a-aca92762e3ea,b7d19994-038b-4dbe-8e38-5141d55ae804,,4b70b11b-731a-477a-8270-60588a5ba6d2,Quarterly Review,Meeting about team standup,2026-09-08T04:46:04.465781,2026-09-08T05:46:04.465781,In Person,completed,2025-10-05T12:36:42.465797,a3cb50e2-619e-40b9-82fa-b0ae6c6c06ca
6ab89fe9-81ac-4da3-a7ed-d95d715847ff,2742825a-3e35-4f86-ae5a-aca92762e3ea,a3cb50e2-619e-40b9-82fa-b0ae6c6c06ca,4e4f8071-20dd-457b-ae99-ab6633243cbc,,Client Check-in,Meeting about product demo,2026-05-25T13:58:01.465803,2026-05-25T14:28:01.465803,Phone,completed,2026-07-23T13:32:32.465819,56bbe842-f0da-4e30-a46c-38025bfb382e
e9e9df28-46db-44d3-9d93-bc75b79973a0,2742825a-3e35-4f86-ae5a-aca92762e3ea,8c0e1935-13b5-4990-a8a3-0be81dad1a78,,,Performance Review,Meeting about training workshop,2026-06-27T10:38:03.465825,2026-06-27T11:08:03.465825,Zoom,no_show,2026-05-11T08:41:21.465840,56bbe842-f0da-4e30-a46c-38025bfb382e
a1866e76-6fbd-480b-9a48-625f7264cd6d,2742825a-3e35-4f86-ae5a-aca92762e3ea,b7d19994-038b-4dbe-8e38-5141d55ae804,b9f0e8f0-9328-4be7-bd02-0a4235b87a83,,Support Call,Meeting about sales call,2026-06-30T21:19:58.465846,2026-06-30T22:49:58.465846,,completed,2026-05-26T14:07:31.465863,fdbc7119-6732-45ab-9136-cb056076a38a
a48bb8cd-5e39-4e45-827d-9c603004532a,2742825a-3e35-4f86-ae5a-aca92762e3ea,4a7a2306-6666-4f6b-9b4e-18f69f445d60,,fc67b07c-0078-45d6-9094-77b716acd45b,Contract Negotiation,Meeting about budget review,2026-07-22T21:08:28.465869,2026-07-22T22:38:28.465869,In Person,scheduled,2025-10-23T20:56:28.465884,fdbc7119-6732-45ab-9136-cb056076a38a
c86e00bc-a797-4614-8492-69ca243466ae,2742825a-3e35-4f86-ae5a-aca92762e3ea,1f4e14bd-50ce-450c-ab7d-5e06108ba712,,55094e9c-bbf9-4041-ad2e-abdb543cf9a8,Team Standup,Meeting about strategy meeting,2026-09-29T18:41:58.465891,2026-09-29T18:56:58.465891,Zoom,no_show,2026-04-29T08:16:59.465907,8c0e1935-13b5-4990-a8a3-0be81dad1a78
07ffd6b6-e99a-4e7b-8fb9-9b4cbe3c1c5d,2742825a-3e35-4f86-ae5a-aca92762e3ea,64557d9f-67a1-4513-b6da-e641464f66bb,00d0ed6b-a743-491c-b94e-17b1ea49bea2,,Performance Review,Meeting about product demo,2026-07-21T18:45:37.465913,2026-07-21T20:45:37.465913,Teams,no_show,2025-12-10T20:27:58.465936,126bc002-0870-4341-a019-6dbae3d39a09
f78c49af-3c97-45fe-89d2-36a811761e1c,2742825a-3e35-4f86-ae5a-aca92762e3ea,b7d19994-038b-4dbe-8e38-5141d55ae804,1e8d1468-7bbc-4774-95c3-9226feb2c721,,Performance Review,Meeting about project update,2026-06-08T09:17:13.465943,2026-06-08T11:17:13.465943,Phone,scheduled,2026-03-18T07:38:39.465959,20c3bda5-fea6-4ea8-a48c-7cd0305cde2d
417c81ec-e12b-4871-a592-aa559fc59d1c,2742825a-3e35-4f86-ae5a-aca92762e3ea,64557d9f-67a1-4513-b6da-e641464f66bb,26a302e5-db09-46f3-a4ff-f0d595195ae8,,Strategy Meeting,Meeting about budget review,2026-10-16T23:27:27.465965,2026-10-17T00:57:27.465965,Zoom,cancelled,2026-06-16T10:10:23.465981,d7b70429-3c34-4940-81f0-2fd516ab47cb
08da9ebe-e824-42ea-bd81-96ce70e7b219,2742825a-3e35-4f86-ae5a-aca92762e3ea,64557d9f-67a1-4513-b6da-e641464f66bb,349c64c6-1744-4d4b-8c7e-daaef8354cc9,,Performance Review,Meeting about partnership discussion,2026-09-24T18:59:33.465988,2026-09-24T20:59:33.465988,,cancelled,2026-01-18T23:15:27.466007,56bbe842-f0da-4e30-a46c-38025bfb382e
d67c8b2b-0bfc-439b-b89d-9fc1d7bb679c,2742825a-3e35-4f86-ae5a-aca92762e3ea,20c3bda5-fea6-4ea8-a48c-7cd0305cde2d,,,Sales Call,Meeting about onboarding session,2026-09-26T14:55:10.466017,2026-09-26T16:55:10.466017,Phone,no_show,2026-03-05T16:27:29.466032,8c0e1935-13b5-4990-a8a3-0be81dad1a78
f4e299e4-8f1a-48d7-8006-473b00866d01,2742825a-3e35-4f86-ae5a-aca92762e3ea,c74050eb-0b79-4cba-8d19-adf0d3e0b9db,,9b95f12e-bc2d-4d10-8f56-4fc3a0941dd4,Team Standup,Meeting about contract negotiation,2026-06-21T17:46:40.466038,2026-06-21T18:46:40.466038,Phone,no_show,2026-02-03T17:16:01.466054,c74050eb-0b79-4cba-8d19-adf0d3e0b9db
e808041f-0875-4f69-891a-850e8ce132d7,2742825a-3e35-4f86-ae5a-aca92762e3ea,20c3bda5-fea6-4ea8-a48c-7cd0305cde2d,ceae5ca4-4c50-4d32-a62e-5b957e154572,,Team Standup,Meeting about project update,2026-05-30T17:19:44.466060,2026-05-30T19:19:44.466060,In Person,cancelled,2026-05-14T18:13:37.466076,c74050eb-0b79-4cba-8d19-adf0d3e0b9db
d3101435-567b-4809-904e-1f001b3e3800,2742825a-3e35-4f86-ae5a-aca92762e3ea,c74050eb-0b79-4cba-8d19-adf0d3e0b9db,,,Quarterly Review,Meeting about onboarding session,2026-09-24T10:58:24.466082,2026-09-24T11:43:24.466082,Phone,scheduled,2026-06-10T05:57:52.466097,a669f01c-9d90-47fe-b1f8-79740e2b0070
3bea0906-6e60-44ab-b81c-8b053a5f7417,2742825a-3e35-4f86-ae5a-aca92762e3ea,ae300c2a-88df-4b79-b08f-dabbd0efed46,33558ee6-0ade-477d-9db1-2cd0bcf55234,45104f47-c2eb-4e18-9a99-e488007fce1e,Product Demo,Meeting about quarterly review,2026-07-28T17:23:21.466103,2026-07-28T18:53:21.466103,,scheduled,2025-11-01T10:44:46.466120,fc5f1462-0be4-4ddf-81a8-aa82b5148124
e18b449b-aa98-44cc-a818-68afa00c3260,2742825a-3e35-4f86-ae5a-aca92762e3ea,126bc002-0870-4341-a019-6dbae3d39a09,d00dc812-4759-4de5-adfa-379aca52de1e,,Quarterly Review,Meeting about client check-in,2026-10-27T12:51:21.466126,2026-10-27T13:06:21.466126,,cancelled,2025-12-25T06:12:17.466143,a3cb50e2-619e-40b9-82fa-b0ae6c6c06ca
3f9f8164-7d2c-4c45-8c3c-d17ba5a2f338,2742825a-3e35-4f86-ae5a-aca92762e3ea,a3cb50e2-619e-40b9-82fa-b0ae6c6c06ca,839b1bea-c25e-4d03-87e3-2b43330ec6fb,,Onboarding Session,Meeting about sales call,2026-05-22T08:54:27.466151,2026-05-22T09:39:27.466151,,no_show,2026-03-25T15:13:15.466166,a3cb50e2-619e-40b9-82fa-b0ae6c6c06ca
83da0bc6-206d-4cc7-a71c-d349a32dabc9,2742825a-3e35-4f86-ae5a-aca92762e3ea,fdbc7119-6732-45ab-9136-cb056076a38a,eadd9ec9-435d-4ca4-bce4-fbc20c899c41,,Team Standup,Meeting about product demo,2026-09-02T21:08:49.466173,2026-09-02T22:08:49.466173,Teams,cancelled,2026-04-21T07:27:55.466189,64557d9f-67a1-4513-b6da-e641464f66bb
0d393da7-131b-43ff-862c-9c05f60fefd2,2742825a-3e35-4f86-ae5a-aca92762e3ea,1f4e14bd-50ce-450c-ab7d-5e06108ba712,,,Client Check-in,Meeting about team standup,2026-07-14T09:47:59.466195,2026-07-14T11:47:59.466195,Teams,completed,2025-12-25T12:57:13.466210,c74050eb-0b79-4cba-8d19-adf0d3e0b9db
7e3c430b-0f85-4714-b611-7436fa2411dd,2742825a-3e35-4f86-ae5a-aca92762e3ea,56bbe842-f0da-4e30-a46c-38025bfb382e,e3c8c425-d523-4255-af21-360919481f62,f72fd098-0668-446d-9d9c-33389594dcda,Strategy Meeting,Meeting about contract negotiation,2026-10-20T17:36:39.466219,2026-10-20T18:06:39.466219,Phone,scheduled,2025-11-03T00:28:47.466241,64557d9f-67a1-4513-b6da-e641464f66bb
6247b838-4a69-482e-9cc2-4a0710dcc8a1,2742825a-3e35-4f86-ae5a-aca92762e3ea,c74050eb-0b79-4cba-8d19-adf0d3e0b9db,b2a14a05-6bf5-4054-a265-222109818893,,Quarterly Review,Meeting about contract negotiation,2026-07-11T20:01:45.466251,2026-07-11T20:16:45.466251,Phone,cancelled,2026-01-14T20:36:55.466268,20c3bda5-fea6-4ea8-a48c-7cd0305cde2d
b383aede-3c74-47b0-9fa7-6b40ac2b69df,2742825a-3e35-4f86-ae5a-aca92762e3ea,1f4e14bd-50ce-450c-ab7d-5e06108ba712,7b668e3a-00e5-4719-bb4a-ad46db586ac7,,Partnership Discussion,Meeting about strategy meeting,2026-09-19T22:09:47.466274,2026-09-19T22:39:47.466274,Teams,cancelled,2026-01-24T15:46:04.466295,56bbe842-f0da-4e30-a46c-38025bfb382e
303e2c36-efd4-4113-8165-29335d5008b4,2742825a-3e35-4f86-ae5a-aca92762e3ea,56bbe842-f0da-4e30-a46c-38025bfb382e,2db53ce5-7695-4a66-9614-9e8039772ed7,f55d8040-6726-43e6-962c-a817ffe97aa3,Budget Review,Meeting about onboarding session,2026-05-14T23:36:27.466302,2026-05-15T00:36:27.466302,Teams,no_show,2025-09-25T11:19:17.466319,1f4e14bd-50ce-450c-ab7d-5e06108ba712
83eee236-a6cf-4932-8895-7e00aa87671e,2742825a-3e35-4f86-ae5a-aca92762e3ea,b7d19994-038b-4dbe-8e38-5141d55ae804,45ab4898-8b40-4350-b9f1-dac5717895a2,,Support Call,Meeting about board meeting,2026-07-07T20:42:14.466325,2026-07-07T21:27:14.466325,Teams,cancelled,2025-10-05T10:41:17.466341,64557d9f-67a1-4513-b6da-e641464f66bb
39995654-ae8a-4b78-9cc1-dc0e5ecf6247,2742825a-3e35-4f86-ae5a-aca92762e3ea,d7b70429-3c34-4940-81f0-2fd516ab47cb,839b1bea-c25e-4d03-87e3-2b43330ec6fb,,Quarterly Review,Meeting about team standup,2026-09-09T03:17:43.466347,2026-09-09T04:17:43.466347,Teams,cancelled,2025-09-23T19:17:04.466363,126bc002-0870-4341-a019-6dbae3d39a09
f0dcc955-a17d-4095-9d39-49f2d65ea098,2742825a-3e35-4f86-ae5a-aca92762e3ea,126bc002-0870-4341-a019-6dbae3d39a09,,,Sales Call,Meeting about onboarding session,2026-11-02T04:49:14.466369,2026-11-02T06:19:14.466369,In Person,scheduled,2026-03-19T03:28:08.466384,d7b70429-3c34-4940-81f0-2fd516ab47cb
92f1cd2e-6024-4d9c-bbfe-a8b6cd2bf647,2742825a-3e35-4f86-ae5a-aca92762e3ea,fdbc7119-6732-45ab-9136-cb056076a38a,,,Project Update,Meeting about board meeting,2026-06-21T23:35:00.466391,2026-06-21T23:50:00.466391,,scheduled,2026-04-05T05:12:55.466405,a3cb50e2-619e-40b9-82fa-b0ae6c6c06ca
0851e068-e7e4-491c-9cac-590f932d182e,2742825a-3e35-4f86-ae5a-aca92762e3ea,fc5f1462-0be4-4ddf-81a8-aa82b5148124,00c7b053-5e87-4737-a043-97f84cde540c,,Strategy Meeting,Meeting about training workshop,2026-07-07T20:48:12.466411,2026-07-07T21:03:12.466411,Zoom,scheduled,2026-06-13T03:43:15.466427,64557d9f-67a1-4513-b6da-e641464f66bb
eee21e29-0d4e-430e-8944-544153f34dc5,2742825a-3e35-4f86-ae5a-aca92762e3ea,8c0e1935-13b5-4990-a8a3-0be81dad1a78,,,Quarterly Review,Meeting about strategy meeting,2026-07-26T01:13:34.466433,2026-07-26T02:43:34.466433,,cancelled,2025-09-02T15:26:47.466448,1f4e14bd-50ce-450c-ab7d-5e06108ba712
c7069e92-ae6f-4b15-936f-ff85aabb8d39,2742825a-3e35-4f86-ae5a-aca92762e3ea,8c0e1935-13b5-4990-a8a3-0be81dad1a78,,2ddbccd4-159d-4c28-8ac2-0c7ee7a44509,Partnership Discussion,Meeting about support call,2026-05-11T15:22:17.466454,2026-05-11T15:52:17.466454,Teams,no_show,2025-09-02T17:08:41.466470,20c3bda5-fea6-4ea8-a48c-7cd0305cde2d
654bc6b8-e047-4f67-bd85-6713de41046d,2742825a-3e35-4f86-ae5a-aca92762e3ea,a3cb50e2-619e-40b9-82fa-b0ae6c6c06ca,,,Product Demo,Meeting about onboarding session,2026-07-12T04:43:27.466480,2026-07-12T04:58:27.466480,,scheduled,2026-05-16T04:41:47.466495,20c3bda5-fea6-4ea8-a48c-7cd0305cde2d
f68e796e-3308-4951-8b3a-7ced9824747a,2742825a-3e35-4f86-ae5a-aca92762e3ea,4a7a2306-6666-4f6b-9b4e-18f69f445d60,21860c8a-75af-4666-b1cb-07757b8593cd,,Sales Call,Meeting about support call,2026-05-29T15:40:21.466501,2026-05-29T16:25:21.466501,Teams,cancelled,2026-07-13T17:39:43.466550,20c3bda5-fea6-4ea8-a48c-7cd0305cde2d
2c9c3421-836a-40f0-bfdf-85360b91e1cc,2742825a-3e35-4f86-ae5a-aca92762e3ea,b7d19994-038b-4dbe-8e38-5141d55ae804,3806be39-4edb-4261-8a24-2f2b98d9d882,,Project Update,Meeting about board meeting,2026-05-15T18:20:40.466561,2026-05-15T19:20:40.466561,In Person,cancelled,2026-02-25T05:22:20.466595,ae300c2a-88df-4b79-b08f-dabbd0efed46
6f7610d8-d7a6-46b4-8f10-5b47162ab68c,2742825a-3e35-4f86-ae5a-aca92762e3ea,126bc002-0870-4341-a019-6dbae3d39a09,45dc6cf8-087a-4656-ba6e-a47270c6c9f9,,Quarterly Review,Meeting about strategy meeting,2026-08-01T01:09:02.466608,2026-08-01T03:09:02.466608,Teams,scheduled,2026-04-25T21:12:27.466659,4a7a2306-6666-4f6b-9b4e-18f69f445d60
da0073f0-ba39-4d10-b255-3b975bf1d912,2742825a-3e35-4f86-ae5a-aca92762e3ea,ae300c2a-88df-4b79-b08f-dabbd0efed46,,fe0588fc-e613-4709-be4c-bc029d4fc543,Onboarding Session,Meeting about budget review,2026-09-23T09:33:35.466667,2026-09-23T09:48:35.466667,Phone,no_show,2026-07-10T22:03:06.466690,a669f01c-9d90-47fe-b1f8-79740e2b0070
379f0c4a-11b7-4220-9979-ec7c26637ad7,2742825a-3e35-4f86-ae5a-aca92762e3ea,b7d19994-038b-4dbe-8e38-5141d55ae804,cd383770-ca5c-41d8-8a70-c3cdccbe4899,dfabe4a9-f81e-410e-94b0-ef39d5c45a9d,Performance Review,Meeting about training workshop,2026-09-02T06:17:30.466697,2026-09-02T07:47:30.466697,,cancelled,2026-02-07T17:07:04.466715,d7b70429-3c34-4940-81f0-2fd516ab47cb
0de876de-969d-4ecb-a426-f90674d47195,2742825a-3e35-4f86-ae5a-aca92762e3ea,fc5f1462-0be4-4ddf-81a8-aa82b5148124,,309f5f0c-5143-4780-bcd3-528e2c579845,Performance Review,Meeting about board meeting,2026-08-30T23:57:26.466721,2026-08-31T01:27:26.466721,Teams,scheduled,2025-09-07T07:29:57.466739,20c3bda5-fea6-4ea8-a48c-7cd0305cde2d
1d1f57dc-569c-4baf-8ca1-9d4f4ff8dcc4,2742825a-3e35-4f86-ae5a-aca92762e3ea,b7d19994-038b-4dbe-8e38-5141d55ae804,,,Budget Review,Meeting about board meeting,2026-07-20T09:38:32.466745,2026-07-20T09:53:32.466745,Teams,cancelled,2025-10-10T03:35:47.466760,4a7a2306-6666-4f6b-9b4e-18f69f445d60
e8e25c1d-1334-4ed1-b43f-79e0ab82027f,2742825a-3e35-4f86-ae5a-aca92762e3ea,ae300c2a-88df-4b79-b08f-dabbd0efed46,,,Training Workshop,Meeting about sales call,2026-10-06T06:01:01.466766,2026-10-06T07:31:01.466766,,completed,2026-03-22T11:46:32.466781,1f4e14bd-50ce-450c-ab7d-5e06108ba712
9d881ee6-323f-492f-a3fc-73149429d232,2742825a-3e35-4f86-ae5a-aca92762e3ea,126bc002-0870-4341-a019-6dbae3d39a09,b6e7335f-64a9-4068-b274-9e3efdea468d,,Support Call,Meeting about onboarding session,2026-05-14T00:43:31.466788,2026-05-14T00:58:31.466788,Google Meet,no_show,2025-10-13T14:54:04.466804,ae300c2a-88df-4b79-b08f-dabbd0efed46
82ced126-19e7-4417-9b2c-427cf4b3c12b,2742825a-3e35-4f86-ae5a-aca92762e3ea,20c3bda5-fea6-4ea8-a48c-7cd0305cde2d,f7eba03d-e87f-4003-90d6-d67b238dd28e,,Performance Review,Meeting about quarterly review,2026-06-12T06:14:24.466813,2026-06-12T06:44:24.466813,Phone,no_show,2026-06-24T03:39:36.466830,8c0e1935-13b5-4990-a8a3-0be81dad1a78
5cb18d29-344c-4d5a-98b9-6e9769472b0f,2742825a-3e35-4f86-ae5a-aca92762e3ea,56bbe842-f0da-4e30-a46c-38025bfb382e,,b48bc216-2a32-4451-9ac5-0baf446c1152,Training Workshop,Meeting about partnership discussion,2026-09-14T10:28:18.466837,2026-09-14T10:58:18.466837,,completed,2026-06-10T11:14:09.466855,20c3bda5-fea6-4ea8-a48c-7cd0305cde2d
f93f65f9-345b-4ee2-b20d-1ad80a10f2fb,2742825a-3e35-4f86-ae5a-aca92762e3ea,4a7a2306-6666-4f6b-9b4e-18f69f445d60,,,Strategy Meeting,Meeting about onboarding session,2026-06-08T10:42:19.466862,2026-06-08T11:27:19.466862,Teams,completed,2025-12-19T18:58:02.466877,20c3bda5-fea6-4ea8-a48c-7cd0305cde2d
e56d87c8-97c9-4fa5-abe2-2e47b8447a54,2742825a-3e35-4f86-ae5a-aca92762e3ea,4a7a2306-6666-4f6b-9b4e-18f69f445d60,f6f1b8b4-bd99-41a9-bacd-67f9379198c5,,Product Demo,Meeting about board meeting,2026-07-01T13:10:10.466883,2026-07-01T13:55:10.466883,Google Meet,completed,2025-12-23T21:17:45.466899,1f4e14bd-50ce-450c-ab7d-5e06108ba712
cffa805b-a2e3-490e-abb3-6e159f516dcc,2742825a-3e35-4f86-ae5a-aca92762e3ea,ae300c2a-88df-4b79-b08f-dabbd0efed46,7a74079e-0e84-4114-b4a1-53935689d25b,,Client Check-in,Meeting about sales call,2026-06-16T20:03:45.466906,2026-06-16T21:33:45.466906,Phone,scheduled,2026-08-04T00:38:59.466922,8c0e1935-13b5-4990-a8a3-0be81dad1a78
e541b8ca-bf95-443e-94f4-039964e77794,2742825a-3e35-4f86-ae5a-aca92762e3ea,4a7a2306-6666-4f6b-9b4e-18f69f445d60,,,Support Call,Meeting about budget review,2026-09-14T21:50:01.466928,2026-09-14T23:20:01.466928,Phone,cancelled,2025-08-06T17:35:18.466943,d7b70429-3c34-4940-81f0-2fd516ab47cb
67d05f48-c74c-4c7a-ba54-66f0408afc57,2742825a-3e35-4f86-ae5a-aca92762e3ea,d7b70429-3c34-4940-81f0-2fd516ab47cb,fd212a1b-daa5-4d36-80ce-9aae3fef622b,,Client Check-in,Meeting about client check-in,2026-06-19T18:07:49.466950,2026-06-19T19:37:49.466950,Teams,completed,2025-08-09T23:21:18.466966,20c3bda5-fea6-4ea8-a48c-7cd0305cde2d
19fd6fc0-6c51-42b7-95ed-3e0621cc5727,2742825a-3e35-4f86-ae5a-aca92762e3ea,fc5f1462-0be4-4ddf-81a8-aa82b5148124,,,Partnership Discussion,Meeting about support call,2026-08-14T06:09:58.466972,2026-08-14T06:54:58.466972,Zoom,cancelled,2026-04-29T02:12:20.466987,c74050eb-0b79-4cba-8d19-adf0d3e0b9db
a3ecf60d-4d43-4318-a718-39bdecb81a8c,2742825a-3e35-4f86-ae5a-aca92762e3ea,d7b70429-3c34-4940-81f0-2fd516ab47cb,,235bd5e1-bed8-4f9e-ae52-07d0dbc24735,Client Check-in,Meeting about sales call,2026-07-03T15:47:19.466997,2026-07-03T16:47:19.466997,In Person,cancelled,2026-07-14T19:49:18.467014,8c0e1935-13b5-4990-a8a3-0be81dad1a78
991a9a94-0a20-4083-a437-1f147433d7ef,2742825a-3e35-4f86-ae5a-aca92762e3ea,d7b70429-3c34-4940-81f0-2fd516ab47cb,,,Training Workshop,Meeting about partnership discussion,2026-08-25T19:57:52.467020,2026-08-25T20:12:52.467020,Teams,no_show,2025-11-11T12:24:36.467035,b7d19994-038b-4dbe-8e38-5141d55ae804
23517c6e-2b2f-4816-9b91-a280c9d22f7e,2742825a-3e35-4f86-ae5a-aca92762e3ea,fdbc7119-6732-45ab-9136-cb056076a38a,b33c256a-860a-4616-a364-04aa1b239a06,,Performance Review,Meeting about strategy meeting,2026-05-16T05:59:30.467045,2026-05-16T06:29:30.467045,Zoom,completed,2025-08-11T04:02:16.467061,20c3bda5-fea6-4ea8-a48c-7cd0305cde2d
eba0ce26-3ec6-47e7-8b93-f77dadf5fdfd,2742825a-3e35-4f86-ae5a-aca92762e3ea,d7b70429-3c34-4940-81f0-2fd516ab47cb,0cf6ba64-5789-4a58-9f62-b78d01631a3a,,Budget Review,Meeting about client check-in,2026-06-28T19:40:55.467068,2026-06-28T21:40:55.467068,Google Meet,completed,2026-05-10T05:29:28.467084,d7b70429-3c34-4940-81f0-2fd516ab47cb
305da24f-6087-4c00-ac12-0d0ecd99d56d,2742825a-3e35-4f86-ae5a-aca92762e3ea,20c3bda5-fea6-4ea8-a48c-7cd0305cde2d,,,Quarterly Review,Meeting about strategy meeting,2026-10-24T08:13:27.467090,2026-10-24T09:43:27.467090,In Person,no_show,2026-05-06T14:05:10.467105,fc5f1462-0be4-4ddf-81a8-aa82b5148124
97912438-c27e-48fd-a2b8-b6f6f6af4ef6,2742825a-3e35-4f86-ae5a-aca92762e3ea,126bc002-0870-4341-a019-6dbae3d39a09,6f664d5f-3f59-4b1d-ad71-27d3a8bcaf62,,Project Update,Meeting about team standup,2026-06-20T10:15:08.467111,2026-06-20T11:15:08.467111,Teams,completed,2025-10-18T06:13:26.467127,fdbc7119-6732-45ab-9136-cb056076a38a
e8db55a8-4b7f-4b0b-9c03-641644385ece,2742825a-3e35-4f86-ae5a-aca92762e3ea,a669f01c-9d90-47fe-b1f8-79740e2b0070,,858d9e76-4af9-41b3-b481-2e4a62fc45cd,Strategy Meeting,Meeting about quarterly review,2026-07-31T21:58:56.467133,2026-07-31T22:58:56.467133,Teams,no_show,2025-10-09T12:53:22.467153,1f4e14bd-50ce-450c-ab7d-5e06108ba712
77b7ef66-c7d2-412a-b76f-d7546d13160f,2742825a-3e35-4f86-ae5a-aca92762e3ea,126bc002-0870-4341-a019-6dbae3d39a09,4275845f-ff04-48fa-85ac-3ab599e4e706,,Partnership Discussion,Meeting about training workshop,2026-05-18T18:19:26.467159,2026-05-18T18:34:26.467159,,completed,2025-12-03T18:49:11.467175,fdbc7119-6732-45ab-9136-cb056076a38a
84eb1495-4f11-4a33-90f8-3bcbd6faa08b,2742825a-3e35-4f86-ae5a-aca92762e3ea,b7d19994-038b-4dbe-8e38-5141d55ae804,,,Partnership Discussion,Meeting about training workshop,2026-11-02T10:31:47.467182,2026-11-02T11:16:47.467182,Zoom,no_show,2026-03-14T07:41:08.467197,b7d19994-038b-4dbe-8e38-5141d55ae804
85bab02a-ddfd-425a-8e5c-2fc7210c8fa4,2742825a-3e35-4f86-ae5a-aca92762e3ea,ae300c2a-88df-4b79-b08f-dabbd0efed46,,,Product Demo,Meeting about budget review,2026-09-29T07:12:52.467203,2026-09-29T08:12:52.467203,Zoom,cancelled,2025-09-27T21:10:13.467218,4a7a2306-6666-4f6b-9b4e-18f69f445d60
2fe0d21b-1cfe-43cf-a45a-7e4a6c496a03,2742825a-3e35-4f86-ae5a-aca92762e3ea,64557d9f-67a1-4513-b6da-e641464f66bb,59db55fc-f88b-4f63-a8a2-48b6035c7062,,Sales Call,Meeting about onboarding session,2026-09-02T11:58:18.467224,2026-09-02T13:28:18.467224,Google Meet,no_show,2026-05-16T03:50:04.467241,c74050eb-0b79-4cba-8d19-adf0d3e0b9db
c627d05a-5cb9-4e6e-954c-58937858e658,2742825a-3e35-4f86-ae5a-aca92762e3ea,56bbe842-f0da-4e30-a46c-38025bfb382e,71193ab9-944e-4e71-a391-3c25d781ad03,,Contract Negotiation,Meeting about support call,2026-06-04T03:01:33.467247,2026-06-04T05:01:33.467247,,no_show,2026-02-16T20:57:14.467263,8c0e1935-13b5-4990-a8a3-0be81dad1a78
a7f22615-e286-4173-840b-32a3c36be182,2742825a-3e35-4f86-ae5a-aca92762e3ea,fdbc7119-6732-45ab-9136-cb056076a38a,,6469bebc-19bd-4d33-aa48-5a8d44689584,Sales Call,Meeting about budget review,2026-05-16T13:14:28.467275,2026-05-16T15:14:28.467275,,no_show,2025-11-19T13:17:09.467291,20c3bda5-fea6-4ea8-a48c-7cd0305cde2d
57d67e70-d703-4eb5-84bc-5b5ad3f693e3,2742825a-3e35-4f86-ae5a-aca92762e3ea,c74050eb-0b79-4cba-8d19-adf0d3e0b9db,96040c3d-29e9-4da7-ab35-2a4754d6ed05,,Strategy Meeting,Meeting about partnership discussion,2026-11-03T04:51:13.467297,2026-11-03T05:21:13.467297,Teams,no_show,2026-07-07T01:25:30.467317,a669f01c-9d90-47fe-b1f8-79740e2b0070
bf8f6e35-6d08-46eb-acd3-f38df18f2424,2742825a-3e35-4f86-ae5a-aca92762e3ea,fdbc7119-6732-45ab-9136-cb056076a38a,d7a7bc38-d3be-4521-bb06-4979c94087de,,Performance Review,Meeting about quarterly review,2026-08-25T14:54:53.467324,2026-08-25T15:24:53.467324,Google Meet,completed,2026-07-10T09:58:08.467340,20c3bda5-fea6-4ea8-a48c-7cd0305cde2d
b848124e-6b16-44b9-b7c1-6c17b0694b79,2742825a-3e35-4f86-ae5a-aca92762e3ea,8c0e1935-13b5-4990-a8a3-0be81dad1a78,fd59f0ce-7070-4b1c-a41f-d8ece80a76c5,,Sales Call,Meeting about product demo,2026-06-25T00:07:54.467347,2026-06-25T00:52:54.467347,Teams,cancelled,2026-03-18T10:24:06.467363,ae300c2a-88df-4b79-b08f-dabbd0efed46
6e33c3c9-37f9-4df2-ac09-7d636dc68b29,2742825a-3e35-4f86-ae5a-aca92762e3ea,126bc002-0870-4341-a019-6dbae3d39a09,1f782227-f984-496f-9d3d-bdd1a6d22d21,4ffb2bd7-f69d-4468-8ff5-07f621045591,Board Meeting,Meeting about onboarding session,2026-10-02T06:33:32.467369,2026-10-02T08:33:32.467369,In Person,completed,2025-12-29T01:38:03.467387,a3cb50e2-619e-40b9-82fa-b0ae6c6c06ca
4c981e69-76c8-4a00-bc8d-3ced8cf69f68,2742825a-3e35-4f86-ae5a-aca92762e3ea,126bc002-0870-4341-a019-6dbae3d39a09,d09b2236-9a0c-4d29-9b4f-93d1b275ebbc,,Training Workshop,Meeting about onboarding session,2026-10-16T20:03:10.467393,2026-10-16T20:33:10.467393,In Person,completed,2026-04-27T22:51:06.467410,c74050eb-0b79-4cba-8d19-adf0d3e0b9db
0950c4b3-ab49-4704-9e10-0e0e97b71480,2742825a-3e35-4f86-ae5a-aca92762e3ea,8c0e1935-13b5-4990-a8a3-0be81dad1a78,b1e7c9a7-fc1d-45e0-aa4c-fdc11cc51d8e,,Sales Call,Meeting about budget review,2026-07-16T00:50:06.467416,2026-07-16T02:50:06.467416,Phone,scheduled,2025-10-04T03:27:43.467433,fc5f1462-0be4-4ddf-81a8-aa82b5148124
e59cd765-7118-408a-a428-cad446205986,2742825a-3e35-4f86-ae5a-aca92762e3ea,1f4e14bd-50ce-450c-ab7d-5e06108ba712,,,Performance Review,Meeting about budget review,2026-08-27T11:23:24.467439,2026-08-27T12:53:24.467439,In Person,completed,2026-07-16T21:15:18.467455,fdbc7119-6732-45ab-9136-cb056076a38a
d6b3155b-d72b-4fba-bc84-cf640ed85706,2742825a-3e35-4f86-ae5a-aca92762e3ea,fc5f1462-0be4-4ddf-81a8-aa82b5148124,2c290301-6900-497e-a166-2ba5f0cafeb0,,Team Standup,Meeting about product demo,2026-09-13T00:03:57.467461,2026-09-13T01:33:57.467461,Zoom,cancelled,2026-05-13T05:54:18.467477,fdbc7119-6732-45ab-9136-cb056076a38a
e952c039-16d6-4d38-88fc-498f0ca4ca8f,2742825a-3e35-4f86-ae5a-aca92762e3ea,8c0e1935-13b5-4990-a8a3-0be81dad1a78,659cf1b1-e4e5-4497-9062-c21ad570dac7,a766a7e1-e3ae-4214-a4e6-01cf7a51f3c8,Strategy Meeting,Meeting about strategy meeting,2026-06-25T14:27:12.467483,2026-06-25T16:27:12.467483,Phone,no_show,2026-01-08T19:59:45.467500,a3cb50e2-619e-40b9-82fa-b0ae6c6c06ca
2339c30b-c3f8-49ae-9fdc-33b40b197abd,2742825a-3e35-4f86-ae5a-aca92762e3ea,126bc002-0870-4341-a019-6dbae3d39a09,d943c4bc-e5cc-4e8b-8f88-cd747a0c713c,,Partnership Discussion,Meeting about support call,2026-07-03T22:36:52.467510,2026-07-03T23:21:52.467510,In Person,completed,2026-07-31T07:38:43.467531,126bc002-0870-4341-a019-6dbae3d39a09
017a6c59-f9b9-4957-bb4a-8c98f1ad6fa9,2742825a-3e35-4f86-ae5a-aca92762e3ea,a3cb50e2-619e-40b9-82fa-b0ae6c6c06ca,,,Sales Call,Meeting about onboarding session,2026-09-04T06:16:19.467537,2026-09-04T07:01:19.467537,Teams,no_show,2025-09-23T11:53:21.467553,126bc002-0870-4341-a019-6dbae3d39a09
fdc2e4a4-1008-4d0d-bd77-b79097f53f06,2742825a-3e35-4f86-ae5a-aca92762e3ea,fc5f1462-0be4-4ddf-81a8-aa82b5148124,23f560c5-6872-4a63-ba67-de6ddfa61de5,,Sales Call,Meeting about board meeting,2026-09-19T15:56:02.467559,2026-09-19T16:41:02.467559,In Person,cancelled,2026-06-17T19:29:23.467576,1f4e14bd-50ce-450c-ab7d-5e06108ba712
df641ef9-a152-4540-bf9a-defa23076cd7,2742825a-3e35-4f86-ae5a-aca92762e3ea,56bbe842-f0da-4e30-a46c-38025bfb382e,70152a8b-8517-400f-a2ca-674709d3affb,858d9e76-4af9-41b3-b481-2e4a62fc45cd,Support Call,Meeting about client check-in,2026-09-30T10:46:27.467582,2026-09-30T11:16:27.467582,Google Meet,no_show,2025-09-09T10:03:11.467600,c74050eb-0b79-4cba-8d19-adf0d3e0b9db
e41caf34-8368-41a7-92be-bc6281b8cfa6,2742825a-3e35-4f86-ae5a-aca92762e3ea,fdbc7119-6732-45ab-9136-cb056076a38a,a2e40de0-7572-46ba-a40d-21e95d5420f6,,Client Check-in,Meeting about contract negotiation,2026-08-26T02:26:48.467606,2026-08-26T04:26:48.467606,Teams,scheduled,2025-12-17T02:28:44.467623,126bc002-0870-4341-a019-6dbae3d39a09
d1f900c7-77e0-43a3-a4b1-e2c6a7e6a596,2742825a-3e35-4f86-ae5a-aca92762e3ea,64557d9f-67a1-4513-b6da-e641464f66bb,cf754d7b-63a0-4761-99a9-a59d4832894e,,Team Standup,Meeting about training workshop,2026-06-12T08:21:53.467629,2026-06-12T10:21:53.467629,,cancelled,2026-03-05T20:13:41.467657,a3cb50e2-619e-40b9-82fa-b0ae6c6c06ca
7ee3572a-b17f-4919-9195-b9a1f4dd4203,2742825a-3e35-4f86-ae5a-aca92762e3ea,b7d19994-038b-4dbe-8e38-5141d55ae804,9c7c7680-204a-4bca-ba22-9a7485fdddc6,,Training Workshop,Meeting about onboarding session,2026-05-25T02:39:48.467667,2026-05-25T03:24:48.467667,In Person,completed,2026-05-26T15:47:33.467684,ae300c2a-88df-4b79-b08f-dabbd0efed46
00fb2fbd-ebf5-41df-b0ec-857565bfa034,fa6b3223-0c9a-40e9-b075-9220ef58763e,70a1a11d-5ed0-4a43-ae45-a3d2f63e8213,,,Quarterly Review,Meeting about board meeting,2026-07-08T20:36:10.471161,2026-07-08T20:51:10.471161,,no_show,2025-12-13T21:48:49.471234,793561a3-4c41-4b4b-9ec6-6527903d3e02
56e27515-25d5-4516-a6f5-93b871e6de5d,fa6b3223-0c9a-40e9-b075-9220ef58763e,c7ad0281-d620-4eef-92e6-7a52117c0a8e,f4be763f-ee46-4714-aaa1-91c6459e86c1,a0e73a92-d538-425c-8c17-85d6a52be8ff,Project Update,Meeting about quarterly review,2026-08-15T21:06:59.471243,2026-08-15T23:06:59.471243,Teams,cancelled,2026-05-23T07:32:56.471264,02aa60b8-30fa-45cc-90ce-706799bfffeb
93aeb186-c404-4292-bc5d-64dbc42c90c9,fa6b3223-0c9a-40e9-b075-9220ef58763e,c5b0aadb-faf1-42c1-9dd1-d8c4c6bf6834,,be8f0d6f-80d4-4a38-b077-e3712d8d1b4f,Training Workshop,Meeting about support call,2026-07-21T11:56:27.471271,2026-07-21T12:26:27.471271,Teams,completed,2026-04-26T20:29:43.471288,40fd4c0b-aaa5-4aad-9d10-5269ef1b800f
5f0aa67c-df49-496c-9770-5d5ece848805,fa6b3223-0c9a-40e9-b075-9220ef58763e,b0e0e9fd-ef8b-47d5-b426-0e52c2535506,,4224b6b5-bcee-477b-bd1e-108af8cfb9c4,Onboarding Session,Meeting about contract negotiation,2026-06-02T12:22:16.471306,2026-06-02T12:37:16.471306,In Person,cancelled,2025-11-23T22:05:10.471323,70a1a11d-5ed0-4a43-ae45-a3d2f63e8213
f78c27ad-5099-416a-b4bc-e815d82349cf,fa6b3223-0c9a-40e9-b075-9220ef58763e,70a1a11d-5ed0-4a43-ae45-a3d2f63e8213,,75531134-72da-428b-81a8-9c5bc0a8c1a9,Budget Review,Meeting about product demo,2026-08-31T13:08:24.471329,2026-08-31T14:38:24.471329,Google Meet,cancelled,2025-11-07T19:13:38.471345,793561a3-4c41-4b4b-9ec6-6527903d3e02
e7b1ea02-dd43-4a74-9f22-3af786027983,fa6b3223-0c9a-40e9-b075-9220ef58763e,02aa60b8-30fa-45cc-90ce-706799bfffeb,,b4e9852b-67ea-44ba-b539-ad12ccc6f4de,Performance Review,Meeting about sales call,2026-09-27T16:37:22.471353,2026-09-27T18:07:22.471353,In Person,no_show,2026-06-28T02:50:50.471368,4f5c97d1-2a5a-4459-bb2c-75d59167674a
0861aaf2-f4b4-4b06-b5e9-a4b830815185,fa6b3223-0c9a-40e9-b075-9220ef58763e,056273a6-60a0-4f5f-96b3-0a1f9b494aa8,bb455329-3b79-4887-87ef-ce973e78675c,,Client Check-in,Meeting about team standup,2026-06-02T20:18:35.471375,2026-06-02T21:18:35.471375,Teams,no_show,2025-08-29T22:40:02.471392,056273a6-60a0-4f5f-96b3-0a1f9b494aa8
67ffa063-1310-439f-8145-9df4708867a7,fa6b3223-0c9a-40e9-b075-9220ef58763e,e6daabab-f289-47f2-91c8-de431d5400de,,,Performance Review,Meeting about sales call,2026-06-25T00:07:48.471398,2026-06-25T01:07:48.471398,,completed,2026-06-20T23:52:40.471413,3a7a726c-307e-4e71-8d43-f4ec0d020101
1229833a-de5d-4510-ac6a-1d687b867c5b,fa6b3223-0c9a-40e9-b075-9220ef58763e,e4a0f782-d61b-4052-849d-5679c682e6e0,6c626a00-973d-4b90-9825-a036cfc47fc4,37578187-ce37-4b4d-a86c-5066ec92bd1a,Training Workshop,Meeting about quarterly review,2026-06-15T15:50:28.471420,2026-06-15T16:05:28.471420,Zoom,no_show,2026-07-22T15:53:22.471437,b0e0e9fd-ef8b-47d5-b426-0e52c2535506
31cd7b88-9a52-429d-9ab7-9681d2b4a4d5,fa6b3223-0c9a-40e9-b075-9220ef58763e,77216429-0c61-4206-8455-fea64c0b6917,,0d5ace80-b47e-4403-ab2b-0824d1e0fe1c,Training Workshop,Meeting about sales call,2026-09-01T19:08:28.471443,2026-09-01T19:53:28.471443,In Person,no_show,2025-12-16T09:25:22.471459,d3f2a2a5-f425-4786-ac66-99c3ddb5fe75
3ff110a9-d280-49a0-9b52-31f3cf21c43b,fa6b3223-0c9a-40e9-b075-9220ef58763e,793561a3-4c41-4b4b-9ec6-6527903d3e02,,,Team Standup,Meeting about training workshop,2026-11-05T06:38:38.471465,2026-11-05T08:08:38.471465,Google Meet,cancelled,2026-02-03T16:26:28.471481,40fd4c0b-aaa5-4aad-9d10-5269ef1b800f
52a9478e-534d-419c-8261-d23674b0a717,fa6b3223-0c9a-40e9-b075-9220ef58763e,056273a6-60a0-4f5f-96b3-0a1f9b494aa8,,80479c6a-671a-4e03-8f86-35c02e4481d1,Contract Negotiation,Meeting about team standup,2026-05-23T22:55:58.471487,2026-05-23T23:25:58.471487,,no_show,2025-10-05T13:44:28.471506,73a569a6-1e94-43c5-ab7e-31c0c0b2a6fb
0c9d79a9-0cf9-4b21-9f44-b99998a27535,fa6b3223-0c9a-40e9-b075-9220ef58763e,d3f2a2a5-f425-4786-ac66-99c3ddb5fe75,,97b8f899-b79c-4d08-b009-0d63bddd7f78,Onboarding Session,Meeting about support call,2026-07-18T08:30:30.471512,2026-07-18T08:45:30.471512,,completed,2026-03-18T12:04:05.471528,3a7a726c-307e-4e71-8d43-f4ec0d020101
bf56d2c2-07c4-490f-829a-dae504a7f9f6,fa6b3223-0c9a-40e9-b075-9220ef58763e,73a569a6-1e94-43c5-ab7e-31c0c0b2a6fb,,8668f336-c4c7-4245-a7b0-18f38bdc4531,Client Check-in,Meeting about training workshop,2026-06-19T15:28:25.471538,2026-06-19T16:13:25.471538,Google Meet,no_show,2026-04-08T10:17:23.471554,b0e0e9fd-ef8b-47d5-b426-0e52c2535506
86896c63-13c5-49f3-b13c-6205d54ce17e,fa6b3223-0c9a-40e9-b075-9220ef58763e,c7ad0281-d620-4eef-92e6-7a52117c0a8e,,,Strategy Meeting,Meeting about strategy meeting,2026-07-27T11:38:15.471560,2026-07-27T12:23:15.471560,Google Meet,scheduled,2026-02-25T03:46:24.471575,3a7a726c-307e-4e71-8d43-f4ec0d020101
bfd996d7-a2e7-480b-b090-2910378d7fdf,fa6b3223-0c9a-40e9-b075-9220ef58763e,4f5c97d1-2a5a-4459-bb2c-75d59167674a,,,Team Standup,Meeting about strategy meeting,2026-08-24T12:08:30.471581,2026-08-24T12:23:30.471581,In Person,no_show,2025-10-01T07:39:38.471596,70a1a11d-5ed0-4a43-ae45-a3d2f63e8213
362fdb98-9b08-4359-a9f2-9cb5b5e42c35,fa6b3223-0c9a-40e9-b075-9220ef58763e,4f5c97d1-2a5a-4459-bb2c-75d59167674a,c287fb35-51d6-4905-9b58-a59e6ed513e3,,Project Update,Meeting about partnership discussion,2026-07-01T11:35:32.471602,2026-07-01T13:05:32.471602,Teams,scheduled,2026-06-04T18:30:06.471618,02aa60b8-30fa-45cc-90ce-706799bfffeb
cd0d93c5-ce81-4337-9a46-a102fafa3875,fa6b3223-0c9a-40e9-b075-9220ef58763e,e6daabab-f289-47f2-91c8-de431d5400de,,,Budget Review,Meeting about performance review,2026-10-02T10:03:12.471625,2026-10-02T12:03:12.471625,,cancelled,2025-11-28T23:34:34.471639,c7ad0281-d620-4eef-92e6-7a52117c0a8e
7c2cfecc-c63c-4293-98b0-ffa16892b5b1,fa6b3223-0c9a-40e9-b075-9220ef58763e,e4a0f782-d61b-4052-849d-5679c682e6e0,,aa3144fe-e3f6-45bd-be34-1bc193ffdd9e,Support Call,Meeting about support call,2026-07-01T18:29:22.471653,2026-07-01T20:29:22.471653,Teams,scheduled,2026-06-03T05:51:45.471669,c5b0aadb-faf1-42c1-9dd1-d8c4c6bf6834
9092bb79-f5ad-4705-a7dd-25ddcd87ed2b,fa6b3223-0c9a-40e9-b075-9220ef58763e,4f5c97d1-2a5a-4459-bb2c-75d59167674a,49ca0ee8-cd4b-4837-be52-664853731b63,,Performance Review,Meeting about strategy meeting,2026-06-16T20:06:45.471675,2026-06-16T21:06:45.471675,Google Meet,cancelled,2025-12-29T12:34:37.471691,056273a6-60a0-4f5f-96b3-0a1f9b494aa8
497c2eb0-5ae2-4383-9d43-f146f3cfc811,fa6b3223-0c9a-40e9-b075-9220ef58763e,b0e0e9fd-ef8b-47d5-b426-0e52c2535506,,,Strategy Meeting,Meeting about team standup,2026-07-21T12:42:08.471698,2026-07-21T12:57:08.471698,Google Meet,completed,2025-12-22T20:42:34.471713,77216429-0c61-4206-8455-fea64c0b6917
7d410ace-d69a-4361-8019-8cad205eae3e,fa6b3223-0c9a-40e9-b075-9220ef58763e,e4a0f782-d61b-4052-849d-5679c682e6e0,487653fb-ec4b-47dd-aca8-931107fe8cd0,a60f8131-b49c-4508-a144-e7a5e195d03d,Quarterly Review,Meeting about sales call,2026-09-09T11:36:48.471718,2026-09-09T12:21:48.471718,Google Meet,cancelled,2025-10-05T17:26:09.471735,e4a0f782-d61b-4052-849d-5679c682e6e0
53a25fd8-7aa6-4f32-833e-053bd33d777d,fa6b3223-0c9a-40e9-b075-9220ef58763e,c7ad0281-d620-4eef-92e6-7a52117c0a8e,6cb33641-f63d-48ac-ab9c-fc39d55c2419,,Performance Review,Meeting about sales call,2026-09-29T05:54:48.471742,2026-09-29T07:54:48.471742,Teams,completed,2025-08-08T00:40:01.471802,70a1a11d-5ed0-4a43-ae45-a3d2f63e8213
1cebac32-cfe9-4871-8823-6f3fca23a4b2,fa6b3223-0c9a-40e9-b075-9220ef58763e,c5b0aadb-faf1-42c1-9dd1-d8c4c6bf6834,d267b260-0eb2-4928-a74f-342982805d86,,Product Demo,Meeting about contract negotiation,2026-09-09T16:18:15.471812,2026-09-09T16:48:15.471812,Zoom,scheduled,2026-03-13T04:12:02.471831,3a7a726c-307e-4e71-8d43-f4ec0d020101
8c378078-c7c0-44c8-9860-469038806220,fa6b3223-0c9a-40e9-b075-9220ef58763e,056273a6-60a0-4f5f-96b3-0a1f9b494aa8,7a9cb690-18ca-4d79-a8cf-a65aeec4b05a,,Strategy Meeting,Meeting about contract negotiation,2026-06-13T23:58:29.471837,2026-06-14T01:28:29.471837,Google Meet,scheduled,2025-12-27T07:05:13.471853,c7ad0281-d620-4eef-92e6-7a52117c0a8e
1d429df4-4dba-4944-83e6-c92822e363dd,fa6b3223-0c9a-40e9-b075-9220ef58763e,c7ad0281-d620-4eef-92e6-7a52117c0a8e,99fd6cc9-4ec4-4b5f-9d70-dfd50776d872,06dc0ebd-dd70-4aac-ad37-b743f92b6564,Project Update,Meeting about training workshop,2026-05-19T01:13:08.471859,2026-05-19T01:43:08.471859,Phone,completed,2025-08-16T18:00:06.471880,e6daabab-f289-47f2-91c8-de431d5400de
d79b7a63-8e22-4834-9b98-54deada680f8,fa6b3223-0c9a-40e9-b075-9220ef58763e,e4a0f782-d61b-4052-849d-5679c682e6e0,,,Project Update,Meeting about team standup,2026-08-06T12:19:51.471886,2026-08-06T14:19:51.471886,Teams,scheduled,2026-07-30T19:26:04.471901,e6daabab-f289-47f2-91c8-de431d5400de
4c69cdd5-5509-4a9b-93e2-5aacd40332be,fa6b3223-0c9a-40e9-b075-9220ef58763e,d3f2a2a5-f425-4786-ac66-99c3ddb5fe75,af28e4ad-6c2e-4303-864f-0e5648274d81,ceeb4441-ba97-4ddd-a5d8-7ac14dbdccc1,Board Meeting,Meeting about contract negotiation,2026-08-07T09:03:02.471908,2026-08-07T10:33:02.471908,Zoom,cancelled,2025-09-20T12:16:53.471925,b0e0e9fd-ef8b-47d5-b426-0e52c2535506
484148d8-d086-4e3b-82d4-ceddafb7f142,fa6b3223-0c9a-40e9-b075-9220ef58763e,b0e0e9fd-ef8b-47d5-b426-0e52c2535506,,,Performance Review,Meeting about contract negotiation,2026-10-27T01:01:43.471931,2026-10-27T03:01:43.471931,Teams,cancelled,2025-10-24T08:25:31.471946,c7ad0281-d620-4eef-92e6-7a52117c0a8e
a0421e05-dcc3-4657-a2d8-c701edd9d17d,fa6b3223-0c9a-40e9-b075-9220ef58763e,056273a6-60a0-4f5f-96b3-0a1f9b494aa8,c1b6e6c0-aca5-42ad-9c10-78c51e9bb11e,,Support Call,Meeting about support call,2026-09-20T02:55:03.471952,2026-09-20T03:25:03.471952,,cancelled,2025-09-19T01:23:05.471968,d3f2a2a5-f425-4786-ac66-99c3ddb5fe75
142e8e38-c8b2-49ab-8925-a4b61c7703dc,fa6b3223-0c9a-40e9-b075-9220ef58763e,73a569a6-1e94-43c5-ab7e-31c0c0b2a6fb,,,Partnership Discussion,Meeting about board meeting,2026-09-07T12:46:36.471974,2026-09-07T13:46:36.471974,Phone,no_show,2026-01-12T18:39:03.471989,d3f2a2a5-f425-4786-ac66-99c3ddb5fe75
ac8cfa42-b3e6-4fd0-b8b7-826a691fc7cc,fa6b3223-0c9a-40e9-b075-9220ef58763e,e6daabab-f289-47f2-91c8-de431d5400de,353eef21-33d7-478f-bf44-27565fe7ca3c,,Quarterly Review,Meeting about contract negotiation,2026-10-06T12:22:35.471995,2026-10-06T13:07:35.471995,Phone,completed,2025-11-12T15:17:25.472011,73a569a6-1e94-43c5-ab7e-31c0c0b2a6fb
ff824ea4-7a05-427a-9238-77e2121c3516,fa6b3223-0c9a-40e9-b075-9220ef58763e,b0e0e9fd-ef8b-47d5-b426-0e52c2535506,73aee302-50a0-4fac-aa88-3eba04be7dcd,be7b0685-0c30-4f48-970a-d47987813a2d,Sales Call,Meeting about quarterly review,2026-05-13T04:34:29.472018,2026-05-13T06:04:29.472018,In Person,scheduled,2025-09-03T11:49:23.472038,b0e0e9fd-ef8b-47d5-b426-0e52c2535506
6eae5f42-880a-494e-b67b-5020631037fd,fa6b3223-0c9a-40e9-b075-9220ef58763e,b0e0e9fd-ef8b-47d5-b426-0e52c2535506,,,Strategy Meeting,Meeting about quarterly review,2026-09-18T19:06:19.472047,2026-09-18T19:36:19.472047,Zoom,scheduled,2026-07-04T08:31:02.472064,793561a3-4c41-4b4b-9ec6-6527903d3e02
0be6e909-13c8-4aa7-9400-532000a56bdd,fa6b3223-0c9a-40e9-b075-9220ef58763e,4f5c97d1-2a5a-4459-bb2c-75d59167674a,a2d454b1-98f4-46ed-a6fe-8aab2b856b5d,,Budget Review,Meeting about training workshop,2026-10-22T23:03:14.472070,2026-10-22T23:33:14.472070,Phone,no_show,2026-05-18T20:32:02.472087,3a7a726c-307e-4e71-8d43-f4ec0d020101
b7efb153-0f92-4a0a-addd-a769f6765717,fa6b3223-0c9a-40e9-b075-9220ef58763e,793561a3-4c41-4b4b-9ec6-6527903d3e02,,,Team Standup,Meeting about performance review,2026-05-14T07:19:54.472093,2026-05-14T08:04:54.472093,,completed,2026-06-19T05:38:51.472108,4f5c97d1-2a5a-4459-bb2c-75d59167674a
b98019ac-463b-4e3f-9b2a-9265313f5fff,fa6b3223-0c9a-40e9-b075-9220ef58763e,4f5c97d1-2a5a-4459-bb2c-75d59167674a,0dc7cafc-60e8-4df5-9286-098318c4c811,,Training Workshop,Meeting about budget review,2026-06-18T22:23:18.472114,2026-06-18T23:23:18.472114,Phone,scheduled,2026-06-29T05:52:38.472130,4f5c97d1-2a5a-4459-bb2c-75d59167674a
4c21e552-dff0-4c18-9a3c-cc8b26181e57,fa6b3223-0c9a-40e9-b075-9220ef58763e,73a569a6-1e94-43c5-ab7e-31c0c0b2a6fb,e8681b8c-2f86-4ecb-b33e-0ca921ca76ea,,Performance Review,Meeting about performance review,2026-10-14T18:06:26.472136,2026-10-14T20:06:26.472136,,scheduled,2026-07-24T19:43:40.472152,d3f2a2a5-f425-4786-ac66-99c3ddb5fe75
59cd4750-7d01-418b-8b21-981436fd0a24,fa6b3223-0c9a-40e9-b075-9220ef58763e,056273a6-60a0-4f5f-96b3-0a1f9b494aa8,,,Onboarding Session,Meeting about support call,2026-06-12T22:48:03.472158,2026-06-12T23:03:03.472158,In Person,completed,2026-07-05T07:02:14.472173,e6daabab-f289-47f2-91c8-de431d5400de
fdb4db7a-aa23-4370-b273-a16d2402ba6c,fa6b3223-0c9a-40e9-b075-9220ef58763e,40fd4c0b-aaa5-4aad-9d10-5269ef1b800f,,fcf7c001-41fa-472f-bed6-3473704071c9,Sales Call,Meeting about board meeting,2026-10-11T09:57:27.472179,2026-10-11T11:57:27.472179,Zoom,scheduled,2026-03-11T23:25:09.472199,3a7a726c-307e-4e71-8d43-f4ec0d020101
1dd4e49b-5afc-408b-b1bf-d16330eb0a51,fa6b3223-0c9a-40e9-b075-9220ef58763e,70a1a11d-5ed0-4a43-ae45-a3d2f63e8213,,,Strategy Meeting,Meeting about product demo,2026-09-13T12:33:25.472205,2026-09-13T13:18:25.472205,,completed,2026-06-16T22:21:45.472220,793561a3-4c41-4b4b-9ec6-6527903d3e02
0c0e67a0-3556-4c21-898a-460c85c3e8db,fa6b3223-0c9a-40e9-b075-9220ef58763e,056273a6-60a0-4f5f-96b3-0a1f9b494aa8,,,Client Check-in,Meeting about strategy meeting,2026-08-25T05:35:38.472226,2026-08-25T06:05:38.472226,Teams,no_show,2026-08-06T21:01:31.472241,056273a6-60a0-4f5f-96b3-0a1f9b494aa8
c3d3ca6a-fda8-412d-98ab-496a6c142967,fa6b3223-0c9a-40e9-b075-9220ef58763e,056273a6-60a0-4f5f-96b3-0a1f9b494aa8,68a496a3-faef-4d85-9424-8cba3736ba6e,fb269205-eaab-49cf-8214-8a7d4c2fa3b9,Project Update,Meeting about sales call,2026-06-29T21:58:39.472247,2026-06-29T22:43:39.472247,Teams,completed,2026-02-02T05:54:51.472264,e6daabab-f289-47f2-91c8-de431d5400de
04c2cbda-abde-4642-be79-4693f48de370,fa6b3223-0c9a-40e9-b075-9220ef58763e,70a1a11d-5ed0-4a43-ae45-a3d2f63e8213,,542e024e-9f8b-4b66-80f0-267dd381e679,Strategy Meeting,Meeting about strategy meeting,2026-05-09T20:58:49.472275,2026-05-09T21:43:49.472275,In Person,completed,2025-08-13T18:49:36.472291,c7ad0281-d620-4eef-92e6-7a52117c0a8e
a3cbd491-074d-4aff-8b35-ca0551e35606,fa6b3223-0c9a-40e9-b075-9220ef58763e,e4a0f782-d61b-4052-849d-5679c682e6e0,,,Quarterly Review,Meeting about project update,2026-09-19T20:48:49.472297,2026-09-19T21:18:49.472297,In Person,no_show,2025-11-18T08:10:39.472312,e6daabab-f289-47f2-91c8-de431d5400de
05127663-d632-4697-b3cd-8fc7fe7ac998,fa6b3223-0c9a-40e9-b075-9220ef58763e,c5b0aadb-faf1-42c1-9dd1-d8c4c6bf6834,,7f20118a-9d5a-4b7e-91df-063bc9767c4c,Product Demo,Meeting about client check-in,2026-07-21T05:57:40.472319,2026-07-21T06:12:40.472319,Zoom,cancelled,2026-04-16T23:31:07.472335,793561a3-4c41-4b4b-9ec6-6527903d3e02
2fb40847-ff6e-4436-b26f-3646ebfd129d,fa6b3223-0c9a-40e9-b075-9220ef58763e,c5b0aadb-faf1-42c1-9dd1-d8c4c6bf6834,789b45b1-115e-4a18-8038-0a26d0f241f9,,Support Call,Meeting about project update,2026-05-21T16:19:37.472341,2026-05-21T17:49:37.472341,Zoom,scheduled,2026-01-05T17:04:44.472357,70a1a11d-5ed0-4a43-ae45-a3d2f63e8213
0ebfe880-d15b-4fa3-8e96-fd28faa6d590,fa6b3223-0c9a-40e9-b075-9220ef58763e,793561a3-4c41-4b4b-9ec6-6527903d3e02,5e0a4c71-0f6a-49fd-841f-3dd2bd910e4f,,Partnership Discussion,Meeting about partnership discussion,2026-09-08T20:30:33.472363,2026-09-08T21:00:33.472363,In Person,cancelled,2026-05-26T14:05:02.472379,e6daabab-f289-47f2-91c8-de431d5400de
f461c219-54c2-4864-8d26-6897d0572332,fa6b3223-0c9a-40e9-b075-9220ef58763e,e6daabab-f289-47f2-91c8-de431d5400de,017767b8-f856-462d-9a1c-5c72abda5dcc,,Quarterly Review,Meeting about performance review,2026-07-22T01:34:13.472385,2026-07-22T03:04:13.472385,,scheduled,2025-08-16T07:17:39.472401,3a7a726c-307e-4e71-8d43-f4ec0d020101
f014ca69-a86b-4451-9fd9-e6a5e513a134,fa6b3223-0c9a-40e9-b075-9220ef58763e,77216429-0c61-4206-8455-fea64c0b6917,,,Partnership Discussion,Meeting about team standup,2026-08-07T16:52:41.472407,2026-08-07T17:22:41.472407,Google Meet,no_show,2026-07-02T15:55:12.472422,77216429-0c61-4206-8455-fea64c0b6917
a4a48902-dcbc-401e-ab77-c627a2b6a2d0,fa6b3223-0c9a-40e9-b075-9220ef58763e,c7ad0281-d620-4eef-92e6-7a52117c0a8e,,,Onboarding Session,Meeting about sales call,2026-11-05T05:23:08.472428,2026-11-05T06:53:08.472428,Zoom,scheduled,2025-10-22T18:11:39.472443,e4a0f782-d61b-4052-849d-5679c682e6e0
65611f9a-2e5d-4c06-b2d4-9c3502cd1790,fa6b3223-0c9a-40e9-b075-9220ef58763e,056273a6-60a0-4f5f-96b3-0a1f9b494aa8,,,Support Call,Meeting about partnership discussion,2026-08-28T05:22:20.472450,2026-08-28T05:52:20.472450,Teams,no_show,2026-06-19T20:28:13.472465,c5b0aadb-faf1-42c1-9dd1-d8c4c6bf6834
8556f52f-3de4-4a70-9f48-862280222d63,fa6b3223-0c9a-40e9-b075-9220ef58763e,056273a6-60a0-4f5f-96b3-0a1f9b494aa8,3267a28c-1980-49f9-9d91-58b481c52b29,,Product Demo,Meeting about board meeting,2026-07-16T18:49:01.472471,2026-07-16T20:49:01.472471,Teams,cancelled,2026-06-25T22:46:48.472488,c5b0aadb-faf1-42c1-9dd1-d8c4c6bf6834
2b96954f-3138-4820-a2a4-8386abb0679f,fa6b3223-0c9a-40e9-b075-9220ef58763e,c7ad0281-d620-4eef-92e6-7a52117c0a8e,4c5a32c7-08e6-4324-adae-435e13f489c3,,Onboarding Session,Meeting about sales call,2026-09-11T08:14:11.472504,2026-09-11T08:29:11.472504,,scheduled,2026-06-11T21:24:18.472521,73a569a6-1e94-43c5-ab7e-31c0c0b2a6fb
75b59b5a-4318-4d9a-a4dc-5bff77234cf5,fa6b3223-0c9a-40e9-b075-9220ef58763e,40fd4c0b-aaa5-4aad-9d10-5269ef1b800f,,,Product Demo,Meeting about product demo,2026-10-25T01:34:54.472527,2026-10-25T02:04:54.472527,,scheduled,2025-10-05T13:33:17.472542,056273a6-60a0-4f5f-96b3-0a1f9b494aa8
108770c4-3d52-44d5-a8f6-70193e418a44,fa6b3223-0c9a-40e9-b075-9220ef58763e,056273a6-60a0-4f5f-96b3-0a1f9b494aa8,6c8b8ae7-fa4b-4321-ba24-176d2d36cd8c,,Onboarding Session,Meeting about board meeting,2026-07-10T22:14:12.472548,2026-07-10T22:29:12.472548,In Person,completed,2026-01-18T22:30:03.472564,c5b0aadb-faf1-42c1-9dd1-d8c4c6bf6834
4de97209-5d96-4f9b-ad25-14d2cae0ed71,fa6b3223-0c9a-40e9-b075-9220ef58763e,4f5c97d1-2a5a-4459-bb2c-75d59167674a,,,Budget Review,Meeting about contract negotiation,2026-08-05T18:55:00.472570,2026-08-05T19:40:00.472570,Google Meet,cancelled,2025-09-26T22:52:39.472589,c5b0aadb-faf1-42c1-9dd1-d8c4c6bf6834
a24073e1-ea70-4d96-a342-913d67c24195,fa6b3223-0c9a-40e9-b075-9220ef58763e,70a1a11d-5ed0-4a43-ae45-a3d2f63e8213,,,Budget Review,Meeting about performance review,2026-10-09T03:19:43.472595,2026-10-09T05:19:43.472595,,completed,2025-11-06T00:29:53.472610,40fd4c0b-aaa5-4aad-9d10-5269ef1b800f
d84ca424-44ad-41be-9791-073dfcf61358,fa6b3223-0c9a-40e9-b075-9220ef58763e,77216429-0c61-4206-8455-fea64c0b6917,,d78e89b1-7c78-470e-b07b-ae8af148ae27,Support Call,Meeting about performance review,2026-09-05T11:17:52.472616,2026-09-05T12:02:52.472616,Teams,cancelled,2025-09-29T12:47:18.472632,77216429-0c61-4206-8455-fea64c0b6917
14fb6bb7-1bf9-429b-bec8-3e6bc3fb3d25,fa6b3223-0c9a-40e9-b075-9220ef58763e,056273a6-60a0-4f5f-96b3-0a1f9b494aa8,639ee7f8-ffa0-4f9e-8704-e4bbce6976c7,,Onboarding Session,Meeting about quarterly review,2026-10-20T05:10:17.472638,2026-10-20T05:25:17.472638,Google Meet,no_show,2025-09-14T05:39:48.472660,056273a6-60a0-4f5f-96b3-0a1f9b494aa8
9f4d4e7c-0cec-45fa-b7d2-e01ecba83134,fa6b3223-0c9a-40e9-b075-9220ef58763e,77216429-0c61-4206-8455-fea64c0b6917,,,Performance Review,Meeting about team standup,2026-07-26T13:29:01.472666,2026-07-26T14:59:01.472666,,scheduled,2026-05-09T20:32:31.472681,793561a3-4c41-4b4b-9ec6-6527903d3e02
1dd35738-33eb-4b42-9458-c4d28ba139e8,fa6b3223-0c9a-40e9-b075-9220ef58763e,c5b0aadb-faf1-42c1-9dd1-d8c4c6bf6834,,,Product Demo,Meeting about sales call,2026-07-15T03:07:33.472687,2026-07-15T04:07:33.472687,Teams,scheduled,2025-10-24T17:58:13.472702,3a7a726c-307e-4e71-8d43-f4ec0d020101
f123497d-4d3e-4d93-9736-24cd38b8d755,fa6b3223-0c9a-40e9-b075-9220ef58763e,e6daabab-f289-47f2-91c8-de431d5400de,bbc6bf58-3110-4967-8ccb-2847e49614f9,,Project Update,Meeting about quarterly review,2026-08-24T23:33:04.472708,2026-08-25T00:18:04.472708,Phone,scheduled,2026-01-14T20:34:04.472724,c7ad0281-d620-4eef-92e6-7a52117c0a8e
87568ff0-86d1-4029-b16d-26e7aafe8ef9,fa6b3223-0c9a-40e9-b075-9220ef58763e,793561a3-4c41-4b4b-9ec6-6527903d3e02,,e34724c0-cb18-4632-98f5-bf7526e6556c,Strategy Meeting,Meeting about performance review,2026-07-22T18:16:44.472734,2026-07-22T20:16:44.472734,,scheduled,2026-05-18T17:16:26.472749,73a569a6-1e94-43c5-ab7e-31c0c0b2a6fb
b4adcd8d-0718-4722-abc9-b1fdcbe29e96,fa6b3223-0c9a-40e9-b075-9220ef58763e,c7ad0281-d620-4eef-92e6-7a52117c0a8e,,13d06634-efcc-4ac0-83f8-8336db56b0e8,Strategy Meeting,Meeting about performance review,2026-05-11T07:17:02.472755,2026-05-11T08:47:02.472755,Google Meet,completed,2026-08-05T04:16:20.472772,056273a6-60a0-4f5f-96b3-0a1f9b494aa8
107dd424-524f-4779-8091-9e8e53960ee4,fa6b3223-0c9a-40e9-b075-9220ef58763e,70a1a11d-5ed0-4a43-ae45-a3d2f63e8213,d630235a-e0d9-4ac6-81ea-9c265e289f7f,,Strategy Meeting,Meeting about onboarding session,2026-08-27T09:37:44.472778,2026-08-27T11:37:44.472778,Zoom,scheduled,2025-08-28T06:30:39.472797,02aa60b8-30fa-45cc-90ce-706799bfffeb
da88bf06-c88a-4dc6-927e-8f0d0d3cad16,fa6b3223-0c9a-40e9-b075-9220ef58763e,4f5c97d1-2a5a-4459-bb2c-75d59167674a,fbe75069-ae5c-47b4-8e4f-b2bbe23edf54,,Budget Review,Meeting about budget review,2026-06-14T20:35:17.472804,2026-06-14T22:35:17.472804,In Person,scheduled,2025-11-13T14:54:41.472826,056273a6-60a0-4f5f-96b3-0a1f9b494aa8
7f04cefb-c90f-44cf-b8d6-f8769f51b977,fa6b3223-0c9a-40e9-b075-9220ef58763e,056273a6-60a0-4f5f-96b3-0a1f9b494aa8,,699ca7e2-8ab6-42c6-802a-d96d306d90de,Training Workshop,Meeting about budget review,2026-09-01T19:54:25.472836,2026-09-01T20:24:25.472836,Phone,cancelled,2026-03-13T17:15:03.472852,02aa60b8-30fa-45cc-90ce-706799bfffeb
c99650fa-652f-4f98-8e48-634a98df342b,fa6b3223-0c9a-40e9-b075-9220ef58763e,c5b0aadb-faf1-42c1-9dd1-d8c4c6bf6834,bf2516dc-2f59-4dda-892a-c8e26f589561,,Contract Negotiation,Meeting about onboarding session,2026-08-11T05:46:24.472858,2026-08-11T06:31:24.472858,Google Meet,scheduled,2025-12-09T04:52:16.472875,c7ad0281-d620-4eef-92e6-7a52117c0a8e
11e111d9-ece1-409f-b44d-b5e24aade285,fa6b3223-0c9a-40e9-b075-9220ef58763e,3a7a726c-307e-4e71-8d43-f4ec0d020101,f74329a0-f17c-427c-b871-6f50cab54b7b,ffe3c0a8-b06a-4b6d-b244-1079358357b9,Team Standup,Meeting about partnership discussion,2026-05-31T11:29:38.472881,2026-05-31T12:14:38.472881,,scheduled,2025-08-11T20:12:57.472898,c5b0aadb-faf1-42c1-9dd1-d8c4c6bf6834
f8155dbd-5877-447d-bd53-53a4eeafe989,fa6b3223-0c9a-40e9-b075-9220ef58763e,c5b0aadb-faf1-42c1-9dd1-d8c4c6bf6834,d8638fbd-0154-47ee-a7c5-0bfa895b9986,446c5521-ce0e-4424-a58a-54b2fe40e4b2,Onboarding Session,Meeting about support call,2026-06-26T20:19:48.472904,2026-06-26T21:49:48.472904,Phone,scheduled,2025-11-05T22:47:24.472921,40fd4c0b-aaa5-4aad-9d10-5269ef1b800f
fb4fbcc8-2f59-4ef9-a841-6e33f7d95c47,fa6b3223-0c9a-40e9-b075-9220ef58763e,3a7a726c-307e-4e71-8d43-f4ec0d020101,de164baa-286b-4ae2-9590-f513af196191,fccaa4f3-e9d4-4e53-8ebb-508ab9f8c54a,Contract Negotiation,Meeting about team standup,2026-09-06T08:23:14.472927,2026-09-06T10:23:14.472927,Zoom,no_show,2025-11-10T04:07:19.472943,70a1a11d-5ed0-4a43-ae45-a3d2f63e8213
829bad47-3acd-42f9-b3be-3011b83b7925,fa6b3223-0c9a-40e9-b075-9220ef58763e,c7ad0281-d620-4eef-92e6-7a52117c0a8e,,,Project Update,Meeting about board meeting,2026-10-17T07:02:55.472949,2026-10-17T07:17:55.472949,Phone,scheduled,2025-08-09T20:17:18.472969,40fd4c0b-aaa5-4aad-9d10-5269ef1b800f
b844e96f-0986-4619-b1da-cc3dc0500a31,fa6b3223-0c9a-40e9-b075-9220ef58763e,e4a0f782-d61b-4052-849d-5679c682e6e0,,,Support Call,Meeting about project update,2026-08-12T17:46:36.472979,2026-08-12T18:46:36.472979,,scheduled,2026-06-08T08:59:30.472994,77216429-0c61-4206-8455-fea64c0b6917
cf664c9b-58d9-494e-bb42-0c82b43b2f77,fa6b3223-0c9a-40e9-b075-9220ef58763e,70a1a11d-5ed0-4a43-ae45-a3d2f63e8213,b6fc97e7-fc5c-435a-975f-3c66631a1399,,Onboarding Session,Meeting about budget review,2026-08-14T23:30:07.473000,2026-08-15T00:30:07.473000,In Person,no_show,2026-06-10T15:18:02.473016,70a1a11d-5ed0-4a43-ae45-a3d2f63e8213
0261917f-b867-474c-9b00-e64a4a996d70,fa6b3223-0c9a-40e9-b075-9220ef58763e,40fd4c0b-aaa5-4aad-9d10-5269ef1b800f,,dad5d681-2332-479f-86ce-c96cc1748397,Training Workshop,Meeting about quarterly review,2026-06-23T02:22:48.473022,2026-06-23T04:22:48.473022,,completed,2026-01-09T13:37:17.473038,4f5c97d1-2a5a-4459-bb2c-75d59167674a
244d915f-69f1-4f08-80ac-117f6d4b0fa3,fa6b3223-0c9a-40e9-b075-9220ef58763e,73a569a6-1e94-43c5-ab7e-31c0c0b2a6fb,,0b9c046c-353b-4830-9e0b-51bb3d73fa51,Project Update,Meeting about board meeting,2026-07-30T23:31:39.473044,2026-07-31T01:31:39.473044,Phone,scheduled,2026-03-20T14:49:53.473060,4f5c97d1-2a5a-4459-bb2c-75d59167674a
02a9e318-5b0b-4d23-a3b7-1a5e0180a1a6,fa6b3223-0c9a-40e9-b075-9220ef58763e,056273a6-60a0-4f5f-96b3-0a1f9b494aa8,6a3d00a3-3e5c-4ab0-87a2-1408a672ce0b,,Product Demo,Meeting about partnership discussion,2026-08-26T15:54:12.473066,2026-08-26T16:54:12.473066,Google Meet,completed,2026-07-04T23:25:03.473082,40fd4c0b-aaa5-4aad-9d10-5269ef1b800f
8770f2f8-e59d-4aff-bbad-ddcd73e9e375,fa6b3223-0c9a-40e9-b075-9220ef58763e,70a1a11d-5ed0-4a43-ae45-a3d2f63e8213,122ef815-1f03-4df2-9b3e-7e4c3b2dd0aa,,Performance Review,Meeting about strategy meeting,2026-05-18T09:43:40.473088,2026-05-18T10:43:40.473088,,no_show,2026-01-26T23:44:13.473104,c7ad0281-d620-4eef-92e6-7a52117c0a8e
f824d1cf-908d-42bf-b1c0-7a5890afd710,fa6b3223-0c9a-40e9-b075-9220ef58763e,056273a6-60a0-4f5f-96b3-0a1f9b494aa8,,,Board Meeting,Meeting about client check-in,2026-11-03T20:35:17.473110,2026-11-03T21:20:17.473110,,cancelled,2025-12-18T17:58:55.473124,b0e0e9fd-ef8b-47d5-b426-0e52c2535506
2ca7cb6a-da8a-4475-8ec6-06bf2f4f20bb,fa6b3223-0c9a-40e9-b075-9220ef58763e,73a569a6-1e94-43c5-ab7e-31c0c0b2a6fb,,e41c0680-6828-433f-bb03-4a5273b3d965,Board Meeting,Meeting about client check-in,2026-09-22T06:23:20.473130,2026-09-22T08:23:20.473130,Phone,cancelled,2025-10-21T03:41:53.473150,b0e0e9fd-ef8b-47d5-b426-0e52c2535506
61e6a10b-db7e-47f6-9601-0bff05a117d0,fa6b3223-0c9a-40e9-b075-9220ef58763e,70a1a11d-5ed0-4a43-ae45-a3d2f63e8213,e8c5d54b-bc4c-4b56-b72e-6ba0a896e0aa,ff63ae6e-db66-461e-8f8f-fca20978362d,Team Standup,Meeting about project update,2026-05-18T22:57:44.473156,2026-05-19T00:27:44.473156,In Person,completed,2025-09-28T21:57:34.473172,d3f2a2a5-f425-4786-ac66-99c3ddb5fe75
c1b052f2-ad0d-44ed-9fdc-7c9440f61609,fa6b3223-0c9a-40e9-b075-9220ef58763e,793561a3-4c41-4b4b-9ec6-6527903d3e02,,,Board Meeting,Meeting about board meeting,2026-08-06T09:33:11.473178,2026-08-06T10:33:11.473178,Zoom,scheduled,2026-05-17T20:16:26.473193,40fd4c0b-aaa5-4aad-9d10-5269ef1b800f
32618e81-1e8d-4787-ba56-3ec3b43d7ce7,fa6b3223-0c9a-40e9-b075-9220ef58763e,40fd4c0b-aaa5-4aad-9d10-5269ef1b800f,4451d7af-bea1-4f9a-ba1c-44d2946fa55b,,Quarterly Review,Meeting about performance review,2026-10-28T20:16:31.473203,2026-10-28T20:31:31.473203,Phone,scheduled,2026-05-20T04:05:30.473219,e6daabab-f289-47f2-91c8-de431d5400de
3dc3d8fe-15c9-4662-8909-dc5f6c62affd,fa6b3223-0c9a-40e9-b075-9220ef58763e,77216429-0c61-4206-8455-fea64c0b6917,,,Strategy Meeting,Meeting about contract negotiation,2026-10-22T05:47:29.473225,2026-10-22T06:17:29.473225,Teams,no_show,2026-01-19T07:06:25.473240,b0e0e9fd-ef8b-47d5-b426-0e52c2535506
b61171c8-3202-40ef-81f4-1e46f887e9c1,fa6b3223-0c9a-40e9-b075-9220ef58763e,e4a0f782-d61b-4052-849d-5679c682e6e0,cfb9dc61-eae9-47cd-b6c1-b63975455a99,4429edd0-5433-4208-b548-3e25a123de0d,Team Standup,Meeting about project update,2026-07-05T18:30:48.473246,2026-07-05T20:30:48.473246,In Person,scheduled,2025-08-22T12:00:16.473263,793561a3-4c41-4b4b-9ec6-6527903d3e02
6174dc73-e833-42aa-881e-467ab914c741,fa6b3223-0c9a-40e9-b075-9220ef58763e,77216429-0c61-4206-8455-fea64c0b6917,,,Budget Review,Meeting about training workshop,2026-08-23T10:20:23.473269,2026-08-23T10:35:23.473269,Google Meet,cancelled,2026-01-31T06:43:42.473284,d3f2a2a5-f425-4786-ac66-99c3ddb5fe75
b53501a4-4321-42de-a60e-7e7c09b7f8e4,fa6b3223-0c9a-40e9-b075-9220ef58763e,70a1a11d-5ed0-4a43-ae45-a3d2f63e8213,,,Client Check-in,Meeting about partnership discussion,2026-06-21T09:22:54.473290,2026-06-21T10:52:54.473290,,scheduled,2026-02-19T23:57:59.473305,73a569a6-1e94-43c5-ab7e-31c0c0b2a6fb
c92489a5-280b-4fa7-9790-6609de9507d4,fa6b3223-0c9a-40e9-b075-9220ef58763e,c5b0aadb-faf1-42c1-9dd1-d8c4c6bf6834,,,Budget Review,Meeting about quarterly review,2026-10-09T09:07:59.473311,2026-10-09T09:52:59.473311,In Person,completed,2026-01-07T09:52:28.473326,3a7a726c-307e-4e71-8d43-f4ec0d020101
5dc643ef-d85c-43d4-b445-a70c3c934c06,fa6b3223-0c9a-40e9-b075-9220ef58763e,c7ad0281-d620-4eef-92e6-7a52117c0a8e,,6f548b78-99af-443f-bdff-f919f34fda2e,Team Standup,Meeting about support call,2026-08-12T13:46:07.473332,2026-08-12T14:31:07.473332,Google Meet,no_show,2026-06-17T20:14:56.473347,793561a3-4c41-4b4b-9ec6-6527903d3e02
3b291309-a2c5-44fb-8111-453fdec39def,fa6b3223-0c9a-40e9-b075-9220ef58763e,793561a3-4c41-4b4b-9ec6-6527903d3e02,,777222ed-2890-44b5-ab16-e722e4c570ca,Onboarding Session,Meeting about onboarding session,2026-10-11T20:28:57.473353,2026-10-11T22:28:57.473353,Phone,scheduled,2025-11-01T13:09:58.473369,d3f2a2a5-f425-4786-ac66-99c3ddb5fe75
862dff65-dbc8-436c-a57e-e9123ab93b09,fa6b3223-0c9a-40e9-b075-9220ef58763e,e6daabab-f289-47f2-91c8-de431d5400de,,,Quarterly Review,Meeting about team standup,2026-09-27T18:22:11.473375,2026-09-27T18:37:11.473375,,scheduled,2026-01-13T18:41:28.473389,02aa60b8-30fa-45cc-90ce-706799bfffeb
df2057fb-b0ed-4742-9a19-f30b16e3fd00,fa6b3223-0c9a-40e9-b075-9220ef58763e,70a1a11d-5ed0-4a43-ae45-a3d2f63e8213,72e221b5-ca32-4314-80bd-fd4219b0abba,73c56cc4-1089-40f2-b29e-276bba00b789,Quarterly Review,Meeting about product demo,2026-05-11T17:04:28.473395,2026-05-11T17:34:28.473395,Zoom,completed,2025-12-04T13:01:54.473412,40fd4c0b-aaa5-4aad-9d10-5269ef1b800f
a7587bfb-3647-4e2c-92c0-97f65b9f63ed,fa6b3223-0c9a-40e9-b075-9220ef58763e,c7ad0281-d620-4eef-92e6-7a52117c0a8e,,,Support Call,Meeting about training workshop,2026-08-16T16:16:25.473422,2026-08-16T17:16:25.473422,Phone,completed,2025-10-09T23:43:03.473437,d3f2a2a5-f425-4786-ac66-99c3ddb5fe75
0e9fa674-0282-4ea3-9270-66ec695d55f3,fa6b3223-0c9a-40e9-b075-9220ef58763e,77216429-0c61-4206-8455-fea64c0b6917,daaa1b84-c09b-4c23-9447-5dd784092b9e,fcc43ea9-d227-4a39-be5e-b152f6ab96c2,Strategy Meeting,Meeting about client check-in,2026-09-11T12:50:03.473444,2026-09-11T14:50:03.473444,,no_show,2026-02-14T03:29:50.473466,02aa60b8-30fa-45cc-90ce-706799bfffeb
1e414b25-d0d3-4ba6-9e81-b18a381fa8ef,fa6b3223-0c9a-40e9-b075-9220ef58763e,b0e0e9fd-ef8b-47d5-b426-0e52c2535506,cadfca8f-5510-4977-9ead-4282699781c9,,Support Call,Meeting about contract negotiation,2026-08-24T21:57:47.473476,2026-08-24T22:12:47.473476,Zoom,scheduled,2026-07-05T08:04:26.473498,77216429-0c61-4206-8455-fea64c0b6917
a9963b21-1f87-4c5a-b7f8-2534e24e5ae4,fa6b3223-0c9a-40e9-b075-9220ef58763e,40fd4c0b-aaa5-4aad-9d10-5269ef1b800f,,,Board Meeting,Meeting about budget review,2026-10-20T13:33:49.473504,2026-10-20T15:33:49.473504,Phone,cancelled,2025-11-05T03:27:40.473519,70a1a11d-5ed0-4a43-ae45-a3d2f63e8213
5a0c75c0-ffc9-4109-a11b-0e771b7e7f1e,fa6b3223-0c9a-40e9-b075-9220ef58763e,40fd4c0b-aaa5-4aad-9d10-5269ef1b800f,,,Performance Review,Meeting about onboarding session,2026-07-12T19:47:16.473525,2026-07-12T21:47:16.473525,,scheduled,2026-03-17T07:28:16.473543,c5b0aadb-faf1-42c1-9dd1-d8c4c6bf6834
c33aa377-4e84-48e7-8b89-8efc49258e23,fa6b3223-0c9a-40e9-b075-9220ef58763e,4f5c97d1-2a5a-4459-bb2c-75d59167674a,,,Onboarding Session,Meeting about sales call,2026-07-21T01:59:11.473549,2026-07-21T03:59:11.473549,Teams,completed,2025-12-28T12:57:53.473564,40fd4c0b-aaa5-4aad-9d10-5269ef1b800f
670350f4-393d-45f4-9898-2619ad429408,fa6b3223-0c9a-40e9-b075-9220ef58763e,73a569a6-1e94-43c5-ab7e-31c0c0b2a6fb,,,Quarterly Review,Meeting about project update,2026-05-21T15:09:04.473570,2026-05-21T17:09:04.473570,Google Meet,cancelled,2026-05-13T00:54:45.473585,e6daabab-f289-47f2-91c8-de431d5400de
4cf77b2f-24e9-475c-af14-939f55f30948,fa6b3223-0c9a-40e9-b075-9220ef58763e,02aa60b8-30fa-45cc-90ce-706799bfffeb,,6a0f1ac6-ecf7-4b4b-a532-65759e5c500c,Training Workshop,Meeting about project update,2026-08-22T07:53:26.473591,2026-08-22T09:53:26.473591,In Person,scheduled,2026-04-11T12:29:58.473607,c5b0aadb-faf1-42c1-9dd1-d8c4c6bf6834
38b3dcb0-d0e1-4c31-af86-1391caf2aaf2,fa6b3223-0c9a-40e9-b075-9220ef58763e,77216429-0c61-4206-8455-fea64c0b6917,9d7e5a6d-bdc1-49ae-83df-788545616228,,Product Demo,Meeting about product demo,2026-10-12T20:08:25.473613,2026-10-12T22:08:25.473613,Google Meet,cancelled,2026-02-08T14:43:11.473635,c5b0aadb-faf1-42c1-9dd1-d8c4c6bf6834
7cdfebb4-35f8-47b2-a68c-280e0f4989cd,fa6b3223-0c9a-40e9-b075-9220ef58763e,73a569a6-1e94-43c5-ab7e-31c0c0b2a6fb,c76875bd-ff86-4a10-9b76-525977290567,,Board Meeting,Meeting about contract negotiation,2026-08-10T21:50:47.473645,2026-08-10T22:05:47.473645,Google Meet,no_show,2025-10-29T12:50:40.473662,73a569a6-1e94-43c5-ab7e-31c0c0b2a6fb
3fb5d93f-af54-4287-8e1c-e766a7beb48d,fa6b3223-0c9a-40e9-b075-9220ef58763e,4f5c97d1-2a5a-4459-bb2c-75d59167674a,,75531134-72da-428b-81a8-9c5bc0a8c1a9,Training Workshop,Meeting about onboarding session,2026-10-15T19:25:32.473671,2026-10-15T20:55:32.473671,Zoom,completed,2025-11-23T02:53:53.473687,b0e0e9fd-ef8b-47d5-b426-0e52c2535506
ade3edae-dc96-4c28-bb12-425d4d77c382,fa6b3223-0c9a-40e9-b075-9220ef58763e,3a7a726c-307e-4e71-8d43-f4ec0d020101,d6c4491c-307b-458e-a49a-b068df03691f,fd6bffb7-07bc-44e0-8a33-301b5473b476,Quarterly Review,Meeting about quarterly review,2026-09-01T06:13:50.473693,2026-09-01T06:28:50.473693,,scheduled,2026-06-30T13:49:51.473710,70a1a11d-5ed0-4a43-ae45-a3d2f63e8213
365195f4-95d3-4b00-baf3-4ed07322e6ba,fa6b3223-0c9a-40e9-b075-9220ef58763e,d3f2a2a5-f425-4786-ac66-99c3ddb5fe75,7fa6febe-8a9a-4222-aa06-80308db2e332,b4e8d188-dd6a-4c1b-a65c-7984bd5a4535,Partnership Discussion,Meeting about budget review,2026-06-22T07:21:00.473716,2026-06-22T07:51:00.473716,,cancelled,2026-05-25T02:32:38.473733,77216429-0c61-4206-8455-fea64c0b6917
9e26b630-d4fa-4b45-a017-ad96946e1501,fa6b3223-0c9a-40e9-b075-9220ef58763e,c7ad0281-d620-4eef-92e6-7a52117c0a8e,,,Board Meeting,Meeting about product demo,2026-08-31T12:29:26.473739,2026-08-31T13:14:26.473739,Teams,completed,2026-04-08T16:04:30.473754,b0e0e9fd-ef8b-47d5-b426-0e52c2535506
3309f1ce-bee7-453d-92eb-b3875e43130c,fa6b3223-0c9a-40e9-b075-9220ef58763e,e4a0f782-d61b-4052-849d-5679c682e6e0,,,Strategy Meeting,Meeting about partnership discussion,2026-07-08T09:35:50.473760,2026-07-08T10:20:50.473760,,completed,2026-04-29T01:06:44.473775,b0e0e9fd-ef8b-47d5-b426-0e52c2535506
ce439a50-eff0-4eca-8335-94a0367bc256,fa6b3223-0c9a-40e9-b075-9220ef58763e,70a1a11d-5ed0-4a43-ae45-a3d2f63e8213,b78ea7a2-267c-4868-bc57-d0c461962df8,,Product Demo,Meeting about performance review,2026-10-10T20:02:12.473781,2026-10-10T20:47:12.473781,Teams,completed,2026-03-12T00:36:11.473801,02aa60b8-30fa-45cc-90ce-706799bfffeb
7dd2c299-f96e-4979-9f69-face5a661d49,fa6b3223-0c9a-40e9-b075-9220ef58763e,3a7a726c-307e-4e71-8d43-f4ec0d020101,0d80fe94-4c77-4d94-bfb8-aef242549583,,Budget Review,Meeting about project update,2026-07-18T12:57:44.473807,2026-07-18T13:27:44.473807,Phone,no_show,2026-05-06T01:51:13.473824,056273a6-60a0-4f5f-96b3-0a1f9b494aa8
1de35f11-bc4c-4750-9ee7-762597c5449d,fa6b3223-0c9a-40e9-b075-9220ef58763e,b0e0e9fd-ef8b-47d5-b426-0e52c2535506,70e7e774-2f1d-44c6-a8c8-6d299316e470,,Client Check-in,Meeting about quarterly review,2026-05-25T07:13:57.473830,2026-05-25T08:13:57.473830,Google Meet,scheduled,2026-03-27T12:45:27.473846,056273a6-60a0-4f5f-96b3-0a1f9b494aa8
d568619c-1273-4746-87a1-36a1ae5a7c11,fa6b3223-0c9a-40e9-b075-9220ef58763e,056273a6-60a0-4f5f-96b3-0a1f9b494aa8,9da439bc-90ce-4091-9456-099be2d87656,,Onboarding Session,Meeting about support call,2026-10-06T05:08:21.473852,2026-10-06T05:38:21.473852,In Person,completed,2025-10-08T01:09:37.473868,3a7a726c-307e-4e71-8d43-f4ec0d020101
d27935f8-b5e5-498c-9ac9-4dac277ec78a,fa6b3223-0c9a-40e9-b075-9220ef58763e,d3f2a2a5-f425-4786-ac66-99c3ddb5fe75,,4c86c928-35eb-42bf-8019-4e5cfc650eb1,Board Meeting,Meeting about client check-in,2026-08-24T10:17:40.473874,2026-08-24T12:17:40.473874,,no_show,2025-09-11T05:42:33.473889,c7ad0281-d620-4eef-92e6-7a52117c0a8e
0fac675f-8dfe-4fae-a68f-6ff560497014,fa6b3223-0c9a-40e9-b075-9220ef58763e,02aa60b8-30fa-45cc-90ce-706799bfffeb,,,Project Update,Meeting about performance review,2026-06-02T09:51:47.473898,2026-06-02T11:21:47.473898,Google Meet,completed,2025-12-31T19:21:47.473914,77216429-0c61-4206-8455-fea64c0b6917
3b0941b1-93b6-44f1-a853-4822e511dc19,fa6b3223-0c9a-40e9-b075-9220ef58763e,b0e0e9fd-ef8b-47d5-b426-0e52c2535506,,,Team Standup,Meeting about board meeting,2026-10-11T13:21:41.473920,2026-10-11T13:51:41.473920,,scheduled,2026-02-17T21:07:07.473934,73a569a6-1e94-43c5-ab7e-31c0c0b2a6fb
86748a46-ce00-4eeb-9631-97310f996327,fa6b3223-0c9a-40e9-b075-9220ef58763e,70a1a11d-5ed0-4a43-ae45-a3d2f63e8213,,dbcf1519-e451-4566-8830-bf1e3cca48c2,Partnership Discussion,Meeting about onboarding session,2026-10-09T08:29:44.473941,2026-10-09T08:44:44.473941,Teams,cancelled,2025-09-17T19:12:31.473956,73a569a6-1e94-43c5-ab7e-31c0c0b2a6fb
d7ae3427-ccdb-472c-a537-f2a79a9a9d4f,fa6b3223-0c9a-40e9-b075-9220ef58763e,70a1a11d-5ed0-4a43-ae45-a3d2f63e8213,7b5a52bb-ea18-4770-8c3b-437219e9e51a,,Product Demo,Meeting about sales call,2026-08-02T03:12:50.473962,2026-08-02T03:57:50.473962,Google Meet,cancelled,2026-01-24T10:40:26.473978,4f5c97d1-2a5a-4459-bb2c-75d59167674a
3614fc73-d66d-4b87-bc73-1c338cb74b33,fa6b3223-0c9a-40e9-b075-9220ef58763e,056273a6-60a0-4f5f-96b3-0a1f9b494aa8,b5b0d15f-d0f7-4585-964b-10db27dbe6e3,,Onboarding Session,Meeting about project update,2026-09-16T23:01:00.473985,2026-09-17T00:01:00.473985,Teams,completed,2025-08-27T11:14:05.474001,4f5c97d1-2a5a-4459-bb2c-75d59167674a
00279db5-92ab-4c9c-b6ed-e99ee568c244,fa6b3223-0c9a-40e9-b075-9220ef58763e,c5b0aadb-faf1-42c1-9dd1-d8c4c6bf6834,,,Project Update,Meeting about quarterly review,2026-11-03T08:20:54.474007,2026-11-03T09:05:54.474007,In Person,no_show,2025-10-25T02:39:31.474023,e6daabab-f289-47f2-91c8-de431d5400de
7f0fe788-0f13-40af-9997-5060310b3bf9,fa6b3223-0c9a-40e9-b075-9220ef58763e,3a7a726c-307e-4e71-8d43-f4ec0d020101,369054a4-6d01-4275-bbd8-b6c6443de3ba,,Sales Call,Meeting about project update,2026-09-30T18:44:51.474029,2026-09-30T20:44:51.474029,,scheduled,2026-02-05T00:52:46.474045,4f5c97d1-2a5a-4459-bb2c-75d59167674a
de2b625b-81fe-4467-bbb5-2f88ac524d16,fa6b3223-0c9a-40e9-b075-9220ef58763e,e6daabab-f289-47f2-91c8-de431d5400de,79feddd5-3ad7-4c60-9852-585f89a912be,,Client Check-in,Meeting about partnership discussion,2026-09-22T14:06:47.474051,2026-09-22T14:51:47.474051,In Person,scheduled,2026-07-15T14:37:58.474073,793561a3-4c41-4b4b-9ec6-6527903d3e02
539c6e46-ed23-40b2-8d04-345a5b60b2fa,fa6b3223-0c9a-40e9-b075-9220ef58763e,b0e0e9fd-ef8b-47d5-b426-0e52c2535506,a1c5af0f-7954-46cb-bff0-a6976950076c,,Team Standup,Meeting about contract negotiation,2026-10-15T08:24:38.474079,2026-10-15T09:54:38.474079,Google Meet,scheduled,2025-10-21T23:08:37.474096,b0e0e9fd-ef8b-47d5-b426-0e52c2535506
630c9d2a-2b43-46a1-b050-4b45213e06af,fa6b3223-0c9a-40e9-b075-9220ef58763e,c7ad0281-d620-4eef-92e6-7a52117c0a8e,,,Quarterly Review,Meeting about partnership discussion,2026-06-19T06:55:52.474102,2026-06-19T07:55:52.474102,,completed,2026-07-27T00:34:58.474120,c5b0aadb-faf1-42c1-9dd1-d8c4c6bf6834
c8037b87-bb8c-4316-babe-e996bd4fec3c,fa6b3223-0c9a-40e9-b075-9220ef58763e,40fd4c0b-aaa5-4aad-9d10-5269ef1b800f,6272d16b-a937-49af-82ca-9a70f981db90,,Project Update,Meeting about project update,2026-08-31T05:25:17.474129,2026-08-31T05:40:17.474129,,scheduled,2025-10-18T15:55:36.474145,c5b0aadb-faf1-42c1-9dd1-d8c4c6bf6834
04f5d4e0-8ea7-4922-9d6a-5c6a7d50aa36,fa6b3223-0c9a-40e9-b075-9220ef58763e,e6daabab-f289-47f2-91c8-de431d5400de,ff2f4a6d-50bf-4d23-9684-0fc0bb1c0fb6,76c2a6bb-4c17-43b7-afa2-8db937be62c3,Product Demo,Meeting about support call,2026-08-24T02:39:31.474151,2026-08-24T02:54:31.474151,Zoom,completed,2025-09-03T02:35:05.474168,40fd4c0b-aaa5-4aad-9d10-5269ef1b800f
b8362496-84c5-44e9-82fc-c7f8023477a3,fa6b3223-0c9a-40e9-b075-9220ef58763e,40fd4c0b-aaa5-4aad-9d10-5269ef1b800f,,,Team Standup,Meeting about sales call,2026-09-30T19:00:56.474175,2026-09-30T20:00:56.474175,Google Meet,cancelled,2026-04-14T04:09:15.474190,40fd4c0b-aaa5-4aad-9d10-5269ef1b800f
481f3203-4eeb-4a37-a045-a1d0e1755dcf,fa6b3223-0c9a-40e9-b075-9220ef58763e,77216429-0c61-4206-8455-fea64c0b6917,d9acb6dc-4ed5-40de-b5a7-2c38222d5757,6755c9ed-5243-41ad-be06-2480cf3bddb3,Support Call,Meeting about support call,2026-06-15T23:31:44.474196,2026-06-16T01:31:44.474196,,cancelled,2025-11-19T03:09:35.474212,793561a3-4c41-4b4b-9ec6-6527903d3e02
53ba104e-1e96-4dca-8c68-e00bd24bd8b1,fa6b3223-0c9a-40e9-b075-9220ef58763e,77216429-0c61-4206-8455-fea64c0b6917,,,Contract Negotiation,Meeting about product demo,2026-11-01T14:22:08.474218,2026-11-01T15:07:08.474218,Google Meet,no_show,2026-06-03T14:12:03.474233,056273a6-60a0-4f5f-96b3-0a1f9b494aa8
65ca8c94-11d2-4684-b8f2-f5685e07aad3,fa6b3223-0c9a-40e9-b075-9220ef58763e,c7ad0281-d620-4eef-92e6-7a52117c0a8e,,16d71fad-8936-4bcd-8737-1a0b376c786d,Client Check-in,Meeting about training workshop,2026-09-26T11:41:20.474239,2026-09-26T12:41:20.474239,Phone,cancelled,2026-06-18T17:27:59.474254,056273a6-60a0-4f5f-96b3-0a1f9b494aa8
48f8db0f-f813-4b10-a31d-7d5c6674d313,fa6b3223-0c9a-40e9-b075-9220ef58763e,3a7a726c-307e-4e71-8d43-f4ec0d020101,,,Board Meeting,Meeting about quarterly review,2026-08-05T14:51:14.474261,2026-08-05T15:06:14.474261,In Person,scheduled,2026-06-30T12:48:03.474279,c5b0aadb-faf1-42c1-9dd1-d8c4c6bf6834
eb5392f3-7387-430a-9512-a4c44a8c7335,fa6b3223-0c9a-40e9-b075-9220ef58763e,3a7a726c-307e-4e71-8d43-f4ec0d020101,e4ac3569-0bba-4705-a7ca-16df49a65e7c,,Performance Review,Meeting about performance review,2026-07-19T01:57:43.474285,2026-07-19T02:12:43.474285,Teams,completed,2026-01-06T17:42:28.474301,793561a3-4c41-4b4b-9ec6-6527903d3e02
3a6f7c13-9612-4d7d-880f-431887653041,fa6b3223-0c9a-40e9-b075-9220ef58763e,d3f2a2a5-f425-4786-ac66-99c3ddb5fe75,,,Support Call,Meeting about strategy meeting,2026-09-09T14:15:31.474307,2026-09-09T15:15:31.474307,Teams,cancelled,2025-11-12T01:30:40.474322,c5b0aadb-faf1-42c1-9dd1-d8c4c6bf6834
9c0a9064-4b33-47be-841e-7e94b2fe3335,fa6b3223-0c9a-40e9-b075-9220ef58763e,3a7a726c-307e-4e71-8d43-f4ec0d020101,c7646052-33ea-4062-aa08-5d5c797d9103,,Onboarding Session,Meeting about performance review,2026-09-18T06:33:17.474328,2026-09-18T06:48:17.474328,Phone,cancelled,2025-12-07T09:10:03.474344,3a7a726c-307e-4e71-8d43-f4ec0d020101
7f5cc4aa-e647-411e-a43d-4586a18f31d7,fa6b3223-0c9a-40e9-b075-9220ef58763e,02aa60b8-30fa-45cc-90ce-706799bfffeb,94bad6e8-b7a0-49a5-94d8-2b87c4260f98,,Partnership Discussion,Meeting about team standup,2026-06-15T04:58:47.474354,2026-06-15T05:43:47.474354,Phone,completed,2026-02-25T10:20:09.474370,73a569a6-1e94-43c5-ab7e-31c0c0b2a6fb
df3c6924-4aed-485e-9fe9-c0c3a74f3c62,fa6b3223-0c9a-40e9-b075-9220ef58763e,73a569a6-1e94-43c5-ab7e-31c0c0b2a6fb,,,Onboarding Session,Meeting about training workshop,2026-07-13T07:28:09.474376,2026-07-13T08:58:09.474376,Teams,cancelled,2026-02-08T08:39:05.474391,c5b0aadb-faf1-42c1-9dd1-d8c4c6bf6834
b101f041-513b-4138-8b98-e81b6708996b,fa6b3223-0c9a-40e9-b075-9220ef58763e,c5b0aadb-faf1-42c1-9dd1-d8c4c6bf6834,9f1814d0-dc40-4194-948f-d70f0dd4e9e5,,Team Standup,Meeting about training workshop,2026-05-15T20:10:00.474398,2026-05-15T21:10:00.474398,Zoom,scheduled,2026-06-16T22:36:50.474417,3a7a726c-307e-4e71-8d43-f4ec0d020101
6c4fb737-6e6a-4666-8aad-c7b457da12d8,fa6b3223-0c9a-40e9-b075-9220ef58763e,70a1a11d-5ed0-4a43-ae45-a3d2f63e8213,11612fd9-e1d1-4aa5-85df-292e6f245332,,Partnership Discussion,Meeting about contract negotiation,2026-07-29T14:12:25.474423,2026-07-29T15:12:25.474423,Zoom,scheduled,2025-10-15T13:06:44.474439,e6daabab-f289-47f2-91c8-de431d5400de
0e208c7e-79e5-4fc7-9fad-43932cad8eeb,fa6b3223-0c9a-40e9-b075-9220ef58763e,b0e0e9fd-ef8b-47d5-b426-0e52c2535506,,,Sales Call,Meeting about partnership discussion,2026-08-06T02:12:38.474445,2026-08-06T02:27:38.474445,In Person,no_show,2025-08-25T03:26:01.474460,c5b0aadb-faf1-42c1-9dd1-d8c4c6bf6834
7a38eb8d-1f9b-48ce-80f1-b03cefdadc01,fa6b3223-0c9a-40e9-b075-9220ef58763e,b0e0e9fd-ef8b-47d5-b426-0e52c2535506,,,Strategy Meeting,Meeting about support call,2026-09-18T00:49:23.474466,2026-09-18T01:34:23.474466,Google Meet,no_show,2026-02-01T16:09:37.474481,70a1a11d-5ed0-4a43-ae45-a3d2f63e8213
d72f0fe8-0228-4a88-ad6c-fe9817cbeee5,fa6b3223-0c9a-40e9-b075-9220ef58763e,d3f2a2a5-f425-4786-ac66-99c3ddb5fe75,b1b2d068-60f9-4f6c-ac02-3d24fd7f8b3f,,Onboarding Session,Meeting about performance review,2026-07-14T18:16:40.474487,2026-07-14T18:31:40.474487,In Person,no_show,2025-12-01T14:18:58.474504,77216429-0c61-4206-8455-fea64c0b6917
8b93f9f7-015c-45a5-b379-fff6b0da85f4,fa6b3223-0c9a-40e9-b075-9220ef58763e,b0e0e9fd-ef8b-47d5-b426-0e52c2535506,,1aa0304f-db27-4e52-91b2-47ce21596456,Onboarding Session,Meeting about onboarding session,2026-09-28T17:41:34.474510,2026-09-28T18:41:34.474510,Zoom,cancelled,2025-10-07T17:11:54.474526,056273a6-60a0-4f5f-96b3-0a1f9b494aa8
1bebf1c7-04b6-48c9-81aa-81c35100ed96,fa6b3223-0c9a-40e9-b075-9220ef58763e,70a1a11d-5ed0-4a43-ae45-a3d2f63e8213,,,Project Update,Meeting about contract negotiation,2026-07-21T10:19:21.474532,2026-07-21T11:04:21.474532,Teams,cancelled,2025-11-17T16:10:38.474547,73a569a6-1e94-43c5-ab7e-31c0c0b2a6fb
e40f4b8d-5968-4718-9049-55809e3f2957,fa6b3223-0c9a-40e9-b075-9220ef58763e,4f5c97d1-2a5a-4459-bb2c-75d59167674a,,,Strategy Meeting,Meeting about training workshop,2026-05-10T04:53:25.474553,2026-05-10T05:08:25.474553,Google Meet,scheduled,2025-12-10T15:00:27.474568,b0e0e9fd-ef8b-47d5-b426-0e52c2535506
6dfdbc1a-8df8-4f76-a5d1-463dd16af802,fa6b3223-0c9a-40e9-b075-9220ef58763e,73a569a6-1e94-43c5-ab7e-31c0c0b2a6fb,,8469bf61-fb3c-4401-ba86-ffb4e53ce4dd,Client Check-in,Meeting about performance review,2026-09-10T12:45:29.474577,2026-09-10T14:15:29.474577,Google Meet,cancelled,2026-04-24T12:18:18.474594,3a7a726c-307e-4e71-8d43-f4ec0d020101
38eeaf68-d929-4304-8cf4-09ac3a48722b,fa6b3223-0c9a-40e9-b075-9220ef58763e,b0e0e9fd-ef8b-47d5-b426-0e52c2535506,,e1405c6c-5587-49bf-a5ba-f5c5eb0bc08e,Team Standup,Meeting about partnership discussion,2026-06-10T20:00:42.474600,2026-06-10T22:00:42.474600,Google Meet,scheduled,2025-09-12T07:20:11.474615,40fd4c0b-aaa5-4aad-9d10-5269ef1b800f
63728b3e-2b38-46eb-98fb-e6ca70f05c56,fa6b3223-0c9a-40e9-b075-9220ef58763e,3a7a726c-307e-4e71-8d43-f4ec0d020101,2cf5f794-d45d-4ee9-84b4-087aa6f0dbf8,,Support Call,Meeting about partnership discussion,2026-10-18T03:30:01.474621,2026-10-18T04:15:01.474621,,completed,2025-10-27T11:56:33.474637,4f5c97d1-2a5a-4459-bb2c-75d59167674a
edfb79a6-a3b6-4d1b-b408-2661ef0c876b,fa6b3223-0c9a-40e9-b075-9220ef58763e,d3f2a2a5-f425-4786-ac66-99c3ddb5fe75,d9f954af-03bb-43d6-9ff9-b816c5d99623,,Training Workshop,Meeting about budget review,2026-08-12T18:15:04.474649,2026-08-12T18:30:04.474649,,no_show,2026-02-16T12:23:30.474665,c5b0aadb-faf1-42c1-9dd1-d8c4c6bf6834
7324b7b4-30b2-42ec-b69b-a5b430b68057,fa6b3223-0c9a-40e9-b075-9220ef58763e,c7ad0281-d620-4eef-92e6-7a52117c0a8e,25c752c5-fc66-4d55-b582-1e887a15a7fb,,Client Check-in,Meeting about sales call,2026-09-27T11:29:40.474670,2026-09-27T11:59:40.474670,Teams,no_show,2026-01-19T21:31:58.474686,3a7a726c-307e-4e71-8d43-f4ec0d020101
e2ba0f6e-9944-4761-9d85-aa379af81b1d,fa6b3223-0c9a-40e9-b075-9220ef58763e,c5b0aadb-faf1-42c1-9dd1-d8c4c6bf6834,,,Support Call,Meeting about team standup,2026-10-12T22:55:39.474692,2026-10-13T00:25:39.474692,Google Meet,cancelled,2025-11-13T16:47:50.474708,73a569a6-1e94-43c5-ab7e-31c0c0b2a6fb
148e1fa2-c020-4def-bd54-2e0ca28346c6,fa6b3223-0c9a-40e9-b075-9220ef58763e,b0e0e9fd-ef8b-47d5-b426-0e52c2535506,,,Sales Call,Meeting about team standup,2026-09-17T03:41:54.474714,2026-09-17T04:11:54.474714,Phone,no_show,2026-02-15T04:19:32.474728,d3f2a2a5-f425-4786-ac66-99c3ddb5fe75
257976d4-186c-435c-b9e6-e965ac83bc1d,fa6b3223-0c9a-40e9-b075-9220ef58763e,02aa60b8-30fa-45cc-90ce-706799bfffeb,6c66a961-ce77-4e5f-971c-5ca845ffed47,,Strategy Meeting,Meeting about support call,2026-10-24T02:42:45.474735,2026-10-24T03:42:45.474735,Zoom,no_show,2026-03-08T22:07:07.474754,02aa60b8-30fa-45cc-90ce-706799bfffeb
d88e3785-c479-436b-8cbb-3adc8320ce34,fa6b3223-0c9a-40e9-b075-9220ef58763e,056273a6-60a0-4f5f-96b3-0a1f9b494aa8,a79068bb-4a4b-44d2-a6ad-b3871acd573f,,Board Meeting,Meeting about budget review,2026-07-21T11:17:18.474761,2026-07-21T12:47:18.474761,Phone,cancelled,2025-10-26T18:11:44.474777,e6daabab-f289-47f2-91c8-de431d5400de
b6ebbb3c-345e-4d6d-8a82-319df633afe6,fa6b3223-0c9a-40e9-b075-9220ef58763e,b0e0e9fd-ef8b-47d5-b426-0e52c2535506,f58ad41f-e2d4-4b00-8f8b-45042d1a3a1d,,Budget Review,Meeting about product demo,2026-07-28T19:31:00.474783,2026-07-28T21:01:00.474783,,cancelled,2025-11-13T23:22:20.474799,e4a0f782-d61b-4052-849d-5679c682e6e0
0ee62a01-cb3c-4edb-ba12-28e1f7f43494,fa6b3223-0c9a-40e9-b075-9220ef58763e,02aa60b8-30fa-45cc-90ce-706799bfffeb,,2c7dbd6e-2758-41d8-b86e-b1d918865354,Board Meeting,Meeting about performance review,2026-08-23T15:39:54.474809,2026-08-23T15:54:54.474809,Teams,completed,2026-05-04T08:31:37.474825,c7ad0281-d620-4eef-92e6-7a52117c0a8e
86ebc973-881f-4d9a-b7fb-f73371b32ddd,fa6b3223-0c9a-40e9-b075-9220ef58763e,73a569a6-1e94-43c5-ab7e-31c0c0b2a6fb,,,Quarterly Review,Meeting about onboarding session,2026-06-19T20:56:25.474831,2026-06-19T21:11:25.474831,Google Meet,cancelled,2026-07-19T03:46:09.474846,793561a3-4c41-4b4b-9ec6-6527903d3e02
edd3b274-d592-4bcf-b42f-92b84416606f,fa6b3223-0c9a-40e9-b075-9220ef58763e,77216429-0c61-4206-8455-fea64c0b6917,cc66ea9b-88e1-47c0-9bcb-abd8f374a957,,Strategy Meeting,Meeting about quarterly review,2026-10-15T04:03:14.474852,2026-10-15T04:18:14.474852,Phone,completed,2025-10-01T19:16:53.474868,e4a0f782-d61b-4052-849d-5679c682e6e0
ae3d3d79-65b9-4756-8a5b-035a36d768d6,fa6b3223-0c9a-40e9-b075-9220ef58763e,02aa60b8-30fa-45cc-90ce-706799bfffeb,,,Product Demo,Meeting about performance review,2026-05-14T17:25:14.474874,2026-05-14T18:25:14.474874,In Person,cancelled,2025-11-09T01:44:30.474888,e4a0f782-d61b-4052-849d-5679c682e6e0
f5967142-4586-44a3-9a85-a7e44551f365,fa6b3223-0c9a-40e9-b075-9220ef58763e,70a1a11d-5ed0-4a43-ae45-a3d2f63e8213,,,Partnership Discussion,Meeting about performance review,2026-05-21T00:52:21.474895,2026-05-21T02:52:21.474895,In Person,no_show,2025-11-25T16:42:11.474910,77216429-0c61-4206-8455-fea64c0b6917
4825c1db-4acc-4bc1-bfc7-191b5c1ebec4,fa6b3223-0c9a-40e9-b075-9220ef58763e,77216429-0c61-4206-8455-fea64c0b6917,,,Partnership Discussion,Meeting about quarterly review,2026-06-24T18:20:17.474916,2026-06-24T19:05:17.474916,,completed,2026-02-28T05:29:00.474934,e4a0f782-d61b-4052-849d-5679c682e6e0
3ca84ccc-bf83-4db2-99d8-aad7122e7760,fa6b3223-0c9a-40e9-b075-9220ef58763e,3a7a726c-307e-4e71-8d43-f4ec0d020101,,,Budget Review,Meeting about partnership discussion,2026-08-10T07:35:34.474940,2026-08-10T08:35:34.474940,In Person,cancelled,2025-10-08T13:55:37.474955,02aa60b8-30fa-45cc-90ce-706799bfffeb
81255bb0-9b82-4130-88b8-31a36ff76d51,fa6b3223-0c9a-40e9-b075-9220ef58763e,b0e0e9fd-ef8b-47d5-b426-0e52c2535506,,,Product Demo,Meeting about support call,2026-05-11T03:02:25.474961,2026-05-11T04:02:25.474961,In Person,cancelled,2025-11-12T08:00:19.474976,e4a0f782-d61b-4052-849d-5679c682e6e0
66a61d8f-5ef8-4932-b021-310d54b5809c,fa6b3223-0c9a-40e9-b075-9220ef58763e,70a1a11d-5ed0-4a43-ae45-a3d2f63e8213,,,Partnership Discussion,Meeting about onboarding session,2026-07-23T20:11:42.474982,2026-07-23T20:26:42.474982,Zoom,scheduled,2026-06-23T05:14:49.474997,c5b0aadb-faf1-42c1-9dd1-d8c4c6bf6834
5be12f55-1f32-410d-bef3-b962155f2e54,fa6b3223-0c9a-40e9-b075-9220ef58763e,e4a0f782-d61b-4052-849d-5679c682e6e0,,,Strategy Meeting,Meeting about project update,2026-07-12T22:34:51.475003,2026-07-13T00:34:51.475003,Google Meet,no_show,2026-03-02T04:23:22.475018,e4a0f782-d61b-4052-849d-5679c682e6e0
ca9061b2-1b14-439c-917c-1c2b5917872a,fa6b3223-0c9a-40e9-b075-9220ef58763e,02aa60b8-30fa-45cc-90ce-706799bfffeb,,,Quarterly Review,Meeting about support call,2026-07-09T01:22:02.475034,2026-07-09T02:22:02.475034,In Person,scheduled,2026-05-02T19:36:11.475050,40fd4c0b-aaa5-4aad-9d10-5269ef1b800f
235afbd4-3410-4b9d-b4d3-cfe9ed367a4c,fa6b3223-0c9a-40e9-b075-9220ef58763e,70a1a11d-5ed0-4a43-ae45-a3d2f63e8213,,73cb146b-689c-40f0-af98-3408c52edad6,Product Demo,Meeting about contract negotiation,2026-09-09T21:16:26.475056,2026-09-09T23:16:26.475056,Teams,cancelled,2026-06-01T18:15:58.475071,73a569a6-1e94-43c5-ab7e-31c0c0b2a6fb
42a89c9a-2947-452b-b54f-5dfa2c098951,fa6b3223-0c9a-40e9-b075-9220ef58763e,e4a0f782-d61b-4052-849d-5679c682e6e0,4599fdc8-9d4b-4dc1-bdb0-3daabeee0265,4b92812a-16bf-4009-a01b-31329cecd797,Team Standup,Meeting about training workshop,2026-07-02T22:59:11.475078,2026-07-02T23:59:11.475078,,scheduled,2026-03-04T08:21:52.475098,3a7a726c-307e-4e71-8d43-f4ec0d020101
f24fe18a-dbf3-4f11-ad16-f59358a05fc8,fa6b3223-0c9a-40e9-b075-9220ef58763e,77216429-0c61-4206-8455-fea64c0b6917,,,Product Demo,Meeting about training workshop,2026-08-23T04:30:27.475104,2026-08-23T04:45:27.475104,In Person,cancelled,2026-06-02T23:38:17.475119,793561a3-4c41-4b4b-9ec6-6527903d3e02
2e1f7944-6065-4327-a949-8ecae1585911,fa6b3223-0c9a-40e9-b075-9220ef58763e,056273a6-60a0-4f5f-96b3-0a1f9b494aa8,,5d28948d-a59b-4037-9c05-7fec8db7e7ca,Budget Review,Meeting about contract negotiation,2026-06-18T04:31:00.475125,2026-06-18T06:31:00.475125,,cancelled,2026-02-06T08:29:14.475141,70a1a11d-5ed0-4a43-ae45-a3d2f63e8213
19a2ad13-0cab-44f4-b48e-3d1dc0912349,fa6b3223-0c9a-40e9-b075-9220ef58763e,3a7a726c-307e-4e71-8d43-f4ec0d020101,,e3e31752-0e06-4ab7-9479-49114036d40d,Partnership Discussion,Meeting about board meeting,2026-06-17T03:41:52.475147,2026-06-17T05:41:52.475147,Zoom,scheduled,2026-01-25T05:05:22.475163,c5b0aadb-faf1-42c1-9dd1-d8c4c6bf6834
49107e5a-ce20-43f9-a840-e5c7231799a6,fa6b3223-0c9a-40e9-b075-9220ef58763e,c5b0aadb-faf1-42c1-9dd1-d8c4c6bf6834,,6a0f1ac6-ecf7-4b4b-a532-65759e5c500c,Training Workshop,Meeting about budget review,2026-06-18T10:23:09.475169,2026-06-18T10:38:09.475169,Teams,scheduled,2025-11-14T16:40:50.475184,c5b0aadb-faf1-42c1-9dd1-d8c4c6bf6834
e887dac7-fe99-480a-91fd-17397e725819,fa6b3223-0c9a-40e9-b075-9220ef58763e,e4a0f782-d61b-4052-849d-5679c682e6e0,7b1af95e-aeda-4412-a302-f0c605ae416a,,Sales Call,Meeting about quarterly review,2026-09-26T01:20:19.475190,2026-09-26T02:50:19.475190,,scheduled,2026-02-05T20:52:34.475206,02aa60b8-30fa-45cc-90ce-706799bfffeb
a4c05043-1e9d-49c8-ac82-04e1fd7dce7c,fa6b3223-0c9a-40e9-b075-9220ef58763e,e6daabab-f289-47f2-91c8-de431d5400de,,,Sales Call,Meeting about training workshop,2026-08-03T01:40:21.475212,2026-08-03T01:55:21.475212,,no_show,2025-10-11T16:11:53.475227,02aa60b8-30fa-45cc-90ce-706799bfffeb
01a0ec17-f239-49b3-8f7d-c27e60acef3c,fa6b3223-0c9a-40e9-b075-9220ef58763e,d3f2a2a5-f425-4786-ac66-99c3ddb5fe75,c30eddd7-b7f3-41b3-878f-86bf89e576d0,,Project Update,Meeting about performance review,2026-07-17T01:00:11.475233,2026-07-17T02:30:11.475233,In Person,completed,2026-04-19T06:05:36.475249,d3f2a2a5-f425-4786-ac66-99c3ddb5fe75
6377e169-1884-48a1-b050-0090711db8a0,fa6b3223-0c9a-40e9-b075-9220ef58763e,c5b0aadb-faf1-42c1-9dd1-d8c4c6bf6834,,,Client Check-in,Meeting about team standup,2026-07-05T03:03:11.475259,2026-07-05T03:18:11.475259,Google Meet,no_show,2026-03-25T11:23:10.475274,73a569a6-1e94-43c5-ab7e-31c0c0b2a6fb
7e18c6ef-0314-48d5-94f6-51cb9a4d1242,fa6b3223-0c9a-40e9-b075-9220ef58763e,4f5c97d1-2a5a-4459-bb2c-75d59167674a,e3e1d168-13a5-476b-b143-74cc8c1eb4e2,,Support Call,Meeting about performance review,2026-08-08T00:31:20.475280,2026-08-08T01:16:20.475280,,no_show,2025-10-04T08:59:06.475296,02aa60b8-30fa-45cc-90ce-706799bfffeb
346cba72-4db5-4073-83fd-52e84760dfb7,fa6b3223-0c9a-40e9-b075-9220ef58763e,e4a0f782-d61b-4052-849d-5679c682e6e0,21672516-2dac-475c-bb1a-eed97cb77a3b,,Budget Review,Meeting about onboarding session,2026-09-14T23:08:21.475302,2026-09-15T01:08:21.475302,Zoom,cancelled,2025-12-02T13:26:58.475318,793561a3-4c41-4b4b-9ec6-6527903d3e02
c7bef4cd-0be2-4f7e-a68d-4d9a36ee6646,fa6b3223-0c9a-40e9-b075-9220ef58763e,b0e0e9fd-ef8b-47d5-b426-0e52c2535506,,,Partnership Discussion,Meeting about client check-in,2026-05-24T01:31:40.475324,2026-05-24T02:16:40.475324,Zoom,scheduled,2026-05-01T14:23:21.475339,73a569a6-1e94-43c5-ab7e-31c0c0b2a6fb
02468c97-b23e-4d19-90cc-1de1061f2891,fa6b3223-0c9a-40e9-b075-9220ef58763e,02aa60b8-30fa-45cc-90ce-706799bfffeb,,,Project Update,Meeting about quarterly review,2026-06-18T16:55:10.475346,2026-06-18T17:55:10.475346,,scheduled,2026-01-24T09:35:26.475360,b0e0e9fd-ef8b-47d5-b426-0e52c2535506
dfa319a3-036d-4f22-b6ed-38e6a1fcb630,fa6b3223-0c9a-40e9-b075-9220ef58763e,d3f2a2a5-f425-4786-ac66-99c3ddb5fe75,cdbc66b9-ed27-44d1-af3f-1e8b022d4385,,Budget Review,Meeting about strategy meeting,2026-09-18T04:27:13.475366,2026-09-18T05:12:13.475366,Zoom,scheduled,2025-12-16T15:49:12.475385,77216429-0c61-4206-8455-fea64c0b6917
c2322905-0376-4e34-a7e9-95d58ef23c1b,fa6b3223-0c9a-40e9-b075-9220ef58763e,056273a6-60a0-4f5f-96b3-0a1f9b494aa8,9d2ddc22-0d96-408c-83e2-a67d5a1cbbcf,,Performance Review,Meeting about budget review,2026-07-06T13:00:03.475392,2026-07-06T13:30:03.475392,Phone,scheduled,2026-03-11T09:25:25.475408,d3f2a2a5-f425-4786-ac66-99c3ddb5fe75
00da3d90-a204-4358-9485-5933546758bd,fa6b3223-0c9a-40e9-b075-9220ef58763e,4f5c97d1-2a5a-4459-bb2c-75d59167674a,,,Client Check-in,Meeting about budget review,2026-07-10T08:07:56.475414,2026-07-10T09:37:56.475414,Teams,scheduled,2025-08-21T00:20:44.475430,73a569a6-1e94-43c5-ab7e-31c0c0b2a6fb
19d194eb-9b33-4daa-8c4a-dda51197427c,fa6b3223-0c9a-40e9-b075-9220ef58763e,e4a0f782-d61b-4052-849d-5679c682e6e0,,,Training Workshop,Meeting about performance review,2026-06-23T05:40:28.475436,2026-06-23T07:40:28.475436,Zoom,scheduled,2026-03-04T08:49:08.475451,793561a3-4c41-4b4b-9ec6-6527903d3e02
2fab0fdf-1071-4bfb-89a5-91e6263ceddc,fa6b3223-0c9a-40e9-b075-9220ef58763e,77216429-0c61-4206-8455-fea64c0b6917,,30710331-1c9b-4f32-b3c4-c05b7a827060,Budget Review,Meeting about performance review,2026-07-09T19:13:38.475457,2026-07-09T19:43:38.475457,In Person,cancelled,2026-05-11T07:33:44.475473,e4a0f782-d61b-4052-849d-5679c682e6e0
c9b69a69-aede-457b-af3a-4897f092f8d4,fa6b3223-0c9a-40e9-b075-9220ef58763e,e6daabab-f289-47f2-91c8-de431d5400de,,,Contract Negotiation,Meeting about contract negotiation,2026-08-05T01:06:11.475482,2026-08-05T02:36:11.475482,In Person,cancelled,2025-08-07T09:42:06.475498,4f5c97d1-2a5a-4459-bb2c-75d59167674a
14788051-9a3f-41f3-b3d6-ac8b6b75d3ff,fa6b3223-0c9a-40e9-b075-9220ef58763e,70a1a11d-5ed0-4a43-ae45-a3d2f63e8213,f3075aa5-a1c6-4baf-9f2e-890ff8a15943,,Onboarding Session,Meeting about sales call,2026-08-19T01:40:23.475504,2026-08-19T03:10:23.475504,Google Meet,scheduled,2026-02-06T03:56:46.475524,73a569a6-1e94-43c5-ab7e-31c0c0b2a6fb
7a1b74e3-4583-4b79-a487-409e820bd5cb,fa6b3223-0c9a-40e9-b075-9220ef58763e,c7ad0281-d620-4eef-92e6-7a52117c0a8e,,,Training Workshop,Meeting about team standup,2026-06-27T15:30:55.475531,2026-06-27T17:30:55.475531,In Person,cancelled,2026-06-18T14:41:39.475546,70a1a11d-5ed0-4a43-ae45-a3d2f63e8213
ec816c88-157f-4918-9b58-403f78837412,fa6b3223-0c9a-40e9-b075-9220ef58763e,4f5c97d1-2a5a-4459-bb2c-75d59167674a,,bd88ce66-ae47-4b19-9193-c72fa2568891,Client Check-in,Meeting about quarterly review,2026-08-17T16:23:14.475552,2026-08-17T16:38:14.475552,In Person,completed,2026-04-02T18:29:55.475568,b0e0e9fd-ef8b-47d5-b426-0e52c2535506
599508b8-c40e-49f7-b707-df538e419202,fa6b3223-0c9a-40e9-b075-9220ef58763e,70a1a11d-5ed0-4a43-ae45-a3d2f63e8213,,8f60a3aa-526f-4576-884e-d9bb5ed7bde8,Onboarding Session,Meeting about client check-in,2026-08-23T05:08:38.475574,2026-08-23T07:08:38.475574,In Person,scheduled,2026-04-28T19:00:01.475589,02aa60b8-30fa-45cc-90ce-706799bfffeb
1c060d70-adcc-4ec3-a41d-893591a800c8,fa6b3223-0c9a-40e9-b075-9220ef58763e,c7ad0281-d620-4eef-92e6-7a52117c0a8e,,,Project Update,Meeting about quarterly review,2026-07-23T12:00:24.475595,2026-07-23T13:30:24.475595,Phone,cancelled,2026-02-07T04:42:09.475610,4f5c97d1-2a5a-4459-bb2c-75d59167674a
6181c03c-3640-4691-a669-4d7f902a8e23,fa6b3223-0c9a-40e9-b075-9220ef58763e,c7ad0281-d620-4eef-92e6-7a52117c0a8e,4c6c3b55-acee-455c-a9ea-4ebfd8075bdb,fb4696aa-efe5-49bf-be82-7ac5cf60dcca,Onboarding Session,Meeting about board meeting,2026-11-01T09:10:57.475616,2026-11-01T09:40:57.475616,Phone,scheduled,2026-04-12T09:00:11.475633,e6daabab-f289-47f2-91c8-de431d5400de
92bf06f3-c0d0-4102-a1c0-86946eec25ec,fa6b3223-0c9a-40e9-b075-9220ef58763e,d3f2a2a5-f425-4786-ac66-99c3ddb5fe75,,,Partnership Discussion,Meeting about client check-in,2026-06-30T18:07:22.475639,2026-06-30T19:37:22.475639,,cancelled,2026-04-01T15:17:05.475661,b0e0e9fd-ef8b-47d5-b426-0e52c2535506
8d6b1627-c6da-4523-9110-b273b26d509b,fa6b3223-0c9a-40e9-b075-9220ef58763e,e4a0f782-d61b-4052-849d-5679c682e6e0,c289ecc2-2fb3-43c2-8374-7888555edf4a,,Sales Call,Meeting about quarterly review,2026-08-12T16:51:34.475667,2026-08-12T18:21:34.475667,Teams,scheduled,2025-12-08T13:33:20.475687,70a1a11d-5ed0-4a43-ae45-a3d2f63e8213
1c20152c-ece5-47bd-ac7f-822df4274a92,fa6b3223-0c9a-40e9-b075-9220ef58763e,02aa60b8-30fa-45cc-90ce-706799bfffeb,dd3be054-dc5d-4659-9d25-bf421e7c44ba,,Onboarding Session,Meeting about onboarding session,2026-05-25T22:53:16.475693,2026-05-25T23:08:16.475693,Google Meet,completed,2025-09-18T17:03:27.475713,c7ad0281-d620-4eef-92e6-7a52117c0a8e
73da66be-f80c-4ba2-89b2-d505e6f797da,fa6b3223-0c9a-40e9-b075-9220ef58763e,02aa60b8-30fa-45cc-90ce-706799bfffeb,4456f9bf-efd9-42f1-b534-1fd3f98e7032,,Client Check-in,Meeting about board meeting,2026-08-06T03:08:12.475723,2026-08-06T04:38:12.475723,Zoom,cancelled,2025-08-12T02:27:05.475739,73a569a6-1e94-43c5-ab7e-31c0c0b2a6fb
7081043b-00ad-4a08-96f6-718caa768302,fa6b3223-0c9a-40e9-b075-9220ef58763e,d3f2a2a5-f425-4786-ac66-99c3ddb5fe75,,262d366b-c8b7-42f8-8d01-23e63a69038c,Support Call,Meeting about client check-in,2026-10-02T12:35:12.475746,2026-10-02T12:50:12.475746,,cancelled,2025-09-13T21:25:57.475783,02aa60b8-30fa-45cc-90ce-706799bfffeb
f4f42060-6de2-45b3-8f07-70d4adb1ac86,fa6b3223-0c9a-40e9-b075-9220ef58763e,e6daabab-f289-47f2-91c8-de431d5400de,44f46ba0-10c1-43bf-9681-8f6a31708dcf,987e2efd-5044-4419-ab6d-37b599e522f1,Training Workshop,Meeting about quarterly review,2026-09-20T09:05:04.475790,2026-09-20T09:20:04.475790,Google Meet,cancelled,2025-12-05T13:31:12.475807,70a1a11d-5ed0-4a43-ae45-a3d2f63e8213
53b2f8c6-252f-4a15-ad55-23eb5b4d4650,fa6b3223-0c9a-40e9-b075-9220ef58763e,73a569a6-1e94-43c5-ab7e-31c0c0b2a6fb,,,Client Check-in,Meeting about performance review,2026-06-23T09:01:18.475813,2026-06-23T09:46:18.475813,,completed,2026-02-01T20:38:15.475828,793561a3-4c41-4b4b-9ec6-6527903d3e02
fe481155-c429-4709-be36-25c0476dcafe,fa6b3223-0c9a-40e9-b075-9220ef58763e,056273a6-60a0-4f5f-96b3-0a1f9b494aa8,83371cf5-5826-4091-a039-9264c1e96b4a,,Board Meeting,Meeting about client check-in,2026-05-11T14:11:26.475834,2026-05-11T14:41:26.475834,Phone,no_show,2025-09-21T08:38:55.475849,d3f2a2a5-f425-4786-ac66-99c3ddb5fe75
f7f87a3b-fa36-4979-b6da-c4053d503c2f,fa6b3223-0c9a-40e9-b075-9220ef58763e,70a1a11d-5ed0-4a43-ae45-a3d2f63e8213,,,Product Demo,Meeting about training workshop,2026-08-31T01:19:05.475855,2026-08-31T01:34:05.475855,Zoom,completed,2025-10-26T03:03:23.475871,e6daabab-f289-47f2-91c8-de431d5400de
82d9535d-af0e-46e2-bd4b-23b6ec537da5,fa6b3223-0c9a-40e9-b075-9220ef58763e,40fd4c0b-aaa5-4aad-9d10-5269ef1b800f,8207bcdb-f989-4ec3-b749-2abb10f114ec,29b41b6b-b9f4-4f17-893e-92c2439c476d,Product Demo,Meeting about product demo,2026-07-11T06:57:24.475877,2026-07-11T08:27:24.475877,Zoom,cancelled,2025-11-15T03:07:37.475893,77216429-0c61-4206-8455-fea64c0b6917
85b101ef-14de-4d4c-8fd0-5dfa67c38bb6,fa6b3223-0c9a-40e9-b075-9220ef58763e,73a569a6-1e94-43c5-ab7e-31c0c0b2a6fb,31b3b5e9-4e10-4bbb-a2a7-9d40a8e7ec6e,,Team Standup,Meeting about contract negotiation,2026-05-22T16:42:09.475899,2026-05-22T17:12:09.475899,Zoom,completed,2025-09-25T06:14:32.475915,3a7a726c-307e-4e71-8d43-f4ec0d020101
380f3351-8a80-4fb3-afdb-d87f6d774041,fa6b3223-0c9a-40e9-b075-9220ef58763e,e4a0f782-d61b-4052-849d-5679c682e6e0,dc0ae4d7-c606-4fe7-9996-d69020cbfabe,,Product Demo,Meeting about client check-in,2026-08-10T14:15:19.475921,2026-08-10T15:45:19.475921,Google Meet,scheduled,2025-10-28T12:48:45.475936,70a1a11d-5ed0-4a43-ae45-a3d2f63e8213
99ae2d32-5ca0-471e-99a3-5addee6143a5,fa6b3223-0c9a-40e9-b075-9220ef58763e,793561a3-4c41-4b4b-9ec6-6527903d3e02,,,Project Update,Meeting about client check-in,2026-05-15T22:24:11.475942,2026-05-15T23:24:11.475942,Google Meet,no_show,2026-08-03T02:18:20.475957,40fd4c0b-aaa5-4aad-9d10-5269ef1b800f
e4ce0ffb-aca4-4749-97d1-96b7fac23bf1,fa6b3223-0c9a-40e9-b075-9220ef58763e,b0e0e9fd-ef8b-47d5-b426-0e52c2535506,,bb1d1ef0-dd0f-4d14-941a-8b580871fb5f,Training Workshop,Meeting about quarterly review,2026-10-25T09:35:07.475967,2026-10-25T09:50:07.475967,Google Meet,completed,2026-01-18T13:08:27.475983,e4a0f782-d61b-4052-849d-5679c682e6e0
3abb9d4a-fa95-483c-969f-51f8c440401c,fa6b3223-0c9a-40e9-b075-9220ef58763e,4f5c97d1-2a5a-4459-bb2c-75d59167674a,,,Strategy Meeting,Meeting about strategy meeting,2026-06-19T08:48:30.475989,2026-06-19T10:48:30.475989,Zoom,completed,2026-07-12T18:17:42.476004,3a7a726c-307e-4e71-8d43-f4ec0d020101
2d59f206-b5f8-44f9-ace6-3f18424dfe59,fa6b3223-0c9a-40e9-b075-9220ef58763e,77216429-0c61-4206-8455-fea64c0b6917,,,Project Update,Meeting about team standup,2026-10-24T23:46:08.476013,2026-10-25T00:31:08.476013,Zoom,no_show,2026-03-04T18:57:34.476032,77216429-0c61-4206-8455-fea64c0b6917
09aed1c6-ad68-4c10-8101-3b44749ddd17,fa6b3223-0c9a-40e9-b075-9220ef58763e,d3f2a2a5-f425-4786-ac66-99c3ddb5fe75,ffe8e5a4-9fba-45c5-8b62-59f39269fd1f,,Quarterly Review,Meeting about budget review,2026-06-07T22:44:17.476038,2026-06-07T23:29:17.476038,In Person,scheduled,2026-05-24T03:04:49.476054,c7ad0281-d620-4eef-92e6-7a52117c0a8e
3086a5d0-3e4b-4c00-b517-02e993a793cc,fa6b3223-0c9a-40e9-b075-9220ef58763e,d3f2a2a5-f425-4786-ac66-99c3ddb5fe75,,,Partnership Discussion,Meeting about support call,2026-09-04T03:19:53.476060,2026-09-04T04:19:53.476060,Teams,cancelled,2026-04-17T07:44:49.476075,793561a3-4c41-4b4b-9ec6-6527903d3e02
c6549f1b-5ad5-4196-b489-a826fe6edf9b,fa6b3223-0c9a-40e9-b075-9220ef58763e,c5b0aadb-faf1-42c1-9dd1-d8c4c6bf6834,,,Support Call,Meeting about board meeting,2026-06-04T15:25:19.476081,2026-06-04T16:55:19.476081,Teams,scheduled,2025-12-10T14:31:38.476096,c5b0aadb-faf1-42c1-9dd1-d8c4c6bf6834
c9cb8031-0327-4afd-a1e9-57986f9d643a,fa6b3223-0c9a-40e9-b075-9220ef58763e,02aa60b8-30fa-45cc-90ce-706799bfffeb,6486b270-7ca9-4756-af52-3329a4af98a6,,Support Call,Meeting about strategy meeting,2026-07-27T02:50:16.476102,2026-07-27T03:20:16.476102,Phone,no_show,2025-10-26T22:32:45.476118,d3f2a2a5-f425-4786-ac66-99c3ddb5fe75
1264732a-e007-440f-af8e-585852f7e3d0,fa6b3223-0c9a-40e9-b075-9220ef58763e,73a569a6-1e94-43c5-ab7e-31c0c0b2a6fb,ae23f65e-6e62-4503-9b2c-2a2f4588420d,,Quarterly Review,Meeting about support call,2026-06-10T20:30:35.476124,2026-06-10T22:30:35.476124,Phone,completed,2026-04-16T12:33:29.476140,b0e0e9fd-ef8b-47d5-b426-0e52c2535506
0d832aca-845a-45d5-91d5-271b3973f50f,fa6b3223-0c9a-40e9-b075-9220ef58763e,d3f2a2a5-f425-4786-ac66-99c3ddb5fe75,9365bb7e-612c-4289-89d5-adf09035a071,b1ccd797-657a-4d3b-a1d8-9f4374617e32,Performance Review,Meeting about product demo,2026-10-25T15:28:17.476146,2026-10-25T17:28:17.476146,In Person,cancelled,2025-08-29T00:07:30.476163,793561a3-4c41-4b4b-9ec6-6527903d3e02
63440fb2-d6d5-428c-8ee3-9ab048ebf898,fa6b3223-0c9a-40e9-b075-9220ef58763e,e4a0f782-d61b-4052-849d-5679c682e6e0,,,Project Update,Meeting about performance review,2026-05-10T21:05:34.476169,2026-05-10T21:35:34.476169,Teams,completed,2026-08-01T10:47:53.476183,70a1a11d-5ed0-4a43-ae45-a3d2f63e8213
3d50b4dc-611a-447a-ab44-e2963ef4d8f1,fa6b3223-0c9a-40e9-b075-9220ef58763e,793561a3-4c41-4b4b-9ec6-6527903d3e02,b50c5d18-a214-4756-b6dd-6a362af443b2,37578187-ce37-4b4d-a86c-5066ec92bd1a,Budget Review,Meeting about product demo,2026-09-17T04:54:24.476193,2026-09-17T05:39:24.476193,Google Meet,scheduled,2026-02-10T14:28:55.476210,e4a0f782-d61b-4052-849d-5679c682e6e0
eb4c1d89-ef76-4be0-a7d0-65ec5406943b,fa6b3223-0c9a-40e9-b075-9220ef58763e,d3f2a2a5-f425-4786-ac66-99c3ddb5fe75,,,Onboarding Session,Meeting about sales call,2026-05-17T22:40:04.476216,2026-05-17T23:40:04.476216,Zoom,cancelled,2025-08-08T02:28:10.476230,73a569a6-1e94-43c5-ab7e-31c0c0b2a6fb
27a240e8-ad2e-4bb0-8491-f4a9df64577d,fa6b3223-0c9a-40e9-b075-9220ef58763e,70a1a11d-5ed0-4a43-ae45-a3d2f63e8213,f6c4af77-2334-4dab-9a37-e69df09da95f,,Project Update,Meeting about strategy meeting,2026-09-27T07:52:31.476236,2026-09-27T08:07:31.476236,Phone,no_show,2026-05-02T17:27:51.476252,4f5c97d1-2a5a-4459-bb2c-75d59167674a
72594350-7a44-4f27-bb95-4578a9cfc163,fa6b3223-0c9a-40e9-b075-9220ef58763e,73a569a6-1e94-43c5-ab7e-31c0c0b2a6fb,17bfbb42-c5e4-4a74-bcfb-068bc8e8db99,,Onboarding Session,Meeting about training workshop,2026-09-11T12:17:55.476258,2026-09-11T14:17:55.476258,,completed,2026-03-18T15:39:00.476274,3a7a726c-307e-4e71-8d43-f4ec0d020101
259122c6-0123-4558-bd22-209f0c166606,fa6b3223-0c9a-40e9-b075-9220ef58763e,793561a3-4c41-4b4b-9ec6-6527903d3e02,,06dc0ebd-dd70-4aac-ad37-b743f92b6564,Performance Review,Meeting about budget review,2026-07-04T00:46:39.476280,2026-07-04T02:46:39.476280,,no_show,2026-02-15T21:51:28.476295,e4a0f782-d61b-4052-849d-5679c682e6e0
15cb024c-6203-4114-bff3-82d28be2ec3e,fa6b3223-0c9a-40e9-b075-9220ef58763e,02aa60b8-30fa-45cc-90ce-706799bfffeb,c30eddd7-b7f3-41b3-878f-86bf89e576d0,,Strategy Meeting,Meeting about support call,2026-10-04T16:01:07.476301,2026-10-04T16:16:07.476301,,cancelled,2026-03-18T06:33:15.476316,793561a3-4c41-4b4b-9ec6-6527903d3e02
876bd1f0-5207-4cd3-bcf2-2b4418ebfa49,fa6b3223-0c9a-40e9-b075-9220ef58763e,70a1a11d-5ed0-4a43-ae45-a3d2f63e8213,60566556-b7d2-4728-bd37-12ac5ec6b63c,,Partnership Discussion,Meeting about performance review,2026-09-26T08:02:51.476325,2026-09-26T08:47:51.476325,,cancelled,2026-08-03T22:14:43.476342,40fd4c0b-aaa5-4aad-9d10-5269ef1b800f
ae7812d1-ed86-4389-a882-cbead09c6c1a,fa6b3223-0c9a-40e9-b075-9220ef58763e,c7ad0281-d620-4eef-92e6-7a52117c0a8e,381cd7dd-ee37-43f4-835b-dc4653798230,b102f6b3-9367-410e-a029-75c32e4b53cc,Quarterly Review,Meeting about onboarding session,2026-08-23T03:29:26.476348,2026-08-23T04:59:26.476348,Zoom,cancelled,2025-12-31T07:54:55.476365,40fd4c0b-aaa5-4aad-9d10-5269ef1b800f
e77a8f43-0bfc-43b2-8a74-5a501b21f616,fa6b3223-0c9a-40e9-b075-9220ef58763e,d3f2a2a5-f425-4786-ac66-99c3ddb5fe75,0d0b9548-370d-4585-8d5d-1887fba00f77,3c0c749f-950c-4b98-8949-28378273d63f,Sales Call,Meeting about performance review,2026-05-10T02:59:18.476371,2026-05-10T03:29:18.476371,,no_show,2026-06-08T08:50:29.476387,70a1a11d-5ed0-4a43-ae45-a3d2f63e8213
bb12874e-b930-458d-8b3d-994df1adfe05,fa6b3223-0c9a-40e9-b075-9220ef58763e,73a569a6-1e94-43c5-ab7e-31c0c0b2a6fb,3353cb08-dac1-4e92-b88c-2a99eeb8d5e5,,Budget Review,Meeting about product demo,2026-10-08T22:31:30.476393,2026-10-08T22:46:30.476393,Teams,cancelled,2025-08-11T09:17:47.476410,02aa60b8-30fa-45cc-90ce-706799bfffeb
6b8665cd-4e4f-4b40-acf0-4992de7a1fca,fa6b3223-0c9a-40e9-b075-9220ef58763e,70a1a11d-5ed0-4a43-ae45-a3d2f63e8213,,ce8ebed8-f6bc-4ee2-9ef5-17d18b82747c,Client Check-in,Meeting about quarterly review,2026-08-17T17:17:51.476419,2026-08-17T18:17:51.476419,Phone,scheduled,2026-06-21T17:07:29.476436,70a1a11d-5ed0-4a43-ae45-a3d2f63e8213
dcb8229f-ded7-4adc-bdb6-f0d50079ae1d,fa6b3223-0c9a-40e9-b075-9220ef58763e,d3f2a2a5-f425-4786-ac66-99c3ddb5fe75,,4184025c-df31-49da-8496-b337a9056072,Contract Negotiation,Meeting about product demo,2026-05-19T03:02:52.476442,2026-05-19T04:32:52.476442,In Person,no_show,2026-02-03T03:23:49.476457,d3f2a2a5-f425-4786-ac66-99c3ddb5fe75
0d2ba040-36fd-48e4-ac4c-c419d2035595,fa6b3223-0c9a-40e9-b075-9220ef58763e,c7ad0281-d620-4eef-92e6-7a52117c0a8e,2ca54e39-436e-4c9f-8cf7-07394836a8b2,,Budget Review,Meeting about support call,2026-10-14T14:48:39.476463,2026-10-14T16:48:39.476463,Phone,scheduled,2026-02-08T06:52:58.476479,c7ad0281-d620-4eef-92e6-7a52117c0a8e
bc5f77dd-a13b-4a47-872a-a4aa21a80f9a,fa6b3223-0c9a-40e9-b075-9220ef58763e,73a569a6-1e94-43c5-ab7e-31c0c0b2a6fb,,,Quarterly Review,Meeting about support call,2026-10-29T00:41:38.476485,2026-10-29T01:41:38.476485,,scheduled,2026-08-01T07:26:00.476503,4f5c97d1-2a5a-4459-bb2c-75d59167674a
10c99bfd-ca52-4ac2-a38f-7b183e75fc73,fa6b3223-0c9a-40e9-b075-9220ef58763e,40fd4c0b-aaa5-4aad-9d10-5269ef1b800f,3894470f-60cc-4e4e-8b9a-97be57ab331f,,Budget Review,Meeting about board meeting,2026-05-18T13:51:03.476510,2026-05-18T14:21:03.476510,In Person,cancelled,2025-09-29T04:47:24.476525,4f5c97d1-2a5a-4459-bb2c-75d59167674a
12635c3b-acfc-46d2-a307-a40f979029dd,fa6b3223-0c9a-40e9-b075-9220ef58763e,d3f2a2a5-f425-4786-ac66-99c3ddb5fe75,,542e024e-9f8b-4b66-80f0-267dd381e679,Training Workshop,Meeting about strategy meeting,2026-09-23T02:43:07.476531,2026-09-23T02:58:07.476531,Teams,no_show,2026-06-22T10:17:14.476547,e6daabab-f289-47f2-91c8-de431d5400de
845a14ae-02aa-43c3-ae0c-02315544454a,fa6b3223-0c9a-40e9-b075-9220ef58763e,73a569a6-1e94-43c5-ab7e-31c0c0b2a6fb,,d5078725-b8f3-4be1-b01c-0e378c260da0,Budget Review,Meeting about board meeting,2026-06-30T14:17:31.476553,2026-06-30T15:47:31.476553,Phone,cancelled,2025-09-07T18:31:05.476568,056273a6-60a0-4f5f-96b3-0a1f9b494aa8
3972af1d-c375-479a-9356-4e18a5aca099,fa6b3223-0c9a-40e9-b075-9220ef58763e,793561a3-4c41-4b4b-9ec6-6527903d3e02,7fdf6069-da52-4593-ab38-407b94be466d,,Performance Review,Meeting about quarterly review,2026-09-06T22:22:31.476574,2026-09-06T22:52:31.476574,Google Meet,completed,2025-12-24T12:34:52.476590,40fd4c0b-aaa5-4aad-9d10-5269ef1b800f
d70bbb13-4dac-4005-aa4c-fac258d9dd8e,fa6b3223-0c9a-40e9-b075-9220ef58763e,70a1a11d-5ed0-4a43-ae45-a3d2f63e8213,06c2ebcd-68ec-4335-beb2-fa158908c54f,bb1d1ef0-dd0f-4d14-941a-8b580871fb5f,Contract Negotiation,Meeting about support call,2026-07-05T04:53:23.476596,2026-07-05T05:08:23.476596,Zoom,cancelled,2025-09-22T10:45:28.476617,e6daabab-f289-47f2-91c8-de431d5400de
be56f6a6-8da5-49e3-8234-8d11acb9d1eb,fa6b3223-0c9a-40e9-b075-9220ef58763e,d3f2a2a5-f425-4786-ac66-99c3ddb5fe75,,0fca9b4b-3caf-4063-aa56-a69edc64e220,Project Update,Meeting about support call,2026-10-09T21:31:04.476623,2026-10-09T23:01:04.476623,Phone,no_show,2025-08-29T15:34:24.476646,3a7a726c-307e-4e71-8d43-f4ec0d020101
1a0ed511-938c-483c-be57-7960cd6aa95b,fa6b3223-0c9a-40e9-b075-9220ef58763e,3a7a726c-307e-4e71-8d43-f4ec0d020101,70ddba31-0f46-423a-9efa-bbb289eb81b9,,Performance Review,Meeting about project update,2026-07-29T05:12:29.476656,2026-07-29T05:27:29.476656,In Person,scheduled,2026-08-06T01:20:52.476673,c5b0aadb-faf1-42c1-9dd1-d8c4c6bf6834
237fdd80-ef6e-46f1-9ece-92944fdc7f27,fa6b3223-0c9a-40e9-b075-9220ef58763e,77216429-0c61-4206-8455-fea64c0b6917,4883e372-15fe-4f42-b7f1-27a28e65b9f1,98418f98-9747-4004-a88f-2020c5fb6d4b,Project Update,Meeting about partnership discussion,2026-05-20T06:14:04.476679,2026-05-20T08:14:04.476679,Teams,no_show,2025-10-17T22:47:32.476696,4f5c97d1-2a5a-4459-bb2c-75d59167674a
a717e85a-95a2-48d8-b722-2474d1db842f,fa6b3223-0c9a-40e9-b075-9220ef58763e,d3f2a2a5-f425-4786-ac66-99c3ddb5fe75,d8593b01-6e8b-4920-8115-35e97112bf3d,,Sales Call,Meeting about partnership discussion,2026-08-11T16:03:15.476702,2026-08-11T17:33:15.476702,Phone,completed,2025-08-07T03:36:37.476718,793561a3-4c41-4b4b-9ec6-6527903d3e02
9e23a311-bddf-46d3-bee1-a8060938220d,fa6b3223-0c9a-40e9-b075-9220ef58763e,70a1a11d-5ed0-4a43-ae45-a3d2f63e8213,b6058eec-0150-46d2-b530-6c73e0967a77,,Client Check-in,Meeting about training workshop,2026-10-23T00:44:55.476724,2026-10-23T02:14:55.476724,Google Meet,completed,2025-12-15T22:21:26.476740,02aa60b8-30fa-45cc-90ce-706799bfffeb
f513a724-47ad-4807-bb46-c51d4f4cf182,fa6b3223-0c9a-40e9-b075-9220ef58763e,c5b0aadb-faf1-42c1-9dd1-d8c4c6bf6834,4f64dde1-c3b5-4e97-97c0-ece5f9ee6165,,Partnership Discussion,Meeting about team standup,2026-05-31T22:29:21.476747,2026-05-31T22:44:21.476747,,completed,2026-02-05T15:01:29.476762,b0e0e9fd-ef8b-47d5-b426-0e52c2535506
058e7d61-c1d5-46ff-afbb-fde1ea118d34,fa6b3223-0c9a-40e9-b075-9220ef58763e,793561a3-4c41-4b4b-9ec6-6527903d3e02,,276832fc-5ec9-47da-8b2c-a14e3632fcb4,Contract Negotiation,Meeting about support call,2026-10-14T07:14:31.476768,2026-10-14T09:14:31.476768,Zoom,scheduled,2026-03-07T00:31:29.476783,73a569a6-1e94-43c5-ab7e-31c0c0b2a6fb
845565b7-57f7-43b2-acdc-b6488b3c04b8,fa6b3223-0c9a-40e9-b075-9220ef58763e,b0e0e9fd-ef8b-47d5-b426-0e52c2535506,,,Project Update,Meeting about client check-in,2026-06-04T09:56:06.476789,2026-06-04T10:26:06.476789,,no_show,2026-02-10T15:32:46.476804,40fd4c0b-aaa5-4aad-9d10-5269ef1b800f
42ac822c-7892-41eb-82bb-49d1ec208faa,fa6b3223-0c9a-40e9-b075-9220ef58763e,4f5c97d1-2a5a-4459-bb2c-75d59167674a,a6d09230-72bd-4c90-acc7-f9186d20616e,,Budget Review,Meeting about client check-in,2026-10-14T20:22:53.476810,2026-10-14T21:22:53.476810,,cancelled,2026-07-17T07:49:11.476825,e4a0f782-d61b-4052-849d-5679c682e6e0
458ee7e9-b5cb-461b-a552-9e7f02f2eeaa,fa6b3223-0c9a-40e9-b075-9220ef58763e,c5b0aadb-faf1-42c1-9dd1-d8c4c6bf6834,8b005a4d-e45a-45f2-ae60-3848652512b6,,Performance Review,Meeting about strategy meeting,2026-10-22T02:45:45.476831,2026-10-22T03:15:45.476831,Teams,cancelled,2025-08-26T22:17:54.476847,02aa60b8-30fa-45cc-90ce-706799bfffeb
0f9531e4-7605-4138-ae55-5ff9d19f2506,fa6b3223-0c9a-40e9-b075-9220ef58763e,e6daabab-f289-47f2-91c8-de431d5400de,9fd84533-2897-4ec6-ad9d-15c73419545e,4b92812a-16bf-4009-a01b-31329cecd797,Board Meeting,Meeting about performance review,2026-06-02T02:20:22.476853,2026-06-02T03:20:22.476853,,completed,2026-04-08T03:46:38.476870,c7ad0281-d620-4eef-92e6-7a52117c0a8e
7d56d9cb-db9c-4536-9192-fee4927a20a8,fa6b3223-0c9a-40e9-b075-9220ef58763e,c5b0aadb-faf1-42c1-9dd1-d8c4c6bf6834,,,Strategy Meeting,Meeting about team standup,2026-11-05T04:31:23.476879,2026-11-05T04:46:23.476879,Google Meet,scheduled,2025-09-19T22:08:28.476895,c7ad0281-d620-4eef-92e6-7a52117c0a8e
b777d30c-492b-4325-bbe6-3f73fe022ce5,fa6b3223-0c9a-40e9-b075-9220ef58763e,793561a3-4c41-4b4b-9ec6-6527903d3e02,,,Partnership Discussion,Meeting about budget review,2026-10-07T07:16:49.476901,2026-10-07T07:46:49.476901,Teams,cancelled,2026-04-12T12:17:37.476916,056273a6-60a0-4f5f-96b3-0a1f9b494aa8
cd2195ff-bb20-48de-93b1-cb37bd915f6d,fa6b3223-0c9a-40e9-b075-9220ef58763e,4f5c97d1-2a5a-4459-bb2c-75d59167674a,,,Team Standup,Meeting about support call,2026-05-25T07:55:15.476922,2026-05-25T09:25:15.476922,Google Meet,cancelled,2026-02-01T04:09:12.476940,3a7a726c-307e-4e71-8d43-f4ec0d020101
a59f7871-0da6-4929-b72b-89320ce2960d,fa6b3223-0c9a-40e9-b075-9220ef58763e,e6daabab-f289-47f2-91c8-de431d5400de,da73ba58-e050-444c-bf73-3e56ca7470d5,,Quarterly Review,Meeting about performance review,2026-05-21T15:39:44.476946,2026-05-21T16:24:44.476946,,cancelled,2026-03-30T16:18:33.476961,02aa60b8-30fa-45cc-90ce-706799bfffeb
bcbd2f88-11af-4a47-b09b-0e73112ab303,fa6b3223-0c9a-40e9-b075-9220ef58763e,793561a3-4c41-4b4b-9ec6-6527903d3e02,,,Board Meeting,Meeting about performance review,2026-07-21T23:15:22.476968,2026-07-22T00:15:22.476968,Zoom,no_show,2025-10-21T16:18:42.476982,70a1a11d-5ed0-4a43-ae45-a3d2f63e8213
b0d3139e-a5f1-4a26-843f-946c1a45f9d8,fa6b3223-0c9a-40e9-b075-9220ef58763e,02aa60b8-30fa-45cc-90ce-706799bfffeb,,,Team Standup,Meeting about contract negotiation,2026-10-26T09:02:51.476988,2026-10-26T10:32:51.476988,Teams,scheduled,2025-10-21T19:12:14.477007,d3f2a2a5-f425-4786-ac66-99c3ddb5fe75
a273fa08-053f-4d9a-8ce3-be8bb9d48694,fa6b3223-0c9a-40e9-b075-9220ef58763e,02aa60b8-30fa-45cc-90ce-706799bfffeb,5fef3ac3-d3aa-4b5d-9b7a-9398336fac97,,Performance Review,Meeting about strategy meeting,2026-07-04T18:53:36.477013,2026-07-04T19:38:36.477013,Google Meet,scheduled,2026-02-28T13:45:56.477029,793561a3-4c41-4b4b-9ec6-6527903d3e02
98f090c4-f80a-411d-a35d-470585bd520d,fa6b3223-0c9a-40e9-b075-9220ef58763e,b0e0e9fd-ef8b-47d5-b426-0e52c2535506,,,Board Meeting,Meeting about quarterly review,2026-08-13T00:56:03.477035,2026-08-13T02:56:03.477035,,cancelled,2026-01-18T12:28:28.477050,793561a3-4c41-4b4b-9ec6-6527903d3e02
07893e97-bbdd-4bda-a406-f54e19923cbd,fa6b3223-0c9a-40e9-b075-9220ef58763e,056273a6-60a0-4f5f-96b3-0a1f9b494aa8,da31aeda-0a9d-4017-a1dd-388b8ab62450,cb335e96-b04f-46ba-962b-d679a5f28fef,Training Workshop,Meeting about budget review,2026-07-17T21:20:28.477056,2026-07-17T22:05:28.477056,In Person,completed,2025-09-21T20:32:16.477073,70a1a11d-5ed0-4a43-ae45-a3d2f63e8213
ca730821-3b57-4a36-9eb8-cd7bc6fb6166,fa6b3223-0c9a-40e9-b075-9220ef58763e,c5b0aadb-faf1-42c1-9dd1-d8c4c6bf6834,34c567d5-662b-4a38-92c0-1dc1e5f80521,a277a88c-0c18-4118-ba5f-8da8400c3ba7,Training Workshop,Meeting about quarterly review,2026-06-23T03:57:56.477080,2026-06-23T05:57:56.477080,In Person,scheduled,2026-01-15T02:50:48.477097,77216429-0c61-4206-8455-fea64c0b6917
5e2b63ca-5862-40d0-a87e-acf88a3eadd0,fa6b3223-0c9a-40e9-b075-9220ef58763e,d3f2a2a5-f425-4786-ac66-99c3ddb5fe75,d9a0647e-d100-4dd3-8009-144d8d0f97e4,,Contract Negotiation,Meeting about quarterly review,2026-06-10T17:26:26.477103,2026-06-10T18:56:26.477103,Zoom,cancelled,2026-03-04T19:32:22.477125,056273a6-60a0-4f5f-96b3-0a1f9b494aa8
7a2730ba-5508-4a17-b974-233298544c27,fa6b3223-0c9a-40e9-b075-9220ef58763e,4f5c97d1-2a5a-4459-bb2c-75d59167674a,,e51d0bc8-2f46-4faa-9689-2fac70ab86f4,Team Standup,Meeting about partnership discussion,2026-09-30T02:03:41.477132,2026-09-30T02:48:41.477132,Google Meet,scheduled,2026-07-06T21:44:03.477148,70a1a11d-5ed0-4a43-ae45-a3d2f63e8213
e875cce7-8c80-49a8-a3f6-d9f4b350512c,fa6b3223-0c9a-40e9-b075-9220ef58763e,e6daabab-f289-47f2-91c8-de431d5400de,,,Board Meeting,Meeting about project update,2026-07-26T02:49:30.477154,2026-07-26T03:49:30.477154,Zoom,scheduled,2026-06-05T05:47:42.477169,02aa60b8-30fa-45cc-90ce-706799bfffeb
bf71834b-70cf-48d5-8336-6bada357b0a9,fa6b3223-0c9a-40e9-b075-9220ef58763e,d3f2a2a5-f425-4786-ac66-99c3ddb5fe75,,,Project Update,Meeting about partnership discussion,2026-10-07T05:18:52.477175,2026-10-07T06:48:52.477175,In Person,no_show,2026-05-23T09:08:03.477189,b0e0e9fd-ef8b-47d5-b426-0e52c2535506
460419c4-a642-4af6-8014-eb6fcb74a155,fa6b3223-0c9a-40e9-b075-9220ef58763e,77216429-0c61-4206-8455-fea64c0b6917,,,Training Workshop,Meeting about onboarding session,2026-07-13T02:53:25.477196,2026-07-13T03:53:25.477196,Teams,no_show,2025-11-18T18:54:49.477210,056273a6-60a0-4f5f-96b3-0a1f9b494aa8
91e634ca-4dc3-4cc3-a582-8a92b9d0b2e0,fa6b3223-0c9a-40e9-b075-9220ef58763e,e4a0f782-d61b-4052-849d-5679c682e6e0,,db3f4e25-f2e6-4d60-82ad-7314e46798e5,Project Update,Meeting about performance review,2026-07-01T23:28:19.477217,2026-07-02T00:13:19.477217,Zoom,scheduled,2026-05-13T17:56:36.477232,70a1a11d-5ed0-4a43-ae45-a3d2f63e8213
825b5e35-1c40-4c29-a58a-cb1eaedfe85b,fa6b3223-0c9a-40e9-b075-9220ef58763e,4f5c97d1-2a5a-4459-bb2c-75d59167674a,435a676f-4793-4239-9bf3-8bafad0c9843,,Budget Review,Meeting about sales call,2026-07-23T09:20:01.477238,2026-07-23T10:05:01.477238,,cancelled,2026-03-28T17:41:50.477257,d3f2a2a5-f425-4786-ac66-99c3ddb5fe75
ccafd7f4-c2bc-4c97-8241-baff93b7c1dc,fa6b3223-0c9a-40e9-b075-9220ef58763e,73a569a6-1e94-43c5-ab7e-31c0c0b2a6fb,29bee0df-7ea9-4c25-bc4b-e44537278752,,Contract Negotiation,Meeting about partnership discussion,2026-07-16T21:44:11.477263,2026-07-16T22:44:11.477263,Zoom,completed,2026-01-11T07:23:18.477283,056273a6-60a0-4f5f-96b3-0a1f9b494aa8
c67cf6b8-81fd-4cea-9330-61d6a5388a43,fa6b3223-0c9a-40e9-b075-9220ef58763e,c5b0aadb-faf1-42c1-9dd1-d8c4c6bf6834,,,Strategy Meeting,Meeting about onboarding session,2026-07-13T20:33:01.477289,2026-07-13T21:18:01.477289,Zoom,no_show,2026-02-13T10:17:55.477304,77216429-0c61-4206-8455-fea64c0b6917
918d261c-54a7-4199-a3ad-91a6e13c80e7,fa6b3223-0c9a-40e9-b075-9220ef58763e,77216429-0c61-4206-8455-fea64c0b6917,,,Partnership Discussion,Meeting about product demo,2026-06-17T13:06:07.477310,2026-06-17T13:36:07.477310,Zoom,cancelled,2025-10-21T16:14:04.477325,40fd4c0b-aaa5-4aad-9d10-5269ef1b800f
f1810d61-ad21-41d0-b5f2-645cb234d652,fa6b3223-0c9a-40e9-b075-9220ef58763e,b0e0e9fd-ef8b-47d5-b426-0e52c2535506,,99cc8010-a12b-4119-a2e6-458b89481410,Partnership Discussion,Meeting about budget review,2026-09-11T04:55:06.477334,2026-09-11T05:40:06.477334,Zoom,no_show,2025-08-10T21:30:02.477351,793561a3-4c41-4b4b-9ec6-6527903d3e02
723581ad-5e68-4074-94e5-14553485315f,fa6b3223-0c9a-40e9-b075-9220ef58763e,40fd4c0b-aaa5-4aad-9d10-5269ef1b800f,8576ee0c-22e0-4fa5-b4dc-82cdbf190a9e,,Board Meeting,Meeting about client check-in,2026-08-20T09:18:27.477357,2026-08-20T09:33:27.477357,Phone,no_show,2026-04-28T00:09:37.477372,c7ad0281-d620-4eef-92e6-7a52117c0a8e
de4ebe06-c982-4f28-bb64-6545171306d5,fa6b3223-0c9a-40e9-b075-9220ef58763e,c5b0aadb-faf1-42c1-9dd1-d8c4c6bf6834,,446c5521-ce0e-4424-a58a-54b2fe40e4b2,Quarterly Review,Meeting about team standup,2026-07-12T08:10:57.477378,2026-07-12T10:10:57.477378,Teams,completed,2026-06-13T12:22:03.477393,793561a3-4c41-4b4b-9ec6-6527903d3e02
2eb337e1-1b20-4da4-aadb-ef2398ac4ae3,fa6b3223-0c9a-40e9-b075-9220ef58763e,056273a6-60a0-4f5f-96b3-0a1f9b494aa8,,b51f66b4-4a69-4e6b-a4a8-078461b6a156,Onboarding Session,Meeting about support call,2026-07-02T16:03:29.477399,2026-07-02T18:03:29.477399,Google Meet,completed,2026-01-25T19:23:32.477415,73a569a6-1e94-43c5-ab7e-31c0c0b2a6fb
bf4aff65-0770-4656-a8b4-ee1a2b9c68a6,fa6b3223-0c9a-40e9-b075-9220ef58763e,e6daabab-f289-47f2-91c8-de431d5400de,,f9a2c783-5a4d-488c-945a-db65ae4cb617,Performance Review,Meeting about contract negotiation,2026-10-29T17:15:51.477421,2026-10-29T18:15:51.477421,Google Meet,scheduled,2026-04-28T08:37:02.477437,e6daabab-f289-47f2-91c8-de431d5400de
f15ff75f-1846-44d6-85b1-9cf9c7c0290d,fa6b3223-0c9a-40e9-b075-9220ef58763e,3a7a726c-307e-4e71-8d43-f4ec0d020101,,,Training Workshop,Meeting about support call,2026-05-21T14:24:16.477443,2026-05-21T15:54:16.477443,Teams,completed,2026-03-20T20:32:54.477457,793561a3-4c41-4b4b-9ec6-6527903d3e02
c5c1d1db-edb9-469b-a831-1103f104efeb,fa6b3223-0c9a-40e9-b075-9220ef58763e,40fd4c0b-aaa5-4aad-9d10-5269ef1b800f,,,Team Standup,Meeting about onboarding session,2026-10-26T16:34:04.477464,2026-10-26T16:49:04.477464,Google Meet,completed,2026-01-11T12:51:55.477478,4f5c97d1-2a5a-4459-bb2c-75d59167674a
81ee00f5-2149-40f2-900b-fc239fc984bf,fa6b3223-0c9a-40e9-b075-9220ef58763e,02aa60b8-30fa-45cc-90ce-706799bfffeb,316462cf-a2be-4f65-a51a-d52996948811,,Onboarding Session,Meeting about team standup,2026-06-07T15:32:38.477484,2026-06-07T16:17:38.477484,Google Meet,completed,2026-02-14T08:34:27.477500,c7ad0281-d620-4eef-92e6-7a52117c0a8e
4aa7705c-83fc-4677-827f-116e0a7dd780,fa6b3223-0c9a-40e9-b075-9220ef58763e,e4a0f782-d61b-4052-849d-5679c682e6e0,,,Support Call,Meeting about partnership discussion,2026-08-16T02:28:49.477506,2026-08-16T02:43:49.477506,Phone,completed,2026-06-06T23:02:12.477521,c7ad0281-d620-4eef-92e6-7a52117c0a8e
a1167ba3-fa19-4af8-94ef-0dcf12eac6f8,fa6b3223-0c9a-40e9-b075-9220ef58763e,c5b0aadb-faf1-42c1-9dd1-d8c4c6bf6834,d0898eba-2b9f-4aca-9a20-17e977412b21,76c2a6bb-4c17-43b7-afa2-8db937be62c3,Client Check-in,Meeting about product demo,2026-09-08T09:26:44.477527,2026-09-08T09:56:44.477527,,no_show,2026-04-11T20:08:45.477543,056273a6-60a0-4f5f-96b3-0a1f9b494aa8
7054fd4b-af76-44d0-8958-6d5e62dd3bce,fa6b3223-0c9a-40e9-b075-9220ef58763e,056273a6-60a0-4f5f-96b3-0a1f9b494aa8,,,Performance Review,Meeting about team standup,2026-07-27T16:38:09.477553,2026-07-27T18:08:09.477553,Phone,cancelled,2026-04-12T23:15:55.477568,4f5c97d1-2a5a-4459-bb2c-75d59167674a
eb28e5f6-cd9d-4a45-95f0-ba3c81e80ab8,fa6b3223-0c9a-40e9-b075-9220ef58763e,02aa60b8-30fa-45cc-90ce-706799bfffeb,,,Partnership Discussion,Meeting about performance review,2026-06-26T03:08:44.477574,2026-06-26T03:23:44.477574,Zoom,scheduled,2025-11-07T19:13:05.477593,c7ad0281-d620-4eef-92e6-7a52117c0a8e
c2836db5-0800-4770-98ce-4eea23364fed,fa6b3223-0c9a-40e9-b075-9220ef58763e,e4a0f782-d61b-4052-849d-5679c682e6e0,b572fd87-9908-4431-b244-0b470029f9f2,,Support Call,Meeting about partnership discussion,2026-07-22T16:48:22.477599,2026-07-22T18:18:22.477599,Google Meet,scheduled,2025-09-17T10:44:43.477615,b0e0e9fd-ef8b-47d5-b426-0e52c2535506
2da0682d-83b5-46b7-859d-6d5de98d60d2,fa6b3223-0c9a-40e9-b075-9220ef58763e,02aa60b8-30fa-45cc-90ce-706799bfffeb,,dbb7b39f-324b-46e8-ab28-84720ef527e6,Performance Review,Meeting about performance review,2026-07-25T13:13:15.477621,2026-07-25T13:43:15.477621,,scheduled,2026-06-08T00:13:55.477636,e6daabab-f289-47f2-91c8-de431d5400de
fdbb707a-6e81-48cd-a271-dc1a8698d7c9,fa6b3223-0c9a-40e9-b075-9220ef58763e,e6daabab-f289-47f2-91c8-de431d5400de,459a514b-46d0-4240-9f58-ef24c084f9e6,,Strategy Meeting,Meeting about team standup,2026-10-11T16:26:40.477677,2026-10-11T16:56:40.477677,,scheduled,2026-07-10T08:23:27.477694,73a569a6-1e94-43c5-ab7e-31c0c0b2a6fb
13981773-e207-4d82-98d1-976801aa8874,fa6b3223-0c9a-40e9-b075-9220ef58763e,e6daabab-f289-47f2-91c8-de431d5400de,060d19c2-c602-4d01-8d16-c59b98e66d40,a3d34035-cc1f-40aa-bfa0-2e94d1f184b3,Training Workshop,Meeting about partnership discussion,2026-05-10T10:44:05.477700,2026-05-10T11:44:05.477700,Teams,scheduled,2026-01-19T16:00:33.477717,d3f2a2a5-f425-4786-ac66-99c3ddb5fe75
3c4c8986-d44b-4d02-848c-3349994bca3e,fa6b3223-0c9a-40e9-b075-9220ef58763e,d3f2a2a5-f425-4786-ac66-99c3ddb5fe75,,57a57eed-9743-4566-a3b7-c1d95b13c44a,Support Call,Meeting about performance review,2026-11-03T13:49:47.477723,2026-11-03T15:49:47.477723,Teams,no_show,2026-04-10T03:15:00.477739,70a1a11d-5ed0-4a43-ae45-a3d2f63e8213
bcf70c1f-9b9a-48ea-8341-33333ef2d0ca,fa6b3223-0c9a-40e9-b075-9220ef58763e,4f5c97d1-2a5a-4459-bb2c-75d59167674a,f9bd0645-e926-4f87-a34c-24520bbafaba,,Budget Review,Meeting about product demo,2026-09-14T03:53:01.477745,2026-09-14T04:53:01.477745,Phone,completed,2025-09-15T11:53:06.477761,4f5c97d1-2a5a-4459-bb2c-75d59167674a
b88b0bd7-fcbb-44e3-8443-905a19cbf7b8,fa6b3223-0c9a-40e9-b075-9220ef58763e,02aa60b8-30fa-45cc-90ce-706799bfffeb,b2dbabca-5661-4926-b294-94d5d2309062,,Board Meeting,Meeting about board meeting,2026-08-20T08:41:25.477767,2026-08-20T10:11:25.477767,In Person,completed,2026-06-27T18:12:26.477783,056273a6-60a0-4f5f-96b3-0a1f9b494aa8
36fe9a72-2797-42da-922b-f270f821e9bc,fa6b3223-0c9a-40e9-b075-9220ef58763e,3a7a726c-307e-4e71-8d43-f4ec0d020101,c9ceedb2-325f-459f-8d74-4628ca442d80,,Partnership Discussion,Meeting about team standup,2026-06-16T15:17:50.477789,2026-06-16T16:17:50.477789,Zoom,cancelled,2026-01-28T04:22:46.477804,70a1a11d-5ed0-4a43-ae45-a3d2f63e8213
cfc66cbd-df92-4cee-83cc-e22d49d9bf59,fa6b3223-0c9a-40e9-b075-9220ef58763e,b0e0e9fd-ef8b-47d5-b426-0e52c2535506,0c751840-6383-400f-b6fe-ad54fbee1d6f,,Partnership Discussion,Meeting about contract negotiation,2026-08-03T12:36:30.477815,2026-08-03T14:36:30.477815,Google Meet,no_show,2025-08-30T12:42:41.477832,73a569a6-1e94-43c5-ab7e-31c0c0b2a6fb
b83185f6-a201-42e4-9326-b0c2f2c5aa4e,fa6b3223-0c9a-40e9-b075-9220ef58763e,e4a0f782-d61b-4052-849d-5679c682e6e0,,,Partnership Discussion,Meeting about budget review,2026-11-03T13:27:17.477838,2026-11-03T15:27:17.477838,Zoom,scheduled,2026-07-20T02:55:11.477853,d3f2a2a5-f425-4786-ac66-99c3ddb5fe75
6f2d9fbb-874b-4edb-a884-7a146c4e605e,fa6b3223-0c9a-40e9-b075-9220ef58763e,056273a6-60a0-4f5f-96b3-0a1f9b494aa8,,,Client Check-in,Meeting about budget review,2026-08-25T20:48:31.477859,2026-08-25T21:18:31.477859,Teams,no_show,2026-04-18T11:56:54.477874,70a1a11d-5ed0-4a43-ae45-a3d2f63e8213
7d303d99-bed6-411a-ac5f-f8601c2f87f5,fa6b3223-0c9a-40e9-b075-9220ef58763e,c5b0aadb-faf1-42c1-9dd1-d8c4c6bf6834,,,Team Standup,Meeting about project update,2026-06-18T23:07:06.477880,2026-06-18T23:22:06.477880,,no_show,2025-11-11T23:12:07.477894,056273a6-60a0-4f5f-96b3-0a1f9b494aa8
48927029-17fd-47f3-b76a-6211ca54fa6c,fa6b3223-0c9a-40e9-b075-9220ef58763e,77216429-0c61-4206-8455-fea64c0b6917,9bdab88f-8f6c-40d9-b70d-a615e122c0ba,,Board Meeting,Meeting about team standup,2026-06-12T16:27:38.477900,2026-06-12T18:27:38.477900,Phone,completed,2026-04-30T22:38:46.477915,3a7a726c-307e-4e71-8d43-f4ec0d020101
dfce67bc-f1ef-4a99-8447-0bacd0fdb57b,fa6b3223-0c9a-40e9-b075-9220ef58763e,e4a0f782-d61b-4052-849d-5679c682e6e0,,,Sales Call,Meeting about performance review,2026-10-29T10:52:56.477921,2026-10-29T11:22:56.477921,Phone,cancelled,2026-05-16T02:16:41.477940,77216429-0c61-4206-8455-fea64c0b6917
577c0e0b-63a8-41ea-b4e0-471d6d519133,fa6b3223-0c9a-40e9-b075-9220ef58763e,e4a0f782-d61b-4052-849d-5679c682e6e0,,,Support Call,Meeting about client check-in,2026-05-08T17:15:53.477946,2026-05-08T18:15:53.477946,,cancelled,2026-03-19T01:59:27.477965,e4a0f782-d61b-4052-849d-5679c682e6e0
41959e9b-b2d9-4bfc-b153-02d8fcff8bfc,fa6b3223-0c9a-40e9-b075-9220ef58763e,73a569a6-1e94-43c5-ab7e-31c0c0b2a6fb,,,Quarterly Review,Meeting about team standup,2026-10-05T07:12:04.477971,2026-10-05T09:12:04.477971,Teams,scheduled,2025-12-23T11:21:08.477986,e6daabab-f289-47f2-91c8-de431d5400de
2964d457-770f-4e04-b2f5-1e29f7a0ce77,fa6b3223-0c9a-40e9-b075-9220ef58763e,056273a6-60a0-4f5f-96b3-0a1f9b494aa8,,,Team Standup,Meeting about budget review,2026-10-02T05:22:38.477992,2026-10-02T05:52:38.477992,,scheduled,2025-08-08T16:56:17.478006,c5b0aadb-faf1-42c1-9dd1-d8c4c6bf6834
b838df9d-d104-413d-996c-c4fac270a6d0,fa6b3223-0c9a-40e9-b075-9220ef58763e,c5b0aadb-faf1-42c1-9dd1-d8c4c6bf6834,,f730b839-08c4-4e11-b5ef-f52808d95b7e,Strategy Meeting,Meeting about partnership discussion,2026-10-18T03:13:24.478012,2026-10-18T03:58:24.478012,Teams,cancelled,2026-03-13T07:22:29.478028,70a1a11d-5ed0-4a43-ae45-a3d2f63e8213
2632bfbe-8536-42b0-8481-e9571adb81f4,fa6b3223-0c9a-40e9-b075-9220ef58763e,77216429-0c61-4206-8455-fea64c0b6917,3a86e069-757e-42d4-bcb8-55e15d27515d,42058332-d715-47e2-a4ad-aa7bd38e9bc6,Strategy Meeting,Meeting about project update,2026-08-19T07:24:43.478038,2026-08-19T07:54:43.478038,Teams,no_show,2025-12-25T04:51:22.478055,02aa60b8-30fa-45cc-90ce-706799bfffeb
4908852a-3519-49dd-8dc4-b9369f7bff81,fa6b3223-0c9a-40e9-b075-9220ef58763e,c7ad0281-d620-4eef-92e6-7a52117c0a8e,e64be51e-6e45-480b-b617-db97299f434c,,Strategy Meeting,Meeting about partnership discussion,2026-10-09T02:50:25.478061,2026-10-09T04:20:25.478061,,cancelled,2026-01-10T05:06:18.478077,4f5c97d1-2a5a-4459-bb2c-75d59167674a
0021856a-c064-4945-a9ab-6f33a9507ce5,fa6b3223-0c9a-40e9-b075-9220ef58763e,40fd4c0b-aaa5-4aad-9d10-5269ef1b800f,,,Quarterly Review,Meeting about team standup,2026-07-04T11:30:47.478083,2026-07-04T13:30:47.478083,In Person,completed,2026-06-24T08:26:34.478099,793561a3-4c41-4b4b-9ec6-6527903d3e02
ab17b650-1b99-4c7a-b13f-61070a07ca96,fa6b3223-0c9a-40e9-b075-9220ef58763e,e6daabab-f289-47f2-91c8-de431d5400de,791a9652-048f-49bf-9f52-f4d8230e3472,,Strategy Meeting,Meeting about performance review,2026-10-12T07:16:07.478105,2026-10-12T08:16:07.478105,In Person,cancelled,2026-01-05T08:40:55.478121,c5b0aadb-faf1-42c1-9dd1-d8c4c6bf6834
d623b798-bd61-4259-a153-f0b0cee80d79,fa6b3223-0c9a-40e9-b075-9220ef58763e,77216429-0c61-4206-8455-fea64c0b6917,b9d8caef-1f84-4c6a-a015-87a140c3993f,,Strategy Meeting,Meeting about team standup,2026-07-08T08:51:29.478127,2026-07-08T09:36:29.478127,Teams,scheduled,2025-10-07T08:09:44.478142,d3f2a2a5-f425-4786-ac66-99c3ddb5fe75
ef6e029b-110e-4482-8005-6161bd671b40,fa6b3223-0c9a-40e9-b075-9220ef58763e,c5b0aadb-faf1-42c1-9dd1-d8c4c6bf6834,6a52dc89-a638-4b31-9cd4-fcaae9597293,bf3d2d40-be08-4670-9df2-945b4598e663,Contract Negotiation,Meeting about product demo,2026-05-19T19:41:32.478148,2026-05-19T19:56:32.478148,Zoom,cancelled,2026-06-03T11:59:31.478165,b0e0e9fd-ef8b-47d5-b426-0e52c2535506
56f96722-8ce9-4ffe-af53-50497117c62a,fa6b3223-0c9a-40e9-b075-9220ef58763e,c5b0aadb-faf1-42c1-9dd1-d8c4c6bf6834,0974d269-47a7-48b3-8315-95cb53effc0d,,Product Demo,Meeting about team standup,2026-07-22T21:28:28.478171,2026-07-22T22:13:28.478171,In Person,no_show,2026-02-07T12:42:41.478187,056273a6-60a0-4f5f-96b3-0a1f9b494aa8
7197fbfa-b22d-400d-89cd-1b3d5fca0f2d,fa6b3223-0c9a-40e9-b075-9220ef58763e,77216429-0c61-4206-8455-fea64c0b6917,,17e96682-dfdd-4139-9a1f-d812e031b5b8,Team Standup,Meeting about board meeting,2026-07-09T06:23:51.478193,2026-07-09T07:23:51.478193,,completed,2026-03-08T07:57:57.478208,056273a6-60a0-4f5f-96b3-0a1f9b494aa8
aaaf0f7c-af9a-4fa5-8afc-a3d094974a1b,fa6b3223-0c9a-40e9-b075-9220ef58763e,e4a0f782-d61b-4052-849d-5679c682e6e0,,17e96682-dfdd-4139-9a1f-d812e031b5b8,Sales Call,Meeting about contract negotiation,2026-10-01T20:38:43.478214,2026-10-01T22:38:43.478214,Phone,no_show,2025-11-28T15:41:46.478229,c5b0aadb-faf1-42c1-9dd1-d8c4c6bf6834
038b0b18-db57-4991-b386-e1001c024329,fa6b3223-0c9a-40e9-b075-9220ef58763e,e6daabab-f289-47f2-91c8-de431d5400de,c6b9aa61-e0a7-419f-9932-9df8cceefcee,,Sales Call,Meeting about training workshop,2026-09-26T04:16:21.478235,2026-09-26T04:31:21.478235,In Person,scheduled,2026-06-22T00:03:52.478255,793561a3-4c41-4b4b-9ec6-6527903d3e02
ca537081-7ad6-479f-9f83-a5afac093d77,fa6b3223-0c9a-40e9-b075-9220ef58763e,40fd4c0b-aaa5-4aad-9d10-5269ef1b800f,bd737104-53c2-4fa6-9f9f-6a98ac3236f9,,Partnership Discussion,Meeting about product demo,2026-08-10T03:40:33.478265,2026-08-10T04:25:33.478265,Phone,scheduled,2026-07-17T07:59:41.478281,793561a3-4c41-4b4b-9ec6-6527903d3e02
d4f27a76-578f-4b35-bc56-ea7721a225d9,fa6b3223-0c9a-40e9-b075-9220ef58763e,b0e0e9fd-ef8b-47d5-b426-0e52c2535506,,,Onboarding Session,Meeting about performance review,2026-08-18T02:52:56.478287,2026-08-18T04:52:56.478287,,scheduled,2026-01-19T20:19:59.478304,4f5c97d1-2a5a-4459-bb2c-75d59167674a
83e43675-844b-4e6f-851f-ddc01b501205,fa6b3223-0c9a-40e9-b075-9220ef58763e,d3f2a2a5-f425-4786-ac66-99c3ddb5fe75,c63d7dac-16cc-4f27-ad82-8453bd5e89d4,,Training Workshop,Meeting about board meeting,2026-10-21T02:35:06.478312,2026-10-21T03:35:06.478312,Google Meet,completed,2026-06-15T06:16:05.478328,b0e0e9fd-ef8b-47d5-b426-0e52c2535506
7b61ee61-00b4-4ef6-ba64-19def5b9db7f,fa6b3223-0c9a-40e9-b075-9220ef58763e,70a1a11d-5ed0-4a43-ae45-a3d2f63e8213,514717bf-4f67-45df-bc36-463df83dac1b,40ab73dd-9407-4043-aaf5-5df9fea8628f,Strategy Meeting,Meeting about sales call,2026-07-14T08:19:28.478335,2026-07-14T09:04:28.478335,Zoom,completed,2026-02-21T07:39:11.478351,e6daabab-f289-47f2-91c8-de431d5400de
b83e12a7-9d2c-4f1f-b220-bcd0718e4474,fa6b3223-0c9a-40e9-b075-9220ef58763e,4f5c97d1-2a5a-4459-bb2c-75d59167674a,,,Client Check-in,Meeting about project update,2026-09-30T18:49:21.478357,2026-09-30T19:34:21.478357,Teams,no_show,2026-02-10T11:07:50.478372,70a1a11d-5ed0-4a43-ae45-a3d2f63e8213
e2be6470-9557-436b-bb74-8dcab31257a5,fa6b3223-0c9a-40e9-b075-9220ef58763e,77216429-0c61-4206-8455-fea64c0b6917,,,Quarterly Review,Meeting about performance review,2026-05-09T00:34:24.478378,2026-05-09T00:49:24.478378,Teams,scheduled,2026-04-11T09:39:21.478393,77216429-0c61-4206-8455-fea64c0b6917
d7a0dd10-04f6-485f-89f0-dfc1ed37b5ab,fa6b3223-0c9a-40e9-b075-9220ef58763e,c7ad0281-d620-4eef-92e6-7a52117c0a8e,,a3d34035-cc1f-40aa-bfa0-2e94d1f184b3,Support Call,Meeting about contract negotiation,2026-08-13T15:05:58.478399,2026-08-13T15:20:58.478399,In Person,cancelled,2026-07-24T20:02:37.478414,e4a0f782-d61b-4052-849d-5679c682e6e0
5554afe7-66c6-44a9-afd7-d7ef773b118d,fa6b3223-0c9a-40e9-b075-9220ef58763e,70a1a11d-5ed0-4a43-ae45-a3d2f63e8213,,a1c3a056-ea3d-4534-94cc-35a8f9dfb3a5,Budget Review,Meeting about project update,2026-06-30T05:30:21.478420,2026-06-30T06:30:21.478420,Zoom,cancelled,2025-11-28T05:30:23.478436,d3f2a2a5-f425-4786-ac66-99c3ddb5fe75
9ea99432-cdcb-47ce-904c-9c4fc3f85ae0,fa6b3223-0c9a-40e9-b075-9220ef58763e,c5b0aadb-faf1-42c1-9dd1-d8c4c6bf6834,dcd3a828-061a-4d41-b43e-3ff71836c4da,,Performance Review,Meeting about contract negotiation,2026-06-10T21:28:03.478442,2026-06-10T21:58:03.478442,Teams,scheduled,2025-09-04T07:50:17.478462,e6daabab-f289-47f2-91c8-de431d5400de
4503b4fc-77b9-438d-835f-dbf824650a2b,fa6b3223-0c9a-40e9-b075-9220ef58763e,70a1a11d-5ed0-4a43-ae45-a3d2f63e8213,,,Board Meeting,Meeting about project update,2026-08-07T06:49:16.478468,2026-08-07T07:34:16.478468,,completed,2026-03-16T16:22:07.478483,c7ad0281-d620-4eef-92e6-7a52117c0a8e
7f5538eb-20e8-4223-b2fa-d4f3bab99916,fa6b3223-0c9a-40e9-b075-9220ef58763e,d3f2a2a5-f425-4786-ac66-99c3ddb5fe75,75dfe54a-bd0a-4b08-ba73-beb7cd99ede7,f4f3e25b-c0cf-4cce-add0-66f6b5ca5796,Onboarding Session,Meeting about team standup,2026-10-06T06:19:27.478492,2026-10-06T07:19:27.478492,Teams,no_show,2026-04-01T22:14:17.478510,e6daabab-f289-47f2-91c8-de431d5400de
c20d4a8a-d57e-476d-bfd3-56af4fa0d904,fa6b3223-0c9a-40e9-b075-9220ef58763e,793561a3-4c41-4b4b-9ec6-6527903d3e02,a7c28dfe-3457-4d1a-be33-bbc22ff67054,ed16f30b-c1be-427b-8c85-d047e95319ae,Training Workshop,Meeting about project update,2026-09-28T17:00:50.478516,2026-09-28T17:15:50.478516,Google Meet,no_show,2025-10-16T07:38:35.478533,e6daabab-f289-47f2-91c8-de431d5400de
df58401d-296b-47a1-ae1a-8d05d03673e5,fa6b3223-0c9a-40e9-b075-9220ef58763e,e4a0f782-d61b-4052-849d-5679c682e6e0,,,Support Call,Meeting about support call,2026-08-17T16:15:22.478539,2026-08-17T17:15:22.478539,Phone,cancelled,2026-08-01T15:08:12.478554,73a569a6-1e94-43c5-ab7e-31c0c0b2a6fb
d1b5f889-e392-471e-a0ea-d7a609dae219,fa6b3223-0c9a-40e9-b075-9220ef58763e,40fd4c0b-aaa5-4aad-9d10-5269ef1b800f,e160d222-c6b8-4960-85ec-2dac84d69ad3,,Budget Review,Meeting about sales call,2026-05-24T08:05:53.478560,2026-05-24T08:35:53.478560,Zoom,no_show,2026-06-15T08:29:41.478579,d3f2a2a5-f425-4786-ac66-99c3ddb5fe75
27b07fe5-c303-4e87-ba03-dfe415b446de,fa6b3223-0c9a-40e9-b075-9220ef58763e,3a7a726c-307e-4e71-8d43-f4ec0d020101,,,Project Update,Meeting about client check-in,2026-10-22T16:22:07.478586,2026-10-22T17:22:07.478586,Phone,scheduled,2026-03-17T13:43:08.478601,e6daabab-f289-47f2-91c8-de431d5400de
f6cf01af-27e3-42d4-be3d-a21a48e349b5,fa6b3223-0c9a-40e9-b075-9220ef58763e,e6daabab-f289-47f2-91c8-de431d5400de,,,Product Demo,Meeting about performance review,2026-09-21T22:58:35.478607,2026-09-21T23:43:35.478607,Teams,completed,2026-01-24T11:41:06.478621,d3f2a2a5-f425-4786-ac66-99c3ddb5fe75
3f911667-4391-4c74-96ab-746f7e7d0350,fa6b3223-0c9a-40e9-b075-9220ef58763e,73a569a6-1e94-43c5-ab7e-31c0c0b2a6fb,60de886a-14c1-4841-ad50-c20e3e3ebbcb,,Budget Review,Meeting about team standup,2026-10-18T10:27:22.478627,2026-10-18T11:27:22.478627,Zoom,cancelled,2026-03-26T05:04:36.478654,70a1a11d-5ed0-4a43-ae45-a3d2f63e8213
a6666a29-806a-4e74-9e2a-7b8cc6c74988,fa6b3223-0c9a-40e9-b075-9220ef58763e,73a569a6-1e94-43c5-ab7e-31c0c0b2a6fb,06c2ebcd-68ec-4335-beb2-fa158908c54f,,Contract Negotiation,Meeting about support call,2026-08-13T02:09:37.478660,2026-08-13T03:09:37.478660,,no_show,2026-07-19T04:34:43.478675,3a7a726c-307e-4e71-8d43-f4ec0d020101
b3821367-4b5b-4a4f-b895-6ae85bd1d93c,fa6b3223-0c9a-40e9-b075-9220ef58763e,d3f2a2a5-f425-4786-ac66-99c3ddb5fe75,,3dd79a42-41ac-491c-a01e-7e4a41856fb6,Budget Review,Meeting about partnership discussion,2026-09-15T08:15:12.478681,2026-09-15T09:45:12.478681,Google Meet,completed,2025-08-23T23:03:51.478697,3a7a726c-307e-4e71-8d43-f4ec0d020101
6db66a0d-ea5b-4b0c-8769-658adc68ce50,fa6b3223-0c9a-40e9-b075-9220ef58763e,40fd4c0b-aaa5-4aad-9d10-5269ef1b800f,86810d95-8c5d-48ed-bc9d-5e5552b3b843,,Board Meeting,Meeting about quarterly review,2026-09-22T16:53:53.478703,2026-09-22T17:38:53.478703,Google Meet,scheduled,2025-12-04T05:42:52.478725,40fd4c0b-aaa5-4aad-9d10-5269ef1b800f
f225b1f1-2228-437b-98a9-7de1f5c9447a,fa6b3223-0c9a-40e9-b075-9220ef58763e,d3f2a2a5-f425-4786-ac66-99c3ddb5fe75,39f21f35-006b-4a78-a4d3-a1fd31a36b33,,Contract Negotiation,Meeting about sales call,2026-08-24T00:21:10.478735,2026-08-24T01:06:10.478735,,cancelled,2025-09-24T10:36:13.478751,e6daabab-f289-47f2-91c8-de431d5400de
8d0ed8e8-016b-4e71-b9b5-ff837f55de2b,fa6b3223-0c9a-40e9-b075-9220ef58763e,056273a6-60a0-4f5f-96b3-0a1f9b494aa8,d03c55ae-19fc-4266-a1e9-3703d54f4814,a216f294-c344-4718-8ff9-c013584178d7,Client Check-in,Meeting about product demo,2026-06-19T16:37:04.478757,2026-06-19T16:52:04.478757,,scheduled,2026-01-16T09:27:41.478775,70a1a11d-5ed0-4a43-ae45-a3d2f63e8213
ac3b4af3-5c22-46f6-8a78-86c1c9b9e80d,fa6b3223-0c9a-40e9-b075-9220ef58763e,02aa60b8-30fa-45cc-90ce-706799bfffeb,,,Contract Negotiation,Meeting about project update,2026-08-24T00:14:52.478781,2026-08-24T00:59:52.478781,Teams,completed,2025-10-20T20:37:25.478795,40fd4c0b-aaa5-4aad-9d10-5269ef1b800f
e68579bd-2887-4892-abf4-d9df13aa7cbb,fa6b3223-0c9a-40e9-b075-9220ef58763e,c7ad0281-d620-4eef-92e6-7a52117c0a8e,2a5a2ede-5963-4b5a-81fd-67e5240f0413,,Sales Call,Meeting about sales call,2026-08-28T04:44:58.478802,2026-08-28T05:14:58.478802,Phone,cancelled,2026-07-27T10:21:20.478817,d3f2a2a5-f425-4786-ac66-99c3ddb5fe75
6c8f41fc-f1b7-4c02-b74a-69c4a2176a76,fa6b3223-0c9a-40e9-b075-9220ef58763e,e4a0f782-d61b-4052-849d-5679c682e6e0,,,Strategy Meeting,Meeting about strategy meeting,2026-05-27T14:15:30.478823,2026-05-27T16:15:30.478823,Phone,cancelled,2025-10-24T00:37:27.478838,c5b0aadb-faf1-42c1-9dd1-d8c4c6bf6834
7bac55fd-9b3d-4961-bb23-bf899f68e8f8,fa6b3223-0c9a-40e9-b075-9220ef58763e,e6daabab-f289-47f2-91c8-de431d5400de,aeb806cd-23bd-4794-8dd6-c3b389d7181b,,Training Workshop,Meeting about product demo,2026-08-30T18:29:42.478844,2026-08-30T18:44:42.478844,In Person,no_show,2026-05-31T23:56:09.478860,d3f2a2a5-f425-4786-ac66-99c3ddb5fe75
af51b7a1-fba8-4633-a6ab-8e7320abb5c4,fa6b3223-0c9a-40e9-b075-9220ef58763e,e4a0f782-d61b-4052-849d-5679c682e6e0,5e0f5ff0-6316-448f-b36b-a9c417323697,,Sales Call,Meeting about budget review,2026-08-07T11:17:50.478866,2026-08-07T11:47:50.478866,Teams,scheduled,2025-12-06T02:53:34.478886,c5b0aadb-faf1-42c1-9dd1-d8c4c6bf6834
b8b8f3bb-8cc0-4d10-a11f-79e70d39d92f,fa6b3223-0c9a-40e9-b075-9220ef58763e,e4a0f782-d61b-4052-849d-5679c682e6e0,,,Performance Review,Meeting about quarterly review,2026-10-07T17:05:16.478892,2026-10-07T17:20:16.478892,Phone,completed,2026-01-06T18:52:50.478907,d3f2a2a5-f425-4786-ac66-99c3ddb5fe75
5e35a6bb-7a56-4fc2-9257-448c0a9dab15,fa6b3223-0c9a-40e9-b075-9220ef58763e,73a569a6-1e94-43c5-ab7e-31c0c0b2a6fb,e7a11275-ff71-4449-a58f-e6fa66da62ce,,Product Demo,Meeting about performance review,2026-07-23T21:10:26.478913,2026-07-23T21:25:26.478913,,scheduled,2025-10-08T08:15:41.478928,c7ad0281-d620-4eef-92e6-7a52117c0a8e
30205e8d-bfc7-4c67-84e5-6c6bc513074a,fa6b3223-0c9a-40e9-b075-9220ef58763e,793561a3-4c41-4b4b-9ec6-6527903d3e02,,,Client Check-in,Meeting about performance review,2026-08-16T01:04:23.478934,2026-08-16T02:34:23.478934,In Person,scheduled,2025-10-14T12:04:25.478949,c7ad0281-d620-4eef-92e6-7a52117c0a8e
44ca8b93-8358-4a7a-9933-885c6c80110b,fa6b3223-0c9a-40e9-b075-9220ef58763e,d3f2a2a5-f425-4786-ac66-99c3ddb5fe75,,,Partnership Discussion,Meeting about team standup,2026-09-27T21:35:54.478960,2026-09-27T21:50:54.478960,,cancelled,2025-12-30T20:54:40.478974,b0e0e9fd-ef8b-47d5-b426-0e52c2535506
f410354c-c61d-46ca-b5eb-a67d85c6f760,fa6b3223-0c9a-40e9-b075-9220ef58763e,3a7a726c-307e-4e71-8d43-f4ec0d020101,16dc406a-7bfe-4ec7-9f71-fc7122eeb19d,ce55a087-e6d6-463e-92e0-a6c4a7185e58,Client Check-in,Meeting about client check-in,2026-05-29T14:40:18.478980,2026-05-29T16:40:18.478980,,cancelled,2025-09-10T10:02:04.478996,b0e0e9fd-ef8b-47d5-b426-0e52c2535506
1a2840d2-1235-4e97-ada5-9b5d4de9afb8,fa6b3223-0c9a-40e9-b075-9220ef58763e,e6daabab-f289-47f2-91c8-de431d5400de,,1139c9f6-b4b5-4896-a468-4b271091f643,Sales Call,Meeting about onboarding session,2026-10-19T12:27:50.479002,2026-10-19T13:57:50.479002,Teams,cancelled,2025-09-12T22:05:09.479018,e6daabab-f289-47f2-91c8-de431d5400de
1cac8f5b-4ecd-4cd5-8f9e-95f3d2c46030,fa6b3223-0c9a-40e9-b075-9220ef58763e,056273a6-60a0-4f5f-96b3-0a1f9b494aa8,04715058-30c9-4a3c-b8d3-6aacf7f30e04,,Client Check-in,Meeting about strategy meeting,2026-06-28T05:30:54.479024,2026-06-28T07:30:54.479024,Zoom,cancelled,2026-08-04T06:55:25.479040,02aa60b8-30fa-45cc-90ce-706799bfffeb
031a325d-cc33-4876-abcc-565dc00b8db3,fa6b3223-0c9a-40e9-b075-9220ef58763e,c7ad0281-d620-4eef-92e6-7a52117c0a8e,6d68e31b-4076-4fe0-b470-506e09a4542d,,Budget Review,Meeting about performance review,2026-10-06T22:07:36.479046,2026-10-06T22:22:36.479046,Zoom,completed,2025-10-30T04:59:37.479062,e4a0f782-d61b-4052-849d-5679c682e6e0
981a74c7-016a-44c3-bd21-c0a1ec779fb3,fa6b3223-0c9a-40e9-b075-9220ef58763e,056273a6-60a0-4f5f-96b3-0a1f9b494aa8,542b850a-92c0-4be7-be78-ae78b1ca0f7b,,Strategy Meeting,Meeting about performance review,2026-10-08T00:49:58.479068,2026-10-08T01:49:58.479068,Teams,cancelled,2025-12-10T02:14:38.479083,e4a0f782-d61b-4052-849d-5679c682e6e0
4479b05b-0e94-4cb8-a85f-5f09ad8fb184,fa6b3223-0c9a-40e9-b075-9220ef58763e,3a7a726c-307e-4e71-8d43-f4ec0d020101,2754ecc0-7cb2-4432-a143-f2c336e99764,,Support Call,Meeting about team standup,2026-10-04T02:26:12.479089,2026-10-04T04:26:12.479089,Teams,cancelled,2026-04-29T20:48:36.479106,40fd4c0b-aaa5-4aad-9d10-5269ef1b800f
bf25aeab-499a-430c-bc37-37296295299e,fa6b3223-0c9a-40e9-b075-9220ef58763e,793561a3-4c41-4b4b-9ec6-6527903d3e02,995daea4-4b4c-4143-a874-49384543decd,,Contract Negotiation,Meeting about budget review,2026-07-12T03:09:18.479112,2026-07-12T05:09:18.479112,In Person,scheduled,2025-11-15T05:37:23.479128,b0e0e9fd-ef8b-47d5-b426-0e52c2535506
274f44b1-6855-4b8e-8390-54810d99cb11,fa6b3223-0c9a-40e9-b075-9220ef58763e,3a7a726c-307e-4e71-8d43-f4ec0d020101,,eb764b35-c243-40cc-aecf-caf2ed883767,Contract Negotiation,Meeting about quarterly review,2026-09-09T04:09:46.479134,2026-09-09T06:09:46.479134,Zoom,cancelled,2026-04-22T13:51:37.479150,3a7a726c-307e-4e71-8d43-f4ec0d020101
ad450635-2950-4650-b537-d2a36ce5f878,fa6b3223-0c9a-40e9-b075-9220ef58763e,c7ad0281-d620-4eef-92e6-7a52117c0a8e,,1d57d22a-5243-4f95-8d91-a35e153809eb,Product Demo,Meeting about performance review,2026-06-22T15:47:57.479156,2026-06-22T16:17:57.479156,Phone,cancelled,2026-06-22T06:36:01.479172,70a1a11d-5ed0-4a43-ae45-a3d2f63e8213
24372b6a-0394-417e-b5e6-97dc981280c8,fa6b3223-0c9a-40e9-b075-9220ef58763e,4f5c97d1-2a5a-4459-bb2c-75d59167674a,,,Project Update,Meeting about strategy meeting,2026-05-22T06:00:56.479182,2026-05-22T07:00:56.479182,Teams,scheduled,2026-06-27T01:59:46.479200,056273a6-60a0-4f5f-96b3-0a1f9b494aa8
ce8ebd3f-1211-4a83-836e-f47947335514,fa6b3223-0c9a-40e9-b075-9220ef58763e,c7ad0281-d620-4eef-92e6-7a52117c0a8e,ee4e6dc1-90bc-43b5-bda2-60c141bcef35,,Project Update,Meeting about performance review,2026-06-16T07:03:06.479207,2026-06-16T07:33:06.479207,Zoom,scheduled,2025-11-23T04:42:29.479226,3a7a726c-307e-4e71-8d43-f4ec0d020101
b40cd9e1-5de7-48cd-9874-9b1e7d8536b2,fa6b3223-0c9a-40e9-b075-9220ef58763e,793561a3-4c41-4b4b-9ec6-6527903d3e02,,5cc56fe9-0cdb-4d44-8fe1-484d7664ad4e,Client Check-in,Meeting about contract negotiation,2026-08-08T23:48:07.479233,2026-08-09T01:18:07.479233,In Person,completed,2026-01-11T03:07:05.479249,4f5c97d1-2a5a-4459-bb2c-75d59167674a
d2465c78-a6dc-4a19-b06c-879e49bd0ff6,fa6b3223-0c9a-40e9-b075-9220ef58763e,793561a3-4c41-4b4b-9ec6-6527903d3e02,,,Strategy Meeting,Meeting about partnership discussion,2026-10-07T12:21:07.479255,2026-10-07T12:36:07.479255,,no_show,2025-09-20T22:36:48.479269,b0e0e9fd-ef8b-47d5-b426-0e52c2535506
1e59165a-334b-4384-a653-c823ae2736bc,fa6b3223-0c9a-40e9-b075-9220ef58763e,b0e0e9fd-ef8b-47d5-b426-0e52c2535506,a8946f4f-b091-4c69-96d2-a74a998506b9,,Strategy Meeting,Meeting about client check-in,2026-06-24T08:30:35.479275,2026-06-24T10:00:35.479275,Google Meet,scheduled,2026-01-17T03:23:34.479291,c7ad0281-d620-4eef-92e6-7a52117c0a8e
6ece82b2-05fc-453e-bf36-124a45e6b724,fa6b3223-0c9a-40e9-b075-9220ef58763e,056273a6-60a0-4f5f-96b3-0a1f9b494aa8,213b0749-fc0c-47f2-b76e-97d03c66803d,,Onboarding Session,Meeting about sales call,2026-10-05T09:41:15.479297,2026-10-05T10:41:15.479297,,no_show,2026-03-13T06:07:50.479312,b0e0e9fd-ef8b-47d5-b426-0e52c2535506
10c33bb1-b29b-40e6-8d51-45aa52cee2d3,fa6b3223-0c9a-40e9-b075-9220ef58763e,c5b0aadb-faf1-42c1-9dd1-d8c4c6bf6834,0e830a36-cdf9-437f-a402-c9d2e9a1d315,ebf5d734-a0cb-4fe3-951b-f9272b5d9285,Client Check-in,Meeting about team standup,2026-07-09T19:18:27.479318,2026-07-09T20:03:27.479318,In Person,cancelled,2026-01-16T17:32:57.479335,c5b0aadb-faf1-42c1-9dd1-d8c4c6bf6834
7bf09cd4-2277-4970-9939-bdbffe4580dd,fa6b3223-0c9a-40e9-b075-9220ef58763e,056273a6-60a0-4f5f-96b3-0a1f9b494aa8,,402162ab-0036-4202-81a3-52ef7cc5a187,Board Meeting,Meeting about sales call,2026-08-05T18:24:16.479341,2026-08-05T18:54:16.479341,Teams,cancelled,2025-08-09T14:25:52.479357,056273a6-60a0-4f5f-96b3-0a1f9b494aa8
edc879aa-1f92-46d2-a702-be15533f0e7b,fa6b3223-0c9a-40e9-b075-9220ef58763e,e4a0f782-d61b-4052-849d-5679c682e6e0,70ab86e2-9086-4a31-be42-55c07db2a03b,,Support Call,Meeting about team standup,2026-05-10T00:51:50.479363,2026-05-10T02:51:50.479363,,completed,2025-11-26T19:52:15.479378,e4a0f782-d61b-4052-849d-5679c682e6e0
85acca72-75e9-4f20-915b-ae549ee3512a,fa6b3223-0c9a-40e9-b075-9220ef58763e,40fd4c0b-aaa5-4aad-9d10-5269ef1b800f,9944367f-0737-480d-ab3d-0b61340159c2,,Budget Review,Meeting about project update,2026-08-27T10:17:06.479384,2026-08-27T12:17:06.479384,Phone,no_show,2026-01-16T23:37:24.479400,40fd4c0b-aaa5-4aad-9d10-5269ef1b800f
f1ea5f3b-91ca-4fe6-9788-8ca00272da62,fa6b3223-0c9a-40e9-b075-9220ef58763e,40fd4c0b-aaa5-4aad-9d10-5269ef1b800f,,,Quarterly Review,Meeting about board meeting,2026-09-10T11:46:01.479410,2026-09-10T12:01:01.479410,Google Meet,cancelled,2025-11-24T04:48:16.479425,e6daabab-f289-47f2-91c8-de431d5400de
236926fd-cea0-4f2d-9819-d44cfa7e93e4,fa6b3223-0c9a-40e9-b075-9220ef58763e,02aa60b8-30fa-45cc-90ce-706799bfffeb,a260a546-1f22-45d0-a315-bcdc0d17adfa,,Project Update,Meeting about contract negotiation,2026-11-05T01:15:29.479431,2026-11-05T01:45:29.479431,Phone,cancelled,2025-12-02T06:43:24.479448,77216429-0c61-4206-8455-fea64c0b6917
296a801d-e6f2-4b1d-8da0-8c2ce5604602,fa6b3223-0c9a-40e9-b075-9220ef58763e,e6daabab-f289-47f2-91c8-de431d5400de,a2f3d5c6-19d0-4675-90d1-a7a1e39933d5,4f8ba3c6-dbf6-4a4d-ab82-2fb2daf17cf2,Client Check-in,Meeting about contract negotiation,2026-10-02T05:10:29.479454,2026-10-02T06:40:29.479454,Google Meet,cancelled,2026-04-11T05:05:11.479474,056273a6-60a0-4f5f-96b3-0a1f9b494aa8
9db5909b-f628-47e3-ae13-3d2b9978b5ad,fa6b3223-0c9a-40e9-b075-9220ef58763e,793561a3-4c41-4b4b-9ec6-6527903d3e02,,,Partnership Discussion,Meeting about onboarding session,2026-09-18T15:59:44.479480,2026-09-18T17:59:44.479480,In Person,completed,2026-08-05T20:17:54.479495,02aa60b8-30fa-45cc-90ce-706799bfffeb
755eb765-f442-43b0-8555-84c81efd5532,fa6b3223-0c9a-40e9-b075-9220ef58763e,b0e0e9fd-ef8b-47d5-b426-0e52c2535506,,,Client Check-in,Meeting about training workshop,2026-10-14T15:30:01.479501,2026-10-14T15:45:01.479501,Teams,completed,2025-09-12T10:32:25.479516,77216429-0c61-4206-8455-fea64c0b6917
8783df8e-8867-4100-aaab-f3852ba14bb7,fa6b3223-0c9a-40e9-b075-9220ef58763e,70a1a11d-5ed0-4a43-ae45-a3d2f63e8213,7d08b5ee-f6fe-43a8-ab52-12bcf561c473,,Strategy Meeting,Meeting about support call,2026-10-25T04:14:20.479525,2026-10-25T05:44:20.479525,Google Meet,cancelled,2026-01-19T02:43:42.479542,e6daabab-f289-47f2-91c8-de431d5400de
283c2930-4edf-4e57-b16a-c9708ebdf830,fa6b3223-0c9a-40e9-b075-9220ef58763e,b0e0e9fd-ef8b-47d5-b426-0e52c2535506,813bf15f-ba53-4a9c-a476-24bd157f0b91,,Sales Call,Meeting about budget review,2026-10-22T00:49:49.479548,2026-10-22T01:34:49.479548,Phone,scheduled,2026-06-18T06:45:36.479563,e6daabab-f289-47f2-91c8-de431d5400de
ab820d6d-e498-47f1-ba7b-f2a53de6d938,fa6b3223-0c9a-40e9-b075-9220ef58763e,c5b0aadb-faf1-42c1-9dd1-d8c4c6bf6834,eba10300-1140-4e8d-84b1-1dfa725b0a48,,Support Call,Meeting about client check-in,2026-10-02T02:40:32.479569,2026-10-02T04:40:32.479569,Teams,cancelled,2025-10-29T01:39:19.479585,c5b0aadb-faf1-42c1-9dd1-d8c4c6bf6834
b44ab63d-787e-42dd-b03c-c415e299142f,fa6b3223-0c9a-40e9-b075-9220ef58763e,b0e0e9fd-ef8b-47d5-b426-0e52c2535506,,,Contract Negotiation,Meeting about budget review,2026-10-25T02:02:09.479591,2026-10-25T02:17:09.479591,,completed,2026-04-16T12:58:40.479605,793561a3-4c41-4b4b-9ec6-6527903d3e02
2440b4a1-5c14-4838-88c1-ce4891ead786,fa6b3223-0c9a-40e9-b075-9220ef58763e,02aa60b8-30fa-45cc-90ce-706799bfffeb,04715058-30c9-4a3c-b8d3-6aacf7f30e04,,Contract Negotiation,Meeting about client check-in,2026-09-01T23:25:15.479611,2026-09-01T23:40:15.479611,In Person,completed,2026-04-02T10:10:49.479626,056273a6-60a0-4f5f-96b3-0a1f9b494aa8
77ea36f5-d629-4cba-8bad-e1c6586f34f1,fa6b3223-0c9a-40e9-b075-9220ef58763e,056273a6-60a0-4f5f-96b3-0a1f9b494aa8,,b1909c1e-8920-4126-b849-65b5141f9df4,Contract Negotiation,Meeting about client check-in,2026-07-22T04:43:23.479636,2026-07-22T06:13:23.479636,,cancelled,2025-11-23T14:02:12.479658,793561a3-4c41-4b4b-9ec6-6527903d3e02
37b17f33-df56-446b-bcec-f5b1bb46e3a5,fa6b3223-0c9a-40e9-b075-9220ef58763e,056273a6-60a0-4f5f-96b3-0a1f9b494aa8,,,Performance Review,Meeting about client check-in,2026-05-24T16:23:43.479665,2026-05-24T17:08:43.479665,Zoom,cancelled,2025-09-01T21:26:04.479679,02aa60b8-30fa-45cc-90ce-706799bfffeb
dfab19dd-0939-406a-b2a0-798067e18018,fa6b3223-0c9a-40e9-b075-9220ef58763e,d3f2a2a5-f425-4786-ac66-99c3ddb5fe75,ea8f3198-5dfa-4bb9-bd28-195b903fa205,9c4699de-cb17-41e4-9f8c-83b46977fa4f,Budget Review,Meeting about product demo,2026-08-28T09:00:17.479685,2026-08-28T10:30:17.479685,,scheduled,2025-09-29T00:42:19.479702,77216429-0c61-4206-8455-fea64c0b6917
7622b4fa-db1f-4203-9a40-f7cf4c075536,fa6b3223-0c9a-40e9-b075-9220ef58763e,793561a3-4c41-4b4b-9ec6-6527903d3e02,,,Project Update,Meeting about contract negotiation,2026-07-29T06:28:06.479708,2026-07-29T06:58:06.479708,Teams,cancelled,2026-04-06T08:56:29.479723,c7ad0281-d620-4eef-92e6-7a52117c0a8e
4b63b40b-f2ff-4df9-9814-749a0fd66716,fa6b3223-0c9a-40e9-b075-9220ef58763e,793561a3-4c41-4b4b-9ec6-6527903d3e02,,bb1d1ef0-dd0f-4d14-941a-8b580871fb5f,Sales Call,Meeting about quarterly review,2026-05-16T00:18:06.479729,2026-05-16T01:03:06.479729,In Person,cancelled,2026-01-17T20:32:29.479744,d3f2a2a5-f425-4786-ac66-99c3ddb5fe75
3e93c6e3-cf6f-46d4-a2cb-6d974f12ebd5,fa6b3223-0c9a-40e9-b075-9220ef58763e,c7ad0281-d620-4eef-92e6-7a52117c0a8e,ba4c79c6-71c5-46d8-a861-250e7a5b5038,045e4274-ef0f-423d-a1c7-e9482994ce4a,Client Check-in,Meeting about quarterly review,2026-06-27T13:20:11.479750,2026-06-27T13:50:11.479750,Phone,completed,2026-03-08T08:42:59.479851,e4a0f782-d61b-4052-849d-5679c682e6e0
9ea36b00-6ab5-4ef2-970d-f7663b8a8713,fa6b3223-0c9a-40e9-b075-9220ef58763e,4f5c97d1-2a5a-4459-bb2c-75d59167674a,,,Product Demo,Meeting about performance review,2026-05-11T23:49:47.479860,2026-05-12T00:49:47.479860,,completed,2025-08-18T21:34:35.479876,77216429-0c61-4206-8455-fea64c0b6917
a7b61045-bb92-4898-a03c-645b0ec05deb,fa6b3223-0c9a-40e9-b075-9220ef58763e,02aa60b8-30fa-45cc-90ce-706799bfffeb,,,Board Meeting,Meeting about budget review,2026-07-19T19:29:56.479882,2026-07-19T19:44:56.479882,Teams,completed,2025-09-05T00:31:03.479897,73a569a6-1e94-43c5-ab7e-31c0c0b2a6fb
9bee1c9a-aaa8-4196-b01a-00f07ce7ecae,fa6b3223-0c9a-40e9-b075-9220ef58763e,3a7a726c-307e-4e71-8d43-f4ec0d020101,7a648efd-7e76-407b-a698-b95ae922e1b5,,Board Meeting,Meeting about partnership discussion,2026-09-17T04:12:20.479904,2026-09-17T04:57:20.479904,Zoom,cancelled,2026-05-05T23:59:56.479925,d3f2a2a5-f425-4786-ac66-99c3ddb5fe75
7fc6aef7-254c-4bdc-b06f-e7d2709e0456,fa6b3223-0c9a-40e9-b075-9220ef58763e,e4a0f782-d61b-4052-849d-5679c682e6e0,,,Training Workshop,Meeting about team standup,2026-10-11T22:41:56.479932,2026-10-11T23:11:56.479932,,scheduled,2025-08-22T22:58:54.479947,70a1a11d-5ed0-4a43-ae45-a3d2f63e8213
2d73d907-6bf7-4f01-bd41-933130d2b0c7,fa6b3223-0c9a-40e9-b075-9220ef58763e,4f5c97d1-2a5a-4459-bb2c-75d59167674a,,,Budget Review,Meeting about training workshop,2026-07-20T23:46:16.479956,2026-07-21T01:46:16.479956,,cancelled,2025-08-07T18:55:56.479971,c5b0aadb-faf1-42c1-9dd1-d8c4c6bf6834
e17937ba-0179-4c88-b47c-bd0d332705c7,fa6b3223-0c9a-40e9-b075-9220ef58763e,c5b0aadb-faf1-42c1-9dd1-d8c4c6bf6834,,67dc4701-36ee-4e4c-9361-faf1414fd6a4,Onboarding Session,Meeting about performance review,2026-08-14T07:51:31.479977,2026-08-14T09:21:31.479977,,scheduled,2026-05-17T07:52:44.479993,c5b0aadb-faf1-42c1-9dd1-d8c4c6bf6834
dbe68e16-34b7-4fad-b2a9-0397cfc809f7,fa6b3223-0c9a-40e9-b075-9220ef58763e,3a7a726c-307e-4e71-8d43-f4ec0d020101,86051dd6-5ede-4b64-a345-c2f3b938c61f,,Team Standup,Meeting about project update,2026-08-06T03:55:52.479999,2026-08-06T04:10:52.479999,Teams,no_show,2026-04-15T12:30:16.480018,70a1a11d-5ed0-4a43-ae45-a3d2f63e8213
cf18b16c-a234-49c9-80aa-b4f926d47c35,fa6b3223-0c9a-40e9-b075-9220ef58763e,793561a3-4c41-4b4b-9ec6-6527903d3e02,,,Product Demo,Meeting about partnership discussion,2026-05-10T22:37:36.480024,2026-05-10T22:52:36.480024,,completed,2026-01-29T19:47:37.480039,c7ad0281-d620-4eef-92e6-7a52117c0a8e
5b8621d4-5165-4ffc-887d-471c0fef643f,fa6b3223-0c9a-40e9-b075-9220ef58763e,056273a6-60a0-4f5f-96b3-0a1f9b494aa8,,,Support Call,Meeting about quarterly review,2026-09-13T23:59:39.480045,2026-09-14T00:29:39.480045,Zoom,no_show,2025-08-26T13:25:40.480060,73a569a6-1e94-43c5-ab7e-31c0c0b2a6fb
9a16df10-d913-4ed2-8726-6bb11de92f71,fa6b3223-0c9a-40e9-b075-9220ef58763e,3a7a726c-307e-4e71-8d43-f4ec0d020101,,09196342-28e2-4eb7-a655-39c13ba7ff0c,Strategy Meeting,Meeting about project update,2026-08-17T09:25:47.480066,2026-08-17T09:40:47.480066,,scheduled,2025-09-04T22:31:29.480081,c7ad0281-d620-4eef-92e6-7a52117c0a8e
4906f3b4-b5aa-43d6-9ba7-cff994efa64b,fa6b3223-0c9a-40e9-b075-9220ef58763e,70a1a11d-5ed0-4a43-ae45-a3d2f63e8213,,,Onboarding Session,Meeting about client check-in,2026-10-04T01:50:39.480087,2026-10-04T03:50:39.480087,Phone,completed,2025-10-02T22:48:30.480102,056273a6-60a0-4f5f-96b3-0a1f9b494aa8
30047abb-833d-42d1-b786-12c26b4dcc48,fa6b3223-0c9a-40e9-b075-9220ef58763e,793561a3-4c41-4b4b-9ec6-6527903d3e02,,415dd9a0-3dce-44d6-af46-81a5daf5dbca,Sales Call,Meeting about training workshop,2026-07-19T05:38:39.480108,2026-07-19T06:08:39.480108,Zoom,cancelled,2025-09-14T17:25:20.480123,70a1a11d-5ed0-4a43-ae45-a3d2f63e8213
634d0db2-9c58-40d0-9b7b-4d1f06c2c126,fa6b3223-0c9a-40e9-b075-9220ef58763e,d3f2a2a5-f425-4786-ac66-99c3ddb5fe75,f01378cf-8d29-4d88-9c2b-79f7630d09f0,,Budget Review,Meeting about training workshop,2026-08-10T19:56:17.480129,2026-08-10T20:26:17.480129,Google Meet,no_show,2025-10-09T11:56:00.480145,70a1a11d-5ed0-4a43-ae45-a3d2f63e8213
e6b2d962-3b36-4897-9ab8-54b6346c50a0,fa6b3223-0c9a-40e9-b075-9220ef58763e,b0e0e9fd-ef8b-47d5-b426-0e52c2535506,,,Board Meeting,Meeting about strategy meeting,2026-06-24T19:58:33.480151,2026-06-24T20:28:33.480151,Teams,cancelled,2026-01-05T23:52:36.480166,e6daabab-f289-47f2-91c8-de431d5400de
58e4a9c0-79a5-43bb-84a3-72b209137bdb,fa6b3223-0c9a-40e9-b075-9220ef58763e,b0e0e9fd-ef8b-47d5-b426-0e52c2535506,b6fc97e7-fc5c-435a-975f-3c66631a1399,a8a3f3c1-9732-4075-86c6-32a57d6bf2ae,Product Demo,Meeting about board meeting,2026-10-07T17:39:10.480176,2026-10-07T19:39:10.480176,Phone,cancelled,2025-08-30T12:50:12.480192,4f5c97d1-2a5a-4459-bb2c-75d59167674a
9a6c93c7-8d96-4fe8-86ca-4483f6eafafd,fa6b3223-0c9a-40e9-b075-9220ef58763e,c7ad0281-d620-4eef-92e6-7a52117c0a8e,bb50fcf3-ff55-418e-a7e5-eb73f892039c,,Contract Negotiation,Meeting about strategy meeting,2026-08-29T01:57:02.480198,2026-08-29T02:57:02.480198,Teams,no_show,2026-08-01T10:40:21.480216,3a7a726c-307e-4e71-8d43-f4ec0d020101
cc6f806b-7019-4c6a-aff1-bfaa5279669d,fa6b3223-0c9a-40e9-b075-9220ef58763e,b0e0e9fd-ef8b-47d5-b426-0e52c2535506,86fb37cd-4a25-4b7e-928e-02df92058698,,Budget Review,Meeting about onboarding session,2026-08-01T14:26:24.480232,2026-08-01T16:26:24.480232,Google Meet,cancelled,2026-07-18T23:51:48.480249,b0e0e9fd-ef8b-47d5-b426-0e52c2535506
045d17d5-42f6-458e-82c1-5c592da0ed3b,fa6b3223-0c9a-40e9-b075-9220ef58763e,c7ad0281-d620-4eef-92e6-7a52117c0a8e,,c4077518-ece6-4468-9e80-38a01cb3511a,Contract Negotiation,Meeting about quarterly review,2026-09-07T06:57:23.480256,2026-09-07T07:57:23.480256,In Person,completed,2026-03-26T11:27:05.480272,02aa60b8-30fa-45cc-90ce-706799bfffeb
8299e0e0-d177-4c70-804c-f0d48e15c294,fa6b3223-0c9a-40e9-b075-9220ef58763e,02aa60b8-30fa-45cc-90ce-706799bfffeb,,d12b7cb1-86cc-4f40-ab68-73101bf8dc9e,Client Check-in,Meeting about partnership discussion,2026-05-09T09:19:04.480278,2026-05-09T11:19:04.480278,Google Meet,no_show,2025-11-08T21:35:59.480294,77216429-0c61-4206-8455-fea64c0b6917
d60fc741-84b4-4ba4-ac8c-ef5dbb13bd6f,fa6b3223-0c9a-40e9-b075-9220ef58763e,e4a0f782-d61b-4052-849d-5679c682e6e0,17b50b29-cae2-438f-a796-265c31dc18ae,4b92812a-16bf-4009-a01b-31329cecd797,Team Standup,Meeting about performance review,2026-07-22T00:55:48.480300,2026-07-22T02:25:48.480300,In Person,completed,2025-12-17T19:27:11.480320,e4a0f782-d61b-4052-849d-5679c682e6e0
fc57d03e-839a-4010-80da-13254121b08b,fa6b3223-0c9a-40e9-b075-9220ef58763e,4f5c97d1-2a5a-4459-bb2c-75d59167674a,,ce28428d-4d69-47be-a57c-560eae4152f7,Team Standup,Meeting about partnership discussion,2026-08-09T01:42:38.480326,2026-08-09T02:27:38.480326,In Person,scheduled,2026-08-02T11:07:22.480362,c7ad0281-d620-4eef-92e6-7a52117c0a8e
6423eee2-0d13-4bbb-8649-8e6e1e352638,fa6b3223-0c9a-40e9-b075-9220ef58763e,02aa60b8-30fa-45cc-90ce-706799bfffeb,951ea442-c9d8-4084-9278-bb473a6df5b8,,Partnership Discussion,Meeting about performance review,2026-11-02T23:46:33.480379,2026-11-03T01:16:33.480379,Zoom,no_show,2026-01-01T15:53:09.480413,793561a3-4c41-4b4b-9ec6-6527903d3e02
51bb4dc6-c40d-4dcb-8fd1-7e54deb19705,fa6b3223-0c9a-40e9-b075-9220ef58763e,c7ad0281-d620-4eef-92e6-7a52117c0a8e,c9a3e930-d713-4019-b62e-46aa4349d2f0,,Project Update,Meeting about onboarding session,2026-07-04T05:53:54.480425,2026-07-04T07:53:54.480425,,no_show,2025-10-10T22:22:01.480455,e4a0f782-d61b-4052-849d-5679c682e6e0
53c5db34-3a11-485b-b6cf-f4dcab60452d,fa6b3223-0c9a-40e9-b075-9220ef58763e,b0e0e9fd-ef8b-47d5-b426-0e52c2535506,e8df003d-5965-45c9-a633-23e3a56ad821,,Performance Review,Meeting about training workshop,2026-08-05T17:27:15.480467,2026-08-05T19:27:15.480467,,cancelled,2025-12-05T16:36:52.480495,70a1a11d-5ed0-4a43-ae45-a3d2f63e8213
8c72fa1b-5de5-424d-8523-b3bc7fca4204,fa6b3223-0c9a-40e9-b075-9220ef58763e,3a7a726c-307e-4e71-8d43-f4ec0d020101,,,Partnership Discussion,Meeting about training workshop,2026-06-08T07:02:56.480511,2026-06-08T07:17:56.480511,Google Meet,completed,2026-04-16T23:05:42.480547,c7ad0281-d620-4eef-92e6-7a52117c0a8e
a2e797ce-c53d-4d53-85f4-a44b29ee8223,fa6b3223-0c9a-40e9-b075-9220ef58763e,b0e0e9fd-ef8b-47d5-b426-0e52c2535506,70a9a96e-dd02-4d79-9186-2a1d5e2b215d,e3e31752-0e06-4ab7-9479-49114036d40d,Project Update,Meeting about quarterly review,2026-09-05T10:36:21.480561,2026-09-05T12:06:21.480561,Phone,cancelled,2026-02-07T03:52:32.480581,73a569a6-1e94-43c5-ab7e-31c0c0b2a6fb
0f815490-38c8-49ed-b465-2f0e76cc5632,fa6b3223-0c9a-40e9-b075-9220ef58763e,40fd4c0b-aaa5-4aad-9d10-5269ef1b800f,81ac3800-02ed-41b8-9b55-69451df20d51,,Sales Call,Meeting about partnership discussion,2026-08-17T22:53:24.480587,2026-08-17T23:23:24.480587,In Person,no_show,2026-07-20T12:07:03.480604,056273a6-60a0-4f5f-96b3-0a1f9b494aa8
b9dec0d7-37ab-4d22-8a83-b5dfdaa1e875,fa6b3223-0c9a-40e9-b075-9220ef58763e,793561a3-4c41-4b4b-9ec6-6527903d3e02,b63d157d-ce32-4be4-86de-5716985b5229,4b92812a-16bf-4009-a01b-31329cecd797,Partnership Discussion,Meeting about project update,2026-05-13T00:10:23.480610,2026-05-13T00:55:23.480610,Teams,no_show,2026-05-22T20:50:16.480627,77216429-0c61-4206-8455-fea64c0b6917
aa4f61e9-5da5-414e-a1d7-f04b3101a78e,fa6b3223-0c9a-40e9-b075-9220ef58763e,b0e0e9fd-ef8b-47d5-b426-0e52c2535506,,1ba3d0ff-b706-4a85-9cf8-cb2348d03468,Board Meeting,Meeting about training workshop,2026-10-09T21:33:07.480633,2026-10-09T22:03:07.480633,Phone,no_show,2026-04-24T06:45:39.480654,02aa60b8-30fa-45cc-90ce-706799bfffeb
4dae305d-7700-4990-9631-d203ec6af028,fa6b3223-0c9a-40e9-b075-9220ef58763e,40fd4c0b-aaa5-4aad-9d10-5269ef1b800f,9d998c0b-994d-4503-837b-33ef2052e73d,,Contract Negotiation,Meeting about quarterly review,2026-06-16T21:56:11.480661,2026-06-16T23:56:11.480661,Google Meet,no_show,2026-06-24T00:36:57.480677,70a1a11d-5ed0-4a43-ae45-a3d2f63e8213
64283a11-7eed-4529-bb67-a56eaa0bb047,fa6b3223-0c9a-40e9-b075-9220ef58763e,c7ad0281-d620-4eef-92e6-7a52117c0a8e,443a899d-01e0-4d6b-92b3-04c45613f001,,Partnership Discussion,Meeting about contract negotiation,2026-05-10T17:56:13.480683,2026-05-10T18:26:13.480683,,completed,2026-07-05T04:07:29.480702,3a7a726c-307e-4e71-8d43-f4ec0d020101
764fea06-7fb0-4a38-93d5-5e7d33cc3d68,7179207a-0cc9-48e0-87e1-8cd7d2f9f721,0002ada9-8f33-49a6-b9b4-7aa4a8a79084,,207b4f28-6434-4172-8c63-1920a7203f7f,Board Meeting,Meeting about quarterly review,2026-10-10T14:20:59.484283,2026-10-10T15:05:59.484283,Zoom,no_show,2026-02-12T03:16:42.484362,34cd9ae9-7de1-4193-9109-53462c16ece9
6f70c346-a852-43d0-ace1-dc62f18f0f99,7179207a-0cc9-48e0-87e1-8cd7d2f9f721,ded2cebc-b69e-4191-9d44-4929e9d428d1,6e3c1cfd-f793-4708-bf53-763d00375900,,Board Meeting,Meeting about client check-in,2026-06-16T03:41:07.484373,2026-06-16T03:56:07.484373,Phone,completed,2026-06-01T19:02:23.484391,0002ada9-8f33-49a6-b9b4-7aa4a8a79084
c5192cd3-49ed-47b4-9ae1-443fa0940d7c,7179207a-0cc9-48e0-87e1-8cd7d2f9f721,0002ada9-8f33-49a6-b9b4-7aa4a8a79084,746967b9-e159-41af-b470-9e5a4ad4b421,8e5d80cb-e19a-43ed-89ef-d012be448324,Training Workshop,Meeting about performance review,2026-08-01T12:10:34.484398,2026-08-01T12:55:34.484398,Zoom,no_show,2025-11-26T21:17:29.484417,1773f9d2-3516-4ff5-9acc-3b6a7b2ce872
ca7796b4-4c21-444c-9c01-f9fc4e94e7fa,7179207a-0cc9-48e0-87e1-8cd7d2f9f721,de2d46fb-a956-4b96-bc60-115ccf0715a6,,,Product Demo,Meeting about training workshop,2026-06-26T02:59:50.484431,2026-06-26T04:59:50.484431,Phone,cancelled,2026-06-15T18:54:59.484448,34cd9ae9-7de1-4193-9109-53462c16ece9
525f862b-8ed5-407a-b9e8-efe42d0816cc,7179207a-0cc9-48e0-87e1-8cd7d2f9f721,8c00e028-41da-4e2c-91bf-e06c6f74595b,,ccafa66f-8052-4f43-9fae-d10a36f5c0f4,Project Update,Meeting about budget review,2026-09-12T00:40:26.484454,2026-09-12T01:40:26.484454,Teams,cancelled,2025-08-06T23:10:12.484471,a120de43-c4d0-46d0-8c1a-3b6044216650
758504b9-23d6-490d-8d16-1f17bd29efc1,7179207a-0cc9-48e0-87e1-8cd7d2f9f721,de2d46fb-a956-4b96-bc60-115ccf0715a6,,,Sales Call,Meeting about strategy meeting,2026-06-21T15:43:11.484477,2026-06-21T16:43:11.484477,Google Meet,no_show,2025-11-05T18:38:06.484492,1773f9d2-3516-4ff5-9acc-3b6a7b2ce872
8cecc86f-a692-4f74-81dd-f8255be4980b,7179207a-0cc9-48e0-87e1-8cd7d2f9f721,0002ada9-8f33-49a6-b9b4-7aa4a8a79084,,ca3f096d-4140-471a-9e29-66479a0c5bda,Strategy Meeting,Meeting about training workshop,2026-05-27T07:42:26.484498,2026-05-27T08:12:26.484498,Zoom,scheduled,2026-02-28T17:50:35.484514,ece82b98-28d8-4c7e-94ba-1bb820731ba5
b5f453a7-c892-4287-a6ab-9d939acb1983,7179207a-0cc9-48e0-87e1-8cd7d2f9f721,ece82b98-28d8-4c7e-94ba-1bb820731ba5,,,Onboarding Session,Meeting about quarterly review,2026-05-25T19:29:32.484520,2026-05-25T21:29:32.484520,Google Meet,completed,2026-06-14T12:22:42.484535,0002ada9-8f33-49a6-b9b4-7aa4a8a79084
78fec01e-2eff-4876-81a4-f6b7b2063c74,7179207a-0cc9-48e0-87e1-8cd7d2f9f721,b76f0d06-487f-4c14-97a4-859d3404b661,189c990d-1c16-4170-8919-f985632d0bdd,26125a76-eeee-4fa3-9302-7c693f26e86a,Product Demo,Meeting about budget review,2026-07-05T17:42:10.484541,2026-07-05T18:12:10.484541,Google Meet,no_show,2026-07-29T19:24:24.484558,a120de43-c4d0-46d0-8c1a-3b6044216650
73b232b9-9d9e-48b5-822d-6123b17d6604,7179207a-0cc9-48e0-87e1-8cd7d2f9f721,1773f9d2-3516-4ff5-9acc-3b6a7b2ce872,,,Client Check-in,Meeting about support call,2026-09-12T07:58:36.484565,2026-09-12T08:28:36.484565,,scheduled,2026-05-31T18:03:50.484579,e16f7e8e-9f87-481c-a95f-799224a1dd30
1d8922e5-f888-402e-bb99-7d6b19a5c472,7179207a-0cc9-48e0-87e1-8cd7d2f9f721,8c00e028-41da-4e2c-91bf-e06c6f74595b,,,Product Demo,Meeting about training workshop,2026-10-30T21:38:04.484585,2026-10-30T22:08:04.484585,Phone,no_show,2026-01-10T23:53:49.484600,46cb662a-e863-4194-99df-ab55ff22701c
f9342055-2cd2-48c7-a411-e5403972d026,7179207a-0cc9-48e0-87e1-8cd7d2f9f721,46cb662a-e863-4194-99df-ab55ff22701c,,,Product Demo,Meeting about contract negotiation,2026-06-20T20:18:52.484607,2026-06-20T22:18:52.484607,Google Meet,completed,2026-01-15T03:41:05.484621,8c00e028-41da-4e2c-91bf-e06c6f74595b
d51750a1-bcc8-47fe-93e8-4cb59cc0090a,7179207a-0cc9-48e0-87e1-8cd7d2f9f721,0002ada9-8f33-49a6-b9b4-7aa4a8a79084,46346b52-0d9f-4939-adcd-7d087ab4a736,,Team Standup,Meeting about product demo,2026-10-02T22:48:29.484627,2026-10-02T23:18:29.484627,Teams,scheduled,2025-08-24T22:21:35.484657,7d137f66-8604-40bf-ba81-6af4667de5ac
694ee1f0-f977-451b-a485-44c0614e7a9e,7179207a-0cc9-48e0-87e1-8cd7d2f9f721,de2d46fb-a956-4b96-bc60-115ccf0715a6,,71aa2908-6141-4ac4-81ac-77169d23eb13,Support Call,Meeting about quarterly review,2026-08-23T05:30:30.484667,2026-08-23T05:45:30.484667,Zoom,no_show,2026-06-15T05:55:12.484684,46cb662a-e863-4194-99df-ab55ff22701c
5fbeb822-8987-4483-9c7c-8628b88787d1,7179207a-0cc9-48e0-87e1-8cd7d2f9f721,ded2cebc-b69e-4191-9d44-4929e9d428d1,2008a60a-3896-43b2-a56b-3e63b0afb21c,994b9a8c-1f69-4e20-b542-6be41bba7f85,Strategy Meeting,Meeting about budget review,2026-10-27T08:18:13.484690,2026-10-27T09:18:13.484690,Phone,scheduled,2026-04-20T18:15:14.484706,1773f9d2-3516-4ff5-9acc-3b6a7b2ce872
52f3d9c6-ce92-4c6a-8908-41cf86ae417b,7179207a-0cc9-48e0-87e1-8cd7d2f9f721,a120de43-c4d0-46d0-8c1a-3b6044216650,,,Support Call,Meeting about strategy meeting,2026-10-03T23:15:57.484712,2026-10-04T00:45:57.484712,Teams,scheduled,2025-09-02T01:33:11.484727,7d137f66-8604-40bf-ba81-6af4667de5ac
0674c035-a614-4fab-bb1a-394e0b4f01d3,7179207a-0cc9-48e0-87e1-8cd7d2f9f721,b76f0d06-487f-4c14-97a4-859d3404b661,a9795152-64f2-4ebd-8f74-e042955c3f1e,,Product Demo,Meeting about onboarding session,2026-08-20T07:15:50.484733,2026-08-20T08:15:50.484733,Teams,completed,2026-07-30T21:56:03.484750,ece82b98-28d8-4c7e-94ba-1bb820731ba5
5b8507f6-a04a-416b-a230-a08859897114,7179207a-0cc9-48e0-87e1-8cd7d2f9f721,8c00e028-41da-4e2c-91bf-e06c6f74595b,2398b2d5-972f-4e7b-ae89-608d1cf973ec,,Performance Review,Meeting about client check-in,2026-07-19T18:33:40.484757,2026-07-19T19:33:40.484757,Teams,no_show,2025-11-09T11:33:40.484818,ece82b98-28d8-4c7e-94ba-1bb820731ba5
6237bf2d-4ab8-47f3-bf5a-61a6e51a69ff,7179207a-0cc9-48e0-87e1-8cd7d2f9f721,bebdbef1-3be2-4351-a13f-43e46af2a5a2,bf75aace-c12f-4e59-8b6d-537d72e582f2,de3aeb53-6ca3-4473-969d-52af207ad7b6,Project Update,Meeting about quarterly review,2026-09-03T08:38:42.484831,2026-09-03T10:08:42.484831,,no_show,2026-01-09T17:28:15.484870,e16f7e8e-9f87-481c-a95f-799224a1dd30
6860c091-004b-436e-853a-dbb399b68002,7179207a-0cc9-48e0-87e1-8cd7d2f9f721,8c00e028-41da-4e2c-91bf-e06c6f74595b,b384cdc4-e60c-4730-b714-a430347551cb,207b4f28-6434-4172-8c63-1920a7203f7f,Support Call,Meeting about onboarding session,2026-08-13T19:34:48.484877,2026-08-13T20:34:48.484877,Phone,completed,2026-04-13T06:19:21.484896,34cd9ae9-7de1-4193-9109-53462c16ece9
686964bf-0dad-45ce-b6a0-f05e0185da06,7179207a-0cc9-48e0-87e1-8cd7d2f9f721,0002ada9-8f33-49a6-b9b4-7aa4a8a79084,,689b21ed-7012-4f32-a59c-0fea6174fa0d,Product Demo,Meeting about training workshop,2026-10-11T15:02:06.484903,2026-10-11T17:02:06.484903,Teams,no_show,2026-05-30T17:48:08.484925,de2d46fb-a956-4b96-bc60-115ccf0715a6
9f4764da-7bd8-40cf-b672-76fe5348038b,7179207a-0cc9-48e0-87e1-8cd7d2f9f721,1773f9d2-3516-4ff5-9acc-3b6a7b2ce872,d5a3a5a8-81d3-41a6-8520-6b88d6a221aa,,Performance Review,Meeting about contract negotiation,2026-05-24T18:57:16.484931,2026-05-24T19:27:16.484931,Phone,scheduled,2025-11-17T17:59:50.484948,8c00e028-41da-4e2c-91bf-e06c6f74595b
ea2a5c02-658f-43fd-ae0b-1c0a0ffa5bad,7179207a-0cc9-48e0-87e1-8cd7d2f9f721,7d137f66-8604-40bf-ba81-6af4667de5ac,,,Support Call,Meeting about project update,2026-07-18T12:40:44.484955,2026-07-18T12:55:44.484955,Phone,cancelled,2026-04-12T16:48:02.485026,e16f7e8e-9f87-481c-a95f-799224a1dd30
9813d6b3-9a3c-4d90-bd6f-28aed210b67f,7179207a-0cc9-48e0-87e1-8cd7d2f9f721,46cb662a-e863-4194-99df-ab55ff22701c,,,Support Call,Meeting about support call,2026-05-26T08:54:58.485038,2026-05-26T10:24:58.485038,Google Meet,no_show,2026-02-28T21:31:20.485055,de2d46fb-a956-4b96-bc60-115ccf0715a6
1be05b1a-64bc-4c49-b6d0-0f05be635336,7179207a-0cc9-48e0-87e1-8cd7d2f9f721,34cd9ae9-7de1-4193-9109-53462c16ece9,,,Budget Review,Meeting about budget review,2026-07-30T00:43:17.485061,2026-07-30T01:13:17.485061,Zoom,cancelled,2025-09-08T20:11:21.485077,ded2cebc-b69e-4191-9d44-4929e9d428d1
6aff1050-3ba4-48b4-b5df-07161a9dfb4c,7179207a-0cc9-48e0-87e1-8cd7d2f9f721,de2d46fb-a956-4b96-bc60-115ccf0715a6,625c95ca-f65c-4b9d-a239-2065720ed09b,,Project Update,Meeting about product demo,2026-08-06T09:23:25.485083,2026-08-06T09:53:25.485083,Zoom,completed,2025-11-16T06:01:36.485099,bebdbef1-3be2-4351-a13f-43e46af2a5a2
f89d19d2-0ce2-46e9-b6fd-6bd70f897907,7179207a-0cc9-48e0-87e1-8cd7d2f9f721,46cb662a-e863-4194-99df-ab55ff22701c,,,Project Update,Meeting about product demo,2026-07-05T18:39:55.485106,2026-07-05T19:24:55.485106,Teams,completed,2025-12-09T16:07:01.485131,bebdbef1-3be2-4351-a13f-43e46af2a5a2
a54653ea-f0b7-44ec-b3f7-d754b5a68c80,7179207a-0cc9-48e0-87e1-8cd7d2f9f721,ded2cebc-b69e-4191-9d44-4929e9d428d1,,,Product Demo,Meeting about team standup,2026-09-04T00:04:26.485138,2026-09-04T01:04:26.485138,Google Meet,scheduled,2026-06-16T03:27:48.485157,34cd9ae9-7de1-4193-9109-53462c16ece9
60097cac-9d7c-40e0-a53d-5e351c211637,7179207a-0cc9-48e0-87e1-8cd7d2f9f721,bebdbef1-3be2-4351-a13f-43e46af2a5a2,,,Project Update,Meeting about onboarding session,2026-05-16T18:56:01.485163,2026-05-16T19:56:01.485163,Phone,no_show,2026-01-02T16:25:20.485179,7d137f66-8604-40bf-ba81-6af4667de5ac
13e50781-311a-4c6b-8eac-e07146223eca,7179207a-0cc9-48e0-87e1-8cd7d2f9f721,e16f7e8e-9f87-481c-a95f-799224a1dd30,,6a1663c1-4254-4e0d-8009-a374d3d89d08,Sales Call,Meeting about contract negotiation,2026-09-24T14:57:25.485185,2026-09-24T16:57:25.485185,Google Meet,scheduled,2025-11-07T12:05:29.485201,8c00e028-41da-4e2c-91bf-e06c6f74595b
a402d144-4e74-4651-a8fc-0923d28b2184,7179207a-0cc9-48e0-87e1-8cd7d2f9f721,1773f9d2-3516-4ff5-9acc-3b6a7b2ce872,,,Strategy Meeting,Meeting about onboarding session,2026-05-22T11:17:14.485207,2026-05-22T13:17:14.485207,Zoom,completed,2025-10-08T06:09:31.485223,b76f0d06-487f-4c14-97a4-859d3404b661
2cf0df05-1302-4e75-8fea-bd0800596c11,7179207a-0cc9-48e0-87e1-8cd7d2f9f721,ece82b98-28d8-4c7e-94ba-1bb820731ba5,1f7dbded-b503-4dfd-85e7-20bafb62365b,,Board Meeting,Meeting about training workshop,2026-05-23T09:42:25.485229,2026-05-23T11:42:25.485229,In Person,scheduled,2025-11-23T19:30:05.485246,ded2cebc-b69e-4191-9d44-4929e9d428d1
963a9223-8d2d-4c2a-8b38-20fb5e9507b9,7179207a-0cc9-48e0-87e1-8cd7d2f9f721,ded2cebc-b69e-4191-9d44-4929e9d428d1,,,Client Check-in,Meeting about team standup,2026-11-02T04:04:35.485252,2026-11-02T06:04:35.485252,Google Meet,no_show,2025-12-13T23:53:06.485267,e52849ba-01bf-4e30-a6ad-e02749ff23a9
428eaf4f-adc8-4562-9123-bcd816dfb78b,7179207a-0cc9-48e0-87e1-8cd7d2f9f721,b76f0d06-487f-4c14-97a4-859d3404b661,e4be3fc6-8fe2-40ff-a772-faa3c0af6005,eca5deda-4337-4ff4-81a8-f7fa11eb427a,Training Workshop,Meeting about sales call,2026-10-19T15:43:48.485276,2026-10-19T15:58:48.485276,Teams,scheduled,2026-01-08T05:51:46.485293,34cd9ae9-7de1-4193-9109-53462c16ece9
77d2bbc8-ed80-4ad6-8225-faeea7ac9e9c,7179207a-0cc9-48e0-87e1-8cd7d2f9f721,7d137f66-8604-40bf-ba81-6af4667de5ac,e770e3b6-e3c2-4c0f-b281-96a27a9597c2,,Team Standup,Meeting about board meeting,2026-07-02T16:14:48.485300,2026-07-02T17:14:48.485300,Google Meet,no_show,2025-08-22T03:46:47.485316,ded2cebc-b69e-4191-9d44-4929e9d428d1
f3274d70-b611-40f7-b8cc-ed4ef7116d63,7179207a-0cc9-48e0-87e1-8cd7d2f9f721,de2d46fb-a956-4b96-bc60-115ccf0715a6,4311069a-76e3-433d-ac85-eb8c2bb9e586,c0804469-bb75-425a-a8b6-1d96097da6aa,Board Meeting,Meeting about training workshop,2026-10-17T16:09:15.485322,2026-10-17T18:09:15.485322,In Person,scheduled,2025-10-20T00:54:33.485339,a120de43-c4d0-46d0-8c1a-3b6044216650
397cc89a-215f-4e31-81b1-7a14420303cd,7179207a-0cc9-48e0-87e1-8cd7d2f9f721,ded2cebc-b69e-4191-9d44-4929e9d428d1,,,Strategy Meeting,Meeting about sales call,2026-07-31T15:28:14.485345,2026-07-31T15:43:14.485345,Teams,scheduled,2025-12-28T15:15:25.485360,34cd9ae9-7de1-4193-9109-53462c16ece9
565d9901-a58e-4e00-a14f-b0d8d861f66e,7179207a-0cc9-48e0-87e1-8cd7d2f9f721,bebdbef1-3be2-4351-a13f-43e46af2a5a2,,b84caa85-7f2d-49f2-8622-dc5c3a312566,Board Meeting,Meeting about project update,2026-10-16T14:08:39.485366,2026-10-16T16:08:39.485366,Zoom,cancelled,2026-03-03T02:27:06.485382,02fc8d0f-48ca-4ab5-95da-9f2f51d44e5b
48843142-5ead-44ad-8d62-1cf9d8701dbb,7179207a-0cc9-48e0-87e1-8cd7d2f9f721,1773f9d2-3516-4ff5-9acc-3b6a7b2ce872,54381d37-5317-47f2-8730-520433578234,8f91a49c-ebf2-4056-b5b8-7755aac5f9f1,Project Update,Meeting about training workshop,2026-06-27T20:37:20.485388,2026-06-27T22:37:20.485388,Phone,completed,2026-01-23T08:01:18.485405,0002ada9-8f33-49a6-b9b4-7aa4a8a79084
740ae387-eb41-4afc-a828-8194b6c5408e,7179207a-0cc9-48e0-87e1-8cd7d2f9f721,e52849ba-01bf-4e30-a6ad-e02749ff23a9,46ecca17-4c43-4721-ac01-24472c1a674c,,Contract Negotiation,Meeting about support call,2026-08-25T17:06:50.485411,2026-08-25T19:06:50.485411,Zoom,scheduled,2026-05-09T16:06:50.485434,a120de43-c4d0-46d0-8c1a-3b6044216650
3cd64404-ce3c-4517-8796-8f52867d2679,7179207a-0cc9-48e0-87e1-8cd7d2f9f721,de2d46fb-a956-4b96-bc60-115ccf0715a6,,,Support Call,Meeting about project update,2026-07-11T16:34:09.485445,2026-07-11T17:34:09.485445,Phone,no_show,2025-12-04T16:36:23.485461,a120de43-c4d0-46d0-8c1a-3b6044216650
067b7c33-db30-44d1-961d-a4d0b89370f6,7179207a-0cc9-48e0-87e1-8cd7d2f9f721,7d137f66-8604-40bf-ba81-6af4667de5ac,,,Strategy Meeting,Meeting about product demo,2026-07-31T00:13:52.485467,2026-07-31T02:13:52.485467,Google Meet,no_show,2026-05-01T22:40:53.485484,ded2cebc-b69e-4191-9d44-4929e9d428d1
bf44e0e2-9e07-482c-b626-8831159cdbb5,7179207a-0cc9-48e0-87e1-8cd7d2f9f721,0002ada9-8f33-49a6-b9b4-7aa4a8a79084,,,Product Demo,Meeting about quarterly review,2026-08-26T15:09:44.485491,2026-08-26T15:54:44.485491,Phone,scheduled,2026-05-26T02:01:01.485506,34cd9ae9-7de1-4193-9109-53462c16ece9
cc2c398c-2efb-4b24-8dda-0ca2aa1da5fd,7179207a-0cc9-48e0-87e1-8cd7d2f9f721,46cb662a-e863-4194-99df-ab55ff22701c,c7660ac5-aab9-4bd0-b968-91f8decf94eb,128f3172-9601-42ca-9770-b1b06e4e0e4b,Contract Negotiation,Meeting about onboarding session,2026-09-13T08:19:35.485515,2026-09-13T08:49:35.485515,In Person,cancelled,2025-09-04T12:33:27.485533,e52849ba-01bf-4e30-a6ad-e02749ff23a9
87724532-c35f-4e57-8577-0744b3e16fe0,7179207a-0cc9-48e0-87e1-8cd7d2f9f721,34cd9ae9-7de1-4193-9109-53462c16ece9,db58eedf-3cc7-4845-b44f-5ffb3d962aa6,,Product Demo,Meeting about budget review,2026-09-05T02:03:19.485539,2026-09-05T02:18:19.485539,Zoom,no_show,2025-12-06T01:42:56.485555,7d137f66-8604-40bf-ba81-6af4667de5ac
c1349be6-2d46-444e-ade8-4d795611c9cc,7179207a-0cc9-48e0-87e1-8cd7d2f9f721,ded2cebc-b69e-4191-9d44-4929e9d428d1,ada117c5-651f-4ad6-a4c1-30b7d920a54b,e46865f7-9e83-4766-83e4-5ac21945a4c8,Client Check-in,Meeting about training workshop,2026-06-25T15:59:01.485561,2026-06-25T16:29:01.485561,Teams,completed,2025-10-04T13:02:58.485578,b76f0d06-487f-4c14-97a4-859d3404b661
4db257a9-1140-4972-853e-2dd549269ab7,7179207a-0cc9-48e0-87e1-8cd7d2f9f721,0002ada9-8f33-49a6-b9b4-7aa4a8a79084,,,Board Meeting,Meeting about team standup,2026-08-16T08:12:59.485584,2026-08-16T08:42:59.485584,Zoom,cancelled,2025-10-06T11:35:26.485600,ded2cebc-b69e-4191-9d44-4929e9d428d1
b6260bf7-1c93-46b7-8bdb-15df3e72c294,7179207a-0cc9-48e0-87e1-8cd7d2f9f721,ded2cebc-b69e-4191-9d44-4929e9d428d1,,,Strategy Meeting,Meeting about client check-in,2026-07-15T03:51:23.485606,2026-07-15T05:51:23.485606,In Person,cancelled,2026-05-29T10:47:55.485620,7d137f66-8604-40bf-ba81-6af4667de5ac
9090c10d-555a-4336-a4f6-c44732691a7e,7179207a-0cc9-48e0-87e1-8cd7d2f9f721,a120de43-c4d0-46d0-8c1a-3b6044216650,4003cf61-8a4b-4635-bcb3-10c7d8c6db10,,Product Demo,Meeting about partnership discussion,2026-08-28T15:34:21.485626,2026-08-28T17:34:21.485626,,no_show,2026-05-14T01:17:31.485648,02fc8d0f-48ca-4ab5-95da-9f2f51d44e5b
9c73f9c1-0447-4111-9dfc-2287ca527ee1,7179207a-0cc9-48e0-87e1-8cd7d2f9f721,e16f7e8e-9f87-481c-a95f-799224a1dd30,40d31ed9-0a77-4292-b0df-ba8f2f6416b9,,Project Update,Meeting about sales call,2026-10-02T10:46:46.485655,2026-10-02T12:46:46.485655,Teams,no_show,2026-06-10T19:01:29.485671,02fc8d0f-48ca-4ab5-95da-9f2f51d44e5b
93d90b40-59bd-4ec1-93e6-c1696cee2085,7179207a-0cc9-48e0-87e1-8cd7d2f9f721,a120de43-c4d0-46d0-8c1a-3b6044216650,eef3b6db-cb3c-49bd-be43-5c7a02d01638,,Team Standup,Meeting about quarterly review,2026-05-23T18:08:43.485678,2026-05-23T18:53:43.485678,,completed,2025-11-27T10:33:57.485693,1773f9d2-3516-4ff5-9acc-3b6a7b2ce872
739ce29c-dfb6-48aa-93c4-155231cc5cb5,7179207a-0cc9-48e0-87e1-8cd7d2f9f721,de2d46fb-a956-4b96-bc60-115ccf0715a6,af6867cd-df35-430c-bb23-3c958892ef15,,Strategy Meeting,Meeting about performance review,2026-09-10T10:34:35.485699,2026-09-10T12:04:35.485699,,completed,2026-05-28T08:25:10.485714,46cb662a-e863-4194-99df-ab55ff22701c
547a43a9-b35d-44b7-b2aa-2bef77f9f757,7179207a-0cc9-48e0-87e1-8cd7d2f9f721,ece82b98-28d8-4c7e-94ba-1bb820731ba5,,c2c80d66-fdf7-41d2-95de-0900513b623c,Client Check-in,Meeting about strategy meeting,2026-09-15T15:34:29.485721,2026-09-15T15:49:29.485721,,completed,2026-03-11T08:13:30.485736,bebdbef1-3be2-4351-a13f-43e46af2a5a2
ae781b36-96b6-4ec1-b5fa-eb193a5535f9,7179207a-0cc9-48e0-87e1-8cd7d2f9f721,02fc8d0f-48ca-4ab5-95da-9f2f51d44e5b,9dc99d7b-7e08-4bbb-a3c1-8102c0d26c6f,,Quarterly Review,Meeting about project update,2026-08-09T00:06:06.485746,2026-08-09T02:06:06.485746,Google Meet,completed,2025-09-18T06:17:19.485766,e52849ba-01bf-4e30-a6ad-e02749ff23a9
d0c0671e-0f67-4bd6-871f-1194ba96770d,7179207a-0cc9-48e0-87e1-8cd7d2f9f721,ded2cebc-b69e-4191-9d44-4929e9d428d1,,,Quarterly Review,Meeting about board meeting,2026-06-27T02:09:08.485772,2026-06-27T03:09:08.485772,Zoom,no_show,2025-12-13T21:18:05.485787,a120de43-c4d0-46d0-8c1a-3b6044216650
19be1f2f-8c29-4e90-92c5-921ee65f3d3c,7179207a-0cc9-48e0-87e1-8cd7d2f9f721,b76f0d06-487f-4c14-97a4-859d3404b661,dc2fa592-db41-481a-9b11-cb4a12151a37,,Strategy Meeting,Meeting about team standup,2026-09-26T01:52:56.485794,2026-09-26T02:37:56.485794,Teams,scheduled,2026-07-21T18:35:55.485810,e52849ba-01bf-4e30-a6ad-e02749ff23a9
3ef63863-250e-4013-a136-490412d218cb,7179207a-0cc9-48e0-87e1-8cd7d2f9f721,34cd9ae9-7de1-4193-9109-53462c16ece9,afde77be-b868-47e6-929e-2005ca2b65d8,,Budget Review,Meeting about contract negotiation,2026-07-03T08:07:43.485816,2026-07-03T09:37:43.485816,Google Meet,completed,2025-11-09T07:20:51.485836,e52849ba-01bf-4e30-a6ad-e02749ff23a9
e5974ada-625d-4200-b2dc-2c1f9ea7f98b,7179207a-0cc9-48e0-87e1-8cd7d2f9f721,34cd9ae9-7de1-4193-9109-53462c16ece9,,,Budget Review,Meeting about budget review,2026-09-09T21:04:08.485842,2026-09-09T22:34:08.485842,Zoom,completed,2025-09-05T14:05:15.485857,e52849ba-01bf-4e30-a6ad-e02749ff23a9
4453fc89-7873-45c5-b90b-7823f6459f08,7179207a-0cc9-48e0-87e1-8cd7d2f9f721,02fc8d0f-48ca-4ab5-95da-9f2f51d44e5b,,,Sales Call,Meeting about product demo,2026-10-05T22:22:03.485863,2026-10-06T00:22:03.485863,Zoom,cancelled,2026-05-09T00:45:03.485878,ded2cebc-b69e-4191-9d44-4929e9d428d1
faa7c0ed-3d8d-457a-b3a3-b28ec158b9d8,7179207a-0cc9-48e0-87e1-8cd7d2f9f721,46cb662a-e863-4194-99df-ab55ff22701c,,7fe09416-3454-4054-9528-cbca1d4a9e3d,Team Standup,Meeting about training workshop,2026-08-17T12:38:50.485884,2026-08-17T12:53:50.485884,,no_show,2025-11-05T10:10:18.485900,ded2cebc-b69e-4191-9d44-4929e9d428d1
e94c250e-b30b-4d03-b929-3f7a348d8397,7179207a-0cc9-48e0-87e1-8cd7d2f9f721,34cd9ae9-7de1-4193-9109-53462c16ece9,,,Onboarding Session,Meeting about support call,2026-11-01T07:14:26.485906,2026-11-01T07:59:26.485906,,scheduled,2026-06-28T13:09:35.485921,8c00e028-41da-4e2c-91bf-e06c6f74595b
4a10e848-ecd7-40cc-be9c-7f7166bf9992,7179207a-0cc9-48e0-87e1-8cd7d2f9f721,0002ada9-8f33-49a6-b9b4-7aa4a8a79084,,,Product Demo,Meeting about contract negotiation,2026-10-21T08:17:08.485927,2026-10-21T09:47:08.485927,,completed,2026-03-20T19:24:22.485941,e52849ba-01bf-4e30-a6ad-e02749ff23a9
d920119b-66c6-48c0-a60a-d2e105fc1035,7179207a-0cc9-48e0-87e1-8cd7d2f9f721,a120de43-c4d0-46d0-8c1a-3b6044216650,,,Contract Negotiation,Meeting about strategy meeting,2026-07-14T10:29:44.485948,2026-07-14T12:29:44.485948,Teams,cancelled,2025-11-17T05:19:33.485963,02fc8d0f-48ca-4ab5-95da-9f2f51d44e5b
a9fde009-f4f7-4f7b-aae6-904d8b17b147,7179207a-0cc9-48e0-87e1-8cd7d2f9f721,7d137f66-8604-40bf-ba81-6af4667de5ac,695dc821-d3a0-4903-9a02-e209c9ebfce9,dc6d720e-eeca-47a6-bbf1-7c207cc2654f,Strategy Meeting,Meeting about project update,2026-07-09T15:50:57.485972,2026-07-09T16:50:57.485972,Phone,scheduled,2026-04-25T17:07:12.485989,8c00e028-41da-4e2c-91bf-e06c6f74595b
a3db12c4-2f66-4c3d-aede-ef6ab9cbb0f7,7179207a-0cc9-48e0-87e1-8cd7d2f9f721,b76f0d06-487f-4c14-97a4-859d3404b661,,,Partnership Discussion,Meeting about board meeting,2026-08-18T13:20:39.485995,2026-08-18T13:50:39.485995,Google Meet,scheduled,2025-09-24T15:30:52.486010,ded2cebc-b69e-4191-9d44-4929e9d428d1
96b6f93b-4d06-490f-9c6f-4dc05154ffab,7179207a-0cc9-48e0-87e1-8cd7d2f9f721,e16f7e8e-9f87-481c-a95f-799224a1dd30,8934c117-dede-4ea7-8536-3ded897b5824,,Client Check-in,Meeting about board meeting,2026-10-22T05:41:32.486016,2026-10-22T07:41:32.486016,,cancelled,2026-06-19T13:07:39.486032,46cb662a-e863-4194-99df-ab55ff22701c
b941e3ec-d6ab-4248-b07a-294197a31d48,7179207a-0cc9-48e0-87e1-8cd7d2f9f721,e52849ba-01bf-4e30-a6ad-e02749ff23a9,,,Project Update,Meeting about strategy meeting,2026-05-28T04:50:33.486038,2026-05-28T05:50:33.486038,Teams,no_show,2026-05-26T11:26:05.486056,46cb662a-e863-4194-99df-ab55ff22701c
23c79c3a-a69b-4d39-9f0d-f599e9cd4f4d,7179207a-0cc9-48e0-87e1-8cd7d2f9f721,de2d46fb-a956-4b96-bc60-115ccf0715a6,,d4cde6e8-f554-4083-a5de-8d50f35b0a01,Project Update,Meeting about strategy meeting,2026-05-28T21:18:24.486063,2026-05-28T22:03:24.486063,Google Meet,scheduled,2025-08-25T20:47:54.486079,de2d46fb-a956-4b96-bc60-115ccf0715a6
b78fd46b-a71e-4c10-b9c9-97911edebe3e,7179207a-0cc9-48e0-87e1-8cd7d2f9f721,34cd9ae9-7de1-4193-9109-53462c16ece9,f421dd14-f259-4aca-96f3-73b7b7c9cd9f,f980c49e-5e73-4af3-a570-1ccd64e68231,Support Call,Meeting about strategy meeting,2026-10-14T06:34:24.486085,2026-10-14T07:04:24.486085,Google Meet,no_show,2026-07-13T14:23:33.486102,e16f7e8e-9f87-481c-a95f-799224a1dd30
436c1c64-df84-4b7f-806d-c6cfa1e10edb,7179207a-0cc9-48e0-87e1-8cd7d2f9f721,e52849ba-01bf-4e30-a6ad-e02749ff23a9,,,Product Demo,Meeting about training workshop,2026-06-16T03:27:33.486108,2026-06-16T04:12:33.486108,In Person,completed,2025-09-09T04:59:28.486123,b76f0d06-487f-4c14-97a4-859d3404b661
904305b2-7cd7-43ba-86e9-8ab8f05420d7,7179207a-0cc9-48e0-87e1-8cd7d2f9f721,e16f7e8e-9f87-481c-a95f-799224a1dd30,,ec8d6d15-3f94-4401-b9a3-fd01c5d417b1,Client Check-in,Meeting about project update,2026-08-31T15:57:22.486129,2026-08-31T17:57:22.486129,Teams,scheduled,2025-12-16T07:17:31.486148,46cb662a-e863-4194-99df-ab55ff22701c
3d975584-8d66-41ab-bdfc-cdf3b54e8059,7179207a-0cc9-48e0-87e1-8cd7d2f9f721,34cd9ae9-7de1-4193-9109-53462c16ece9,21338885-c218-4cb0-be70-095a2aca3095,,Support Call,Meeting about onboarding session,2026-09-19T14:37:47.486155,2026-09-19T16:07:47.486155,In Person,cancelled,2026-03-14T14:23:47.486171,ded2cebc-b69e-4191-9d44-4929e9d428d1
17fe8ffb-357e-4042-93aa-47fef7c05da2,7179207a-0cc9-48e0-87e1-8cd7d2f9f721,46cb662a-e863-4194-99df-ab55ff22701c,31a8beb9-f946-463f-800e-7d67b1dd14aa,8c59e48a-27b4-4d48-bd24-fcfa033366fc,Onboarding Session,Meeting about training workshop,2026-06-06T14:29:08.486177,2026-06-06T15:59:08.486177,In Person,completed,2026-01-21T03:38:39.486193,46cb662a-e863-4194-99df-ab55ff22701c
57491cc4-44e1-451e-b052-23b0c09046e3,7179207a-0cc9-48e0-87e1-8cd7d2f9f721,de2d46fb-a956-4b96-bc60-115ccf0715a6,,,Onboarding Session,Meeting about project update,2026-09-21T21:30:59.486203,2026-09-21T23:00:59.486203,Teams,no_show,2025-10-07T21:17:35.486218,e16f7e8e-9f87-481c-a95f-799224a1dd30
c42ba89a-dd42-412b-9b5a-39f87fa420a8,7179207a-0cc9-48e0-87e1-8cd7d2f9f721,bebdbef1-3be2-4351-a13f-43e46af2a5a2,,,Project Update,Meeting about partnership discussion,2026-08-25T16:33:05.486224,2026-08-25T16:48:05.486224,,no_show,2026-07-12T11:01:07.486239,e52849ba-01bf-4e30-a6ad-e02749ff23a9
544efba0-5ec9-4df9-8e6c-8c7b779de514,7179207a-0cc9-48e0-87e1-8cd7d2f9f721,bebdbef1-3be2-4351-a13f-43e46af2a5a2,0520a9e4-1875-46f6-adee-6dfd061de5ff,,Product Demo,Meeting about partnership discussion,2026-10-07T14:58:18.486245,2026-10-07T16:28:18.486245,Teams,cancelled,2026-07-31T17:04:42.486260,e16f7e8e-9f87-481c-a95f-799224a1dd30
24440d42-49e2-4316-ae93-aa64110a82a5,7179207a-0cc9-48e0-87e1-8cd7d2f9f721,e52849ba-01bf-4e30-a6ad-e02749ff23a9,c7b64de0-8f3d-4d6a-ad92-8910f0fc7f7b,1deb9bca-4039-46ec-92f7-ee6f6321c1fd,Board Meeting,Meeting about budget review,2026-08-03T22:03:31.486267,2026-08-03T22:18:31.486267,Google Meet,no_show,2026-03-19T09:07:33.486283,34cd9ae9-7de1-4193-9109-53462c16ece9
de5fc684-3328-4cfd-981b-aabc80db536c,7179207a-0cc9-48e0-87e1-8cd7d2f9f721,ece82b98-28d8-4c7e-94ba-1bb820731ba5,b0b7077e-fe94-4e45-b056-2fe391e5a072,,Product Demo,Meeting about project update,2026-06-09T10:55:55.486289,2026-06-09T11:25:55.486289,Phone,scheduled,2026-02-08T13:16:07.486305,34cd9ae9-7de1-4193-9109-53462c16ece9
564948bd-8bff-4aeb-8b60-06b1e5298514,7179207a-0cc9-48e0-87e1-8cd7d2f9f721,1773f9d2-3516-4ff5-9acc-3b6a7b2ce872,55c5f3e2-04e6-4e4d-8046-89119999d497,687d0c36-ff4a-499e-9f0e-fa21110bc781,Contract Negotiation,Meeting about onboarding session,2026-05-26T18:07:31.486311,2026-05-26T20:07:31.486311,In Person,completed,2025-09-12T17:15:59.486328,1773f9d2-3516-4ff5-9acc-3b6a7b2ce872
e511e440-8dde-44c1-8064-2c4adbb23830,7179207a-0cc9-48e0-87e1-8cd7d2f9f721,0002ada9-8f33-49a6-b9b4-7aa4a8a79084,249fab2d-337d-4858-a0da-261e0ae465b5,,Onboarding Session,Meeting about project update,2026-09-13T13:16:26.486334,2026-09-13T13:46:26.486334,In Person,cancelled,2026-02-20T04:10:45.486349,b76f0d06-487f-4c14-97a4-859d3404b661
053961b2-715b-4289-a91c-24643f4aeeb0,7179207a-0cc9-48e0-87e1-8cd7d2f9f721,34cd9ae9-7de1-4193-9109-53462c16ece9,23c59efc-547f-44f2-8f01-83c1c44e1c89,dd603ca3-dbcd-4bed-98fc-91dae460ad65,Strategy Meeting,Meeting about sales call,2026-05-19T18:07:39.486356,2026-05-19T20:07:39.486356,Google Meet,cancelled,2026-02-20T09:02:05.486376,1773f9d2-3516-4ff5-9acc-3b6a7b2ce872
5bb62b2f-6186-45d0-aabb-2bfb737af22d,7179207a-0cc9-48e0-87e1-8cd7d2f9f721,ece82b98-28d8-4c7e-94ba-1bb820731ba5,f1fb76fd-66ea-4786-a675-68031c2e4329,,Budget Review,Meeting about performance review,2026-05-12T18:17:27.486383,2026-05-12T18:32:27.486383,,no_show,2025-11-11T15:31:11.486399,e16f7e8e-9f87-481c-a95f-799224a1dd30
69ef04ff-010f-4269-8f33-3f6b29860652,7179207a-0cc9-48e0-87e1-8cd7d2f9f721,46cb662a-e863-4194-99df-ab55ff22701c,66c2930f-eed0-4101-a032-76960e1ac0eb,,Sales Call,Meeting about support call,2026-11-03T06:18:14.486405,2026-11-03T06:48:14.486405,Zoom,cancelled,2026-07-02T02:33:03.486421,ece82b98-28d8-4c7e-94ba-1bb820731ba5
97d1bfd6-80af-4d70-aacd-9972ab08316c,7179207a-0cc9-48e0-87e1-8cd7d2f9f721,34cd9ae9-7de1-4193-9109-53462c16ece9,f2306987-c8a1-46f9-bba8-e10653e33076,ec24ce23-d670-463b-937e-3d3b27c1c9a4,Training Workshop,Meeting about strategy meeting,2026-08-26T14:00:43.486430,2026-08-26T14:45:43.486430,,scheduled,2025-09-09T12:20:14.486446,de2d46fb-a956-4b96-bc60-115ccf0715a6
711538bb-80c8-4b4c-abb3-d5354e82f892,7179207a-0cc9-48e0-87e1-8cd7d2f9f721,de2d46fb-a956-4b96-bc60-115ccf0715a6,bd5d8135-07d1-4833-abb6-4552e07f109b,,Product Demo,Meeting about client check-in,2026-10-13T20:33:39.486453,2026-10-13T21:03:39.486453,Teams,no_show,2025-10-05T11:43:53.486469,34cd9ae9-7de1-4193-9109-53462c16ece9
7a87ba46-3f3a-4662-aaff-9f12f2d61029,7179207a-0cc9-48e0-87e1-8cd7d2f9f721,02fc8d0f-48ca-4ab5-95da-9f2f51d44e5b,db4b06e3-8c23-4f39-a3aa-be576d781c6b,,Performance Review,Meeting about project update,2026-09-07T10:15:15.486475,2026-09-07T11:00:15.486475,Phone,no_show,2025-09-25T20:13:34.486491,46cb662a-e863-4194-99df-ab55ff22701c
4f3e0067-50c4-486d-9be8-a332e3f2db91,7179207a-0cc9-48e0-87e1-8cd7d2f9f721,7d137f66-8604-40bf-ba81-6af4667de5ac,793f0c13-d8ab-4194-9a81-4b62f17af046,,Budget Review,Meeting about project update,2026-08-15T12:20:59.486497,2026-08-15T14:20:59.486497,Zoom,no_show,2026-07-09T11:05:28.486513,0002ada9-8f33-49a6-b9b4-7aa4a8a79084
a612aa95-7dfe-4153-bae8-0df1dff945fe,7179207a-0cc9-48e0-87e1-8cd7d2f9f721,1773f9d2-3516-4ff5-9acc-3b6a7b2ce872,6c39c62d-df6a-4fe7-872d-db22d2a2784e,,Product Demo,Meeting about budget review,2026-11-01T01:03:02.486519,2026-11-01T01:33:02.486519,Google Meet,cancelled,2026-03-01T23:02:35.486535,8c00e028-41da-4e2c-91bf-e06c6f74595b
57e5c84f-f1f3-4c55-a2fd-5a7492895b45,7179207a-0cc9-48e0-87e1-8cd7d2f9f721,e16f7e8e-9f87-481c-a95f-799224a1dd30,e458e7e3-6983-4497-ba47-216c0c026f6f,3fdbee2e-d267-47dc-8833-66f4bd83aa74,Team Standup,Meeting about onboarding session,2026-07-08T09:29:58.486541,2026-07-08T10:59:58.486541,Google Meet,scheduled,2025-09-06T16:09:19.486557,a120de43-c4d0-46d0-8c1a-3b6044216650
8bcf7da4-48f8-484b-b4d1-697bfb130a4c,7179207a-0cc9-48e0-87e1-8cd7d2f9f721,ece82b98-28d8-4c7e-94ba-1bb820731ba5,,,Product Demo,Meeting about budget review,2026-05-27T06:21:55.486563,2026-05-27T07:21:55.486563,,cancelled,2025-12-29T20:44:43.486579,02fc8d0f-48ca-4ab5-95da-9f2f51d44e5b
f07fa391-36f6-42ca-a828-7445b9f8774d,7179207a-0cc9-48e0-87e1-8cd7d2f9f721,e16f7e8e-9f87-481c-a95f-799224a1dd30,,,Budget Review,Meeting about quarterly review,2026-09-17T04:33:10.486585,2026-09-17T05:33:10.486585,Phone,scheduled,2026-07-13T21:01:48.486604,8c00e028-41da-4e2c-91bf-e06c6f74595b
27eeeff7-0a90-439d-aff8-67bad19109ef,7179207a-0cc9-48e0-87e1-8cd7d2f9f721,34cd9ae9-7de1-4193-9109-53462c16ece9,,faeaa5d6-8710-462e-a822-678dc10eb7d6,Project Update,Meeting about performance review,2026-10-20T20:08:50.486610,2026-10-20T21:38:50.486610,,cancelled,2025-11-30T01:34:41.486630,02fc8d0f-48ca-4ab5-95da-9f2f51d44e5b
fea03ac5-6a00-48cf-a921-a86ada132e26,7179207a-0cc9-48e0-87e1-8cd7d2f9f721,ece82b98-28d8-4c7e-94ba-1bb820731ba5,,4caf741a-e130-4f65-bca2-02b64f10598f,Product Demo,Meeting about team standup,2026-10-31T20:29:26.486636,2026-10-31T21:59:26.486636,In Person,scheduled,2026-05-07T22:55:24.486658,02fc8d0f-48ca-4ab5-95da-9f2f51d44e5b
9ae555eb-f76c-4567-a59c-fd11d3372ee9,7179207a-0cc9-48e0-87e1-8cd7d2f9f721,46cb662a-e863-4194-99df-ab55ff22701c,,,Contract Negotiation,Meeting about support call,2026-06-17T12:59:06.486667,2026-06-17T14:29:06.486667,,scheduled,2026-03-13T06:49:08.486682,8c00e028-41da-4e2c-91bf-e06c6f74595b
78303aaf-c211-43cf-aa9c-9a6d82828139,7179207a-0cc9-48e0-87e1-8cd7d2f9f721,a120de43-c4d0-46d0-8c1a-3b6044216650,,129af07a-f2ec-47d7-a968-66757c05057c,Budget Review,Meeting about contract negotiation,2026-07-26T20:20:02.486713,2026-07-26T21:50:02.486713,In Person,cancelled,2026-04-18T12:58:02.486732,bebdbef1-3be2-4351-a13f-43e46af2a5a2
9e99130d-3118-4490-ba22-96696242ad11,7179207a-0cc9-48e0-87e1-8cd7d2f9f721,a120de43-c4d0-46d0-8c1a-3b6044216650,,,Training Workshop,Meeting about contract negotiation,2026-07-29T11:13:35.486738,2026-07-29T11:28:35.486738,Phone,scheduled,2026-01-29T09:53:27.486753,bebdbef1-3be2-4351-a13f-43e46af2a5a2
33d78b77-4a6b-444d-bb85-69bdbc830848,7179207a-0cc9-48e0-87e1-8cd7d2f9f721,34cd9ae9-7de1-4193-9109-53462c16ece9,,,Training Workshop,Meeting about team standup,2026-05-13T12:59:59.486759,2026-05-13T13:29:59.486759,Google Meet,completed,2025-11-12T22:25:45.486775,b76f0d06-487f-4c14-97a4-859d3404b661
83f90a9d-7958-48a3-86eb-69784495a97f,7179207a-0cc9-48e0-87e1-8cd7d2f9f721,ece82b98-28d8-4c7e-94ba-1bb820731ba5,,,Partnership Discussion,Meeting about project update,2026-10-22T18:02:17.486781,2026-10-22T19:32:17.486781,Phone,scheduled,2025-08-28T13:11:10.486796,7d137f66-8604-40bf-ba81-6af4667de5ac
340daa71-b683-4268-bb25-1e0e8a674772,7179207a-0cc9-48e0-87e1-8cd7d2f9f721,7d137f66-8604-40bf-ba81-6af4667de5ac,,,Board Meeting,Meeting about onboarding session,2026-08-17T20:32:40.486802,2026-08-17T21:17:40.486802,Zoom,no_show,2026-05-01T17:04:33.486817,e16f7e8e-9f87-481c-a95f-799224a1dd30
7cebc173-e169-40da-b2f2-de6dee12ad68,7179207a-0cc9-48e0-87e1-8cd7d2f9f721,b76f0d06-487f-4c14-97a4-859d3404b661,c280b3e5-ca68-46dd-bd9a-aac2ca423453,,Project Update,Meeting about client check-in,2026-07-10T03:37:39.486823,2026-07-10T04:22:39.486823,Google Meet,cancelled,2025-12-01T09:03:25.486839,a120de43-c4d0-46d0-8c1a-3b6044216650
04793a39-aba5-4144-9cb8-e7b305250be5,7179207a-0cc9-48e0-87e1-8cd7d2f9f721,de2d46fb-a956-4b96-bc60-115ccf0715a6,3deb8469-0d96-4a3f-9d08-a21eea9217a9,95a74f2e-963e-4df1-b8d2-3ffe46f030bc,Product Demo,Meeting about support call,2026-08-30T09:05:45.486845,2026-08-30T09:35:45.486845,Teams,scheduled,2025-11-02T04:47:24.486863,46cb662a-e863-4194-99df-ab55ff22701c
6838da1e-5b02-466b-9533-cbb47d4c53ad,7179207a-0cc9-48e0-87e1-8cd7d2f9f721,34cd9ae9-7de1-4193-9109-53462c16ece9,,,Contract Negotiation,Meeting about board meeting,2026-06-10T03:55:02.486869,2026-06-10T04:55:02.486869,Phone,no_show,2026-07-15T07:56:25.486885,ded2cebc-b69e-4191-9d44-4929e9d428d1
c46ad88a-117e-4e04-93e5-767934b1ed97,7179207a-0cc9-48e0-87e1-8cd7d2f9f721,7d137f66-8604-40bf-ba81-6af4667de5ac,f07ddce5-57e1-461e-baec-4eeef880dfec,51bcd50d-a435-44d8-98c2-754f0f56d300,Team Standup,Meeting about performance review,2026-08-26T00:02:31.486891,2026-08-26T00:17:31.486891,Google Meet,no_show,2025-08-16T14:57:36.486907,02fc8d0f-48ca-4ab5-95da-9f2f51d44e5b
6d30f44c-d7a8-47f4-a7f9-f49dfed913b3,7179207a-0cc9-48e0-87e1-8cd7d2f9f721,1773f9d2-3516-4ff5-9acc-3b6a7b2ce872,149ea53c-cae8-448b-9ba6-2e992aa13664,,Onboarding Session,Meeting about strategy meeting,2026-07-29T15:39:14.486917,2026-07-29T16:39:14.486917,In Person,no_show,2026-03-23T13:56:42.486939,0002ada9-8f33-49a6-b9b4-7aa4a8a79084
02459252-dd31-47e9-908c-2bb67a9b9476,7179207a-0cc9-48e0-87e1-8cd7d2f9f721,0002ada9-8f33-49a6-b9b4-7aa4a8a79084,,,Training Workshop,Meeting about partnership discussion,2026-08-06T12:16:53.486945,2026-08-06T14:16:53.486945,Google Meet,completed,2026-02-01T19:56:09.486961,7d137f66-8604-40bf-ba81-6af4667de5ac
cdbb629a-f18f-4596-8bb3-cdfe3ffbffb6,7179207a-0cc9-48e0-87e1-8cd7d2f9f721,46cb662a-e863-4194-99df-ab55ff22701c,,355bf839-f7d5-4c9c-a691-2b2713ff5539,Sales Call,Meeting about quarterly review,2026-05-24T15:57:25.486967,2026-05-24T16:42:25.486967,Teams,no_show,2026-01-23T22:36:59.486983,02fc8d0f-48ca-4ab5-95da-9f2f51d44e5b
4f230373-c1d3-46a6-8957-74b8477116ce,7179207a-0cc9-48e0-87e1-8cd7d2f9f721,de2d46fb-a956-4b96-bc60-115ccf0715a6,,aa7d1f97-2af5-4528-9486-7fa239c67ba2,Partnership Discussion,Meeting about contract negotiation,2026-08-10T22:02:30.486989,2026-08-10T22:47:30.486989,,scheduled,2026-02-20T20:12:10.487005,ded2cebc-b69e-4191-9d44-4929e9d428d1
c2b326c0-55dc-487f-802a-e4bf7f28e51c,7179207a-0cc9-48e0-87e1-8cd7d2f9f721,e52849ba-01bf-4e30-a6ad-e02749ff23a9,d3b256bf-f157-4c75-a5e1-e9a56939ceb9,d635c7fc-3319-4e9f-98a4-402f5829061f,Team Standup,Meeting about team standup,2026-10-09T00:53:38.487011,2026-10-09T01:38:38.487011,Google Meet,scheduled,2026-03-26T10:00:12.487029,0002ada9-8f33-49a6-b9b4-7aa4a8a79084
b8edfd83-262b-456e-a0f6-e6e60ca51da3,7179207a-0cc9-48e0-87e1-8cd7d2f9f721,de2d46fb-a956-4b96-bc60-115ccf0715a6,6965e87e-0f60-47ec-86fc-e74e027151f6,,Onboarding Session,Meeting about client check-in,2026-08-22T12:02:51.487038,2026-08-22T14:02:51.487038,In Person,cancelled,2026-06-18T23:15:41.487055,e52849ba-01bf-4e30-a6ad-e02749ff23a9
20ab0a78-0671-4535-b682-09f20e20ea30,7179207a-0cc9-48e0-87e1-8cd7d2f9f721,ece82b98-28d8-4c7e-94ba-1bb820731ba5,f592f0ec-a86a-484c-a106-170c463d8cf9,,Contract Negotiation,Meeting about partnership discussion,2026-08-26T15:08:49.487061,2026-08-26T15:53:49.487061,In Person,scheduled,2026-08-02T03:42:44.487078,a120de43-c4d0-46d0-8c1a-3b6044216650
996ba61f-851f-470d-bdcc-6737151e93b6,7179207a-0cc9-48e0-87e1-8cd7d2f9f721,de2d46fb-a956-4b96-bc60-115ccf0715a6,,,Budget Review,Meeting about performance review,2026-06-06T03:36:19.487084,2026-06-06T05:36:19.487084,Teams,scheduled,2026-03-10T10:41:09.487099,e52849ba-01bf-4e30-a6ad-e02749ff23a9
e6b84040-f6a0-4619-a78a-30fb99c1e3f5,7179207a-0cc9-48e0-87e1-8cd7d2f9f721,1773f9d2-3516-4ff5-9acc-3b6a7b2ce872,6b3ed49e-865d-479b-a350-53b8f46a132e,,Client Check-in,Meeting about onboarding session,2026-09-01T07:03:42.487105,2026-09-01T07:48:42.487105,Google Meet,no_show,2026-01-30T19:17:57.487121,8c00e028-41da-4e2c-91bf-e06c6f74595b
dd48f737-7f94-4e21-8e96-9ea704701543,7179207a-0cc9-48e0-87e1-8cd7d2f9f721,02fc8d0f-48ca-4ab5-95da-9f2f51d44e5b,,,Training Workshop,Meeting about quarterly review,2026-09-07T15:44:48.487128,2026-09-07T16:14:48.487128,In Person,scheduled,2025-11-29T12:06:20.487145,ece82b98-28d8-4c7e-94ba-1bb820731ba5
589441dd-b1e6-4d27-a866-900a197c09ca,7179207a-0cc9-48e0-87e1-8cd7d2f9f721,b76f0d06-487f-4c14-97a4-859d3404b661,,4c71925d-47b8-4680-aac8-6175573f7514,Training Workshop,Meeting about onboarding session,2026-06-22T17:25:27.487160,2026-06-22T17:40:27.487160,In Person,cancelled,2025-10-27T05:56:31.487178,e52849ba-01bf-4e30-a6ad-e02749ff23a9
5e351ccf-2afc-48a1-a288-ddb4c87d23b9,7179207a-0cc9-48e0-87e1-8cd7d2f9f721,34cd9ae9-7de1-4193-9109-53462c16ece9,fe3e8dd9-f5ba-4a64-a6c7-156ba57aec08,,Partnership Discussion,Meeting about project update,2026-06-04T12:03:00.487184,2026-06-04T13:03:00.487184,,cancelled,2026-07-05T20:23:33.487199,ded2cebc-b69e-4191-9d44-4929e9d428d1
3814204a-ff6e-4da4-a2ff-e98b503a0540,7179207a-0cc9-48e0-87e1-8cd7d2f9f721,e52849ba-01bf-4e30-a6ad-e02749ff23a9,cda4a8e3-0ae3-4002-9155-1e93e7c97656,6f660be6-0b38-4b70-bb27-a51674d02c8a,Product Demo,Meeting about project update,2026-08-06T05:45:26.487206,2026-08-06T07:15:26.487206,Google Meet,completed,2026-06-06T10:07:44.487222,de2d46fb-a956-4b96-bc60-115ccf0715a6
98d302c3-32d4-4271-ac56-c0a68fe2f8a0,7179207a-0cc9-48e0-87e1-8cd7d2f9f721,b76f0d06-487f-4c14-97a4-859d3404b661,70b54de6-0ca4-48d2-9b2a-5517b901b210,,Client Check-in,Meeting about board meeting,2026-09-15T14:30:04.487228,2026-09-15T15:00:04.487228,,scheduled,2026-02-09T22:10:03.487243,46cb662a-e863-4194-99df-ab55ff22701c
a7eff773-5727-4762-8404-12edf450e8d8,7179207a-0cc9-48e0-87e1-8cd7d2f9f721,46cb662a-e863-4194-99df-ab55ff22701c,,,Team Standup,Meeting about strategy meeting,2026-08-22T23:14:52.487249,2026-08-23T01:14:52.487249,In Person,completed,2026-04-21T07:29:25.487264,e52849ba-01bf-4e30-a6ad-e02749ff23a9
73acfc47-7775-403c-a003-e95f5462f5b9,7179207a-0cc9-48e0-87e1-8cd7d2f9f721,e16f7e8e-9f87-481c-a95f-799224a1dd30,42891dce-145d-4f32-ae9e-e8e2367fb39d,,Board Meeting,Meeting about quarterly review,2026-06-17T06:53:50.487270,2026-06-17T07:23:50.487270,Teams,scheduled,2025-11-25T08:42:55.487286,ece82b98-28d8-4c7e-94ba-1bb820731ba5
f6bf1784-56d3-49eb-bbd1-b5c533282b5f,7179207a-0cc9-48e0-87e1-8cd7d2f9f721,1773f9d2-3516-4ff5-9acc-3b6a7b2ce872,,,Budget Review,Meeting about strategy meeting,2026-05-21T06:16:22.487292,2026-05-21T08:16:22.487292,Google Meet,scheduled,2025-08-27T15:50:19.487307,02fc8d0f-48ca-4ab5-95da-9f2f51d44e5b
814a3ec1-ea32-4586-9fc5-a840c63db7ac,7179207a-0cc9-48e0-87e1-8cd7d2f9f721,ece82b98-28d8-4c7e-94ba-1bb820731ba5,4a681a56-a44e-4961-a89d-7e04cf041d4f,1ffe625b-fe3d-4f1f-b6bd-52012579fd6c,Project Update,Meeting about support call,2026-10-07T03:14:31.487313,2026-10-07T04:14:31.487313,Teams,cancelled,2025-12-22T18:45:27.487329,02fc8d0f-48ca-4ab5-95da-9f2f51d44e5b
b8da0ee0-0315-4af2-982d-8925273ad45d,7179207a-0cc9-48e0-87e1-8cd7d2f9f721,8c00e028-41da-4e2c-91bf-e06c6f74595b,1f890fbe-f2de-4604-aed3-205f7ab281b2,,Board Meeting,Meeting about product demo,2026-08-31T13:19:54.487335,2026-08-31T13:34:54.487335,Phone,completed,2026-01-04T02:23:57.487358,1773f9d2-3516-4ff5-9acc-3b6a7b2ce872
625f27f6-ea2a-49a9-aca9-c8736a7df262,7179207a-0cc9-48e0-87e1-8cd7d2f9f721,0002ada9-8f33-49a6-b9b4-7aa4a8a79084,,,Strategy Meeting,Meeting about support call,2026-06-27T10:00:31.487364,2026-06-27T11:00:31.487364,Phone,cancelled,2026-05-16T19:16:25.487380,02fc8d0f-48ca-4ab5-95da-9f2f51d44e5b
ac1b79d9-c57a-48fd-b30a-44d8ec4c8760,7179207a-0cc9-48e0-87e1-8cd7d2f9f721,ece82b98-28d8-4c7e-94ba-1bb820731ba5,9d7591fe-f223-4ce3-9158-a7bdac3bf599,,Client Check-in,Meeting about board meeting,2026-09-25T00:27:57.487389,2026-09-25T01:12:57.487389,,scheduled,2025-10-12T05:20:04.487405,0002ada9-8f33-49a6-b9b4-7aa4a8a79084
0a9a6f99-66a9-487a-bbe4-2bd14af5f363,7179207a-0cc9-48e0-87e1-8cd7d2f9f721,7d137f66-8604-40bf-ba81-6af4667de5ac,,,Sales Call,Meeting about budget review,2026-10-05T07:19:34.487411,2026-10-05T07:49:34.487411,Zoom,no_show,2026-07-19T14:18:01.487427,46cb662a-e863-4194-99df-ab55ff22701c
b42632f2-292f-4d9f-8296-ff2319c8d3c6,7179207a-0cc9-48e0-87e1-8cd7d2f9f721,bebdbef1-3be2-4351-a13f-43e46af2a5a2,,,Budget Review,Meeting about partnership discussion,2026-09-12T01:23:06.487433,2026-09-12T02:53:06.487433,Phone,completed,2026-01-31T18:03:46.487448,46cb662a-e863-4194-99df-ab55ff22701c
6d4ce2de-3693-44c5-9de1-2639f710aad6,7179207a-0cc9-48e0-87e1-8cd7d2f9f721,1773f9d2-3516-4ff5-9acc-3b6a7b2ce872,,153fc8cf-152f-4916-b34f-75961ac60a9e,Partnership Discussion,Meeting about support call,2026-07-19T00:37:27.487454,2026-07-19T02:37:27.487454,In Person,scheduled,2026-05-19T07:34:06.487470,bebdbef1-3be2-4351-a13f-43e46af2a5a2
fd091f49-fcc0-4dd7-917f-4c035d229ccb,7179207a-0cc9-48e0-87e1-8cd7d2f9f721,46cb662a-e863-4194-99df-ab55ff22701c,,,Partnership Discussion,Meeting about client check-in,2026-07-16T02:59:15.487476,2026-07-16T04:29:15.487476,,no_show,2025-09-11T17:15:55.487490,46cb662a-e863-4194-99df-ab55ff22701c
c14fd2b7-8597-4d56-8384-8c13337fbbbb,7179207a-0cc9-48e0-87e1-8cd7d2f9f721,a120de43-c4d0-46d0-8c1a-3b6044216650,,,Training Workshop,Meeting about product demo,2026-07-24T14:00:50.487496,2026-07-24T16:00:50.487496,Phone,completed,2025-12-11T10:18:21.487512,34cd9ae9-7de1-4193-9109-53462c16ece9
690f25ce-08c1-4853-b118-e61a34f4eef8,7179207a-0cc9-48e0-87e1-8cd7d2f9f721,34cd9ae9-7de1-4193-9109-53462c16ece9,f32d35d0-dfdb-44c7-8435-e5e70aa4a14e,,Budget Review,Meeting about board meeting,2026-08-15T10:48:37.487518,2026-08-15T11:18:37.487518,Phone,completed,2026-07-31T20:17:47.487534,bebdbef1-3be2-4351-a13f-43e46af2a5a2
3eab4847-10e1-4de2-bd05-d17613e6f13d,7179207a-0cc9-48e0-87e1-8cd7d2f9f721,8c00e028-41da-4e2c-91bf-e06c6f74595b,,,Partnership Discussion,Meeting about contract negotiation,2026-05-10T07:30:26.487540,2026-05-10T08:30:26.487540,Phone,cancelled,2026-03-22T18:16:41.487555,e52849ba-01bf-4e30-a6ad-e02749ff23a9
1762dd02-49f8-47e9-ac75-8e8228e91bd7,7179207a-0cc9-48e0-87e1-8cd7d2f9f721,bebdbef1-3be2-4351-a13f-43e46af2a5a2,,7130e864-ae03-4e7f-80c4-ec1b139318d0,Support Call,Meeting about training workshop,2026-05-19T20:21:42.487561,2026-05-19T21:21:42.487561,,cancelled,2026-06-13T08:21:57.487576,a120de43-c4d0-46d0-8c1a-3b6044216650
04dfb22e-7b11-436f-86e3-73123a1753c6,7179207a-0cc9-48e0-87e1-8cd7d2f9f721,1773f9d2-3516-4ff5-9acc-3b6a7b2ce872,,,Project Update,Meeting about contract negotiation,2026-08-04T03:31:51.487583,2026-08-04T04:31:51.487583,Teams,cancelled,2025-11-22T17:05:39.487598,8c00e028-41da-4e2c-91bf-e06c6f74595b
603a8950-d50c-4a7f-afd9-2595c636fd79,7179207a-0cc9-48e0-87e1-8cd7d2f9f721,1773f9d2-3516-4ff5-9acc-3b6a7b2ce872,,,Budget Review,Meeting about product demo,2026-05-22T03:09:53.487607,2026-05-22T04:09:53.487607,Google Meet,no_show,2026-05-22T15:18:44.487623,02fc8d0f-48ca-4ab5-95da-9f2f51d44e5b
3e240b50-9941-4bc6-9450-7bea888c2800,7179207a-0cc9-48e0-87e1-8cd7d2f9f721,1773f9d2-3516-4ff5-9acc-3b6a7b2ce872,2145072f-bbd3-43b0-a74c-6bea24f96c79,,Training Workshop,Meeting about onboarding session,2026-09-13T22:57:29.487629,2026-09-13T23:57:29.487629,In Person,no_show,2026-03-21T04:12:10.487652,de2d46fb-a956-4b96-bc60-115ccf0715a6
d6ebd267-9c94-41e5-8597-669f03a73561,7179207a-0cc9-48e0-87e1-8cd7d2f9f721,34cd9ae9-7de1-4193-9109-53462c16ece9,,,Training Workshop,Meeting about board meeting,2026-10-04T03:01:26.487658,2026-10-04T05:01:26.487658,Zoom,cancelled,2026-07-14T07:33:28.487676,b76f0d06-487f-4c14-97a4-859d3404b661
fe29f12d-851a-454c-a669-367198023ae6,7179207a-0cc9-48e0-87e1-8cd7d2f9f721,e16f7e8e-9f87-481c-a95f-799224a1dd30,,,Strategy Meeting,Meeting about board meeting,2026-09-17T14:46:14.487683,2026-09-17T15:46:14.487683,Zoom,no_show,2025-08-17T01:07:29.487698,02fc8d0f-48ca-4ab5-95da-9f2f51d44e5b
0a217e3c-ce0c-4ffb-8a35-ff3fb0af476c,7179207a-0cc9-48e0-87e1-8cd7d2f9f721,de2d46fb-a956-4b96-bc60-115ccf0715a6,ff84be62-cffb-45d8-a916-424614029f96,ecf1700b-a8e6-4619-acf4-df91f9df142f,Client Check-in,Meeting about budget review,2026-08-13T19:58:41.487704,2026-08-13T20:13:41.487704,Phone,cancelled,2026-02-12T02:56:31.487721,8c00e028-41da-4e2c-91bf-e06c6f74595b
bcbf92f5-1fd8-4012-982f-b7e4dc19e789,7179207a-0cc9-48e0-87e1-8cd7d2f9f721,0002ada9-8f33-49a6-b9b4-7aa4a8a79084,,,Team Standup,Meeting about board meeting,2026-07-20T03:41:14.487727,2026-07-20T04:26:14.487727,Teams,no_show,2026-04-26T17:06:59.487742,46cb662a-e863-4194-99df-ab55ff22701c
4aaa63f2-1277-44a8-8b43-6ae009483588,7179207a-0cc9-48e0-87e1-8cd7d2f9f721,46cb662a-e863-4194-99df-ab55ff22701c,,f56ae05b-63be-4e2d-8f92-86fccab3a27f,Client Check-in,Meeting about support call,2026-10-03T23:52:56.487748,2026-10-04T00:52:56.487748,Zoom,no_show,2026-04-07T21:12:08.487837,bebdbef1-3be2-4351-a13f-43e46af2a5a2
05cde966-59dd-4050-bde8-6eef5f7c6ba8,7179207a-0cc9-48e0-87e1-8cd7d2f9f721,8c00e028-41da-4e2c-91bf-e06c6f74595b,,,Product Demo,Meeting about client check-in,2026-09-27T18:42:31.487845,2026-09-27T20:12:31.487845,Phone,completed,2026-03-21T08:17:44.487862,7d137f66-8604-40bf-ba81-6af4667de5ac
888b3864-9d24-46a0-8163-9e7bec6a6a59,7179207a-0cc9-48e0-87e1-8cd7d2f9f721,ded2cebc-b69e-4191-9d44-4929e9d428d1,,,Quarterly Review,Meeting about performance review,2026-10-14T13:48:29.487884,2026-10-14T14:03:29.487884,,scheduled,2025-10-14T18:39:06.487918,0002ada9-8f33-49a6-b9b4-7aa4a8a79084
1303de94-b765-41ff-beae-0d30f1a3b645,7179207a-0cc9-48e0-87e1-8cd7d2f9f721,ece82b98-28d8-4c7e-94ba-1bb820731ba5,,,Performance Review,Meeting about support call,2026-10-21T02:19:27.487927,2026-10-21T04:19:27.487927,Google Meet,cancelled,2025-08-20T18:09:10.487950,8c00e028-41da-4e2c-91bf-e06c6f74595b
bb652f5c-2d09-4be2-8b49-c329a32204a9,7179207a-0cc9-48e0-87e1-8cd7d2f9f721,ece82b98-28d8-4c7e-94ba-1bb820731ba5,,,Support Call,Meeting about partnership discussion,2026-08-28T03:01:58.487966,2026-08-28T04:31:58.487966,,completed,2026-04-03T12:10:12.487991,46cb662a-e863-4194-99df-ab55ff22701c
e774c380-92f5-4290-82b6-353b5bd06f7b,7179207a-0cc9-48e0-87e1-8cd7d2f9f721,7d137f66-8604-40bf-ba81-6af4667de5ac,,,Strategy Meeting,Meeting about board meeting,2026-09-30T08:35:13.488001,2026-09-30T09:20:13.488001,,no_show,2026-04-19T14:16:08.488025,02fc8d0f-48ca-4ab5-95da-9f2f51d44e5b
0f804a64-36d9-4166-bb92-f0b695bd7ccd,7179207a-0cc9-48e0-87e1-8cd7d2f9f721,a120de43-c4d0-46d0-8c1a-3b6044216650,,7fe56ecf-fe1c-48f7-9baa-748d2790eede,Project Update,Meeting about performance review,2026-10-21T09:02:37.488035,2026-10-21T10:32:37.488035,Google Meet,completed,2025-10-18T11:34:48.488058,bebdbef1-3be2-4351-a13f-43e46af2a5a2
c0fe3958-3a18-4dc4-a07a-7424896ea7f9,7179207a-0cc9-48e0-87e1-8cd7d2f9f721,e16f7e8e-9f87-481c-a95f-799224a1dd30,b1c7355d-a92c-4eac-9e36-86ead35c02e8,,Partnership Discussion,Meeting about support call,2026-05-22T19:13:33.488070,2026-05-22T21:13:33.488070,Phone,no_show,2025-12-17T05:21:26.488114,1773f9d2-3516-4ff5-9acc-3b6a7b2ce872
887ed6a1-17a6-4959-a2fd-26979197329f,7179207a-0cc9-48e0-87e1-8cd7d2f9f721,1773f9d2-3516-4ff5-9acc-3b6a7b2ce872,3bfe4085-b460-4f20-b7ec-fb0f693cb4e1,,Client Check-in,Meeting about support call,2026-08-15T22:12:08.488133,2026-08-15T22:27:08.488133,Google Meet,scheduled,2026-01-12T22:36:15.488174,b76f0d06-487f-4c14-97a4-859d3404b661
c491695b-becc-4fa7-87b8-0baa2a94aca5,7179207a-0cc9-48e0-87e1-8cd7d2f9f721,bebdbef1-3be2-4351-a13f-43e46af2a5a2,,,Product Demo,Meeting about budget review,2026-07-04T17:29:34.488189,2026-07-04T19:29:34.488189,Zoom,completed,2026-01-19T07:26:57.488221,02fc8d0f-48ca-4ab5-95da-9f2f51d44e5b
2addd9af-cbac-4bfa-8de3-26498c867b10,7179207a-0cc9-48e0-87e1-8cd7d2f9f721,1773f9d2-3516-4ff5-9acc-3b6a7b2ce872,d0b0d25c-b882-4726-9434-fdaf93926c91,,Client Check-in,Meeting about project update,2026-07-01T19:13:22.488228,2026-07-01T20:13:22.488228,Phone,completed,2025-12-14T06:27:41.488251,7d137f66-8604-40bf-ba81-6af4667de5ac
651fe4e2-bb77-4e25-9b25-5000573771b2,7179207a-0cc9-48e0-87e1-8cd7d2f9f721,bebdbef1-3be2-4351-a13f-43e46af2a5a2,5b629c80-90e5-4a49-8465-5e683a33d990,,Training Workshop,Meeting about client check-in,2026-08-17T08:21:56.488258,2026-08-17T08:36:56.488258,Google Meet,no_show,2026-04-21T13:13:08.488275,ded2cebc-b69e-4191-9d44-4929e9d428d1
0c3db14e-6e81-40e7-b773-98d291279f11,7179207a-0cc9-48e0-87e1-8cd7d2f9f721,a120de43-c4d0-46d0-8c1a-3b6044216650,5ee8b4b1-3948-4d22-bbce-ba6a9d93ae3e,,Board Meeting,Meeting about strategy meeting,2026-08-20T04:31:34.488282,2026-08-20T06:01:34.488282,Zoom,no_show,2025-12-16T09:40:35.488299,e16f7e8e-9f87-481c-a95f-799224a1dd30
0f76a7c8-12bd-492e-8bf2-03ab7a019ee0,7179207a-0cc9-48e0-87e1-8cd7d2f9f721,ece82b98-28d8-4c7e-94ba-1bb820731ba5,,e2247824-4e3e-42c6-8193-587e2838f9d8,Onboarding Session,Meeting about board meeting,2026-07-30T00:29:15.488306,2026-07-30T01:29:15.488306,In Person,cancelled,2026-05-26T15:51:19.488323,ded2cebc-b69e-4191-9d44-4929e9d428d1
8d412440-74cd-492e-97d2-86178135d5f0,7179207a-0cc9-48e0-87e1-8cd7d2f9f721,02fc8d0f-48ca-4ab5-95da-9f2f51d44e5b,fa136fdf-9752-481b-8c0a-438efdbcca32,e9047e13-edef-4ca7-bc35-96817bda1a56,Product Demo,Meeting about client check-in,2026-08-20T07:01:56.488333,2026-08-20T07:46:56.488333,Google Meet,no_show,2026-02-20T14:19:56.488350,34cd9ae9-7de1-4193-9109-53462c16ece9
08318702-8a85-421a-b76b-2affee67616f,7179207a-0cc9-48e0-87e1-8cd7d2f9f721,46cb662a-e863-4194-99df-ab55ff22701c,2cc835d8-d249-46f0-adad-8345902771a2,9e62e65c-4cdf-4400-95f6-b03a352642e6,Team Standup,Meeting about onboarding session,2026-06-14T10:56:33.488357,2026-06-14T11:41:33.488357,Phone,cancelled,2026-02-01T06:02:30.488374,e16f7e8e-9f87-481c-a95f-799224a1dd30
00506fac-d936-4c6c-b205-899fe7580d0c,7179207a-0cc9-48e0-87e1-8cd7d2f9f721,1773f9d2-3516-4ff5-9acc-3b6a7b2ce872,f0b575d7-4723-4b0d-a420-8df9e28a5903,,Sales Call,Meeting about support call,2026-08-22T05:13:50.488380,2026-08-22T05:58:50.488380,Zoom,scheduled,2025-09-02T05:51:34.488398,de2d46fb-a956-4b96-bc60-115ccf0715a6
dc0b1019-db5e-4956-9538-c439bf6552c3,7179207a-0cc9-48e0-87e1-8cd7d2f9f721,de2d46fb-a956-4b96-bc60-115ccf0715a6,c014ae69-b66f-4256-bcc3-d3de11993dbf,25bfc054-09f7-4106-b4da-4541c7781d71,Board Meeting,Meeting about partnership discussion,2026-09-30T15:13:03.488419,2026-09-30T15:58:03.488419,Google Meet,scheduled,2025-09-20T16:34:01.488441,7d137f66-8604-40bf-ba81-6af4667de5ac
adb35869-2ce8-4d92-8042-afea96380d77,7179207a-0cc9-48e0-87e1-8cd7d2f9f721,02fc8d0f-48ca-4ab5-95da-9f2f51d44e5b,,29895312-0ab0-4570-be55-f7a3e29bf030,Product Demo,Meeting about support call,2026-09-10T14:58:16.488448,2026-09-10T16:58:16.488448,,no_show,2025-08-29T16:56:39.488464,e52849ba-01bf-4e30-a6ad-e02749ff23a9
78b79a86-0157-4453-9377-da5b49c998c9,7179207a-0cc9-48e0-87e1-8cd7d2f9f721,a120de43-c4d0-46d0-8c1a-3b6044216650,512ad2aa-f2dc-4277-84b5-b0662065c2c3,,Budget Review,Meeting about strategy meeting,2026-09-05T19:17:43.488471,2026-09-05T20:17:43.488471,Zoom,no_show,2025-09-05T12:54:55.488487,7d137f66-8604-40bf-ba81-6af4667de5ac
22acc7d9-a399-4f15-861b-f60ba50ed46c,7179207a-0cc9-48e0-87e1-8cd7d2f9f721,0002ada9-8f33-49a6-b9b4-7aa4a8a79084,,,Partnership Discussion,Meeting about board meeting,2026-10-28T19:31:12.488493,2026-10-28T20:16:12.488493,Google Meet,cancelled,2026-07-13T12:29:09.488508,46cb662a-e863-4194-99df-ab55ff22701c
84d3bf5b-a1e4-4cb9-b510-37920cfc83f9,7179207a-0cc9-48e0-87e1-8cd7d2f9f721,8c00e028-41da-4e2c-91bf-e06c6f74595b,,,Training Workshop,Meeting about sales call,2026-09-22T00:31:28.488515,2026-09-22T00:46:28.488515,Google Meet,completed,2025-11-24T08:28:06.488531,46cb662a-e863-4194-99df-ab55ff22701c
84f9d0e7-eb6f-460c-b319-e67d75e6b4f2,7179207a-0cc9-48e0-87e1-8cd7d2f9f721,b76f0d06-487f-4c14-97a4-859d3404b661,,,Partnership Discussion,Meeting about sales call,2026-10-22T03:13:38.488537,2026-10-22T03:43:38.488537,Google Meet,completed,2025-08-13T00:43:38.488552,e52849ba-01bf-4e30-a6ad-e02749ff23a9
644b720d-1a73-4d78-9a87-626756fd01d3,7179207a-0cc9-48e0-87e1-8cd7d2f9f721,bebdbef1-3be2-4351-a13f-43e46af2a5a2,,,Strategy Meeting,Meeting about board meeting,2026-05-21T01:14:15.488558,2026-05-21T01:29:15.488558,Google Meet,no_show,2026-05-11T17:31:50.488577,b76f0d06-487f-4c14-97a4-859d3404b661
29dc1090-3373-4c72-ab21-8530eb3dc723,7179207a-0cc9-48e0-87e1-8cd7d2f9f721,ece82b98-28d8-4c7e-94ba-1bb820731ba5,f0ff0008-1558-432a-84d0-bd18e48d177d,,Training Workshop,Meeting about sales call,2026-05-29T23:43:54.488587,2026-05-30T00:28:54.488587,,cancelled,2026-05-17T00:42:40.488604,8c00e028-41da-4e2c-91bf-e06c6f74595b
0b11fd11-3287-4f19-bb78-ab47b9a0cbc7,7179207a-0cc9-48e0-87e1-8cd7d2f9f721,0002ada9-8f33-49a6-b9b4-7aa4a8a79084,,,Onboarding Session,Meeting about product demo,2026-08-05T02:36:45.488610,2026-08-05T03:36:45.488610,,cancelled,2025-08-30T13:29:11.488625,ece82b98-28d8-4c7e-94ba-1bb820731ba5
fee7d700-0c26-424f-99c6-984d31b4fc04,7179207a-0cc9-48e0-87e1-8cd7d2f9f721,02fc8d0f-48ca-4ab5-95da-9f2f51d44e5b,74e485c9-3da5-4ca3-8211-fe5d06cab339,71aa2908-6141-4ac4-81ac-77169d23eb13,Training Workshop,Meeting about project update,2026-10-07T07:15:50.488631,2026-10-07T07:45:50.488631,Zoom,cancelled,2026-01-22T01:42:27.488655,8c00e028-41da-4e2c-91bf-e06c6f74595b
7c1bbdd6-0435-4ccf-99b0-69ac3386b282,7179207a-0cc9-48e0-87e1-8cd7d2f9f721,1773f9d2-3516-4ff5-9acc-3b6a7b2ce872,,82d5b509-3c58-4569-89f0-21aba47aad72,Team Standup,Meeting about strategy meeting,2026-10-12T06:55:47.488662,2026-10-12T08:55:47.488662,Teams,no_show,2026-05-22T12:24:24.488683,e16f7e8e-9f87-481c-a95f-799224a1dd30
88c31fab-2c59-4c97-9553-dc0a4551e22b,7179207a-0cc9-48e0-87e1-8cd7d2f9f721,bebdbef1-3be2-4351-a13f-43e46af2a5a2,fdd3f404-2025-43f0-8be6-85edfd81aa75,,Performance Review,Meeting about team standup,2026-07-16T22:07:14.488689,2026-07-16T22:22:14.488689,Phone,cancelled,2026-04-08T08:18:30.488706,1773f9d2-3516-4ff5-9acc-3b6a7b2ce872
9173b7ea-3d79-41a3-bdcd-1966b1058cb0,7179207a-0cc9-48e0-87e1-8cd7d2f9f721,bebdbef1-3be2-4351-a13f-43e46af2a5a2,f8667987-75d2-480b-8b64-abc71257d6db,,Sales Call,Meeting about quarterly review,2026-05-16T19:56:38.488712,2026-05-16T20:26:38.488712,Phone,cancelled,2026-07-06T12:10:33.488728,0002ada9-8f33-49a6-b9b4-7aa4a8a79084
d6236b1d-e494-4e75-acf0-c8cf1cbeac9a,7179207a-0cc9-48e0-87e1-8cd7d2f9f721,0002ada9-8f33-49a6-b9b4-7aa4a8a79084,3cac0e97-eae2-4a06-b7d2-150362c45ece,adf44606-ab7e-4cc2-9551-0fc122794f65,Contract Negotiation,Meeting about quarterly review,2026-08-03T16:06:44.488734,2026-08-03T16:51:44.488734,In Person,no_show,2026-05-10T16:59:54.488751,e16f7e8e-9f87-481c-a95f-799224a1dd30
33e76c46-75e0-4f19-b8d2-616329c1e2cc,7179207a-0cc9-48e0-87e1-8cd7d2f9f721,e16f7e8e-9f87-481c-a95f-799224a1dd30,,,Quarterly Review,Meeting about budget review,2026-09-01T14:49:54.488758,2026-09-01T15:04:54.488758,Teams,scheduled,2025-10-27T10:26:25.488772,b76f0d06-487f-4c14-97a4-859d3404b661
180a7662-6564-42b5-aa4f-005ceec169e6,7179207a-0cc9-48e0-87e1-8cd7d2f9f721,1773f9d2-3516-4ff5-9acc-3b6a7b2ce872,,,Sales Call,Meeting about product demo,2026-07-12T20:00:55.488779,2026-07-12T20:15:55.488779,Teams,completed,2026-03-18T07:21:21.488794,ece82b98-28d8-4c7e-94ba-1bb820731ba5
11d05adb-9842-49dd-a8f5-a7e3a0f533bf,7179207a-0cc9-48e0-87e1-8cd7d2f9f721,02fc8d0f-48ca-4ab5-95da-9f2f51d44e5b,,9083191a-e961-4244-95b9-d0a37265c1e7,Quarterly Review,Meeting about budget review,2026-06-25T08:11:34.488800,2026-06-25T08:56:34.488800,Teams,scheduled,2025-12-14T01:08:29.488816,1773f9d2-3516-4ff5-9acc-3b6a7b2ce872
c276335c-f898-47f6-88bf-7946f864a607,7179207a-0cc9-48e0-87e1-8cd7d2f9f721,a120de43-c4d0-46d0-8c1a-3b6044216650,43645aa4-457d-4cb2-912f-ab74ec66c85a,f94e67d4-75f6-4e82-b3da-91c33c2e2158,Training Workshop,Meeting about board meeting,2026-08-05T17:32:51.488828,2026-08-05T19:32:51.488828,Zoom,completed,2026-05-29T06:08:22.488846,b76f0d06-487f-4c14-97a4-859d3404b661
2a03c8a0-a12b-4499-855b-56e3adb56e32,7179207a-0cc9-48e0-87e1-8cd7d2f9f721,46cb662a-e863-4194-99df-ab55ff22701c,756f666e-12a2-43c0-a4a7-77dad57ec8e4,11b3e5b2-f777-4df1-815d-f2127cdf30e4,Performance Review,Meeting about onboarding session,2026-06-02T15:14:35.488853,2026-06-02T15:29:35.488853,Teams,no_show,2025-11-09T03:20:29.488870,e52849ba-01bf-4e30-a6ad-e02749ff23a9
8a14fb3b-8b28-4106-8e30-d45aff5f43aa,7179207a-0cc9-48e0-87e1-8cd7d2f9f721,02fc8d0f-48ca-4ab5-95da-9f2f51d44e5b,2496d64f-4948-4c16-8af9-81652e8a0955,,Training Workshop,Meeting about partnership discussion,2026-07-05T12:59:14.488876,2026-07-05T13:14:14.488876,Zoom,scheduled,2026-01-20T05:12:02.488896,bebdbef1-3be2-4351-a13f-43e46af2a5a2
13e21609-24a7-4a48-9020-50c2f14274f6,7179207a-0cc9-48e0-87e1-8cd7d2f9f721,b76f0d06-487f-4c14-97a4-859d3404b661,13d7e6ae-69ba-4f99-821e-92e9e89cf2e1,,Quarterly Review,Meeting about board meeting,2026-07-24T20:32:36.488902,2026-07-24T21:17:36.488902,Zoom,scheduled,2026-01-02T13:20:06.488919,8c00e028-41da-4e2c-91bf-e06c6f74595b
665a2917-32df-4198-a75e-a97eb4ee7523,7179207a-0cc9-48e0-87e1-8cd7d2f9f721,46cb662a-e863-4194-99df-ab55ff22701c,,7c636f72-b910-4754-97af-92ccee3f7cd2,Partnership Discussion,Meeting about partnership discussion,2026-06-26T01:20:18.488925,2026-06-26T01:35:18.488925,Google Meet,completed,2025-12-30T06:30:00.488941,1773f9d2-3516-4ff5-9acc-3b6a7b2ce872
cedfe05d-8756-41a1-b3c1-734dde9d8804,7179207a-0cc9-48e0-87e1-8cd7d2f9f721,46cb662a-e863-4194-99df-ab55ff22701c,,,Product Demo,Meeting about board meeting,2026-06-26T15:44:26.488947,2026-06-26T16:14:26.488947,Phone,cancelled,2026-02-10T15:04:14.488963,e16f7e8e-9f87-481c-a95f-799224a1dd30
89f66891-5298-446d-b4ad-817cadd37f61,7179207a-0cc9-48e0-87e1-8cd7d2f9f721,ded2cebc-b69e-4191-9d44-4929e9d428d1,33f339fb-7472-43da-8a4b-309b8e227d74,,Client Check-in,Meeting about board meeting,2026-06-10T15:42:52.488969,2026-06-10T17:42:52.488969,Phone,scheduled,2026-03-16T01:20:22.488985,0002ada9-8f33-49a6-b9b4-7aa4a8a79084
d1eaebf2-c4aa-4c95-bfd2-9b3377deae4b,7179207a-0cc9-48e0-87e1-8cd7d2f9f721,34cd9ae9-7de1-4193-9109-53462c16ece9,73aab3da-4af7-44e1-9b7d-c11d3b663112,,Support Call,Meeting about partnership discussion,2026-09-29T17:56:57.488991,2026-09-29T18:41:57.488991,Google Meet,no_show,2026-06-09T16:58:14.489007,8c00e028-41da-4e2c-91bf-e06c6f74595b
3c1f0d61-6de0-43eb-8069-866c6dc4f539,7179207a-0cc9-48e0-87e1-8cd7d2f9f721,0002ada9-8f33-49a6-b9b4-7aa4a8a79084,b33cf3b1-602a-43b3-99cd-0538cecbb7ee,,Budget Review,Meeting about contract negotiation,2026-09-29T00:27:43.489014,2026-09-29T02:27:43.489014,Teams,completed,2026-03-03T17:21:22.489030,02fc8d0f-48ca-4ab5-95da-9f2f51d44e5b
7a609af8-d2a2-4c78-9a93-44b9eb20c128,7179207a-0cc9-48e0-87e1-8cd7d2f9f721,34cd9ae9-7de1-4193-9109-53462c16ece9,55232c4f-4f0a-4b7a-b4b8-1d0cac331d36,,Project Update,Meeting about partnership discussion,2026-09-27T01:29:50.489036,2026-09-27T03:29:50.489036,Zoom,scheduled,2026-01-28T09:49:34.489053,02fc8d0f-48ca-4ab5-95da-9f2f51d44e5b
2c2fd57c-5962-4551-8aa0-c03501b057af,7179207a-0cc9-48e0-87e1-8cd7d2f9f721,46cb662a-e863-4194-99df-ab55ff22701c,c807ff17-4940-4bf1-8d11-0a0bb782d3b6,,Quarterly Review,Meeting about budget review,2026-08-06T03:41:06.489063,2026-08-06T03:56:06.489063,Zoom,no_show,2025-10-01T14:00:26.489079,a120de43-c4d0-46d0-8c1a-3b6044216650
aa875182-b0dc-4de5-aae3-1068f9ad49f5,7179207a-0cc9-48e0-87e1-8cd7d2f9f721,e16f7e8e-9f87-481c-a95f-799224a1dd30,429f4e46-f0b6-4e47-b8f1-a989d6527d55,,Contract Negotiation,Meeting about performance review,2026-06-02T07:17:26.489086,2026-06-02T08:17:26.489086,In Person,cancelled,2026-07-06T00:05:22.489103,7d137f66-8604-40bf-ba81-6af4667de5ac
a0c0b752-b903-4843-ae3f-0d84d8d970b8,7179207a-0cc9-48e0-87e1-8cd7d2f9f721,0002ada9-8f33-49a6-b9b4-7aa4a8a79084,aecc360e-9913-4852-b464-f1b16e00def8,1ffe625b-fe3d-4f1f-b6bd-52012579fd6c,Team Standup,Meeting about quarterly review,2026-10-07T01:59:53.489109,2026-10-07T02:14:53.489109,Phone,scheduled,2026-04-23T15:53:03.489126,e52849ba-01bf-4e30-a6ad-e02749ff23a9
3de82aaa-e4ef-4acd-b0a3-20353cf38e88,7179207a-0cc9-48e0-87e1-8cd7d2f9f721,e16f7e8e-9f87-481c-a95f-799224a1dd30,719a1cbc-a5f9-4c77-b3f2-705fc9a45322,,Quarterly Review,Meeting about sales call,2026-07-16T13:02:18.489133,2026-07-16T14:32:18.489133,In Person,cancelled,2026-03-03T00:29:35.489152,ece82b98-28d8-4c7e-94ba-1bb820731ba5
bd386041-0ba3-481f-951c-951d9eaf011a,7179207a-0cc9-48e0-87e1-8cd7d2f9f721,a120de43-c4d0-46d0-8c1a-3b6044216650,4d927ffa-fd11-401a-99e1-bc5f17f7f060,,Partnership Discussion,Meeting about support call,2026-08-26T20:58:54.489158,2026-08-26T21:43:54.489158,Phone,no_show,2026-03-13T07:53:54.489175,ded2cebc-b69e-4191-9d44-4929e9d428d1
b227aca9-9222-4d12-9b4d-eb8959b8f1bf,7179207a-0cc9-48e0-87e1-8cd7d2f9f721,de2d46fb-a956-4b96-bc60-115ccf0715a6,,,Partnership Discussion,Meeting about product demo,2026-05-12T23:28:40.489181,2026-05-12T23:58:40.489181,,cancelled,2026-08-01T13:16:15.489196,0002ada9-8f33-49a6-b9b4-7aa4a8a79084
2a03ba9d-1a2c-46cf-bb49-406a7bf15e41,7179207a-0cc9-48e0-87e1-8cd7d2f9f721,de2d46fb-a956-4b96-bc60-115ccf0715a6,,65314f51-d495-4ba3-ba74-e725f8777eb3,Contract Negotiation,Meeting about product demo,2026-07-22T09:24:17.489208,2026-07-22T10:54:17.489208,Zoom,scheduled,2026-04-24T08:24:20.489228,02fc8d0f-48ca-4ab5-95da-9f2f51d44e5b
521380fd-5da8-46a0-85ac-f2aa153a1cec,7179207a-0cc9-48e0-87e1-8cd7d2f9f721,de2d46fb-a956-4b96-bc60-115ccf0715a6,,3cec6dfd-136d-44cd-a96f-1f580d25785b,Contract Negotiation,Meeting about performance review,2026-07-15T14:52:28.489235,2026-07-15T15:52:28.489235,In Person,completed,2026-02-15T02:28:35.489252,bebdbef1-3be2-4351-a13f-43e46af2a5a2
b674d3af-5bd0-46e1-847d-e2144add4215,7179207a-0cc9-48e0-87e1-8cd7d2f9f721,bebdbef1-3be2-4351-a13f-43e46af2a5a2,,,Support Call,Meeting about client check-in,2026-09-16T05:53:37.489258,2026-09-16T06:53:37.489258,Google Meet,cancelled,2025-12-29T10:24:09.489277,ece82b98-28d8-4c7e-94ba-1bb820731ba5
b6da545b-38f2-48f7-9f14-d8d4d6aac8b5,7179207a-0cc9-48e0-87e1-8cd7d2f9f721,b76f0d06-487f-4c14-97a4-859d3404b661,50662fca-739e-4951-b864-3da1e6e0f7c7,,Partnership Discussion,Meeting about contract negotiation,2026-05-16T13:42:44.489283,2026-05-16T15:12:44.489283,Zoom,cancelled,2025-10-07T08:45:43.489299,8c00e028-41da-4e2c-91bf-e06c6f74595b
c63c971b-db55-4d48-8cc0-704f9873a6cf,7179207a-0cc9-48e0-87e1-8cd7d2f9f721,46cb662a-e863-4194-99df-ab55ff22701c,7ae192c9-8327-457d-8c80-ef723f43bef8,,Strategy Meeting,Meeting about quarterly review,2026-06-18T03:39:45.489309,2026-06-18T04:09:45.489309,Phone,completed,2026-03-17T02:39:35.489325,e52849ba-01bf-4e30-a6ad-e02749ff23a9
56672a44-6dd7-4000-99c1-607714385e33,7179207a-0cc9-48e0-87e1-8cd7d2f9f721,e52849ba-01bf-4e30-a6ad-e02749ff23a9,d99f9fe4-ee63-44b6-89cd-eac775d67ede,,Training Workshop,Meeting about product demo,2026-09-04T02:00:54.489331,2026-09-04T04:00:54.489331,In Person,cancelled,2025-09-02T14:13:07.489347,46cb662a-e863-4194-99df-ab55ff22701c
2496a7f3-a618-48ea-870d-4804bdcfb9e1,7179207a-0cc9-48e0-87e1-8cd7d2f9f721,e52849ba-01bf-4e30-a6ad-e02749ff23a9,,,Team Standup,Meeting about partnership discussion,2026-06-20T04:28:45.489354,2026-06-20T05:58:45.489354,Google Meet,scheduled,2026-03-08T21:59:33.489369,e16f7e8e-9f87-481c-a95f-799224a1dd30
735e211d-b9bb-46a0-a2a0-9a3aa1b3e9b5,7179207a-0cc9-48e0-87e1-8cd7d2f9f721,e16f7e8e-9f87-481c-a95f-799224a1dd30,,85bd1053-ac79-4766-8b29-cf54180a9fd3,Training Workshop,Meeting about team standup,2026-05-28T18:34:03.489375,2026-05-28T18:49:03.489375,Google Meet,cancelled,2026-01-20T08:16:47.489391,e52849ba-01bf-4e30-a6ad-e02749ff23a9
bf3dd0af-d9b7-4e56-a4d8-4e931e7e2f38,7179207a-0cc9-48e0-87e1-8cd7d2f9f721,7d137f66-8604-40bf-ba81-6af4667de5ac,bd3fa879-93e0-4908-9b4b-59d60b4ba4af,,Budget Review,Meeting about budget review,2026-10-29T00:26:13.489398,2026-10-29T01:26:13.489398,Phone,completed,2026-03-17T23:28:33.489414,34cd9ae9-7de1-4193-9109-53462c16ece9
fb3eb6aa-17ea-4905-913a-cae5a168cc98,7179207a-0cc9-48e0-87e1-8cd7d2f9f721,ece82b98-28d8-4c7e-94ba-1bb820731ba5,,,Project Update,Meeting about strategy meeting,2026-09-11T11:08:36.489420,2026-09-11T11:38:36.489420,In Person,cancelled,2026-06-18T06:29:13.489435,a120de43-c4d0-46d0-8c1a-3b6044216650
8b8ca79d-44cd-4a1f-946b-d880197eea31,7179207a-0cc9-48e0-87e1-8cd7d2f9f721,ded2cebc-b69e-4191-9d44-4929e9d428d1,,,Strategy Meeting,Meeting about strategy meeting,2026-08-15T11:09:15.489441,2026-08-15T11:39:15.489441,Google Meet,completed,2026-01-14T10:22:16.489456,34cd9ae9-7de1-4193-9109-53462c16ece9
a7880357-7ffc-44a4-be98-b62fa461740e,7179207a-0cc9-48e0-87e1-8cd7d2f9f721,de2d46fb-a956-4b96-bc60-115ccf0715a6,,,Contract Negotiation,Meeting about client check-in,2026-09-15T04:11:56.489463,2026-09-15T06:11:56.489463,Google Meet,completed,2026-07-12T18:05:45.489478,e52849ba-01bf-4e30-a6ad-e02749ff23a9
7b6f678d-d0fc-4a8a-85bf-f0fa12195007,7179207a-0cc9-48e0-87e1-8cd7d2f9f721,7d137f66-8604-40bf-ba81-6af4667de5ac,,,Project Update,Meeting about product demo,2026-10-22T05:32:50.489484,2026-10-22T07:32:50.489484,Teams,cancelled,2026-02-19T19:37:29.489498,ded2cebc-b69e-4191-9d44-4929e9d428d1
919ddb51-6bc8-431c-bf78-04135ee59a77,7179207a-0cc9-48e0-87e1-8cd7d2f9f721,46cb662a-e863-4194-99df-ab55ff22701c,,f1a65f9f-982c-4e90-9983-ae68077c5684,Performance Review,Meeting about team standup,2026-06-07T01:33:50.489505,2026-06-07T02:33:50.489505,,scheduled,2026-02-15T09:30:38.489521,a120de43-c4d0-46d0-8c1a-3b6044216650
3c22a263-2774-4945-afe5-46eb76a5b4b9,7179207a-0cc9-48e0-87e1-8cd7d2f9f721,e52849ba-01bf-4e30-a6ad-e02749ff23a9,,,Client Check-in,Meeting about board meeting,2026-06-04T11:07:37.489532,2026-06-04T11:52:37.489532,Phone,scheduled,2026-06-14T04:47:08.489552,34cd9ae9-7de1-4193-9109-53462c16ece9
207a40f8-5002-48f1-9d14-4609643d89dc,7179207a-0cc9-48e0-87e1-8cd7d2f9f721,34cd9ae9-7de1-4193-9109-53462c16ece9,,,Sales Call,Meeting about project update,2026-07-16T11:13:28.489558,2026-07-16T11:28:28.489558,Google Meet,scheduled,2025-11-09T04:16:03.489573,8c00e028-41da-4e2c-91bf-e06c6f74595b
040553a3-f283-49a7-a546-5453d872dc54,7179207a-0cc9-48e0-87e1-8cd7d2f9f721,ded2cebc-b69e-4191-9d44-4929e9d428d1,,,Training Workshop,Meeting about contract negotiation,2026-08-08T17:20:54.489579,2026-08-08T18:05:54.489579,Google Meet,completed,2026-02-23T06:51:43.489594,8c00e028-41da-4e2c-91bf-e06c6f74595b
963f6f0e-4f45-4919-979e-d61ea886e014,7179207a-0cc9-48e0-87e1-8cd7d2f9f721,ded2cebc-b69e-4191-9d44-4929e9d428d1,7397500f-38fd-4405-8763-fb7c5f74bb43,037fb88f-2ca3-4292-a239-d5241e012d27,Sales Call,Meeting about client check-in,2026-09-03T09:57:59.489601,2026-09-03T11:27:59.489601,Teams,scheduled,2025-08-30T03:59:43.489617,46cb662a-e863-4194-99df-ab55ff22701c
a8656730-fb86-4062-81e7-688408f8768e,7179207a-0cc9-48e0-87e1-8cd7d2f9f721,ece82b98-28d8-4c7e-94ba-1bb820731ba5,b8a55ca4-7069-49da-8ae7-bfcb4d258b25,,Product Demo,Meeting about partnership discussion,2026-05-29T02:20:31.489623,2026-05-29T02:50:31.489623,In Person,cancelled,2026-04-28T01:39:54.489640,8c00e028-41da-4e2c-91bf-e06c6f74595b
d61de2a9-8370-4d7c-9317-d182ab6872ec,7179207a-0cc9-48e0-87e1-8cd7d2f9f721,bebdbef1-3be2-4351-a13f-43e46af2a5a2,2e101de1-c918-4865-9690-02bf26f9f2b7,,Product Demo,Meeting about contract negotiation,2026-08-04T22:20:55.489651,2026-08-05T00:20:55.489651,Teams,no_show,2026-08-02T20:25:57.489668,a120de43-c4d0-46d0-8c1a-3b6044216650
6432b3e9-8ab8-4f9b-a402-a22eab97070b,7179207a-0cc9-48e0-87e1-8cd7d2f9f721,de2d46fb-a956-4b96-bc60-115ccf0715a6,92e343ea-9d73-4627-8d92-f747b147a3c3,,Client Check-in,Meeting about team standup,2026-10-17T06:12:40.489674,2026-10-17T08:12:40.489674,Google Meet,scheduled,2025-09-30T14:17:53.489690,1773f9d2-3516-4ff5-9acc-3b6a7b2ce872
d43e3c4d-cfc6-4c9f-b3db-34be7415c7d2,7179207a-0cc9-48e0-87e1-8cd7d2f9f721,7d137f66-8604-40bf-ba81-6af4667de5ac,,,Board Meeting,Meeting about project update,2026-11-05T14:46:14.489697,2026-11-05T16:46:14.489697,Teams,completed,2026-08-02T11:33:24.489712,bebdbef1-3be2-4351-a13f-43e46af2a5a2
9fff93fc-8121-4e04-8bab-cd17e840d83d,7179207a-0cc9-48e0-87e1-8cd7d2f9f721,bebdbef1-3be2-4351-a13f-43e46af2a5a2,7c911e45-4e05-41d0-8472-5f1c1a5a8f11,b11eeec4-0cb5-4efd-a507-81b8e3378077,Contract Negotiation,Meeting about quarterly review,2026-10-04T14:21:11.489718,2026-10-04T15:06:11.489718,Zoom,completed,2026-05-11T08:46:18.489734,7d137f66-8604-40bf-ba81-6af4667de5ac
ab76e3aa-076e-409d-ab99-c609b5f8a40f,7179207a-0cc9-48e0-87e1-8cd7d2f9f721,46cb662a-e863-4194-99df-ab55ff22701c,a03d5b3b-29fe-4882-8f7b-253f8fec9db5,,Partnership Discussion,Meeting about contract negotiation,2026-10-25T01:32:05.489741,2026-10-25T02:32:05.489741,Zoom,cancelled,2026-07-30T13:27:32.489756,ece82b98-28d8-4c7e-94ba-1bb820731ba5
c2342fb8-7244-4145-abb4-6f2800d70a10,7179207a-0cc9-48e0-87e1-8cd7d2f9f721,a120de43-c4d0-46d0-8c1a-3b6044216650,173906f4-61f8-4866-92f0-d412dea68934,659a406e-3db7-4695-b077-2b7e3d7cf776,Training Workshop,Meeting about performance review,2026-06-27T10:45:11.489767,2026-06-27T11:15:11.489767,Phone,completed,2026-07-24T12:58:50.489784,de2d46fb-a956-4b96-bc60-115ccf0715a6
815ac32f-24c2-4f85-9887-b49e57da8ebd,7179207a-0cc9-48e0-87e1-8cd7d2f9f721,e52849ba-01bf-4e30-a6ad-e02749ff23a9,,,Board Meeting,Meeting about project update,2026-08-15T04:08:30.489790,2026-08-15T04:53:30.489790,Phone,completed,2025-08-31T18:24:24.489805,7d137f66-8604-40bf-ba81-6af4667de5ac
b3547321-1b14-45ee-a476-005e5286be7d,7179207a-0cc9-48e0-87e1-8cd7d2f9f721,de2d46fb-a956-4b96-bc60-115ccf0715a6,,,Performance Review,Meeting about sales call,2026-06-22T04:08:09.489811,2026-06-22T04:53:09.489811,,scheduled,2026-02-12T04:37:19.489826,bebdbef1-3be2-4351-a13f-43e46af2a5a2
6bf18149-2fbf-4b9b-b898-d28cc2d32624,7179207a-0cc9-48e0-87e1-8cd7d2f9f721,ded2cebc-b69e-4191-9d44-4929e9d428d1,,7ce6bc17-6373-4315-bee6-8ce2f0b842ad,Strategy Meeting,Meeting about quarterly review,2026-10-22T23:33:46.489832,2026-10-23T00:03:46.489832,,completed,2026-03-09T00:50:00.489848,e52849ba-01bf-4e30-a6ad-e02749ff23a9
3ffdd530-c125-4205-a96a-f2c75c62fa97,7179207a-0cc9-48e0-87e1-8cd7d2f9f721,1773f9d2-3516-4ff5-9acc-3b6a7b2ce872,5e138ad9-aadc-444b-b3fc-b3f9de642fb7,,Contract Negotiation,Meeting about partnership discussion,2026-05-26T19:16:37.489858,2026-05-26T20:16:37.489858,Google Meet,cancelled,2026-06-06T18:13:22.489874,0002ada9-8f33-49a6-b9b4-7aa4a8a79084
c18f64a6-e2f7-4250-8b17-6ecebd941ff8,7179207a-0cc9-48e0-87e1-8cd7d2f9f721,8c00e028-41da-4e2c-91bf-e06c6f74595b,,,Strategy Meeting,Meeting about product demo,2026-09-05T09:40:09.489880,2026-09-05T10:10:09.489880,Phone,completed,2026-05-23T16:13:16.489896,b76f0d06-487f-4c14-97a4-859d3404b661
fdce7cd4-681d-4bde-b96e-5082c5eeb10b,7179207a-0cc9-48e0-87e1-8cd7d2f9f721,7d137f66-8604-40bf-ba81-6af4667de5ac,,,Onboarding Session,Meeting about performance review,2026-07-25T12:50:50.489902,2026-07-25T13:50:50.489902,Phone,cancelled,2026-03-09T01:07:23.489917,ded2cebc-b69e-4191-9d44-4929e9d428d1
bcac7c16-5636-48d2-814f-975e5568424f,7179207a-0cc9-48e0-87e1-8cd7d2f9f721,de2d46fb-a956-4b96-bc60-115ccf0715a6,489ab1fa-be6d-4a66-8cd8-15037a9efd9b,,Project Update,Meeting about product demo,2026-05-14T07:49:37.489923,2026-05-14T08:19:37.489923,In Person,cancelled,2026-02-01T10:08:53.489939,8c00e028-41da-4e2c-91bf-e06c6f74595b
d074435d-1c24-4b02-a960-c781c0ea4a82,7179207a-0cc9-48e0-87e1-8cd7d2f9f721,34cd9ae9-7de1-4193-9109-53462c16ece9,,6b1fce56-6c98-41e4-9213-bf407c4ea64b,Sales Call,Meeting about budget review,2026-07-04T12:32:58.489945,2026-07-04T13:02:58.489945,Phone,cancelled,2026-06-08T15:19:35.489961,8c00e028-41da-4e2c-91bf-e06c6f74595b
a57f8ec5-33fe-4222-97cd-da25aaa773e6,7179207a-0cc9-48e0-87e1-8cd7d2f9f721,e52849ba-01bf-4e30-a6ad-e02749ff23a9,,,Training Workshop,Meeting about strategy meeting,2026-06-15T07:01:44.489967,2026-06-15T08:31:44.489967,,cancelled,2026-02-04T08:45:41.489982,8c00e028-41da-4e2c-91bf-e06c6f74595b
09d7f2ac-4edd-4086-8255-f3c8599b90bc,7179207a-0cc9-48e0-87e1-8cd7d2f9f721,8c00e028-41da-4e2c-91bf-e06c6f74595b,,6b0af088-ddc4-4157-8aa3-64774c0c70df,Project Update,Meeting about quarterly review,2026-10-03T15:07:20.489992,2026-10-03T15:37:20.489992,Phone,scheduled,2025-09-27T12:00:52.490012,e52849ba-01bf-4e30-a6ad-e02749ff23a9
d3557360-aa36-43e6-952d-dadd0ad8ec95,7179207a-0cc9-48e0-87e1-8cd7d2f9f721,e16f7e8e-9f87-481c-a95f-799224a1dd30,,7bd44fe2-d9fa-4fae-8b7c-796f23965d4d,Training Workshop,Meeting about board meeting,2026-09-02T04:07:25.490019,2026-09-02T04:37:25.490019,,cancelled,2026-04-11T16:30:17.490034,de2d46fb-a956-4b96-bc60-115ccf0715a6
dba367fa-76b4-4f82-b2ea-c6fca842f6ff,7179207a-0cc9-48e0-87e1-8cd7d2f9f721,7d137f66-8604-40bf-ba81-6af4667de5ac,eef3b6db-cb3c-49bd-be43-5c7a02d01638,,Contract Negotiation,Meeting about team standup,2026-06-25T20:16:16.490040,2026-06-25T21:46:16.490040,,no_show,2026-01-26T02:26:54.490056,46cb662a-e863-4194-99df-ab55ff22701c
a8994a3d-3abc-430a-b1f5-6d72ab043779,7179207a-0cc9-48e0-87e1-8cd7d2f9f721,46cb662a-e863-4194-99df-ab55ff22701c,09289b37-1524-44ce-afb0-f1fce407994a,,Sales Call,Meeting about board meeting,2026-10-21T01:22:20.490062,2026-10-21T01:37:20.490062,Teams,scheduled,2025-12-12T14:46:57.490078,02fc8d0f-48ca-4ab5-95da-9f2f51d44e5b
045c6146-2a0f-47d1-8367-f2ca0ccfd87d,7179207a-0cc9-48e0-87e1-8cd7d2f9f721,a120de43-c4d0-46d0-8c1a-3b6044216650,,,Product Demo,Meeting about sales call,2026-07-03T07:10:56.490085,2026-07-03T08:10:56.490085,Teams,scheduled,2025-09-03T06:46:11.490100,34cd9ae9-7de1-4193-9109-53462c16ece9
e3beca9d-31bc-47f8-a17e-f9b93011f551,7179207a-0cc9-48e0-87e1-8cd7d2f9f721,e16f7e8e-9f87-481c-a95f-799224a1dd30,4964c254-c120-4b80-b7d6-480bd8a14525,4b4a4d5b-c2a2-4290-9cf5-241676a2a36f,Team Standup,Meeting about onboarding session,2026-08-24T12:55:11.490107,2026-08-24T13:40:11.490107,In Person,completed,2026-07-09T01:58:47.490124,34cd9ae9-7de1-4193-9109-53462c16ece9
c50b05d1-2e6f-4288-9261-558d95452cc0,7179207a-0cc9-48e0-87e1-8cd7d2f9f721,ded2cebc-b69e-4191-9d44-4929e9d428d1,,,Team Standup,Meeting about strategy meeting,2026-07-31T08:18:40.490130,2026-07-31T09:18:40.490130,,scheduled,2025-08-29T05:36:02.490145,e52849ba-01bf-4e30-a6ad-e02749ff23a9
2c133c9d-3817-4b1f-aaf3-9b672fdb3b07,7179207a-0cc9-48e0-87e1-8cd7d2f9f721,de2d46fb-a956-4b96-bc60-115ccf0715a6,7df3744f-305f-4c72-96a4-3e4d00358354,8793b0c4-6397-4fb5-8318-63569800917c,Partnership Discussion,Meeting about support call,2026-10-23T11:29:33.490151,2026-10-23T12:29:33.490151,Phone,completed,2026-04-29T20:59:20.490175,ece82b98-28d8-4c7e-94ba-1bb820731ba5
74919489-010a-4852-bbf1-797ff501b496,7179207a-0cc9-48e0-87e1-8cd7d2f9f721,46cb662a-e863-4194-99df-ab55ff22701c,,,Performance Review,Meeting about board meeting,2026-06-13T20:56:17.490182,2026-06-13T22:26:17.490182,Google Meet,completed,2026-04-10T19:35:53.490197,34cd9ae9-7de1-4193-9109-53462c16ece9
1a0e693b-ecb6-409f-90df-335d42aeb6fb,7179207a-0cc9-48e0-87e1-8cd7d2f9f721,46cb662a-e863-4194-99df-ab55ff22701c,,,Contract Negotiation,Meeting about sales call,2026-10-14T09:24:16.490203,2026-10-14T09:39:16.490203,Zoom,no_show,2026-02-24T09:19:19.490218,de2d46fb-a956-4b96-bc60-115ccf0715a6
31fff8dc-6a1d-48cb-9954-482494bf6dcb,7179207a-0cc9-48e0-87e1-8cd7d2f9f721,1773f9d2-3516-4ff5-9acc-3b6a7b2ce872,94d95d38-65fc-49db-8efa-ee963ede81e2,7094c100-3b4f-407e-a2aa-3dd63686f34c,Client Check-in,Meeting about product demo,2026-07-23T16:10:46.490227,2026-07-23T16:40:46.490227,Phone,scheduled,2026-01-25T09:57:42.490245,8c00e028-41da-4e2c-91bf-e06c6f74595b
07009310-457f-4574-aad3-8d284f41bd12,7179207a-0cc9-48e0-87e1-8cd7d2f9f721,34cd9ae9-7de1-4193-9109-53462c16ece9,24ab31ab-838f-4b24-8b40-6e9e6016e87d,,Support Call,Meeting about budget review,2026-06-10T21:44:33.490251,2026-06-10T22:14:33.490251,,scheduled,2026-06-15T02:59:49.490267,bebdbef1-3be2-4351-a13f-43e46af2a5a2
36135234-630c-4ad5-a3cc-9ce30953be48,7179207a-0cc9-48e0-87e1-8cd7d2f9f721,8c00e028-41da-4e2c-91bf-e06c6f74595b,6663170b-329d-4d73-9ac8-10d8322055c3,,Strategy Meeting,Meeting about board meeting,2026-10-10T21:50:43.490273,2026-10-10T23:50:43.490273,Teams,cancelled,2026-01-06T23:48:45.490289,bebdbef1-3be2-4351-a13f-43e46af2a5a2
71e7c347-50be-4b40-820d-02933272071c,7179207a-0cc9-48e0-87e1-8cd7d2f9f721,46cb662a-e863-4194-99df-ab55ff22701c,,,Team Standup,Meeting about support call,2026-09-22T02:06:05.490296,2026-09-22T04:06:05.490296,Teams,completed,2025-12-23T06:21:30.490311,34cd9ae9-7de1-4193-9109-53462c16ece9
a3d24f80-98ce-4ebe-9511-a5184be992da,7179207a-0cc9-48e0-87e1-8cd7d2f9f721,de2d46fb-a956-4b96-bc60-115ccf0715a6,,15e369ff-f2dc-4b9d-8b64-bde351a2aab8,Support Call,Meeting about onboarding session,2026-09-27T03:57:36.490317,2026-09-27T04:57:36.490317,Zoom,no_show,2025-09-09T04:14:23.490333,bebdbef1-3be2-4351-a13f-43e46af2a5a2
0c24d7c7-9ac4-47d5-a371-1463d645f8b9,7179207a-0cc9-48e0-87e1-8cd7d2f9f721,8c00e028-41da-4e2c-91bf-e06c6f74595b,,9083191a-e961-4244-95b9-d0a37265c1e7,Performance Review,Meeting about project update,2026-08-19T17:36:21.490339,2026-08-19T18:36:21.490339,,completed,2026-02-06T04:48:21.490354,de2d46fb-a956-4b96-bc60-115ccf0715a6
79a7f0ba-07fd-4fc2-a856-5ada7df2bd5c,7179207a-0cc9-48e0-87e1-8cd7d2f9f721,ded2cebc-b69e-4191-9d44-4929e9d428d1,,,Performance Review,Meeting about sales call,2026-09-05T06:41:34.490361,2026-09-05T08:41:34.490361,Phone,completed,2026-06-26T18:44:47.490376,a120de43-c4d0-46d0-8c1a-3b6044216650
81030f28-b2e9-45f8-9b4a-5562548b781b,7179207a-0cc9-48e0-87e1-8cd7d2f9f721,1773f9d2-3516-4ff5-9acc-3b6a7b2ce872,,,Partnership Discussion,Meeting about performance review,2026-09-08T04:13:43.490382,2026-09-08T06:13:43.490382,Google Meet,scheduled,2025-10-30T07:52:01.490397,e16f7e8e-9f87-481c-a95f-799224a1dd30
2f8d2188-0d23-4644-b524-536f8981d647,7179207a-0cc9-48e0-87e1-8cd7d2f9f721,e16f7e8e-9f87-481c-a95f-799224a1dd30,,6fe5ca92-5618-4530-8032-70e178ade3a2,Quarterly Review,Meeting about board meeting,2026-08-15T02:03:41.490403,2026-08-15T03:33:41.490403,Google Meet,scheduled,2026-08-01T19:03:29.490419,02fc8d0f-48ca-4ab5-95da-9f2f51d44e5b
3294df76-a161-4a01-97c8-51a49544bdda,7179207a-0cc9-48e0-87e1-8cd7d2f9f721,a120de43-c4d0-46d0-8c1a-3b6044216650,a4462845-3a5d-4ccf-9452-3c9572657de0,,Team Standup,Meeting about board meeting,2026-09-26T13:04:35.490425,2026-09-26T13:49:35.490425,Teams,cancelled,2025-10-22T17:41:50.490442,e52849ba-01bf-4e30-a6ad-e02749ff23a9
a45d68c0-3915-44c4-b369-058444764e2b,7179207a-0cc9-48e0-87e1-8cd7d2f9f721,1773f9d2-3516-4ff5-9acc-3b6a7b2ce872,7c4ec16b-9dfa-4332-bc83-b5465912fdd5,9d1affba-134a-4d12-b727-72e6f59d1cb6,Client Check-in,Meeting about partnership discussion,2026-05-15T01:36:43.490454,2026-05-15T03:36:43.490454,In Person,scheduled,2026-07-11T11:42:50.490472,02fc8d0f-48ca-4ab5-95da-9f2f51d44e5b
31b0e47a-7ace-4b5e-b458-0a45ae49fe36,7179207a-0cc9-48e0-87e1-8cd7d2f9f721,ece82b98-28d8-4c7e-94ba-1bb820731ba5,,,Project Update,Meeting about partnership discussion,2026-09-19T22:29:51.490481,2026-09-19T22:59:51.490481,Zoom,no_show,2026-06-29T12:27:14.490497,de2d46fb-a956-4b96-bc60-115ccf0715a6
fbd66692-f96b-4633-bba0-628d7c85cdf8,7179207a-0cc9-48e0-87e1-8cd7d2f9f721,b76f0d06-487f-4c14-97a4-859d3404b661,,,Project Update,Meeting about performance review,2026-06-21T13:17:30.490503,2026-06-21T14:02:30.490503,Teams,cancelled,2026-02-05T01:40:05.490518,34cd9ae9-7de1-4193-9109-53462c16ece9
84027a4b-2b31-418f-b9ba-e900f333e1e9,7179207a-0cc9-48e0-87e1-8cd7d2f9f721,7d137f66-8604-40bf-ba81-6af4667de5ac,,313436d5-1805-4a62-b594-692b55daca2e,Project Update,Meeting about support call,2026-07-22T23:52:18.490524,2026-07-23T00:07:18.490524,Teams,no_show,2025-12-19T19:13:34.490540,bebdbef1-3be2-4351-a13f-43e46af2a5a2
b9dd8866-78db-4d5a-93b2-2a8d72fda25a,7179207a-0cc9-48e0-87e1-8cd7d2f9f721,a120de43-c4d0-46d0-8c1a-3b6044216650,533c34be-4fa3-45a4-a72a-1e752736feca,b11eeec4-0cb5-4efd-a507-81b8e3378077,Team Standup,Meeting about budget review,2026-08-19T12:40:58.490546,2026-08-19T12:55:58.490546,Phone,scheduled,2025-12-28T11:50:38.490562,8c00e028-41da-4e2c-91bf-e06c6f74595b
cd462d52-78c8-4244-b9cd-07b7b047e1cf,7179207a-0cc9-48e0-87e1-8cd7d2f9f721,e52849ba-01bf-4e30-a6ad-e02749ff23a9,,,Sales Call,Meeting about partnership discussion,2026-09-14T00:01:26.490569,2026-09-14T00:46:26.490569,Google Meet,no_show,2025-10-24T13:28:55.490584,34cd9ae9-7de1-4193-9109-53462c16ece9
d57be712-8bb6-477e-91a9-d0e6d8b2c514,7179207a-0cc9-48e0-87e1-8cd7d2f9f721,7d137f66-8604-40bf-ba81-6af4667de5ac,f8ad58da-e179-43c2-afe7-e9fdddf5caa2,,Partnership Discussion,Meeting about project update,2026-07-22T04:20:54.490590,2026-07-22T05:50:54.490590,Teams,completed,2026-04-25T22:24:14.490606,46cb662a-e863-4194-99df-ab55ff22701c
ad6c4fc5-b234-49a9-b9ae-c229a29d9d71,7179207a-0cc9-48e0-87e1-8cd7d2f9f721,de2d46fb-a956-4b96-bc60-115ccf0715a6,,,Sales Call,Meeting about client check-in,2026-06-24T06:50:29.490612,2026-06-24T08:20:29.490612,Phone,scheduled,2026-02-13T02:01:58.490627,1773f9d2-3516-4ff5-9acc-3b6a7b2ce872
5ff2deed-ba62-441e-96da-15ca88a0a9b8,7179207a-0cc9-48e0-87e1-8cd7d2f9f721,7d137f66-8604-40bf-ba81-6af4667de5ac,3718a651-2c23-4200-a483-29206f9eb67a,08b551b0-8133-4971-9bc3-7fa867d8f935,Product Demo,Meeting about client check-in,2026-07-31T12:55:26.490634,2026-07-31T13:55:26.490634,In Person,cancelled,2026-08-04T11:48:09.490654,ded2cebc-b69e-4191-9d44-4929e9d428d1
20d2dda0-1509-4d26-b33a-34ae1367f8c3,7179207a-0cc9-48e0-87e1-8cd7d2f9f721,de2d46fb-a956-4b96-bc60-115ccf0715a6,,,Client Check-in,Meeting about board meeting,2026-06-24T21:39:41.490661,2026-06-24T22:24:41.490661,Phone,cancelled,2026-06-21T11:30:53.490676,0002ada9-8f33-49a6-b9b4-7aa4a8a79084
33011541-a99f-48d2-8cf9-8da00019a011,7179207a-0cc9-48e0-87e1-8cd7d2f9f721,a120de43-c4d0-46d0-8c1a-3b6044216650,,0e381dd3-455f-4ab4-9a8f-299c3aaa7eb8,Partnership Discussion,Meeting about performance review,2026-06-23T16:00:22.490685,2026-06-23T16:30:22.490685,Phone,scheduled,2025-08-23T19:33:37.490701,7d137f66-8604-40bf-ba81-6af4667de5ac
5703a0d6-6a04-4d8e-b3ae-66a10031575a,7179207a-0cc9-48e0-87e1-8cd7d2f9f721,0002ada9-8f33-49a6-b9b4-7aa4a8a79084,,,Project Update,Meeting about board meeting,2026-09-17T15:08:43.490708,2026-09-17T15:53:43.490708,In Person,scheduled,2025-11-07T05:28:20.490722,46cb662a-e863-4194-99df-ab55ff22701c
308ac15c-548c-4214-b3f7-cb9bebac002f,7179207a-0cc9-48e0-87e1-8cd7d2f9f721,8c00e028-41da-4e2c-91bf-e06c6f74595b,27517cc9-f2c9-4611-87c5-4568ab1f8291,,Sales Call,Meeting about project update,2026-08-07T16:41:17.490729,2026-08-07T17:26:17.490729,Teams,completed,2025-08-31T23:26:17.490746,7d137f66-8604-40bf-ba81-6af4667de5ac
876377ef-b6a2-4300-9512-2c8156dadaf1,7179207a-0cc9-48e0-87e1-8cd7d2f9f721,8c00e028-41da-4e2c-91bf-e06c6f74595b,,6fe5ca92-5618-4530-8032-70e178ade3a2,Board Meeting,Meeting about board meeting,2026-07-02T04:15:33.490752,2026-07-02T06:15:33.490752,Teams,scheduled,2025-10-27T21:52:18.490767,7d137f66-8604-40bf-ba81-6af4667de5ac
6aeef62e-3b08-4ec3-a01b-f6e64316fabb,7179207a-0cc9-48e0-87e1-8cd7d2f9f721,1773f9d2-3516-4ff5-9acc-3b6a7b2ce872,,,Quarterly Review,Meeting about training workshop,2026-08-17T17:05:59.490774,2026-08-17T17:35:59.490774,Teams,scheduled,2026-03-02T04:38:00.490792,02fc8d0f-48ca-4ab5-95da-9f2f51d44e5b
6eb94285-e646-4c28-bd13-3e5845453496,7179207a-0cc9-48e0-87e1-8cd7d2f9f721,46cb662a-e863-4194-99df-ab55ff22701c,ca305d88-402c-4ba8-b860-73a7069f26be,,Strategy Meeting,Meeting about partnership discussion,2026-07-15T02:00:56.490803,2026-07-15T02:15:56.490803,In Person,completed,2026-07-12T22:31:50.490821,b76f0d06-487f-4c14-97a4-859d3404b661
797efe5c-b51b-4405-a339-620c950b491e,7179207a-0cc9-48e0-87e1-8cd7d2f9f721,bebdbef1-3be2-4351-a13f-43e46af2a5a2,,c5b8c6a6-fb32-48ab-96f3-d3504cce33da,Budget Review,Meeting about client check-in,2026-06-29T02:01:28.490827,2026-06-29T04:01:28.490827,,cancelled,2026-02-06T12:25:08.490843,7d137f66-8604-40bf-ba81-6af4667de5ac
94ebd8ca-877a-499b-94ba-073e66422c24,7179207a-0cc9-48e0-87e1-8cd7d2f9f721,02fc8d0f-48ca-4ab5-95da-9f2f51d44e5b,,,Contract Negotiation,Meeting about board meeting,2026-06-28T17:20:15.490849,2026-06-28T18:20:15.490849,Teams,cancelled,2025-12-26T10:35:02.490864,46cb662a-e863-4194-99df-ab55ff22701c
63ef883d-2109-449d-9711-10b1dba1f8c2,7179207a-0cc9-48e0-87e1-8cd7d2f9f721,bebdbef1-3be2-4351-a13f-43e46af2a5a2,,,Project Update,Meeting about performance review,2026-07-13T14:05:48.490870,2026-07-13T14:20:48.490870,Zoom,cancelled,2026-06-14T06:21:51.490885,e16f7e8e-9f87-481c-a95f-799224a1dd30
ff0bc3ac-0eae-4323-bc62-a815be7da72d,7179207a-0cc9-48e0-87e1-8cd7d2f9f721,02fc8d0f-48ca-4ab5-95da-9f2f51d44e5b,,,Training Workshop,Meeting about project update,2026-07-07T21:47:54.490891,2026-07-07T23:47:54.490891,Phone,completed,2025-09-29T01:18:25.490906,de2d46fb-a956-4b96-bc60-115ccf0715a6
77b98ab3-a8ab-480d-950c-b0b63829e141,7179207a-0cc9-48e0-87e1-8cd7d2f9f721,e16f7e8e-9f87-481c-a95f-799224a1dd30,,,Support Call,Meeting about onboarding session,2026-07-23T14:53:57.490915,2026-07-23T15:23:57.490915,Teams,cancelled,2026-03-02T08:44:41.490931,46cb662a-e863-4194-99df-ab55ff22701c
11fc3160-1454-4550-92f5-ea599e9ee425,7179207a-0cc9-48e0-87e1-8cd7d2f9f721,b76f0d06-487f-4c14-97a4-859d3404b661,,,Support Call,Meeting about support call,2026-09-05T22:35:01.490937,2026-09-05T23:05:01.490937,,scheduled,2026-07-26T22:04:58.490951,e16f7e8e-9f87-481c-a95f-799224a1dd30
fe91c9ad-3a5c-4860-a4f2-2dae7459ff00,7179207a-0cc9-48e0-87e1-8cd7d2f9f721,8c00e028-41da-4e2c-91bf-e06c6f74595b,,4caf741a-e130-4f65-bca2-02b64f10598f,Project Update,Meeting about support call,2026-09-04T16:33:21.490957,2026-09-04T18:03:21.490957,Phone,scheduled,2025-08-15T21:53:07.490973,ece82b98-28d8-4c7e-94ba-1bb820731ba5
c732560f-e2bf-469e-a7e6-47540be022a1,7179207a-0cc9-48e0-87e1-8cd7d2f9f721,bebdbef1-3be2-4351-a13f-43e46af2a5a2,,,Budget Review,Meeting about strategy meeting,2026-09-10T04:15:11.490979,2026-09-10T06:15:11.490979,,completed,2025-12-02T10:30:29.490994,8c00e028-41da-4e2c-91bf-e06c6f74595b
2538a747-c50a-4707-b37d-5e17306c9375,7179207a-0cc9-48e0-87e1-8cd7d2f9f721,7d137f66-8604-40bf-ba81-6af4667de5ac,5444713b-f7e2-4d43-94d9-69572f9a280b,,Client Check-in,Meeting about client check-in,2026-08-01T05:43:04.491000,2026-08-01T07:43:04.491000,,cancelled,2025-10-25T18:15:53.491016,46cb662a-e863-4194-99df-ab55ff22701c
90860b21-a3a8-40cf-b1de-8675303e46e0,7179207a-0cc9-48e0-87e1-8cd7d2f9f721,a120de43-c4d0-46d0-8c1a-3b6044216650,,,Project Update,Meeting about contract negotiation,2026-07-24T09:05:03.491023,2026-07-24T10:35:03.491023,Google Meet,cancelled,2025-10-11T19:23:57.491038,b76f0d06-487f-4c14-97a4-859d3404b661
e9fd90fe-2b84-45e4-94f0-3f3b3634a080,7179207a-0cc9-48e0-87e1-8cd7d2f9f721,34cd9ae9-7de1-4193-9109-53462c16ece9,146d42a0-702f-4292-9ddc-77d90c6742c9,73a044a9-2818-4af3-bc41-fd41b47757ba,Strategy Meeting,Meeting about quarterly review,2026-08-11T03:31:10.491044,2026-08-11T05:31:10.491044,,scheduled,2026-07-23T20:15:52.491061,b76f0d06-487f-4c14-97a4-859d3404b661
a04bd834-0f30-4be3-aa18-c05982dfa87a,7179207a-0cc9-48e0-87e1-8cd7d2f9f721,b76f0d06-487f-4c14-97a4-859d3404b661,6bfc5e04-9a33-4b23-bfdc-b03bb747ecff,,Project Update,Meeting about budget review,2026-10-31T17:31:29.491067,2026-10-31T18:16:29.491067,Zoom,cancelled,2026-01-15T02:34:42.491083,bebdbef1-3be2-4351-a13f-43e46af2a5a2
e1389ccf-4836-4268-9c64-a6c8ee970270,7179207a-0cc9-48e0-87e1-8cd7d2f9f721,bebdbef1-3be2-4351-a13f-43e46af2a5a2,,,Contract Negotiation,Meeting about partnership discussion,2026-07-10T15:19:38.491089,2026-07-10T15:49:38.491089,Zoom,scheduled,2026-06-06T11:31:22.491107,bebdbef1-3be2-4351-a13f-43e46af2a5a2
12886c91-3e35-4f25-b572-2c661ceab1e4,7179207a-0cc9-48e0-87e1-8cd7d2f9f721,34cd9ae9-7de1-4193-9109-53462c16ece9,,2d80020a-ca1a-4767-9e00-b33d5ccb2abb,Product Demo,Meeting about board meeting,2026-09-22T01:47:07.491114,2026-09-22T02:17:07.491114,In Person,no_show,2025-09-19T15:50:46.491130,ece82b98-28d8-4c7e-94ba-1bb820731ba5
86942801-768d-45a4-a770-d5c663762954,7179207a-0cc9-48e0-87e1-8cd7d2f9f721,34cd9ae9-7de1-4193-9109-53462c16ece9,56b4de37-357a-4cf0-9f7f-4ecc5450fc01,,Contract Negotiation,Meeting about team standup,2026-08-23T03:33:30.491140,2026-08-23T03:48:30.491140,Phone,completed,2026-07-21T23:53:33.491156,46cb662a-e863-4194-99df-ab55ff22701c
503639a8-4c48-48cc-be95-bc3a5fb0c129,7179207a-0cc9-48e0-87e1-8cd7d2f9f721,e16f7e8e-9f87-481c-a95f-799224a1dd30,9b45f274-b766-4373-adde-e00833d632d0,,Budget Review,Meeting about onboarding session,2026-08-31T01:54:27.491162,2026-08-31T02:24:27.491162,Zoom,completed,2026-02-02T22:09:36.491179,ded2cebc-b69e-4191-9d44-4929e9d428d1
36c8dc27-88cc-4fb6-a9fe-e68f775af5ba,7179207a-0cc9-48e0-87e1-8cd7d2f9f721,b76f0d06-487f-4c14-97a4-859d3404b661,,0cfa2fa5-2be8-45b2-87e2-cc1c4b204f71,Team Standup,Meeting about sales call,2026-09-11T13:33:37.491185,2026-09-11T14:33:37.491185,Google Meet,cancelled,2026-07-29T09:54:19.491200,ece82b98-28d8-4c7e-94ba-1bb820731ba5
8365dd9c-cec1-409b-bf4d-f6ee95f21bb9,7179207a-0cc9-48e0-87e1-8cd7d2f9f721,e52849ba-01bf-4e30-a6ad-e02749ff23a9,3c0d9aef-53b6-4352-88d2-f1c48a1ff08e,,Onboarding Session,Meeting about quarterly review,2026-08-18T01:02:46.491206,2026-08-18T01:32:46.491206,In Person,cancelled,2026-01-04T15:22:03.491222,bebdbef1-3be2-4351-a13f-43e46af2a5a2
749c0bb0-3a07-4c71-8ae1-a5568fa722be,7179207a-0cc9-48e0-87e1-8cd7d2f9f721,7d137f66-8604-40bf-ba81-6af4667de5ac,9d8b5cc2-70f4-4ff3-ad94-3c6134870c0d,,Product Demo,Meeting about quarterly review,2026-05-20T10:46:06.491228,2026-05-20T11:01:06.491228,Zoom,cancelled,2026-01-23T11:00:30.491245,b76f0d06-487f-4c14-97a4-859d3404b661
a653ff6e-b911-4ebb-ba17-c73cf67a9484,7179207a-0cc9-48e0-87e1-8cd7d2f9f721,ded2cebc-b69e-4191-9d44-4929e9d428d1,1a1d07c1-ea21-4c10-b69b-6cea53a6fdae,,Support Call,Meeting about client check-in,2026-05-24T05:56:51.491251,2026-05-24T07:26:51.491251,Phone,no_show,2026-06-30T02:29:30.491268,de2d46fb-a956-4b96-bc60-115ccf0715a6
268a0172-11ef-4b8e-b97f-ac9ba64bd9f9,7179207a-0cc9-48e0-87e1-8cd7d2f9f721,1773f9d2-3516-4ff5-9acc-3b6a7b2ce872,972f386f-e698-4381-a460-da85b3b7160c,,Product Demo,Meeting about strategy meeting,2026-09-08T20:10:24.491274,2026-09-08T20:40:24.491274,Google Meet,scheduled,2025-08-29T01:42:44.491289,ece82b98-28d8-4c7e-94ba-1bb820731ba5
8ff3c6cf-26ac-49c7-b4ad-c873931acfca,7179207a-0cc9-48e0-87e1-8cd7d2f9f721,02fc8d0f-48ca-4ab5-95da-9f2f51d44e5b,fe9c951e-3302-4e8a-9dbd-8a8e6142d310,,Sales Call,Meeting about support call,2026-07-30T01:14:26.491296,2026-07-30T01:44:26.491296,In Person,completed,2025-10-21T05:31:29.491312,1773f9d2-3516-4ff5-9acc-3b6a7b2ce872
d0071ef7-2b8a-4519-a095-6030b7310ebc,7179207a-0cc9-48e0-87e1-8cd7d2f9f721,bebdbef1-3be2-4351-a13f-43e46af2a5a2,,1c041aa1-cdfb-4085-8c6e-6f8f69b135f0,Team Standup,Meeting about product demo,2026-10-21T11:34:06.491318,2026-10-21T12:19:06.491318,Phone,cancelled,2025-11-23T15:05:52.491334,7d137f66-8604-40bf-ba81-6af4667de5ac
4e867ece-5f24-4d5e-a552-1379ebd721af,7179207a-0cc9-48e0-87e1-8cd7d2f9f721,8c00e028-41da-4e2c-91bf-e06c6f74595b,,,Training Workshop,Meeting about product demo,2026-06-27T15:49:48.491340,2026-06-27T17:19:48.491340,Phone,completed,2026-07-10T16:18:59.491355,34cd9ae9-7de1-4193-9109-53462c16ece9
cd505dd3-61aa-4eac-97d6-7e144aff43d1,7179207a-0cc9-48e0-87e1-8cd7d2f9f721,ded2cebc-b69e-4191-9d44-4929e9d428d1,,,Partnership Discussion,Meeting about training workshop,2026-06-23T10:09:52.491365,2026-06-23T11:39:52.491365,In Person,no_show,2026-02-22T23:14:14.491380,0002ada9-8f33-49a6-b9b4-7aa4a8a79084
10e0df51-56a2-451a-872d-c27bc0cb02d7,7179207a-0cc9-48e0-87e1-8cd7d2f9f721,46cb662a-e863-4194-99df-ab55ff22701c,41cb40b1-a477-4a25-a4b8-0017a7bec035,,Strategy Meeting,Meeting about team standup,2026-07-05T09:38:49.491387,2026-07-05T10:23:49.491387,,completed,2025-11-09T19:20:41.491405,0002ada9-8f33-49a6-b9b4-7aa4a8a79084
d3d5daf2-304f-43de-9922-69e0d9858e4c,7179207a-0cc9-48e0-87e1-8cd7d2f9f721,de2d46fb-a956-4b96-bc60-115ccf0715a6,0af66311-90ad-4adc-ba30-56add03bb143,,Product Demo,Meeting about product demo,2026-08-02T05:07:12.491412,2026-08-02T05:37:12.491412,Zoom,cancelled,2026-06-08T21:56:25.491428,a120de43-c4d0-46d0-8c1a-3b6044216650
cc8e8b15-a7f0-40c4-9c77-0952443a329d,7179207a-0cc9-48e0-87e1-8cd7d2f9f721,46cb662a-e863-4194-99df-ab55ff22701c,663bdff2-fcea-4937-85c3-c55e83984021,925e1543-4a69-4a57-b519-bfd1e0e06fbe,Performance Review,Meeting about sales call,2026-09-14T04:02:16.491435,2026-09-14T04:47:16.491435,In Person,completed,2026-04-08T21:09:24.491451,1773f9d2-3516-4ff5-9acc-3b6a7b2ce872
0f65d4a3-5ec7-46c3-a272-7cb199afd770,7179207a-0cc9-48e0-87e1-8cd7d2f9f721,e16f7e8e-9f87-481c-a95f-799224a1dd30,d113bb10-a7ad-4c41-bc37-2e481fb2b0c8,,Board Meeting,Meeting about board meeting,2026-10-08T07:06:15.491458,2026-10-08T07:36:15.491458,,completed,2026-07-22T01:00:16.491474,46cb662a-e863-4194-99df-ab55ff22701c
d3145d4e-5378-40f6-9f70-4c7dac66b50e,7179207a-0cc9-48e0-87e1-8cd7d2f9f721,ece82b98-28d8-4c7e-94ba-1bb820731ba5,0d1a075d-f234-4906-8029-a8e9afe697ec,,Product Demo,Meeting about budget review,2026-07-14T03:23:24.491480,2026-07-14T03:38:24.491480,Phone,no_show,2025-08-08T23:23:47.491496,34cd9ae9-7de1-4193-9109-53462c16ece9
9632b0d0-2494-4d2c-a3df-d50edccf52f8,7179207a-0cc9-48e0-87e1-8cd7d2f9f721,bebdbef1-3be2-4351-a13f-43e46af2a5a2,7a3fc8ad-26aa-4c76-82f8-81e7ad335392,f88ef14c-66a5-478f-ba2b-d3d5b9dff1ec,Contract Negotiation,Meeting about board meeting,2026-06-27T09:45:02.491503,2026-06-27T10:00:02.491503,,scheduled,2025-08-18T05:54:19.491519,34cd9ae9-7de1-4193-9109-53462c16ece9
99037854-b158-4f5e-a373-2696c6942da7,7179207a-0cc9-48e0-87e1-8cd7d2f9f721,46cb662a-e863-4194-99df-ab55ff22701c,3391ac52-edc1-4ceb-8d19-3752c5f865de,28e83251-8e89-47b4-a974-44446a6402eb,Product Demo,Meeting about quarterly review,2026-09-15T17:09:02.491525,2026-09-15T19:09:02.491525,Teams,cancelled,2025-09-15T23:32:57.491542,de2d46fb-a956-4b96-bc60-115ccf0715a6
2bdd0199-a9fc-4128-8930-57a31cc7fea4,7179207a-0cc9-48e0-87e1-8cd7d2f9f721,7d137f66-8604-40bf-ba81-6af4667de5ac,7296d88a-b620-4175-af07-df1e00b4f287,,Board Meeting,Meeting about client check-in,2026-06-18T23:26:16.491548,2026-06-19T00:56:16.491548,Google Meet,cancelled,2025-11-22T06:58:05.491563,1773f9d2-3516-4ff5-9acc-3b6a7b2ce872
914d5993-6a25-4acc-a541-e22d6ffa4f2e,7179207a-0cc9-48e0-87e1-8cd7d2f9f721,ded2cebc-b69e-4191-9d44-4929e9d428d1,,,Partnership Discussion,Meeting about contract negotiation,2026-07-08T15:07:04.491570,2026-07-08T15:37:04.491570,In Person,scheduled,2026-05-25T22:42:28.491585,0002ada9-8f33-49a6-b9b4-7aa4a8a79084
6cbb07a7-9640-4fa9-a9ed-ea5917d6ca0b,7179207a-0cc9-48e0-87e1-8cd7d2f9f721,0002ada9-8f33-49a6-b9b4-7aa4a8a79084,4b8f621d-082d-408e-97e1-83561dfa3918,c889dd96-b45b-4cd2-b62d-9925057d3f0d,Product Demo,Meeting about project update,2026-08-07T06:45:17.491595,2026-08-07T07:45:17.491595,In Person,scheduled,2026-05-09T13:44:35.491616,7d137f66-8604-40bf-ba81-6af4667de5ac
873e35d8-d10d-4617-be59-c8b407623332,7179207a-0cc9-48e0-87e1-8cd7d2f9f721,b76f0d06-487f-4c14-97a4-859d3404b661,,db890608-ef42-4238-b047-0a67b572c8e1,Budget Review,Meeting about support call,2026-09-07T10:51:43.491623,2026-09-07T12:51:43.491623,,no_show,2026-04-01T15:46:22.491648,bebdbef1-3be2-4351-a13f-43e46af2a5a2
efa11596-22e8-403a-b0cd-7412276c9541,7179207a-0cc9-48e0-87e1-8cd7d2f9f721,bebdbef1-3be2-4351-a13f-43e46af2a5a2,,,Partnership Discussion,Meeting about quarterly review,2026-09-11T02:54:55.491655,2026-09-11T04:54:55.491655,Teams,no_show,2025-08-09T02:03:32.491670,8c00e028-41da-4e2c-91bf-e06c6f74595b
899656ee-daa1-4a99-8768-5eb742e34d90,7179207a-0cc9-48e0-87e1-8cd7d2f9f721,e16f7e8e-9f87-481c-a95f-799224a1dd30,,,Sales Call,Meeting about board meeting,2026-10-16T09:05:15.491676,2026-10-16T09:20:15.491676,In Person,completed,2026-08-01T21:01:28.491691,de2d46fb-a956-4b96-bc60-115ccf0715a6
902cc309-a38b-4e4b-8286-440819b4c292,7179207a-0cc9-48e0-87e1-8cd7d2f9f721,bebdbef1-3be2-4351-a13f-43e46af2a5a2,,,Training Workshop,Meeting about support call,2026-09-12T22:59:22.491698,2026-09-13T00:59:22.491698,,no_show,2025-11-05T15:35:41.491715,e16f7e8e-9f87-481c-a95f-799224a1dd30
00a8fba1-ecd6-4cf5-9e61-23c3c824af46,7179207a-0cc9-48e0-87e1-8cd7d2f9f721,e52849ba-01bf-4e30-a6ad-e02749ff23a9,e458e7e3-6983-4497-ba47-216c0c026f6f,,Product Demo,Meeting about strategy meeting,2026-09-03T17:59:41.491722,2026-09-03T19:29:41.491722,,completed,2026-07-30T06:57:51.491738,bebdbef1-3be2-4351-a13f-43e46af2a5a2
8b6ef2b4-3314-4596-bcd0-517d4740bf79,7179207a-0cc9-48e0-87e1-8cd7d2f9f721,ded2cebc-b69e-4191-9d44-4929e9d428d1,,,Training Workshop,Meeting about partnership discussion,2026-06-26T07:43:57.491745,2026-06-26T09:13:57.491745,Google Meet,cancelled,2026-03-22T06:30:26.491828,ece82b98-28d8-4c7e-94ba-1bb820731ba5
0be2cf81-c319-4075-9683-f7e06d7af72d,7179207a-0cc9-48e0-87e1-8cd7d2f9f721,7d137f66-8604-40bf-ba81-6af4667de5ac,,,Team Standup,Meeting about support call,2026-05-13T09:31:46.491837,2026-05-13T09:46:46.491837,Google Meet,no_show,2025-12-08T20:26:57.491855,a120de43-c4d0-46d0-8c1a-3b6044216650
ca7634ef-a6a5-4fbb-8ae6-b6b7d55217bd,7179207a-0cc9-48e0-87e1-8cd7d2f9f721,ece82b98-28d8-4c7e-94ba-1bb820731ba5,,,Partnership Discussion,Meeting about contract negotiation,2026-06-17T15:02:02.491862,2026-06-17T15:32:02.491862,Phone,scheduled,2026-07-19T23:35:13.491877,bebdbef1-3be2-4351-a13f-43e46af2a5a2
ae79fa27-d0bf-4251-a6ef-0cd36dbc27be,7179207a-0cc9-48e0-87e1-8cd7d2f9f721,46cb662a-e863-4194-99df-ab55ff22701c,1e165cb9-691e-4aeb-a0a8-ba677cd65afb,,Performance Review,Meeting about performance review,2026-08-22T04:31:31.491883,2026-08-22T04:46:31.491883,Google Meet,completed,2026-04-05T10:20:35.491900,8c00e028-41da-4e2c-91bf-e06c6f74595b
cf816c96-d506-4daf-9204-bf6464479a3b,7179207a-0cc9-48e0-87e1-8cd7d2f9f721,46cb662a-e863-4194-99df-ab55ff22701c,69460932-7637-494e-b086-2c081f116909,,Board Meeting,Meeting about support call,2026-07-11T09:46:51.491910,2026-07-11T10:46:51.491910,Teams,cancelled,2026-01-09T15:36:30.491927,ece82b98-28d8-4c7e-94ba-1bb820731ba5
903e4af2-bbd1-4f7c-9923-5cfc4508beb0,7179207a-0cc9-48e0-87e1-8cd7d2f9f721,02fc8d0f-48ca-4ab5-95da-9f2f51d44e5b,9dae307c-c15c-4dfd-a2aa-a1209a755404,,Onboarding Session,Meeting about project update,2026-10-17T19:28:33.491934,2026-10-17T19:58:33.491934,Google Meet,completed,2026-03-20T00:27:59.491950,ece82b98-28d8-4c7e-94ba-1bb820731ba5
c5225bbf-6428-45e6-80f9-477e195bf335,7179207a-0cc9-48e0-87e1-8cd7d2f9f721,ded2cebc-b69e-4191-9d44-4929e9d428d1,,63c55acc-68d1-48ea-867a-be2161b1b688,Team Standup,Meeting about quarterly review,2026-06-24T02:45:12.491956,2026-06-24T04:15:12.491956,,no_show,2026-08-02T05:03:48.491972,8c00e028-41da-4e2c-91bf-e06c6f74595b
f9351970-a7b5-4494-8572-ec167297f565,7179207a-0cc9-48e0-87e1-8cd7d2f9f721,1773f9d2-3516-4ff5-9acc-3b6a7b2ce872,,,Sales Call,Meeting about contract negotiation,2026-09-28T10:40:01.491978,2026-09-28T11:25:01.491978,Teams,scheduled,2025-11-23T17:53:24.491993,7d137f66-8604-40bf-ba81-6af4667de5ac
662f4978-2cf9-42f5-aef9-aec4d32b9cfb,7179207a-0cc9-48e0-87e1-8cd7d2f9f721,0002ada9-8f33-49a6-b9b4-7aa4a8a79084,ede99667-2ffa-444e-87c5-328adca7ecd4,,Performance Review,Meeting about product demo,2026-07-15T02:36:01.491999,2026-07-15T03:36:01.491999,Zoom,scheduled,2025-10-09T13:10:19.492015,34cd9ae9-7de1-4193-9109-53462c16ece9
81f7da1a-6436-4135-baa4-6bae0ca690ba,7179207a-0cc9-48e0-87e1-8cd7d2f9f721,0002ada9-8f33-49a6-b9b4-7aa4a8a79084,65928a4c-6412-44dd-bdf4-9875b73413f3,,Strategy Meeting,Meeting about partnership discussion,2026-06-03T22:17:49.492022,2026-06-03T23:02:49.492022,Teams,no_show,2025-10-21T03:29:20.492039,de2d46fb-a956-4b96-bc60-115ccf0715a6
31ca2e7c-17f4-4fbf-b7f0-3fd45dbda4d4,7179207a-0cc9-48e0-87e1-8cd7d2f9f721,de2d46fb-a956-4b96-bc60-115ccf0715a6,79947e8a-45d3-4596-8d01-698ee7a1bc4a,,Board Meeting,Meeting about product demo,2026-08-02T20:50:09.492045,2026-08-02T21:50:09.492045,Teams,cancelled,2026-05-20T11:38:13.492062,e52849ba-01bf-4e30-a6ad-e02749ff23a9
2c181734-f675-42a3-a60c-2558aa346add,7179207a-0cc9-48e0-87e1-8cd7d2f9f721,a120de43-c4d0-46d0-8c1a-3b6044216650,4154e2c4-b079-4dfd-977f-3f145073c668,9dec375e-bab4-49f3-98d4-c796166ec3de,Board Meeting,Meeting about performance review,2026-07-30T18:31:34.492068,2026-07-30T19:31:34.492068,Google Meet,completed,2025-10-15T16:29:26.492085,7d137f66-8604-40bf-ba81-6af4667de5ac
8c3fe845-e650-4772-a7d0-2a3f5741f78a,7179207a-0cc9-48e0-87e1-8cd7d2f9f721,bebdbef1-3be2-4351-a13f-43e46af2a5a2,3b91dcf1-6c09-4a6f-9fdd-e52cb3d1f704,6eabf8b8-ba23-4829-96d0-ac14cbe5e632,Product Demo,Meeting about product demo,2026-05-08T18:26:59.492091,2026-05-08T19:26:59.492091,,completed,2025-08-27T14:56:43.492108,ece82b98-28d8-4c7e-94ba-1bb820731ba5
073f0140-3aee-424b-9443-367c4bf44722,7179207a-0cc9-48e0-87e1-8cd7d2f9f721,7d137f66-8604-40bf-ba81-6af4667de5ac,,037fb88f-2ca3-4292-a239-d5241e012d27,Project Update,Meeting about budget review,2026-09-10T14:25:33.492114,2026-09-10T14:40:33.492114,In Person,scheduled,2025-08-10T22:02:34.492137,ded2cebc-b69e-4191-9d44-4929e9d428d1
77b53968-a25f-4d36-8876-719429e17f2e,7179207a-0cc9-48e0-87e1-8cd7d2f9f721,ded2cebc-b69e-4191-9d44-4929e9d428d1,,d45799ab-ebb7-439c-bc1b-03d4ab7ba02d,Contract Negotiation,Meeting about team standup,2026-08-21T23:34:12.492156,2026-08-22T00:34:12.492156,Phone,cancelled,2025-12-06T21:16:27.492419,0002ada9-8f33-49a6-b9b4-7aa4a8a79084
c909b2d7-fb52-4606-9ba7-202911a1fe6d,7179207a-0cc9-48e0-87e1-8cd7d2f9f721,0002ada9-8f33-49a6-b9b4-7aa4a8a79084,14fc678d-bb8c-4b06-a5c4-69449a54db75,ea33c202-7ce7-46d3-8a73-bf1bb93e3e77,Sales Call,Meeting about board meeting,2026-09-08T11:44:14.492473,2026-09-08T13:14:14.492473,,completed,2026-03-22T04:18:18.492509,bebdbef1-3be2-4351-a13f-43e46af2a5a2
22bdc2e3-29a0-43a9-9727-6f54d0a6ff86,7179207a-0cc9-48e0-87e1-8cd7d2f9f721,ded2cebc-b69e-4191-9d44-4929e9d428d1,48dd7fe6-56e8-4188-93ee-edd73dd84ec7,,Budget Review,Meeting about training workshop,2026-10-24T01:03:15.492519,2026-10-24T02:33:15.492519,Teams,no_show,2026-03-27T08:01:35.492542,8c00e028-41da-4e2c-91bf-e06c6f74595b
77cc9909-5bb0-4d3e-b21c-ba26c71d6a9f,7179207a-0cc9-48e0-87e1-8cd7d2f9f721,bebdbef1-3be2-4351-a13f-43e46af2a5a2,4474d471-04ce-4482-8834-e3387b73117c,,Team Standup,Meeting about product demo,2026-07-22T00:22:12.492559,2026-07-22T01:52:12.492559,Zoom,no_show,2025-09-22T19:35:59.492581,02fc8d0f-48ca-4ab5-95da-9f2f51d44e5b
1d15cefa-41f8-46cd-8c84-786e51794874,7179207a-0cc9-48e0-87e1-8cd7d2f9f721,46cb662a-e863-4194-99df-ab55ff22701c,92e343ea-9d73-4627-8d92-f747b147a3c3,9e8e0d34-ba1f-43b0-9434-79cb38132740,Board Meeting,Meeting about client check-in,2026-09-28T02:52:36.492589,2026-09-28T03:07:36.492589,Zoom,cancelled,2026-01-20T05:15:53.492611,bebdbef1-3be2-4351-a13f-43e46af2a5a2
a3c1621e-202d-4b75-a867-c5b19fee4d80,7179207a-0cc9-48e0-87e1-8cd7d2f9f721,46cb662a-e863-4194-99df-ab55ff22701c,711bb1aa-621e-4fc9-a969-ef6a1d6474b0,b45d3c70-6274-488c-aaa3-039ba1babcb2,Product Demo,Meeting about performance review,2026-05-18T10:52:00.492618,2026-05-18T11:52:00.492618,In Person,scheduled,2025-11-15T04:15:41.492639,a120de43-c4d0-46d0-8c1a-3b6044216650
69945066-4f49-45b3-80c6-dfb116a3b2a3,7179207a-0cc9-48e0-87e1-8cd7d2f9f721,e16f7e8e-9f87-481c-a95f-799224a1dd30,,,Sales Call,Meeting about onboarding session,2026-09-08T15:00:37.492647,2026-09-08T15:45:37.492647,Phone,no_show,2026-04-21T23:11:15.492665,e16f7e8e-9f87-481c-a95f-799224a1dd30
b6afc10e-a39f-484a-a146-7ee22dd39573,7179207a-0cc9-48e0-87e1-8cd7d2f9f721,de2d46fb-a956-4b96-bc60-115ccf0715a6,9dae307c-c15c-4dfd-a2aa-a1209a755404,,Performance Review,Meeting about project update,2026-08-19T15:17:58.492673,2026-08-19T15:47:58.492673,Zoom,scheduled,2026-04-12T06:18:24.492691,02fc8d0f-48ca-4ab5-95da-9f2f51d44e5b
3a5c6979-0447-44ca-902c-9b87c14e173a,7179207a-0cc9-48e0-87e1-8cd7d2f9f721,ece82b98-28d8-4c7e-94ba-1bb820731ba5,,65bba1a2-0130-489d-9a6d-a26b6bb9d032,Partnership Discussion,Meeting about sales call,2026-06-10T15:42:26.492698,2026-06-10T17:12:26.492698,In Person,scheduled,2025-08-11T07:58:57.492717,8c00e028-41da-4e2c-91bf-e06c6f74595b
88e9e993-b84d-4c42-8c7e-545558744720,7179207a-0cc9-48e0-87e1-8cd7d2f9f721,e16f7e8e-9f87-481c-a95f-799224a1dd30,4d6446a0-daf8-4686-9441-8d9be0e25e6c,626c7062-6545-4318-b088-6b8c0bc6ea6c,Support Call,Meeting about training workshop,2026-08-03T09:44:17.492724,2026-08-03T09:59:17.492724,,cancelled,2025-12-31T04:10:13.492744,0002ada9-8f33-49a6-b9b4-7aa4a8a79084
70a2d409-db85-4145-afb7-5ee1257cb27c,7179207a-0cc9-48e0-87e1-8cd7d2f9f721,34cd9ae9-7de1-4193-9109-53462c16ece9,bec26a5b-8d6c-4a1f-82d4-f83c8e3e1e51,002dca70-9286-40a2-bfd4-c5ca6611cd80,Team Standup,Meeting about budget review,2026-05-17T21:22:09.492770,2026-05-17T21:37:09.492770,In Person,no_show,2026-08-04T10:47:51.492794,7d137f66-8604-40bf-ba81-6af4667de5ac
5ca1e1a1-314a-4c40-995f-cd86d0aa2706,7179207a-0cc9-48e0-87e1-8cd7d2f9f721,8c00e028-41da-4e2c-91bf-e06c6f74595b,,b634d332-45b4-4428-a0b1-e8dd7e619f53,Strategy Meeting,Meeting about performance review,2026-10-06T17:37:55.492801,2026-10-06T19:37:55.492801,Google Meet,cancelled,2025-08-30T01:39:38.492821,b76f0d06-487f-4c14-97a4-859d3404b661
025bb79e-3d08-4a82-a63a-4b10670519a2,7179207a-0cc9-48e0-87e1-8cd7d2f9f721,02fc8d0f-48ca-4ab5-95da-9f2f51d44e5b,,c5ae9b18-31dd-4722-a85b-58995678a1a0,Strategy Meeting,Meeting about client check-in,2026-10-19T16:16:18.492828,2026-10-19T17:01:18.492828,Zoom,completed,2026-01-23T07:29:24.492852,8c00e028-41da-4e2c-91bf-e06c6f74595b
6ff635b8-e315-4a7d-afb5-443706780618,7179207a-0cc9-48e0-87e1-8cd7d2f9f721,b76f0d06-487f-4c14-97a4-859d3404b661,,b6de1991-af2b-4f0c-a5a5-03ec34030da1,Board Meeting,Meeting about contract negotiation,2026-07-12T04:36:13.492860,2026-07-12T05:06:13.492860,Zoom,scheduled,2025-08-29T02:59:59.492879,ded2cebc-b69e-4191-9d44-4929e9d428d1
caa02eb7-78f5-458e-b600-5bcce9b75ed3,7179207a-0cc9-48e0-87e1-8cd7d2f9f721,1773f9d2-3516-4ff5-9acc-3b6a7b2ce872,,,Onboarding Session,Meeting about board meeting,2026-09-10T03:28:37.492886,2026-09-10T03:58:37.492886,Teams,no_show,2026-04-07T15:31:09.492909,ded2cebc-b69e-4191-9d44-4929e9d428d1
3a5e7d75-e7c7-47a9-bdc9-7fc159e4d963,7179207a-0cc9-48e0-87e1-8cd7d2f9f721,e16f7e8e-9f87-481c-a95f-799224a1dd30,4fc82dca-4908-4f79-b9cd-af2dc9294543,,Contract Negotiation,Meeting about sales call,2026-05-16T03:20:59.492917,2026-05-16T04:50:59.492917,Zoom,cancelled,2026-07-13T09:00:42.492941,1773f9d2-3516-4ff5-9acc-3b6a7b2ce872
4fd92949-adb5-44f2-9601-27f69cdd35e0,7179207a-0cc9-48e0-87e1-8cd7d2f9f721,1773f9d2-3516-4ff5-9acc-3b6a7b2ce872,,,Sales Call,Meeting about team standup,2026-08-30T00:19:14.492948,2026-08-30T00:49:14.492948,,cancelled,2025-09-20T03:41:06.492965,1773f9d2-3516-4ff5-9acc-3b6a7b2ce872
4370c27d-60fa-4088-b5b9-367670e6145c,7179207a-0cc9-48e0-87e1-8cd7d2f9f721,ded2cebc-b69e-4191-9d44-4929e9d428d1,fbe3a290-d237-4f29-bd9a-09d2116eb79f,,Project Update,Meeting about quarterly review,2026-08-28T22:40:37.492972,2026-08-29T00:40:37.492972,In Person,scheduled,2026-02-26T02:27:21.492992,0002ada9-8f33-49a6-b9b4-7aa4a8a79084
7dd73c3e-45d4-40c2-8a89-aca4c09132bf,7179207a-0cc9-48e0-87e1-8cd7d2f9f721,ece82b98-28d8-4c7e-94ba-1bb820731ba5,8e2fa3d5-93a5-486f-9f06-9b5963ae9a35,,Budget Review,Meeting about performance review,2026-06-08T08:42:09.493009,2026-06-08T10:12:09.493009,,completed,2026-04-06T01:27:44.493028,34cd9ae9-7de1-4193-9109-53462c16ece9
b25cde2e-e6ec-4bd5-b3f2-040d16f6614d,7179207a-0cc9-48e0-87e1-8cd7d2f9f721,e52849ba-01bf-4e30-a6ad-e02749ff23a9,4cf7e492-3128-4fdf-8201-b8151cca56b1,7fe09416-3454-4054-9528-cbca1d4a9e3d,Board Meeting,Meeting about contract negotiation,2026-07-04T13:03:42.493036,2026-07-04T13:18:42.493036,,no_show,2026-06-16T11:59:24.493057,e16f7e8e-9f87-481c-a95f-799224a1dd30
cc962655-4bc9-4cb5-8d43-99fd3eb5d9b1,7179207a-0cc9-48e0-87e1-8cd7d2f9f721,a120de43-c4d0-46d0-8c1a-3b6044216650,,665b7b9d-febd-47e0-bbb9-0df6196442ce,Client Check-in,Meeting about team standup,2026-08-28T18:58:35.493070,2026-08-28T19:43:35.493070,Zoom,scheduled,2025-12-11T23:38:32.493090,02fc8d0f-48ca-4ab5-95da-9f2f51d44e5b
410fa7ae-3219-4387-ba16-b08d4f3876c1,7179207a-0cc9-48e0-87e1-8cd7d2f9f721,e52849ba-01bf-4e30-a6ad-e02749ff23a9,,,Strategy Meeting,Meeting about quarterly review,2026-10-14T15:14:44.493098,2026-10-14T15:29:44.493098,Teams,no_show,2025-12-15T03:25:55.493116,e16f7e8e-9f87-481c-a95f-799224a1dd30
4bc77c13-19d7-495b-97d7-acb1028f6885,7179207a-0cc9-48e0-87e1-8cd7d2f9f721,a120de43-c4d0-46d0-8c1a-3b6044216650,,,Strategy Meeting,Meeting about product demo,2026-07-09T16:45:10.493124,2026-07-09T17:00:10.493124,,cancelled,2026-06-17T12:02:40.493141,1773f9d2-3516-4ff5-9acc-3b6a7b2ce872
45928a51-b1e0-4e9e-bd46-0623be2836f8,7179207a-0cc9-48e0-87e1-8cd7d2f9f721,b76f0d06-487f-4c14-97a4-859d3404b661,,,Support Call,Meeting about sales call,2026-05-11T02:44:03.493148,2026-05-11T03:29:03.493148,Zoom,no_show,2026-04-04T15:22:29.493165,e52849ba-01bf-4e30-a6ad-e02749ff23a9
993567bd-c6b1-4b5b-af99-801727b38554,7179207a-0cc9-48e0-87e1-8cd7d2f9f721,ded2cebc-b69e-4191-9d44-4929e9d428d1,867a9c0d-b3ca-4f63-9d26-8de7c93be09a,,Partnership Discussion,Meeting about performance review,2026-08-01T04:22:15.493173,2026-08-01T05:07:15.493173,,completed,2025-10-25T22:12:33.493192,e16f7e8e-9f87-481c-a95f-799224a1dd30
21264cd3-9673-446b-b6a9-a282af7e2478,7179207a-0cc9-48e0-87e1-8cd7d2f9f721,34cd9ae9-7de1-4193-9109-53462c16ece9,c357fbaf-8027-4d2e-8395-9f6d187afc3d,08cc1233-df72-4de8-ad8f-12a9adc57fd5,Performance Review,Meeting about product demo,2026-10-30T00:48:31.493199,2026-10-30T01:48:31.493199,Zoom,no_show,2025-08-19T14:27:31.493219,ded2cebc-b69e-4191-9d44-4929e9d428d1
44de2480-ec35-43fe-b353-22b90bb74fd7,7179207a-0cc9-48e0-87e1-8cd7d2f9f721,1773f9d2-3516-4ff5-9acc-3b6a7b2ce872,d0b0d25c-b882-4726-9434-fdaf93926c91,,Training Workshop,Meeting about sales call,2026-05-10T06:50:34.493226,2026-05-10T07:35:34.493226,In Person,no_show,2026-05-02T17:09:59.493252,46cb662a-e863-4194-99df-ab55ff22701c
130bda2b-fc37-44e7-bea8-28917bdd833d,7179207a-0cc9-48e0-87e1-8cd7d2f9f721,b76f0d06-487f-4c14-97a4-859d3404b661,,,Strategy Meeting,Meeting about training workshop,2026-07-11T11:41:59.493260,2026-07-11T12:11:59.493260,Zoom,no_show,2026-04-21T08:33:19.493279,e16f7e8e-9f87-481c-a95f-799224a1dd30
f875a714-224b-4a8a-922f-e7b6ac0fbf42,7179207a-0cc9-48e0-87e1-8cd7d2f9f721,46cb662a-e863-4194-99df-ab55ff22701c,d2641627-22e4-42c5-9c8e-567e9c22adc9,,Support Call,Meeting about board meeting,2026-06-12T11:11:47.493286,2026-06-12T13:11:47.493286,Google Meet,no_show,2026-04-14T21:28:32.493305,bebdbef1-3be2-4351-a13f-43e46af2a5a2
a4a4b631-1503-4d03-8db7-73015998934d,7179207a-0cc9-48e0-87e1-8cd7d2f9f721,bebdbef1-3be2-4351-a13f-43e46af2a5a2,4b07567d-02d8-401c-9a80-0bef34b3f9d9,73cb7c99-1a30-44af-8f9e-65183e7bdafa,Quarterly Review,Meeting about project update,2026-10-18T17:31:02.493312,2026-10-18T17:46:02.493312,Zoom,scheduled,2025-11-30T08:08:42.493332,02fc8d0f-48ca-4ab5-95da-9f2f51d44e5b
17f982ce-2f1a-4992-9425-b82f34773fe6,7179207a-0cc9-48e0-87e1-8cd7d2f9f721,34cd9ae9-7de1-4193-9109-53462c16ece9,1e86293d-5be7-4507-b7db-4ff0f4fee30e,545e47cc-2b28-45d0-9053-997455c74ba4,Project Update,Meeting about contract negotiation,2026-11-02T05:53:22.493343,2026-11-02T07:53:22.493343,,scheduled,2025-12-03T02:59:18.493365,bebdbef1-3be2-4351-a13f-43e46af2a5a2
305358ed-a431-4041-9041-7f0ffa6a9da3,7179207a-0cc9-48e0-87e1-8cd7d2f9f721,1773f9d2-3516-4ff5-9acc-3b6a7b2ce872,,,Performance Review,Meeting about strategy meeting,2026-08-05T10:30:45.493373,2026-08-05T11:30:45.493373,In Person,cancelled,2026-02-08T20:09:09.493399,bebdbef1-3be2-4351-a13f-43e46af2a5a2
b6f0da27-8f1e-458b-b4a6-784d1baa0645,7179207a-0cc9-48e0-87e1-8cd7d2f9f721,b76f0d06-487f-4c14-97a4-859d3404b661,f36a1a9b-6b57-4c94-affd-9b6106c449fa,322bb56c-9cef-4443-827b-6dc1a407c3a7,Budget Review,Meeting about strategy meeting,2026-07-13T06:56:53.493408,2026-07-13T08:56:53.493408,Zoom,completed,2026-03-17T17:03:05.493440,de2d46fb-a956-4b96-bc60-115ccf0715a6
310e628b-bae1-41fe-9cab-781911f010ab,7179207a-0cc9-48e0-87e1-8cd7d2f9f721,8c00e028-41da-4e2c-91bf-e06c6f74595b,,d335c33d-bac3-4cb3-a99a-65daec5d8158,Contract Negotiation,Meeting about budget review,2026-08-05T09:42:29.493448,2026-08-05T11:12:29.493448,,cancelled,2026-07-26T05:46:59.493468,8c00e028-41da-4e2c-91bf-e06c6f74595b
7368d1af-ea04-47d2-865c-7514f14aaf3b,7179207a-0cc9-48e0-87e1-8cd7d2f9f721,02fc8d0f-48ca-4ab5-95da-9f2f51d44e5b,,,Training Workshop,Meeting about quarterly review,2026-05-21T14:22:07.493477,2026-05-21T15:52:07.493477,Google Meet,scheduled,2026-02-21T09:56:49.493495,34cd9ae9-7de1-4193-9109-53462c16ece9
6a56be0f-1e3a-4513-9061-d2d6376aa6f1,7179207a-0cc9-48e0-87e1-8cd7d2f9f721,bebdbef1-3be2-4351-a13f-43e46af2a5a2,43137621-2ff0-452a-a597-8c2541fffd18,,Budget Review,Meeting about budget review,2026-10-04T11:30:06.493502,2026-10-04T12:30:06.493502,Teams,no_show,2026-03-16T00:33:51.493523,02fc8d0f-48ca-4ab5-95da-9f2f51d44e5b
3ec6d4a5-180b-4135-a603-d4697b8f0802,7179207a-0cc9-48e0-87e1-8cd7d2f9f721,de2d46fb-a956-4b96-bc60-115ccf0715a6,,,Project Update,Meeting about team standup,2026-07-02T15:16:49.493530,2026-07-02T15:31:49.493530,Teams,completed,2025-12-27T12:52:12.493549,0002ada9-8f33-49a6-b9b4-7aa4a8a79084
9fe438e5-573f-448e-8841-11a3e27539e5,7179207a-0cc9-48e0-87e1-8cd7d2f9f721,de2d46fb-a956-4b96-bc60-115ccf0715a6,,deb7c891-0d66-48c7-a2e4-0d56c4c155c4,Client Check-in,Meeting about contract negotiation,2026-09-01T10:47:38.493556,2026-09-01T12:17:38.493556,In Person,scheduled,2025-08-12T01:57:28.493576,b76f0d06-487f-4c14-97a4-859d3404b661
f6ab447a-8f8e-4b41-8b1c-8a3e670a7e94,7179207a-0cc9-48e0-87e1-8cd7d2f9f721,34cd9ae9-7de1-4193-9109-53462c16ece9,,f87d9fb4-13cd-4498-8259-26a6dcd5d4c8,Board Meeting,Meeting about partnership discussion,2026-06-15T17:52:37.493583,2026-06-15T19:22:37.493583,Phone,scheduled,2025-11-05T02:05:32.493602,e16f7e8e-9f87-481c-a95f-799224a1dd30
15241aaa-e913-4409-906b-2edb721ac82e,7179207a-0cc9-48e0-87e1-8cd7d2f9f721,b76f0d06-487f-4c14-97a4-859d3404b661,707f41bd-95b1-468e-a5dd-02186c9ff8fe,706fb710-ffec-4c8d-b13c-db3293f91924,Support Call,Meeting about quarterly review,2026-05-12T12:21:55.493609,2026-05-12T14:21:55.493609,In Person,cancelled,2025-11-03T03:07:36.493636,1773f9d2-3516-4ff5-9acc-3b6a7b2ce872
a95de8ba-840d-4334-b2cc-1cb77797c278,7179207a-0cc9-48e0-87e1-8cd7d2f9f721,bebdbef1-3be2-4351-a13f-43e46af2a5a2,,48c36456-4f75-4d21-a265-28fda7cacf1d,Budget Review,Meeting about sales call,2026-08-12T16:12:55.493647,2026-08-12T17:12:55.493647,In Person,completed,2026-01-26T14:51:36.493667,ded2cebc-b69e-4191-9d44-4929e9d428d1
74c7a1d8-a72f-4323-858c-e7418a7b69bc,7179207a-0cc9-48e0-87e1-8cd7d2f9f721,34cd9ae9-7de1-4193-9109-53462c16ece9,,,Contract Negotiation,Meeting about onboarding session,2026-05-21T13:11:21.493675,2026-05-21T13:41:21.493675,Google Meet,no_show,2026-02-21T08:23:01.493693,b76f0d06-487f-4c14-97a4-859d3404b661
9ede1ada-3bd8-4e92-bee0-a274bf9a94f6,7179207a-0cc9-48e0-87e1-8cd7d2f9f721,e52849ba-01bf-4e30-a6ad-e02749ff23a9,f5aceb43-e019-43e7-87e7-f42c37571f3f,4f79c684-c458-4784-b0e9-57f4dfa8ae2a,Product Demo,Meeting about team standup,2026-06-09T07:40:24.493701,2026-06-09T08:40:24.493701,,completed,2025-09-23T10:45:39.493720,0002ada9-8f33-49a6-b9b4-7aa4a8a79084
c04df01a-bc2c-428c-8c0f-f84cfc933b0b,7179207a-0cc9-48e0-87e1-8cd7d2f9f721,0002ada9-8f33-49a6-b9b4-7aa4a8a79084,,,Budget Review,Meeting about team standup,2026-06-26T11:04:31.493727,2026-06-26T11:49:31.493727,,cancelled,2026-03-22T09:44:53.493745,02fc8d0f-48ca-4ab5-95da-9f2f51d44e5b
4398a1e8-c6d0-463f-bf4f-00b2ceab2400,7179207a-0cc9-48e0-87e1-8cd7d2f9f721,de2d46fb-a956-4b96-bc60-115ccf0715a6,,c889dd96-b45b-4cd2-b62d-9925057d3f0d,Quarterly Review,Meeting about onboarding session,2026-10-24T10:45:42.493752,2026-10-24T12:15:42.493752,Google Meet,completed,2025-09-02T18:12:57.493770,8c00e028-41da-4e2c-91bf-e06c6f74595b
20480936-596d-42b1-b5cf-3146706fcc94,7179207a-0cc9-48e0-87e1-8cd7d2f9f721,de2d46fb-a956-4b96-bc60-115ccf0715a6,,,Partnership Discussion,Meeting about quarterly review,2026-07-08T20:24:59.493778,2026-07-08T21:09:59.493778,In Person,cancelled,2025-10-07T19:30:06.493801,a120de43-c4d0-46d0-8c1a-3b6044216650
530eb1dd-4d53-46c8-8980-0f8153fa74b3,7179207a-0cc9-48e0-87e1-8cd7d2f9f721,02fc8d0f-48ca-4ab5-95da-9f2f51d44e5b,d0b37a64-2430-4936-a11a-c0f5c2b10403,,Project Update,Meeting about performance review,2026-10-22T06:20:56.493808,2026-10-22T06:35:56.493808,In Person,cancelled,2025-09-30T22:25:51.493828,e16f7e8e-9f87-481c-a95f-799224a1dd30
d8d85861-a508-4d9a-b3a6-f251d65c6c12,7179207a-0cc9-48e0-87e1-8cd7d2f9f721,02fc8d0f-48ca-4ab5-95da-9f2f51d44e5b,de206d3f-d293-4a38-892e-1ffcddd81ef1,,Partnership Discussion,Meeting about support call,2026-10-28T22:31:00.493835,2026-10-28T23:01:00.493835,In Person,cancelled,2025-08-27T02:32:01.493859,34cd9ae9-7de1-4193-9109-53462c16ece9
609d0907-8df7-466b-a821-25d164f42c52,7179207a-0cc9-48e0-87e1-8cd7d2f9f721,1773f9d2-3516-4ff5-9acc-3b6a7b2ce872,60b7eef2-6dee-46df-a7a2-79c85e5ea1ed,,Training Workshop,Meeting about onboarding session,2026-11-04T01:15:53.493866,2026-11-04T02:45:53.493866,Zoom,scheduled,2025-11-28T01:11:04.493886,b76f0d06-487f-4c14-97a4-859d3404b661
6045ee64-ae0e-440b-9123-c6297148d84e,7179207a-0cc9-48e0-87e1-8cd7d2f9f721,e16f7e8e-9f87-481c-a95f-799224a1dd30,e276a3f4-6a36-4375-9633-5c8ef424e8b1,,Sales Call,Meeting about sales call,2026-06-29T18:10:23.493893,2026-06-29T18:40:23.493893,Phone,completed,2026-02-09T10:31:15.493914,ece82b98-28d8-4c7e-94ba-1bb820731ba5
0006e568-133e-4d16-87f9-0a64dcd0296a,7179207a-0cc9-48e0-87e1-8cd7d2f9f721,34cd9ae9-7de1-4193-9109-53462c16ece9,93d63a1e-a46a-4228-b7f9-22d146f8984e,56f95d38-461e-43ed-aaf4-9adaa0671c73,Budget Review,Meeting about client check-in,2026-10-02T05:39:34.493925,2026-10-02T06:39:34.493925,Phone,no_show,2025-09-22T13:29:16.493952,02fc8d0f-48ca-4ab5-95da-9f2f51d44e5b
541e928c-ac44-4643-81be-86e5072f0707,7179207a-0cc9-48e0-87e1-8cd7d2f9f721,ece82b98-28d8-4c7e-94ba-1bb820731ba5,45bfee89-5270-460d-a6cc-af8c12aa0666,,Quarterly Review,Meeting about support call,2026-08-05T04:12:29.493960,2026-08-05T06:12:29.493960,Teams,no_show,2026-02-26T15:46:28.493980,b76f0d06-487f-4c14-97a4-859d3404b661
618df489-9313-4a4c-91e1-00e7951a0b7d,7179207a-0cc9-48e0-87e1-8cd7d2f9f721,b76f0d06-487f-4c14-97a4-859d3404b661,40f742ed-1b29-4172-8627-f88c23fa4249,,Client Check-in,Meeting about budget review,2026-07-28T14:04:11.493988,2026-07-28T14:49:11.493988,,scheduled,2026-05-22T12:07:10.494007,de2d46fb-a956-4b96-bc60-115ccf0715a6
78eff06e-f0a5-4942-bd8c-0e03625a44d3,7179207a-0cc9-48e0-87e1-8cd7d2f9f721,de2d46fb-a956-4b96-bc60-115ccf0715a6,3ec99358-3f7b-404d-9c2e-5356ded70f5d,,Sales Call,Meeting about contract negotiation,2026-08-16T15:53:05.494014,2026-08-16T16:38:05.494014,In Person,completed,2025-09-25T00:42:34.494033,46cb662a-e863-4194-99df-ab55ff22701c
4e259f93-0cf9-4c77-a64d-58e372747aad,7179207a-0cc9-48e0-87e1-8cd7d2f9f721,ece82b98-28d8-4c7e-94ba-1bb820731ba5,,,Contract Negotiation,Meeting about partnership discussion,2026-10-21T07:55:25.494045,2026-10-21T08:10:25.494045,Zoom,completed,2025-09-29T05:07:49.494064,ded2cebc-b69e-4191-9d44-4929e9d428d1
4bf52f23-129f-4df9-b8fe-af9e790a78ad,7179207a-0cc9-48e0-87e1-8cd7d2f9f721,7d137f66-8604-40bf-ba81-6af4667de5ac,,e0c931c2-0b2e-42f1-aebb-974ad67e0f47,Sales Call,Meeting about training workshop,2026-08-20T08:17:22.494071,2026-08-20T08:32:22.494071,Zoom,no_show,2026-05-14T00:12:18.494090,46cb662a-e863-4194-99df-ab55ff22701c
3f28c3ad-7d00-4850-a660-1e0d36c53392,7179207a-0cc9-48e0-87e1-8cd7d2f9f721,ece82b98-28d8-4c7e-94ba-1bb820731ba5,,,Performance Review,Meeting about performance review,2026-06-29T05:23:53.494097,2026-06-29T07:23:53.494097,In Person,no_show,2026-07-09T10:04:08.494114,e52849ba-01bf-4e30-a6ad-e02749ff23a9
9614db31-3529-498d-9727-b362779a8737,7179207a-0cc9-48e0-87e1-8cd7d2f9f721,7d137f66-8604-40bf-ba81-6af4667de5ac,b18d22fc-c596-4cc0-949a-ec9d69d75ac7,04aeb8c7-eaa8-4574-9165-f088647c53b5,Board Meeting,Meeting about support call,2026-10-17T13:46:48.494122,2026-10-17T14:01:48.494122,Phone,scheduled,2026-03-25T02:37:17.494141,1773f9d2-3516-4ff5-9acc-3b6a7b2ce872
d70bd378-d58a-4d0b-b547-18e5bbd4ad54,7179207a-0cc9-48e0-87e1-8cd7d2f9f721,1773f9d2-3516-4ff5-9acc-3b6a7b2ce872,0688e410-e1d2-48db-a57a-a64eb3046ce5,,Training Workshop,Meeting about team standup,2026-07-10T03:32:35.494149,2026-07-10T04:17:35.494149,Google Meet,no_show,2026-05-09T15:45:00.494168,de2d46fb-a956-4b96-bc60-115ccf0715a6
21a7cde7-28ef-463d-8e57-e4765cab17ca,7179207a-0cc9-48e0-87e1-8cd7d2f9f721,b76f0d06-487f-4c14-97a4-859d3404b661,,,Partnership Discussion,Meeting about team standup,2026-06-08T01:48:56.494175,2026-06-08T02:03:56.494175,,no_show,2025-08-07T19:32:16.494193,34cd9ae9-7de1-4193-9109-53462c16ece9
c67ae9e0-dd30-40a9-a01a-5770e7f9c00a,7179207a-0cc9-48e0-87e1-8cd7d2f9f721,46cb662a-e863-4194-99df-ab55ff22701c,,,Performance Review,Meeting about client check-in,2026-06-04T16:05:33.494205,2026-06-04T17:35:33.494205,Teams,cancelled,2026-01-14T09:01:17.494223,46cb662a-e863-4194-99df-ab55ff22701c
4ad467cd-5e23-43f6-9a43-ad0934c8285c,7179207a-0cc9-48e0-87e1-8cd7d2f9f721,34cd9ae9-7de1-4193-9109-53462c16ece9,,,Sales Call,Meeting about quarterly review,2026-09-24T07:00:57.494229,2026-09-24T07:30:57.494229,Google Meet,cancelled,2026-03-27T16:13:31.494246,0002ada9-8f33-49a6-b9b4-7aa4a8a79084
297bd845-f170-403d-8105-31477d78dd88,7179207a-0cc9-48e0-87e1-8cd7d2f9f721,0002ada9-8f33-49a6-b9b4-7aa4a8a79084,,,Product Demo,Meeting about board meeting,2026-08-08T23:58:08.494254,2026-08-09T01:28:08.494254,Teams,scheduled,2026-01-05T21:46:41.494271,46cb662a-e863-4194-99df-ab55ff22701c
8763f7bc-43af-4f62-9519-644d2782f213,7179207a-0cc9-48e0-87e1-8cd7d2f9f721,02fc8d0f-48ca-4ab5-95da-9f2f51d44e5b,4183103b-968c-4702-b346-2e0caa3bb384,b786cb0c-b120-4530-8f7d-bc11aa28d5d9,Strategy Meeting,Meeting about training workshop,2026-06-26T10:47:40.494279,2026-06-26T11:47:40.494279,,scheduled,2025-08-10T15:44:17.494297,e16f7e8e-9f87-481c-a95f-799224a1dd30
ed3bad05-235c-4936-915f-b51747fb13dc,7179207a-0cc9-48e0-87e1-8cd7d2f9f721,46cb662a-e863-4194-99df-ab55ff22701c,,,Budget Review,Meeting about onboarding session,2026-06-19T20:30:19.494304,2026-06-19T22:30:19.494304,Google Meet,cancelled,2026-02-06T08:22:44.494321,ded2cebc-b69e-4191-9d44-4929e9d428d1
ae7850a6-6d4a-4021-90f5-8c53456be067,7179207a-0cc9-48e0-87e1-8cd7d2f9f721,02fc8d0f-48ca-4ab5-95da-9f2f51d44e5b,,,Strategy Meeting,Meeting about support call,2026-10-26T08:25:18.494329,2026-10-26T09:55:18.494329,,completed,2026-06-16T20:46:03.494345,0002ada9-8f33-49a6-b9b4-7aa4a8a79084
6ff5d7d4-5c6e-4d7b-915a-df604f3f99e5,7179207a-0cc9-48e0-87e1-8cd7d2f9f721,8c00e028-41da-4e2c-91bf-e06c6f74595b,,d6a83a0e-d70b-4f48-ba5e-0b100b05894a,Client Check-in,Meeting about partnership discussion,2026-07-24T03:23:07.494352,2026-07-24T05:23:07.494352,Teams,scheduled,2026-01-16T08:43:01.494369,02fc8d0f-48ca-4ab5-95da-9f2f51d44e5b
2aed9992-30ee-4e03-abde-ddcc5afa32f7,7179207a-0cc9-48e0-87e1-8cd7d2f9f721,46cb662a-e863-4194-99df-ab55ff22701c,,314f4f89-abcf-4668-a81e-ecfdf2fb8733,Quarterly Review,Meeting about sales call,2026-05-08T17:36:16.494376,2026-05-08T19:36:16.494376,Zoom,no_show,2026-06-18T20:53:37.494402,7d137f66-8604-40bf-ba81-6af4667de5ac
eab8fa1b-b764-4559-b89b-7f3202928c58,7179207a-0cc9-48e0-87e1-8cd7d2f9f721,bebdbef1-3be2-4351-a13f-43e46af2a5a2,,,Onboarding Session,Meeting about quarterly review,2026-07-24T22:36:43.494410,2026-07-25T00:06:43.494410,Teams,cancelled,2025-12-27T16:25:39.494436,7d137f66-8604-40bf-ba81-6af4667de5ac
f4645b16-f261-4eef-9886-ee1727c35131,7179207a-0cc9-48e0-87e1-8cd7d2f9f721,ded2cebc-b69e-4191-9d44-4929e9d428d1,dc9e1134-fc2c-4ac0-8685-6e806e58cf0e,,Partnership Discussion,Meeting about strategy meeting,2026-08-08T19:29:30.494443,2026-08-08T19:59:30.494443,In Person,completed,2026-01-30T03:29:05.494462,46cb662a-e863-4194-99df-ab55ff22701c
e0ae1bea-0649-41b1-8f5b-851bf97737bc,7179207a-0cc9-48e0-87e1-8cd7d2f9f721,0002ada9-8f33-49a6-b9b4-7aa4a8a79084,9269ab74-45b4-4be0-8aea-5f6d0cb268b4,,Training Workshop,Meeting about sales call,2026-05-28T09:38:51.494473,2026-05-28T10:08:51.494473,Phone,completed,2025-12-03T13:28:41.494492,b76f0d06-487f-4c14-97a4-859d3404b661
cb362502-0b99-48ad-a223-c7d4afd0051d,7179207a-0cc9-48e0-87e1-8cd7d2f9f721,e16f7e8e-9f87-481c-a95f-799224a1dd30,,,Budget Review,Meeting about budget review,2026-10-15T20:31:36.494500,2026-10-15T22:31:36.494500,,scheduled,2026-07-19T04:54:31.494517,b76f0d06-487f-4c14-97a4-859d3404b661
ad461874-e2fa-484f-b2af-8d8d2431c1f3,7179207a-0cc9-48e0-87e1-8cd7d2f9f721,de2d46fb-a956-4b96-bc60-115ccf0715a6,6bfdc49e-0d49-49f0-929b-c23ae8b29f40,f2162b76-86c9-4ddb-b095-726aa1a7e0e3,Budget Review,Meeting about strategy meeting,2026-09-09T17:11:35.494525,2026-09-09T18:11:35.494525,Phone,scheduled,2025-09-08T08:01:11.494546,1773f9d2-3516-4ff5-9acc-3b6a7b2ce872
fc4397a1-ac78-4aae-ba12-8240a1e6cc2c,7179207a-0cc9-48e0-87e1-8cd7d2f9f721,02fc8d0f-48ca-4ab5-95da-9f2f51d44e5b,10942ec5-a0d2-4969-8b4f-4651749cf012,,Board Meeting,Meeting about support call,2026-08-10T22:12:20.494554,2026-08-11T00:12:20.494554,Phone,completed,2026-02-12T16:03:18.494573,0002ada9-8f33-49a6-b9b4-7aa4a8a79084
9c056098-3c3d-4161-a5ff-e037d913ea1b,7179207a-0cc9-48e0-87e1-8cd7d2f9f721,46cb662a-e863-4194-99df-ab55ff22701c,c59436d6-9d46-4ac4-971e-c0db480bfe7d,,Onboarding Session,Meeting about performance review,2026-06-09T10:58:20.494580,2026-06-09T11:43:20.494580,Zoom,completed,2026-01-28T22:41:35.494599,a120de43-c4d0-46d0-8c1a-3b6044216650
2214d5b0-66ea-474e-86bc-5e9951e09bff,7179207a-0cc9-48e0-87e1-8cd7d2f9f721,bebdbef1-3be2-4351-a13f-43e46af2a5a2,,,Project Update,Meeting about onboarding session,2026-07-25T13:58:41.494607,2026-07-25T14:43:41.494607,Teams,cancelled,2025-10-15T12:01:37.494624,7d137f66-8604-40bf-ba81-6af4667de5ac
7b88fc0d-f997-4cdb-bb59-94e8e4abf790,7179207a-0cc9-48e0-87e1-8cd7d2f9f721,ded2cebc-b69e-4191-9d44-4929e9d428d1,,c537430c-d45e-4235-89bb-c114eb5ae7e6,Support Call,Meeting about board meeting,2026-06-19T03:00:19.494631,2026-06-19T04:00:19.494631,,completed,2025-10-09T14:32:45.494649,1773f9d2-3516-4ff5-9acc-3b6a7b2ce872
c7529011-455e-4e01-8daa-504de1f0f5c5,7179207a-0cc9-48e0-87e1-8cd7d2f9f721,bebdbef1-3be2-4351-a13f-43e46af2a5a2,,,Quarterly Review,Meeting about client check-in,2026-09-30T13:51:32.494656,2026-09-30T14:51:32.494656,,scheduled,2026-04-27T20:00:43.494672,7d137f66-8604-40bf-ba81-6af4667de5ac
bcc412d6-07d5-4cbe-bbbd-dc1dc0fa9a44,7179207a-0cc9-48e0-87e1-8cd7d2f9f721,bebdbef1-3be2-4351-a13f-43e46af2a5a2,,,Onboarding Session,Meeting about product demo,2026-06-20T23:06:44.494679,2026-06-20T23:51:44.494679,Zoom,no_show,2025-11-28T21:43:37.494696,b76f0d06-487f-4c14-97a4-859d3404b661
534387de-a63b-4cfb-ac9d-37a2e5d657cb,7179207a-0cc9-48e0-87e1-8cd7d2f9f721,ece82b98-28d8-4c7e-94ba-1bb820731ba5,5ee9a993-154c-4c11-954d-42b5c3b730ba,,Board Meeting,Meeting about board meeting,2026-08-01T05:21:36.494703,2026-08-01T05:51:36.494703,In Person,completed,2025-12-13T09:34:37.494721,0002ada9-8f33-49a6-b9b4-7aa4a8a79084
30b246b6-a9aa-4ede-b0cf-a62ae568a5f2,7179207a-0cc9-48e0-87e1-8cd7d2f9f721,bebdbef1-3be2-4351-a13f-43e46af2a5a2,,,Support Call,Meeting about support call,2026-09-28T10:24:11.494734,2026-09-28T10:54:11.494734,,cancelled,2025-12-23T06:26:00.494759,34cd9ae9-7de1-4193-9109-53462c16ece9
4c17f902-b900-424e-b497-5cdbbc9660a5,7179207a-0cc9-48e0-87e1-8cd7d2f9f721,1773f9d2-3516-4ff5-9acc-3b6a7b2ce872,,335fd0a3-3e83-4581-ac23-947893b3f77e,Team Standup,Meeting about training workshop,2026-08-09T21:44:16.494766,2026-08-09T22:14:16.494766,,scheduled,2026-02-21T22:42:48.494785,ded2cebc-b69e-4191-9d44-4929e9d428d1
167916f4-0ad1-4ef5-9a95-9bba1df12854,7179207a-0cc9-48e0-87e1-8cd7d2f9f721,1773f9d2-3516-4ff5-9acc-3b6a7b2ce872,,,Partnership Discussion,Meeting about training workshop,2026-05-18T05:02:35.494792,2026-05-18T05:17:35.494792,Phone,no_show,2025-08-22T12:09:11.494810,34cd9ae9-7de1-4193-9109-53462c16ece9
19549aee-f205-420b-8507-89819bc1e1a5,7179207a-0cc9-48e0-87e1-8cd7d2f9f721,bebdbef1-3be2-4351-a13f-43e46af2a5a2,481e694d-0fcd-45e3-a120-37345e719557,,Onboarding Session,Meeting about training workshop,2026-05-20T06:29:45.494816,2026-05-20T06:59:45.494816,Google Meet,no_show,2025-08-19T13:59:26.494834,8c00e028-41da-4e2c-91bf-e06c6f74595b
1e10b1e9-77ce-486d-8996-cb80a89fcaf6,7179207a-0cc9-48e0-87e1-8cd7d2f9f721,e16f7e8e-9f87-481c-a95f-799224a1dd30,df687010-7f55-45f4-9d37-2b298116f009,,Performance Review,Meeting about team standup,2026-09-22T14:36:16.494841,2026-09-22T15:06:16.494841,,completed,2025-11-22T18:20:22.494859,8c00e028-41da-4e2c-91bf-e06c6f74595b
0ac8817f-c366-4a85-8ed1-10522b03711e,7179207a-0cc9-48e0-87e1-8cd7d2f9f721,bebdbef1-3be2-4351-a13f-43e46af2a5a2,,b667846b-a50e-4849-a837-3ef6fce335b6,Product Demo,Meeting about sales call,2026-07-13T01:31:36.494866,2026-07-13T01:46:36.494866,Teams,cancelled,2025-09-13T06:56:35.494884,7d137f66-8604-40bf-ba81-6af4667de5ac
b23f0aa4-77e4-4b89-bdab-fdbba12e770a,7179207a-0cc9-48e0-87e1-8cd7d2f9f721,ece82b98-28d8-4c7e-94ba-1bb820731ba5,18496ed9-d8c8-4a3a-80c5-0ddf6a99a6e9,,Budget Review,Meeting about training workshop,2026-07-29T19:43:01.494891,2026-07-29T20:13:01.494891,Zoom,scheduled,2025-12-02T19:59:33.494910,e52849ba-01bf-4e30-a6ad-e02749ff23a9
